{
  "mode": "neo",
  "size": [
    1920,
    816
  ],
  "output_fps": 52.48563022172891,
  "decode_ms": 0.0013429945000189036,
  "infer_ms": 0.03676021000000219,
  "cpu_process_pct": 15.066666666666668,
  "cpu_system_pct": 41.6
}