{
  "mode": "baseline",
  "size": [
    1920,
    816
  ],
  "output_fps": 28.560849836654835,
  "decode_ms": 0.02450825350001196,
  "infer_ms": 0.04551458049999382,
  "cpu_process_pct": 16.066666666666666,
  "cpu_system_pct": 46.2
}