{
  "mode": "baseline",
  "in": [
    640,
    480
  ],
  "out": [
    640,
    480
  ],
  "fps": 10.091153388561626,
  "decode_ms": 0.0030847400001221105,
  "infer_ms": 0.09600750999979937,
  "pcie_bytes_per_frame": 7372800,
  "cpu_process_pct": 16.666666666666668,
  "cpu_system_pct": 42.4
}