step,layer,experts...
23,0,177,47,235,81,115,187,132,158
23,1,112,250,11,224,233,118,205,244
23,2,158,10,109,100,93,145,34,121
23,3,214,225,37,94,25,234,117,133
23,4,222,142,154,15,102,108,129,30
23,5,186,193,151,65,158,218,88,110
23,6,138,79,167,196,153,232,157,156
23,7,36,117,147,218,184,119,64,35
23,8,107,191,28,239,164,234,56,52
23,9,95,2,239,102,203,164,191,94
23,10,198,130,169,247,187,12,124,81
23,11,189,94,108,128,206,145,107,14
23,12,107,205,74,26,133,63,132,93
23,13,47,43,147,175,156,41,30,48
23,14,251,16,137,124,52,178,75,42
23,15,22,165,84,81,207,239,9,118
23,16,233,5,123,229,196,130,249,152
23,17,250,147,50,87,35,61,64,115
23,18,57,197,21,134,13,126,12,163
23,19,20,116,26,109,111,42,155,68
23,20,201,28,239,115,19,116,191,234
23,21,2,203,95,44,164,43,102,191
23,22,198,169,124,65,243,125,130,143
23,23,206,128,108,189,107,82,94,14
23,24,74,93,221,1,107,26,63,220
23,25,182,134,47,147,26,48,175,43
23,26,137,16,103,32,51,124,160,159
23,27,165,87,58,162,181,22,172,84
23,28,233,229,130,43,123,113,80,111
23,29,87,0,248,147,250,64,3,153
23,30,21,134,197,163,70,30,179,28
23,31,20,106,155,116,75,109,154,251
23,32,119,90,134,112,176,8,2,252
23,33,127,93,29,38,183,238,129,92
23,34,85,26,61,1,235,207,82,225
23,35,57,42,145,72,40,30,203,255
23,36,29,120,31,70,75,20,83,229
23,37,182,104,184,37,190,31,219,39
23,38,209,241,95,103,27,151,148,249
23,39,162,115,154,110,46,190,38,243
24,0,77,37,138,184,173,238,75,232
24,1,112,172,250,147,214,224,129,19
24,2,49,219,217,158,11,153,29,60
24,3,224,94,6,61,87,69,182,225
24,4,195,200,129,163,27,233,108,88
24,5,110,65,86,71,188,127,43,158
24,6,133,143,138,203,169,112,22,226
24,7,125,35,208,184,183,65,229,117
24,8,141,224,191,98,20,19,29,28
24,9,2,20,36,102,255,243,66,247
24,10,243,157,185,65,247,125,198,150
24,11,150,89,128,206,108,160,204,47
24,12,145,221,60,220,209,1,0,199
24,13,202,66,182,89,44,175,243,134
24,14,189,103,28,137,125,32,88,105
24,15,229,244,185,165,61,58,242,46
24,16,163,38,60,28,252,229,35,141
24,17,248,208,64,5,87,22,167,198
24,18,134,213,43,2,203,254,197,124
24,19,36,121,195,167,20,41,201,56
24,20,175,106,224,99,141,173,116,19
24,21,170,2,18,43,95,200,121,201
24,22,48,243,65,185,125,35,176,247
24,23,150,239,128,160,206,16,143,89
24,24,60,145,0,235,221,53,193,127
24,25,243,185,182,44,89,78,202,149
24,26,88,103,229,28,12,137,189,140
24,27,229,185,242,165,183,61,228,46
24,28,163,229,205,92,75,57,60,28
24,29,22,46,248,208,241,247,87,111
24,30,134,126,43,201,15,161,166,197
24,31,36,121,26,201,20,167,154,172
24,32,112,250,53,2,95,35,160,43
24,33,127,164,52,92,9,83,30,43
24,34,63,26,85,186,1,113,92,105
24,35,43,42,72,57,84,86,22,174
24,36,45,75,201,14,83,120,73,20
24,37,72,206,138,182,23,211,39,219
24,38,209,103,120,249,151,104,248,231
24,39,238,162,222,21,10,228,159,148
25,0,81,115,132,158,177,47,206,208
25,1,112,224,250,19,172,233,86,118
25,2,106,129,41,158,11,49,95,153
25,3,37,214,225,94,41,25,124,199
25,4,58,154,129,88,222,165,30,219
25,5,218,65,86,127,71,88,44,110
25,6,7,138,65,169,22,112,143,226
25,7,229,14,208,36,184,35,117,147
25,8,180,4,224,191,99,164,239,56
25,9,239,2,59,197,255,161,95,170
25,10,196,185,125,65,243,157,247,39
25,11,160,108,99,206,19,128,89,150
25,12,145,60,193,223,221,93,220,151
25,13,103,182,134,89,175,243,202,220
25,14,103,189,28,137,51,125,32,105
25,15,229,58,185,165,242,46,244,61
25,16,163,38,28,60,252,130,40,229
25,17,46,248,87,64,5,208,0,35
25,18,254,43,134,195,213,197,253,15
25,19,121,36,116,20,195,167,173,166
25,20,224,116,141,173,237,56,191,150
25,21,239,2,170,197,95,255,191,18
25,22,243,125,65,176,185,25,35,188
25,23,206,128,160,108,19,86,9,233
25,24,60,151,221,93,145,85,193,18
25,25,182,243,103,185,202,134,89,212
25,26,103,88,28,105,137,189,226,32
25,27,185,242,165,58,87,229,46,23
25,28,17,229,61,163,35,60,238,40
25,29,46,111,87,0,22,248,198,208
25,30,163,43,134,89,15,254,203,85
25,31,121,20,57,116,36,75,26,154
25,32,112,119,90,252,53,181,134,160
25,33,43,92,210,52,127,93,164,129
25,34,26,92,85,132,1,133,82,51
25,35,72,42,57,84,119,18,160,204
25,36,20,45,222,83,73,221,192,66
25,37,72,182,39,138,88,69,233,206
25,38,120,249,151,103,209,109,134,200
25,39,162,238,107,221,222,170,21,211
26,0,173,43,238,200,30,95,140,160
26,1,112,19,86,224,129,147,250,172
26,2,49,11,219,106,60,153,188,217
26,3,94,38,182,69,163,214,126,234
26,4,195,58,88,129,154,192,235,196
26,5,86,65,218,127,158,110,205,73
26,6,226,138,22,169,143,203,60,68
26,7,35,125,14,229,208,36,111,65
26,8,99,191,224,20,77,98,19,123
26,9,2,59,255,170,20,36,243,102
26,10,65,243,185,125,157,196,27,247
26,11,160,206,108,128,150,89,47,106
26,12,223,145,220,199,221,60,128,93
26,13,134,182,243,202,175,66,89,154
26,14,137,189,103,28,51,32,64,125
26,15,87,229,165,242,58,185,4,46
26,16,60,163,229,252,28,43,9,130
26,17,87,64,0,248,5,35,15,198
26,18,134,197,43,163,13,254,204,195
26,19,20,116,121,167,109,215,36,195
26,20,116,239,56,115,19,28,77,106
26,21,2,197,191,43,255,164,170,239
26,22,125,243,176,65,185,150,36,196
26,23,206,9,128,108,160,74,86,150
26,24,151,221,93,107,220,60,74,145
26,25,182,134,154,202,66,32,147,48
26,26,103,137,159,32,51,16,105,10
26,27,87,165,58,172,185,242,181,162
26,28,233,229,43,150,80,111,238,35
26,29,0,87,250,248,5,124,64,16
26,30,134,163,197,43,226,13,179,170
26,31,20,116,109,205,154,75,167,4
26,32,90,112,119,252,134,192,2,53
26,33,92,83,43,93,127,210,183,129
26,34,26,1,85,186,92,86,96,132
26,35,42,57,84,72,145,160,108,174
26,36,83,120,20,221,70,73,14,45
26,37,72,182,190,138,104,31,29,58
26,38,209,75,95,249,103,241,148,190
26,39,238,228,10,46,115,222,87,38
27,0,200,81,140,158,115,208,132,206
27,1,182,233,19,118,82,42,11,250
27,2,172,106,49,153,95,158,217,41
27,3,94,214,233,117,199,25,37,225
27,4,154,58,102,142,129,30,15,165
27,5,158,65,43,127,88,110,205,218
27,6,138,79,22,143,196,65,133,226
27,7,117,35,14,147,229,36,123,64
27,8,77,239,56,180,19,191,28,4
27,9,2,203,239,36,191,13,197,102
27,10,65,243,157,196,125,88,185,187
27,11,108,206,128,106,160,107,42,14
27,12,93,107,220,223,221,145,74,53
27,13,134,175,182,154,138,160,48,112
27,14,52,16,137,32,51,159,64,148
27,15,22,165,87,162,148,58,172,232
27,16,233,229,43,123,252,170,130,28
27,17,87,0,5,64,147,250,35,50
27,18,197,87,21,13,134,163,70,170
27,19,20,109,116,167,155,215,106,251
27,20,239,116,13,186,115,201,19,28
27,21,2,43,191,203,13,89,197,4
27,22,243,125,35,150,176,198,157,65
27,23,128,206,94,107,42,62,106,189
27,24,93,220,107,221,1,74,151,54
27,25,182,48,134,249,122,30,70,147
27,26,137,32,51,16,89,103,251,159
27,27,87,165,22,118,172,84,181,58
27,28,233,229,43,222,123,167,206,200
27,29,0,87,250,5,231,147,240,3
27,30,70,21,197,231,163,179,28,189
27,31,216,155,116,106,20,109,251,185
27,32,119,134,90,176,186,106,96,171
27,33,93,29,183,38,238,171,127,10
27,34,82,85,207,61,235,180,171,173
27,35,57,145,40,255,100,161,30,73
27,36,70,120,29,31,181,42,244,84
27,37,37,182,104,31,87,190,184,102
27,38,95,27,157,244,241,71,148,75
27,39,110,69,243,38,115,61,12,220
28,0,107,181,43,82,99,83,106,206
28,1,19,118,117,224,112,86,242,132
28,2,49,133,11,217,60,188,255,80
28,3,214,234,219,94,246,90,19,225
28,4,30,88,154,74,242,118,195,25
28,5,5,44,46,174,158,205,110,69
28,6,68,138,65,183,42,196,14,22
28,7,210,1,146,147,95,119,130,10
28,8,180,239,56,77,201,19,248,28
28,9,13,105,217,2,43,197,4,102
28,10,68,196,157,228,194,243,65,185
28,11,64,107,27,108,94,239,128,106
28,12,107,220,1,155,57,234,22,181
28,13,48,164,41,30,122,112,138,175
28,14,251,16,42,89,51,178,52,61
28,15,22,118,239,84,165,162,87,142
28,16,233,206,123,249,167,229,161,30
28,17,231,26,205,3,5,23,50,147
28,18,28,21,70,189,231,165,197,211
28,19,216,181,155,106,237,175,109,251
28,20,236,13,248,239,184,43,186,215
28,21,43,4,236,217,89,13,242,162
28,22,68,128,228,15,97,35,157,181
28,23,64,212,94,107,27,131,240,69
28,24,107,57,155,46,36,172,234,72
28,25,249,48,164,122,70,207,241,30
28,26,89,152,174,238,141,251,172,16
28,27,22,118,186,209,239,84,222,5
28,28,222,233,8,241,30,167,226,21
28,29,26,240,232,3,231,180,188,205
28,30,70,231,55,157,159,21,235,189
28,31,237,216,251,185,179,245,40,155
28,32,224,42,176,243,171,126,91,32
28,33,179,201,156,171,38,12,248,10
28,34,49,217,196,235,47,70,173,59
28,35,40,100,210,224,73,201,255,161
28,36,24,255,42,57,244,223,139,58
28,37,50,87,102,14,83,37,45,210
28,38,146,157,244,44,114,75,15,162
28,39,85,177,13,220,61,14,252,89
29,0,55,109,177,31,231,24,151,75
29,1,70,236,42,226,175,178,8,117
29,2,221,157,58,3,133,228,126,77
29,3,234,16,197,44,66,32,63,167
29,4,243,30,169,178,80,82,63,137
29,5,5,48,116,75,139,225,181,66
29,6,108,149,201,9,25,27,104,189
29,7,220,146,1,130,94,95,151,83
29,8,236,68,124,248,9,201,183,13
29,9,4,242,52,196,162,24,111,231
29,10,15,181,67,228,239,103,140,153
29,11,212,240,94,37,190,6,146,68
29,12,172,234,107,72,57,36,61,215
29,13,48,249,122,193,207,230,196,163
29,14,174,152,79,89,251,141,42,237
29,15,22,118,209,186,18,239,43,211
29,16,226,21,222,241,30,233,90,167
29,17,206,240,19,31,12,231,205,232
29,18,231,70,238,210,157,243,178,206
29,19,251,247,5,216,155,185,206,245
29,20,236,248,13,45,124,46,149,215
29,21,242,4,52,89,236,162,80,43
29,22,15,228,146,109,67,140,194,239
29,23,212,190,37,146,240,69,113,94
29,24,155,72,172,61,166,107,210,36
29,25,48,249,230,193,155,196,163,122
29,26,174,89,152,238,79,13,237,206
29,27,18,7,22,118,211,186,209,43
29,28,226,222,21,56,233,167,8,206
29,29,240,19,206,12,3,232,55,31
29,30,231,70,90,210,209,243,238,55
29,31,251,185,60,216,71,155,179,5
29,32,92,22,243,176,48,62,85,144
29,33,185,102,171,38,3,139,12,224
29,34,175,94,249,70,64,18,146,48
29,35,161,85,117,40,2,201,100,185
29,36,37,79,202,42,44,138,195,67
29,37,196,83,87,43,60,162,45,161
29,38,132,201,167,114,15,87,244,163
29,39,66,44,220,215,246,61,99,1
30,0,188,172,63,127,111,11,121,202
30,1,232,117,43,198,66,42,123,118
30,2,23,164,162,116,105,141,40,110
30,3,234,55,116,171,20,239,30,177
30,4,12,30,82,71,215,112,74,164
30,5,253,169,5,92,181,249,116,118
30,6,149,42,108,235,178,115,73,142
30,7,56,210,146,1,220,83,240,95
30,8,207,13,65,201,248,124,186,45
30,9,239,4,242,96,231,133,13,14
30,10,15,24,153,67,239,140,31,114
30,11,114,212,107,240,190,94,250,113
30,12,155,132,107,210,172,46,234,1
30,13,48,249,38,230,196,207,122,163
30,14,174,79,152,235,89,251,206,42
30,15,22,44,186,118,239,197,142,211
30,16,167,226,21,90,233,222,180,123
30,17,240,12,50,197,23,206,31,7
30,18,231,70,165,210,238,190,243,21
30,19,65,5,71,155,245,216,58,175
30,20,45,13,120,149,236,124,248,215
30,21,242,239,220,4,96,80,89,14
30,22,15,24,31,140,51,114,174,194
30,23,113,114,250,190,212,94,208,240
30,24,132,72,7,107,121,1,61,29
30,25,48,249,163,51,196,193,22,38
30,26,13,174,206,89,79,152,186,220
30,27,44,7,22,142,211,118,186,207
30,28,21,226,167,99,222,233,128,90
30,29,206,218,7,50,55,240,181,12
30,30,70,243,210,4,11,231,165,188
30,31,71,185,91,65,251,199,252,155
30,32,62,221,246,102,48,201,177,18
30,33,121,107,28,58,3,224,38,248
30,34,95,81,208,70,64,56,171,188
30,35,196,161,2,219,236,98,20,111
30,36,195,202,0,246,42,152,139,211
30,37,161,174,83,60,87,45,43,220
30,38,201,234,9,167,15,162,114,44
30,39,1,92,250,246,220,183,23,252
31,0,65,223,86,2,84,157,29,41
31,1,221,42,117,105,228,153,63,213
31,2,230,23,110,201,236,94,178,101
31,3,234,177,15,30,218,239,44,155
31,4,71,30,37,12,164,231,82,112
31,5,254,67,253,169,225,100,5,213
31,6,178,235,115,73,142,42,27,134
31,7,56,16,210,95,1,146,240,243
31,8,13,207,65,103,242,248,124,214
31,9,96,14,4,105,242,98,128,133
31,10,31,15,114,24,218,159,140,17
31,11,250,109,114,17,216,236,107,151
31,12,132,206,7,234,155,107,46,12
31,13,48,38,124,249,41,30,76,156
31,14,235,89,174,152,251,206,79,42
31,15,22,44,197,186,118,211,43,239
31,16,180,167,226,90,237,233,222,123
31,17,50,197,240,12,213,23,31,71
31,18,231,70,165,11,188,190,210,12
31,19,178,65,71,155,216,5,245,58
31,20,13,45,120,201,124,248,149,207
31,21,14,242,220,89,80,96,4,192
31,22,31,15,51,140,17,114,24,218
31,23,109,250,113,156,216,114,208,190
31,24,132,29,206,7,121,72,95,172
31,25,48,38,51,196,163,249,156,246
31,26,13,174,206,220,186,241,79,89
31,27,44,7,211,142,40,22,118,207
31,28,226,21,167,128,99,222,90,211
31,29,213,206,55,181,50,7,240,12
31,30,243,70,4,11,210,237,178,165
31,31,71,185,91,65,68,199,5,251
31,32,62,75,102,116,246,221,177,18
31,33,161,28,107,3,198,121,182,248
31,34,205,56,81,95,64,70,208,249
31,35,196,132,161,2,219,85,20,94
31,36,251,202,55,246,152,195,139,42
31,37,161,174,83,60,43,67,135,87
31,38,234,201,9,44,30,167,124,162
31,39,166,246,1,220,92,183,250,72
32,0,250,102,194,69,46,52,40,170
32,1,188,157,206,105,88,15,203,221
32,2,104,183,235,23,131,0,230,127
32,3,213,234,15,95,63,241,2,101
32,4,71,37,12,215,112,180,30,231
32,5,67,254,169,253,14,100,5,31
32,6,178,2,142,235,73,42,115,123
32,7,56,4,210,228,146,95,10,1
32,8,103,207,13,65,124,242,7,12
32,9,96,4,14,231,242,105,239,133
32,10,15,24,153,31,140,218,7,114
32,11,250,212,216,190,109,113,114,8
32,12,172,183,234,132,12,233,72,46
32,13,196,48,249,193,163,23,62,174
32,14,79,152,174,33,13,237,99,15
32,15,211,43,22,118,186,44,201,209
32,16,226,21,180,167,222,90,128,30
32,17,12,240,31,55,138,197,190,206
32,18,210,231,178,70,11,243,188,4
32,19,5,245,46,58,185,65,71,159
32,20,45,236,13,230,149,248,134,67
32,21,163,80,242,89,231,133,91,216
32,22,15,24,140,51,31,103,67,153
32,23,190,212,109,216,79,28,114,101
32,24,219,7,183,37,72,236,172,173
32,25,48,196,193,67,23,166,163,249
32,26,174,237,13,79,153,33,152,220
32,27,7,211,40,118,186,22,43,44
32,28,21,226,222,128,207,167,161,249
32,29,206,55,213,240,12,157,218,7
32,30,70,4,210,243,11,188,231,178
32,31,185,199,71,65,91,225,251,126
32,32,62,221,116,102,246,177,18,75
32,33,182,107,3,121,28,161,248,244
32,34,205,81,70,56,64,208,95,171
32,35,161,132,196,219,98,2,236,20
32,36,202,246,152,42,139,195,211,11
32,37,161,174,83,60,87,45,135,43
32,38,201,234,167,9,114,162,44,30
32,39,220,92,250,1,246,183,252,125
33,0,177,78,223,75,55,224,120,20
33,1,223,1,153,5,155,197,117,105
33,2,230,228,110,86,157,215,42,150
33,3,155,16,63,90,234,215,239,53
33,4,169,71,94,30,73,82,12,93
33,5,6,225,187,169,92,181,116,66
33,6,123,92,235,108,178,115,2,219
33,7,0,243,84,250,228,173,220,95
33,8,47,124,236,134,181,183,45,70
33,9,242,4,133,96,80,162,181,220
33,10,15,109,153,103,140,239,117,67
33,11,153,216,113,190,208,212,8,240
33,12,72,236,95,47,61,29,172,170
33,13,196,193,249,48,23,116,163,83
33,14,13,79,174,33,237,152,192,34
33,15,211,178,7,123,44,201,22,105
33,16,21,226,222,128,230,83,180,86
33,17,206,240,55,12,197,138,190,31
33,18,4,210,70,243,231,178,238,11
33,19,60,65,5,58,46,1,216,213
33,20,45,149,13,47,248,101,38,236
33,21,80,96,220,242,89,216,163,91
33,22,0,140,15,103,252,218,216,5
33,23,113,153,216,190,212,208,240,68
33,24,29,72,236,47,172,37,173,219
33,25,48,196,193,116,155,249,38,23
33,26,174,13,89,79,220,237,153,206
33,27,7,44,40,248,22,118,142,178
33,28,21,226,230,233,222,83,90,82
33,29,55,206,174,236,240,12,49,181
33,30,243,4,70,69,210,238,11,231
33,31,60,185,71,106,251,65,216,46
33,32,195,86,126,58,91,177,248,62
33,33,250,198,37,36,176,97,185,38
33,34,249,255,61,90,212,80,30,187
33,35,121,49,145,161,44,196,100,219
33,36,147,21,228,0,11,42,29,8
33,37,244,214,184,83,62,220,193,37
33,38,43,95,241,141,197,156,254,24
33,39,5,127,66,83,252,209,251,142
34,0,52,220,54,209,159,240,234,17
34,1,223,105,155,5,255,21,197,8
34,2,230,86,150,92,110,157,212,104
34,3,155,234,215,63,213,90,66,239
34,4,169,94,30,71,164,82,18,12
34,5,187,225,16,253,92,6,115,116
34,6,178,123,235,92,2,25,136,142
34,7,0,243,181,84,173,95,228,150
34,8,124,236,13,70,45,134,183,248
34,9,242,4,133,96,14,80,43,220
34,10,15,103,140,5,218,239,153,117
34,11,153,212,216,113,190,250,240,103
34,12,72,95,172,219,132,234,7,236
34,13,196,48,249,116,193,163,38,23
34,14,174,13,79,237,152,33,192,99
34,15,22,44,211,118,186,7,43,40
34,16,21,226,167,222,90,180,30,233
34,17,240,12,206,55,197,31,190,50
34,18,4,231,70,210,243,11,178,238
34,19,216,46,60,65,58,185,5,71
34,20,45,13,149,124,248,236,38,215
34,21,80,220,96,89,163,236,242,17
34,22,140,0,15,103,5,97,30,51
34,23,113,153,68,190,240,212,216,101
34,24,72,29,219,107,172,1,7,170
34,25,48,249,122,196,116,163,193,207
34,26,174,89,237,13,152,79,206,220
34,27,118,7,40,22,248,44,234,236
34,28,21,226,8,230,222,199,54,167
34,29,174,55,236,240,23,12,206,31
34,30,243,4,70,69,157,231,210,189
34,31,60,185,106,216,251,46,71,65
34,32,195,86,126,243,91,199,177,176
34,33,37,97,171,29,94,38,185,36
34,34,61,90,212,109,187,114,255,28
34,35,145,30,49,100,206,73,159,20
34,36,29,31,234,0,147,11,42,136
34,37,184,220,37,84,83,193,4,87
34,38,241,95,228,162,44,244,31,22
34,39,115,23,213,252,241,224,145,16
35,0,254,191,120,230,139,75,149,214
35,1,255,167,143,153,214,118,44,0
35,2,223,42,187,107,5,170,157,88
35,3,234,163,108,51,16,44,147,22
35,4,206,178,30,194,198,117,217,129
35,5,24,64,5,46,48,149,19,139
35,6,250,254,223,71,162,128,195,58
35,7,130,38,83,217,1,210,149,95
35,8,202,28,19,201,207,236,88,43
35,9,252,43,192,117,193,52,234,105
35,10,73,42,20,92,201,221,25,194
35,11,254,154,94,135,40,201,107,56
35,12,107,18,84,36,121,234,55,200
35,13,244,122,118,48,30,226,41,110
35,14,251,16,178,89,235,186,66,219
35,15,22,219,101,188,84,135,95,203
35,16,233,200,161,123,167,90,6,249
35,17,130,10,32,147,214,205,23,191
35,18,9,222,21,12,28,25,127,211
35,19,106,155,175,118,102,181,37,38
35,20,202,13,201,28,124,236,186,211
35,21,192,252,43,89,13,105,117,4
35,22,42,73,20,92,35,221,252,38
35,23,154,254,94,107,71,118,212,135
35,24,84,18,107,121,57,234,55,1
35,25,244,48,118,124,30,122,41,156
35,26,89,178,186,251,206,235,174,188
35,27,95,22,188,239,118,84,219,234
35,28,200,161,167,233,8,206,249,114
35,29,10,214,205,32,23,231,3,173
35,30,243,70,127,116,189,108,4,211
35,31,185,118,37,251,102,175,155,181
35,32,28,26,209,212,91,126,8,18
35,33,225,29,38,177,133,197,151,36
35,34,6,90,163,120,164,61,171,28
35,35,9,100,49,30,20,80,242,73
35,36,11,42,147,29,227,31,136,139
35,37,83,56,37,184,193,109,87,45
35,38,162,44,95,244,15,250,14,131
35,39,252,115,219,220,15,61,197,14
36,0,57,146,88,247,87,215,11,45
36,1,29,111,239,118,17,117,0,205
36,2,40,164,111,207,31,70,199,97
36,3,234,19,199,51,70,63,47,102
36,4,30,198,126,82,3,156,129,32
36,5,24,19,174,144,253,5,181,225
36,6,123,115,250,178,92,235,2,9
36,7,129,243,1,228,210,217,4,146
36,8,124,68,207,13,12,202,7,65
36,9,4,220,69,192,14,242,162,80
36,10,68,140,73,15,42,30,5,174
36,11,113,250,212,154,216,254,28,208
36,12,84,181,18,234,121,179,132,107
36,13,48,164,163,196,116,249,41,30
36,14,174,13,206,79,89,235,251,152
36,15,203,22,241,118,186,44,7,211
36,16,21,226,222,167,90,149,52,123
36,17,26,240,206,181,55,12,23,231
36,18,243,70,4,231,210,238,222,9
36,19,65,46,185,102,106,155,251,216
36,20,149,13,45,124,236,5,67,227
36,21,220,4,236,148,89,192,216,242
36,22,68,140,30,15,103,97,143,200
36,23,113,210,101,212,64,240,190,207
36,24,29,72,121,18,107,181,179,182
36,25,163,164,48,193,196,249,116,122
36,26,13,174,89,206,69,79,237,186
36,27,7,203,40,118,22,234,10,219
36,28,21,226,8,199,206,140,222,161
36,29,55,174,26,23,181,240,205,206
36,30,243,4,70,189,210,231,69,9
36,31,60,185,251,65,46,155,102,107
36,32,224,177,61,126,197,91,212,89
36,33,177,96,38,156,217,248,185,12
36,34,49,217,90,15,30,196,173,213
36,35,100,242,224,219,73,60,214,123
36,36,42,11,255,24,193,239,57,139
36,37,158,14,50,7,83,87,45,37
36,38,162,14,146,15,39,44,250,40
36,39,252,220,13,85,61,177,15,62
37,0,180,55,70,31,231,47,152,138
37,1,111,239,117,42,70,67,105,22
37,2,212,199,185,5,3,249,45,40
37,3,234,63,247,66,44,7,197,19
37,4,178,30,169,180,243,225,44,63
37,5,225,187,19,118,181,116,232,16
37,6,123,115,9,178,250,146,201,134
37,7,129,84,1,220,0,228,38,217
37,8,124,68,149,13,207,28,236,181
37,9,220,4,225,242,80,192,216,162
37,10,15,140,30,103,174,5,67,59
37,11,113,212,240,190,94,216,182,147
37,12,61,234,107,29,181,182,236,121
37,13,48,196,249,163,193,30,41,195
37,14,13,174,79,206,89,152,82,251
37,15,22,7,118,186,105,211,40,234
37,16,21,226,82,42,167,52,222,193
37,17,240,55,12,190,206,181,174,71
37,18,243,4,70,231,11,190,210,168
37,19,65,155,185,58,46,102,213,126
37,20,149,13,45,124,5,236,67,176
37,21,220,89,4,192,80,190,162,216
37,22,216,30,140,15,103,146,5,168
37,23,113,201,212,190,116,59,37,216
37,24,7,128,61,11,121,182,72,29
37,25,48,116,249,196,193,163,41,54
37,26,13,174,89,203,153,206,237,210
37,27,7,40,44,22,10,118,76,105
37,28,21,226,193,82,128,206,233,78
37,29,55,88,240,174,181,206,21,61
37,30,4,70,50,243,11,162,178,151
37,31,28,60,185,65,71,155,46,230
37,32,179,86,85,177,126,109,176,62
37,33,36,104,185,3,139,38,102,177
37,34,90,44,28,146,240,238,30,70
37,35,49,161,219,148,98,123,190,220
37,36,147,227,42,115,39,11,139,202
37,37,83,27,15,193,7,78,87,45
37,38,162,15,44,215,40,14,167,119
37,39,252,158,220,15,72,61,75,179
38,0,117,233,226,128,171,11,90,245
38,1,232,117,13,120,158,43,66,81
38,2,107,9,26,212,146,242,164,22
38,3,91,192,234,170,15,122,221,128
38,4,139,55,180,63,123,82,8,30
38,5,225,27,6,253,19,187,181,114
38,6,178,123,115,90,92,235,2,3
38,7,181,243,44,84,210,1,129,0
38,8,124,112,120,149,201,45,12,13
38,9,19,220,4,178,96,14,80,133
38,10,15,163,140,5,103,30,153,7
38,11,113,116,18,142,208,212,216,250
38,12,95,206,67,61,29,152,182,236
38,13,48,249,200,193,196,116,163,247
38,14,13,174,38,79,206,34,40,237
38,15,99,7,105,40,211,22,201,123
38,16,21,78,226,180,128,52,20,222
38,17,55,206,240,155,190,181,12,7
38,18,4,243,70,11,238,188,190,231
38,19,65,58,71,55,91,185,5,46
38,20,149,45,176,13,124,248,112,5
38,21,220,80,19,216,91,242,89,43
38,22,163,103,15,140,30,254,67,253
38,23,113,142,18,101,240,212,130,208
38,24,72,236,107,29,67,182,172,36
38,25,193,48,196,247,249,23,241,54
38,26,13,174,89,237,79,206,152,220
38,27,7,99,40,142,211,10,22,118
38,28,21,83,226,206,52,199,78,125
38,29,55,206,174,240,155,181,102,138
38,30,4,70,238,243,190,210,178,6
38,31,28,71,185,155,60,46,251,65
38,32,17,89,126,177,176,194,243,102
38,33,105,185,12,38,214,117,94,168
38,34,146,12,187,58,19,54,209,70
38,35,161,123,98,219,100,132,242,111
38,36,253,42,0,57,139,8,130,11
38,37,83,220,7,84,87,164,90,37
38,38,136,14,162,15,167,44,40,114
38,39,23,252,220,61,16,15,68,201
39,0,181,82,251,107,99,39,255,245
39,1,117,89,95,166,237,84,220,9
39,2,13,159,125,233,26,95,191,1
39,3,109,234,216,227,137,158,180,242
39,4,55,180,82,139,123,105,30,60
39,5,232,3,174,225,114,172,6,142
39,6,123,178,115,3,114,9,108,92
39,7,243,84,220,1,19,228,146,139
39,8,112,124,248,45,149,242,176,68
39,9,19,220,4,80,242,178,216,133
39,10,15,68,103,140,30,163,127,107
39,11,64,113,135,212,94,240,42,18
39,12,107,57,172,234,36,67,133,233
39,13,48,30,164,156,41,122,82,249
39,14,251,152,42,89,199,174,186,156
39,15,22,239,118,9,84,142,186,234
39,16,241,123,8,74,90,233,30,222
39,17,191,180,231,23,3,147,50,205
39,18,231,28,222,21,165,189,70,157
39,19,216,179,175,181,155,7,106,21
39,20,236,13,248,183,215,9,68,211
39,21,111,43,139,52,244,89,162,242
39,22,128,85,160,181,97,68,200,15
39,23,80,131,212,94,240,64,68,190
39,24,57,107,36,233,234,230,66,200
39,25,249,122,48,207,241,164,70,244
39,26,152,89,174,141,1,70,250,40
39,27,22,118,222,10,99,209,26,239
39,28,30,222,241,233,8,90,21,232
39,29,26,232,180,150,240,128,3,155
39,30,55,4,70,238,235,243,231,165
39,31,237,216,185,155,28,14,46,230
39,32,224,126,176,101,197,243,177,37
39,33,201,179,105,185,156,12,38,117
39,34,146,217,49,58,213,28,30,209
39,35,224,161,98,219,242,123,100,7
39,36,255,24,42,57,139,11,239,130
39,37,83,14,50,7,87,158,37,45
39,38,146,14,162,44,15,167,126,40
39,39,252,85,177,13,220,61,62,15
40,0,109,224,55,24,162,152,31,175
40,1,226,236,42,190,154,117,22,105
40,2,13,159,221,237,3,95,5,212
40,3,234,197,247,66,132,241,218,175
40,4,243,30,180,169,73,63,204,47
40,5,3,225,172,187,66,5,19,6
40,6,186,178,114,115,161,129,123,70
40,7,220,253,84,0,1,66,130,4
40,8,124,68,45,149,248,176,236,201
40,9,220,14,4,80,242,216,43,210
40,10,15,103,57,204,5,59,143,107
40,11,113,212,248,240,142,207,94,116
40,12,181,234,95,107,61,67,182,136
40,13,48,230,193,196,249,100,163,241
40,14,40,174,13,79,206,38,69,89
40,15,7,22,40,99,211,142,118,9
40,16,21,78,226,167,233,190,137,90
40,17,55,240,206,174,7,232,181,143
40,18,4,70,243,11,238,190,36,210
40,19,28,55,58,65,155,71,46,251
40,20,45,149,124,248,13,176,236,5
40,21,220,80,89,91,242,43,162,4
40,22,103,15,30,254,143,168,107,204
40,23,113,85,240,212,68,248,207,6
40,24,107,72,172,36,173,236,183,29
40,25,193,48,249,196,241,247,179,230
40,26,40,174,13,237,89,79,146,152
40,27,7,40,142,118,221,211,43,10
40,28,83,21,226,222,90,199,190,78
40,29,55,174,232,138,181,240,102,206
40,30,70,4,238,243,36,210,206,231
40,31,71,185,155,28,250,216,251,46
40,32,176,85,126,94,243,61,76,177
40,33,102,185,95,12,248,11,3,38
40,34,146,94,72,209,19,70,47,235
40,35,123,111,161,131,92,100,98,217
40,36,42,139,130,116,58,84,193,11
40,37,87,84,7,83,45,37,210,220
40,38,14,167,162,114,3,15,157,244
40,39,252,165,220,61,15,146,14,179
41,0,226,96,247,80,198,171,11,128
41,1,236,2,52,117,169,104,220,109
41,2,237,124,13,254,159,115,23,174
41,3,188,2,221,132,234,170,242,122
41,4,119,123,82,105,63,228,30,180
41,5,225,114,61,3,172,187,6,181
41,6,16,115,186,114,108,178,161,134
41,7,220,253,84,1,130,0,131,66
41,8,124,112,248,68,35,149,45,201
41,9,4,14,80,206,220,19,242,216
41,10,15,229,103,163,140,254,30,204
41,11,18,113,212,130,240,248,142,94
41,12,67,106,172,107,234,61,36,181
41,13,200,193,48,249,196,163,241,100
41,14,40,174,79,13,152,237,89,38
41,15,7,241,22,142,40,211,118,9
41,16,21,78,226,137,149,222,167,83
41,17,55,102,240,232,206,31,155,174
41,18,4,70,238,243,231,210,36,190
41,19,55,28,58,185,155,46,21,216
41,20,45,248,236,176,13,112,149,124
41,21,80,242,91,162,43,52,89,206
41,22,15,103,163,254,67,97,239,168
41,23,18,113,240,68,101,207,6,212
41,24,107,172,36,72,173,236,29,183
41,25,193,249,48,136,196,241,122,163
41,26,237,79,40,174,13,152,89,146
41,27,7,40,43,142,118,211,10,166
41,28,226,222,83,21,8,129,199,233
41,29,55,232,174,240,31,138,236,181
41,30,4,70,231,36,6,210,243,238
41,31,185,216,155,71,60,251,250,58
41,32,89,176,17,126,243,194,94,199
41,33,185,214,94,12,248,23,168,3
41,34,146,187,19,54,70,209,47,34
41,35,123,131,100,161,111,217,92,98
41,36,253,42,139,0,8,130,116,58
41,37,87,220,84,83,7,164,45,102
41,38,14,167,114,162,22,15,157,3
41,39,252,61,145,220,16,15,23,14
42,0,41,2,65,29,86,224,223,12
42,1,153,42,117,98,118,48,60,105
42,2,211,139,237,193,124,45,194,177
42,3,234,156,215,66,132,242,240,191
42,4,30,149,63,180,169,73,194,178
42,5,213,252,171,33,225,187,217,63
42,6,129,115,108,27,37,201,25,32
42,7,253,130,220,1,84,217,77,95
42,8,124,68,45,157,248,176,201,5
42,9,14,231,80,242,216,4,192,196
42,10,15,31,103,143,117,17,204,140
42,11,17,109,113,212,207,100,240,208
42,12,166,72,119,107,29,95,170,219
42,13,48,196,193,122,249,213,124,163
42,14,40,79,174,13,237,235,34,219
42,15,7,142,22,211,40,116,118,43
42,16,21,226,154,167,138,233,222,83
42,17,55,206,240,31,232,71,12,245
42,18,4,70,237,238,210,243,231,165
42,19,206,46,71,65,58,5,55,185
42,20,45,236,248,176,124,13,149,230
42,21,80,91,220,242,163,216,162,43
42,22,17,15,103,204,97,67,254,194
42,23,113,240,209,100,68,109,212,208
42,24,72,107,219,173,36,172,166,29
42,25,193,196,48,122,213,136,249,36
42,26,237,79,13,174,40,89,152,146
42,27,7,40,43,142,211,118,22,18
42,28,226,83,138,222,21,129,233,8
42,29,55,174,78,232,213,240,31,138
42,30,237,4,210,70,231,243,36,87
42,31,185,46,196,155,216,250,60,71
42,32,243,75,14,176,126,61,94,197
42,33,161,185,103,248,12,171,3,5
42,34,146,227,143,209,47,11,177,222
42,35,123,100,92,111,131,73,242,201
42,36,42,148,48,139,251,11,84,130
42,37,87,7,162,83,45,37,210,14
42,38,14,162,167,124,244,3,15,114
42,39,61,252,220,15,166,77,14,13
43,0,55,47,177,224,162,222,152,203
43,1,42,149,9,89,101,70,105,68
43,2,157,4,54,12,229,3,77,66
43,3,234,19,197,66,63,16,239,215
43,4,169,30,44,63,194,3,113,51
43,5,181,225,202,252,187,52,116,118
43,6,201,9,27,70,115,25,129,146
43,7,130,253,220,84,83,77,1,95
43,8,124,45,176,230,255,248,13,158
43,9,220,231,163,4,216,52,80,43
43,10,103,15,200,67,140,204,30,154
43,11,113,212,94,240,248,146,197,17
43,12,219,107,234,119,181,173,172,22
43,13,48,30,193,122,192,163,196,67
43,14,174,79,40,251,13,89,237,152
43,15,22,118,142,7,40,135,18,10
43,16,21,226,233,90,193,167,123,8
43,17,55,71,206,174,240,205,7,147
43,18,70,4,238,243,151,190,11,210
43,19,155,65,102,185,46,28,251,247
43,20,45,124,13,201,149,88,248,236
43,21,220,89,43,190,80,4,162,91
43,22,216,103,15,168,204,140,30,143
43,23,113,201,248,212,103,230,59,197
43,24,128,119,107,219,234,22,121,183
43,25,48,97,193,192,19,163,71,41
43,26,174,40,89,146,13,218,206,237
43,27,7,22,40,118,142,10,234,207
43,28,193,233,82,226,196,167,212,206
43,29,88,61,21,55,181,71,174,205
43,30,50,243,70,4,162,11,210,21
43,31,185,65,251,155,126,252,46,28
43,32,26,179,144,131,126,125,28,177
43,33,104,132,250,185,143,38,68,3
43,34,44,109,240,48,28,30,70,171
43,35,145,161,219,236,148,190,74,92
43,36,202,39,115,11,42,142,139,147
43,37,27,83,190,87,169,16,78,101
43,38,169,15,162,119,40,61,75,167
43,39,75,220,252,179,231,117,61,158
44,0,166,142,113,97,123,205,150,160
44,1,34,26,59,118,117,11,132,187
44,2,90,164,103,17,146,4,162,59
44,3,31,211,234,146,37,46,135,84
44,4,167,161,30,13,65,14,82,251
44,5,6,104,186,161,253,181,5,172
44,6,178,167,115,123,9,2,18,175
44,7,91,29,1,210,83,217,4,146
44,8,33,124,7,13,207,89,201,28
44,9,39,4,94,13,29,192,231,105
44,10,15,140,216,85,130,31,7,103
44,11,113,212,20,94,216,250,84,107
44,12,107,121,234,57,181,26,233,63
44,13,48,122,163,124,30,249,43,196
44,14,251,89,174,152,206,178,235,13
44,15,22,118,239,186,84,65,142,44
44,16,167,123,233,21,90,5,196,52
44,17,213,50,23,191,231,61,56,240
44,18,243,70,222,50,165,12,9,187
44,19,65,130,106,175,155,102,163,38
44,20,124,13,33,149,201,248,28,236
44,21,39,192,220,94,89,29,13,43
44,22,130,216,31,15,51,73,35,143
44,23,113,20,250,94,107,212,84,103
44,24,7,128,26,63,132,121,1,107
44,25,48,43,97,163,147,156,249,124
44,26,174,13,89,206,124,69,241,251
44,27,65,7,22,81,44,118,234,142
44,28,196,167,5,188,99,226,96,233
44,29,172,61,50,181,240,205,7,174
44,30,148,243,70,187,4,11,81,190
44,31,130,185,251,65,120,155,252,126
44,32,99,113,131,238,62,126,177,254
44,33,190,232,104,3,38,248,143,41
44,34,161,88,97,70,62,34,55,30
44,35,161,145,219,236,2,39,74,98
44,36,207,202,49,42,11,246,139,152
44,37,60,83,161,15,135,174,7,27
44,38,71,15,234,162,167,80,40,44
44,39,220,69,92,72,252,244,250,183
45,0,106,22,6,153,51,85,49,66
45,1,250,112,117,118,223,84,189,155
45,2,198,16,59,121,87,108,10,22
45,3,31,98,234,146,97,160,76,194
45,4,167,118,30,65,14,242,67,251
45,5,10,67,5,161,253,100,6,186
45,6,178,167,142,123,42,9,2,115
45,7,44,210,91,1,10,23,146,83
45,8,33,89,207,13,7,212,180,56
45,9,94,13,132,105,217,98,4,192
45,10,62,114,31,216,130,248,159,161
45,11,20,107,250,36,238,203,49,195
45,12,132,7,26,234,63,128,107,155
45,13,48,33,156,124,43,142,29,41
45,14,147,206,174,251,51,241,124,89
45,15,22,118,142,44,84,207,197,239
45,16,156,167,233,90,196,5,206,123
45,17,110,50,61,231,23,71,166,240
45,18,112,70,190,243,187,165,12,31
45,19,120,65,216,155,102,178,251,175
45,20,33,13,124,248,201,236,45,215
45,21,94,220,4,132,89,43,217,242
45,22,62,15,161,51,114,248,140,143
45,23,113,36,20,42,250,94,212,107
45,24,132,107,181,121,155,7,179,72
45,25,48,142,33,249,163,51,122,156
45,26,174,147,206,89,13,241,186,251
45,27,7,22,118,142,234,9,207,37
45,28,156,167,226,99,222,21,188,90
45,29,110,50,181,172,240,7,55,174
45,30,112,70,243,187,231,4,81,205
45,31,120,185,251,12,155,65,106,216
45,32,238,96,113,131,91,186,177,176
45,33,73,232,238,38,41,248,58,171
45,34,34,207,161,97,180,196,70,171
45,35,145,219,161,100,20,131,255,40
45,36,11,181,42,193,120,8,139,244
45,37,84,87,31,83,220,190,97,37
45,38,44,157,244,15,250,162,40,167
45,39,241,61,220,9,252,68,14,145
46,0,181,82,107,251,39,68,246,255
46,1,117,189,84,135,122,222,118,138
46,2,108,16,76,10,113,238,30,124
46,3,194,234,105,169,214,143,158,90
46,4,254,30,242,17,133,118,82,74
46,5,174,5,147,10,68,97,181,225
46,6,19,149,108,42,140,166,115,164
46,7,146,210,1,44,195,220,94,109
46,8,68,236,248,207,33,216,13,201
46,9,217,4,105,242,162,14,231,236
46,10,68,228,161,15,181,239,128,140
46,11,64,238,212,28,69,240,27,94
46,12,172,57,107,234,212,233,197,72
46,13,164,48,249,122,207,142,230,193
46,14,174,152,251,141,42,79,89,238
46,15,118,22,222,239,209,186,5,236
46,16,222,30,241,90,123,167,8,233
46,17,26,231,232,180,23,191,3,36
46,18,231,70,165,157,28,189,222,4
46,19,216,251,179,181,185,155,237,175
46,20,236,248,13,46,43,211,215,9
46,21,242,4,111,43,52,244,89,162
46,22,15,68,228,97,181,128,140,239
46,23,64,212,131,240,94,238,68,101
46,24,57,107,36,173,66,172,72,46
46,25,249,164,48,122,207,70,193,241
46,26,238,174,152,89,141,206,79,119
46,27,22,118,7,5,209,186,234,236
46,28,222,21,8,30,241,226,167,123
46,29,26,240,188,232,174,110,231,3
46,30,70,231,55,243,4,157,238,210
46,31,237,216,185,251,120,179,155,46
46,32,224,42,176,243,126,245,171,197
46,33,179,201,38,156,171,12,248,217
46,34,217,49,196,70,235,47,34,146
46,35,224,40,100,255,161,73,131,210
46,36,24,255,42,57,11,244,139,193
46,37,50,83,87,14,102,97,147,45
46,38,146,244,44,157,15,162,39,250
46,39,13,177,85,220,61,14,62,252
47,0,109,55,24,151,224,177,12,152
47,1,42,226,236,70,117,105,25,118
47,2,58,3,221,157,133,76,5,193
47,3,234,215,44,197,16,66,13,19
47,4,82,30,243,169,178,80,137,125
47,5,5,48,116,16,187,30,217,60
47,6,108,19,149,9,115,104,25,134
47,7,146,1,95,130,38,220,210,246
47,8,236,68,248,46,124,183,13,201
47,9,4,52,105,162,111,242,196,43
47,10,15,239,228,181,146,107,140,209
47,11,212,190,37,94,240,238,6,59
47,12,234,107,172,57,36,66,72,61
47,13,249,48,122,174,207,193,163,82
47,14,174,152,42,141,206,251,89,76
47,15,22,118,234,209,5,239,7,186
47,16,222,21,82,167,30,90,206,241
47,17,240,206,231,19,3,36,190,50
47,18,231,70,149,238,189,243,190,157
47,19,251,185,155,71,43,179,85,181
47,20,248,13,236,46,215,124,201,43
47,21,4,52,89,162,196,242,43,236
47,22,15,228,146,239,140,97,181,107
47,23,212,238,190,37,94,59,240,113
47,24,173,7,11,155,57,181,107,36
47,25,48,249,230,163,51,193,122,241
47,26,174,89,152,206,203,76,238,141
47,27,22,7,118,234,142,207,5,197
47,28,167,222,21,99,181,226,190,233
47,29,240,206,50,7,21,214,3,90
47,30,70,231,90,243,149,112,189,63
47,31,185,251,216,71,68,252,155,43
47,32,48,62,22,176,91,246,102,245
47,33,68,38,139,107,151,11,58,102
47,34,175,240,28,94,56,48,171,64
47,35,85,2,40,94,255,20,236,44
47,36,202,142,195,79,246,147,67,211
47,37,83,60,161,193,174,43,87,78
47,38,201,234,157,119,30,132,39,44
47,39,215,92,1,183,246,250,220,44
48,0,187,242,27,13,128,178,96,223
48,1,232,133,66,236,169,117,13,158
48,2,102,59,230,146,23,7,26,145
48,3,7,234,221,155,63,21,156,16
48,4,82,55,204,169,225,30,71,40
48,5,217,5,232,61,102,187,225,30
48,6,108,3,104,16,9,115,25,49
48,7,228,146,131,1,243,94,41,220
48,8,112,46,248,183,124,236,68,186
48,9,19,206,4,14,52,162,139,178
48,10,15,163,228,181,239,7,140,197
48,11,18,212,69,2,142,240,94,116
48,12,67,57,234,36,61,106,233,172
48,13,249,200,48,122,174,193,230,207
48,14,152,174,238,38,1,89,42,119
48,15,241,103,209,118,22,239,17,7
48,16,222,78,179,30,149,241,167,90
48,17,155,180,206,240,232,128,188,245
48,18,231,70,235,189,6,157,165,238
48,19,132,216,16,185,155,179,118,251
48,20,236,68,112,13,248,215,46,211
48,21,52,19,242,196,139,206,43,89
48,22,163,181,15,239,7,170,128,140
48,23,131,18,142,212,101,69,94,207
48,24,36,187,67,172,107,200,57,230
48,25,249,48,241,200,100,244,70,193
48,26,152,89,38,1,174,70,238,66
48,27,209,241,118,103,17,22,7,252
48,28,222,241,78,30,149,90,233,179
48,29,232,180,155,128,3,240,188,245
48,30,235,70,122,231,145,6,189,165
48,31,216,16,132,155,60,185,179,71
48,32,176,171,89,17,157,199,37,126
48,33,117,23,214,38,10,94,29,161
48,34,177,47,28,182,153,187,58,114
48,35,255,71,7,40,30,34,159,201
48,36,57,25,31,210,0,8,225,253
48,37,102,221,37,220,87,83,84,158
48,38,157,4,244,5,44,136,15,22
48,39,23,16,115,61,182,14,146,220
49,0,107,181,82,251,39,99,245,83
49,1,35,166,117,158,96,119,60,40
49,2,24,174,99,102,177,112,48,203
49,3,247,234,255,90,216,5,65,14
49,4,82,180,55,156,30,155,139,105
49,5,232,174,217,225,5,3,142,129
49,6,108,9,16,104,50,3,115,149
49,7,94,228,146,131,118,130,95,220
49,8,68,112,236,248,46,183,181,186
49,9,52,139,19,206,196,162,244,43
49,10,181,68,128,239,154,15,170,85
49,11,64,94,131,240,212,6,135,115
49,12,57,107,36,172,230,200,66,234
49,13,122,164,249,30,207,110,253,41
49,14,152,70,250,251,89,16,1,129
49,15,222,209,17,118,22,239,241,142
49,16,30,241,233,90,123,59,6,8
49,17,180,232,191,170,220,26,128,147
49,18,235,231,28,21,70,222,145,165
49,19,216,16,155,118,179,132,175,106
49,20,236,9,211,13,248,68,183,215
49,21,52,139,43,244,111,196,89,162
49,22,181,128,68,170,154,85,239,160
49,23,131,64,80,94,212,115,240,101
49,24,36,107,230,57,172,200,233,234
49,25,244,122,249,70,241,164,48,207
49,26,152,89,70,250,251,66,174,1
49,27,209,118,17,188,22,10,186,150
49,28,241,222,30,233,87,8,149,123
49,29,232,180,26,128,220,3,240,38
49,30,122,235,70,55,231,145,87,92
49,31,237,16,216,155,132,118,14,179
49,32,224,176,171,101,197,13,89,126
49,33,201,179,117,156,38,10,12,142
49,34,47,177,49,217,28,153,235,114
49,35,224,255,40,71,30,7,34,247
49,36,57,255,31,25,24,210,225,84
49,37,102,50,221,87,37,83,158,14
49,38,157,146,4,244,44,15,5,126
49,39,85,13,177,61,182,252,213,220
50,0,109,191,177,81,24,254,151,208
50,1,236,42,69,226,105,252,179,186
50,2,223,174,24,157,221,13,182,184
50,3,234,247,63,0,44,78,7,243
50,4,30,82,180,243,178,169,137,117
50,5,232,48,252,5,102,94,203,217
50,6,108,104,85,9,32,174,187,129
50,7,38,94,130,146,220,228,149,83
50,8,68,236,183,248,26,9,211,46
50,9,52,65,139,43,196,162,242,222
50,10,181,170,239,154,15,59,146,20
50,11,212,37,94,240,6,131,201,2
50,12,230,57,36,107,200,172,234,233
50,13,249,122,48,207,30,19,244,2
50,14,152,1,89,70,174,42,251,219
50,15,209,22,95,17,239,118,186,9
50,16,222,30,241,233,53,90,82,167
50,17,180,232,62,214,71,240,128,31
50,18,70,231,235,229,116,165,28,145
50,19,47,132,155,216,118,16,179,247
50,20,236,13,248,183,211,68,26,181
50,21,52,196,139,89,242,43,190,65
50,22,181,170,154,20,239,15,146,216
50,23,131,201,212,37,71,94,6,2
50,24,230,128,36,172,11,55,57,200
50,25,48,249,230,19,244,70,41,30
50,26,203,152,89,174,218,213,206,1
50,27,7,22,95,118,142,207,186,239
50,28,222,167,21,99,181,233,226,241
50,29,240,50,62,206,7,90,214,3
50,30,70,90,190,149,231,243,108,229
50,31,185,251,247,199,91,68,252,47
50,32,48,62,91,246,22,176,102,26
50,33,47,107,132,68,58,151,224,38
50,34,103,175,48,94,56,171,64,95
50,35,85,94,2,117,161,236,255,20
50,36,202,195,246,67,152,25,44,42
50,37,60,83,161,174,43,87,135,67
50,38,234,201,30,157,44,9,242,39
50,39,246,1,92,215,183,250,220,61
51,0,188,127,63,111,172,118,121,202
51,1,117,43,232,158,235,198,42,118
51,2,59,23,70,169,107,164,15,26
51,3,116,55,234,171,20,5,7,90
51,4,82,12,30,215,71,27,228,85
51,5,169,253,249,5,217,181,232,6
51,6,108,104,178,235,19,115,73,174
51,7,56,40,210,146,228,95,1,220
51,8,248,13,207,236,65,124,68,46
51,9,4,96,239,14,105,13,10,242
51,10,24,15,239,114,218,31,140,7
51,11,250,114,238,203,205,212,94,28
51,12,132,46,7,22,160,95,210,234
51,13,249,48,38,124,41,254,246,241
51,14,152,235,174,251,206,89,234,218
51,15,22,44,118,142,239,186,197,7
51,16,222,167,180,21,212,90,30,226
51,17,240,197,206,50,143,231,23,191
51,18,231,70,190,238,165,11,243,12
51,19,65,251,185,175,102,178,71,21
51,20,124,13,120,201,46,248,65,45
51,21,4,220,14,239,96,242,196,89
51,22,15,24,140,114,51,239,218,30
51,23,113,114,238,203,250,212,176,190
51,24,132,181,61,107,7,121,173,206
51,25,48,249,163,51,247,38,193,254
51,26,206,174,13,220,152,186,89,69
51,27,44,7,22,142,234,186,5,207
51,28,21,167,226,222,99,128,249,224
51,29,206,218,240,7,50,181,56,90
51,30,243,70,11,231,190,188,103,12
51,31,185,71,251,199,91,65,80,102
51,32,62,221,91,245,102,48,177,246
51,33,121,107,38,248,58,224,28,3
51,34,81,95,208,56,70,171,252,64
51,35,196,161,236,20,219,40,2,218
51,36,202,195,0,42,246,152,11,193
51,37,83,174,161,60,87,45,135,97
51,38,234,201,44,15,9,39,30,162
51,39,220,92,250,1,183,246,23,72
52,0,234,186,144,242,2,92,41,163
52,1,68,52,109,42,79,198,56,37
52,2,230,110,86,150,23,92,212,201
52,3,155,234,90,7,66,5,63,156
52,4,94,30,82,71,169,42,204,225
52,5,253,115,225,217,187,48,66,5
52,6,108,235,92,104,178,9,115,123
52,7,243,181,84,228,40,41,95,210
52,8,124,248,215,45,8,201,236,12
52,9,4,14,162,96,80,5,196,144
52,10,140,15,239,218,204,181,30,143
52,11,153,212,176,208,114,113,103,250
52,12,95,231,172,219,173,132,72,183
52,13,48,249,116,38,163,193,241,174
52,14,152,174,79,141,227,192,206,13
52,15,22,7,44,142,118,123,211,209
52,16,21,222,226,167,241,20,212,180
52,17,206,197,240,174,55,12,232,31
52,18,70,243,231,238,210,190,11,36
52,19,60,65,185,71,251,216,126,46
52,20,124,149,45,215,13,248,201,5
52,21,220,80,4,96,89,192,196,242
52,22,140,0,30,15,204,239,218,174
52,23,153,113,15,212,68,208,238,101
52,24,181,95,107,173,195,172,121,132
52,25,48,163,193,247,249,136,116,38
52,26,174,206,13,69,89,227,220,152
52,27,7,248,22,44,142,118,10,234
52,28,21,230,199,226,54,206,241,8
52,29,206,181,55,174,236,7,56,218
52,30,243,70,69,238,231,12,190,210
52,31,60,185,251,71,65,126,106,107
52,32,195,126,86,176,91,177,146,144
52,33,217,97,37,38,12,36,94,250
52,34,90,212,187,255,188,47,19,70
52,35,49,219,100,255,220,44,201,161
52,36,0,11,42,234,239,147,8,193
52,37,83,220,87,90,7,84,241,45
52,38,15,44,244,157,162,40,126,250
52,39,145,23,220,36,61,16,14,224
53,0,2,41,223,29,224,115,86,217
53,1,40,206,183,13,117,42,153,105
53,2,95,21,20,252,178,35,44,107
53,3,192,247,234,191,156,180,50,63
53,4,180,30,149,169,55,159,123,82
53,5,19,213,225,232,253,142,66,115
53,6,108,235,115,25,9,114,178,134
53,7,243,41,167,84,1,220,248,95
53,8,124,242,157,45,215,248,12,201
53,9,220,4,80,144,5,14,216,162
53,10,117,15,140,30,239,17,204,103
53,11,151,113,212,68,208,190,103,162
53,12,166,95,231,157,234,181,219,72
53,13,48,163,249,42,196,174,193,207
53,14,174,152,227,13,206,79,251,192
53,15,7,22,142,118,33,123,186,10
53,16,21,222,226,241,128,167,180,90
53,17,206,240,12,181,55,174,190,232
53,18,243,70,237,231,238,210,190,11
53,19,65,251,185,126,71,155,206,46
53,20,149,45,13,5,215,124,67,242
53,21,220,4,89,80,113,219,242,190
53,22,30,17,140,239,19,174,117,100
53,23,113,151,212,209,68,101,149,240
53,24,195,204,181,157,61,29,107,166
53,25,163,48,247,193,136,249,128,196
53,26,13,174,89,227,69,206,239,152
53,27,7,10,22,234,40,118,142,9
53,28,21,138,206,226,125,199,241,222
53,29,181,78,55,174,3,206,205,41
53,30,243,237,70,238,72,231,4,168
53,31,185,60,251,155,18,65,71,126
53,32,75,126,197,177,176,14,91,243
53,33,161,103,38,12,5,248,185,199
53,34,227,47,11,90,143,30,188,70
53,35,100,219,255,201,220,161,247,55
53,36,55,251,48,42,11,239,116,139
53,37,83,162,87,7,45,37,97,241
53,38,157,124,15,244,44,162,40,14
53,39,77,224,15,61,220,14,252,13
54,0,55,177,13,78,178,224,20,162
54,1,203,7,113,245,44,1,206,117
54,2,227,235,228,26,17,131,95,42
54,3,234,16,213,63,247,66,58,180
54,4,169,30,44,180,82,63,194,113
54,5,142,19,225,6,66,133,129,102
54,6,108,25,115,57,91,9,104,71
54,7,130,41,94,167,84,173,246,151
54,8,124,236,47,215,45,248,12,201
54,9,4,52,80,162,144,5,220,196
54,10,140,239,15,30,19,22,204,109
54,11,212,113,68,240,146,208,6,190
54,12,219,72,231,157,234,172,183,95
54,13,48,163,193,249,241,67,174,53
54,14,174,152,227,79,13,192,141,15
54,15,7,142,22,118,211,186,212,10
54,16,21,226,241,222,128,8,82,233
54,17,206,55,232,12,240,181,164,174
54,18,70,243,210,231,238,209,36,11
54,19,60,65,126,185,251,55,216,71
54,20,149,45,215,13,5,124,236,47
54,21,220,89,4,80,236,162,219,192
54,22,216,30,19,140,239,242,174,127
54,23,113,212,151,68,59,149,190,85
54,24,195,157,181,128,204,61,29,107
54,25,48,163,247,193,116,136,249,128
54,26,13,174,89,69,206,227,218,203
54,27,7,10,22,118,234,40,44,33
54,28,190,21,206,82,233,226,199,125
54,29,181,128,164,55,71,3,205,174
54,30,243,70,151,50,162,238,168,88
54,31,185,60,18,251,99,71,155,28
54,32,86,126,91,58,109,76,177,248
54,33,250,36,38,234,176,248,102,104
54,34,249,90,80,28,72,30,44,238
54,35,121,49,220,176,100,148,44,77
54,36,228,147,21,227,11,42,138,79
54,37,214,83,244,193,156,45,109,87
54,38,43,141,150,156,254,24,179,70
54,39,201,66,83,5,209,251,127,226
55,0,44,98,240,52,80,209,54,69
55,1,203,7,113,105,70,56,49,64
55,2,71,227,95,104,235,3,67,26
55,3,234,16,213,63,58,247,66,180
55,4,30,169,44,180,82,93,63,194
55,5,19,225,142,115,187,93,66,6
55,6,57,108,25,9,115,91,235,27
55,7,223,84,95,41,1,167,173,243
55,8,124,45,215,88,13,201,242,248
55,9,4,220,162,242,144,52,196,216
55,10,15,140,239,19,213,22,216,30
55,11,212,113,94,190,240,103,135,68
55,12,107,234,219,57,172,233,181,52
55,13,48,41,163,122,30,249,207,70
55,14,251,89,16,42,61,174,209,73
55,15,118,84,135,9,72,22,50,239
55,16,8,74,226,211,123,90,206,233
55,17,205,3,230,169,232,138,196,31
55,18,135,21,189,210,231,175,28,183
55,19,150,185,181,155,46,66,245,179
55,20,236,13,190,43,207,45,252,181
55,21,231,105,89,242,163,162,236,237
55,22,200,160,140,85,7,97,107,35
55,23,80,212,94,197,107,95,44,240
55,24,205,234,172,38,12,173,219,233
55,25,41,48,30,124,58,163,13,181
55,26,141,89,15,157,79,172,174,251
55,27,118,84,236,43,239,234,212,186
55,28,226,8,222,241,206,74,167,90
55,29,150,169,205,128,3,49,231,23
55,30,243,70,231,189,61,210,50,211
55,31,154,185,60,251,155,106,65,126
55,32,109,86,126,91,177,179,76,176
55,33,234,36,38,102,248,104,11,250
55,34,90,240,28,44,109,238,72,30
55,35,49,220,148,145,219,100,161,255
55,36,147,227,11,39,142,42,115,79
55,37,193,78,83,27,15,87,101,45
55,38,215,15,139,162,44,119,40,157
55,39,158,72,15,220,224,252,61,244
56,0,96,187,117,121,242,171,146,27
56,1,117,232,81,169,13,96,2,158
56,2,249,107,12,67,242,26,213,131
56,3,170,221,180,192,247,122,234,15
56,4,55,119,82,123,60,180,30,71
56,5,225,142,19,61,93,181,217,232
56,6,3,235,108,57,9,115,178,123
56,7,84,243,181,1,41,133,95,219
56,8,112,124,45,201,248,242,12,149
56,9,19,4,206,220,144,5,14,80
56,10,163,140,30,15,229,216,5,19
56,11,18,113,212,103,116,68,151,250
56,12,231,95,234,219,181,106,183,72
56,13,48,200,249,163,116,193,53,136
56,14,174,152,38,206,227,13,79,251
56,15,241,22,7,118,142,44,123,186
56,16,21,149,226,222,241,78,167,212
56,17,206,240,12,181,55,128,236,155
56,18,243,70,231,210,6,157,238,109
56,19,65,216,185,46,71,126,251,155
56,20,149,45,13,112,215,236,68,124
56,21,220,19,80,4,192,89,206,236
56,22,30,140,163,239,15,174,128,213
56,23,113,18,101,212,68,238,207,240
56,24,181,195,29,61,204,121,219,107
56,25,163,48,249,247,193,200,122,196
56,26,13,174,206,69,89,38,227,219
56,27,7,22,234,118,241,10,40,186
56,28,21,206,226,149,199,8,222,167
56,29,181,128,174,155,55,205,3,236
56,30,243,70,6,189,231,211,12,168
56,31,185,251,60,65,106,155,107,71
56,32,17,175,91,177,126,37,199,89
56,33,38,117,94,23,214,248,105,12
56,34,187,58,28,19,30,182,54,171
56,35,7,219,20,100,220,255,236,73
56,36,11,42,0,245,8,57,253,193
56,37,220,158,83,164,84,87,37,241
56,38,162,44,250,136,15,244,126,14
56,39,23,16,220,15,14,61,145,252
57,0,57,88,59,110,56,245,160,44
57,1,166,180,145,119,89,117,82,190
57,2,238,125,95,185,9,102,246,67
57,3,70,255,234,5,19,41,90,121
57,4,82,60,30,133,138,56,3,35
57,5,24,174,144,225,3,5,142,232
57,6,115,250,108,9,123,27,94,17
57,7,1,129,217,146,210,84,41,130
57,8,207,201,68,28,202,124,184,43
57,9,148,192,4,220,11,43,105,231
57,10,73,92,68,140,42,97,128,85
57,11,154,210,94,93,113,212,254,240
57,12,107,121,84,18,57,234,133,181
57,13,48,122,124,164,30,41,118,156
57,14,251,186,178,235,89,16,188,206
57,15,22,84,203,219,239,101,207,113
57,16,123,161,167,249,6,90,200,211
57,17,50,130,23,191,56,147,26,213
57,18,12,222,165,9,21,11,173,28
57,19,106,175,68,38,65,111,155,21
57,20,201,13,28,124,25,236,202,184
57,21,192,148,43,220,89,234,105,4
57,22,31,159,68,143,85,73,160,35
57,23,113,94,210,250,80,109,154,147
57,24,121,132,107,181,18,57,7,234
57,25,48,124,164,122,30,156,163,249
57,26,89,206,186,174,178,251,69,235
57,27,22,203,7,118,219,234,84,186
57,28,21,8,123,206,167,161,233,200
57,29,26,181,205,174,214,23,173,3
57,30,243,70,189,211,12,9,238,165
57,31,251,185,60,155,102,65,107,89
57,32,224,197,91,177,126,175,37,61
57,33,177,96,38,156,117,248,12,84
57,34,49,217,28,30,213,177,171,47
57,35,224,219,100,20,80,7,60,236
57,36,11,42,255,24,193,57,239,245
57,37,158,14,50,83,37,241,87,45
57,38,44,162,146,250,15,40,244,39
57,39,177,13,85,15,220,62,61,181
58,0,180,55,151,178,224,103,31,152
58,1,117,111,190,154,239,42,22,105
58,2,185,95,47,125,13,33,212,244
58,3,234,247,192,255,63,167,180,66
58,4,180,30,243,178,169,225,27,60
58,5,3,232,225,66,30,187,144,223
58,6,115,123,9,108,134,17,219,94
58,7,1,129,41,84,122,146,133,95
58,8,124,68,13,149,12,28,215,207
58,9,220,4,89,80,192,190,144,216
58,10,30,140,154,204,143,15,174,216
58,11,113,212,201,94,68,37,190,240
58,12,181,234,107,61,121,233,133,22
58,13,48,163,122,30,249,70,51,41
58,14,174,206,89,69,251,13,152,235
58,15,22,118,7,186,142,10,84,207
58,16,21,193,167,82,90,123,233,206
58,17,206,50,205,181,240,36,174,231
58,18,243,70,190,11,238,151,12,211
58,19,65,251,185,155,99,126,230,106
58,20,124,13,149,201,45,68,215,205
58,21,220,89,192,4,43,190,80,162
58,22,216,30,140,154,143,146,204,174
58,23,113,201,212,147,59,250,116,37
58,24,128,121,181,195,205,7,11,234
58,25,48,97,19,163,247,156,41,128
58,26,174,89,206,218,13,203,69,171
58,27,7,22,44,207,118,142,9,234
58,28,167,193,196,99,206,224,21,90
58,29,88,61,173,62,181,21,50,205
58,30,50,162,70,243,12,211,26,238
58,31,28,185,251,18,230,252,155,38
58,32,179,86,125,85,109,126,91,62
58,33,104,132,95,143,38,139,11,248
58,34,44,240,238,28,173,171,67,235
58,35,190,148,74,145,220,20,2,219
58,36,39,115,202,142,227,42,147,79
58,37,27,78,83,60,15,16,174,87
58,38,215,15,169,44,119,162,75,250
58,39,158,75,231,220,179,15,244,223
59,0,166,113,97,142,205,123,150,215
59,1,34,26,59,118,187,11,117,132
59,2,103,146,59,26,90,17,4,210
59,3,31,211,146,37,234,135,46,84
59,4,161,167,30,65,13,14,82,251
59,5,6,104,253,5,161,66,186,142
59,6,167,115,9,108,123,178,174,27
59,7,1,91,29,146,210,83,41,23
59,8,33,13,207,124,7,28,248,201
59,9,39,4,94,13,29,220,105,53
59,10,15,130,216,140,7,239,85,30
59,11,20,113,212,250,238,94,140,151
59,12,181,107,234,26,132,121,63,57
59,13,48,249,163,124,43,122,70,30
59,14,174,235,251,152,206,89,69,13
59,15,22,65,44,118,142,186,239,219
59,16,167,196,90,5,21,123,211,192
59,17,61,50,172,240,213,7,23,56
59,18,190,243,70,148,187,57,50,12
59,19,130,65,146,155,119,68,175,102
59,20,124,33,13,201,149,88,212,248
59,21,220,39,94,29,192,89,43,4
59,22,130,143,140,15,51,83,204,30
59,23,20,113,212,94,250,103,236,84
59,24,181,195,63,26,7,121,107,179
59,25,48,43,163,23,97,193,128,247
59,26,174,13,206,89,227,69,124,14
59,27,65,7,142,22,207,9,10,118
59,28,99,96,188,196,167,199,226,5
59,29,181,172,61,50,41,7,174,240
59,30,148,70,243,187,190,11,12,81
59,31,130,185,251,126,230,107,252,65
59,32,99,113,62,126,254,131,91,176
59,33,190,232,104,38,143,224,107,41
59,34,88,161,97,34,55,70,220,67
59,35,39,2,145,236,161,74,219,220
59,36,207,202,49,42,246,11,152,39
59,37,60,83,15,161,135,174,27,87
59,38,234,71,80,15,162,44,30,9
59,39,72,92,69,250,244,220,36,183
60,0,78,223,66,120,177,6,89,135
60,1,76,164,61,198,191,117,42,1
60,2,230,110,198,87,86,150,228,121
60,3,155,234,16,66,58,63,202,180
60,4,71,94,30,118,169,93,82,216
60,5,115,225,66,5,52,6,217,187
60,6,92,235,108,3,115,9,134,232
60,7,253,1,220,91,181,243,41,95
60,8,124,248,47,201,13,149,215,12
60,9,220,22,96,14,240,4,5,102
60,10,253,9,204,143,15,140,161,239
60,11,153,142,103,195,202,113,186,68
60,12,95,181,138,234,132,219,7,108
60,13,48,116,100,51,123,163,22,142
60,14,174,40,206,83,146,13,251,14
60,15,22,142,7,9,118,207,39,192
60,16,21,78,167,185,188,90,222,20
60,17,157,206,50,181,7,197,102,236
60,18,70,238,190,243,165,4,12,11
60,19,28,230,185,126,71,60,65,216
60,20,45,248,201,124,13,215,149,159
60,21,220,80,96,89,240,196,162,43
60,22,253,218,140,239,9,30,204,143
60,23,207,113,153,68,49,103,130,66
60,24,107,181,67,172,95,121,173,195
60,25,48,192,51,163,142,193,249,136
60,26,40,146,174,235,227,89,152,206
60,27,7,9,22,142,118,248,135,10
60,28,78,21,167,222,54,185,241,199
60,29,236,181,41,56,174,157,147,102
60,30,70,231,69,243,238,36,210,12
60,31,28,60,185,216,251,71,51,106
60,32,176,195,162,194,120,126,86,243
60,33,97,181,94,37,12,133,250,38
60,34,212,19,187,70,255,47,249,146
60,35,255,40,201,49,100,176,161,151
60,36,42,0,234,21,116,8,228,11
60,37,87,214,83,84,244,241,110,220
60,38,156,244,43,157,24,44,15,162
60,39,251,5,127,61,83,209,14,220
61,0,234,210,209,93,84,240,239,17
61,1,76,164,61,195,118,42,71,49
61,2,110,230,198,150,87,86,237,0
61,3,234,155,66,63,202,78,156,30
61,4,71,30,94,118,82,12,60,216
61,5,194,225,217,5,114,115,187,30
61,6,108,115,9,235,37,134,94,104
61,7,253,1,146,130,220,41,95,210
61,8,236,124,201,248,88,207,28,184
61,9,4,196,105,162,234,52,43,192
61,10,143,140,15,85,181,127,97,128
61,11,94,42,212,240,10,135,56,225
61,12,107,57,219,172,173,233,22,234
61,13,207,30,48,226,122,110,41,70
61,14,141,251,42,174,73,152,89,79
61,15,118,236,239,222,142,84,10,209
61,16,74,222,8,241,30,123,90,233
61,17,231,232,23,3,199,189,191,90
61,18,231,189,70,157,28,21,4,135
61,19,245,216,181,43,185,179,155,7
61,20,236,46,13,227,43,60,218,248
61,21,111,236,244,250,43,162,242,74
61,22,160,200,97,85,181,140,128,15
61,23,80,240,212,94,197,190,157,68
61,24,66,57,200,72,36,173,233,80
61,25,207,122,213,249,48,238,226,196
61,26,141,76,111,15,89,22,174,119
61,27,5,236,222,239,212,118,209,22
61,28,74,222,8,129,30,241,233,226
61,29,150,199,169,232,189,90,3,240
61,30,109,231,157,149,210,189,70,150
61,31,245,179,216,196,185,46,126,159
61,32,33,243,80,176,171,91,126,32
61,33,192,248,12,171,198,10,48,38
61,34,16,59,235,47,23,83,113,239
61,35,100,201,236,1,255,73,161,98
61,36,42,58,223,159,32,84,130,116
61,37,210,87,45,102,139,241,83,37
61,38,244,157,114,15,162,44,22,250
61,39,23,220,61,14,89,16,149,145
62,0,181,82,107,251,39,99,245,83
62,1,183,209,40,234,184,94,117,168
62,2,246,81,28,0,173,149,21,172
62,3,169,217,50,105,158,153,9,1
62,4,156,82,145,30,60,227,20,159
62,5,174,5,114,194,217,142,250,225
62,6,115,108,134,49,37,133,124,235
62,7,253,1,220,41,84,173,95,16
62,8,248,68,201,124,88,207,13,157
62,9,4,14,190,80,220,5,196,162
62,10,68,15,143,140,30,239,204,103
62,11,64,207,113,212,130,208,68,49
62,12,95,154,234,181,106,107,219,132
62,13,48,164,230,192,116,249,163,30
62,14,40,174,235,146,227,13,89,206
62,15,22,142,7,9,241,219,118,120
62,16,21,167,185,90,241,222,199,20
62,17,102,206,26,181,174,232,147,191
62,18,70,238,243,209,165,231,190,46
62,19,216,185,126,55,251,237,46,155
62,20,236,45,248,13,215,227,60,208
62,21,80,244,162,236,89,111,52,220
62,22,68,239,97,30,140,200,181,15
62,23,68,64,207,240,101,212,113,190
62,24,107,72,172,173,219,66,231,233
62,25,249,164,193,48,163,207,122,136
62,26,152,174,141,227,40,146,79,89
62,27,7,118,22,9,186,142,209,10
62,28,222,241,21,8,30,226,199,231
62,29,26,174,41,232,240,31,3,55
62,30,231,70,55,36,238,149,210,157
62,31,237,185,216,179,251,120,230,80
62,32,224,176,197,243,126,206,199,171
62,33,179,201,156,12,38,171,10,154
62,34,49,217,70,47,213,188,146,173
62,35,224,40,201,255,131,73,100,161
62,36,24,42,255,239,57,116,223,58
62,37,87,14,50,83,147,102,241,221
62,38,244,157,15,44,146,114,86,162
62,39,13,220,61,85,62,177,14,252
63,0,55,109,177,152,237,242,47,24
63,1,56,52,236,42,226,109,90,70
63,2,71,3,221,157,117,5,254,13
63,3,234,16,66,247,63,243,218,180
63,4,30,169,243,63,51,137,93,180
63,5,225,142,66,6,5,187,250,217
63,6,25,57,108,1,115,49,123,9
63,7,253,223,84,1,130,146,95,41
63,8,124,248,236,45,201,227,68,88
63,9,80,220,4,43,16,162,242,144
63,10,30,15,140,19,174,204,103,143
63,11,212,113,208,68,190,216,94,59
63,12,72,231,107,181,234,219,210,217
63,13,48,230,163,196,122,70,193,100
63,14,174,227,206,13,237,79,40,89
63,15,142,186,22,7,118,33,18,9
63,16,21,226,241,233,199,167,8,123
63,17,206,12,190,164,181,71,174,55
63,18,70,243,231,238,210,11,157,198
63,19,60,65,216,155,46,71,245,251
63,20,45,13,248,236,149,7,227,58
63,21,80,220,43,163,89,17,236,244
63,22,30,19,140,239,15,174,204,216
63,23,207,68,212,113,190,240,85,59
63,24,107,72,231,219,172,173,119,183
63,25,48,192,249,230,193,163,122,36
63,26,174,40,89,227,146,237,235,79
63,27,7,33,186,118,10,22,40,211
63,28,190,21,226,222,167,241,199,8
63,29,164,12,55,128,206,31,174,3
63,30,70,231,210,63,157,250,243,238
63,31,60,185,216,71,18,251,155,126
63,32,18,109,76,176,243,120,126,246
63,33,11,234,171,38,56,10,12,250
63,34,72,240,94,28,70,44,64,109
63,35,73,201,161,185,44,255,148,100
63,36,202,142,42,39,147,79,227,58
63,37,87,83,27,45,60,193,78,15
63,38,157,15,114,162,119,80,167,182
63,39,244,158,9,220,61,72,252,183
64,0,226,68,185,146,117,243,96,187
64,1,2,81,236,169,232,133,13,96
64,2,117,242,71,249,202,254,226,51
64,3,221,192,180,234,170,216,191,247
64,4,82,119,55,182,20,60,8,105
64,5,61,225,142,223,250,187,93,30
64,6,57,3,49,1,123,115,25,108
64,7,253,84,1,131,95,41,239,238
64,8,124,248,7,45,112,68,201,88
64,9,206,19,80,4,14,220,242,16
64,10,15,229,163,140,30,19,103,174
64,11,18,212,207,216,113,103,68,94
64,12,106,231,72,181,234,95,119,22
64,13,48,200,230,192,156,36,100,122
64,14,174,40,38,227,89,237,235,79
64,15,241,142,22,118,7,186,10,9
64,16,21,167,149,185,78,90,241,222
64,17,206,102,12,31,191,71,147,23
64,18,70,231,210,238,6,157,243,4
64,19,216,46,245,185,71,65,126,155
64,20,45,236,13,248,9,112,227,7
64,21,80,17,236,206,244,89,19,43
64,22,128,163,97,140,200,239,181,15
64,23,207,18,68,212,240,101,190,238
64,24,107,72,231,36,172,106,233,219
64,25,122,249,48,200,193,207,163,192
64,26,174,237,89,152,40,141,227,38
64,27,241,186,7,118,10,22,222,40
64,28,222,241,8,30,149,21,226,185
64,29,12,174,236,232,31,155,128,3
64,30,231,157,70,6,189,210,109,243
64,31,216,60,185,71,46,155,179,245
64,32,243,176,171,17,199,175,126,37
64,33,171,214,117,94,23,10,38,12
64,34,187,28,47,58,19,182,173,146
64,35,255,73,201,7,100,161,98,40
64,36,42,58,244,245,0,8,84,210
64,37,87,102,45,220,37,210,164,84
64,38,244,157,114,15,162,167,14,136
64,39,14,220,61,252,23,16,89,52
65,0,181,82,107,122,251,39,99,245
65,1,89,9,166,117,176,248,237,220
65,2,242,185,9,1,202,125,47,222
65,3,216,192,139,28,3,45,86,245
65,4,82,20,30,185,31,232,184,49
65,5,142,174,181,5,225,232,20,25
65,6,108,104,58,189,27,9,71,50
65,7,146,130,94,213,60,163,194,195
65,8,236,9,68,43,211,227,88,26
65,9,111,52,43,105,153,244,34,162
65,10,181,128,85,146,97,154,200,68
65,11,94,212,240,197,157,68,131,37
65,12,57,50,36,107,233,172,66,200
65,13,122,207,13,226,30,19,164,249
65,14,250,152,42,174,89,129,70,141
65,15,118,222,239,22,142,209,236,5
65,16,90,30,222,8,123,234,6,233
65,17,232,231,3,191,26,23,180,62
65,18,70,189,231,157,21,4,28,116
65,19,216,181,185,179,155,43,21,245
65,20,236,13,46,9,43,211,248,227
65,21,111,43,244,89,68,250,139,222
65,22,68,181,160,200,140,103,97,128
65,23,212,197,80,64,240,68,94,131
65,24,66,173,107,57,36,72,233,234
65,25,207,122,164,48,249,193,70,238
65,26,141,89,174,76,111,250,15,22
65,27,118,5,10,222,22,236,186,7
65,28,222,30,8,241,129,232,123,233
65,29,26,232,199,3,128,180,150,169
65,30,55,109,157,231,70,4,235,189
65,31,237,216,196,46,185,126,179,155
65,32,224,243,176,126,197,171,199,32
65,33,179,201,10,171,156,38,12,117
65,34,49,217,47,28,213,146,173,235
65,35,201,224,255,73,217,40,100,98
65,36,58,255,24,42,244,57,31,25
65,37,102,87,50,45,210,221,14,37
65,38,244,146,157,15,114,162,167,14
65,39,14,13,85,177,252,220,61,89
66,0,109,78,177,135,55,148,75,12
66,1,163,236,1,243,21,42,117,226
66,2,228,185,221,168,47,242,160,9
66,3,16,249,234,192,63,216,247,180
66,4,243,204,82,169,30,1,11,225
66,5,142,181,228,139,129,232,48,177
66,6,108,201,58,189,27,50,25,253
66,7,38,130,94,146,6,246,83,60
66,8,9,236,47,211,106,26,183,63
66,9,52,111,75,43,65,139,34,32
66,10,128,146,181,109,97,200,241,119
66,11,240,94,68,37,157,212,131,197
66,12,200,57,36,50,107,172,80,66
66,13,122,207,13,19,27,249,70,253
66,14,17,250,152,70,174,89,141,129
66,15,222,118,239,142,178,236,112,22
66,16,234,30,222,233,90,53,241,6
66,17,232,19,62,220,180,214,191,36
66,18,116,209,70,189,231,157,28,4
66,19,216,179,155,181,185,48,43,7
66,20,236,47,211,9,13,43,227,46
66,21,111,32,244,43,52,139,186,34
66,22,181,146,109,200,128,97,242,77
66,23,197,131,164,68,157,218,212,240
66,24,36,50,166,55,107,66,47,231
66,25,230,122,207,0,13,48,249,70
66,26,141,250,89,196,17,70,111,174
66,27,222,18,178,112,118,10,236,35
66,28,30,53,8,222,241,232,129,56
66,29,19,232,62,180,3,9,128,170
66,30,209,157,109,231,55,70,116,235
66,31,216,155,196,247,179,185,46,55
66,32,58,243,248,171,26,14,126,176
66,33,198,10,171,84,176,38,12,250
66,34,164,94,48,249,18,59,80,47
66,35,201,73,255,100,1,98,176,131
66,36,58,42,228,244,79,84,223,57
66,37,214,102,244,210,87,56,45,156
66,38,55,244,197,50,141,114,204,157
66,39,83,226,14,136,101,209,220,15
67,0,209,156,17,152,52,167,159,149
67,1,236,42,214,163,70,243,105,21
67,2,3,19,168,51,204,176,185,104
67,3,234,63,44,197,248,45,247,78
67,4,243,169,30,137,80,178,1,212
67,5,77,232,142,228,48,203,64,223
67,6,201,195,58,187,9,253,104,100
67,7,38,146,130,83,94,95,119,246
67,8,9,121,106,236,68,211,13,232
67,9,43,111,52,75,105,65,192,32
67,10,128,181,146,154,242,97,85,200
67,11,94,212,240,131,157,201,37,70
67,12,57,107,234,50,233,200,36,208
67,13,122,19,30,13,207,48,70,230
67,14,250,89,152,70,251,42,129,141
67,15,222,118,239,22,84,135,209,236
67,16,30,90,6,53,241,123,233,8
67,17,62,214,23,19,232,191,231,180
67,18,157,28,70,231,189,116,21,222
67,19,216,181,155,7,179,175,106,245
67,20,13,9,211,236,215,43,158,218
67,21,244,111,17,89,236,80,43,52
67,22,128,181,146,154,242,200,85,97
67,23,212,68,197,131,218,94,201,157
67,24,57,231,107,233,11,166,234,84
67,25,230,48,122,207,249,169,30,36
67,26,89,174,141,227,40,251,235,250
67,27,118,222,10,186,7,22,135,252
67,28,30,53,8,241,222,90,123,206
67,29,62,128,19,12,232,3,174,169
67,30,157,109,70,231,151,210,189,116
67,31,216,247,185,46,155,245,126,18
67,32,26,243,14,126,171,18,144,32
67,33,171,10,139,198,38,84,68,12
67,34,48,94,18,28,59,47,11,173
67,35,201,73,255,100,98,1,131,40
67,36,58,42,79,244,44,57,84,130
67,37,210,87,102,45,56,162,37,83
67,38,114,244,15,157,162,14,3,167
67,39,14,77,44,220,61,252,89,219
68,0,247,88,57,146,128,87,11,59
68,1,29,17,232,43,178,175,0,117
68,2,90,70,207,164,40,254,14,26
68,3,234,70,67,75,89,28,47,63
68,4,30,82,126,181,224,23,7,3
68,5,174,142,24,5,223,232,139,252
68,6,123,149,108,58,50,49,9,104
68,7,129,146,223,84,83,253,68,95
68,8,68,236,248,9,46,13,207,227
68,9,69,111,80,244,108,17,236,162
68,10,68,128,97,181,200,140,154,15
68,11,212,207,68,201,197,174,94,190
68,12,231,72,107,233,234,66,172,57
68,13,164,48,122,207,192,70,230,245
68,14,174,227,250,111,152,89,141,70
68,15,222,186,118,10,142,22,7,236
68,16,222,241,30,90,21,167,123,232
68,17,12,26,232,206,199,214,23,36
68,18,157,70,231,109,210,238,4,198
68,19,216,46,185,126,245,206,155,71
68,20,45,236,9,13,58,60,227,68
68,21,80,17,244,111,236,182,43,148
68,22,68,200,181,140,128,97,154,30
68,23,68,190,210,207,101,240,212,131
68,24,231,72,36,107,233,84,200,183
68,25,164,122,48,207,193,249,36,200
68,26,237,174,227,89,141,235,152,40
68,27,203,10,7,222,40,118,186,241
68,28,30,8,241,129,222,21,226,199
68,29,26,12,174,128,169,240,232,55
68,30,157,231,70,109,210,4,189,238
68,31,216,60,46,185,245,196,126,155
68,32,243,224,197,126,171,89,176,175
68,33,177,171,156,10,117,84,12,38
68,34,49,15,217,173,28,47,146,213
68,35,201,73,224,98,255,100,161,123
68,36,58,42,255,24,57,239,244,84
68,37,87,210,102,45,50,221,14,37
68,38,114,244,146,15,162,157,14,167
68,39,14,13,85,220,177,252,61,89
69,0,180,31,55,177,152,155,224,231
69,1,42,111,117,239,22,105,245,118
69,2,249,199,207,157,70,185,3,193
69,3,234,197,180,215,18,87,113,247
69,4,243,169,30,11,194,63,204,51
69,5,187,225,5,115,142,38,228,252
69,6,123,108,201,25,9,70,129,50
69,7,246,129,95,146,84,130,63,238
69,8,236,124,9,58,68,43,45,170
69,9,17,80,244,111,144,108,236,242
69,10,140,200,181,128,30,15,154,107
69,11,212,68,190,94,216,201,59,220
69,12,231,107,233,72,217,234,172,57
69,13,48,122,156,207,30,36,192,82
69,14,174,89,251,152,227,141,70,250
69,15,186,222,22,118,142,197,10,9
69,16,241,30,90,21,193,123,233,167
69,17,12,23,190,205,50,90,147,240
69,18,231,70,157,238,151,11,21,109
69,19,216,245,155,185,126,46,65,85
69,20,13,58,9,236,7,45,211,215
69,21,244,17,80,89,111,242,190,236
69,22,216,181,128,30,154,140,200,15
69,23,201,212,94,250,68,190,59,197
69,24,128,231,7,217,107,119,11,115
69,25,48,156,230,192,97,249,122,19
69,26,40,89,174,218,146,171,235,152
69,27,186,22,118,222,7,142,10,135
69,28,193,167,241,30,190,233,196,224
69,29,88,61,180,62,12,21,173,128
69,30,50,70,231,63,162,157,165,235
69,31,216,185,18,43,155,38,126,245
69,32,179,125,18,171,176,86,131,243
69,33,177,132,10,139,171,104,68,38
69,34,44,173,48,240,28,195,238,94
69,35,201,190,148,73,255,185,145,65
69,36,79,39,142,115,202,42,227,58
69,37,27,78,193,102,87,169,83,101
69,38,215,169,119,114,157,75,15,244
69,39,158,231,44,14,220,61,254,179
70,0,123,229,196,249,216,7,105,160
70,1,225,118,244,231,93,155,117,27
70,2,103,4,100,17,163,227,145,210
70,3,133,234,187,235,152,37,31,84
70,4,30,13,142,236,102,222,167,54
70,5,6,104,5,193,186,253,90,205
70,6,167,153,108,123,178,9,250,174
70,7,23,210,29,1,83,146,253,10
70,8,234,180,116,28,7,13,201,77
70,9,94,13,164,29,105,4,192,197
70,10,169,130,216,85,31,198,213,143
70,11,189,107,212,94,250,84,216,128
70,12,107,128,26,57,63,74,234,121
70,13,147,43,48,156,134,30,124,41
70,14,51,251,124,16,186,89,178,42
70,15,22,162,81,84,239,148,200,207
70,16,233,5,167,196,133,206,123,249
70,17,250,87,50,61,76,172,205,3
70,18,179,57,50,187,21,12,211,222
70,19,20,109,130,106,155,205,175,68
70,20,234,13,115,124,4,201,116,28
70,21,13,29,164,94,192,89,105,4
70,22,130,169,35,73,198,31,85,159
70,23,189,107,128,94,42,212,250,62
70,24,74,63,26,57,1,128,15,234
70,25,48,147,134,43,156,124,249,30
70,26,124,89,51,148,32,178,206,251
70,27,22,81,118,200,84,87,181,239
70,28,5,167,133,249,206,222,196,233
70,29,250,172,50,76,173,87,231,205
70,30,187,179,70,21,81,231,189,205
70,31,130,106,216,181,155,38,175,251
70,32,98,99,131,212,134,186,91,176
70,33,183,238,232,38,29,126,10,73
70,34,84,207,173,180,171,235,96,61
70,35,145,20,80,63,57,255,153,73
70,36,120,181,70,211,244,31,119,145
70,37,31,190,95,58,182,102,83,87
70,38,75,71,148,92,95,157,244,4
70,39,2,69,38,189,254,213,14,61
71,0,185,66,106,32,56,40,110,147
71,1,117,118,242,42,112,84,19,86
71,2,133,58,121,60,80,255,217,219
71,3,234,214,202,19,92,90,219,193
71,4,118,139,30,8,88,25,242,122
71,5,147,5,114,44,100,161,27,254
71,6,183,42,164,90,142,3,166,221
71,7,1,210,16,101,19,146,217,2
71,8,112,207,28,234,13,201,186,184
71,9,178,13,206,156,105,192,4,43
71,10,31,142,114,163,62,159,161,250
71,11,69,27,109,195,156,107,250,11
71,12,132,155,191,138,7,121,181,46
71,13,48,22,168,124,41,18,30,70
71,14,235,251,241,186,89,206,75,156
71,15,22,99,84,44,239,207,118,120
71,16,167,119,180,90,123,224,30,233
71,17,155,50,23,191,231,229,56,173
71,18,165,159,21,12,162,9,222,190
71,19,38,175,178,106,65,155,111,43
71,20,13,112,201,28,207,184,186,9
71,21,192,206,178,43,14,145,89,105
71,22,31,142,159,85,163,47,51,114
71,23,11,109,69,27,250,156,94,18
71,24,155,121,57,107,132,46,36,7
71,25,124,48,22,122,249,30,70,110
71,26,89,235,186,249,251,38,172,156
71,27,99,22,245,52,219,44,239,106
71,28,12,167,119,6,224,90,178,123
71,29,173,155,191,235,188,23,177,231
71,30,62,21,158,165,208,159,28,9
71,31,38,134,169,71,175,155,40,217
71,32,210,174,212,17,42,201,147,46
71,33,23,105,214,172,186,165,10,116
71,34,12,131,173,206,45,233,129,58
71,35,30,159,54,80,99,63,120,192
71,36,145,253,168,88,0,13,250,107
71,37,192,107,95,164,84,220,83,37
71,38,136,75,44,157,126,228,139,93
71,39,23,254,16,15,115,146,36,68
72,0,3,1,218,65,154,163,2,212
72,1,217,42,153,118,190,117,35,105
72,2,251,201,13,58,180,5,89,237
72,3,234,0,44,42,113,199,202,58
72,4,180,30,190,25,139,134,194,80
72,5,172,213,59,147,5,14,116,253
72,6,243,108,174,42,114,37,178,85
72,7,16,217,61,210,146,219,1,31
72,8,28,207,201,135,157,13,68,88
72,9,192,43,14,234,196,185,245,105
72,10,98,31,47,159,142,110,244,139
72,11,109,199,94,169,250,175,110,11
72,12,107,121,33,97,57,125,132,46
72,13,124,122,48,30,94,110,207,42
72,14,235,186,251,89,249,188,168,219
72,15,51,22,245,219,135,239,231,119
72,16,22,224,90,123,167,6,233,30
72,17,213,191,173,162,23,235,56,147
72,18,9,21,165,19,222,12,173,28
72,19,38,175,106,155,217,216,134,65
72,20,13,201,25,135,9,236,28,157
72,21,192,185,160,43,89,65,234,105
72,22,47,98,159,31,139,110,244,85
72,23,109,169,199,94,250,175,11,158
72,24,33,121,97,107,7,132,155,65
72,25,124,48,94,126,70,22,122,214
72,26,89,186,235,218,143,251,168,249
72,27,51,22,245,44,219,239,231,26
72,28,58,12,90,224,182,6,167,233
72,29,162,173,213,191,235,177,23,43
72,30,19,70,165,62,158,28,21,79
72,31,38,175,134,2,155,71,40,112
72,32,174,210,56,83,129,212,148,142
72,33,152,186,247,165,111,59,206,240
72,34,183,131,45,173,206,241,129,233
72,35,63,120,159,30,90,126,80,54
72,36,145,251,168,107,250,88,13,231
72,37,248,81,151,255,117,83,87,37
72,38,20,52,75,13,124,157,44,48
72,39,29,240,55,254,74,15,149,115
73,0,239,1,250,134,23,19,178,136
73,1,15,253,116,4,42,2,41,217
73,2,180,183,167,251,89,31,165,50
73,3,234,0,227,19,44,113,213,202
73,4,190,30,180,10,194,231,249,25
73,5,59,172,5,14,254,81,67,147
73,6,243,42,108,142,250,198,48,178
73,7,16,210,217,146,1,83,130,219
73,8,207,28,88,201,68,13,5,232
73,9,192,14,43,234,196,105,231,145
73,10,31,142,98,159,47,85,114,110
73,11,109,250,169,94,203,107,199,84
73,12,132,107,121,155,7,97,33,57
73,13,124,48,22,122,30,41,168,51
73,14,235,251,186,89,156,249,188,178
73,15,22,239,245,84,44,219,197,113
73,16,167,180,90,22,224,123,249,182
73,17,213,191,50,23,56,162,229,231
73,18,165,12,9,90,21,222,28,173
73,19,175,216,178,71,106,111,155,38
73,20,13,207,201,28,186,212,124,69
73,21,192,14,13,145,89,43,237,4
73,22,142,85,31,47,62,159,98,51
73,23,109,250,94,169,107,203,84,158
73,24,155,132,57,7,121,136,33,191
73,25,48,22,124,51,220,29,18,122
73,26,156,186,89,235,206,152,249,241
73,27,22,113,239,142,207,118,44,222
73,28,167,99,224,90,249,188,21,12
73,29,213,50,7,191,23,56,231,162
73,30,70,19,81,28,165,90,103,231
73,31,106,175,252,91,216,181,71,68
73,32,96,148,212,186,201,91,106,246
73,33,132,58,29,95,238,237,116,38
73,34,45,183,180,61,28,235,171,101
73,35,145,191,153,255,20,63,73,201
73,36,211,39,251,120,244,202,145,31
73,37,102,83,37,190,184,87,101,31
73,38,95,157,75,5,88,244,241,3
73,39,75,115,146,14,254,164,166,61
74,0,142,166,97,113,205,210,10,213
74,1,34,199,62,158,26,235,117,59
74,2,183,180,127,64,50,239,0,218
74,3,211,42,234,53,90,240,119,135
74,4,17,161,190,30,105,131,251,10
74,5,14,5,254,172,100,69,56,67
74,6,42,241,166,2,243,108,193,142
74,7,40,210,91,1,16,146,83,217
74,8,207,28,127,201,88,184,13,236
74,9,39,192,105,13,231,145,43,237
74,10,62,31,85,127,142,7,140,158
74,11,42,250,94,109,107,181,239,10
74,12,107,219,132,121,133,205,125,7
74,13,48,41,124,30,140,70,110,181
74,14,251,235,186,37,89,157,16,156
74,15,22,84,9,239,118,135,219,113
74,16,167,211,90,249,74,123,8,226
74,17,50,23,205,56,31,17,229,213
74,18,21,165,231,12,135,9,222,28
74,19,40,155,111,181,175,68,71,107
74,20,184,201,236,13,207,190,88,28
74,21,231,105,89,236,39,13,234,162
74,22,85,160,31,51,107,143,7,140
74,23,80,94,212,107,250,102,240,225
74,24,132,172,107,46,57,7,133,219
74,25,48,41,122,124,249,30,70,207
74,26,89,152,172,156,157,235,251,141
74,27,118,22,186,222,209,65,207,236
74,28,241,222,167,30,8,99,226,211
74,29,231,23,232,213,240,191,180,90
74,30,70,231,28,235,165,189,157,238
74,31,216,130,106,179,181,175,185,16
74,32,96,148,176,171,212,186,91,42
74,33,190,29,232,10,58,238,38,171
74,34,88,235,47,61,180,114,22,45
74,35,255,145,73,153,30,20,40,59
74,36,207,31,244,181,29,25,84,120
74,37,102,37,31,87,220,83,84,190
74,38,157,244,5,95,71,228,75,59
74,39,9,115,14,213,241,146,61,145
75,0,57,6,56,66,110,115,127,60
75,1,158,250,112,117,199,145,180,235
75,2,238,64,239,127,183,234,180,50
75,3,70,171,19,90,234,240,189,237
75,4,17,74,254,30,138,196,122,190
75,5,24,169,5,144,249,172,214,149
75,6,250,42,128,2,73,142,241,223
75,7,210,1,217,56,40,16,83,128
75,8,207,28,201,202,88,13,19,184
75,9,192,148,13,43,217,105,145,14
75,10,73,24,252,92,31,46,42,85
75,11,210,93,154,94,254,250,147,95
75,12,107,84,18,121,57,133,234,172
75,13,122,124,48,41,30,84,207,110
75,14,251,178,89,235,188,186,16,129
75,15,101,22,203,84,239,245,219,135
75,16,161,167,249,6,90,123,224,200
75,17,130,191,23,50,56,32,147,7
75,18,12,9,222,165,28,21,173,211
75,19,175,106,111,155,181,68,216,107
75,20,201,13,202,236,124,28,207,43
75,21,148,192,43,4,89,236,234,162
75,22,73,85,24,80,143,252,92,42
75,23,210,154,94,28,147,93,250,212
75,24,57,84,107,18,7,132,181,121
75,25,48,122,51,124,207,30,22,70
75,26,156,186,152,251,178,89,249,206
75,27,203,22,239,222,113,118,9,142
75,28,161,167,8,99,249,241,21,222
75,29,214,231,191,23,206,50,56,7
75,30,28,165,231,103,70,189,222,71
75,31,91,175,181,199,179,107,71,68
75,32,62,48,91,246,102,221,212,18
75,33,96,58,151,107,121,253,38,248
75,34,56,175,208,95,171,252,235,55
75,35,85,20,218,236,99,94,161,255
75,36,211,202,195,246,152,139,248,67
75,37,174,161,67,83,60,87,143,135
75,38,234,30,201,9,44,126,39,3
75,39,246,1,92,215,250,183,125,15
76,0,84,127,63,111,188,172,102,202
76,1,117,198,111,239,118,42,145,29
76,2,15,239,64,234,127,134,183,230
76,3,116,171,214,55,20,234,19,202
76,4,215,74,112,30,17,12,136,25
76,5,169,253,144,24,5,249,72,1
76,6,73,2,250,42,241,142,178,128
76,7,56,16,210,40,1,217,95,83
76,8,207,65,88,13,201,28,212,115
76,9,13,192,14,145,105,43,148,239
76,10,252,24,31,114,159,133,0,55
76,11,114,250,210,203,109,107,147,180
76,12,132,7,84,43,121,155,46,107
76,13,124,48,38,22,41,18,30,51
76,14,235,251,156,186,89,169,152,206
76,15,22,203,44,239,113,197,142,222
76,16,167,90,207,180,45,123,30,222
76,17,191,50,23,231,197,56,7,213
76,18,165,28,12,222,231,70,9,189
76,19,71,181,175,216,43,245,91,179
76,20,236,13,201,65,184,124,43,227
76,21,111,162,4,43,14,236,242,145
76,22,85,24,97,252,140,128,114,7
76,23,210,84,114,101,28,147,240,212
76,24,57,43,66,7,107,84,46,173
76,25,48,207,51,249,122,238,124,70
76,26,156,141,152,174,89,15,76,251
76,27,44,5,203,22,142,239,222,113
76,28,222,21,161,8,241,167,30,99
76,29,206,231,218,56,7,169,191,213
76,30,70,189,231,165,103,28,71,149
76,31,91,181,71,179,185,199,216,251
76,32,221,91,62,246,102,80,243,212
76,33,96,121,58,107,248,171,151,38
76,34,81,56,208,95,252,235,171,55
76,35,196,236,20,218,132,201,161,255
76,36,211,202,195,246,152,248,131,42
76,37,174,161,67,83,143,45,87,60
76,38,234,30,201,9,44,39,126,101
76,39,1,246,92,250,183,125,220,15
77,0,5,69,250,194,198,67,98,80
77,1,117,228,111,29,63,188,221,239
77,2,15,94,183,239,127,166,64,180
77,3,116,19,20,53,214,171,55,202
77,4,112,215,30,37,12,74,196,182
77,5,169,253,144,1,18,249,24,5
77,6,136,73,2,42,250,241,174,128
77,7,217,56,16,210,161,40,1,146
77,8,120,207,201,28,88,65,13,186
77,9,192,14,145,11,105,148,237,5
77,10,24,31,114,252,7,85,140,0
77,11,250,114,210,147,109,17,55,66
77,12,206,132,121,7,107,84,155,95
77,13,124,48,38,84,51,41,22,18
77,14,235,251,186,249,188,152,89,39
77,15,203,22,44,239,142,113,118,219
77,16,167,137,90,21,180,20,233,123
77,17,191,197,23,50,7,56,130,231
77,18,165,238,28,222,9,12,70,173
77,19,91,175,71,216,21,106,181,179
77,20,120,124,201,13,236,9,43,186
77,21,192,43,14,162,111,237,196,234
77,22,223,24,85,114,252,73,194,97
77,23,114,248,28,84,210,147,94,208
77,24,57,206,107,132,7,95,121,19
77,25,51,48,122,207,124,18,241,238
77,26,251,152,186,89,188,141,156,39
77,27,142,44,113,26,9,22,222,118
77,28,21,137,20,90,241,222,167,99
77,29,206,56,7,231,191,101,232,218
77,30,238,70,165,222,231,103,28,190
77,31,91,71,14,102,216,175,179,68
77,32,102,221,40,62,212,91,176,217
77,33,168,12,121,151,224,96,116,205
77,34,55,81,95,208,149,56,47,102
77,35,39,99,206,60,127,255,20,161
77,36,49,84,210,193,195,8,15,42
77,37,220,15,37,241,193,83,87,84
77,38,59,126,44,228,250,244,80,157
77,39,244,72,15,125,23,14,61,183
78,0,181,82,251,107,245,68,255,39
78,1,188,221,126,63,29,31,82,239
78,2,212,236,194,15,183,94,189,234
78,3,19,203,17,234,214,75,213,114
78,4,12,37,30,74,79,25,112,2
78,5,174,253,1,144,63,18,194,149
78,6,62,136,100,42,250,128,241,2
78,7,85,128,217,146,1,210,13,16
78,8,120,28,207,201,124,88,68,236
78,9,192,14,5,196,11,237,145,162
78,10,223,68,73,114,85,218,143,252
78,11,64,248,250,147,94,210,84,115
78,12,107,57,172,121,206,147,231,133
78,13,164,122,124,230,48,51,41,207
78,14,250,152,188,235,251,89,249,129
78,15,222,101,44,239,245,118,203,22
78,16,137,90,167,30,224,6,123,8
78,17,191,130,32,26,232,101,23,231
78,18,28,173,165,25,9,238,222,231
78,19,175,237,91,7,106,71,14,216
78,20,236,120,9,13,43,124,211,201
78,21,111,192,43,162,234,237,14,89
78,22,223,68,85,194,73,128,92,97
78,23,248,64,94,240,84,101,28,250
78,24,57,107,71,36,66,206,121,18
78,25,122,51,48,164,207,124,238,18
78,26,152,188,250,251,129,141,89,249
78,27,142,222,101,113,22,9,26,5
78,28,137,21,20,222,8,241,30,6
78,29,101,26,232,206,130,32,56,191
78,30,238,70,55,165,231,222,25,103
78,31,237,14,71,179,216,102,91,185
78,32,224,102,101,176,40,62,91,197
78,33,179,201,12,168,156,38,10,171
78,34,55,49,217,149,47,235,188,102
78,35,224,60,206,39,20,127,100,255
78,36,24,255,11,84,15,239,42,210
78,37,50,14,37,241,83,87,97,57
78,38,146,59,228,126,244,44,250,157
78,39,177,85,13,181,61,62,15,14
79,0,2,109,177,41,24,152,223,86
79,1,236,42,178,226,175,68,131,215
79,2,141,221,194,83,93,137,77,157
79,3,66,234,19,202,156,61,58,218
79,4,243,149,30,51,93,169,194,212
79,5,115,213,168,63,66,5,75,52
79,6,62,25,100,18,58,149,71,241
79,7,85,146,130,217,128,61,1,95
79,8,124,28,207,157,201,88,43,68
79,9,14,192,236,196,162,111,43,234
79,10,117,223,85,17,143,251,97,7
79,11,248,84,72,103,94,54,212,21
79,12,57,166,107,172,121,133,147,95
79,13,230,122,51,48,110,207,124,30
79,14,251,152,89,186,42,249,178,250
79,15,76,22,239,222,118,219,101,231
79,16,167,21,30,90,138,123,154,137
79,17,23,231,130,191,56,206,101,232
79,18,238,28,130,165,12,222,9,70
79,19,175,206,106,71,21,237,91,216
79,20,13,236,201,9,124,28,215,43
79,21,43,190,162,192,89,14,234,236
79,22,223,17,85,117,73,128,194,143
79,23,248,209,84,72,94,103,59,212
79,24,57,119,166,107,7,95,121,172
79,25,48,230,122,51,207,18,169,241
79,26,220,152,186,251,89,93,40,129
79,27,142,113,22,222,118,219,26,209
79,28,21,20,137,138,222,233,8,30
79,29,78,101,130,56,232,206,231,191
79,30,238,130,70,165,231,222,55,9
79,31,14,247,102,170,179,216,237,80
79,32,75,14,40,197,176,91,217,212
79,33,12,5,103,179,201,250,38,161
79,34,227,55,149,109,94,5,152,11
79,35,206,114,127,60,214,20,1,131
79,36,48,84,11,24,251,15,104,239
79,37,14,83,37,241,87,97,162,57
79,38,228,59,126,124,244,250,44,185
79,39,177,13,181,62,77,61,89,15
80,0,55,177,31,20,175,13,152,134
80,1,236,178,101,245,42,219,8,68
80,2,31,141,235,116,83,65,55,42
80,3,66,213,234,16,72,243,218,63
80,4,44,30,169,93,51,243,194,11
80,5,149,63,115,139,142,96,52,228
80,6,25,62,100,71,253,128,18,174
80,7,130,146,85,128,95,60,38,94
80,8,236,43,124,248,9,227,183,190
80,9,111,236,43,244,234,5,237,105
80,10,223,181,241,85,97,216,92,73
80,11,248,103,240,212,94,154,208,84
80,12,107,57,119,80,172,133,233,231
80,13,207,122,51,48,230,110,249,30
80,14,152,251,129,250,42,141,89,199
80,15,142,239,22,118,222,101,113,112
80,16,21,222,233,90,167,186,30,20
80,17,206,191,232,231,56,101,71,50
80,18,238,165,70,222,231,28,189,209
80,19,71,181,216,175,144,21,14,106
80,20,201,43,236,13,124,88,9,12
80,21,43,237,190,196,111,162,145,89
80,22,216,223,85,194,241,181,73,128
80,23,248,59,103,84,94,222,154,212
80,24,128,119,57,107,7,205,222,65
80,25,48,230,51,249,207,19,122,238
80,26,152,220,93,89,129,251,141,40
80,27,142,118,17,22,222,26,209,113
80,28,190,241,222,30,233,21,90,193
80,29,180,232,101,88,128,90,56,231
80,30,235,238,70,50,165,231,28,141
80,31,216,18,14,179,185,71,16,144
80,32,92,171,176,76,179,28,246,18
80,33,104,68,151,10,11,29,181,250
80,34,72,48,28,44,5,240,94,47
80,35,255,20,148,114,236,190,218,145
80,36,202,39,147,25,31,211,142,227
80,37,102,83,27,78,193,221,87,174
80,38,157,215,119,244,44,5,80,126
80,39,158,146,244,252,14,61,72,182
81,0,247,226,96,171,11,198,128,90
81,1,169,236,232,81,2,171,133,35
81,2,31,83,116,254,208,55,141,218
81,3,188,221,122,170,234,180,67,66
81,4,60,2,30,105,119,93,82,181
81,5,142,149,61,93,63,139,168,226
81,6,16,100,62,25,18,58,128,250
81,7,85,128,146,95,130,243,1,94
81,8,112,68,124,28,43,248,184,9
81,9,206,5,19,14,236,244,111,237
81,10,85,163,223,181,128,7,9,241
81,11,18,248,103,250,21,212,142,84
81,12,106,57,67,107,95,172,7,133
81,13,200,51,122,124,48,207,116,110
81,14,152,250,38,129,251,70,89,40
81,15,241,222,118,239,22,99,209,17
81,16,149,30,20,241,186,54,90,21
81,17,232,180,206,155,101,191,128,236
81,18,238,165,231,235,70,6,222,28
81,19,216,71,14,179,21,155,16,175
81,20,236,112,68,43,9,13,211,183
81,21,206,52,139,111,43,244,196,19
81,22,181,163,128,85,194,239,241,97
81,23,131,18,101,94,142,130,240,207
81,24,36,67,107,57,230,172,200,66
81,25,200,48,122,249,241,207,51,244
81,26,152,89,250,38,1,141,251,70
81,27,241,118,209,17,222,26,22,142
81,28,241,30,149,222,90,8,233,21
81,29,232,180,155,236,128,90,220,101
81,30,122,235,70,238,6,165,231,145
81,31,16,216,14,155,71,179,60,18
81,32,89,171,176,101,17,199,13,126
81,33,214,68,23,10,12,94,29,38
81,34,47,187,114,182,19,58,54,153
81,35,255,30,40,34,100,159,131,59
81,36,31,25,253,0,84,42,57,244
81,37,102,37,220,221,83,164,84,87
81,38,5,157,244,136,44,210,22,15
81,39,146,115,213,14,252,23,16,61
82,0,191,115,2,120,152,254,208,72
82,1,153,42,118,167,48,25,117,214
82,2,223,187,211,139,170,216,51,225
82,3,234,108,197,63,56,66,0,61
82,4,30,178,32,217,117,149,194,180
82,5,48,131,94,35,63,46,133,203
82,6,129,108,58,71,104,48,32,85
82,7,94,130,220,83,1,213,146,95
82,8,26,236,183,68,211,9,124,248
82,9,52,139,234,196,162,244,242,43
82,10,181,201,20,194,128,170,15,239
82,11,131,94,240,146,212,208,9,6
82,12,107,200,36,172,57,230,22,47
82,13,244,122,203,207,241,249,48,27
82,14,152,70,66,89,250,251,16,219
82,15,188,22,209,118,9,17,95,222
82,16,233,30,10,241,90,123,222,6
82,17,232,180,170,206,245,71,130,62
82,18,235,122,70,145,209,231,165,222
82,19,118,216,16,206,155,179,37,21
82,20,236,211,13,9,248,215,26,43
82,21,52,43,139,244,162,196,89,34
82,22,20,181,201,194,170,128,109,154
82,23,131,135,94,146,115,240,68,101
82,24,36,107,200,13,47,172,6,166
82,25,244,203,122,118,70,241,207,193
82,26,66,89,152,70,144,250,219,141
82,27,18,188,95,209,17,118,79,9
82,28,10,233,30,241,87,222,105,123
82,29,232,126,170,180,71,131,174,220
82,30,209,70,18,235,122,145,116,87
82,31,118,16,60,55,155,247,216,47
82,32,144,26,191,19,171,78,120,58
82,33,12,161,176,185,47,29,197,10
82,34,163,47,249,222,109,153,103,143
82,35,40,44,9,30,255,121,131,34
82,36,148,31,55,25,42,79,57,11
82,37,160,102,196,37,87,83,162,214
82,38,132,242,157,244,195,52,210,15
82,39,197,115,228,224,66,219,6,5
83,0,129,230,128,159,13,178,87,16
83,1,166,214,13,69,223,15,222,52
83,2,74,215,17,145,54,85,144,225
83,3,163,234,146,63,40,105,216,239
83,4,206,130,194,99,178,117,113,30
83,5,131,64,48,181,52,139,232,94
83,6,203,195,108,187,71,58,189,223
83,7,94,83,130,166,149,154,220,183
83,8,26,106,202,28,68,236,124,248
83,9,43,52,139,193,196,244,162,65
83,10,20,181,201,128,170,225,154,42
83,11,131,94,240,201,135,10,212,254
83,12,107,36,57,200,172,230,72,231
83,13,244,122,203,30,249,101,223,27
83,14,152,70,89,219,251,250,66,16
83,15,188,209,95,118,22,222,9,17
83,16,30,233,241,90,123,6,222,40
83,17,232,180,170,10,9,130,126,62
83,18,235,145,116,209,70,231,18,165
83,19,118,216,16,37,155,179,206,106
83,20,236,211,26,13,9,202,248,215
83,21,52,139,43,244,89,162,34,196
83,22,20,181,201,128,170,154,194,137
83,23,131,135,94,174,71,115,146,167
83,24,36,107,200,230,166,50,119,172
83,25,244,122,203,118,207,27,84,253
83,26,152,89,250,70,219,66,1,251
83,27,18,188,95,209,17,118,10,252
83,28,241,30,233,87,222,114,82,56
83,29,232,170,180,9,220,128,71,62
83,30,116,209,235,229,145,70,151,231
83,31,16,47,216,118,155,247,37,18
83,32,26,171,144,78,19,135,191,176
83,33,47,10,197,12,167,25,225,84
83,34,163,47,103,48,109,7,153,18
83,35,9,255,117,40,201,30,100,58
83,36,31,25,57,244,58,37,79,11
83,37,102,87,221,37,160,83,196,14
83,38,242,157,244,15,132,99,162,39
83,39,219,6,66,197,189,115,14,213
84,0,13,230,178,191,55,19,31,174
84,1,0,4,239,141,80,214,42,100
84,2,111,207,74,42,40,215,67,17
84,3,43,146,234,40,163,171,63,246
84,4,206,117,135,212,148,32,169,130
84,5,201,64,142,48,131,232,181,139
84,6,187,108,8,58,71,25,223,174
84,7,94,130,38,146,83,95,166,154
84,8,211,236,26,68,9,183,124,13
84,9,52,111,196,139,43,65,162,244
84,10,181,137,154,128,20,239,170,242
84,11,94,131,240,212,174,68,201,146
84,12,36,172,57,107,233,200,230,231
84,13,122,244,207,253,2,30,226,241
84,14,152,70,89,250,251,174,141,1
84,15,118,209,222,239,22,95,17,142
84,16,241,30,90,233,123,53,6,222
84,17,180,232,62,214,128,21,90,231
84,18,116,231,235,70,28,189,229,21
84,19,216,155,179,16,181,185,118,175
84,20,211,236,13,215,9,43,26,248
84,21,52,139,244,89,162,111,43,196
84,22,181,137,154,20,128,242,170,146
84,23,131,174,201,94,212,222,197,68
84,24,57,50,36,128,11,230,119,55
84,25,101,244,48,207,0,122,241,70
84,26,152,89,1,141,70,251,218,250
84,27,118,26,222,209,239,95,188,10
84,28,193,30,241,90,233,114,82,196
84,29,88,62,180,61,232,170,220,9
84,30,50,116,70,229,231,235,209,21
84,31,216,197,18,16,252,47,43,155
84,32,144,179,131,254,125,26,171,176
84,33,104,132,10,47,250,38,68,139
84,34,48,44,103,56,240,163,171,252
84,35,218,20,145,236,255,9,74,161
84,36,202,211,39,115,49,248,244,42
84,37,174,27,67,143,83,87,60,161
84,38,234,157,30,44,169,39,244,242
84,39,75,14,92,220,61,89,6,179
85,0,113,166,142,97,215,205,150,123
85,1,34,26,118,59,117,0,187,239
85,2,164,40,70,90,103,175,14,4
85,3,146,211,37,31,234,46,67,135
85,4,161,30,65,167,13,14,82,39
85,5,104,142,252,161,253,186,139,232
85,6,108,174,58,167,100,62,187,71
85,7,91,29,128,85,23,146,83,94
85,8,28,33,236,207,9,89,43,13
85,9,39,192,94,29,13,196,111,244
85,10,85,130,128,7,181,223,216,137
85,11,20,94,250,107,174,212,84,147
85,12,57,107,230,63,205,26,233,133
85,13,124,30,122,43,51,48,41,207
85,14,235,251,89,152,250,249,178,186
85,15,22,239,44,65,84,245,222,219
85,16,167,90,123,30,6,249,224,5
85,17,23,191,231,61,56,213,50,172
85,18,187,28,148,12,222,50,231,165
85,19,130,175,181,106,216,155,160,43
85,20,13,201,33,236,124,212,43,28
85,21,39,29,94,13,4,43,192,89
85,22,85,130,31,128,143,7,51,83
85,23,20,94,250,84,107,147,212,174
85,24,57,63,7,26,132,128,107,160
85,25,48,43,124,51,249,147,122,84
85,26,156,186,152,89,124,206,249,251
85,27,65,22,113,239,207,142,222,81
85,28,167,99,5,222,96,224,161,249
85,29,172,50,231,56,191,23,90,7
85,30,148,70,187,103,231,165,189,222
85,31,130,91,181,43,179,252,175,107
85,32,99,91,62,113,254,246,40,80
85,33,190,232,104,58,151,248,107,38
85,34,56,88,55,161,97,235,252,171
85,35,218,20,236,39,99,145,60,161
85,36,207,211,49,202,152,246,248,131
85,37,174,67,83,161,87,143,45,193
85,38,234,30,71,9,39,44,126,80
85,39,92,244,250,72,183,69,125,220
86,0,6,78,89,18,56,238,136,241
86,1,117,118,191,250,6,239,112,186
86,2,87,40,198,70,217,121,22,152
86,3,146,19,234,202,92,67,237,246
86,4,118,253,30,65,25,228,242,74
86,5,142,249,174,5,1,226,6,149
86,6,100,58,108,62,71,25,42,187
86,7,2,85,91,94,44,210,1,217
86,8,157,120,248,207,28,236,201,124
86,9,192,13,5,196,162,244,43,14
86,10,253,68,12,161,181,128,223,140
86,11,64,142,195,248,20,156,208,130
86,12,57,172,67,107,95,231,234,154
86,13,42,48,100,22,41,122,29,207
86,14,152,251,213,89,70,129,235,250
86,15,22,222,118,26,142,17,209,9
86,16,137,167,96,30,90,241,119,222
86,17,185,191,180,232,130,23,50,206
86,18,148,165,238,70,231,190,235,222
86,19,216,175,71,197,155,179,106,102
86,20,124,157,236,13,9,215,201,120
86,21,43,196,89,139,192,162,111,244
86,22,12,253,68,128,181,97,223,239
86,23,64,248,94,131,101,174,68,20
86,24,57,107,67,138,172,36,230,7
86,25,42,48,122,249,207,22,51,241
86,26,152,141,89,251,174,16,129,186
86,27,142,222,118,26,22,209,10,9
86,28,30,20,222,241,21,96,8,167
86,29,185,232,104,180,206,90,41,191
86,30,238,70,72,148,231,235,157,190
86,31,216,185,71,179,14,102,251,18
86,32,224,176,126,171,42,62,102,197
86,33,12,63,18,168,10,156,38,142
86,34,55,152,47,206,149,54,188,70
86,35,100,255,39,214,131,201,73,161
86,36,251,24,42,239,244,84,58,116
86,37,50,14,87,83,90,37,102,241
86,38,244,157,146,15,59,44,86,162
86,39,177,220,13,85,61,14,252,62
87,0,78,223,177,36,120,55,163,214
87,1,244,93,101,1,254,245,7,42
87,2,228,182,157,194,139,171,216,77
87,3,16,234,58,63,113,18,66,215
87,4,169,149,253,30,194,204,93,126
87,5,225,213,115,48,139,142,6,66
87,6,108,25,245,62,71,58,189,17
87,7,94,130,220,85,146,95,150,138
87,8,124,47,236,215,248,183,9,211
87,9,52,80,162,144,244,196,190,111
87,10,117,181,12,253,239,15,103,140
87,11,212,68,248,240,94,211,208,6
87,12,172,166,231,36,234,107,233,173
87,13,42,100,122,48,128,193,207,136
87,14,152,174,70,227,141,89,251,237
87,15,7,118,209,186,10,222,22,142
87,16,30,241,21,222,90,154,167,137
87,17,232,206,185,180,31,36,49,71
87,18,70,231,238,235,209,157,148,109
87,19,216,185,206,126,71,155,60,179
87,20,236,215,13,211,248,9,124,43
87,21,52,80,196,244,162,89,139,190
87,22,181,253,12,17,239,117,140,128
87,23,248,68,209,131,212,146,208,6
87,24,166,36,172,119,231,233,183,107
87,25,42,48,128,193,249,122,207,241
87,26,152,141,174,89,227,70,1,199
87,27,10,7,118,142,209,9,186,222
87,28,241,30,138,21,222,137,20,247
87,29,232,78,185,90,206,31,174,3
87,30,70,231,238,72,235,36,209,66
87,31,60,185,216,18,126,71,155,247
87,32,26,126,176,14,171,197,120,248
87,33,12,250,103,38,10,248,63,185
87,34,109,227,249,47,152,55,11,80
87,35,136,100,255,217,176,44,131,121
87,36,11,138,42,21,251,48,17,116
87,37,214,83,87,14,37,102,162,196
87,38,149,156,15,87,157,14,162,244
87,39,251,61,220,252,15,209,14,83
88,0,52,80,194,87,98,5,240,209
88,1,93,244,7,179,185,73,254,41
88,2,171,139,182,194,69,93,73,222
88,3,234,63,58,155,66,180,219,13
88,4,149,30,253,169,82,239,93,204
88,5,225,213,142,66,133,20,217,48
88,6,108,58,25,104,245,62,27,189
88,7,94,130,146,85,95,220,213,84
88,8,236,124,248,211,68,43,201,28
88,9,52,196,162,105,192,139,234,244
88,10,181,239,176,15,158,128,127,140
88,11,94,42,240,212,190,225,122,2
88,12,107,172,57,217,133,205,36,66
88,13,207,48,156,41,30,110,174,161
88,14,251,199,42,152,186,174,169,73
88,15,22,118,9,142,239,84,186,113
88,16,74,241,211,123,90,226,167,222
88,17,31,90,232,50,205,23,180,56
88,18,231,21,70,189,165,222,28,135
88,19,179,185,175,155,181,216,40,66
88,20,236,201,13,248,163,43,215,88
88,21,231,242,162,105,10,43,89,196
88,22,7,160,15,140,85,97,31,200
88,23,80,10,212,94,2,240,6,190
88,24,172,173,57,46,133,107,171,233
88,25,48,249,241,30,41,23,70,122
88,26,152,141,1,15,251,89,130,172
88,27,239,118,186,209,252,22,10,236
88,28,241,222,8,226,97,227,30,90
88,29,232,31,41,185,240,90,180,3
88,30,70,231,235,72,238,31,4,165
88,31,216,60,18,185,126,247,225,14
88,32,176,126,197,171,14,232,75,26
88,33,12,103,10,38,5,161,185,248
88,34,227,109,47,152,55,11,206,213
88,35,100,217,255,131,214,201,219,127
88,36,11,251,48,42,24,116,239,57
88,37,162,87,83,14,102,37,45,158
88,38,14,15,157,244,124,162,40,126
88,39,15,177,220,61,13,77,252,14
89,0,55,177,31,47,178,152,133,20
89,1,254,206,70,101,42,80,132,44
89,2,235,171,73,3,69,42,100,197
89,3,234,16,192,134,247,180,63,146
89,4,30,44,169,253,180,166,221,32
89,5,225,139,187,142,66,133,6,30
89,6,25,27,115,108,9,62,71,100
89,7,85,94,130,95,24,1,220,166
89,8,124,215,236,248,68,183,201,45
89,9,80,244,196,52,220,144,5,4
89,10,216,181,30,140,12,200,103,239
89,11,248,212,68,113,208,6,240,197
89,12,172,231,107,173,95,234,204,36
89,13,48,193,128,207,136,42,122,163
89,14,152,174,70,227,141,79,129,251
89,15,142,118,7,10,22,209,112,9
89,16,21,241,222,30,20,233,190,167
89,17,206,232,71,90,128,185,180,31
89,18,209,70,238,235,231,36,190,157
89,19,185,216,71,251,126,21,155,58
89,20,215,236,248,13,124,9,211,43
89,21,80,196,162,220,244,89,242,190
89,22,140,181,12,30,216,253,239,194
89,23,248,113,68,212,208,197,59,131
89,24,119,173,172,107,233,128,231,36
89,25,48,193,42,163,128,100,22,249
89,26,152,174,141,227,89,199,129,1
89,27,118,10,7,142,9,209,186,32
89,28,241,190,222,21,226,30,233,206
89,29,232,185,90,3,206,128,31,180
89,30,70,231,238,235,148,209,63,151
89,31,185,216,18,60,71,251,126,155
89,32,176,18,126,144,109,171,246,62
89,33,102,11,248,38,185,139,68,250
89,34,72,240,44,47,28,48,249,109
89,35,236,255,185,161,20,217,219,131
89,36,202,79,142,42,49,39,11,116
89,37,83,87,174,193,161,60,196,27
89,38,234,157,80,44,15,87,30,119
89,39,244,92,183,250,220,72,61,15
90,0,96,226,171,128,80,107,247,198
90,1,232,169,254,15,133,2,90,104
90,2,254,251,36,50,159,146,71,180
90,3,188,221,180,234,63,170,215,122
90,4,169,30,253,82,93,60,166,181
90,5,142,225,61,93,139,66,6,181
90,6,16,25,115,108,62,27,100,245
90,7,85,94,220,1,84,95,150,173
90,8,124,112,248,157,68,215,236,183
90,9,206,244,196,5,144,80,52,14
90,10,181,163,253,103,140,12,128,15
90,11,18,248,68,142,212,211,130,103
90,12,106,172,231,36,67,95,234,200
90,13,200,42,128,48,193,122,100,207
90,14,152,174,70,141,227,237,79,89
90,15,241,118,7,209,222,10,142,22
90,16,241,30,21,222,190,179,149,137
90,17,232,206,155,31,240,36,180,174
90,18,70,231,238,235,157,209,109,36
90,19,216,185,71,126,46,155,179,58
90,20,236,215,211,112,13,248,9,157
90,21,80,206,52,242,244,196,162,89
90,22,181,163,239,67,15,140,200,103
90,23,18,68,142,101,248,6,131,240
90,24,36,172,231,200,183,67,107,173
90,25,128,48,122,193,200,2,241,249
90,26,152,237,89,174,70,141,227,38
90,27,7,118,10,209,40,222,186,241
90,28,30,241,21,226,83,222,8,149
90,29,232,31,90,174,155,240,3,55
90,30,231,70,235,238,36,6,4,209
90,31,216,60,71,185,16,14,132,155
90,32,89,176,126,171,243,17,32,199
90,33,68,214,38,185,12,23,10,94
90,34,47,182,187,54,146,153,70,19
90,35,217,255,201,131,71,161,100,98
90,36,253,42,58,25,116,210,31,0
90,37,102,87,221,84,164,37,220,83
90,38,157,114,244,15,14,136,162,44
90,39,61,146,145,220,16,252,14,23
91,0,47,115,208,203,222,163,152,177
91,1,203,153,7,70,113,42,105,56
91,2,211,12,157,42,180,51,251,245
91,3,234,197,63,215,15,58,16,36
91,4,30,169,180,194,178,182,212,137
91,5,252,181,225,30,75,48,187,139
91,6,129,17,25,108,9,115,201,253
91,7,130,94,220,95,38,146,150,84
91,8,124,236,9,215,211,183,26,248
91,9,80,52,196,244,144,17,111,162
91,10,181,67,239,103,107,15,146,140
91,11,68,212,240,37,6,94,146,197
91,12,36,231,172,200,107,183,72,234
91,13,122,128,193,2,241,207,70,48
91,14,70,152,237,174,89,227,141,250
91,15,118,222,10,209,186,22,7,142
91,16,30,241,90,82,21,233,222,53
91,17,232,71,36,31,214,206,180,185
91,18,70,231,238,235,116,151,157,66
91,19,216,247,185,126,47,155,179,71
91,20,215,236,13,211,9,248,45,124
91,21,80,52,196,89,244,162,190,139
91,22,216,181,239,67,146,15,12,107
91,23,197,68,212,201,248,59,131,37
91,24,119,128,183,36,233,55,11,172
91,25,48,128,19,100,241,207,249,22
91,26,152,174,141,89,70,203,227,1
91,27,118,10,7,209,222,252,239,17
91,28,241,30,222,82,206,21,224,90
91,29,128,232,180,90,3,88,185,21
91,30,70,231,235,238,148,50,151,165
91,31,18,216,185,251,71,155,179,28
91,32,176,28,18,62,171,126,144,179
91,33,11,38,68,10,102,132,248,139
91,34,240,44,28,48,47,70,64,206
91,35,255,236,20,148,161,127,117,39
91,36,202,49,39,142,42,152,116,246
91,37,83,174,87,161,193,60,15,27
91,38,234,157,44,80,30,15,9,126
91,39,244,92,250,183,72,125,220,61
92,0,13,78,120,177,135,149,55,178
92,1,1,244,93,232,117,0,80,192
92,2,12,50,228,171,107,207,164,151
92,3,191,16,155,18,63,174,30,234
92,4,169,11,16,148,71,44,166,204
92,5,225,181,142,139,30,116,75,187
92,6,108,17,25,189,129,27,115,71
92,7,243,94,207,220,138,130,131,238
92,8,236,124,215,47,248,68,183,9
92,9,80,96,52,144,244,162,4,196
92,10,140,7,181,30,239,253,15,109
92,11,153,142,68,2,208,212,6,113
92,12,233,47,231,55,172,234,95,204
92,13,128,48,155,207,100,174,163,249
92,14,152,209,220,174,141,251,1,70
92,15,118,22,239,222,84,209,186,234
92,16,74,107,222,90,241,167,123,30
92,17,231,180,3,205,192,50,44,232
92,18,231,165,70,189,28,21,157,222
92,19,216,181,179,175,106,251,185,43
92,20,236,13,248,184,183,43,68,201
92,21,4,244,111,162,105,89,236,43
92,22,15,128,181,7,85,239,97,140
92,23,212,80,94,131,240,5,190,6
92,24,57,36,46,172,233,47,107,66
92,25,249,48,84,30,207,70,122,241
92,26,152,174,89,209,1,141,199,22
92,27,22,209,118,239,7,186,234,252
92,28,222,10,241,30,206,78,176,21
92,29,126,128,3,232,180,245,49,240
92,30,18,70,231,235,189,209,238,44
92,31,60,15,185,18,216,251,126,55
92,32,58,248,176,62,26,86,91,171
92,33,176,38,36,37,248,12,250,10
92,34,80,255,249,212,226,28,206,182
92,35,20,255,236,49,121,127,95,131
92,36,147,228,21,202,42,199,161,11
92,37,83,156,214,244,193,95,87,174
92,38,73,50,204,141,24,182,161,63
92,39,83,66,127,15,101,137,209,136
93,0,52,167,94,234,156,209,45,17
93,1,244,93,169,70,7,219,100,232
93,2,150,86,230,110,171,107,207,92
93,3,155,234,180,63,215,18,58,87
93,4,94,169,71,30,93,12,164,16
93,5,225,115,232,6,187,129,142,66
93,6,9,3,108,115,92,136,235,62
93,7,243,131,228,94,41,84,181,95
93,8,124,248,183,215,236,13,252,131
93,9,144,244,96,80,196,220,52,14
93,10,181,7,30,253,12,197,140,239
93,11,142,116,212,68,153,248,94,240
93,12,233,231,172,234,57,66,55,183
93,13,48,100,207,122,128,249,174,41
93,14,152,70,141,174,227,1,89,135
93,15,118,209,7,10,222,22,142,248
93,16,241,30,21,90,147,222,78,167
93,17,232,206,180,128,90,71,36,197
93,18,70,235,231,157,238,188,165,189
93,19,216,185,60,126,179,71,91,155
93,20,236,215,13,68,211,9,248,183
93,21,244,96,196,52,89,144,139,162
93,22,181,140,7,0,253,239,218,197
93,23,116,142,212,68,131,15,6,190
93,24,233,36,172,57,231,95,183,247
93,25,48,100,249,241,128,2,207,193
93,26,152,1,174,70,89,220,141,227
93,27,118,7,10,252,209,248,142,17
93,28,241,21,30,78,222,206,230,90
93,29,128,232,206,3,49,180,90,41
93,30,70,231,235,238,165,149,189,69
93,31,60,185,18,216,251,28,71,155
93,32,176,86,162,26,92,126,171,91
93,33,36,250,97,38,181,37,10,248
93,34,255,212,90,206,109,28,238,47
93,35,49,44,255,151,20,120,161,71
93,36,147,234,227,107,39,116,250,11
93,37,15,193,83,95,87,78,102,27
93,38,44,139,157,215,126,15,39,250
93,39,158,72,224,15,36,125,61,149
94,0,242,52,187,96,50,178,12,27
94,1,96,209,40,206,183,80,117,105
94,2,171,69,63,73,123,95,0,183
94,3,180,219,155,234,247,170,63,139
94,4,55,71,94,12,169,180,246,226
94,5,225,232,142,6,115,187,3,5
94,6,108,9,115,3,235,27,136,92
94,7,228,131,243,94,95,41,84,146
94,8,124,183,215,236,248,13,68,9
94,9,244,144,80,52,196,139,96,14
94,10,181,7,197,239,12,140,216,30
94,11,116,68,212,248,6,240,94,2
94,12,57,172,233,231,36,234,107,66
94,13,207,122,174,253,30,249,48,100
94,14,152,174,70,89,1,141,251,42
94,15,209,118,22,239,222,186,17,84
94,16,241,30,90,222,167,123,6,206
94,17,180,231,232,90,128,3,189,191
94,18,231,70,28,165,222,189,157,235
94,19,216,179,175,181,155,185,21,43
94,20,236,13,215,68,43,211,248,183
94,21,52,111,162,4,196,244,139,89
94,22,181,128,85,7,15,239,154,170
94,23,131,212,94,116,190,240,68,84
94,24,57,36,172,233,107,7,230,46
94,25,249,48,122,100,241,70,207,254
94,26,152,89,1,174,70,141,119,199
94,27,118,209,252,7,17,10,22,26
94,28,78,241,30,222,90,178,206,21
94,29,180,232,128,49,3,90,206,240
94,30,70,235,231,165,238,151,145,31
94,31,60,18,216,185,71,28,155,132
94,32,157,176,86,171,126,62,46,175
94,33,117,38,36,97,12,10,142,104
94,34,182,28,206,238,44,47,70,212
94,35,49,255,148,151,20,190,161,71
94,36,234,147,227,39,250,210,116,115
94,37,83,95,84,78,87,27,15,193
94,38,44,157,215,124,126,139,250,15
94,39,158,125,165,61,15,72,252,175
95,0,117,242,121,96,171,185,187,90
95,1,158,135,166,117,96,13,183,40
95,2,24,125,252,247,205,113,78,107
95,3,170,180,100,234,216,14,122,221
95,4,55,180,119,123,71,82,182,139
95,5,232,225,3,237,142,133,223,109
95,6,108,9,3,235,178,115,17,114
95,7,133,94,243,131,228,181,84,146
95,8,248,183,112,124,68,236,215,119
95,9,19,244,144,196,52,206,96,139
95,10,163,181,7,197,239,154,15,140
95,11,18,212,68,2,116,142,190,211
95,12,172,233,57,67,36,234,106,231
95,13,200,207,253,249,100,48,122,174
95,14,152,70,38,174,1,141,89,251
95,15,241,99,209,22,118,17,103,186
95,16,78,222,241,30,149,21,90,232
95,17,232,180,128,206,155,90,236,240
95,18,70,231,235,165,238,6,222,189
95,19,216,179,71,185,155,21,132,233
95,20,236,68,248,13,215,211,112,183
95,21,52,19,196,242,139,244,43,190
95,22,181,163,15,239,154,7,140,128
95,23,18,131,212,101,6,130,142,207
95,24,36,172,57,233,230,107,200,67
95,25,249,48,200,241,207,70,110,122
95,26,152,174,89,38,1,251,220,141
95,27,7,118,209,241,17,186,22,252
95,28,222,241,21,30,78,149,90,206
95,29,232,180,155,128,240,206,236,90
95,30,70,231,235,238,6,165,4,189
95,31,216,60,132,71,14,185,18,155
95,32,17,176,175,37,199,194,171,126
95,33,117,214,94,12,23,38,105,142
95,34,187,28,47,70,54,58,19,182
95,35,40,7,255,151,161,71,20,131
95,36,0,210,245,253,25,8,57,84
95,37,83,84,87,102,220,221,90,164
95,38,157,44,244,126,86,250,22,136
95,39,16,252,23,61,220,68,125,15
96,0,82,181,251,107,39,83,221,245
96,1,117,166,89,119,237,176,220,207
96,2,125,95,185,1,102,191,24,209
96,3,255,158,109,41,73,65,3,227
96,4,82,210,182,97,211,30,227,20
96,5,174,232,3,142,225,223,162,201
96,6,108,104,9,211,139,127,163,78
96,7,146,63,94,130,195,227,213,228
96,8,236,68,248,43,201,9,46,183
96,9,111,162,105,196,43,52,4,213
96,10,181,68,15,128,97,176,85,239
96,11,64,240,94,212,135,42,131,10
96,12,107,66,80,57,172,133,46,36
96,13,207,122,164,249,238,30,226,110
96,14,152,251,174,89,42,141,129,73
96,15,5,239,22,118,209,186,142,234
96,16,222,74,90,167,8,241,123,116
96,17,189,90,232,7,231,50,191,23
96,18,231,70,189,222,165,238,212,21
96,19,179,151,181,216,21,155,71,40
96,20,236,43,184,13,248,201,9,186
96,21,162,111,190,43,145,234,52,237
96,22,160,97,181,68,140,92,15,5
96,23,80,240,212,94,131,157,84,190
96,24,222,66,147,107,36,57,200,172
96,25,207,48,249,156,18,70,238,51
96,26,153,199,141,152,89,246,251,129
96,27,186,209,118,22,239,9,142,113
96,28,222,241,8,74,21,58,232,30
96,29,232,26,150,189,180,90,3,240
96,30,55,70,235,231,238,4,165,48
96,31,237,216,179,132,18,16,60,38
96,32,224,176,197,175,171,126,37,199
96,33,179,201,117,156,12,38,10,142
96,34,49,217,47,28,70,213,58,235
96,35,40,224,255,7,39,71,131,161
96,36,255,24,210,57,25,245,239,84
96,37,83,50,87,102,14,221,90,241
96,38,157,44,146,244,86,126,250,4
96,39,85,252,177,13,61,220,15,62
97,0,109,177,55,78,217,120,75,37
97,1,236,1,90,226,42,117,177,52
97,2,228,221,185,47,13,95,202,160
97,3,16,234,63,180,247,18,167,56
97,4,243,169,16,11,30,113,82,166
97,5,142,225,3,232,223,129,30,6
97,6,108,25,17,32,58,189,115,9
97,7,94,220,138,150,84,133,238,130
97,8,68,248,236,124,215,183,181,225
97,9,52,162,80,242,4,196,144,139
97,10,15,239,117,109,181,154,103,54
97,11,6,208,212,240,2,190,68,94
97,12,47,172,36,166,234,107,139,231
97,13,249,48,230,207,136,155,174,193
97,14,152,174,251,42,89,220,119,79
97,15,22,178,209,186,7,118,73,142
97,16,222,21,107,154,241,233,90,10
97,17,206,240,231,3,232,245,71,18
97,18,70,231,238,165,4,189,31,157
97,19,206,251,185,179,216,237,60,155
97,20,236,248,13,215,47,201,43,211
97,21,242,52,4,43,196,190,162,89
97,22,15,239,181,117,140,154,17,103
97,23,212,208,209,6,146,68,131,240
97,24,47,166,172,36,107,153,66,247
97,25,249,48,193,230,241,70,128,207
97,26,152,174,89,141,144,119,199,192
97,27,7,118,22,209,178,142,10,234
97,28,222,241,21,138,10,226,206,232
97,29,126,232,78,3,240,206,90,31
97,30,70,18,231,238,4,55,235,209
97,31,60,55,185,237,216,15,251,155
97,32,58,248,176,126,26,14,120,37
97,33,176,12,38,103,54,250,179,201
97,34,249,80,94,47,15,227,70,28
97,35,255,40,161,100,131,7,20,123
97,36,138,21,42,228,11,57,116,245
97,37,214,244,83,156,87,102,14,37
97,38,73,177,24,157,204,141,244,44
97,39,226,83,66,209,15,252,127,168
98,0,52,198,38,209,17,253,54,220
98,1,90,177,56,236,49,180,52,105
98,2,150,86,202,230,92,13,221,157
98,3,155,234,66,215,63,87,18,120
98,4,169,149,30,243,93,82,166,1
98,5,81,225,115,3,6,213,48,133
98,6,108,82,25,17,9,115,134,253
98,7,220,130,146,95,1,173,94,150
98,8,236,248,124,68,215,183,9,163
98,9,242,162,52,4,196,10,111,244
98,10,15,239,181,117,154,153,209,107
98,11,212,6,240,207,208,190,94,103
98,12,166,234,172,36,66,107,57,233
98,13,249,48,174,230,193,207,100,128
98,14,152,174,141,42,89,172,251,199
98,15,209,22,7,118,186,142,239,125
98,16,222,241,154,21,30,90,167,233
98,17,206,232,49,3,71,231,240,36
98,18,70,231,238,165,235,189,149,31
98,19,237,206,60,185,251,179,155,216
98,20,236,248,13,215,163,211,181,154
98,21,52,242,196,190,89,162,43,4
98,22,15,239,181,140,154,17,117,107
98,23,212,209,208,6,131,190,240,59
98,24,166,36,172,107,233,66,230,173
98,25,48,249,230,193,241,207,128,70
98,26,152,174,89,141,1,93,192,220
98,27,118,7,209,10,17,252,142,22
98,28,241,222,138,21,30,232,206,226
98,29,232,78,180,3,128,240,31,90
98,30,70,235,231,238,55,4,165,189
98,31,60,216,18,237,185,132,155,16
98,32,176,162,197,14,126,171,120,37
98,33,103,201,179,38,12,250,181,10
98,34,47,227,94,28,11,213,49,70
98,35,255,40,7,71,161,224,220,247
98,36,48,24,57,25,42,210,31,245
98,37,102,87,14,83,221,162,37,158
98,38,157,244,44,4,15,126,124,14
98,39,252,177,61,13,15,220,62,77
99,0,115,2,55,224,152,13,162,41
99,1,206,42,203,117,245,236,105,40
99,2,235,95,199,128,252,139,202,242
99,3,234,197,192,63,16,218,18,243
99,4,243,30,149,44,169,180,82,137
99,5,225,6,133,3,48,30,181,94
99,6,108,17,25,86,85,115,104,70
99,7,220,130,1,95,94,150,146,173
99,8,68,248,236,124,183,181,215,9
99,9,242,52,43,196,4,190,162,139
99,10,15,103,239,216,181,117,154,107
99,11,212,6,240,94,146,222,110,68
99,12,36,234,166,107,172,200,135,55
99,13,249,230,48,193,82,122,253,241
99,14,152,174,251,89,129,172,70,192
99,15,22,209,7,118,186,142,9,184
99,16,222,21,241,30,154,90,233,167
99,17,206,232,71,231,36,240,245,180
99,18,70,238,4,231,165,66,235,181
99,19,206,216,155,251,179,71,234,21
99,20,236,248,13,176,163,181,211,183
99,21,52,242,43,196,89,190,139,244
99,22,15,181,103,239,216,154,170,67
99,23,146,6,212,222,131,68,59,37
99,24,166,55,172,36,128,124,46,107
99,25,249,48,230,70,193,207,241,169
99,26,152,174,89,141,192,237,29,119
99,27,7,118,22,209,10,252,142,40
99,28,222,241,21,138,82,30,233,206
99,29,232,3,78,174,240,128,31,71
99,30,70,238,231,4,235,165,151,66
99,31,60,216,18,185,155,251,179,227
99,32,144,176,14,126,197,171,26,37
99,33,12,103,38,185,161,10,179,102
99,34,94,47,109,227,18,11,28,235
99,35,255,7,40,161,220,131,100,201
99,36,148,48,57,42,44,210,11,116
99,37,14,87,162,83,102,196,241,221
99,38,157,244,44,15,250,126,3,39
99,39,77,61,252,197,62,220,15,177
100,0,55,13,178,151,177,217,134,159
100,1,206,236,44,105,42,117,15,101
100,2,74,12,3,245,235,124,48,47
100,3,234,164,16,197,63,253,66,0
100,4,44,30,82,169,243,49,221,166
100,5,201,3,232,17,223,5,244,177
100,6,108,9,104,17,48,85,149,32
100,7,38,94,133,130,1,95,146,220
100,8,68,236,183,248,13,211,9,215
100,9,52,196,139,162,242,43,111,105
100,10,181,154,216,15,239,85,146,138
100,11,212,94,37,240,190,201,220,6
100,12,57,107,36,172,234,233,230,205
100,13,207,19,122,30,48,249,70,110
100,14,152,174,251,89,42,1,129,141
100,15,22,118,239,209,84,142,186,9
100,16,241,222,90,53,30,161,233,123
100,17,3,62,214,231,205,232,180,90
100,18,70,231,189,21,222,165,238,28
100,19,179,155,185,181,216,251,21,227
100,20,236,13,248,201,43,68,181,211
100,21,89,43,242,196,162,52,4,190
100,22,181,15,146,154,216,85,239,7
100,23,212,201,94,197,218,37,131,59
100,24,128,172,11,234,57,107,233,36
100,25,48,97,249,230,19,41,70,30
100,26,152,89,174,1,95,129,218,172
100,27,22,118,209,239,186,84,9,17
100,28,193,222,241,196,167,90,233,206
100,29,88,61,62,21,180,71,3,119
100,30,50,70,63,231,162,235,165,238
100,31,216,18,43,99,68,155,252,181
100,32,125,176,179,131,171,85,91,86
100,33,68,132,139,104,38,142,11,10
100,34,44,240,94,48,235,28,238,171
100,35,148,190,145,255,20,74,71,161
100,36,115,39,79,227,142,202,147,211
100,37,27,169,78,193,16,93,87,19
100,38,169,75,215,157,119,67,206,196
100,39,231,158,179,117,133,254,134,159
101,0,229,249,196,123,216,7,105,242
101,1,225,118,117,244,231,93,11,27
101,2,103,100,4,163,162,227,145,57
101,3,133,187,234,235,152,37,199,31
101,4,30,13,142,236,102,167,222,251
101,5,104,6,193,253,186,5,90,41
101,6,167,153,108,62,250,174,9,172
101,7,29,23,210,1,83,146,85,128
101,8,234,28,207,116,180,89,13,115
101,9,13,94,29,164,192,43,105,196
101,10,169,130,216,85,31,213,128,143
101,11,189,107,94,250,248,84,147,212
101,12,107,57,63,26,128,74,121,7
101,13,43,147,124,48,30,97,156,134
101,14,51,251,235,124,16,89,186,178
101,15,22,81,239,84,44,200,207,118
101,16,167,5,233,196,123,90,133,249
101,17,250,87,76,61,50,172,23,191
101,18,179,187,50,57,21,12,222,13
101,19,109,130,20,155,205,175,106,111
101,20,234,13,115,201,28,124,4,69
101,21,13,29,94,164,192,89,145,4
101,22,130,169,85,51,198,143,73,35
101,23,189,107,94,42,250,128,84,147
101,24,74,63,26,57,132,7,128,15
101,25,43,48,147,124,134,156,97,41
101,26,124,186,89,51,148,32,178,206
101,27,22,81,207,200,84,118,113,57
101,28,167,5,133,99,196,249,90,224
101,29,50,250,172,76,23,191,231,7
101,30,187,179,81,70,205,12,9,231
101,31,130,106,252,175,216,68,205,181
101,32,98,99,131,186,134,91,212,106
101,33,183,232,238,126,73,38,58,29
101,34,84,207,180,235,171,96,149,34
101,35,145,20,153,63,60,80,57,151
101,36,181,120,70,211,193,210,244,104
101,37,31,190,93,58,182,241,87,83
101,38,75,71,250,92,148,44,59,244
101,39,2,69,189,38,213,254,217,61
102,0,57,88,32,110,56,66,157,106
102,1,118,117,112,242,250,19,73,42
102,2,255,60,238,80,58,121,217,133
102,3,70,19,234,92,214,119,107,131
102,4,118,74,30,242,254,54,138,25
102,5,24,174,5,147,144,249,1,169
102,6,183,250,115,164,42,108,217,189
102,7,129,210,1,217,2,146,101,83
102,8,234,207,28,13,201,202,248,158
102,9,192,148,13,217,105,43,4,162
102,10,228,68,161,73,128,46,155,168
102,11,210,195,27,69,154,93,28,113
102,12,84,155,107,121,191,234,181,18
102,13,164,48,22,168,41,122,142,207
102,14,213,251,89,235,186,238,178,206
102,15,203,22,118,113,222,239,231,84
102,16,167,90,123,21,161,30,222,204
102,17,26,23,50,231,191,56,205,130
102,18,70,12,165,159,222,9,238,28
102,19,216,175,106,251,181,102,111,155
102,20,13,124,236,201,184,43,248,35
102,21,148,4,236,43,192,162,89,220
102,22,68,228,97,143,85,128,51,31
102,23,210,94,113,64,27,212,101,195
102,24,57,107,155,132,121,219,181,173
102,25,164,48,122,22,51,163,249,207
102,26,238,186,206,156,89,174,251,141
102,27,203,22,219,113,142,118,5,234
102,28,21,8,167,161,20,222,99,30
102,29,26,23,101,231,56,191,206,50
102,30,70,165,238,9,243,12,103,222
102,31,107,106,251,102,111,175,216,245
102,32,42,224,217,91,61,40,212,111
102,33,177,96,12,156,38,84,122,217
102,34,49,217,196,235,149,173,155,55
102,35,210,60,214,224,100,80,20,127
102,36,24,255,193,239,11,42,84,244
102,37,14,50,241,57,97,37,83,147
102,38,146,250,244,126,59,75,44,39
102,39,177,181,62,85,13,52,14,242
103,0,180,55,178,31,124,12,152,175
103,1,42,22,239,111,117,245,49,84
103,2,221,212,77,133,234,199,3,185
103,3,19,234,44,17,197,167,202,66
103,4,30,243,178,51,194,125,74,134
103,5,81,168,5,144,1,52,33,75
103,6,250,42,115,48,49,104,232,142
103,7,129,217,1,210,239,16,146,167
103,8,68,28,201,207,88,43,124,236
103,9,192,5,145,234,14,162,111,11
103,10,228,31,85,143,114,232,159,133
103,11,84,94,103,231,147,59,250,109
103,12,210,132,107,121,57,155,133,95
103,13,199,48,22,122,124,51,168,207
103,14,186,251,235,89,112,169,16,156
103,15,22,203,113,219,207,197,239,9
103,16,167,21,90,224,20,123,190,118
103,17,50,191,23,206,231,56,7,92
103,18,12,165,238,222,9,190,70,28
103,19,111,175,71,178,43,106,102,216
103,20,201,124,13,88,28,68,35,236
103,21,192,14,4,236,145,43,89,234
103,22,228,85,143,31,51,114,128,168
103,23,147,231,85,250,84,103,94,109
103,24,132,57,7,155,95,121,206,107
103,25,48,22,51,122,123,155,124,41
103,26,186,156,39,235,89,206,241,213
103,27,22,142,123,207,113,9,219,192
103,28,21,167,99,224,181,188,190,237
103,29,206,23,50,7,56,231,191,173
103,30,165,70,238,90,190,11,12,188
103,31,252,71,111,170,216,179,107,43
103,32,48,85,102,62,40,22,91,217
103,33,224,198,205,177,139,95,107,56
103,34,175,64,240,95,28,48,72,235
103,35,191,85,94,2,185,20,161,236
103,36,202,195,67,246,152,142,79,211
103,37,60,43,161,135,174,83,126,45
103,38,234,201,30,163,126,132,9,44
103,39,246,1,92,215,250,183,223,44
104,0,127,85,18,49,112,146,233,227
104,1,232,117,57,29,158,118,43,235
104,2,4,183,173,26,200,19,51,122
104,3,53,116,171,51,20,55,137,185
104,4,215,12,30,79,176,181,247,179
104,5,169,249,253,1,5,144,168,81
104,6,136,42,182,48,61,115,73,142
104,7,217,129,56,1,210,161,220,40
104,8,120,207,68,88,28,201,65,12
104,9,5,145,192,14,13,4,162,151
104,10,24,114,218,143,31,168,85,202
104,11,114,84,103,208,147,250,107,94
104,12,132,206,95,7,155,210,107,121
104,13,48,38,199,22,168,51,18,122
104,14,186,156,251,169,89,39,241,218
104,15,22,207,113,197,142,203,231,219
104,16,167,21,20,90,137,118,180,123
104,17,231,50,23,206,218,191,56,143
104,18,238,12,165,190,70,222,188,231
104,19,91,71,43,111,178,216,175,107
104,20,120,124,201,35,13,88,248,236
104,21,4,236,43,162,14,228,242,89
104,22,114,218,143,31,24,85,97,117
104,23,114,84,101,103,94,208,240,248
104,24,57,95,46,107,7,206,173,80
104,25,48,22,249,122,38,51,207,29
104,26,156,22,89,206,180,39,174,169
104,27,142,22,5,123,9,234,249,207
104,28,21,222,20,137,167,99,31,188
104,29,206,218,231,7,50,139,240,104
104,30,238,190,70,165,221,188,103,231
104,31,71,170,28,111,43,252,179,245
104,32,221,102,40,62,176,80,91,201
104,33,168,121,12,205,224,122,171,154
104,34,81,55,208,235,95,64,102,34
104,35,39,99,100,236,92,201,161,1
104,36,49,202,195,42,104,193,117,34
104,37,15,241,97,83,90,193,220,84
104,38,80,126,250,44,39,234,97,30
104,39,244,72,183,92,250,36,15,89
105,0,78,136,14,89,241,18,56,68
105,1,126,29,117,63,221,240,186,228
105,2,23,236,194,136,68,19,189,233
105,3,53,203,242,137,246,21,166,190
105,4,253,12,30,37,213,89,171,79
105,5,174,194,142,33,253,225,195,52
105,6,25,62,164,136,115,182,27,133
105,7,85,217,129,1,220,219,155,239
105,8,157,120,124,201,68,35,88,207
105,9,5,145,14,4,162,190,192,43
105,10,68,140,218,143,97,71,114,12
105,11,64,248,208,177,130,21,2,94
105,12,95,132,206,154,107,172,57,173
105,13,42,48,38,123,199,122,22,249
105,14,186,251,174,169,156,218,206,152
105,15,22,142,113,207,118,219,239,9
105,16,21,20,167,137,222,123,90,241
105,17,185,206,231,50,191,23,218,7
105,18,238,165,70,12,190,231,4,189
105,19,216,71,43,251,179,111,185,181
105,20,120,201,236,124,208,248,13,45
105,21,4,236,43,162,107,242,111,228
105,22,12,31,97,68,218,140,250,128
105,23,64,248,101,103,2,156,208,54
105,24,107,46,173,95,139,57,219,80
105,25,42,48,249,122,207,123,238,51
105,26,22,156,174,172,186,206,39,89
105,27,142,22,5,123,9,209,234,249
105,28,21,222,20,137,241,8,167,31
105,29,185,206,231,41,147,7,104,240
105,30,238,72,70,190,165,221,231,251
105,31,71,170,179,43,80,251,111,14
105,32,224,102,40,197,206,62,80,176
105,33,63,12,168,156,18,122,154,171
105,34,152,55,235,54,188,102,213,95
105,35,39,100,214,92,201,236,212,1
105,36,24,239,251,193,42,104,223,210
105,37,50,241,14,90,97,83,45,57
105,38,146,44,86,126,39,250,97,244
105,39,177,85,13,62,181,36,52,89
106,0,55,134,36,152,175,177,203,31
106,1,100,71,254,101,3,49,42,251
106,2,194,182,201,3,71,157,237,5
106,3,66,234,243,202,63,16,197,58
106,4,30,253,169,51,93,207,44,194
106,5,81,33,115,52,253,133,120,93
106,6,25,62,115,161,232,48,185,116
106,7,85,167,130,95,41,239,220,129
106,8,124,88,201,68,248,28,236,19
106,9,5,4,107,162,14,145,196,190
106,10,31,143,12,232,250,204,117,97
106,11,103,248,202,59,85,212,15,2
106,12,95,46,173,107,210,157,172,181
106,13,48,42,122,70,193,199,123,249
106,14,119,156,22,206,169,172,174,40
106,15,22,142,234,5,146,9,209,177
106,16,21,20,167,222,190,90,206,233
106,17,206,231,191,78,185,50,23,36
106,18,238,70,165,12,190,209,231,5
106,19,43,71,80,70,251,111,60,179
106,20,13,124,201,88,236,248,194,35
106,21,107,4,162,236,89,43,14,242
106,22,12,31,216,250,204,242,97,143
106,23,85,103,248,59,202,231,54,116
106,24,95,46,173,119,107,157,181,7
106,25,42,48,249,123,51,22,122,222
106,26,22,169,156,206,89,39,40,14
106,27,142,177,22,5,249,234,9,192
106,28,21,190,222,167,31,233,99,147
106,29,185,231,206,88,21,7,147,50
106,30,238,70,50,72,231,250,165,190
106,31,28,80,185,252,71,251,179,43
106,32,76,40,91,18,120,85,176,80
106,33,102,11,104,56,139,95,68,12
106,34,72,235,240,44,28,64,220,195
106,35,201,100,236,191,185,1,148,39
106,36,202,49,42,39,223,142,58,104
106,37,15,83,45,87,27,97,210,126
106,38,80,39,114,44,126,87,234,162
106,39,244,183,72,89,92,220,36,252
107,0,96,226,247,171,128,214,80,11
107,1,254,169,71,100,2,232,81,104
107,2,254,149,208,71,122,148,28,35
107,3,188,221,170,2,66,234,122,127
107,4,253,30,60,93,119,82,181,169
107,5,194,81,93,61,6,225,142,33
107,6,16,25,62,115,161,232,48,241
107,7,85,220,167,239,217,16,41,1
107,8,112,124,35,157,68,201,207,248
107,9,5,4,14,206,120,178,145,162
107,10,163,31,143,218,250,229,85,204
107,11,18,130,103,54,212,85,250,84
107,12,154,95,46,57,172,80,107,66
107,13,200,48,122,207,249,199,42,41
107,14,22,172,156,152,42,89,249,251
107,15,22,239,234,5,222,118,103,197
107,16,222,167,21,8,90,179,123,241
107,17,231,206,23,191,102,50,36,56
107,18,238,231,70,28,5,189,165,211
107,19,43,181,71,245,175,179,216,251
107,20,236,13,46,248,227,35,112,43
107,21,236,111,4,242,162,43,206,244
107,22,97,163,85,140,31,15,194,250
107,23,18,101,240,212,130,49,94,109
107,24,46,57,66,72,173,36,107,67
107,25,249,207,122,48,70,112,199,51
107,26,22,141,172,156,76,174,89,15
107,27,5,236,239,142,22,166,234,118
107,28,222,21,8,231,233,226,241,129
107,29,231,169,206,199,155,102,236,240
107,30,231,238,70,210,149,221,189,109
107,31,245,43,71,179,120,181,185,251
107,32,89,243,80,17,194,91,176,40
107,33,214,68,248,23,12,94,206,38
107,34,235,34,182,187,59,54,19,70
107,35,100,236,161,201,1,214,98,40
107,36,253,42,223,0,239,131,139,104
107,37,45,83,210,87,84,164,147,241
107,38,114,39,162,244,44,14,167,75
107,39,145,220,89,16,62,61,252,52
108,0,186,177,152,12,2,242,224,234
108,1,90,77,72,153,42,98,245,105
108,2,211,150,86,230,157,92,193,33
108,3,155,66,234,63,243,202,207,94
108,4,149,30,169,94,82,93,194,207
108,5,225,213,48,81,115,66,6,252
108,6,108,115,82,25,129,9,27,71
108,7,146,41,130,243,151,220,94,95
108,8,236,248,124,183,46,208,227,43
108,9,4,244,162,111,236,144,242,225
108,10,140,31,7,117,250,97,200,15
108,11,15,240,212,153,146,208,2,190
108,12,72,173,37,66,80,46,231,172
108,13,122,193,46,196,155,207,226,181
108,14,22,15,76,42,111,220,227,141
108,15,236,222,234,239,5,209,118,212
108,16,129,230,8,222,21,239,123,206
108,17,199,169,23,3,231,12,206,36
108,18,198,189,149,109,210,157,70,231
108,19,60,245,43,181,159,129,179,185
108,20,236,13,60,144,227,218,55,6
108,21,111,236,231,250,242,162,74,244
108,22,140,200,97,0,207,31,85,107
108,23,15,153,212,190,240,146,59,165
108,24,72,46,66,173,106,37,233,172
108,25,48,46,196,122,213,207,249,163
108,26,111,15,22,141,76,89,99,218
108,27,236,212,248,5,18,10,234,118
108,28,129,8,230,222,54,233,239,226
108,29,199,169,189,236,231,12,3,206
108,30,109,210,69,149,157,189,198,231
108,31,60,196,71,245,185,126,216,179
108,32,243,162,80,195,109,57,146,70
108,33,181,37,248,94,97,250,12,171
108,34,59,235,90,187,212,109,255,19
108,35,100,201,1,62,44,230,49,73
108,36,223,42,218,131,234,0,84,130
108,37,210,45,220,235,59,97,87,37
108,38,14,114,162,15,244,22,39,226
108,39,89,145,23,220,16,224,14,61
109,0,181,82,107,245,251,39,221,255
109,1,206,40,96,183,209,166,117,210
109,2,128,102,33,44,226,35,86,7
109,3,155,33,63,234,255,180,247,192
109,4,156,82,169,71,30,216,180,40
109,5,19,174,225,142,98,195,48,129
109,6,92,82,9,115,174,108,86,25
109,7,243,146,181,41,95,17,151,130
109,8,236,43,68,9,227,208,248,60
109,9,162,111,236,4,74,244,231,242
109,10,140,68,97,207,200,7,30,85
109,11,240,153,64,212,190,207,15,146
109,12,72,66,173,80,172,233,150,231
109,13,122,193,46,164,207,196,249,70
109,14,76,22,15,111,141,42,79,250
109,15,236,248,212,125,241,5,222,234
109,16,129,8,222,149,123,30,90,241
109,17,199,26,169,206,36,231,3,23
109,18,109,149,157,189,150,55,198,210
109,19,43,245,60,185,196,179,237,126
109,20,236,227,46,60,208,55,218,13
109,21,111,250,74,244,236,242,162,43
109,22,200,97,68,140,205,66,181,15
109,23,64,240,68,190,101,212,153,146
109,24,72,66,80,233,173,200,36,179
109,25,213,164,122,207,196,48,200,249
109,26,111,141,15,76,227,89,22,174
109,27,5,212,236,10,241,194,80,118
109,28,129,222,8,149,173,135,90,226
109,29,199,26,169,232,3,12,128,189
109,30,109,55,157,69,183,210,149,70
109,31,60,196,237,179,245,74,71,185
109,32,224,243,80,197,70,199,126,176
109,33,201,179,156,217,12,171,248,48
109,34,49,217,235,59,90,213,47,23
109,35,1,201,100,62,224,73,230,30
109,36,223,255,42,24,58,84,32,218
109,37,210,50,45,102,59,87,14,235
109,38,14,146,114,15,162,244,39,157
109,39,89,85,13,177,220,34,14,61
110,0,55,109,152,177,47,31,24,237
110,1,236,7,113,70,42,226,105,203
110,2,71,3,95,221,128,102,59,44
110,3,247,66,234,16,63,243,44,192
110,4,180,30,243,169,93,40,53,51
110,5,19,98,52,3,5,93,129,115
110,6,9,50,220,123,57,253,25,201
110,7,243,95,17,223,146,41,130,151
110,8,236,124,68,60,208,9,252,55
110,9,111,162,4,74,225,236,231,250
110,10,140,200,97,205,19,30,107,66
110,11,240,197,212,146,190,68,35,94
110,12,72,66,233,173,107,80,231,172
110,13,122,193,207,46,230,226,213,163
110,14,76,111,15,141,250,22,89,42
110,15,236,212,5,222,234,33,142,194
110,16,129,8,222,82,241,30,123,90
110,17,199,169,164,3,231,23,12,36
110,18,149,109,157,189,198,150,151,70
110,19,245,43,179,60,181,112,126,85
110,20,60,13,236,55,227,144,0,9
110,21,111,250,74,236,162,242,10,244
110,22,19,140,200,97,216,242,205,146
110,23,212,197,190,59,201,240,68,37
110,24,128,66,205,72,233,80,234,11
110,25,48,230,19,213,140,101,207,128
110,26,76,15,218,89,111,22,141,42
110,27,212,239,236,33,5,25,234,22
110,28,212,82,190,233,193,206,90,8
110,29,169,88,199,231,164,3,21,205
110,30,50,189,70,149,109,210,231,157
110,31,245,43,181,159,185,179,129,251
110,32,109,243,91,57,80,179,28,86
110,33,248,234,162,102,250,38,3,36
110,34,235,240,252,72,94,44,59,171
110,35,236,161,218,20,201,148,1,98
110,36,42,39,139,211,202,142,223,131
110,37,45,83,143,210,87,174,27,78
110,38,114,167,39,75,162,44,15,234
110,39,75,220,252,89,92,194,223,61
111,0,113,166,142,97,205,123,150,213
111,1,34,26,187,59,118,117,132,105
111,2,146,249,90,210,103,162,59,26
111,3,211,31,146,37,46,135,84,142
111,4,167,161,30,14,65,13,82,170
111,5,6,104,235,161,142,66,5,252
111,6,167,9,129,200,241,62,174,123
111,7,91,146,128,29,41,1,210,217
111,8,33,124,207,13,88,28,201,212
111,9,39,132,4,236,162,108,14,105
111,10,248,85,140,31,216,7,207,97
111,11,36,212,20,84,240,94,103,190
111,12,57,107,233,66,160,173,234,46
111,13,33,122,48,112,207,140,30,41
111,14,147,42,22,89,76,251,156,249
111,15,65,239,236,166,22,234,222,146
111,16,156,8,206,222,90,123,167,30
111,17,231,110,23,3,199,57,191,169
111,18,128,148,189,231,5,28,157,70
111,19,245,181,120,43,71,12,179,155
111,20,236,33,13,46,227,43,218,208
111,21,111,132,39,236,242,162,231,43
111,22,248,97,85,140,165,15,200,94
111,23,36,212,101,240,20,95,94,190
111,24,43,57,66,46,72,173,233,179
111,25,207,33,249,48,142,122,196,238
111,26,147,22,141,15,76,89,111,174
111,27,5,236,239,222,65,234,43,22
111,28,222,212,156,8,226,253,239,129
111,29,169,199,231,189,57,240,3,12
111,30,231,210,109,189,148,128,157,70
111,31,245,159,120,179,185,181,129,12
111,32,243,113,238,80,158,91,99,246
111,33,248,190,41,107,3,38,232,244
111,34,97,161,88,34,235,56,252,59
111,35,236,161,98,218,1,20,201,100
111,36,207,42,139,223,152,202,211,131
111,37,45,83,143,87,210,161,174,67
111,38,114,167,162,9,234,39,30,101
111,39,220,250,92,72,252,89,15,61
112,0,242,234,186,177,152,27,163,103
112,1,215,89,149,9,68,191,120,8
112,2,230,198,150,86,92,76,110,157
112,3,155,234,66,63,44,156,202,180
112,4,30,94,169,112,194,93,166,71
112,5,187,115,225,5,33,98,168,217
112,6,19,92,126,9,86,220,82,25
112,7,181,243,146,130,95,4,128,41
112,8,236,124,227,45,9,88,248,60
112,9,242,111,231,80,162,236,74,4
112,10,140,207,15,200,85,97,161,153
112,11,212,153,240,190,146,113,68,94
112,12,72,115,66,172,173,114,107,179
112,13,196,207,122,213,48,140,46,163
112,14,174,79,99,89,42,237,232,15
112,15,236,118,5,248,22,222,142,154
112,16,8,222,226,129,212,21,239,90
112,17,12,23,169,231,206,199,3,55
112,18,210,231,189,4,70,243,157,109
112,19,245,60,216,185,43,46,71,159
112,20,236,227,45,13,46,60,208,43
112,21,111,236,80,242,43,89,162,74
112,22,200,140,97,85,15,0,207,165
112,23,153,212,238,240,190,15,68,101
112,24,72,115,66,179,106,173,107,233
112,25,213,207,196,122,48,249,163,226
112,26,89,111,141,174,237,79,15,218
112,27,236,5,248,10,118,40,212,222
112,28,129,222,226,8,230,212,21,54
112,29,12,199,169,236,240,189,3,174
112,30,109,210,157,69,4,70,231,189
112,31,60,196,71,46,216,185,126,245
112,32,243,195,86,162,126,199,80,245
112,33,171,97,94,37,248,185,12,38
112,34,59,187,212,109,90,146,5,19
112,35,1,100,98,201,73,49,161,123
112,36,223,42,0,177,130,58,8,57
112,37,210,45,220,9,87,83,102,37
112,38,14,114,15,162,244,22,167,157
112,39,89,23,252,220,14,16,61,145
113,0,181,82,107,39,251,255,245,119
113,1,40,209,183,96,222,12,117,206
113,2,2,209,66,9,191,197,128,229
113,3,192,174,217,50,143,245,111,247
113,4,156,30,82,135,216,159,191,60
113,5,19,174,194,142,225,181,187,98
113,6,9,92,123,108,115,50,149,19
113,7,243,146,60,17,4,95,84,232
113,8,236,68,227,124,45,248,60,46
113,9,80,111,236,242,162,231,74,225
113,10,68,140,200,97,15,30,128,181
113,11,64,212,68,190,240,180,197,94
113,12,72,106,115,231,66,172,107,173
113,13,164,122,207,193,230,213,196,46
113,14,174,141,111,227,250,15,79,152
113,15,5,236,222,10,118,241,154,194
113,16,129,222,30,90,8,149,123,241
113,17,199,26,232,36,169,41,174,12
113,18,109,4,157,70,231,149,189,210
113,19,185,216,196,46,126,245,179,155
113,20,227,236,46,13,60,211,55,9
113,21,111,250,74,236,43,244,80,242
113,22,200,68,97,181,15,205,140,66
113,23,64,68,240,212,101,190,146,197
113,24,72,66,36,200,179,233,107,61
113,25,213,164,207,122,196,200,48,193
113,26,141,111,15,76,227,89,174,250
113,27,5,10,236,118,241,154,212,194
113,28,129,222,173,8,149,197,30,199
113,29,26,232,199,169,3,174,12,240
113,30,109,55,4,84,157,70,122,183
113,31,237,196,60,74,67,216,46,177
113,32,243,224,197,126,80,199,171,188
113,33,179,201,156,171,12,217,185,248
113,34,49,217,59,213,90,235,28,47
113,35,1,62,201,224,100,159,98,73
113,36,255,223,42,58,24,177,32,31
113,37,102,210,50,45,14,59,87,37
113,38,14,146,114,244,162,15,5,157
113,39,89,85,13,177,252,220,14,61
114,0,177,55,109,31,224,152,74,47
114,1,42,236,117,21,163,226,70,245
114,2,193,3,157,221,42,216,95,9
114,3,234,16,63,247,197,66,18,44
114,4,169,30,243,113,1,194,137,63
114,5,187,19,225,181,5,142,91,228
114,6,9,201,253,50,27,25,70,123
114,7,246,38,60,212,95,163,17,130
114,8,236,227,46,124,60,252,183,208
114,9,111,80,225,153,236,34,144,244
114,10,200,66,181,242,140,146,154,241
114,11,240,68,212,197,146,190,94,157
114,12,72,179,233,107,66,173,80,50
114,13,207,122,196,193,226,213,230,70
114,14,174,111,141,89,79,42,15,227
114,15,5,236,10,154,142,118,234,80
114,16,129,82,222,234,30,90,8,123
114,17,199,232,19,169,36,3,12,41
114,18,116,109,70,157,4,189,198,210
114,19,185,85,1,196,216,46,155,245
114,20,227,236,13,46,208,0,55,172
114,21,111,250,236,43,74,89,32,80
114,22,200,146,216,242,181,140,97,205
114,23,212,197,201,59,68,190,37,218
114,24,179,115,128,72,233,234,11,158
114,25,48,230,19,0,213,101,207,30
114,26,89,171,15,141,218,174,111,76
114,27,5,118,239,236,10,22,9,84
114,28,212,193,233,82,222,206,8,90
114,29,88,21,169,199,3,12,119,240
114,30,148,70,50,162,232,109,63,189
114,31,249,185,43,23,181,159,251,155
114,32,109,86,179,57,28,91,80,243
114,33,139,38,248,162,198,108,187,132
114,34,44,240,94,164,48,59,238,235
114,35,46,148,1,190,74,236,100,194
114,36,79,147,227,39,142,29,115,223
114,37,78,27,210,83,33,169,196,80
114,38,215,88,169,114,67,196,75,119
114,39,75,158,192,115,223,67,140,133
115,0,166,113,97,142,205,150,213,215
115,1,34,26,59,87,117,118,187,177
115,2,146,90,35,162,9,164,26,163
115,3,146,211,46,37,84,31,135,234
115,4,167,161,14,30,67,131,81,82
115,5,224,6,235,104,204,85,142,181
115,6,9,167,123,54,126,200,142,50
115,7,146,91,176,128,95,29,41,210
115,8,33,28,207,236,227,124,88,13
115,9,39,132,236,231,105,192,162,111
115,10,85,248,140,207,216,31,97,54
115,11,136,212,36,84,20,94,240,190
115,12,57,107,115,233,172,234,46,173
115,13,33,122,140,207,30,48,249,226
115,14,147,42,89,251,178,129,22,249
115,15,239,22,236,65,222,84,118,197
115,16,156,249,90,222,206,8,123,253
115,17,110,231,23,191,36,3,57,56
115,18,128,5,231,28,148,189,222,70
115,19,181,120,245,43,71,12,155,175
115,20,236,33,13,43,184,218,201,227
115,21,132,39,236,162,111,4,242,105
115,22,248,85,165,97,143,15,81,140
115,23,36,212,20,94,136,240,95,101
115,24,57,43,46,107,66,80,36,173
115,25,48,249,207,33,142,122,30,51
115,26,147,89,22,156,218,178,152,206
115,27,239,22,65,234,5,236,209,118
115,28,222,212,156,8,249,21,241,168
115,29,231,110,23,56,17,206,189,3
115,30,231,70,189,148,206,211,128,222
115,31,181,120,251,12,179,185,245,91
115,32,91,238,113,158,94,62,176,243
115,33,190,41,38,248,244,232,107,171
115,34,235,34,56,88,97,252,161,171
115,35,20,218,236,46,161,201,111,151
115,36,211,207,202,152,139,246,193,42
115,37,83,174,143,161,45,87,67,135
115,38,234,30,44,9,39,3,126,101
115,39,92,220,250,125,252,15,170,89
116,0,6,106,22,153,51,85,49,66
116,1,223,117,84,177,90,77,155,156
116,2,16,59,108,198,163,128,146,226
116,3,98,146,97,160,27,238,153,255
116,4,167,14,67,30,81,118,65,242
116,5,224,67,235,6,5,254,204,100
116,6,54,19,200,129,9,215,167,136
116,7,44,176,91,146,41,95,32,210
116,8,33,207,88,164,28,201,57,13
116,9,132,14,13,98,145,190,4,113
116,10,248,216,140,85,10,161,31,114
116,11,36,136,20,238,243,212,49,55
116,12,115,154,181,57,46,7,234,107
116,13,33,48,142,41,140,122,207,249
116,14,147,156,42,218,22,89,251,169
116,15,22,239,166,234,197,113,231,142
116,16,156,167,212,206,21,13,222,90
116,17,110,231,23,50,191,206,56,3
116,18,112,128,189,70,231,12,5,28
116,19,181,71,120,43,251,111,175,12
116,20,33,13,184,236,201,43,69,248
116,21,4,132,236,162,145,242,89,111
116,22,85,248,143,140,15,7,31,161
116,23,36,20,212,101,94,49,84,240
116,24,43,57,181,46,233,132,107,173
116,25,48,249,142,33,207,51,122,30
116,26,156,147,206,22,89,174,218,220
116,27,22,239,234,5,142,207,113,209
116,28,222,21,156,249,8,167,99,161
116,29,110,231,56,206,50,23,3,17
116,30,112,189,70,211,231,128,206,103
116,31,181,120,251,91,185,71,107,179
116,32,238,91,113,158,62,176,94,40
116,33,73,41,38,232,244,248,107,58
116,34,34,97,235,56,161,171,252,70
116,35,20,218,236,161,201,151,73,99
116,36,211,202,181,246,152,193,248,42
116,37,83,174,143,161,67,45,87,60
116,38,234,44,9,30,39,101,126,3
116,39,250,92,72,15,125,220,23,252
117,0,242,234,186,144,152,188,155,92
117,1,198,117,98,189,118,90,42,77
117,2,76,16,230,92,150,86,110,108
117,3,155,66,202,234,177,63,101,19
117,4,30,94,112,71,98,169,53,63
117,5,18,194,5,66,81,217,2,33
117,6,19,200,84,9,142,172,241,235
117,7,181,243,146,1,210,128,95,41
117,8,184,207,159,201,236,124,248,103
117,9,14,237,105,145,162,111,120,236
117,10,85,9,161,143,81,66,114,31
117,11,153,212,238,145,95,103,66,207
117,12,181,115,234,233,57,172,95,46
117,13,48,122,207,249,142,18,41,30
117,14,174,42,251,156,89,152,129,22
117,15,22,234,239,118,248,5,84,142
117,16,222,167,21,249,206,90,241,116
117,17,206,231,50,236,3,197,56,191
117,18,70,165,189,231,238,211,222,28
117,19,71,181,179,43,251,185,216,155
117,20,184,236,43,13,248,201,159,227
117,21,162,43,111,196,4,244,242,89
117,22,0,15,85,81,9,143,239,181
117,23,153,238,212,101,15,94,145,84
117,24,57,181,132,46,66,233,107,172
117,25,48,249,51,207,238,30,122,241
117,26,174,152,89,22,141,220,119,251
117,27,22,118,209,239,248,186,234,5
117,28,222,21,241,167,8,206,249,54
117,29,206,3,56,236,231,90,205,7
117,30,70,231,189,69,165,238,112,222
117,31,71,179,185,51,216,251,60,68
117,32,195,176,91,86,162,146,62,243
117,33,189,97,37,38,6,94,12,36
117,34,212,235,52,187,19,90,255,70
117,35,100,131,1,49,201,184,255,44
117,36,234,0,42,8,84,104,57,223
117,37,220,87,84,83,37,9,93,45
117,38,244,157,44,75,15,39,114,196
117,39,23,252,61,220,89,14,16,52
118,0,181,82,255,107,39,251,83,246
118,1,222,234,40,117,39,90,166,237
118,2,120,108,173,129,251,132,220,197
118,3,237,105,109,50,134,166,217,185
118,4,156,30,82,20,157,172,60,7
118,5,174,250,5,194,19,142,68,217
118,6,84,108,149,9,115,19,50,189
118,7,146,1,243,84,41,220,95,94
118,8,236,68,248,184,227,46,124,12
118,9,111,162,43,196,242,4,105,190
118,10,68,15,181,140,239,97,66,228
118,11,64,212,240,207,238,2,94,180
118,12,80,172,234,154,66,46,107,233
118,13,164,207,48,249,238,122,230,41
118,14,174,152,42,141,130,22,251,89
118,15,5,118,234,22,239,209,9,222
118,16,222,241,90,116,30,206,8,167
118,17,26,232,3,206,231,36,90,199
118,18,70,231,189,165,149,4,238,222
118,19,185,179,237,251,181,71,216,43
118,20,236,43,46,248,13,184,9,227
118,21,111,162,244,190,43,52,242,89
118,22,68,15,181,97,140,103,66,200
118,23,64,212,101,240,94,68,190,238
118,24,66,46,36,107,233,80,173,57
118,25,249,164,48,207,238,122,70,30
118,26,174,141,152,89,76,22,119,220
118,27,118,5,22,186,209,7,239,234
118,28,222,241,8,21,206,226,186,30
118,29,26,3,206,90,189,41,232,240
118,30,70,55,231,189,149,238,4,48
118,31,237,179,185,216,251,71,230,60
118,32,224,176,197,243,126,199,91,80
118,33,179,201,38,156,12,217,171,154
118,34,217,49,235,59,70,47,196,213
118,35,1,100,224,40,201,131,184,255
118,36,255,24,57,42,223,84,239,58
118,37,50,87,14,83,210,37,9,45
118,38,146,244,157,15,75,44,39,86
118,39,85,13,177,252,220,61,89,62
119,0,55,177,109,152,24,31,151,175
119,1,100,226,236,117,42,228,49,105
119,2,120,193,3,157,108,221,251,173
119,3,234,247,66,243,237,197,50,190
119,4,30,243,169,137,82,180,204,178
119,5,232,250,5,217,48,19,75,133
119,6,84,108,9,25,104,253,172,149
119,7,1,146,130,246,95,220,41,163
119,8,68,236,248,184,88,183,124,201
119,9,196,162,111,43,105,4,52,190
119,10,197,181,239,66,154,15,228,138
119,11,212,2,240,94,6,68,53,190
119,12,234,233,80,172,107,57,139,181
119,13,207,48,249,110,122,30,226,70
119,14,174,152,42,1,130,251,89,141
119,15,22,118,234,5,239,209,142,9
119,16,222,241,21,116,206,90,167,204
119,17,3,231,206,232,180,205,36,128
119,18,70,189,231,165,238,149,211,4
119,19,71,251,179,185,181,216,155,43
119,20,236,184,68,13,43,248,201,227
119,21,196,162,89,111,190,43,244,105
119,22,181,146,239,140,197,7,15,216
119,23,212,59,201,2,103,190,231,94
119,24,181,233,11,66,172,46,107,128
119,25,48,249,207,230,51,19,140,156
119,26,174,203,152,220,22,89,169,101
119,27,22,118,142,234,5,207,7,252
119,28,222,21,206,241,167,116,193,233
119,29,62,88,3,206,90,41,50,7
119,30,70,50,189,238,231,165,211,162
119,31,251,185,71,68,43,179,216,18
119,32,86,91,62,179,18,176,28,125
119,33,139,38,68,104,36,11,54,102
119,34,235,240,44,5,28,90,94,48
119,35,20,148,190,161,236,2,40,191
119,36,202,227,79,115,39,147,246,152
119,37,83,161,60,174,27,43,135,78
119,38,234,44,9,157,30,215,15,201
119,39,92,1,246,250,248,252,220,125
120,0,117,171,185,226,96,18,11,187
120,1,117,13,81,232,158,2,169,236
120,2,26,107,70,120,173,44,212,251
120,3,170,247,122,221,222,180,234,90
120,4,55,139,119,8,82,60,30,123
120,5,27,217,250,142,19,5,54,2
120,6,84,114,200,108,90,3,9,25
120,7,181,243,146,1,16,95,41,163
120,8,112,184,43,159,248,124,68,236
120,9,178,162,14,105,206,145,196,37
120,10,163,7,81,31,85,94,9,114
120,11,18,212,145,142,238,255,109,130
120,12,181,67,43,172,80,46,234,57
120,13,48,207,200,249,140,238,30,41
120,14,174,42,152,38,199,251,22,141
120,15,99,118,239,5,22,186,234,142
120,16,222,116,54,90,241,13,167,249
120,17,189,236,3,231,206,56,50,232
120,18,231,70,189,222,238,211,4,165
120,19,71,181,179,251,34,185,155,43
120,20,236,43,184,112,13,248,201,159
120,21,162,111,196,105,237,244,24,242
120,22,163,81,97,15,85,7,181,239
120,23,212,101,18,240,130,142,145,94
120,24,66,67,107,57,80,132,172,46
120,25,48,207,249,51,238,200,156,122
120,26,174,152,141,199,89,251,39,220
120,27,118,186,5,99,142,234,209,239
120,28,222,21,211,54,241,55,8,90
120,29,189,90,206,56,236,130,7,155
120,30,70,238,231,222,48,4,189,149
120,31,179,71,185,51,68,251,230,40
120,32,210,17,62,91,176,194,89,126
120,33,214,105,23,12,38,94,212,21
120,34,12,70,187,188,54,19,235,58
120,35,184,100,214,55,201,52,1,151
120,36,0,253,42,223,239,8,84,116
120,37,87,220,83,17,37,45,147,84
120,38,244,157,44,15,22,39,162,75
120,39,252,145,61,62,220,23,89,16
121,0,55,70,222,192,139,231,20,81
121,1,153,42,217,245,247,105,48,117
121,2,3,193,71,254,251,58,143,157
121,3,234,16,243,66,63,61,156,44
121,4,30,169,178,204,180,137,166,80
121,5,228,172,217,48,5,84,232,75
121,6,84,104,57,174,172,9,25,39
121,7,146,223,38,130,95,83,169,163
121,8,236,43,183,124,68,211,9,88
121,9,111,162,105,43,234,196,65,190
121,10,92,19,97,85,181,7,119,158
121,11,212,154,240,94,37,84,218,157
121,12,57,66,107,147,172,133,80,234
121,13,207,48,30,122,238,226,110,19
121,14,152,199,251,42,174,89,141,246
121,15,239,118,186,209,22,142,84,101
121,16,222,161,90,241,211,82,30,249
121,17,189,164,214,130,7,231,232,23
121,18,189,222,28,231,70,21,212,142
121,19,179,181,71,144,68,175,155,66
121,20,236,43,13,184,9,228,211,49
121,21,162,24,105,111,89,145,65,234
121,22,19,97,146,92,181,85,7,158
121,23,154,212,59,37,218,94,240,201
121,24,66,57,233,11,147,128,157,107
121,25,48,156,207,51,19,137,249,238
121,26,152,199,174,141,89,218,153,39
121,27,118,186,33,239,209,142,22,207
121,28,222,241,211,147,90,167,21,99
121,29,164,189,90,214,50,56,7,88
121,30,70,50,189,231,63,165,238,222
121,31,179,68,181,91,218,185,71,251
121,32,62,18,246,91,176,109,179,144
121,33,11,234,151,68,38,104,58,28
121,34,240,48,70,56,44,28,64,235
121,35,114,20,99,218,151,184,148,2
121,36,202,49,142,211,39,115,79,152
121,37,174,83,60,161,15,67,193,27
121,38,234,44,157,80,30,126,39,9
121,39,244,9,183,92,252,72,125,158
122,0,165,146,49,233,85,9,22,227
122,1,232,133,203,66,117,169,171,158
122,2,249,169,90,31,22,254,156,71
122,3,55,234,171,145,252,75,102,143
122,4,122,30,65,228,164,82,39,7
122,5,249,61,172,142,217,5,63,30
122,6,90,172,84,174,57,108,39,104
122,7,131,169,146,44,95,163,1,210
122,8,236,88,184,201,248,43,124,103
122,9,217,14,105,96,162,196,145,237
122,10,62,19,7,51,114,97,85,253
122,11,207,142,20,212,255,154,94,2
122,12,67,132,7,57,234,147,80,133
122,13,48,100,156,238,207,51,30,81
122,14,42,251,169,241,186,38,152,75
122,15,22,239,118,197,142,120,84,186
122,16,147,167,211,90,222,249,161,2
122,17,50,88,7,56,23,231,31,123
122,18,215,63,12,142,70,165,222,214
122,19,71,218,68,179,178,175,8,21
122,20,184,43,49,236,13,201,69,120
122,21,24,14,217,105,237,145,89,111
122,22,51,24,62,31,7,253,85,114
122,23,207,142,94,84,154,250,20,236
122,24,57,132,7,147,66,67,133,46
122,25,48,100,76,51,156,238,207,249
122,26,241,152,199,186,89,75,169,251
122,27,118,186,239,209,57,207,142,22
122,28,99,167,211,237,147,21,241,222
122,29,7,50,206,90,56,189,104,23
122,30,70,231,222,165,189,188,103,73
122,31,179,91,71,218,181,68,199,225
122,32,18,62,48,246,91,201,176,221
122,33,58,121,107,11,151,224,38,253
122,34,95,208,56,175,64,70,171,235
122,35,85,94,2,20,218,184,145,99
122,36,202,195,246,152,211,67,117,114
122,37,161,60,174,83,43,67,87,135
122,38,234,201,44,9,30,157,126,75
122,39,246,250,1,92,215,183,9,72
123,0,46,218,65,110,157,63,212,2
123,1,133,42,85,255,118,203,117,71
123,2,89,230,110,23,150,15,147,117
123,3,234,202,211,55,42,2,155,63
123,4,71,155,112,30,12,215,164,93
123,5,254,67,169,249,31,100,115,5
123,6,18,175,241,73,235,142,108,128
123,7,131,56,1,146,60,169,95,16
123,8,38,49,242,65,88,236,201,248
123,9,14,96,145,105,162,196,190,187
123,10,253,51,24,114,220,1,31,218
123,11,79,207,247,142,114,151,109,210
123,12,132,7,32,147,95,66,217,206
123,13,48,100,76,111,156,38,57,238
123,14,241,42,152,186,251,246,169,89
123,15,76,22,239,197,118,96,186,57
123,16,222,167,90,121,147,211,180,13
123,17,88,197,114,50,7,56,23,229
123,18,215,214,188,73,70,231,142,190
123,19,71,179,218,175,178,181,43,8
123,20,236,49,43,184,13,242,38,65
123,21,14,24,96,237,105,162,240,111
123,22,51,24,220,114,17,7,253,31
123,23,79,247,156,114,151,207,84,94
123,24,57,66,132,206,84,46,217,43
123,25,100,48,76,207,195,249,238,38
123,26,152,174,199,241,218,220,89,141
123,27,76,209,239,118,186,142,197,234
123,28,13,222,211,241,161,99,167,21
123,29,114,7,90,206,189,56,17,231
123,30,215,214,189,70,28,231,165,222
123,31,179,71,181,68,91,199,185,18
123,32,246,221,18,116,139,91,75,62
123,33,182,107,121,58,253,161,5,38
123,34,205,95,56,64,208,175,235,70
123,35,184,20,85,218,132,2,94,55
123,36,202,172,211,195,246,152,252,67
123,37,174,161,83,60,87,43,67,45
123,38,234,201,157,9,30,44,39,126
123,39,246,250,1,92,183,215,15,125
124,0,234,50,188,127,186,111,242,250
124,1,157,79,230,198,117,29,44,133
124,2,147,183,89,110,101,150,230,23
124,3,213,155,116,234,15,53,156,14
124,4,94,12,215,155,30,71,164,112
124,5,84,169,12,217,54,232,18,48
124,6,18,174,175,241,73,108,104,84
124,7,146,243,131,60,95,41,228,169
124,8,236,49,65,242,201,43,38,248
124,9,14,96,105,145,162,196,111,187
124,10,7,51,1,31,114,85,218,220
124,11,79,116,114,207,153,2,94,84
124,12,132,32,57,206,7,172,66,80
124,13,76,48,156,30,207,195,238,249
124,14,152,42,251,186,89,169,246,141
124,15,239,118,197,209,186,76,22,84
124,16,222,90,241,211,249,121,193,30
124,17,88,114,50,23,56,7,206,90
124,18,215,222,231,214,70,189,28,165
124,19,71,181,91,175,179,218,21,68
124,20,49,236,43,13,65,66,69,184
124,21,96,14,105,24,237,162,145,89
124,22,7,0,51,85,216,246,31,114
124,23,116,79,15,212,94,114,240,84
124,24,57,7,206,132,217,128,205,66
124,25,76,100,48,195,207,97,156,249
124,26,152,218,89,199,220,157,174,241
124,27,76,186,209,239,118,197,57,84
124,28,241,193,99,222,90,21,211,167
124,29,114,49,88,7,61,90,206,189
124,30,215,50,165,231,28,214,222,189
124,31,179,181,71,68,43,18,216,91
124,32,246,139,62,86,18,176,179,91
124,33,36,104,97,117,37,38,10,6
124,34,28,90,95,212,44,235,238,206
124,35,99,49,190,20,184,148,255,40
124,36,234,147,172,39,227,115,202,49
124,37,193,15,27,83,78,220,87,90
124,38,215,139,44,157,75,126,39,101
124,39,158,72,36,224,15,231,23,244
125,0,250,242,223,198,2,152,116,131
125,1,92,96,221,40,105,13,120,117
125,2,147,95,236,89,94,212,23,15
125,3,213,247,148,53,132,66,113,58
125,4,37,180,71,164,55,30,155,231
125,5,3,232,253,12,2,19,54,236
125,6,18,175,241,174,142,108,136,235
125,7,131,146,243,66,41,133,169,139
125,8,236,242,49,43,181,227,248,201
125,9,14,162,96,105,145,237,22,196
125,10,7,51,1,197,114,85,239,181
125,11,79,151,116,2,212,207,153,103
125,12,57,172,206,132,205,233,7,66
125,13,76,207,195,48,146,30,100,156
125,14,152,42,1,199,141,174,38,89
125,15,239,118,209,76,186,234,5,252
125,16,222,241,90,211,167,30,249,121
125,17,114,90,88,206,50,7,56,180
125,18,215,214,189,231,237,70,190,165
125,19,179,91,71,181,175,218,216,8
125,20,236,242,49,43,13,68,124,184
125,21,14,162,237,105,89,96,244,145
125,22,7,51,0,181,85,114,239,197
125,23,79,116,151,212,190,156,2,94
125,24,57,172,66,217,7,205,233,132
125,25,76,207,48,195,100,156,238,249
125,26,152,199,218,89,174,141,1,220
125,27,76,186,209,239,118,57,207,252
125,28,78,241,193,99,167,90,21,222
125,29,114,49,88,90,7,189,61,56
125,30,215,50,214,237,231,165,189,162
125,31,179,68,71,18,181,28,216,60
125,32,75,139,86,62,176,246,91,18
125,33,161,36,104,117,6,38,5,10
125,34,44,28,227,90,238,235,95,173
125,35,190,148,255,74,145,20,49,184
125,36,39,172,55,115,234,227,147,251
125,37,27,193,83,78,126,15,87,220
125,38,215,157,75,44,119,169,132,251
125,39,158,224,231,15,72,23,197,125
126,0,250,136,212,233,110,65,134,157
126,1,183,206,16,88,57,10,13,253
126,2,147,227,235,63,118,95,45,101
126,3,2,255,213,247,234,113,15,132
126,4,180,231,37,30,164,84,55,188
126,5,27,3,12,232,67,31,253,225
126,6,174,18,114,175,241,108,245,142
126,7,131,146,133,41,243,95,163,60
126,8,242,236,49,181,201,43,227,248
126,9,14,162,105,237,144,145,4,245
126,10,7,51,1,114,197,85,239,117
126,11,79,151,116,2,207,212,103,196
126,12,57,32,7,43,67,233,132,172
126,13,207,48,76,195,156,100,30,81
126,14,38,42,152,241,174,199,218,141
126,15,76,239,5,234,186,118,209,197
126,16,222,241,249,99,90,211,147,167
126,17,88,114,90,50,56,7,23,231
126,18,215,214,189,190,231,70,73,232
126,19,179,181,218,71,211,185,66,107
126,20,236,242,184,49,43,13,227,0
126,21,14,237,162,105,111,89,24,145
126,22,51,7,81,114,85,181,97,15
126,23,151,79,84,212,116,156,142,94
126,24,57,43,95,66,7,217,132,233
126,25,48,207,76,195,100,81,238,72
126,26,174,199,141,152,218,75,241,89
126,27,186,5,76,209,239,234,118,60
126,28,222,99,241,167,45,13,21,33
126,29,114,7,90,49,189,56,17,78
126,30,215,214,189,70,211,222,231,103
126,31,71,179,181,68,107,251,185,91
126,32,75,18,91,139,62,116,201,246
126,33,161,6,244,182,107,11,58,5
126,34,95,56,205,28,227,44,70,171
126,35,218,20,148,2,190,184,236,145
126,36,172,202,211,251,39,152,55,227
126,37,60,174,161,83,87,158,27,45
126,38,234,44,30,39,9,157,126,215
126,39,165,92,125,15,179,252,158,246
127,0,80,96,117,226,233,93,194,198
127,1,227,157,2,120,195,96,81,183
127,2,227,118,147,192,63,235,131,0
127,3,2,213,76,91,53,122,132,170
127,4,119,55,180,71,37,60,105,2
127,5,27,3,61,12,232,114,2,221
127,6,90,174,18,175,108,172,235,200
127,7,181,131,56,133,146,243,41,69
127,8,112,49,242,236,181,201,43,248
127,9,14,178,19,162,105,237,96,213
127,10,51,7,163,1,114,197,253,85
127,11,79,203,142,18,207,247,151,2
127,12,43,67,57,7,205,132,80,66
127,13,195,48,76,207,116,200,81,100
127,14,174,42,141,152,199,38,218,178
127,15,239,186,39,5,118,76,234,209
127,16,222,90,147,241,249,167,211,54
127,17,88,114,90,56,231,50,189,23
127,18,215,214,189,231,212,70,211,190
127,19,179,181,71,175,66,199,218,178
127,20,236,184,43,49,13,112,65,69
127,21,237,111,14,162,105,24,89,178
127,22,51,81,163,97,7,24,85,114
127,23,84,79,142,101,203,212,10,255
127,24,66,43,57,132,80,233,84,190
127,25,207,238,48,195,76,100,51,18
127,26,141,174,199,152,36,37,75,153
127,27,5,239,76,118,186,209,234,99
127,28,222,161,241,249,99,21,13,54
127,29,114,189,7,206,90,56,17,50
127,30,215,189,211,70,214,71,48,222
127,31,179,199,181,91,185,71,251,107
127,32,89,91,17,18,139,62,246,221
127,33,105,244,107,58,38,214,242,253
127,34,95,81,56,12,70,171,208,34
127,35,132,20,218,184,99,236,55,2
127,36,253,202,172,246,211,152,195,252
127,37,174,83,161,60,158,67,45,87
127,38,234,44,9,30,39,201,157,126
127,39,246,1,250,92,248,125,15,252
128,0,210,186,111,242,234,172,63,12
128,1,217,95,198,91,79,42,117,154
128,2,13,147,150,159,101,95,227,235
128,3,155,76,213,132,2,234,197,15
128,4,71,94,112,30,37,180,138,93
128,5,27,12,18,2,3,66,98,253
128,6,172,18,154,235,175,142,174,241
128,7,181,131,146,56,95,243,133,1
128,8,49,242,88,236,65,103,43,69
128,9,14,145,237,162,227,213,105,96
128,10,51,114,1,9,5,58,158,85
128,11,247,79,207,153,255,84,103,130
128,12,43,132,7,66,147,178,57,190
128,13,76,195,81,48,51,100,207,116
128,14,218,246,141,241,76,42,199,251
128,15,39,197,186,239,113,76,222,5
128,16,147,99,90,249,222,45,33,122
128,17,88,114,197,7,50,23,189,56
128,18,215,114,214,189,212,231,73,164
128,19,71,179,91,181,66,245,211,178
128,20,236,65,43,49,13,69,184,227
128,21,237,14,215,111,145,162,105,96
128,22,0,51,114,97,85,91,58,9
128,23,247,153,84,207,255,208,79,142
128,24,66,43,190,95,57,132,80,206
128,25,207,100,48,76,195,238,51,140
128,26,83,141,218,36,220,199,93,152
128,27,76,239,142,113,5,186,209,234
128,28,13,21,99,54,90,241,253,249
128,29,236,7,17,206,189,114,56,90
128,30,215,214,69,189,103,71,222,113
128,31,179,71,91,181,68,185,216,107
128,32,195,91,62,139,18,246,80,243
128,33,6,97,244,37,212,217,94,253
128,34,188,212,187,95,90,255,81,235
128,35,196,20,236,184,1,214,218,201
128,36,0,172,234,15,211,193,223,84
128,37,220,84,87,83,45,17,174,161
128,38,39,44,234,126,157,244,9,30
128,39,23,92,125,145,250,61,16,252
129,0,242,152,155,186,234,27,31,76
129,1,153,42,98,40,37,198,245,105
129,2,84,150,56,92,147,86,212,107
129,3,148,155,15,234,18,44,215,247
129,4,30,164,37,180,93,204,51,169
129,5,168,54,96,12,75,52,98,84
129,6,123,172,104,59,82,18,126,154
129,7,4,146,161,95,243,130,131,163
129,8,236,43,49,201,88,124,227,28
129,9,237,111,234,145,162,215,14,213
129,10,85,51,97,158,181,7,241,5
129,11,255,84,94,103,79,196,240,116
129,12,107,205,59,66,133,80,172,57
129,13,207,195,76,140,30,51,110,48
129,14,251,152,36,199,89,169,186,178
129,15,113,186,239,142,22,84,9,222
129,16,90,45,249,222,193,167,241,21
129,17,114,7,191,50,56,23,92,206
129,18,222,238,215,114,189,231,12,28
129,19,181,71,68,175,179,111,218,178
129,20,43,49,236,13,201,88,69,207
129,21,237,145,14,234,105,89,162,111
129,22,51,216,85,246,1,146,5,0
129,23,79,116,94,201,84,103,59,216
129,24,128,205,7,217,56,132,32,11
129,25,76,195,97,48,156,100,19,81
129,26,218,89,169,119,251,199,39,101
129,27,76,186,57,207,113,197,60,142
129,28,193,99,196,66,90,233,167,45
129,29,114,61,88,49,7,216,21,248
129,30,215,50,214,162,222,231,165,24
129,31,68,179,43,38,151,106,155,191
129,32,162,179,86,146,125,139,131,176
129,33,104,36,56,132,97,6,37,116
129,34,44,173,238,109,28,212,62,90
129,35,190,148,145,74,240,184,20,196
129,36,39,227,172,115,147,234,159,156
129,37,27,78,169,190,126,193,16,15
129,38,215,169,119,75,18,251,157,254
129,39,158,231,75,72,197,178,15,179
130,0,229,123,249,196,7,216,105,242
130,1,244,225,118,231,93,155,11,27
130,2,103,100,4,163,162,57,227,140
130,3,133,187,235,152,234,190,37,199
130,4,30,142,13,236,102,222,167,54
130,5,104,193,6,186,5,253,90,41
130,6,167,153,172,174,241,175,123,196
130,7,29,23,210,1,128,146,83,217
130,8,234,207,28,116,13,180,89,201
130,9,94,29,164,13,192,105,145,43
130,10,130,169,85,216,31,143,51,158
130,11,189,84,107,94,161,103,250,212
130,12,107,7,26,57,63,32,128,121
130,13,43,156,51,147,48,30,122,41
130,14,124,186,249,20,251,178,89,156
130,15,22,207,81,197,84,239,200,142
130,16,5,196,167,123,90,233,133,249
130,17,250,76,61,50,23,172,56,191
130,18,50,179,12,187,57,21,222,28
130,19,130,109,106,155,111,175,205,20
130,20,234,13,201,124,28,115,88,207
130,21,94,29,13,164,89,145,192,4
130,22,130,169,51,85,198,143,35,31
130,23,189,94,107,250,128,84,42,161
130,24,74,26,63,128,57,132,7,160
130,25,43,48,147,97,156,41,134,30
130,26,124,148,186,20,89,32,51,206
130,27,22,81,84,200,207,57,118,181
130,28,133,5,167,196,249,99,90,43
130,29,250,172,76,50,23,61,87,231
130,30,187,179,21,81,12,70,205,211
130,31,130,106,155,252,205,40,251,68
130,32,98,99,131,134,186,106,111,212
130,33,183,238,232,126,29,38,73,116
130,34,84,207,180,235,34,62,96,225
130,35,145,63,57,151,80,153,60,20
130,36,120,181,70,193,210,84,104,98
130,37,190,65,31,58,241,182,83,227
130,38,75,92,148,71,250,95,44,126
130,39,2,69,38,189,254,213,146,243
131,0,177,47,115,158,235,132,141,192
131,1,182,244,155,118,93,233,11,42
131,2,123,57,93,100,103,29,121,10
131,3,117,133,234,187,190,37,233,40
131,4,54,236,30,142,102,95,154,222
131,5,193,90,5,43,65,47,158,110
131,6,153,138,60,196,22,206,173,250
131,7,23,117,29,210,64,147,14,83
131,8,234,239,77,180,56,116,99,13
131,9,164,239,191,13,2,197,36,8
131,10,169,198,185,125,65,247,243,36
131,11,108,128,206,189,107,86,62,160
131,12,93,128,107,74,63,26,221,1
131,13,134,147,154,175,182,43,70,138
131,14,137,51,16,148,32,124,52,159
131,15,162,165,87,200,58,22,148,81
131,16,233,133,43,5,229,123,51,150
131,17,250,87,76,0,147,198,5,35
131,18,179,134,163,13,21,187,43,226
131,19,116,20,109,155,205,215,160,106
131,20,116,234,239,13,115,4,28,201
131,21,164,191,13,43,197,94,89,2
131,22,169,125,35,198,176,185,243,150
131,23,189,128,107,206,94,42,86,62
131,24,74,93,107,220,63,26,234,15
131,25,48,134,147,41,43,182,6,154
131,26,51,32,148,137,124,89,16,178
131,27,87,84,200,118,181,165,162,81
131,28,5,133,43,249,206,167,233,123
131,29,76,250,87,0,50,172,231,3
131,30,21,179,187,163,70,231,211,189
131,31,116,40,106,155,109,181,38,216
131,32,119,134,131,186,90,176,91,106
131,33,183,93,238,38,29,232,237,28
131,34,82,225,207,235,180,84,96,171
131,35,63,145,57,80,40,153,20,100
131,36,120,70,181,145,193,84,210,31
131,37,31,190,104,182,58,37,87,83
131,38,75,27,148,71,92,95,250,157
131,39,69,243,110,254,12,38,61,217
132,0,106,57,66,127,43,165,56,110
132,1,118,117,19,242,112,132,42,211
132,2,238,234,49,60,255,133,80,217
132,3,171,214,234,55,219,73,19,70
132,4,118,74,254,30,88,242,138,54
132,5,5,147,169,249,44,161,11,100
132,6,183,164,42,68,65,133,124,37
132,7,210,1,101,56,83,10,79,221
132,8,207,120,28,13,201,234,186,184
132,9,105,13,217,148,96,156,231,151
132,10,46,24,31,114,159,62,155,246
132,11,27,210,107,109,95,66,195,93
132,12,107,155,132,191,46,234,133,53
132,13,48,41,168,30,124,22,122,110
132,14,251,89,178,42,16,186,235,61
132,15,84,118,239,22,9,120,135,219
132,16,123,167,211,206,233,90,249,8
132,17,50,23,205,3,231,56,31,232
132,18,21,135,231,189,28,159,211,70
132,19,181,155,40,245,38,106,185,225
132,20,236,13,43,184,207,190,248,120
132,21,231,105,13,162,89,148,236,242
132,22,46,85,246,24,31,159,35,7
132,23,27,212,107,94,210,195,109,95
132,24,191,155,132,46,234,57,172,12
132,25,48,41,124,22,249,30,122,18
132,26,172,89,241,251,22,119,174,213
132,27,118,203,84,22,110,186,239,209
132,28,119,167,222,211,241,188,8,226
132,29,50,104,173,7,231,3,23,206
132,30,159,21,231,70,190,81,165,189
132,31,40,71,252,38,251,155,194,216
132,32,221,201,102,48,62,176,111,43
132,33,121,96,205,224,28,237,38,116
132,34,208,235,225,95,175,64,171,70
132,35,85,40,63,2,94,99,151,20
132,36,195,202,67,246,117,145,152,193
132,37,43,83,60,161,174,87,45,95
132,38,75,201,44,195,234,163,157,30
132,39,246,1,215,183,92,250,254,15
133,0,122,127,84,18,85,250,102,49
133,1,118,117,29,255,72,65,3,111
133,2,234,80,238,243,133,241,49,217
133,3,214,116,171,20,51,55,234,203
133,4,74,12,30,118,254,79,215,88
133,5,169,249,5,11,147,253,85,100
133,6,183,42,133,37,166,61,73,119
133,7,210,1,101,56,10,79,16,32
133,8,120,207,35,28,13,186,88,201
133,9,13,151,105,148,43,192,156,14
133,10,46,24,114,159,31,155,213,168
133,11,27,114,195,107,109,66,210,156
133,12,155,138,132,191,46,234,1,206
133,13,48,168,41,38,22,124,30,70
133,14,89,241,29,235,251,186,16,213
133,15,22,137,84,239,120,118,110,96
133,16,167,119,180,137,90,224,206,136
133,17,50,101,231,197,104,23,3,11
133,18,159,21,165,28,70,12,231,222
133,19,38,40,178,155,181,106,43,71
133,20,120,13,35,184,207,248,186,236
133,21,105,89,4,13,14,43,236,162
133,22,46,159,31,114,47,24,246,85
133,23,114,27,94,109,69,107,49,195
133,24,46,132,191,57,155,138,107,234
133,25,249,48,22,41,124,122,38,30
133,26,172,89,22,152,241,174,251,119
133,27,22,118,186,209,84,9,44,239
133,28,222,167,119,8,241,137,211,90
133,29,173,231,218,50,240,104,232,23
133,30,21,159,231,70,165,28,190,238
133,31,40,38,71,155,251,179,28,216
133,32,221,102,201,176,70,142,62,61
133,33,121,168,205,224,237,38,28,96
133,34,208,235,81,225,55,95,70,34
133,35,40,63,99,39,145,20,151,161
133,36,145,49,195,117,202,193,84,67
133,37,15,193,84,220,83,87,90,37
133,38,75,44,80,157,139,3,126,39
133,39,72,254,244,23,36,15,183,61
134,0,136,78,14,241,89,18,56,68
134,1,126,117,29,240,221,63,6,228
134,2,234,238,194,236,68,23,241,117
134,3,214,234,41,203,20,169,105,28
134,4,253,30,74,12,37,79,130,254
134,5,5,194,174,253,85,147,68,195
134,6,42,62,133,25,61,37,108,164
134,7,1,210,85,155,220,79,57,16
134,8,157,120,207,201,28,13,88,124
134,9,105,231,14,55,4,5,151,13
134,10,46,68,12,246,128,114,97,31
134,11,64,208,156,27,212,109,248,94
134,12,155,46,234,132,138,107,206,219
134,13,42,48,41,168,22,38,155,124
134,14,172,220,89,251,213,218,16,241
134,15,22,222,118,239,84,150,231,9
134,16,119,167,137,222,30,90,180,123
134,17,185,231,104,50,206,23,245,191
134,18,165,238,190,159,21,231,70,28
134,19,40,178,216,71,43,155,181,39
134,20,120,124,236,13,207,201,157,186
134,21,4,89,43,14,145,105,236,231
134,22,46,12,68,143,15,31,114,246
134,23,64,208,94,248,27,212,156,114
134,24,46,57,107,132,138,36,184,172
134,25,249,42,48,22,241,122,70,124
134,26,172,89,174,152,22,119,251,199
134,27,22,186,209,118,84,9,7,207
134,28,222,8,167,21,241,137,90,113
134,29,185,173,231,240,232,104,206,235
134,30,72,70,231,238,21,190,165,28
134,31,40,38,71,251,155,179,216,185
134,32,224,176,197,102,62,61,42,43
134,33,63,18,156,168,237,38,12,206
134,34,152,55,235,225,95,54,70,47
134,35,63,40,39,214,100,20,7,255
134,36,251,24,145,239,193,117,42,84
134,37,50,83,14,90,37,87,241,97
134,38,75,44,146,157,244,86,126,39
134,39,254,85,177,13,15,36,61,52
135,0,134,36,65,1,208,55,191,3
135,1,101,42,254,221,118,132,105,117
135,2,234,182,223,194,236,211,33,238
135,3,44,234,0,213,66,113,42,243
135,4,253,30,190,51,27,169,243,180
135,5,5,48,14,81,253,46,168,195
135,6,42,37,62,71,25,174,136,142
135,7,210,146,16,83,1,130,85,119
135,8,28,207,13,186,124,236,43,190
135,9,105,4,43,14,128,234,65,236
135,10,159,170,31,12,47,46,139,85
135,11,109,94,212,29,248,250,199,115
135,12,46,107,57,234,155,132,12,131
135,13,48,122,41,42,30,124,110,249
135,14,172,218,89,119,42,251,156,22
135,15,22,239,9,84,119,209,118,186
135,16,22,167,222,233,90,224,30,211
135,17,231,213,23,206,235,185,50,173
135,18,21,28,70,165,30,231,1,222
135,19,40,38,43,71,155,181,112,253
135,20,13,236,207,248,186,190,124,218
135,21,200,89,43,14,105,4,160,162
135,22,46,47,159,12,170,31,85,114
135,23,109,248,212,94,29,37,199,240
135,24,46,119,155,7,57,107,132,234
135,25,249,48,42,22,124,122,41,70
135,26,172,218,89,22,251,143,203,174
135,27,22,51,209,44,118,186,84,9
135,28,222,22,167,233,90,211,8,190
135,29,185,173,213,231,235,62,88,50
135,30,21,70,50,231,72,28,81,165
135,31,40,38,155,112,71,251,28,14
135,32,176,179,142,70,18,131,144,148
135,33,237,104,11,132,250,139,38,47
135,34,225,235,44,28,240,238,48,72
135,35,40,63,148,191,190,74,145,240
135,36,39,145,202,115,49,142,227,147
135,37,83,27,193,87,15,78,169,95
135,38,75,44,157,119,80,215,126,3
135,39,75,254,158,244,15,61,197,72
136,0,166,97,113,142,205,210,48,36
136,1,34,26,118,235,187,87,117,59
136,2,127,46,97,90,111,218,183,181
136,3,90,211,234,37,46,146,84,186
136,4,161,190,30,167,65,14,251,253
136,5,5,14,89,104,253,6,48,4
136,6,42,37,62,142,136,174,167,108
136,7,210,91,16,146,1,83,10,29
136,8,207,28,13,33,186,212,115,84
136,9,39,13,105,29,94,4,14,98
136,10,159,31,46,114,12,85,47,55
136,11,20,109,107,250,95,94,212,248
136,12,46,107,132,57,234,133,12,155
136,13,41,48,124,30,59,29,58,122
136,14,42,251,89,178,156,172,16,61
136,15,22,84,239,118,120,9,65,142
136,16,206,211,123,249,167,22,226,8
136,17,23,231,50,3,205,213,31,235
136,18,21,231,28,189,135,70,211,148
136,19,245,181,40,155,216,106,179,185
136,20,236,13,43,190,207,248,45,184
136,21,39,231,242,236,162,105,89,80
136,22,46,85,159,246,47,15,142,97
136,23,212,94,20,109,107,240,69,95
136,24,46,57,172,155,233,132,234,173
136,25,249,48,122,41,124,22,163,30
136,26,172,89,152,22,218,174,156,199
136,27,65,186,22,118,209,239,234,120
136,28,222,241,96,167,8,226,211,206
136,29,231,50,240,173,213,172,3,90
136,30,148,70,231,190,21,187,81,238
136,31,40,130,38,251,28,155,14,179
136,32,99,176,254,113,131,62,201,106
136,33,190,232,237,224,104,38,28,116
136,34,235,161,88,97,55,225,34,70
136,35,40,39,63,145,99,74,161,20
136,36,207,49,39,202,145,120,193,225
136,37,15,83,27,87,190,193,90,241
136,38,75,80,44,71,157,126,86,3
136,39,244,254,72,36,69,183,15,252
137,0,106,22,6,18,153,66,88,51
137,1,117,118,112,191,84,235,250,42
137,2,87,198,121,127,22,46,180,40
137,3,90,234,146,98,97,160,214,27
137,4,118,14,30,167,65,190,251,242
137,5,67,100,5,44,254,89,10,88
137,6,42,37,62,142,147,167,136,71
137,7,66,44,2,91,16,85,10,210
137,8,186,33,207,28,13,124,120,232
137,9,240,156,132,14,13,43,245,105
137,10,114,253,31,159,12,51,72,46
137,11,20,49,36,248,236,195,29,156
137,12,46,203,155,160,35,132,7,119
137,13,48,33,142,249,124,41,81,222
137,14,172,218,241,147,251,130,22,89
137,15,22,36,9,118,135,142,154,44
137,16,119,96,167,136,222,90,156,137
137,17,110,231,235,7,50,94,173,36
137,18,112,148,190,84,30,128,165,215
137,19,112,40,71,178,43,120,38,155
137,20,33,13,183,186,207,201,184,35
137,21,240,14,132,43,89,200,217,4
137,22,114,253,159,46,51,222,31,72
137,23,20,36,49,156,94,202,191,248
137,24,46,155,203,67,65,35,107,149
137,25,48,249,142,33,30,70,124,75
137,26,172,241,218,22,147,89,251,130
137,27,22,37,118,155,57,88,9,76
137,28,156,222,119,96,167,90,136,211
137,29,110,173,7,235,50,231,141,232
137,30,128,112,81,220,142,73,70,30
137,31,120,112,38,155,71,40,12,106
137,32,158,201,238,113,70,106,96,176
137,33,73,232,41,237,58,116,38,28
137,34,34,97,161,225,235,55,206,171
137,35,63,145,39,99,40,153,139,30
137,36,181,120,117,49,202,145,193,225
137,37,190,15,145,220,37,83,84,156
137,38,75,139,44,213,126,95,201,182
137,39,72,254,15,241,9,68,113,183
138,0,136,102,46,250,110,65,194,69
138,1,79,230,42,118,117,211,98,154
138,2,113,76,108,16,87,101,24,194
138,3,214,234,146,90,202,211,199,240
138,4,242,30,251,122,118,133,172,215
138,5,100,254,67,44,18,31,5,88
138,6,147,19,42,142,129,122,37,114
138,7,66,44,10,91,1,2,79,210
138,8,33,186,207,35,13,120,103,28
138,9,240,14,156,132,245,105,43,98
138,10,114,253,159,31,51,72,222,168
138,11,49,238,236,66,247,195,36,109
138,12,203,46,35,155,132,251,234,138
138,13,48,142,111,33,70,41,81,124
138,14,172,241,218,147,251,119,130,89
138,15,22,16,9,96,118,135,71,142
138,16,136,167,156,211,26,90,222,22
138,17,110,235,102,173,50,7,231,36
138,18,112,142,128,190,165,70,30,84
138,19,112,40,120,38,71,178,43,12
138,20,186,35,207,13,183,33,120,201
138,21,240,200,14,43,89,4,132,156
138,22,114,159,253,31,72,47,46,222
138,23,49,36,66,247,236,94,238,29
138,24,203,46,155,107,65,181,35,132
138,25,48,142,33,249,70,111,122,30
138,26,172,147,218,22,89,241,251,235
138,27,64,166,37,22,97,52,9,209
138,28,156,22,222,90,119,233,167,8
138,29,110,173,235,7,102,232,231,23
138,30,112,128,81,74,84,122,70,28
138,31,38,112,40,71,12,120,217,43
138,32,158,238,116,142,201,70,176,245
138,33,237,182,232,41,168,116,165,205
138,34,112,225,34,97,205,161,235,9
138,35,40,63,54,153,145,39,132,59
138,36,145,181,8,117,225,84,0,193
138,37,220,37,87,84,83,102,107,97
138,38,75,157,126,228,44,14,244,213
138,39,254,23,15,9,241,72,61,16
139,0,78,136,67,89,56,18,241,5
139,1,79,230,6,117,135,240,126,173
139,2,76,101,113,108,194,46,72,16
139,3,90,213,139,214,53,109,107,227
139,4,253,244,171,242,172,30,133,190
139,5,174,189,5,4,68,18,31,194
139,6,19,147,37,62,42,71,25,108
139,7,66,85,16,146,1,44,2,220
139,8,216,157,120,186,124,207,35,201
139,9,14,4,105,240,200,100,132,43
139,10,12,68,31,159,253,246,46,195
139,11,64,248,238,94,109,29,49,130
139,12,46,203,212,132,35,107,155,57
139,13,48,42,249,142,124,41,149,111
139,14,172,251,218,89,206,156,147,119
139,15,22,9,118,142,239,209,136,52
139,16,222,167,90,22,233,211,66,247
139,17,235,231,185,102,173,23,50,110
139,18,165,70,84,28,30,231,238,112
139,19,112,40,38,43,71,120,217,155
139,20,216,183,236,13,248,186,201,207
139,21,200,43,4,89,14,196,52,228
139,22,159,47,195,31,12,170,68,239
139,23,64,29,36,248,238,11,240,49
139,24,46,203,107,212,36,57,139,172
139,25,249,48,122,33,142,42,70,75
139,26,172,147,218,89,22,251,152,174
139,27,22,166,64,209,37,118,9,142
139,28,222,156,22,233,8,21,212,90
139,29,110,232,235,173,185,102,7,231
139,30,128,72,112,84,70,238,74,30
139,31,40,38,112,71,120,50,43,12
139,32,224,142,70,43,245,238,176,174
139,33,63,237,165,168,156,12,18,38
139,34,152,112,34,225,235,47,55,233
139,35,63,40,54,59,39,192,139,35
139,36,145,251,239,24,57,193,84,225
139,37,50,83,37,14,102,87,107,115
139,38,75,146,157,126,44,228,244,14
139,39,254,15,85,177,13,61,134,181
140,0,36,1,134,65,208,191,3,55
140,1,101,254,113,42,105,22,49,90
140,2,61,223,182,76,194,159,184,97
140,3,44,0,234,90,63,213,132,15
140,4,253,203,190,30,51,27,217,180
140,5,48,14,189,60,5,168,52,46
140,6,147,19,71,37,62,25,42,174
140,7,66,16,146,83,130,95,85,210
140,8,186,124,236,13,28,88,201,68
140,9,105,4,43,160,14,128,234,231
140,10,159,170,31,47,139,70,12,244
140,11,29,136,94,248,109,212,120,199
140,12,203,46,107,119,115,249,35,12
140,13,48,70,249,222,122,30,226,124
140,14,218,172,251,130,119,171,206,89
140,15,22,119,9,51,142,155,97,118
140,16,66,22,222,233,211,90,167,26
140,17,119,231,173,213,232,235,7,206
140,18,30,84,70,165,151,142,72,190
140,19,112,43,249,40,71,38,63,155
140,20,13,207,186,183,184,216,124,201
140,21,200,89,14,160,4,43,105,196
140,22,159,47,31,170,46,195,12,250
140,23,136,29,199,169,202,248,109,94
140,24,46,115,249,242,119,33,65,155
140,25,48,249,94,214,70,97,30,178
140,26,172,218,171,145,143,89,241,235
140,27,51,119,22,64,57,97,146,37
140,28,167,233,193,90,222,26,22,211
140,29,119,7,173,88,61,213,231,162
140,30,81,50,162,70,73,19,30,28
140,31,249,112,155,4,23,71,218,40
140,32,106,201,70,131,186,179,148,176
140,33,237,132,104,116,29,238,58,38
140,34,235,44,225,101,28,240,180,171
140,35,145,63,148,153,190,151,74,191
140,36,39,120,115,104,227,210,193,202
140,37,27,190,78,101,83,87,241,15
140,38,75,169,95,119,215,44,126,250
140,39,254,197,129,15,122,158,75,179
141,0,101,242,135,249,108,91,150,197
141,1,118,11,27,97,150,231,117,155
141,2,127,17,4,46,59,121,210,90
141,3,146,211,90,37,234,31,199,84
141,4,118,30,167,251,222,65,13,190
141,5,10,104,161,6,44,5,236,186
141,6,42,167,37,147,62,54,142,61
141,7,2,66,210,16,146,10,29,23
141,8,207,186,33,28,89,57,13,180
141,9,13,29,94,14,105,180,39,43
141,10,169,114,159,31,51,46,253,72
141,11,20,202,236,248,136,94,212,185
141,12,203,46,35,132,26,155,160,7
141,13,48,70,124,222,30,249,41,43
141,14,218,172,241,251,206,130,119,75
141,15,22,135,71,118,88,177,120,142
141,16,167,136,96,233,90,196,222,5
141,17,61,231,50,235,132,23,173,36
141,18,148,50,187,12,190,30,70,215
141,19,130,112,43,111,218,178,228,40
141,20,13,184,207,201,183,33,186,124
141,21,29,4,94,89,13,43,14,236
141,22,51,62,114,31,169,81,250,130
141,23,20,42,236,202,94,189,136,84
141,24,46,155,63,181,26,132,217,254
141,25,48,249,43,76,30,22,156,228
141,26,241,172,206,218,156,89,212,124
141,27,57,88,120,22,207,249,96,142
141,28,167,136,99,222,90,237,96,5
141,29,7,172,173,50,119,139,250,255
141,30,81,187,70,205,73,220,231,148
141,31,130,112,155,43,40,252,170,106
141,32,98,96,201,186,99,176,106,40
141,33,232,238,183,58,190,126,116,28
141,34,235,180,207,116,196,101,34,225
141,35,153,63,145,151,214,40,35,20
141,36,181,207,120,193,8,104,202,166
141,37,31,84,190,193,220,37,87,241
141,38,75,71,126,250,44,95,157,39
141,39,254,241,9,146,68,72,145,61
142,0,181,82,107,6,251,83,39,246
142,1,117,118,242,86,84,250,73,147
142,2,255,87,133,121,238,127,10,179
142,3,90,214,131,234,219,169,190,164
142,4,118,30,74,242,254,17,255,79
142,5,174,5,147,4,68,102,18,159
142,6,42,37,183,108,166,149,193,164
142,7,2,146,210,1,16,220,195,109
142,8,207,120,248,217,13,186,35,68
142,9,217,151,13,200,105,14,4,156
142,10,68,228,31,253,161,62,159,114
142,11,64,195,27,250,236,69,156,208
142,12,155,132,46,234,95,35,154,57
142,13,48,164,249,22,41,122,207,230
142,14,174,172,241,130,251,206,218,212
142,15,120,22,118,5,135,209,96,157
142,16,222,167,90,21,136,13,211,119
142,17,26,231,206,132,50,137,235,23
142,18,70,165,238,231,190,215,135,12
142,19,112,43,216,71,40,218,237,251
142,20,183,184,13,248,49,207,201,236
142,21,4,217,43,236,14,196,89,225
142,22,31,68,228,51,81,250,159,140
142,23,64,101,202,240,207,94,212,84
142,24,46,57,155,36,172,219,107,139
142,25,249,164,48,76,122,195,72,207
142,26,172,238,22,152,174,89,251,206
142,27,22,118,5,120,209,186,142,236
142,28,222,21,167,122,8,231,241,45
142,29,26,231,188,206,7,240,173,23
142,30,70,55,231,238,159,73,165,11
142,31,237,112,40,216,71,38,251,43
142,32,224,42,176,70,197,61,206,40
142,33,179,201,156,217,12,171,38,154
142,34,49,217,196,235,70,225,47,188
142,35,63,210,224,214,40,100,73,92
142,36,24,255,57,239,42,129,193,244
142,37,50,14,147,87,241,57,37,83
142,38,75,146,244,44,157,250,86,126
142,39,254,13,177,85,62,61,181,220
143,0,55,109,24,65,31,76,12,152
143,1,226,236,42,22,85,117,118,32
143,2,58,221,3,71,77,133,183,254
143,3,234,44,90,66,167,214,19,0
143,4,30,243,190,82,51,169,53,178
143,5,5,81,48,102,147,168,14,195
143,6,57,42,37,149,108,39,241,174
143,7,16,146,223,1,210,2,220,95
143,8,68,207,28,124,201,88,236,186
143,9,4,14,105,145,43,234,225,100
143,10,31,19,159,228,114,250,85,143
143,11,109,94,231,212,218,240,29,84
143,12,46,155,132,57,107,210,139,206
143,13,48,249,22,230,122,199,123,162
143,14,130,172,206,251,156,22,218,238
143,15,22,33,142,177,249,209,5,118
143,16,222,167,21,90,190,26,136,66
143,17,206,164,231,235,173,50,143,36
143,18,165,70,190,238,12,90,215,30
143,19,43,112,71,38,40,238,178,111
143,20,183,201,13,184,207,248,88,49
143,21,4,14,196,43,89,22,56,162
143,22,31,19,228,51,159,114,250,140
143,23,218,231,54,202,103,109,85,94
143,24,46,155,11,206,7,95,132,181
143,25,48,249,230,22,70,81,76,51
143,26,172,241,203,156,89,206,22,174
143,27,22,142,33,249,197,123,7,57
143,28,21,167,222,237,99,90,181,190
143,29,206,7,164,173,50,132,141,240
143,30,70,11,90,165,188,81,238,190
143,31,71,135,238,199,112,170,155,252
143,32,48,62,102,18,201,22,246,176
143,33,234,107,95,224,237,28,38,102
143,34,175,240,64,95,70,235,94,72
143,35,191,85,94,2,161,20,236,63
143,36,202,195,152,246,67,142,139,117
143,37,83,161,60,174,43,135,87,45
143,38,201,234,44,9,30,126,163,39
143,39,246,1,250,183,92,215,252,149
144,0,127,146,188,63,111,172,202,50
144,1,232,117,198,235,118,17,43,133
144,2,249,23,239,183,46,127,94,169
144,3,90,116,20,53,55,234,240,171
144,4,215,12,30,82,71,27,190,202
144,5,169,249,5,253,102,11,175,68
144,6,57,235,42,149,37,108,73,178
144,7,56,16,1,210,146,220,40,219
144,8,207,65,68,124,201,248,13,183
144,9,96,14,4,239,105,145,43,13
144,10,31,24,19,114,159,218,90,51
144,11,250,114,109,236,212,207,21,17
144,12,46,132,155,206,7,95,136,139
144,13,48,249,22,38,124,41,254,199
144,14,206,241,130,172,251,212,235,218
144,15,22,44,33,135,96,197,71,100
144,16,167,90,222,21,180,136,13,211
144,17,197,231,206,50,235,173,213,36
144,18,165,12,188,70,11,190,238,90
144,19,43,178,111,71,112,218,38,238
144,20,201,184,120,13,124,207,65,248
144,21,14,96,4,239,89,43,22,196
144,22,24,114,31,51,140,250,218,143
144,23,114,250,109,103,236,216,84,101
144,24,206,46,132,181,7,95,217,139
144,25,48,123,38,249,51,156,70,72
144,26,206,241,156,172,39,186,89,251
144,27,44,142,123,22,249,207,197,7
144,28,21,167,99,237,224,222,90,188
144,29,206,7,218,173,50,139,92,141
144,30,70,11,165,238,188,190,81,12
144,31,71,135,170,238,199,111,38,113
144,32,221,62,102,48,40,201,18,246
144,33,121,107,224,28,253,96,38,168
144,34,81,208,95,70,64,173,56,235
144,35,196,161,236,2,20,132,94,151
144,36,202,195,152,246,0,117,42,67
144,37,161,60,83,174,43,135,45,220
144,38,201,234,9,44,126,30,39,163
144,39,246,1,250,92,183,23,72,252
145,0,234,186,242,41,2,152,144,223
145,1,223,197,5,155,208,105,221,8
145,2,230,110,150,201,23,157,86,183
145,3,90,155,66,234,63,15,202,218
145,4,94,30,71,164,169,93,196,12
145,5,6,253,115,225,4,81,93,187
145,6,123,235,37,92,178,108,115,57
145,7,1,16,243,219,220,239,95,146
145,8,124,201,184,7,207,183,247,88
145,9,96,4,14,200,5,220,43,102
145,10,31,218,114,117,206,174,19,51
145,11,103,116,114,153,54,31,250,202
145,12,46,132,95,206,7,181,32,55
145,13,48,38,249,22,123,124,228,30
145,14,206,156,130,172,174,251,235,75
145,15,44,22,177,249,5,123,142,71
145,16,21,167,90,136,222,180,211,193
145,17,206,197,50,231,78,235,49,36
145,18,70,188,238,165,190,12,11,4
145,19,60,178,71,230,43,112,111,135
145,20,13,184,201,247,248,7,207,183
145,21,96,14,22,4,89,43,196,220
145,22,0,140,31,216,114,250,51,218
145,23,116,103,114,250,54,208,59,236
145,24,46,95,132,217,181,128,65,7
145,25,48,38,249,22,156,72,123,81
145,26,93,206,172,89,220,174,101,156
145,27,44,142,22,7,249,123,5,207
145,28,21,167,222,78,230,224,90,99
145,29,173,206,49,88,7,78,56,50
145,30,70,238,165,50,162,11,4,151
145,31,60,38,135,28,71,170,155,230
145,32,86,120,40,179,176,102,195,62
145,33,36,250,97,104,37,6,38,198
145,34,109,28,255,212,173,238,90,44
145,35,49,190,148,161,63,121,220,74
145,36,147,227,234,39,115,42,193,139
145,37,27,15,193,83,78,241,84,33
145,38,44,215,126,75,139,119,250,197
145,39,158,224,72,252,254,122,165,15
146,0,117,242,96,121,185,187,171,90
146,1,206,183,40,96,209,13,57,81
146,2,74,242,73,245,215,51,124,17
146,3,192,170,164,76,14,122,155,247
146,4,123,71,55,12,180,119,82,30
146,5,225,93,3,6,194,253,223,81
146,6,178,123,92,235,108,37,3,57
146,7,243,220,1,16,181,4,210,219
146,8,124,120,207,112,247,201,248,103
146,9,19,96,14,4,22,240,5,206
146,10,163,31,218,114,168,206,0,19
146,11,18,116,103,130,250,186,54,142
146,12,46,132,95,206,7,67,136,139
146,13,48,200,249,70,124,123,38,22
146,14,206,172,130,235,156,38,251,174
146,15,44,99,22,96,177,33,142,249
146,16,78,13,21,137,222,167,90,180
146,17,206,231,235,155,50,218,102,173
146,18,188,238,70,165,190,12,11,30
146,19,71,43,112,230,135,38,216,111
146,20,248,183,201,68,13,184,124,35
146,21,19,4,196,43,96,22,14,89
146,22,163,31,140,250,159,239,15,34
146,23,54,18,101,103,130,191,142,2
146,24,46,95,107,139,203,181,172,132
146,25,249,48,51,123,142,70,72,228
146,26,172,22,174,156,206,115,89,212
146,27,142,22,249,7,99,9,209,192
146,28,222,21,78,20,231,137,167,31
146,29,206,173,240,7,231,218,174,155
146,30,238,70,4,6,190,165,231,220
146,31,60,71,28,38,221,135,112,251
146,32,17,40,176,175,102,194,126,245
146,33,105,117,214,12,23,168,94,38
146,34,19,187,34,235,54,55,58,206
146,35,63,7,49,220,161,151,212,92
146,36,0,253,34,239,42,193,210,8
146,37,84,241,90,83,220,164,87,37
146,38,44,126,75,86,250,244,136,15
146,39,23,16,254,252,68,61,220,15
147,0,136,78,241,89,18,56,194,67
147,1,166,6,117,119,228,237,15,186
147,2,95,13,125,185,73,1,112,191
147,3,255,153,192,90,158,109,5,89
147,4,123,253,30,82,180,227,55,145
147,5,174,3,142,225,68,223,194,6
147,6,25,178,108,193,37,71,27,134
147,7,85,220,16,1,207,219,146,195
147,8,157,124,120,201,248,68,207,184
147,9,4,5,14,105,102,200,145,190
147,10,68,12,31,15,80,144,143,250
147,11,64,130,248,54,94,207,53,212
147,12,46,132,95,206,107,154,181,234
147,13,42,48,249,41,124,123,70,30
147,14,206,251,156,40,174,89,119,172
147,15,22,99,142,44,207,5,73,117
147,16,21,167,222,137,90,20,247,13
147,17,185,206,231,50,41,36,235,7
147,18,238,70,165,12,190,4,231,242
147,19,71,43,216,251,111,112,40,230
147,20,201,248,183,13,157,124,236,68
147,21,43,4,196,242,89,162,236,228
147,22,68,12,31,140,250,15,159,143
147,23,64,54,101,103,248,2,113,28
147,24,46,107,181,95,139,172,57,173
147,25,249,42,48,122,70,123,51,228
147,26,174,172,22,206,156,152,89,251
147,27,22,142,7,209,5,249,9,234
147,28,222,21,20,137,167,231,123,241
147,29,185,206,240,231,173,147,7,174
147,30,238,72,70,190,4,165,221,231
147,31,251,71,60,170,40,221,38,230
147,32,224,197,176,40,102,206,126,62
147,33,63,12,156,117,168,38,18,105
147,34,152,235,55,54,70,213,188,102
147,35,39,7,161,92,100,40,63,214
147,36,251,239,24,42,193,57,139,210
147,37,50,14,241,83,90,37,87,97
147,38,44,146,126,86,75,250,244,39
147,39,85,177,252,13,36,220,254,15
148,0,177,36,55,134,78,89,12,126
148,1,254,1,76,164,42,101,245,117
148,2,228,181,182,95,157,47,185,160
148,3,16,234,90,66,94,44,63,58
148,4,253,30,169,82,93,27,51,196
148,5,225,115,48,66,93,52,81,217
148,6,25,108,71,37,32,232,185,193
148,7,85,16,220,167,67,130,219,173
148,8,124,248,201,183,47,68,208,225
148,9,5,4,43,102,200,196,145,107
148,10,109,117,103,15,12,204,143,239
148,11,208,54,72,103,248,6,191,200
148,12,47,46,95,107,181,184,139,219
148,13,249,155,42,48,228,123,70,128
148,14,174,206,220,172,144,119,39,156
148,15,178,22,123,112,142,7,5,221
148,16,21,222,20,10,107,138,23,247
148,17,206,126,185,240,231,151,50,207
148,18,238,70,4,190,165,130,12,231
148,19,230,71,247,251,216,170,43,206
148,20,248,47,201,124,45,176,215,236
148,21,4,43,102,196,107,15,162,216
148,22,103,12,15,117,109,204,143,17
148,23,103,208,72,248,171,209,21,113
148,24,47,107,46,172,181,95,173,119
148,25,249,42,155,48,228,123,70,122
148,26,144,174,206,152,14,172,22,89
148,27,22,7,142,5,209,73,9,40
148,28,10,222,21,139,56,20,176,123
148,29,126,185,206,240,174,231,147,78
148,30,18,238,4,70,72,130,231,253
148,31,55,37,251,60,230,40,170,185
148,32,28,248,58,92,176,40,126,62
148,33,176,12,103,38,250,185,133,154
148,34,249,80,152,15,235,47,102,146
148,35,176,92,100,255,7,131,3,106
148,36,17,21,228,42,138,254,139,148
148,37,110,214,83,244,97,160,248,92
148,38,149,156,20,195,47,141,63,44
148,39,66,251,209,50,252,83,5,136
149,0,241,52,17,150,156,102,21,15
149,1,252,21,95,76,61,114,164,163
149,2,181,93,141,182,96,83,228,157
149,3,16,66,234,101,215,243,218,94
149,4,93,149,51,169,30,253,212,63
149,5,66,115,213,81,48,6,52,5
149,6,25,245,116,108,62,37,4,185
149,7,101,1,95,41,16,167,220,130
149,8,47,124,183,201,7,88,68,248
149,9,4,14,5,107,190,102,145,253
149,10,117,12,31,250,143,17,15,174
149,11,103,209,54,208,202,248,212,94
149,12,166,46,95,132,181,217,234,7
149,13,48,42,249,30,123,122,156,199
149,14,156,206,172,40,39,89,22,251
149,15,22,207,142,197,231,239,118,76
149,16,21,167,222,90,137,154,247,2
149,17,206,185,231,78,50,7,36,213
149,18,238,70,190,165,12,130,4,253
149,19,43,206,71,216,112,111,251,83
149,20,248,124,201,13,242,88,183,236
149,21,4,43,107,196,89,162,14,102
149,22,117,17,12,250,31,216,204,143
149,23,209,103,208,248,151,54,137,2
149,24,166,46,95,173,107,172,119,157
149,25,42,48,249,123,122,116,70,229
149,26,93,172,174,115,22,206,40,89
149,27,142,22,209,5,7,116,231,192
149,28,21,222,138,20,137,233,82,81
149,29,78,185,206,173,231,174,41,147
149,30,238,70,72,4,165,251,221,231
149,31,40,60,80,251,170,43,112,111
149,32,40,197,176,75,14,28,126,61
149,33,12,103,5,133,63,54,38,154
149,34,227,5,152,11,235,109,55,102
149,35,136,92,220,100,7,214,63,3
149,36,48,251,42,24,57,239,193,17
149,37,14,214,83,97,241,162,37,87
149,38,87,75,185,126,39,244,44,15
149,39,251,252,254,177,61,52,220,15
150,0,240,17,67,247,209,198,194,53
150,1,95,253,2,252,114,219,91,21
150,2,181,141,93,83,63,7,137,96
150,3,66,234,2,217,101,254,215,90
150,4,149,253,30,93,169,60,51,82
150,5,66,115,213,81,3,48,5,223
150,6,245,25,108,62,37,178,241,134
150,7,16,1,146,210,83,85,167,128
150,8,207,124,236,201,28,88,43,157
150,9,105,4,162,111,14,145,192,234
150,10,85,31,159,250,143,246,23,58
150,11,42,240,94,84,212,250,109,115
150,12,57,46,107,36,172,234,66,133
150,13,30,122,41,207,48,238,110,58
150,14,42,89,178,251,90,172,22,73
150,15,84,239,118,222,22,101,5,236
150,16,74,123,90,8,30,206,222,249
150,17,231,23,3,205,191,232,180,189
150,18,28,231,157,189,21,206,135,70
150,19,216,106,245,7,181,155,175,179
150,20,13,236,190,9,211,43,218,46
150,21,236,231,17,89,43,162,111,244
150,22,128,160,85,97,200,181,107,7
150,23,212,80,94,131,240,68,197,95
150,24,57,107,234,36,219,233,72,66
150,25,122,207,249,241,48,30,226,36
150,26,89,232,250,141,111,119,152,1
150,27,236,222,239,118,209,43,22,186
150,28,74,30,8,222,241,233,90,66
150,29,150,232,185,240,231,3,23,189
150,30,70,238,231,206,4,72,157,44
150,31,112,38,40,155,154,216,179,251
150,32,75,197,176,40,206,126,70,61
150,33,12,5,103,63,38,171,154,18
150,34,227,152,235,11,55,102,213,173
150,35,92,63,7,100,220,214,161,3
150,36,48,24,251,42,239,57,193,139
150,37,14,162,83,97,241,37,87,50
150,38,75,126,44,39,244,124,97,157
150,39,252,177,13,62,220,77,61,254
151,0,55,177,31,74,152,175,20,178
151,1,42,44,84,254,206,105,117,49
151,2,235,47,183,3,95,182,157,71
151,3,234,16,66,63,213,243,44,94
151,4,30,44,253,180,169,93,51,212
151,5,115,81,3,52,225,93,66,33
151,6,25,185,37,178,241,62,245,123
151,7,246,16,95,85,146,239,1,208
151,8,124,183,201,68,246,248,13,88
151,9,4,14,5,102,196,105,244,43
151,10,31,216,250,12,143,85,117,66
151,11,103,54,248,212,202,94,2,250
151,12,46,132,7,57,181,95,234,206
151,13,48,249,30,123,228,122,41,42
151,14,156,206,251,235,169,39,172,89
151,15,22,142,207,249,146,9,197,239
151,16,21,193,167,90,222,190,88,123
151,17,206,231,50,78,213,7,36,23
151,18,238,70,12,165,209,190,28,231
151,19,43,60,71,112,111,216,155,178
151,20,201,13,248,183,88,124,184,207
151,21,89,4,43,196,22,14,190,236
151,22,216,250,31,12,159,140,85,168
151,23,103,85,54,59,116,248,2,202
151,24,46,128,7,211,119,157,132,57
151,25,48,249,42,97,19,22,146,41
151,26,22,172,93,89,156,146,218,174
151,27,22,142,249,5,209,207,231,239
151,28,222,193,190,21,167,78,224,196
151,29,88,173,231,61,185,240,21,78
151,30,70,50,238,231,162,165,250,12
151,31,38,43,28,60,179,40,71,251
151,32,176,76,109,179,40,86,91,70
151,33,104,198,11,250,38,56,95,171
151,34,235,173,72,44,28,240,238,70
151,35,40,190,63,148,161,191,74,151
151,36,39,115,193,104,227,142,42,202
151,37,87,27,83,78,84,229,45,241
151,38,75,157,244,215,44,250,39,119
151,39,254,252,61,158,220,244,165,14
152,0,96,226,171,80,247,128,11,119
152,1,169,254,163,243,81,2,222,35
152,2,200,254,204,51,152,183,168,137
152,3,188,221,180,170,234,89,122,9
152,4,253,30,119,60,20,93,82,169
152,5,81,61,194,225,23,142,3,93
152,6,16,25,37,241,232,108,62,71
152,7,16,1,61,85,220,239,146,95
152,8,112,157,124,35,248,201,68,207
152,9,14,4,206,120,5,98,244,19
152,10,229,216,163,31,143,250,204,12
152,11,18,103,130,142,212,54,250,207
152,12,46,154,67,95,132,7,106,57
152,13,48,200,249,122,41,199,30,207
152,14,156,172,22,38,206,218,251,89
152,15,22,239,241,231,5,197,209,118
152,16,222,13,21,167,90,179,78,26
152,17,231,206,23,102,50,155,7,3
152,18,238,70,231,165,28,12,5,189
152,19,43,71,216,251,181,245,40,179
152,20,248,35,112,236,13,124,183,201
152,21,4,43,236,242,120,162,206,196
152,22,31,163,15,159,239,250,97,140
152,23,101,18,142,212,2,49,240,130
152,24,46,67,107,57,172,95,132,36
152,25,249,48,122,51,70,142,207,241
152,26,22,172,174,89,156,152,130,206
152,27,22,142,5,118,7,209,186,239
152,28,222,21,8,231,78,26,241,233
152,29,231,240,102,206,155,173,232,23
152,30,70,231,238,206,165,4,6,189
152,31,43,251,71,40,179,185,38,216
152,32,89,176,194,17,70,40,91,126
152,33,214,23,68,38,94,12,206,117
152,34,34,235,187,70,182,19,54,47
152,35,40,161,63,201,100,20,92,131
152,36,253,42,0,193,104,239,139,210
152,37,87,83,84,164,147,45,220,37
152,38,75,157,244,44,22,39,15,126
152,39,252,145,61,254,220,62,16,181
153,0,55,177,20,47,222,8,221,224
153,1,70,153,27,231,42,245,117,105
153,2,211,42,193,183,157,3,192,180
153,3,234,197,16,63,243,44,66,78
153,4,30,82,169,180,137,44,212,125
153,5,48,252,102,5,16,217,225,77
153,6,108,25,129,9,134,37,71,104
153,7,130,146,246,38,95,1,150,220
153,8,236,183,211,124,46,9,13,7
153,9,52,111,4,162,105,43,196,139
153,10,15,181,146,239,103,97,107,85
153,11,212,240,94,37,146,190,6,216
153,12,107,46,234,36,200,66,57,172
153,13,249,207,122,70,48,238,27,193
153,14,174,152,172,42,89,251,141,22
153,15,22,5,209,118,7,18,239,186
153,16,222,82,21,90,30,241,206,123
153,17,19,231,206,3,232,240,189,90
153,18,231,70,116,189,238,58,21,4
153,19,43,251,179,60,181,247,185,155
153,20,236,13,248,46,215,211,43,7
153,21,52,89,111,242,162,4,43,190
153,22,146,15,239,103,216,181,107,97
153,23,212,37,59,146,190,94,240,197
153,24,46,36,55,210,128,107,12,157
153,25,249,48,155,169,207,0,211,19
153,26,174,22,172,89,218,152,141,40
153,27,18,22,7,118,5,209,112,142
153,28,222,56,233,212,8,21,82,179
153,29,19,225,240,206,231,71,3,232
153,30,231,70,209,50,238,48,4,189
153,31,60,43,179,185,40,251,71,216
153,32,26,57,176,92,144,243,126,191
153,33,250,162,185,139,38,12,102,54
153,34,235,249,143,195,109,48,28,44
153,35,40,185,161,100,201,1,63,123
153,36,79,42,37,126,39,202,147,44
153,37,196,83,87,45,27,210,162,214
153,38,75,132,244,157,149,39,15,119
153,39,66,251,44,61,220,252,77,99
154,0,51,49,153,22,85,227,119,118
154,1,169,223,232,84,117,177,77,176
154,2,16,162,164,242,12,146,90,224
154,3,98,146,97,27,160,238,245,107
154,4,82,14,167,30,67,65,181,171
154,5,67,235,6,252,66,181,247,139
154,6,129,108,25,71,215,134,1,37
154,7,44,220,146,1,95,173,60,66
154,8,33,124,248,68,7,201,13,247
154,9,132,4,190,162,22,14,242,43
154,10,15,248,216,239,31,85,107,143
154,11,36,212,20,103,94,208,250,240
154,12,46,57,107,234,132,7,95,181
154,13,33,249,48,207,128,122,222,238
154,14,147,172,174,152,218,89,251,206
154,15,22,240,209,118,239,166,5,142
154,16,222,156,21,167,90,13,179,30
154,17,110,231,206,240,23,50,102,36
154,18,238,70,128,231,112,165,189,181
154,19,71,120,251,43,216,179,40,181
154,20,33,236,248,13,43,124,46,201
154,21,132,4,242,162,43,89,190,120
154,22,15,248,239,31,143,97,85,194
154,23,36,101,212,240,94,20,208,84
154,24,46,57,107,36,132,172,181,173
154,25,249,33,48,142,70,207,122,241
154,26,147,174,22,89,152,172,206,218
154,27,22,7,186,118,209,234,239,166
154,28,222,156,21,212,233,8,241,231
154,29,110,240,231,206,232,50,90,3
154,30,231,70,128,112,238,4,189,206
154,31,120,251,12,179,185,216,43,40
154,32,238,176,113,158,91,243,194,62
154,33,73,41,38,12,185,248,171,212
154,34,34,235,97,161,70,47,19,188
154,35,40,161,201,100,131,20,214,123
154,36,181,42,193,239,57,134,139,253
154,37,83,87,84,147,14,45,102,37
154,38,157,244,44,75,126,39,15,250
154,39,61,252,220,145,62,181,52,15
155,0,222,55,201,152,103,203,47,60
155,1,70,153,117,71,173,42,105,245
155,2,12,76,16,108,224,148,61,85
155,3,234,197,7,245,16,246,63,66
155,4,30,82,203,178,169,91,49,180
155,5,5,48,102,16,217,252,81,247
155,6,108,19,9,129,25,54,134,174
155,7,146,130,1,83,95,246,220,38
155,8,236,124,248,183,13,211,68,181
155,9,4,52,105,111,43,162,196,79
155,10,15,239,85,181,146,31,246,138
155,11,212,136,37,94,240,6,59,190
155,12,46,36,115,107,200,57,172,234
155,13,249,207,48,122,30,241,41,174
155,14,174,152,172,89,42,171,251,192
155,15,22,118,239,209,186,5,84,7
155,16,222,90,82,30,193,167,123,21
155,17,231,240,3,23,36,232,213,206
155,18,231,70,151,238,28,21,189,116
155,19,43,249,155,251,181,216,179,185
155,20,13,236,248,8,211,215,163,43
155,21,242,52,89,4,43,105,162,190
155,22,15,216,146,239,246,85,181,138
155,23,136,212,37,201,59,94,190,197
155,24,128,46,115,7,234,36,57,157
155,25,249,48,97,41,19,70,156,222
155,26,89,218,119,174,172,203,171,152
155,27,22,84,118,239,186,7,209,76
155,28,222,193,196,167,224,82,90,206
155,29,88,61,119,173,21,240,255,248
155,30,21,50,70,162,231,81,28,189
155,31,38,155,249,251,106,40,181,185
155,32,131,179,104,91,86,176,148,125
155,33,132,104,38,237,139,29,250,102
155,34,44,109,235,240,238,195,28,128
155,35,145,148,190,40,185,63,161,44
155,36,39,79,227,115,202,142,147,37
155,37,27,196,78,229,83,169,113,87
155,38,75,215,132,169,87,119,95,149
155,39,158,231,75,254,129,179,59,175
156,0,166,113,97,142,205,213,123,150
156,1,34,26,187,59,117,118,132,105
156,2,103,210,17,59,162,127,4,30
156,3,211,31,146,37,90,46,135,84
156,4,161,167,65,30,13,82,14,19
156,5,6,104,161,5,186,253,235,66
156,6,108,167,178,123,37,174,54,241
156,7,29,91,146,1,210,16,83,219
156,8,33,207,89,7,13,28,248,212
156,9,39,4,94,105,29,13,162,14
156,10,31,130,216,85,159,239,246,15
156,11,20,250,212,94,103,84,248,136
156,12,46,7,57,107,132,26,63,234
156,13,249,43,48,30,156,41,124,207
156,14,172,251,89,152,235,206,124,42
156,15,22,44,65,239,84,118,9,197
156,16,167,5,222,196,90,211,123,233
156,17,61,231,50,213,172,23,7,193
156,18,148,50,187,70,57,231,165,21
156,19,130,43,40,155,111,68,181,216
156,20,33,13,184,201,124,207,248,212
156,21,39,29,94,4,89,13,145,196
156,22,130,31,51,216,253,15,83,114
156,23,20,250,107,94,236,212,84,103
156,24,63,128,26,132,160,46,7,217
156,25,48,43,97,22,147,249,41,171
156,26,172,241,89,124,218,206,174,234
156,27,65,22,44,207,142,81,84,57
156,28,167,196,99,222,188,5,96,136
156,29,61,172,50,173,7,240,213,231
156,30,148,70,81,187,11,21,73,231
156,31,130,146,68,251,155,38,40,135
156,32,62,148,131,201,99,106,91,113
156,33,190,232,104,28,237,38,58,6
156,34,235,88,34,97,64,171,161,238
156,35,145,148,40,2,74,39,190,63
156,36,207,202,39,227,49,36,217,145
156,37,27,83,78,190,15,60,85,87
156,38,75,95,80,71,215,44,241,206
156,39,158,244,254,72,69,183,241,61
157,0,66,185,6,40,106,233,18,110
157,1,117,223,191,250,112,84,42,86
157,2,198,22,87,121,59,127,152,239
157,3,90,234,214,92,19,53,146,202
157,4,118,122,65,30,139,228,105,82
157,5,14,5,114,18,253,249,61,102
157,6,90,3,178,108,42,114,174,37
157,7,44,91,16,131,146,210,2,1
157,8,207,28,103,122,35,212,13,7
157,9,217,105,178,14,13,4,156,98
157,10,31,159,253,114,62,46,85,51
157,11,109,203,20,95,142,212,107,250
157,12,46,132,67,12,57,234,7,107
157,13,48,124,41,70,30,156,29,220
157,14,42,251,89,172,119,38,235,61
157,15,239,22,84,118,233,120,126,186
157,16,167,66,206,90,180,22,211,123
157,17,50,3,213,231,23,205,88,193
157,18,21,28,211,189,70,12,90,222
157,19,181,155,160,178,251,40,71,106
157,20,13,184,236,43,207,248,28,201
157,21,217,13,105,231,89,236,43,162
157,22,62,85,35,159,31,246,114,46
157,23,203,109,107,212,94,95,42,142
157,24,234,46,132,57,191,12,15,107
157,25,48,41,30,124,249,29,163,22
157,26,89,178,22,251,174,199,156,42
157,27,118,84,239,186,234,22,236,120
157,28,226,8,211,167,222,206,241,249
157,29,213,3,50,169,231,205,31,23
157,30,231,21,70,189,211,159,210,149
157,31,106,185,179,181,155,251,71,40
157,32,96,91,186,176,131,201,246,116
157,33,248,38,151,11,58,29,232,28
157,34,171,180,70,196,235,205,12,61
157,35,100,145,40,153,236,131,20,161
157,36,181,42,8,0,116,193,84,211
157,37,87,31,184,84,83,220,37,45
157,38,95,157,244,44,241,75,162,15
157,39,241,9,61,220,213,145,68,146
158,0,181,82,107,251,255,39,246,83
158,1,117,135,134,222,84,207,237,220
158,2,239,127,89,181,165,156,154,243
158,3,90,42,105,109,234,53,107,169
158,4,17,254,82,30,249,130,122,27
158,5,174,5,68,18,102,255,169,85
158,6,108,149,166,178,193,37,243,164
158,7,146,210,1,220,109,13,16,41
158,8,236,248,68,207,227,122,46,43
158,9,217,105,4,14,111,162,43,236
158,10,228,68,253,181,252,15,62,31
158,11,64,207,212,95,109,94,203,156
158,12,132,46,12,234,155,57,107,172
158,13,48,164,100,41,249,22,207,122
158,14,172,6,251,241,174,42,40,152
158,15,22,120,186,239,233,118,5,96
158,16,222,119,167,147,180,211,90,206
158,17,26,50,3,231,206,232,11,101
158,18,21,70,231,55,28,189,11,222
158,19,237,155,181,245,185,71,251,106
158,20,236,13,190,43,184,65,181,186
158,21,231,217,236,89,105,162,43,242
158,22,68,140,228,200,7,97,15,252
158,23,212,64,94,240,10,107,95,190
158,24,233,234,57,219,172,173,12,133
158,25,164,48,122,207,163,41,30,249
158,26,141,15,199,89,174,251,157,238
158,27,118,186,239,84,236,209,234,43
158,28,226,8,222,241,211,206,90,129
158,29,26,3,169,101,90,205,232,240
158,30,231,70,55,189,21,149,210,211
158,31,237,251,179,185,245,40,155,216
158,32,224,42,176,243,199,91,126,197
158,33,179,201,156,217,38,248,171,12
158,34,49,217,196,70,47,235,188,213
158,35,40,100,214,224,73,210,201,131
158,36,24,255,42,116,239,84,139,223
158,37,87,50,14,147,83,45,210,37
158,38,146,157,244,14,44,15,162,3
158,39,177,13,85,61,220,62,14,89
159,0,109,55,177,24,151,152,180,47
159,1,226,236,70,11,34,132,105,117
159,2,221,58,3,239,157,193,237,5
159,3,234,42,44,16,90,61,197,63
159,4,82,243,30,169,204,178,51,137
159,5,48,5,102,217,195,16,203,52
159,6,108,25,178,149,37,9,193,253
159,7,146,246,6,95,38,130,109,4
159,8,236,68,183,248,211,9,124,88
159,9,111,105,52,162,4,242,196,43
159,10,15,181,228,239,146,31,159,7
159,11,212,37,190,240,94,2,6,59
159,12,36,46,172,57,12,233,234,200
159,13,48,207,249,122,70,41,193,30
159,14,152,42,172,174,141,251,89,199
159,15,239,209,118,22,186,7,18,234
159,16,222,241,90,30,211,206,226,82
159,17,3,19,232,206,231,90,240,205
159,18,231,70,21,189,149,235,11,28
159,19,179,181,185,216,155,245,43,40
159,20,236,13,215,163,43,248,211,68
159,21,242,162,89,105,196,52,231,244
159,22,15,239,228,7,140,146,181,31
159,23,212,190,37,94,59,2,240,95
159,24,172,46,12,233,57,234,11,132
159,25,249,48,230,41,1,70,124,155
159,26,152,172,174,89,15,22,220,42
159,27,239,186,118,7,209,18,234,84
159,28,222,241,8,206,226,211,21,128
159,29,3,90,206,240,19,214,120,169
159,30,231,11,149,90,70,189,21,188
159,31,155,185,251,71,199,60,181,91
159,32,176,48,246,62,18,22,109,91
159,33,102,107,139,224,38,250,248,28
159,34,175,48,94,240,64,56,235,70
159,35,40,85,161,185,94,236,117,2
159,36,79,202,246,195,152,142,37,116
159,37,161,60,83,174,43,87,196,135
159,38,201,234,157,9,75,44,30,39
159,39,246,1,92,215,250,183,44,220
160,0,242,234,13,177,186,78,55,133
160,1,117,232,251,3,71,84,1,100
160,2,230,239,148,110,150,23,228,136
160,3,155,90,16,234,2,7,63,42
160,4,82,216,71,169,30,225,93,94
160,5,169,167,225,217,115,133,129,187
160,6,108,123,178,92,37,235,9,253
160,7,243,4,13,181,173,146,139,228
160,8,47,236,163,183,248,38,124,12
160,9,96,242,196,162,4,111,105,10
160,10,239,15,7,31,181,197,109,140
160,11,216,153,212,2,116,114,240,190
160,12,172,12,233,61,46,36,234,32
160,13,249,48,207,41,70,247,1,241
160,14,152,42,172,174,141,15,192,119
160,15,7,22,209,178,234,186,118,239
160,16,222,241,21,206,90,226,128,233
160,17,3,240,206,232,90,31,231,197
160,18,231,70,11,21,149,235,238,189
160,19,60,185,251,43,181,155,179,112
160,20,236,163,13,38,248,47,12,215
160,21,242,96,196,89,105,162,52,244
160,22,0,15,239,7,140,252,31,216
160,23,212,116,216,190,114,151,15,2
160,24,172,46,233,12,234,57,132,128
160,25,249,48,41,30,1,70,23,247
160,26,172,22,89,174,152,220,42,15
160,27,7,239,118,234,209,84,22,186
160,28,222,241,206,21,230,82,249,226
160,29,49,3,206,240,90,120,128,88
160,30,231,149,70,50,21,189,151,69
160,31,60,28,251,185,155,71,43,216
160,32,176,86,248,62,146,246,91,58
160,33,36,38,97,133,37,176,104,75
160,34,15,255,249,212,80,28,238,206
160,35,106,40,49,148,161,190,20,236
160,36,227,21,147,39,138,202,228,17
160,37,244,214,83,15,95,193,87,60
160,38,182,177,141,75,157,24,44,156
160,39,142,83,127,209,251,66,254,36
161,0,193,234,52,17,198,209,240,255
161,1,251,3,71,109,105,144,198,52
161,2,148,230,23,150,110,136,239,86
161,3,155,42,116,2,7,234,90,66
161,4,82,94,30,164,71,216,93,169
161,5,115,5,217,102,167,209,187,30
161,6,108,178,123,9,37,104,174,235
161,7,146,4,95,13,210,243,173,228
161,8,236,183,38,124,248,88,43,13
161,9,105,162,242,4,43,52,196,96
161,10,15,7,159,31,181,239,85,142
161,11,216,212,240,190,116,6,2,94
161,12,12,172,46,57,233,234,36,32
161,13,48,41,249,207,70,30,1,122
161,14,174,152,42,141,79,251,119,199
161,15,118,239,22,209,84,186,43,142
161,16,241,226,8,90,30,222,211,206
161,17,31,232,3,90,180,169,205,231
161,18,231,189,21,70,157,235,28,109
161,19,185,216,179,181,245,155,126,58
161,20,236,13,215,211,43,163,248,183
161,21,242,162,80,105,231,244,52,89
161,22,7,15,181,239,140,128,85,154
161,23,212,190,94,116,68,95,6,131
161,24,172,233,57,234,205,12,173,36
161,25,41,48,30,249,128,163,122,70
161,26,174,89,152,1,141,15,203,199
161,27,118,239,186,209,7,84,10,234
161,28,241,206,8,226,211,30,249,193
161,29,49,3,88,90,128,240,21,205
161,30,231,21,50,70,189,162,149,11
161,31,185,28,216,179,251,155,18,60
161,32,176,86,246,179,146,62,91,131
161,33,36,38,97,104,181,75,37,248
161,34,28,206,238,212,235,44,255,5
161,35,148,49,161,40,190,20,236,63
161,36,147,227,39,234,115,116,34,193
161,37,15,193,78,83,27,95,87,220
161,38,75,215,44,157,139,126,39,119
161,39,158,72,36,15,125,254,197,220
162,0,233,212,218,65,86,2,60,110
162,1,40,13,183,96,117,42,206,166
162,2,112,35,205,252,178,148,242,107
162,3,14,2,216,234,180,247,192,90
162,4,180,216,55,82,30,231,71,139
162,5,67,232,19,254,123,225,3,31
162,6,114,123,108,178,9,174,3,2
162,7,243,4,133,210,41,146,228,109
162,8,242,248,236,183,163,124,227,13
162,9,14,240,96,4,242,196,162,105
162,10,7,17,239,15,197,31,181,140
162,11,116,216,151,2,250,186,212,156
162,12,203,172,55,233,46,206,132,234
162,13,48,249,41,100,70,241,128,140
162,14,152,172,72,42,174,38,101,192
162,15,7,186,22,118,234,197,142,230
162,16,222,241,180,21,90,128,206,78
162,17,90,206,3,240,157,190,31,231
162,18,231,11,149,70,188,237,235,162
162,19,112,28,43,179,27,185,71,126
162,20,242,236,13,163,68,215,183,12
162,21,242,89,196,240,14,96,162,244
162,22,7,239,17,15,235,181,30,140
162,23,156,151,116,212,190,2,250,6
162,24,172,7,233,46,132,95,57,234
162,25,48,249,41,247,30,70,1,207
162,26,172,40,72,89,152,101,174,220
162,27,7,197,239,186,118,209,76,234
162,28,78,241,167,222,90,206,21,71
162,29,157,128,120,49,90,240,3,206
162,30,231,237,70,189,149,235,50,151
162,31,28,60,43,185,71,179,155,216
162,32,75,176,246,116,18,43,86,62
162,33,161,182,11,5,36,38,117,104
162,34,28,205,227,44,238,235,47,90
162,35,40,148,63,190,145,161,255,49
162,36,251,147,227,39,55,116,126,115
162,37,193,83,78,87,27,15,240,102
162,38,157,75,215,139,124,119,44,251
162,39,158,27,224,254,15,72,165,61
163,0,198,250,10,110,67,22,194,233
163,1,88,183,227,13,158,223,96,157
163,2,0,192,35,107,59,227,235,83
163,3,2,214,234,216,247,76,194,180
163,4,180,122,105,30,82,139,55,123
163,5,67,18,253,31,5,232,3,225
163,6,114,123,90,108,178,245,33,174
163,7,253,4,66,146,228,41,243,210
163,8,242,38,248,163,236,7,124,103
163,9,240,14,96,217,242,245,105,144
163,10,7,163,239,114,15,51,1,197
163,11,151,116,2,216,142,207,212,156
163,12,203,67,132,172,7,206,46,12
163,13,48,249,41,200,100,247,128,156
163,14,152,38,72,172,40,174,42,218
163,15,7,186,230,22,197,142,118,76
163,16,222,78,90,167,211,241,21,147
163,17,88,90,240,120,190,206,50,143
163,18,231,215,214,149,70,21,190,142
163,19,28,155,71,179,112,43,178,216
163,20,242,13,236,163,207,215,183,38
163,21,14,89,240,196,242,162,217,52
163,22,239,163,51,114,7,31,235,15
163,23,207,156,142,250,79,151,18,94
163,24,46,132,95,7,172,67,206,57
163,25,48,249,192,100,195,30,156,79
163,26,40,172,89,235,146,218,174,152
163,27,76,186,7,207,118,197,154,209
163,28,167,78,222,90,211,241,21,178
163,29,114,120,7,50,173,206,90,143
163,30,231,215,214,70,190,189,113,81
163,31,71,28,38,40,43,106,251,155
163,32,75,18,176,116,246,201,62,91
163,33,58,168,11,182,253,38,224,12
163,34,34,205,12,95,101,235,173,180
163,35,132,145,153,99,40,63,161,39
163,36,253,172,117,8,252,114,0,116
163,37,84,87,220,83,15,164,37,115
163,38,75,157,136,95,244,126,44,39
163,39,9,146,241,254,23,72,61,15
164,0,250,65,2,223,198,41,152,170
164,1,154,82,153,79,88,42,98,134
164,2,45,0,177,192,13,83,89,237
164,3,234,2,132,107,53,63,113,156
164,4,180,231,155,30,190,85,164,149
164,5,67,167,123,254,81,115,14,5
164,6,114,123,108,175,178,241,245,2
164,7,253,146,210,16,4,173,109,83
164,8,242,207,163,236,66,13,181,227
164,9,14,105,242,4,162,213,196,111
164,10,31,17,1,239,159,114,246,253
164,11,151,250,207,79,209,109,248,2
164,12,46,7,132,172,203,57,234,12
164,13,48,41,249,30,156,124,100,128
164,14,152,42,172,251,72,89,174,206
164,15,186,118,22,239,7,84,209,9
164,16,241,222,211,90,167,193,249,206
164,17,90,31,205,213,240,3,231,232
164,18,231,21,11,70,151,189,142,50
164,19,155,179,181,185,216,146,251,40
164,20,236,13,163,242,215,207,43,248
164,21,242,89,162,196,244,105,52,80
164,22,216,239,15,17,7,181,213,252
164,23,212,151,116,209,190,94,203,216
164,24,172,233,234,128,46,57,12,132
164,25,41,48,249,30,19,97,241,1
164,26,203,89,174,172,152,15,42,40
164,27,7,84,186,239,118,197,234,209
164,28,241,193,206,222,249,211,167,128
164,29,88,240,78,3,90,49,61,213
164,30,231,50,162,70,21,149,189,237
164,31,185,155,43,216,38,251,18,179
164,32,176,75,179,131,246,125,86,148
164,33,5,104,132,38,161,143,182,36
164,34,44,227,28,238,235,70,205,225
164,35,40,148,190,161,236,74,63,201
164,36,115,202,39,227,147,116,251,114
164,37,78,87,83,27,174,60,161,16
164,38,75,157,215,119,169,44,234,39
164,39,158,75,231,254,61,220,179,92
165,0,166,97,113,205,142,10,210,67
165,1,59,34,26,199,187,105,132,117
165,2,59,17,103,227,0,127,35,4
165,3,211,31,146,37,234,42,90,46
165,4,167,161,65,30,13,251,14,131
165,5,6,104,5,161,253,186,224,10
165,6,108,167,123,178,174,9,175,241
165,7,146,91,29,210,4,16,109,83
165,8,33,89,242,7,13,207,236,43
165,9,39,105,94,4,242,29,162,14
165,10,130,15,239,31,253,7,216,85
165,11,20,212,151,250,216,95,190,94
165,12,172,46,57,234,132,7,12,233
165,13,48,41,249,136,207,30,43,163
165,14,152,174,42,141,251,15,199,172
165,15,118,65,7,22,186,9,142,209
165,16,241,226,90,211,222,206,167,123
165,17,90,31,232,3,205,169,240,61
165,18,231,148,21,70,189,11,157,149
165,19,216,179,185,130,155,126,181,245
165,20,236,13,163,215,33,248,12,89
165,21,39,242,80,89,162,196,29,244
165,22,15,239,140,7,181,30,107,168
165,23,20,212,190,203,216,94,68,107
165,24,172,233,234,183,57,231,63,132
165,25,48,41,43,30,249,29,163,23
165,26,174,89,152,15,227,141,42,1
165,27,65,7,118,239,84,186,197,234
165,28,241,226,206,96,222,5,249,128
165,29,3,90,240,172,205,31,50,181
165,30,148,231,70,149,189,187,11,21
165,31,130,185,251,155,179,216,126,199
165,32,99,113,176,246,62,131,91,238
165,33,190,38,232,107,248,104,3,41
165,34,88,161,97,70,171,34,56,220
165,35,161,236,20,201,40,145,74,2
165,36,207,202,246,152,116,49,42,114
165,37,83,174,161,87,60,135,45,67
165,38,234,44,157,9,71,30,39,15
165,39,250,92,72,69,244,220,125,15
166,0,242,234,186,155,144,111,152,188
166,1,182,198,143,191,117,97,42,195
166,2,198,230,110,150,87,86,157,92
166,3,234,155,156,66,180,63,13,7
166,4,71,94,30,169,82,118,93,194
166,5,115,35,225,187,5,48,102,133
166,6,108,235,92,178,123,193,9,3
166,7,228,181,91,146,84,210,243,4
166,8,248,236,163,124,183,43,13,159
166,9,242,162,14,144,80,196,120,96
166,10,253,15,5,239,7,181,140,9
166,11,153,212,142,190,216,130,6,95
166,12,172,233,234,231,183,36,57,61
166,13,48,116,249,41,207,241,70,122
166,14,174,152,42,199,79,89,141,172
166,15,248,118,7,209,186,234,22,222
166,16,241,226,222,90,30,21,206,211
166,17,232,90,3,197,31,240,206,205
166,18,231,70,189,11,21,69,235,157
166,19,216,185,126,179,155,60,151,58
166,20,236,13,215,163,159,211,184,12
166,21,80,89,242,162,96,244,196,52
166,22,181,140,239,15,0,7,9,30
166,23,153,212,190,68,15,130,94,6
166,24,172,233,234,231,173,36,183,57
166,25,48,116,249,41,30,241,207,128
166,26,89,174,152,1,227,141,251,192
166,27,118,248,7,10,209,186,197,252
166,28,241,30,8,226,54,230,206,90
166,29,232,31,236,90,3,128,102,240
166,30,231,69,70,189,238,157,235,210
166,31,216,185,18,179,155,71,126,60
166,32,195,176,126,146,171,243,194,86
166,33,97,75,94,37,12,38,217,10
166,34,47,187,212,70,19,255,54,206
166,35,255,161,201,131,100,73,217,49
166,36,0,116,234,42,8,11,57,239
166,37,87,102,220,90,83,84,45,37
166,38,157,244,15,22,114,44,86,162
166,39,220,23,61,14,252,16,145,68
167,0,78,89,136,18,56,241,118,33
167,1,166,183,117,6,40,186,228,84
167,2,125,7,178,2,116,128,55,191
167,3,153,169,138,234,5,105,89,17
167,4,253,82,156,30,182,60,71,123
167,5,174,225,19,142,5,35,195,232
167,6,108,84,25,115,235,9,242,178
167,7,228,146,84,210,94,243,173,167
167,8,157,236,248,159,124,184,13,43
167,9,162,80,242,105,196,14,244,144
167,10,12,68,239,181,15,128,30,140
167,11,64,212,130,190,68,94,6,240
167,12,172,234,233,107,57,133,173,231
167,13,42,41,48,30,241,207,122,191
167,14,174,251,152,89,79,227,42,141
167,15,118,84,10,135,239,22,9,186
167,16,226,241,211,8,90,123,158,206
167,17,232,205,31,185,3,90,169,180
167,18,231,189,70,21,210,109,72,157
167,19,185,46,155,216,179,181,126,245
167,20,236,13,43,157,45,248,252,190
167,21,231,162,242,80,89,163,43,105
167,22,200,97,68,12,140,181,15,239
167,23,64,212,94,68,240,6,190,130
167,24,172,233,173,234,36,183,133,107
167,25,42,48,122,249,163,181,193,30
167,26,141,174,152,89,227,237,79,192
167,27,118,7,186,10,209,239,252,236
167,28,241,226,8,30,222,206,147,90
167,29,185,232,31,3,90,174,240,169
167,30,231,72,70,210,189,4,36,109
167,31,216,185,126,155,179,18,58,46
167,32,224,176,126,197,243,171,32,62
167,33,63,12,156,38,217,18,248,10
167,34,152,47,70,54,188,206,213,146
167,35,255,201,100,161,73,131,217,214
167,36,42,251,24,239,57,116,244,11
167,37,87,50,14,102,90,83,45,139
167,38,157,244,146,15,114,162,44,86
167,39,177,220,13,61,85,14,252,62
168,0,55,177,31,175,152,134,36,20
168,1,42,89,254,149,9,101,245,84
168,2,3,182,201,157,178,71,120,193
168,3,234,16,61,63,66,218,156,15
168,4,253,30,169,93,204,51,82,212
168,5,225,115,213,19,232,142,195,250
168,6,108,25,84,123,242,9,178,115
168,7,146,228,84,130,94,173,4,167
168,8,236,157,124,248,68,227,43,163
168,9,242,162,196,14,144,52,4,80
168,10,12,239,128,181,15,140,30,108
168,11,212,68,240,211,6,190,113,137
168,12,172,234,157,231,233,95,183,173
168,13,42,48,249,41,207,193,163,30
168,14,174,152,1,42,192,79,89,251
168,15,118,7,142,10,22,209,222,186
168,16,241,190,222,226,90,206,21,211
168,17,3,232,31,206,90,205,185,240
168,18,231,72,70,189,157,210,11,21
168,19,216,185,60,126,71,58,179,155
168,20,236,13,157,215,45,68,248,163
168,21,242,80,89,162,244,196,52,213
168,22,181,12,239,128,30,140,15,108
168,23,212,68,190,85,240,156,94,6
168,24,172,233,234,231,183,157,57,7
168,25,48,42,249,116,241,30,41,207
168,26,174,89,152,1,227,192,235,141
168,27,7,118,10,186,209,252,197,239
168,28,241,147,190,226,30,206,8,90
168,29,31,185,232,3,128,90,240,12
168,30,231,72,70,189,235,210,190,238
168,31,216,60,18,185,126,28,155,71
168,32,109,176,126,171,18,243,32,62
168,33,38,11,12,10,3,59,248,171
168,34,47,72,249,70,109,240,146,28
168,35,44,161,255,201,131,217,73,220
168,36,116,42,138,79,11,251,58,225
168,37,87,102,83,45,139,90,37,221
168,38,157,87,15,244,114,14,167,162
168,39,220,61,252,251,14,165,168,146
169,0,96,226,247,80,171,128,52,107
169,1,9,179,89,149,15,254,90,177
169,2,114,254,66,229,137,182,54,71
169,3,188,221,234,86,15,63,215,180
169,4,169,253,119,82,30,180,93,20
169,5,213,225,61,142,19,232,195,133
169,6,108,16,25,84,123,9,178,241
169,7,84,61,228,146,94,173,169,189
169,8,157,112,236,248,124,43,68,199
169,9,242,162,206,196,213,144,14,80
169,10,15,12,239,181,108,128,140,229
169,11,18,212,130,240,68,190,6,196
169,12,172,106,234,231,233,157,173,183
169,13,200,48,42,41,249,207,241,193
169,14,174,152,79,251,192,89,237,42
169,15,241,118,7,186,209,22,222,10
169,16,241,226,222,149,90,30,211,8
169,17,31,232,90,128,205,240,3,169
169,18,231,70,210,189,4,235,157,44
169,19,216,185,58,126,179,155,71,46
169,20,236,13,215,163,211,248,45,157
169,21,80,242,162,52,206,89,213,244
169,22,181,239,15,128,12,254,163,30
169,23,68,18,101,190,212,240,6,94
169,24,172,36,233,183,173,234,231,107
169,25,48,249,193,122,128,200,163,70
169,26,89,174,152,237,227,1,141,79
169,27,7,118,10,241,209,186,154,40
169,28,241,226,30,147,8,149,206,231
169,29,31,232,3,240,90,174,128,55
169,30,231,70,72,4,36,210,189,6
169,31,216,185,126,58,155,179,18,60
169,32,89,176,126,243,171,197,199,17
169,33,214,38,94,68,185,23,12,248
169,34,47,187,182,70,54,146,19,28
169,35,131,255,161,201,217,100,73,98
169,36,253,116,57,42,0,244,239,11
169,37,87,102,90,83,220,45,164,139
169,38,157,244,15,14,114,167,162,44
169,39,220,61,252,145,14,16,36,15
170,0,2,41,152,115,20,177,224,47
170,1,8,175,178,153,131,67,223,70
170,2,211,42,157,228,51,139,182,193
170,3,234,16,63,197,218,61,245,66
170,4,169,149,30,82,1,204,93,212
170,5,225,187,213,133,181,6,48,66
170,6,108,129,25,245,115,9,189,104
170,7,84,220,146,130,94,173,246,95
170,8,236,124,163,43,248,45,9,183
170,9,242,162,4,80,52,213,111,17
170,10,15,117,239,140,181,17,107,103
170,11,212,190,240,113,6,68,137,208
170,12,172,166,234,173,183,61,72,231
170,13,48,163,249,193,100,196,128,136
170,14,174,152,237,79,13,192,89,227
170,15,7,118,186,211,209,234,18,22
170,16,226,154,241,21,206,30,138,90
170,17,206,31,55,12,240,90,205,232
170,18,231,70,210,189,238,237,36,157
170,19,60,185,216,206,126,179,58,155
170,20,45,236,13,215,248,163,250,134
170,21,80,242,162,89,91,244,163,52
170,22,15,117,181,17,239,140,200,254
170,23,212,68,190,209,151,208,146,113
170,24,172,166,36,183,173,234,55,233
170,25,48,163,193,249,128,136,122,42
170,26,174,237,89,79,152,227,141,13
170,27,7,118,10,209,40,211,234,116
170,28,226,138,241,206,30,82,8,129
170,29,78,31,232,55,3,240,174,90
170,30,231,70,36,210,4,237,66,189
170,31,60,185,216,126,58,155,179,18
170,32,176,197,126,14,243,75,120,32
170,33,103,185,250,38,161,248,3,12
170,34,109,227,47,146,143,249,11,18
170,35,217,131,161,201,255,98,100,123
170,36,116,42,48,57,251,32,25,11
170,37,87,102,162,139,83,45,196,221
170,38,157,14,15,244,87,167,114,162
170,39,61,220,252,77,251,14,224,75
171,0,166,113,142,97,205,67,150,213
171,1,34,59,26,87,132,64,11,10
171,2,235,51,197,176,116,105,9,114
171,3,46,211,234,76,146,139,245,9
171,4,167,161,240,30,14,82,4,96
171,5,6,225,66,181,252,131,213,238
171,6,108,129,245,115,219,17,193,134
171,7,91,220,84,146,1,94,173,60
171,8,33,124,13,248,236,163,45,215
171,9,39,242,132,162,4,80,14,144
171,10,15,216,117,239,103,12,254,181
171,11,20,212,36,113,68,6,190,240
171,12,166,172,234,157,173,183,61,231
171,13,48,33,100,41,136,42,249,193
171,14,174,79,251,152,237,89,199,13
171,15,118,65,7,22,186,142,9,135
171,16,226,154,241,147,211,90,206,21
171,17,31,55,240,205,232,90,12,206
171,18,231,70,210,4,238,189,36,190
171,19,216,206,185,58,126,155,5,179
171,20,236,45,13,33,248,215,163,211
171,21,80,242,39,89,162,132,91,52
171,22,15,117,239,103,181,248,254,200
171,23,101,20,68,212,6,190,36,240
171,24,172,36,183,173,233,231,200,107
171,25,48,128,249,193,163,33,136,122
171,26,174,237,89,152,147,79,227,141
171,27,7,118,65,10,211,40,209,186
171,28,226,147,241,21,206,156,30,8
171,29,31,240,55,12,110,3,90,174
171,30,231,128,70,210,36,4,190,148
171,31,185,120,126,58,216,251,155,179
171,32,113,238,176,126,158,243,62,43
171,33,41,190,38,185,224,3,248,12
171,34,97,34,70,88,47,161,146,152
171,35,131,161,217,39,98,201,123,100
171,36,207,116,42,239,11,245,49,57
171,37,87,90,83,102,45,139,37,15
171,38,15,157,14,167,114,162,244,86
171,39,252,61,220,72,36,14,15,13
172,0,115,2,152,104,131,6,20,60
172,1,191,42,117,105,118,74,84,14
172,2,235,76,51,198,139,190,132,197
172,3,234,130,245,218,197,63,139,215
172,4,149,169,30,203,50,4,48,63
172,5,225,6,131,187,133,66,213,181
172,6,108,129,115,17,134,25,70,245
172,7,220,84,91,1,95,130,150,173
172,8,236,124,248,183,45,43,163,134
172,9,242,162,52,80,196,4,91,190
172,10,15,103,117,216,239,181,254,67
172,11,212,6,240,94,113,146,68,173
172,12,234,166,172,107,36,231,139,236
172,13,48,193,249,174,241,128,207,82
172,14,174,152,79,237,251,89,192,199
172,15,7,118,186,18,22,9,142,40
172,16,154,226,241,21,222,90,123,30
172,17,232,31,206,55,90,36,205,240
172,18,70,231,4,210,66,238,36,189
172,19,206,46,216,185,5,58,155,179
172,20,236,45,13,215,248,211,250,134
172,21,80,242,89,91,162,52,244,182
172,22,15,181,103,239,67,254,216,107
172,23,146,68,212,173,6,190,240,37
172,24,172,166,36,200,183,55,231,115
172,25,128,48,193,249,136,122,42,169
172,26,237,89,174,152,79,141,192,227
172,27,7,118,10,209,18,40,211,43
172,28,138,226,241,8,129,82,206,30
172,29,31,232,55,3,78,174,185,240
172,30,231,70,36,66,210,4,151,72
172,31,185,216,155,60,179,126,18,58
172,32,14,176,126,197,144,243,171,26
172,33,185,103,161,38,12,248,3,59
172,34,47,227,146,109,18,249,11,143
172,35,217,131,201,161,123,98,255,100
172,36,148,116,42,48,57,55,11,31
172,37,87,162,102,196,139,45,14,83
172,38,157,15,14,244,114,167,162,87
172,39,77,220,61,197,251,252,14,224
173,0,178,13,55,70,47,159,152,177
173,1,206,166,44,42,105,100,70,80
173,2,74,235,54,17,124,24,202,3
173,3,234,197,146,63,109,16,61,40
173,4,44,169,30,221,130,80,82,178
173,5,181,225,131,48,75,187,252,201
173,6,108,9,129,25,201,104,17,84
173,7,146,38,94,130,220,84,60,95
173,8,236,9,211,124,183,26,68,215
173,9,52,162,111,144,242,105,196,80
173,10,181,216,12,15,239,140,200,242
173,11,212,68,190,240,94,197,37,218
173,12,172,157,234,233,231,183,36,57
173,13,207,48,122,30,41,193,163,136
173,14,152,174,199,89,251,227,79,141
173,15,118,186,209,10,7,222,239,84
173,16,241,30,90,226,211,206,8,222
173,17,232,180,3,90,128,205,31,62
173,18,231,189,70,44,235,72,21,157
173,19,216,185,179,126,85,181,155,242
173,20,13,215,236,211,43,58,68,163
173,21,162,89,80,242,244,105,52,196
173,22,181,216,12,242,154,239,146,128
173,23,212,68,190,197,201,220,94,59
173,24,234,233,172,128,57,157,11,183
173,25,48,41,101,30,19,42,249,116
173,26,89,1,174,203,42,152,227,141
173,27,118,239,209,10,7,186,84,234
173,28,241,193,206,190,30,90,82,147
173,29,128,88,3,21,185,90,205,62
173,30,231,50,189,70,63,44,162,157
173,31,216,18,185,28,155,179,126,218
173,32,144,18,176,109,179,246,126,171
173,33,11,38,10,139,104,185,224,171
173,34,28,240,44,206,238,67,48,64
173,35,255,161,145,148,73,236,190,201
173,36,79,142,227,147,202,49,39,42
173,37,193,27,15,87,78,83,95,196
173,38,157,80,15,215,132,244,44,114
173,39,244,72,9,158,220,183,61,14
174,0,242,185,187,243,133,2,186,117
174,1,232,117,13,42,66,169,104,133
174,2,164,107,242,22,180,114,70,24
174,3,234,156,221,180,177,218,63,191
174,4,55,139,180,194,204,82,169,8
174,5,232,3,225,142,61,19,14,5
174,6,108,3,9,114,84,174,58,178
174,7,146,131,94,84,210,83,211,228
174,8,236,13,43,112,248,242,207,215
174,9,19,162,105,144,244,206,22,14
174,10,163,181,12,7,197,239,128,140
174,11,142,18,151,212,116,2,94,68
174,12,67,57,172,233,234,231,157,133
174,13,200,41,207,48,30,249,122,100
174,14,38,152,1,174,42,199,89,251
174,15,241,118,103,209,239,222,7,186
174,16,78,241,30,232,90,222,211,147
174,17,180,128,155,232,3,205,90,231
174,18,231,189,157,162,6,235,70,28
174,19,216,179,185,155,181,126,18,233
174,20,236,68,13,215,112,211,43,207
174,21,19,162,244,89,242,80,111,236
174,22,181,163,128,197,154,239,30,7
174,23,142,18,212,131,68,101,156,207
174,24,233,57,172,67,234,36,231,183
174,25,48,207,200,30,122,100,249,241
174,26,1,38,89,152,141,227,174,70
174,27,118,209,239,241,10,103,186,252
174,28,241,78,30,8,90,206,149,185
174,29,128,155,232,3,90,31,231,180
174,30,231,189,6,157,235,70,44,237
174,31,216,179,185,155,18,106,126,245
174,32,17,176,171,243,37,199,126,75
174,33,117,23,10,161,214,94,171,38
174,34,58,28,187,19,47,235,177,54
174,35,201,73,255,40,100,131,7,161
174,36,57,58,244,42,253,8,0,116
174,37,87,102,158,164,220,45,37,84
174,38,157,244,136,15,114,5,3,162
174,39,14,23,61,16,220,89,145,68
175,0,181,82,107,251,39,83,255,221
175,1,88,117,184,168,53,237,207,220
175,2,227,0,45,13,243,151,161,69
175,3,48,132,127,28,5,107,189,158
175,4,82,182,56,49,120,210,22,35
175,5,232,174,142,3,225,30,5,162
175,6,108,9,58,104,119,174,194,85
175,7,94,146,133,207,195,69,63,52
175,8,236,68,43,248,112,227,13,183
175,9,162,111,19,244,52,105,213,144
175,10,68,181,154,128,197,239,140,7
175,11,64,94,212,131,240,190,2,68
175,12,57,172,233,107,234,106,12,231
175,13,164,30,207,48,41,122,161,174
175,14,251,42,199,152,89,141,1,227
175,15,118,239,84,136,9,236,22,241
175,16,8,226,241,123,211,30,90,206
175,17,180,232,31,205,90,26,128,3
175,18,231,189,21,28,70,157,109,222
175,19,216,185,181,179,155,245,46,175
175,20,236,13,43,68,190,215,211,6
175,21,231,162,242,244,89,236,105,80
175,22,7,200,181,140,68,97,154,128
175,23,80,212,64,10,240,94,190,68
175,24,172,233,57,36,173,234,107,133
175,25,122,207,164,249,163,30,70,241
175,26,152,1,141,89,15,227,174,232
175,27,209,118,239,10,186,236,252,222
175,28,241,30,8,222,78,226,149,206
175,29,26,232,128,3,180,101,90,189
175,30,231,55,157,189,235,109,70,145
175,31,216,237,179,155,245,18,185,126
175,32,224,243,176,171,197,126,199,37
175,33,201,179,156,10,117,171,38,12
175,34,49,217,28,58,47,213,235,70
175,35,201,73,224,255,40,131,100,161
175,36,57,255,58,24,244,42,116,84
175,37,87,102,158,50,45,37,14,210
175,38,157,146,244,15,114,5,162,14
175,39,14,85,177,13,61,220,62,89
176,0,109,55,177,20,31,152,217,24
176,1,226,42,236,117,105,190,22,74
176,2,13,227,45,3,77,221,237,160
176,3,234,180,132,44,63,16,247,5
176,4,243,169,194,180,137,204,212,30
176,5,232,225,142,133,48,30,3,75
176,6,108,9,58,104,174,243,17,186
176,7,94,133,146,246,130,138,83,69
176,8,236,9,68,43,227,183,215,13
176,9,111,244,144,80,162,139,213,196
176,10,154,197,181,128,30,239,200,140
176,11,68,212,201,190,94,240,2,211
176,12,233,57,234,231,172,12,36,72
176,13,207,122,30,136,48,241,184,128
176,14,152,1,89,141,42,227,70,174
176,15,118,209,239,186,10,222,22,43
176,16,241,30,222,206,90,226,123,66
176,17,180,232,128,3,90,31,205,44
176,18,231,157,189,70,235,109,28,252
176,19,216,179,185,155,181,126,99,189
176,20,215,236,13,68,211,43,9,73
176,21,244,162,89,111,80,17,242,213
176,22,154,181,197,128,30,238,7,239
176,23,212,68,190,151,201,131,94,240
176,24,233,57,234,128,231,172,12,183
176,25,230,30,207,48,41,19,100,249
176,26,1,89,174,199,232,227,152,42
176,27,209,118,239,10,222,186,84,79
176,28,241,78,30,190,90,193,206,8
176,29,128,3,90,88,180,101,62,205
176,30,231,157,189,151,50,109,70,21
176,31,216,179,155,18,185,126,99,245
176,32,171,243,176,157,179,126,76,218
176,33,171,10,68,104,95,38,132,11
176,34,72,94,28,44,59,239,235,182
176,35,201,73,255,100,74,145,191,161
176,36,79,244,58,42,39,115,116,57
176,37,87,196,102,45,210,83,27,37
176,38,157,244,132,114,15,162,182,3
176,39,14,44,165,61,220,6,27,89
177,0,96,226,247,80,171,214,90,243
177,1,236,197,5,2,156,88,169,131
177,2,144,237,215,45,13,254,177,203
177,3,180,221,188,132,234,170,53,222
177,4,169,119,180,20,243,82,182,35
177,5,232,61,142,225,3,201,30,133
177,6,108,16,9,186,58,131,17,85
177,7,94,133,146,173,69,189,55,106
177,8,68,112,248,236,13,215,9,43
177,9,206,244,144,19,162,80,196,242
177,10,154,197,181,30,128,229,239,163
177,11,18,68,212,190,201,94,232,131
177,12,106,233,234,172,12,231,57,36
177,13,200,100,241,207,128,136,122,253
177,14,152,70,89,1,141,227,251,250
177,15,241,118,10,222,209,186,103,89
177,16,149,241,78,30,90,222,218,206
177,17,180,128,232,155,3,31,205,131
177,18,231,157,189,109,235,70,145,6
177,19,216,155,185,126,179,233,181,206
177,20,236,215,13,211,9,112,43,68
177,21,244,111,162,206,80,19,17,89
177,22,181,154,128,163,200,97,197,30
177,23,18,68,212,131,207,190,101,240
177,24,233,106,57,36,231,172,117,234
177,25,200,207,122,48,241,128,192,184
177,26,141,227,152,89,1,38,250,70
177,27,241,10,118,222,209,239,212,154
177,28,241,149,30,78,8,185,129,90
177,29,232,128,3,155,169,90,31,189
177,30,231,157,6,109,189,235,70,48
177,31,216,179,60,155,185,126,18,233
177,32,89,243,199,171,176,126,17,32
177,33,214,10,94,23,171,117,68,38
177,34,187,182,47,28,239,19,59,58
177,35,201,255,73,40,100,131,7,184
177,36,58,57,253,244,42,8,25,0
177,37,102,87,220,164,45,158,210,37
177,38,157,244,15,5,114,136,22,39
177,39,14,23,61,16,220,89,145,252
178,0,181,82,107,251,255,39,221,83
178,1,131,166,89,9,175,207,117,35
178,2,144,211,233,196,215,138,176,26
178,3,222,73,237,28,3,127,45,85
178,4,21,82,97,227,184,35,185,56
178,5,174,142,232,162,201,21,200,25
178,6,108,104,139,254,58,127,9,189
178,7,130,83,146,210,183,94,195,119
178,8,236,28,43,201,9,248,227,68
178,9,162,105,111,231,213,43,4,196
178,10,97,140,181,68,200,176,15,128
178,11,42,94,10,212,240,64,197,225
178,12,219,107,205,133,234,186,173,172
178,13,41,30,48,110,181,140,70,164
178,14,251,37,89,157,79,174,178,141
178,15,118,84,239,22,9,21,142,135
178,16,8,226,123,211,90,206,74,241
178,17,205,232,31,169,230,3,90,138
178,18,210,135,21,231,189,70,109,222
178,19,46,185,196,155,5,66,179,245
178,20,236,45,13,252,181,43,190,167
178,21,231,163,80,162,89,242,43,216
178,22,200,97,160,140,103,15,7,107
178,23,80,212,94,197,240,68,190,65
178,24,234,172,219,173,183,37,171,133
178,25,181,193,163,213,48,196,122,41
178,26,237,141,79,89,174,227,33,15
178,27,118,10,236,43,40,84,186,209
178,28,226,129,8,74,90,206,199,241
178,29,150,169,174,3,26,205,12,232
178,30,210,55,109,4,183,231,189,70
178,31,237,154,155,46,216,1,196,185
178,32,224,197,243,171,176,126,218,199
178,33,179,201,156,10,171,12,38,117
178,34,49,217,213,47,28,239,59,177
178,35,201,255,224,73,40,100,131,159
178,36,255,58,57,244,24,42,31,84
178,37,102,87,50,14,158,45,210,37
178,38,157,146,244,15,114,5,39,162
178,39,14,13,177,85,61,220,89,252
179,0,55,109,177,31,152,24,203,178
179,1,226,42,236,22,85,105,34,132
179,2,3,211,221,143,144,5,215,26
179,3,234,16,63,61,167,36,18,197
179,4,243,169,194,117,30,11,166,113
179,5,232,142,252,225,75,48,228,102
179,6,104,9,58,149,108,201,129,71
179,7,38,94,130,246,146,83,17,63
179,8,236,9,211,227,43,183,106,218
179,9,111,52,244,144,80,153,68,28
179,10,181,242,154,128,197,97,200,241
179,11,212,94,68,240,197,201,93,131
179,12,57,233,234,231,36,12,107,172
179,13,207,122,19,30,192,184,226,136
179,14,141,250,89,42,251,227,70,152
179,15,118,222,10,239,209,84,236,186
179,16,30,241,90,222,206,123,8,6
179,17,62,214,232,180,3,128,205,231
179,18,157,189,231,21,28,109,70,209
179,19,216,181,155,179,185,85,126,106
179,20,13,236,9,215,211,43,248,73
179,21,244,89,17,236,162,111,80,105
179,22,181,154,242,128,200,97,146,85
179,23,212,197,201,218,68,93,94,131
179,24,233,234,57,11,128,231,12,205
179,25,230,41,48,97,19,30,192,122
179,26,89,1,42,174,141,227,203,199
179,27,118,239,84,186,10,209,222,22
179,28,193,206,241,30,196,90,222,219
179,29,88,62,3,61,205,21,128,90
179,30,21,50,231,70,189,44,162,63
179,31,185,216,155,106,18,181,251,126
179,32,131,125,144,109,179,123,126,176
179,33,102,132,139,68,104,38,250,181
179,34,240,48,44,171,94,28,67,238
179,35,145,255,148,201,190,161,73,20
179,36,39,115,142,79,42,227,202,58
179,37,27,78,83,56,87,169,16,15
179,38,169,157,215,95,119,244,15,114
179,39,231,158,9,14,244,220,61,179
180,0,229,123,249,7,196,216,105,242
180,1,225,118,244,117,231,93,155,27
180,2,103,163,100,4,227,145,162,57
180,3,133,187,234,235,152,31,37,77
180,4,142,13,102,236,30,167,222,251
180,5,104,193,186,6,5,90,253,112
180,6,108,167,153,9,174,178,123,58
180,7,146,210,29,23,83,46,1,228
180,8,234,43,89,207,28,13,248,7
180,9,105,94,29,13,80,231,164,162
180,10,130,169,85,128,181,140,7,12
180,11,189,212,107,95,94,250,190,216
180,12,234,57,233,133,172,63,26,107
180,13,41,48,43,161,30,97,147,207
180,14,174,199,251,42,89,152,124,79
180,15,118,84,81,239,22,186,7,234
180,16,211,5,241,196,90,206,167,226
180,17,205,3,172,31,250,90,61,23
180,18,21,231,189,57,50,70,179,28
180,19,181,130,155,216,185,245,179,251
180,20,234,13,236,184,43,248,207,45
180,21,105,89,29,162,231,94,242,80
180,22,130,169,35,85,181,128,7,15
180,23,189,212,94,107,42,95,240,190
180,24,234,57,63,172,26,74,233,173
180,25,41,43,48,147,30,163,97,249
180,26,174,89,42,199,141,178,124,20
180,27,118,84,239,81,234,200,186,236
180,28,206,5,241,249,226,133,211,167
180,29,3,205,172,250,76,50,169,231
180,30,21,189,231,179,70,187,211,81
180,31,251,185,181,130,106,155,179,205
180,32,98,131,91,99,134,186,126,176
180,33,38,183,248,238,232,126,73,29
180,34,84,207,171,180,96,70,34,235
180,35,145,20,236,100,153,57,161,131
180,36,181,202,70,120,211,42,49,193
180,37,31,83,190,58,193,87,182,174
180,38,95,71,148,92,44,75,39,162
180,39,2,69,189,38,213,61,220,217
181,0,254,120,32,191,89,149,16,214
181,1,153,167,214,255,143,118,125,215
181,2,187,223,58,60,133,5,240,184
181,3,234,108,56,51,173,19,147,63
181,4,178,198,194,117,30,88,118,113
181,5,24,5,46,149,113,64,203,139
181,6,250,254,223,112,71,162,21,128
181,7,38,130,210,83,119,149,217,1
181,8,202,207,28,13,19,201,232,43
181,9,105,43,192,252,13,162,234,117
181,10,73,42,92,228,20,35,201,77
181,11,154,254,70,95,94,71,240,56
181,12,84,234,18,107,57,155,121,191
181,13,41,48,30,122,168,207,22,19
181,14,42,178,89,251,61,199,188,156
181,15,84,239,22,203,118,101,234,88
181,16,161,249,206,90,200,167,123,211
181,17,205,231,23,3,50,189,56,10
181,18,189,21,28,231,211,70,222,157
181,19,181,106,155,245,68,175,216,179
181,20,13,202,236,184,69,43,207,124
181,21,105,236,89,162,4,231,43,242
181,22,73,35,92,85,97,42,228,7
181,23,154,212,94,95,195,240,254,210
181,24,57,84,234,233,191,155,181,173
181,25,41,48,30,163,22,122,249,156
181,26,42,89,178,156,61,141,199,174
181,27,239,84,234,118,209,236,22,203
181,28,249,8,161,206,241,167,211,226
181,29,214,231,50,205,3,169,23,10
181,30,189,21,231,211,243,28,90,70
181,31,181,91,185,179,251,155,175,199
181,32,91,131,246,48,212,201,243,28
181,33,225,58,38,151,248,107,96,250
181,34,171,56,175,252,120,95,163,226
181,35,85,236,20,218,9,99,100,131
181,36,211,195,202,246,42,152,139,134
181,37,83,67,143,174,161,45,87,56
181,38,234,201,39,9,44,30,162,101
181,39,246,1,250,92,183,215,75,220
182,0,166,113,142,215,97,205,10,149
182,1,239,117,34,118,111,26,0,132
182,2,164,40,133,217,111,50,31,25
182,3,234,211,37,19,46,205,146,208
182,4,161,65,30,198,14,25,118,251
182,5,5,24,161,149,207,44,169,63
182,6,250,42,183,166,142,37,128,174
182,7,2,91,210,217,83,146,1,74
182,8,207,13,28,202,186,212,120,174
182,9,13,39,105,192,4,162,156,89
182,10,228,73,142,92,42,62,35,114
182,11,69,154,20,95,254,107,174,195
182,12,84,155,234,181,18,121,191,57
182,13,41,48,30,168,22,29,128,59
182,14,42,178,156,89,251,61,238,206
182,15,84,65,239,120,22,203,118,234
182,16,206,249,90,167,96,211,161,241
182,17,231,50,23,205,3,56,189,130
182,18,189,21,231,148,211,28,70,12
182,19,181,102,106,155,68,175,91,251
182,20,13,69,124,184,236,207,43,201
182,21,39,4,89,236,105,162,213,145
182,22,85,35,97,73,143,51,142,223
182,23,69,94,212,20,113,154,84,208
182,24,57,181,84,234,46,233,132,67
182,25,48,41,163,30,249,122,156,29
182,26,156,89,206,42,178,61,22,199
182,27,239,65,234,84,22,118,209,207
182,28,249,8,211,167,161,206,241,96
182,29,231,50,23,188,3,205,169,90
182,30,148,189,21,231,243,28,211,206
182,31,130,181,91,179,251,102,155,185
182,32,99,131,91,212,113,177,246,61
182,33,190,151,232,38,248,225,58,122
182,34,88,171,56,161,97,55,34,120
182,35,99,20,236,218,145,39,80,151
182,36,207,211,49,202,193,152,42,246
182,37,67,174,83,143,161,15,193,87
182,38,234,44,39,9,30,71,162,40
182,39,244,92,250,72,183,69,125,220
183,0,242,186,234,2,152,144,31,223
183,1,191,32,185,42,29,144,117,239
183,2,230,150,87,86,198,157,212,55
183,3,234,155,19,44,66,113,218,63
183,4,112,94,169,25,93,71,30,194
183,5,5,232,115,48,168,225,52,66
183,6,174,3,250,9,108,178,92,136
183,7,146,243,91,210,181,128,131,41
183,8,236,124,13,183,207,43,60,58
183,9,105,236,162,244,111,4,242,80
183,10,7,85,142,97,253,140,197,207
183,11,69,153,212,2,216,95,142,15
183,12,233,57,234,231,12,72,172,84
183,13,41,48,207,184,30,122,140,100
183,14,42,89,220,1,141,232,227,251
183,15,239,209,118,234,84,248,186,212
183,16,241,206,30,90,249,222,230,8
183,17,231,3,205,23,189,180,206,188
183,18,189,21,28,231,157,211,70,162
183,19,181,179,216,155,245,60,175,185
183,20,13,236,215,43,158,68,218,211
183,21,244,162,236,105,89,111,24,19
183,22,7,85,97,0,181,142,253,35
183,23,212,2,69,153,15,190,95,116
183,24,57,233,12,234,231,72,46,155
183,25,48,41,207,30,249,122,163,184
183,26,89,42,22,1,232,141,227,156
183,27,209,239,118,248,236,234,84,212
183,28,8,241,206,230,249,30,78,222
183,29,231,3,49,205,189,188,169,23
183,30,231,189,28,21,157,69,148,70
183,31,179,181,60,216,245,185,251,43
183,32,86,243,91,162,195,246,176,146
183,33,36,38,97,37,171,117,248,75
183,34,28,212,235,171,255,90,238,5
183,35,201,73,100,49,20,255,190,161
183,36,234,227,147,42,0,39,8,58
183,37,220,45,87,78,83,27,37,210
183,38,215,75,244,15,44,114,39,162
183,39,158,23,220,14,61,72,241,89
184,0,117,171,96,185,226,18,131,243
184,1,206,13,183,117,40,96,209,81
184,2,35,55,252,7,21,142,205,177
184,3,216,234,180,122,63,247,44,192
184,4,55,139,180,82,8,2,204,71
184,5,232,5,3,81,142,66,27,114
184,6,174,108,114,9,200,126,90,3
184,7,146,181,243,128,210,163,228,122
184,8,112,207,215,236,43,124,13,94
184,9,178,105,162,236,111,206,244,4
184,10,7,163,85,97,140,31,207,253
184,11,18,142,212,2,15,69,216,95
184,12,57,233,67,234,12,46,231,172
184,13,200,140,207,48,41,30,122,238
184,14,38,42,22,89,220,141,251,232
184,15,99,239,209,234,84,222,118,22
184,16,90,241,206,54,249,222,207,30
184,17,231,155,23,3,205,189,236,188
184,18,28,189,231,21,157,6,71,162
184,19,181,245,216,179,43,155,175,71
184,20,112,13,236,43,215,218,60,58
184,21,105,236,178,111,162,244,242,206
184,22,85,163,7,128,246,181,97,31
184,23,212,18,142,240,101,94,207,15
184,24,57,46,233,67,222,12,231,66
184,25,207,249,36,246,48,122,30,238
184,26,38,172,89,22,42,156,1,220
184,27,239,99,209,236,222,118,43,234
184,28,8,241,54,90,249,222,140,30
184,29,155,231,236,169,189,23,240,12
184,30,231,21,189,6,28,206,157,210
184,31,245,71,179,181,43,40,216,233
184,32,210,17,243,194,176,61,32,91
184,33,214,23,105,94,248,212,171,38
184,34,235,12,188,187,19,58,54,146
184,35,201,63,123,131,161,100,214,73
184,36,0,253,42,139,8,193,239,116
184,37,220,84,87,45,164,37,83,210
184,38,75,136,244,114,3,167,39,162
184,39,23,16,220,145,61,254,89,62
185,0,57,88,110,59,56,180,71,21
185,1,217,166,89,82,180,145,190,55
185,2,251,238,224,5,84,13,2,125
185,3,70,19,65,234,42,111,90,102
185,4,133,55,56,138,156,196,202,82
185,5,172,24,174,3,114,5,232,144
185,6,174,9,200,204,250,114,108,16
185,7,146,129,243,128,217,133,122,19
185,8,112,236,68,43,13,207,215,58
185,9,236,231,162,148,105,178,213,111
185,10,85,68,246,97,140,7,53,128
185,11,15,210,207,212,147,208,113,255
185,12,46,57,12,206,233,172,84,67
185,13,164,48,207,122,41,30,100,140
185,14,22,42,220,89,156,178,172,38
185,15,99,239,203,231,84,22,136,234
185,16,90,222,140,54,8,206,249,123
185,17,26,231,23,205,3,189,101,155
185,18,28,189,231,5,206,21,243,164
185,19,43,181,245,175,179,155,40,206
185,20,13,236,43,190,65,112,157,6
185,21,148,236,105,4,162,111,242,231
185,22,68,85,246,97,31,159,128,91
185,23,210,64,240,101,212,207,109,147
185,24,46,57,12,227,72,66,36,173
185,25,164,122,207,249,48,30,246,75
185,26,22,172,89,156,42,141,220,232
185,27,203,239,209,99,222,236,43,212
185,28,8,241,222,30,161,140,90,253
185,29,231,26,101,23,169,189,191,173
185,30,231,28,206,189,164,157,21,221
185,31,245,43,179,40,71,181,38,216
185,32,224,210,197,243,61,32,176,91
185,33,177,96,156,248,217,12,212,105
185,34,235,49,217,188,213,206,28,155
185,35,63,224,214,201,236,100,73,123
185,36,255,24,239,42,139,193,116,84
185,37,87,50,14,45,83,37,57,140
185,38,75,146,244,39,44,3,86,162
185,39,177,254,85,13,62,181,61,220
186,0,180,55,65,152,76,178,60,151
186,1,111,42,239,217,245,22,117,143
186,2,5,212,251,193,221,3,77,84
186,3,0,234,44,197,15,63,247,157
186,4,243,190,30,51,169,180,194,149
186,5,172,81,168,5,144,14,48,213
186,6,174,126,71,204,178,25,168,243
186,7,129,146,16,83,133,122,210,106
186,8,236,68,13,207,183,43,6,218
186,9,236,162,4,105,111,110,242,24
186,10,159,85,246,31,47,97,191,250
186,11,109,212,113,240,15,147,94,201
186,12,46,57,166,12,72,172,234,233
186,13,207,122,249,30,48,41,226,184
186,14,42,22,89,172,152,251,79,76
186,15,239,22,84,209,146,154,118,203
186,16,22,222,90,140,206,30,123,8
186,17,213,231,23,3,173,205,232,206
186,18,28,231,21,206,189,73,5,222
186,19,181,43,155,245,206,40,38,179
186,20,13,236,190,46,248,218,211,43
186,21,236,105,111,4,162,242,89,43
186,22,159,47,85,246,31,97,128,154
186,23,109,212,240,37,94,95,207,147
186,24,166,57,46,12,72,234,227,173
186,25,122,249,207,48,230,30,75,238
186,26,22,89,42,79,220,156,172,232
186,27,239,209,236,99,5,222,43,84
186,28,8,222,140,138,253,241,249,56
186,29,213,231,169,17,23,240,189,199
186,30,231,206,28,189,157,210,70,211
186,31,245,179,181,40,216,159,71,251
186,32,243,14,197,210,162,176,94,157
186,33,177,103,237,248,171,161,212,5
186,34,235,11,227,18,188,239,94,152
186,35,236,201,214,100,123,191,73,20
186,36,42,139,48,15,193,251,24,58
186,37,45,87,14,83,162,57,37,210
186,38,3,244,39,124,75,162,114,44
186,39,62,242,220,181,77,177,61,13
187,0,31,74,152,175,177,55,155,224
187,1,42,202,111,235,245,105,17,182
187,2,127,183,207,132,157,173,218,212
187,3,90,44,234,66,94,185,78,61
187,4,44,169,51,243,204,194,113,1
187,5,172,228,48,5,98,96,115,75
187,6,174,126,82,25,2,253,250,178
187,7,146,129,83,167,163,128,246,189
187,8,236,43,58,9,134,227,13,158
187,9,111,162,236,105,43,242,153,16
187,10,85,246,165,207,97,138,140,181
187,11,145,59,212,255,94,240,190,15
187,12,46,57,172,231,205,12,72,186
187,13,30,140,207,41,184,226,122,48
187,14,42,89,178,251,7,22,174,36
187,15,239,84,118,234,236,222,209,186
187,16,90,241,249,193,253,206,8,30
187,17,231,3,205,23,189,213,101,56
187,18,231,189,28,21,157,5,151,211
187,19,181,245,216,155,179,106,185,43
187,20,13,43,58,159,207,215,46,218
187,21,236,105,89,162,244,111,16,242
187,22,85,216,246,142,181,207,7,154
187,23,212,201,59,220,95,94,145,147
187,24,57,205,128,12,231,234,233,46
187,25,41,140,30,48,97,249,19,184
187,26,89,42,203,178,174,199,156,1
187,27,239,209,84,118,186,234,236,222
187,28,193,190,241,8,249,206,211,222
187,29,88,231,12,189,240,3,21,205
187,30,231,21,189,90,28,162,70,211
187,31,179,245,181,185,155,216,251,106
187,32,148,131,76,146,91,243,12,179
187,33,75,56,132,181,248,38,139,177
187,34,72,44,171,240,195,28,45,48
187,35,100,185,148,190,20,201,236,161
187,36,39,115,211,227,42,202,147,125
187,37,27,87,45,78,67,83,143,33
187,38,215,169,162,119,39,114,75,244
187,39,158,75,179,44,220,89,115,244
188,0,166,142,113,97,205,150,215,154
188,1,34,59,26,199,118,187,117,62
188,2,59,90,252,210,146,35,127,4
188,3,124,211,146,234,37,135,142,59
188,4,161,131,167,102,251,30,105,25
188,5,5,186,204,14,104,6,172,161
188,6,174,250,167,178,9,126,243,200
188,7,146,210,91,40,29,83,128,23
188,8,207,89,13,43,212,215,33,28
188,9,39,105,162,236,13,94,29,4
188,10,85,7,142,130,97,140,207,219
188,11,203,212,95,20,147,107,250,94
188,12,57,233,234,46,12,63,26,172
188,13,41,30,97,48,184,43,207,140
188,14,42,178,89,251,141,22,199,174
188,15,239,118,84,234,209,65,22,186
188,16,241,206,249,90,211,30,226,123
188,17,3,231,205,23,213,189,50,90
188,18,21,189,231,90,28,211,157,70
188,19,181,155,179,216,199,185,106,251
188,20,13,184,43,236,215,207,248,33
188,21,105,39,89,162,244,236,4,242
188,22,35,85,7,24,142,97,73,181
188,23,212,203,95,94,107,2,147,154
188,24,57,234,233,84,12,181,172,132
188,25,41,48,163,30,156,22,43,249
188,26,174,42,89,178,199,61,141,251
188,27,118,234,84,65,239,209,186,203
188,28,241,206,249,161,226,8,211,167
188,29,3,205,50,214,231,169,90,213
188,30,189,21,211,231,70,90,149,243
188,31,185,251,155,181,91,179,130,199
188,32,91,131,48,113,246,148,201,62
188,33,38,190,248,58,107,151,96,232
188,34,171,56,175,88,252,70,208,97
188,35,85,236,20,218,99,100,145,94
188,36,195,202,246,211,152,207,42,117
188,37,83,67,161,174,143,45,60,87
188,38,201,234,9,39,44,30,162,101
188,39,246,1,250,92,215,183,15,125
189,0,242,234,66,188,6,186,144,111
189,1,117,198,175,158,43,118,178,191
189,2,230,86,150,15,198,64,23,110
189,3,234,155,116,19,202,214,44,113
189,4,112,71,94,30,98,194,169,80
189,5,169,5,144,48,18,253,54,194
189,6,84,250,172,73,128,142,174,178
189,7,210,146,40,1,243,181,83,41
189,8,184,207,159,13,43,248,28,103
189,9,105,162,89,13,14,237,244,236
189,10,114,81,9,252,7,0,85,168
189,11,95,66,153,114,145,203,212,147
189,12,234,84,181,233,132,35,57,172
189,13,41,48,38,30,207,235,184,249
189,14,174,42,251,89,178,199,141,75
189,15,118,84,234,239,22,186,203,209
189,16,211,90,206,241,167,226,249,180
189,17,197,205,3,50,31,90,218,189
189,18,189,21,231,70,211,4,190,142
189,19,185,251,155,181,71,216,179,178
189,20,184,13,159,43,236,248,207,45
189,21,89,162,105,14,242,80,231,236
189,22,35,114,0,81,15,252,107,96
189,23,212,66,94,153,95,107,114,147
189,24,234,173,172,233,133,219,181,57
189,25,48,41,30,163,22,181,38,122
189,26,174,89,141,199,83,178,227,61
189,27,118,84,248,7,234,186,10,236
189,28,206,226,90,241,211,8,167,249
189,29,3,205,90,236,31,218,169,50
189,30,70,189,4,231,210,211,69,21
189,31,185,71,46,251,155,51,126,230
189,32,195,126,91,86,201,243,176,32
189,33,38,97,37,248,6,189,94,12
189,34,212,255,187,70,171,90,188,95
189,35,100,49,98,236,161,145,220,131
189,36,234,42,0,8,147,202,139,117
189,37,220,83,84,45,87,193,37,210
189,38,15,44,162,39,14,126,114,86
189,39,23,252,241,220,16,68,61,145
190,0,110,212,218,65,33,157,136,250
190,1,234,40,96,117,63,42,15,8
190,2,120,173,178,116,141,201,251,101
190,3,234,50,15,202,247,218,101,199
190,4,30,253,60,112,37,71,180,196
190,5,5,31,250,236,253,144,169,201
190,6,84,142,172,9,42,108,115,178
190,7,210,169,1,146,83,84,220,79
190,8,184,43,13,207,186,201,157,248
190,9,14,105,162,213,89,98,80,231
190,10,12,114,81,168,15,140,107,220
190,11,156,95,208,212,66,85,94,145
190,12,234,157,132,172,35,181,95,173
190,13,42,48,41,30,137,207,241,59
190,14,174,251,89,141,42,241,199,218
190,15,118,84,22,234,9,233,186,239
190,16,90,211,226,167,206,241,180,8
190,17,205,88,3,31,90,36,50,232
190,18,231,189,21,70,190,72,210,142
190,19,185,71,155,46,181,216,251,5
190,20,13,236,43,184,45,124,252,248
190,21,231,89,162,80,242,213,14,163
190,22,12,114,15,200,97,35,107,103
190,23,212,94,156,66,107,208,68,95
190,24,172,234,173,233,183,133,206,95
190,25,48,41,163,30,42,249,181,122
190,26,174,141,89,227,199,79,42,237
190,27,118,7,10,84,40,234,239,186
190,28,226,206,90,241,147,21,167,211
190,29,3,205,185,90,174,206,128,50
190,30,70,4,72,231,189,210,190,149
190,31,185,46,155,71,251,126,230,18
190,32,116,126,18,91,176,243,246,62
190,33,11,38,59,248,182,224,6,3
190,34,205,70,95,240,171,28,44,64
190,35,191,236,98,161,39,100,220,148
190,36,202,42,49,251,39,117,227,152
190,37,83,15,193,45,90,87,60,161
190,38,15,44,234,80,162,39,114,86
190,39,244,252,72,220,248,183,92,36
191,0,177,242,186,78,234,55,223,89
191,1,7,1,117,113,203,232,133,245
191,2,228,247,212,51,120,110,230,141
191,3,155,16,234,63,15,228,184,150
191,4,169,239,71,93,82,30,94,194
191,5,6,66,225,250,217,232,5,181
191,6,84,108,136,9,115,92,235,25
191,7,1,220,243,41,169,131,19,163
191,8,248,124,184,236,45,13,43,47
191,9,162,80,96,4,242,105,220,232
191,10,15,140,7,145,109,12,103,97
191,11,212,153,208,68,94,95,240,232
191,12,219,234,173,47,172,233,183,107
191,13,163,48,181,41,82,120,193,30
191,14,174,141,251,227,79,237,42,89
191,15,118,10,84,239,236,142,22,186
191,16,226,8,241,211,129,90,206,199
191,17,232,205,169,31,3,245,90,55
191,18,210,231,70,189,209,44,21,109
191,19,185,46,5,155,129,126,181,179
191,20,236,45,13,252,248,43,190,134
191,21,231,80,162,242,163,89,216,236
191,22,200,97,140,15,103,7,107,211
191,23,212,94,240,68,190,197,80,65
191,24,173,172,183,234,37,233,45,47
191,25,163,48,193,213,196,181,30,23
191,26,141,174,237,89,79,227,15,42
191,27,118,10,40,7,234,84,239,236
191,28,226,206,10,241,8,90,129,222
191,29,3,126,205,169,245,49,128,174
191,30,4,18,210,70,189,149,231,109
191,31,185,251,155,60,46,18,126,15
191,32,58,248,126,91,176,86,120,246
191,33,176,38,248,185,37,12,250,3
191,34,80,249,164,255,212,171,28,70
191,35,121,161,100,20,98,236,131,49
191,36,228,21,42,147,202,227,223,17
191,37,244,83,214,193,45,110,119,87
191,38,197,156,177,24,195,150,141,204
191,39,226,83,66,127,209,252,168,144
192,0,52,234,17,159,198,220,253,38
192,1,7,203,113,183,215,8,105,68
192,2,51,150,230,86,110,182,12,74
192,3,155,234,113,63,15,79,22,18
192,4,169,94,93,164,71,30,149,194
192,5,6,225,66,115,5,217,54,250
192,6,84,9,136,3,108,142,115,235
192,7,1,131,169,243,146,220,41,240
192,8,236,124,248,43,13,252,227,45
192,9,80,162,242,96,4,14,220,16
192,10,15,12,103,140,107,117,97,143
192,11,212,116,153,94,208,68,6,137
192,12,234,173,37,172,95,55,181,133
192,13,48,163,207,136,196,30,181,213
192,14,174,79,141,237,89,251,42,13
192,15,118,7,84,234,22,142,40,209
192,16,226,211,90,206,21,241,222,8
192,17,205,90,206,3,31,232,49,36
192,18,70,189,231,4,210,44,21,190
192,19,185,251,155,60,71,46,181,216
192,20,13,45,236,248,144,43,252,124
192,21,80,89,231,242,96,162,163,236
192,22,15,0,103,140,216,107,200,12
192,23,212,116,94,208,190,68,59,113
192,24,234,172,173,233,183,37,95,133
192,25,48,41,249,163,30,193,100,136
192,26,174,89,141,42,79,227,237,1
192,27,118,7,10,234,84,248,5,236
192,28,226,206,222,241,21,90,230,8
192,29,3,49,128,240,205,90,88,78
192,30,70,231,189,4,210,50,149,243
192,31,185,60,251,155,18,216,46,28
192,32,162,86,176,91,126,179,243,120
192,33,38,104,97,181,248,250,37,36
192,34,28,44,212,255,238,109,90,227
192,35,49,148,161,190,98,100,74,131
192,36,147,227,39,42,234,115,116,139
192,37,193,15,27,78,83,87,45,241
192,38,215,44,119,15,162,157,126,39
192,39,158,72,252,36,15,220,61,122
193,0,96,185,68,117,226,243,133,128
193,1,206,96,81,40,183,202,117,209
193,2,51,242,247,12,235,120,168,35
193,3,234,221,170,15,192,247,122,239
193,4,55,82,182,60,180,139,8,71
193,5,223,6,61,225,66,217,181,5
193,6,84,3,9,115,114,27,136,108
193,7,243,1,146,169,41,84,220,131
193,8,248,184,43,13,124,236,252,68
193,9,19,206,14,242,213,80,162,231
193,10,163,12,15,140,7,103,211,114
193,11,18,212,116,95,142,68,208,94
193,12,234,67,35,172,233,173,37,95
193,13,200,48,41,163,137,207,30,181
193,14,174,38,42,141,79,227,251,152
193,15,118,241,103,234,84,7,209,239
193,16,232,241,226,149,211,206,222,90
193,17,155,3,128,31,205,232,90,240
193,18,231,70,189,6,210,44,4,21
193,19,185,216,155,181,58,251,126,179
193,20,68,236,13,248,215,163,45,184
193,21,242,19,80,162,89,206,244,52
193,22,15,163,239,140,181,128,30,200
193,23,18,212,142,68,190,207,101,94
193,24,172,233,67,183,234,173,36,57
193,25,249,48,200,163,30,136,193,122
193,26,174,38,89,227,83,15,152,141
193,27,118,103,7,10,234,241,43,209
193,28,226,232,241,222,206,8,149,90
193,29,155,240,3,128,31,205,232,12
193,30,231,70,210,189,4,6,149,109
193,31,185,155,216,251,126,58,46,60
193,32,175,176,17,37,126,243,199,91
193,33,117,38,214,23,94,248,3,171
193,34,58,28,235,187,47,19,146,70
193,35,7,161,40,131,100,201,255,217
193,36,245,42,0,116,8,57,253,11
193,37,87,164,84,220,102,83,158,45
193,38,157,244,15,14,136,167,162,114
193,39,252,23,61,220,16,14,145,68
194,0,82,181,107,122,251,39,255,221
194,1,117,89,9,202,176,248,166,28
194,2,185,125,47,1,247,196,244,190
194,3,105,109,150,169,158,121,234,3
194,4,82,182,210,61,133,184,20,49
194,5,223,174,232,3,142,5,225,181
194,6,108,9,84,50,27,115,35,134
194,7,146,84,1,195,94,220,60,189
194,8,236,68,248,227,43,184,13,46
194,9,162,242,213,80,105,231,111,43
194,10,15,68,154,140,97,181,200,128
194,11,64,212,94,42,240,10,68,197
194,12,234,219,172,107,133,233,57,173
194,13,41,30,164,48,161,181,110,122
194,14,251,141,157,37,79,89,199,178
194,15,118,84,239,9,21,22,135,142
194,16,211,8,226,90,123,74,167,241
194,17,31,205,90,232,180,130,235,56
194,18,231,21,135,222,189,142,165,9
194,19,38,151,179,106,253,175,155,185
194,20,236,13,201,43,190,25,28,248
194,21,231,192,105,89,162,234,196,242
194,22,31,7,159,97,85,160,73,200
194,23,80,94,17,212,10,102,2,250
194,24,121,234,107,7,133,35,46,132
194,25,124,48,30,241,148,51,249,41
194,26,235,89,251,141,178,172,192,174
194,27,118,239,209,84,135,22,245,219
194,28,222,241,8,226,206,90,232,123
194,29,26,240,3,128,205,232,169,31
194,30,231,70,55,189,4,210,109,149
194,31,237,185,216,155,251,126,179,46
194,32,224,176,175,37,126,243,197,199
194,33,179,201,38,117,156,248,171,3
194,34,235,49,217,58,28,70,47,213
194,35,40,7,161,224,201,131,255,100
194,36,245,255,24,42,116,239,57,223
194,37,87,50,83,14,102,158,45,37
194,38,157,146,244,15,75,167,14,162
194,39,252,85,61,13,220,177,14,15
195,0,109,152,203,208,47,24,177,55
195,1,236,11,226,42,132,34,105,26
195,2,47,185,157,221,13,3,24,239
195,3,234,197,63,90,66,0,7,243
195,4,243,30,169,82,93,190,51,80
195,5,223,217,5,14,3,48,54,133
195,6,108,9,84,243,25,114,253,186
195,7,146,1,130,95,246,220,228,133
195,8,68,248,236,227,13,124,46,215
195,9,4,105,162,236,196,190,242,220
195,10,15,154,159,31,66,103,239,181
195,11,212,6,201,109,94,240,37,95
195,12,46,234,172,12,57,72,148,179
195,13,249,48,207,122,30,230,41,136
195,14,174,42,22,251,89,172,152,76
195,15,22,118,209,234,239,84,5,7
195,16,222,90,206,22,232,211,140,241
195,17,231,3,213,240,205,206,173,232
195,18,70,231,189,21,4,28,162,238
195,19,155,247,216,181,185,251,38,179
195,20,248,13,236,68,215,46,211,208
195,21,89,162,213,4,190,196,105,242
195,22,15,154,159,47,216,31,239,103
195,23,212,201,190,109,59,151,94,37
195,24,46,234,172,128,72,57,166,12
195,25,249,48,230,41,19,30,169,155
195,26,174,22,89,42,200,76,172,101
195,27,7,118,5,22,209,234,84,221
195,28,222,232,206,193,21,82,241,8
195,29,240,3,173,88,205,19,213,231
195,30,70,231,4,50,189,238,151,21
195,31,185,247,155,251,216,60,230,40
195,32,176,144,179,125,70,37,126,91
195,33,38,104,237,139,132,250,198,68
195,34,235,44,94,28,109,195,238,72
195,35,148,40,161,185,7,255,191,74
195,36,39,115,44,42,245,79,227,142
195,37,27,83,87,162,78,14,193,45
195,38,157,119,244,44,75,215,15,162
195,39,252,231,77,44,61,220,15,158
196,0,229,7,196,249,123,216,105,242
196,1,225,118,117,244,231,93,27,155
196,2,4,103,100,227,163,162,109,127
196,3,133,187,234,152,235,31,37,84
196,4,142,251,13,30,167,102,222,236
196,5,6,104,5,236,193,186,204,253
196,6,84,167,9,108,172,153,178,142
196,7,146,210,29,1,169,83,23,10
196,8,234,184,13,248,43,207,28,212
196,9,105,29,94,13,162,231,164,237
196,10,169,130,12,85,7,81,15,140
196,11,189,212,95,94,107,145,185,250
196,12,234,133,26,173,205,107,172,57
196,13,41,48,30,97,43,207,163,29
196,14,42,174,89,199,251,141,79,124
196,15,118,84,239,234,22,81,209,186
196,16,211,90,226,5,206,249,196,8
196,17,205,3,250,31,90,61,23,172
196,18,189,21,231,50,211,70,57,179
196,19,181,155,185,130,216,251,245,205
196,20,234,13,43,236,184,207,248,45
196,21,231,89,29,94,105,162,80,13
196,22,169,35,130,85,200,7,198,15
196,23,189,212,94,95,107,42,197,240
196,24,234,26,63,173,172,74,133,205
196,25,41,48,43,30,163,147,181,97
196,26,89,32,42,174,124,178,141,61
196,27,84,118,239,234,81,236,200,88
196,28,206,249,226,5,90,133,9,241
196,29,205,250,3,50,172,76,169,36
196,30,189,21,70,179,211,187,231,81
196,31,185,251,130,155,181,46,106,205
196,32,98,131,91,99,126,134,186,176
196,33,183,248,38,232,238,126,73,205
196,34,84,171,207,180,34,96,101,70
196,35,145,236,20,100,57,153,98,220
196,36,181,120,70,202,42,211,116,49
196,37,31,190,58,65,83,182,143,87
196,38,148,92,71,162,15,39,44,250
196,39,2,69,189,38,217,252,220,61
197,0,177,47,115,132,158,235,141,192
197,1,182,244,118,93,155,117,233,42
197,2,123,93,57,100,103,121,82,10
197,3,133,234,117,187,190,233,235,199
197,4,142,102,236,30,54,222,95,251
197,5,5,193,90,43,47,65,44,88
197,6,153,60,138,206,196,250,22,142
197,7,117,23,210,29,83,147,64,123
197,8,239,234,180,77,56,28,13,116
197,9,191,164,13,239,2,105,36,197
197,10,169,125,198,185,88,35,65,130
197,11,189,128,206,107,108,95,86,62
197,12,93,74,107,128,63,234,26,53
197,13,134,147,41,43,175,30,48,97
197,14,251,51,16,124,89,137,178,148
197,15,22,162,84,200,165,87,81,118
197,16,5,233,133,123,249,206,43,196
197,17,250,87,50,76,205,0,3,147
197,18,21,179,211,50,163,187,189,28
197,19,116,109,20,155,205,181,106,160
197,20,234,13,239,116,184,115,4,201
197,21,191,231,13,164,105,89,94,43
197,22,169,35,198,125,130,85,185,107
197,23,189,128,94,95,107,62,212,42
197,24,74,93,234,63,15,26,220,107
197,25,48,41,147,134,30,43,182,253
197,26,32,89,51,61,148,178,124,42
197,27,118,84,87,200,234,162,165,239
197,28,206,249,133,5,43,167,90,9
197,29,205,250,3,76,50,169,172,0
197,30,189,21,179,211,187,70,81,231
197,31,155,251,181,116,185,106,109,46
197,32,119,131,91,134,126,186,106,90
197,33,183,38,248,93,238,232,116,129
197,34,171,207,82,84,180,96,86,34
197,35,236,145,20,100,57,151,153,218
197,36,120,181,70,202,42,211,14,116
197,37,104,31,190,83,182,58,143,87
197,38,27,148,71,92,162,44,39,15
197,39,69,243,110,38,12,217,220,61
198,0,57,106,127,165,110,43,66,56
198,1,117,118,19,242,112,132,84,42
198,2,238,234,255,80,49,60,133,121
198,3,234,171,214,55,70,19,178,119
198,4,118,74,254,138,30,88,122,251
198,5,5,249,169,147,44,161,11,42
198,6,183,42,164,142,84,108,65,73
198,7,210,1,56,10,101,83,2,180
198,8,120,207,35,13,184,186,234,248
198,9,13,105,148,96,217,231,162,80
198,10,46,24,114,97,15,140,107,200
198,11,210,195,93,27,95,212,197,94
198,12,219,234,107,173,35,133,155,172
198,13,48,41,181,30,161,82,22,110
198,14,251,213,174,237,141,89,79,119
198,15,118,84,22,10,135,236,9,142
198,16,226,8,90,211,123,206,158,167
198,17,205,169,3,31,36,104,232,138
198,18,210,21,189,70,231,135,109,183
198,19,46,185,155,196,5,181,126,245
198,20,236,13,120,252,45,43,35,181
198,21,231,163,89,80,242,162,148,43
198,22,200,46,97,24,103,35,107,15
198,23,94,212,210,107,27,93,68,197
198,24,234,155,183,191,172,219,133,117
198,25,48,22,41,30,213,181,163,29
198,26,174,89,141,241,237,119,79,213
198,27,118,84,203,186,10,7,135,40
198,28,90,226,206,211,8,181,167,188
198,29,205,169,3,104,174,50,31,12
198,30,70,189,190,210,21,231,81,4
198,31,185,46,155,251,71,126,196,18
198,32,126,221,102,48,91,201,246,176
198,33,248,205,121,96,224,38,107,168
198,34,208,175,95,171,70,64,67,220
198,35,85,236,2,100,94,161,99,98
198,36,202,195,67,42,139,117,246,152
198,37,83,43,60,161,87,45,174,76
198,38,201,44,234,195,163,15,162,39
198,39,246,1,215,92,250,183,220,252
199,0,122,127,84,18,85,49,250,102
199,1,117,118,29,255,72,65,3,90
199,2,234,80,238,243,241,133,240,169
199,3,214,116,171,234,51,20,55,203
199,4,74,12,118,254,79,30,215,27
199,5,169,5,249,11,147,253,100,230
199,6,42,183,182,37,133,142,136,73
199,7,210,101,10,1,56,83,180,146
199,8,120,35,13,207,186,184,28,43
199,9,13,105,151,14,43,148,89,213
199,10,46,114,24,35,218,155,168,84
199,11,114,195,130,95,66,27,210,236
199,12,234,155,35,191,136,94,197,138
199,13,48,41,22,38,112,30,29,168
199,14,174,213,89,251,42,79,141,119
199,15,118,36,84,136,22,7,120,135
199,16,211,90,137,226,206,96,8,167
199,17,205,104,218,3,31,232,90,36
199,18,21,70,189,231,142,210,211,159
199,19,46,155,185,181,194,251,71,225
199,20,120,13,236,35,45,43,252,248
199,21,231,89,80,162,213,163,242,43
199,22,46,200,114,97,218,35,107,24
199,23,114,94,212,107,66,130,195,49
199,24,234,172,183,173,155,219,133,233
199,25,48,22,30,181,38,41,163,122
199,26,89,174,141,79,241,237,251,227
199,27,118,10,7,236,84,135,186,40
199,28,90,226,8,137,241,211,129,206
199,29,174,218,169,205,3,31,90,12
199,30,210,70,4,183,231,189,190,109
199,31,46,185,71,196,155,194,126,28
199,32,126,221,243,176,102,201,91,32
199,33,248,121,168,205,224,12,38,185
199,34,81,208,55,95,70,146,171,34
199,35,100,39,99,98,220,161,131,123
199,36,49,42,139,195,8,117,202,223
199,37,15,193,220,90,87,83,45,37
199,38,15,14,80,162,44,86,3,114
199,39,72,244,220,183,36,252,61,23
200,0,136,78,14,241,89,18,56,68
200,1,117,126,29,240,221,63,6,228
200,2,234,238,194,236,68,241,136,196
200,3,214,234,41,203,169,20,105,226
200,4,253,74,12,30,37,79,130,7
200,5,5,174,194,253,68,85,54,230
200,6,27,42,108,62,133,37,25,104
200,7,146,210,1,83,115,84,202,77
200,8,157,201,120,248,88,236,207,13
200,9,231,162,105,43,80,163,216,213
200,10,200,97,68,140,12,103,107,81
200,11,212,64,197,94,10,130,68,240
200,12,219,234,107,173,183,37,172,250
200,13,42,181,48,112,41,70,110,30
200,14,237,79,251,119,89,141,174,37
200,15,118,236,135,22,9,10,21,142
200,16,8,226,158,90,129,123,199,247
200,17,185,232,205,31,36,55,169,138
200,18,210,183,135,70,231,189,87,109
200,19,46,196,185,66,155,5,1,126
200,20,236,45,252,13,230,248,157,190
200,21,163,80,231,242,216,162,43,89
200,22,200,97,68,12,103,140,107,204
200,23,64,240,94,212,68,146,101,197
200,24,37,219,172,183,173,107,234,170
200,25,193,213,181,42,122,196,48,163
200,26,237,141,79,89,174,183,251,227
200,27,118,10,43,236,40,135,186,211
200,28,226,129,8,90,199,206,83,137
200,29,169,185,174,138,31,55,232,3
200,30,210,72,183,4,70,109,231,36
200,31,196,46,155,1,185,126,71,251
200,32,224,126,197,243,94,176,61,32
200,33,63,248,156,185,12,38,168,18
200,34,152,55,54,209,70,188,213,146
200,35,100,123,98,131,92,39,184,73
200,36,139,251,42,24,239,130,84,223
200,37,50,45,37,87,14,102,7,210
200,38,14,15,146,3,162,114,244,157
200,39,85,177,252,13,220,61,52,89
201,0,55,134,31,36,152,70,192,47
201,1,42,5,197,101,165,254,70,117
201,2,3,194,182,201,157,211,234,71
201,3,234,16,44,63,61,66,197,78
201,4,30,253,169,194,113,204,80,166
201,5,5,139,30,225,48,228,75,116
201,6,201,27,9,25,104,253,189,62
201,7,130,38,83,77,146,246,202,228
201,8,236,88,43,201,124,230,181,28
201,9,231,163,162,80,105,43,242,65
201,10,200,97,140,146,12,242,81,138
201,11,197,212,37,240,94,146,10,6
201,12,50,172,107,173,133,234,233,219
201,13,181,194,207,13,70,193,163,48
201,14,141,79,237,15,17,251,227,89
201,15,118,10,236,142,239,43,22,209
201,16,226,8,234,129,90,199,206,82
201,17,205,232,169,138,31,62,185,36
201,18,210,116,189,183,209,231,21,109
201,19,46,196,185,129,85,155,5,1
201,20,236,13,230,252,45,43,134,6
201,21,163,231,89,242,80,162,43,32
201,22,200,12,242,97,146,140,107,103
201,23,197,212,94,240,218,37,68,146
201,24,234,183,155,119,157,172,37,233
201,25,48,42,193,181,41,22,30,163
201,26,89,141,79,174,237,196,218,183
201,27,118,10,236,84,40,43,135,186
201,28,90,226,206,8,129,199,190,193
201,29,169,185,205,3,31,138,174,12
201,30,50,210,189,70,183,109,4,72
201,31,46,185,196,155,126,18,251,159
201,32,126,144,109,179,243,254,131,91
201,33,248,185,104,139,38,3,102,11
201,34,44,240,48,28,171,146,72,209
201,35,100,98,123,236,148,161,131,220
201,36,39,42,139,115,79,142,29,130
201,37,87,27,83,45,102,210,7,101
201,38,14,15,162,3,114,157,167,169
201,39,231,252,220,75,61,182,179,163
202,0,123,229,196,242,249,216,105,7
202,1,118,62,225,117,27,231,155,150
202,2,164,162,90,146,210,17,4,50
202,3,234,133,37,187,31,84,235,152
202,4,30,167,142,222,102,251,13,15
202,5,104,5,6,139,181,253,142,116
202,6,42,27,62,201,167,9,142,246
202,7,210,10,29,146,83,2,1,23
202,8,234,207,13,201,186,28,89,88
202,9,231,105,29,13,94,213,162,102
202,10,169,12,200,140,97,85,130,81
202,11,212,197,189,94,95,248,107,240
202,12,234,133,173,172,107,157,35,219
202,13,48,41,181,30,43,97,207,29
202,14,141,89,79,251,199,157,42,174
202,15,118,84,239,236,9,10,22,186
202,16,226,211,90,8,206,167,249,5
202,17,205,31,90,3,250,36,169,61
202,18,21,231,189,142,211,50,70,210
202,19,130,185,155,181,46,179,245,106
202,20,13,234,236,124,43,207,201,186
202,21,231,29,89,94,162,13,105,242
202,22,169,200,35,97,130,85,12,107
202,23,212,94,189,197,107,174,240,95
202,24,234,172,133,219,26,183,63,173
202,25,48,30,41,43,181,163,22,147
202,26,89,174,141,218,79,237,157,251
202,27,118,84,10,7,81,40,236,135
202,28,90,226,167,206,5,8,199,211
202,29,250,205,174,169,172,12,31,3
202,30,210,187,179,70,4,189,81,109
202,31,130,155,46,185,196,126,251,39
202,32,98,99,126,131,134,243,201,176
202,33,232,183,248,238,38,126,3,224
202,34,84,34,207,146,180,171,70,173
202,35,98,145,123,39,100,131,161,153
202,36,42,139,181,70,120,210,223,49
202,37,90,58,87,190,45,31,83,15
202,38,14,15,92,71,162,148,114,3
202,39,2,252,189,69,38,220,213,36
203,0,46,66,233,32,157,110,63,202
203,1,117,118,112,86,84,42,242,19
203,2,121,133,255,58,10,60,147,87
203,3,234,214,202,146,226,30,19,219
203,4,251,155,118,242,30,74,215,88
203,5,254,100,67,44,31,5,10,88
203,6,175,42,246,183,142,62,122,114
203,7,2,44,10,66,85,210,1,220
203,8,49,38,35,120,186,13,207,28
203,9,156,240,13,98,231,14,9,105
203,10,114,253,51,161,24,72,12,148
203,11,49,195,79,156,236,142,27,248
203,12,155,35,67,234,203,95,7,206
203,13,48,142,76,22,29,195,100,193
203,14,241,251,218,38,79,174,89,141
203,15,76,118,135,22,9,71,26,84
203,16,119,90,167,211,96,137,45,226
203,17,31,114,102,7,205,229,23,36
203,18,214,215,190,142,70,231,148,210
203,19,46,71,155,196,218,185,40,179
203,20,49,236,124,13,35,43,120,38
203,21,240,231,163,89,80,14,242,162
203,22,114,97,51,200,253,59,72,103
203,23,79,49,156,240,94,236,101,248
203,24,203,155,173,172,219,107,138,67
203,25,76,48,195,142,181,122,22,193
203,26,174,89,237,241,79,141,218,14
203,27,76,118,135,207,236,186,7,40
203,28,45,119,90,226,167,8,21,211
203,29,114,31,169,12,174,7,102,90
203,30,215,214,210,231,190,70,4,81
203,31,71,46,120,196,185,28,179,126
203,32,139,158,116,126,176,102,243,201
203,33,182,168,248,232,12,224,41,121
203,34,205,34,55,12,95,70,97,81
203,35,100,39,98,99,161,132,92,184
203,36,252,172,42,49,139,8,193,223
203,37,87,45,90,220,83,15,37,94
203,38,162,15,14,114,44,86,3,244
203,39,72,220,61,36,23,52,244,15
204,0,82,181,251,107,255,246,39,83
204,1,230,37,227,79,157,53,91,31
204,2,147,194,134,72,201,225,76,237
204,3,213,203,162,214,234,107,105,109
204,4,251,155,35,133,242,215,30,156
204,5,174,12,5,31,114,245,201,100
204,6,149,175,42,62,246,27,19,100
204,7,66,2,253,220,63,85,77,1
204,8,49,35,38,186,68,120,13,124
204,9,231,14,163,240,156,0,80,236
204,10,68,253,114,200,140,103,97,51
204,11,64,79,248,49,207,156,195,130
204,12,107,206,173,35,155,95,219,172
204,13,230,164,48,195,76,70,193,181
204,14,79,237,141,251,183,174,235,218
204,15,118,76,135,142,236,22,155,9
204,16,45,226,90,167,185,8,119,137
204,17,31,26,232,102,114,174,229,7
204,18,183,55,190,214,17,210,215,87
204,19,46,196,237,71,206,40,66,185
204,20,236,124,230,13,252,49,9,43
204,21,163,80,231,242,43,0,162,89
204,22,200,68,97,103,204,253,119,143
204,23,64,240,49,68,79,94,101,146
204,24,107,203,219,173,37,172,67,227
204,25,181,193,76,195,122,48,164,213
204,26,79,237,141,174,89,183,251,218
204,27,40,76,236,118,135,10,9,7
204,28,45,226,199,8,129,90,21,147
204,29,174,114,26,31,206,169,12,55
204,30,210,55,215,190,4,214,70,238
204,31,46,237,196,71,126,120,185,40
204,32,224,139,126,197,243,102,176,94
204,33,179,201,12,156,248,185,168,3
204,34,217,49,55,70,34,209,213,188
204,35,100,98,39,92,224,123,161,212
204,36,42,24,255,139,172,239,193,210
204,37,87,90,45,50,37,83,241,210
204,38,162,14,146,15,3,86,44,114
204,39,220,61,13,85,36,52,252,177
205,0,109,2,152,24,41,177,163,237
205,1,92,236,120,226,149,9,42,56
205,2,229,147,221,94,194,139,77,157
205,3,234,156,215,58,66,101,177,19
205,4,149,169,243,93,30,194,51,63
205,5,115,213,12,225,116,66,187,133
205,6,245,25,175,70,149,62,27,29
205,7,220,77,1,202,130,84,253,146
205,8,124,49,45,236,68,13,248,252
205,9,163,231,14,242,80,216,4,5
205,10,117,15,103,17,140,200,204,253
205,11,209,103,212,17,208,94,207,68
205,12,166,170,95,219,107,37,172,183
205,13,230,48,195,76,196,181,122,246
205,14,237,79,174,251,89,152,183,157
205,15,118,135,76,40,79,22,7,137
205,16,226,45,138,167,154,21,90,211
205,17,114,12,31,174,7,78,206,229
205,18,210,190,214,215,70,231,238,142
205,19,46,206,237,71,196,245,155,28
205,20,236,124,49,13,45,242,230,181
205,21,163,231,80,242,89,24,162,14
205,22,117,17,200,97,103,31,253,216
205,23,209,151,208,248,94,17,79,68
205,24,203,166,107,219,7,172,183,170
205,25,48,181,195,76,230,122,211,217
205,26,237,174,79,183,89,141,146,168
205,27,135,40,118,236,76,7,10,116
205,28,226,138,21,45,8,199,137,90
205,29,174,78,169,31,55,12,114,138
205,30,210,55,4,238,183,70,215,87
205,31,46,196,71,185,237,40,126,179
205,32,197,120,126,14,75,243,61,139
205,33,103,248,12,89,3,5,185,54
205,34,227,94,209,55,11,146,109,5
205,35,100,98,123,92,184,220,214,111
205,36,139,42,48,193,84,24,130,251
205,37,14,162,45,87,7,37,94,9
205,38,14,162,3,15,244,157,124,167
205,39,252,220,61,75,52,13,77,177
206,0,166,97,113,205,142,150,123,215
206,1,34,26,101,59,87,236,10,187
206,2,235,147,229,83,17,176,93,149
206,3,46,211,76,234,84,146,37,97
206,4,167,161,240,14,251,4,30,82
206,5,12,66,6,225,213,181,195,235
206,6,245,149,175,25,27,115,62,246
206,7,220,91,1,253,2,66,77,84
206,8,124,49,33,45,248,13,68,230
206,9,39,132,14,231,163,98,80,216
206,10,216,117,103,15,253,204,118,140
206,11,20,36,208,207,79,68,212,113
206,12,166,107,219,172,170,173,72,37
206,13,230,33,48,195,181,196,76,193
206,14,79,237,174,251,147,141,183,152
206,15,65,118,135,236,22,142,40,76
206,16,226,154,45,8,90,147,167,211
206,17,31,232,102,174,110,55,114,12
206,18,210,231,183,87,109,135,70,148
206,19,46,196,66,5,126,179,185,206
206,20,236,45,33,252,230,13,124,222
206,21,163,80,39,132,231,242,162,43
206,22,200,97,103,117,248,15,204,81
206,23,20,101,240,36,225,68,94,212
206,24,219,203,107,37,172,183,173,170
206,25,181,122,213,193,142,33,48,196
206,26,237,79,141,174,251,89,15,157
206,27,40,236,135,118,10,65,43,19
206,28,226,8,156,147,199,227,231,21
206,29,174,169,110,12,31,206,55,138
206,30,210,128,4,190,148,70,231,87
206,31,120,46,196,71,126,185,40,179
206,32,238,113,158,126,243,61,94,21
206,33,41,190,248,3,224,185,12,89
206,34,34,97,88,161,209,55,146,23
206,35,98,100,92,39,123,220,161,37
206,36,42,139,207,130,239,193,244,84
206,37,94,87,45,90,83,210,37,209
206,38,14,162,15,86,3,114,157,167
206,39,252,220,52,61,36,72,13,62
207,0,55,177,222,152,47,31,6,70
207,1,70,42,191,117,7,113,105,203
207,2,76,235,157,198,229,12,3,42
207,3,234,197,66,63,16,215,243,154
207,4,169,137,30,125,1,243,194,63
207,5,181,225,116,187,48,91,75,118
207,6,168,70,201,9,27,25,245,62
207,7,77,220,91,130,63,146,150,83
207,8,124,252,230,236,13,43,181,156
207,9,163,231,80,242,162,43,4,216
207,10,200,103,15,140,67,146,119,97
207,11,37,212,197,240,146,190,68,94
207,12,37,172,183,170,166,173,107,72
207,13,193,196,48,195,181,213,122,19
207,14,237,79,174,227,15,141,251,168
207,15,40,236,10,118,211,142,135,80
207,16,226,129,154,199,82,53,45,21
207,17,31,19,12,174,55,206,169,138
207,18,210,183,4,70,66,109,231,116
207,19,46,247,196,126,185,206,71,1
207,20,45,230,236,252,13,49,124,101
207,21,163,80,231,242,89,216,74,250
207,22,200,103,67,146,15,97,216,107
207,23,146,68,197,37,190,248,240,212
207,24,166,55,115,203,119,183,173,37
207,25,48,155,169,100,195,193,76,181
207,26,237,174,79,183,89,141,218,14
207,27,40,18,10,7,236,43,118,211
207,28,129,56,226,21,199,138,45,82
207,29,174,55,206,169,31,19,12,138
207,30,210,148,70,4,183,66,238,55
207,31,46,196,247,185,71,126,60,40
207,32,144,14,126,243,85,109,21,92
207,33,185,12,68,102,248,103,89,3
207,34,249,18,227,209,94,146,80,152
207,35,100,117,98,185,123,92,73,161
207,36,79,42,37,44,139,244,130,193
207,37,196,14,162,210,83,87,45,214
207,38,52,132,15,162,3,14,87,244
207,39,77,251,252,220,66,61,52,89
208,0,13,78,128,67,37,242,55,87
208,1,223,232,1,197,80,105,155,141
208,2,146,51,145,12,164,207,29,140
208,3,191,16,18,155,215,234,7,63
208,4,169,63,221,239,148,73,206,82
208,5,181,225,187,6,91,118,247,202
208,6,70,27,201,94,25,9,253,29
208,7,202,161,77,63,220,212,138,150
208,8,252,124,47,45,0,101,236,46
208,9,80,163,216,231,162,65,43,74
208,10,140,15,200,204,103,109,97,67
208,11,167,240,146,68,222,212,65,208
208,12,47,173,37,55,183,45,166,172
208,13,155,193,213,23,101,122,100,48
208,14,237,79,15,144,227,220,141,174
208,15,40,112,10,211,7,236,178,43
208,16,129,21,10,226,154,199,83,8
208,17,206,126,31,55,174,169,138,12
208,18,210,87,209,116,70,238,4,183
208,19,60,46,196,126,185,247,71,159
208,20,45,47,236,230,252,101,225,222
208,21,163,80,108,216,74,242,162,65
208,22,204,200,140,146,97,119,223,116
208,23,222,146,157,167,197,212,240,68
208,24,47,183,55,37,72,166,107,173
208,25,213,169,57,101,48,155,100,122
208,26,237,79,144,218,174,183,141,89
208,27,236,18,101,40,112,7,10,211
208,28,56,129,8,21,10,226,137,83
208,29,126,130,169,174,206,55,19,31
208,30,18,238,209,210,70,66,148,87
208,31,60,46,40,185,55,37,71,196
208,32,248,58,14,126,144,120,243,50
208,33,12,167,176,185,103,248,89,3
208,34,249,80,109,164,227,18,15,94
208,35,121,44,100,98,123,92,185,184
208,36,228,148,42,79,21,139,37,244
208,37,244,196,214,83,210,45,14,87
208,38,197,177,162,24,15,141,59,14
208,39,226,83,66,209,252,127,220,61
209,0,52,240,98,80,159,69,198,50
209,1,223,155,197,105,80,232,70,183
209,2,146,145,12,51,207,139,164,9
209,3,191,234,18,30,215,155,180,63
209,4,149,169,239,63,221,73,148,82
209,5,181,225,187,91,116,118,202,247
209,6,70,201,253,104,29,18,126,141
209,7,161,202,77,130,220,83,212,68
209,8,124,252,236,49,13,68,0,230
209,9,80,163,231,0,65,43,52,216
209,10,204,200,140,216,15,119,103,97
209,11,212,240,146,68,220,167,94,222
209,12,37,166,107,183,173,125,227,72
209,13,122,193,226,213,195,181,48,23
209,14,237,79,183,168,251,89,227,141
209,15,135,236,40,118,80,142,10,215
209,16,45,154,129,226,8,199,82,21
209,17,31,174,49,206,114,12,169,7
209,18,210,183,87,17,66,109,214,238
209,19,46,196,71,126,206,155,5,60
209,20,45,230,252,236,13,222,124,49
209,21,163,80,108,0,231,89,216,65
209,22,216,200,204,97,119,103,253,117
209,23,146,240,68,248,59,197,209,94
209,24,166,203,107,37,7,115,119,128
209,25,122,230,181,195,48,76,217,169
209,26,183,237,146,89,168,218,79,174
209,27,135,236,40,10,116,118,19,76
209,28,138,8,45,129,90,199,21,82
209,29,174,169,78,206,31,114,7,202
209,30,55,210,183,238,66,148,87,215
209,31,46,196,71,60,40,249,237,185
209,32,14,197,126,61,243,146,21,139
209,33,103,12,167,185,89,181,248,250
209,34,227,94,55,11,109,18,209,152
209,35,100,214,92,184,3,7,123,98
209,36,42,48,193,139,84,24,251,239
209,37,14,162,87,45,37,94,210,241
209,38,162,14,15,3,244,97,44,114
209,39,52,220,62,77,61,13,252,181
210,0,177,217,78,163,55,223,75,203
210,1,49,68,109,42,52,44,245,97
210,2,235,213,42,157,71,83,126,228
210,3,16,234,215,18,63,180,44,58
210,4,169,137,44,35,1,51,63,113
210,5,48,228,181,116,115,91,118,84
210,6,25,57,201,27,29,71,253,232
210,7,202,223,220,77,130,138,146,63
210,8,124,47,252,236,144,222,201,211
210,9,163,231,80,0,43,34,5,65
210,10,19,109,117,204,143,119,200,97
210,11,208,209,240,146,94,225,222,231
210,12,47,107,172,173,125,55,37,95
210,13,122,181,155,226,48,230,193,70
210,14,79,237,251,89,37,157,183,27
210,15,118,112,22,9,135,33,209,142
210,16,226,8,45,21,167,90,30,199
210,17,31,229,206,232,164,23,126,7
210,18,238,87,251,190,164,183,70,17
210,19,40,46,247,71,216,14,196,155
210,20,236,222,124,47,13,6,19,190
210,21,231,80,163,0,43,234,24,89
210,22,216,19,200,143,204,97,119,85
210,23,208,248,157,225,222,59,94,85
210,24,47,107,55,219,119,172,128,125
210,25,122,181,217,48,230,155,195,76
210,26,146,79,89,40,157,27,144,232
210,27,33,19,209,135,236,118,76,67
210,28,167,190,45,8,82,147,90,21
210,29,164,169,202,23,31,7,114,229
210,30,63,141,215,28,238,46,164,1
210,31,55,71,46,216,151,40,37,247
210,32,18,248,92,246,120,171,144,61
210,33,250,54,176,11,234,133,89,12
210,34,80,5,249,94,48,109,72,15
210,35,77,176,136,185,121,100,184,37
210,36,21,17,202,39,172,42,244,228
210,37,214,110,126,94,93,45,87,83
210,38,156,185,88,87,162,24,3,141
210,39,251,66,142,209,9,50,5,255
211,0,209,93,240,247,146,239,52,17
211,1,49,17,105,97,56,109,68,52
211,2,71,213,208,83,63,206,254,235
211,3,234,66,87,215,63,44,78,18
211,4,44,60,30,35,169,63,93,243
211,5,115,202,116,52,228,170,12,48
211,6,57,25,27,245,201,232,175,62
211,7,202,220,223,77,253,146,130,234
211,8,124,49,252,236,144,207,88,222
211,9,14,231,163,0,80,43,23,34
211,10,19,216,200,204,253,97,143,140
211,11,248,208,197,207,85,94,212,220
211,12,107,173,7,125,203,172,37,35
211,13,230,122,195,48,76,181,222,217
211,14,89,235,146,251,79,40,157,183
211,15,33,118,135,76,22,209,236,26
211,16,167,45,90,185,211,226,8,73
211,17,31,229,114,7,23,164,88,21
211,18,63,190,215,142,214,164,17,87
211,19,71,151,40,46,28,155,216,102
211,20,124,13,236,49,222,207,184,43
211,21,231,80,14,89,163,0,24,234
211,22,19,216,51,81,143,85,253,200
211,23,207,94,240,236,79,208,220,212
211,24,203,107,7,172,128,219,133,121
211,25,122,48,76,192,195,181,230,217
211,26,40,89,146,27,235,251,157,232
211,27,33,209,135,19,67,110,118,76
211,28,167,190,8,45,90,147,121,21
211,29,164,31,114,202,7,130,169,23
211,30,28,215,63,231,81,1,9,165
211,31,71,40,216,106,151,7,179,46
211,32,18,246,171,76,201,61,176,139
211,33,234,11,95,253,248,104,89,58
211,34,240,72,101,149,64,28,95,94
211,35,184,37,145,153,236,185,92,191
211,36,202,244,142,49,193,172,42,39
211,37,93,87,174,94,45,161,15,193
211,38,80,234,59,30,244,157,44,9
211,39,9,244,183,92,72,61,220,52
212,0,139,81,152,222,163,203,13,47
212,1,49,42,232,162,171,105,174,125
212,2,107,249,157,207,199,242,3,235
212,3,234,61,63,16,157,155,58,243
212,4,164,178,169,30,51,137,93,1
212,5,228,63,48,24,149,12,252,75
212,6,128,174,25,57,62,48,191,149
212,7,131,223,146,253,202,38,85,130
212,8,124,183,49,236,222,215,9,184
212,9,24,14,80,65,231,163,43,105
212,10,92,119,73,19,85,223,181,158
212,11,154,84,240,207,231,157,94,37
212,12,147,57,107,84,172,55,36,121
212,13,122,48,100,181,195,226,30,239
212,14,232,152,246,157,89,251,79,178
212,15,209,239,118,101,22,19,84,222
212,16,167,161,90,30,211,45,82,8
212,17,31,23,229,130,7,214,202,88
212,18,28,231,63,164,189,1,251,211
212,19,144,175,40,216,181,71,247,245
212,20,236,222,13,183,43,124,184,211
212,21,24,231,14,234,237,89,162,105
212,22,92,19,24,73,85,97,146,181
212,23,154,212,94,37,208,84,59,231
212,24,84,147,172,57,7,203,194,107
212,25,122,100,181,48,217,81,19,76
212,26,157,232,89,203,152,218,146,79
212,27,209,19,239,118,236,207,67,33
212,28,167,161,8,99,121,226,249,90
212,29,23,214,169,7,50,17,31,206
212,30,164,28,71,189,1,188,231,215
212,31,91,40,144,71,199,181,179,46
212,32,18,48,246,144,91,61,62,201
212,33,248,107,58,253,234,151,250,181
212,34,56,175,48,240,95,252,171,28
212,35,218,85,236,37,20,114,184,92
212,36,211,195,152,202,246,42,193,139
212,37,174,67,161,45,83,143,87,94
212,38,101,234,9,201,30,44,162,157
212,39,250,246,1,92,215,183,220,15
213,0,234,242,186,188,144,155,92,111
213,1,232,198,117,66,42,197,105,251
213,2,15,249,230,150,86,212,89,107
213,3,155,234,44,132,116,19,157,188
213,4,164,94,112,71,30,239,169,93
213,5,170,48,169,253,84,30,12,228
213,6,128,204,126,200,73,142,201,59
213,7,243,131,146,169,202,77,253,161
213,8,222,124,49,252,65,186,109,183
213,9,14,231,163,82,24,80,157,237
213,10,85,19,53,114,9,81,218,140
213,11,116,114,207,153,84,208,248,212
213,12,147,7,205,84,170,173,227,119
213,13,100,181,122,217,48,195,140,239
213,14,157,79,232,183,237,89,218,37
213,15,19,248,209,118,236,239,125,67
213,16,167,226,45,8,207,147,90,211
213,17,23,88,31,202,197,7,229,17
213,18,164,63,183,87,251,210,28,206
213,19,46,71,40,196,110,151,245,181
213,20,222,236,124,65,13,6,109,183
213,21,163,231,80,24,237,14,234,82
213,22,0,85,7,128,200,53,97,143
213,23,116,15,10,212,114,208,225,240
213,24,205,172,107,37,125,36,57,219
213,25,122,181,217,100,48,140,51,75
213,26,232,157,79,218,146,89,152,156
213,27,209,19,236,248,239,118,17,44
213,28,8,30,230,90,226,167,45,249
213,29,23,49,169,180,231,7,173,206
213,30,28,164,1,50,69,206,189,162
213,31,40,71,216,179,46,100,7,132
213,32,171,86,61,18,179,146,195,246
213,33,97,36,189,104,89,37,6,10
213,34,90,28,212,238,44,255,173,206
213,35,255,184,190,148,73,100,92,71
213,36,244,227,147,39,42,193,115,234
213,37,27,94,193,78,87,45,221,37
213,38,244,162,215,157,75,3,44,97
213,39,158,14,61,220,52,254,182,252
214,0,96,226,117,185,68,187,133,243
214,1,40,13,96,230,206,67,12,166
214,2,135,85,215,144,24,84,252,181
214,3,145,209,221,44,170,153,143,102
214,4,55,164,139,182,239,84,60,8
214,5,223,48,170,84,197,114,253,232
214,6,3,114,126,58,128,204,174,9
214,7,146,77,243,131,202,19,135,133
214,8,68,252,124,183,222,49,109,236
214,9,206,19,231,24,163,14,82,80
214,10,163,128,85,7,97,181,140,200
214,11,18,116,142,212,207,10,208,131
214,12,67,37,107,57,36,172,227,170
214,13,122,200,181,217,100,48,239,226
214,14,232,38,79,157,152,237,183,89
214,15,209,103,241,19,239,118,236,17
214,16,232,30,8,167,207,226,149,90
214,17,155,23,180,202,31,102,165,7
214,18,28,164,87,1,6,162,206,25
214,19,40,46,132,216,7,110,71,196
214,20,236,222,183,211,68,13,6,26
214,21,19,24,206,80,231,163,139,52
214,22,128,163,225,181,85,170,154,59
214,23,131,18,142,212,101,10,207,94
214,24,36,67,107,57,125,200,230,172
214,25,122,181,217,200,48,249,70,27
214,26,232,38,89,250,152,79,157,218
214,27,209,17,103,241,19,118,236,22
214,28,30,8,232,149,90,241,231,233
214,29,180,155,232,231,23,31,189,174
214,30,6,28,235,1,165,231,70,164
214,31,216,71,40,179,132,16,233,7
214,32,175,171,17,37,61,199,176,126
214,33,117,214,10,23,94,89,142,12
214,34,58,28,187,54,173,19,153,12
214,35,7,255,184,73,71,159,100,92
214,36,244,245,25,0,42,193,31,253
214,37,102,84,221,164,87,220,45,90
214,38,136,157,244,4,162,22,75,86
214,39,14,145,16,61,181,62,52,220
215,0,122,222,81,152,177,2,163,0
215,1,95,153,52,68,109,42,105,245
215,2,157,47,185,139,19,13,199,193
215,3,234,61,0,36,63,243,66,58
215,4,149,178,169,137,30,212,117,51
215,5,48,223,232,94,228,105,203,133
215,6,104,108,168,58,29,174,48,187
215,7,94,130,220,202,146,86,138,83
215,8,26,183,68,236,124,211,9,181
215,9,139,52,24,80,65,0,222,79
215,10,181,119,225,154,128,59,146,170
215,11,240,131,37,94,201,212,157,68
215,12,166,107,57,36,172,230,12,200
215,13,122,19,253,27,48,241,30,249
215,14,152,70,89,232,250,79,251,1
215,15,209,17,22,118,239,9,142,26
215,16,53,30,167,232,90,154,66,123
215,17,180,19,31,62,23,214,130,191
215,18,28,231,235,1,25,87,165,70
215,19,247,7,216,40,175,132,8,16
215,20,183,236,13,211,26,68,222,9
215,21,139,24,52,80,65,244,43,89
215,22,128,181,154,225,170,119,146,85
215,23,131,157,212,94,207,37,240,137
215,24,166,230,107,36,57,125,172,55
215,25,122,181,217,48,19,169,1,70
215,26,232,89,250,152,218,254,157,79
215,27,209,17,19,18,118,79,22,236
215,28,30,8,232,138,53,56,82,241
215,29,180,62,232,231,174,23,31,202
215,30,28,235,1,209,66,87,231,151
215,31,247,40,216,70,71,7,132,155
215,32,171,14,144,37,61,197,175,126
215,33,68,10,103,12,142,89,84,185
215,34,143,18,28,11,227,103,48,222
215,35,255,117,7,73,184,71,100,111
215,36,244,48,25,193,245,58,42,44
215,37,102,221,162,87,14,94,45,37
215,38,157,244,162,3,4,185,75,97
215,39,14,77,52,181,61,44,62,197
216,0,139,13,159,178,55,116,203,70
216,1,44,10,42,17,245,141,235,49
216,2,67,26,70,102,163,71,9,116
216,3,234,180,5,0,44,156,209,61
216,4,44,221,30,178,51,148,169,137
216,5,232,48,223,133,94,228,3,105
216,6,58,174,104,57,187,243,48,29
216,7,223,94,130,38,146,83,133,86
216,8,26,68,236,183,124,13,9,211
216,9,139,14,52,213,163,80,0,65
216,10,19,225,154,85,181,119,128,59
216,11,220,201,84,212,240,94,131,232
216,12,7,57,230,107,147,205,12,172
216,13,122,195,48,30,100,217,41,76
216,14,89,157,146,235,246,152,251,232
216,15,17,239,118,209,19,33,84,22
216,16,167,45,90,193,211,30,219,161
216,17,249,31,23,202,7,229,164,180
216,18,28,151,164,50,142,231,104,56
216,19,175,71,119,155,189,216,181,238
216,20,13,49,68,207,124,236,43,69
216,21,231,24,89,139,237,14,163,98
216,22,19,85,154,128,216,225,181,7
216,23,201,212,131,94,10,154,236,46
216,24,128,7,119,56,230,203,205,11
216,25,97,48,76,192,195,100,19,81
216,26,218,40,146,89,203,241,157,230
216,27,76,57,137,33,19,207,118,135
216,28,45,193,167,90,196,82,212,251
216,29,114,62,164,88,255,61,21,7
216,30,50,215,162,63,93,214,70,81
216,31,46,38,106,155,28,216,252,71
216,32,179,171,86,126,139,18,106,246
216,33,234,132,104,95,68,142,38,10
216,34,44,173,28,240,48,238,206,62
216,35,190,148,74,145,255,194,184,71
216,36,39,115,172,142,227,147,42,159
216,37,27,78,165,169,101,114,16,193
216,38,169,75,215,119,157,61,162,3
216,39,75,158,137,179,225,163,254,117
217,0,142,166,97,113,205,123,213,150
217,1,34,187,26,59,118,117,132,105
217,2,70,249,147,4,90,103,146,26
217,3,211,146,37,46,135,31,234,84
217,4,161,167,251,67,30,14,65,13
217,5,12,186,104,161,6,5,204,235
217,6,175,167,62,18,142,245,42,48
217,7,91,66,253,29,146,23,83,79
217,8,49,33,124,28,13,186,207,88
217,9,39,13,231,14,29,94,163,0
217,10,216,248,130,51,19,114,1,168
217,11,79,248,20,212,94,236,49,203
217,12,7,26,56,63,35,107,32,128
217,13,48,76,43,30,195,29,41,122
217,14,251,89,157,146,218,124,241,235
217,15,118,76,135,65,71,22,19,84
217,16,167,90,211,237,196,123,188,158
217,17,31,61,23,7,205,229,174,143
217,18,190,215,142,187,17,50,57,222
217,19,46,218,130,120,155,102,196,45
217,20,33,124,13,35,236,207,49,45
217,21,39,89,163,13,231,80,240,14
217,22,130,114,51,253,167,97,46,107
217,23,49,79,20,236,94,36,212,240
217,24,26,63,7,203,35,234,155,56
217,25,48,43,22,142,29,30,147,41
217,26,174,89,237,241,14,40,79,218
217,27,65,135,7,118,76,40,37,186
217,28,226,90,21,188,167,237,5,96
217,29,12,169,114,174,7,255,31,172
217,30,148,215,210,81,187,190,70,214
217,31,130,120,46,196,155,71,185,126
217,32,113,126,99,238,158,201,243,254
217,33,190,232,248,205,38,41,116,104
217,34,88,70,97,34,161,55,173,140
217,35,98,161,145,39,100,151,236,213
217,36,207,172,42,49,139,193,66,202
217,37,83,45,87,15,210,90,241,209
217,38,162,44,15,14,114,71,167,206
217,39,220,15,61,165,69,252,179,139
218,0,22,106,6,66,46,63,85,110
218,1,112,250,223,118,117,197,189,155
218,2,147,59,198,22,87,121,108,134
218,3,146,226,236,234,214,162,98,31
218,4,67,251,118,167,242,30,105,122
218,5,12,67,254,100,10,161,186,44
218,6,175,167,42,62,142,18,61,246
218,7,66,44,91,253,10,2,85,79
218,8,49,35,33,207,212,120,113,13
218,9,13,240,14,132,55,98,94,156
218,10,248,114,253,216,167,62,168,100
218,11,49,203,79,20,36,236,248,195
218,12,7,32,35,56,234,26,203,155
218,13,48,142,76,29,33,72,41,22
218,14,241,174,251,218,89,79,237,146
218,15,118,96,135,76,22,71,7,84
218,16,90,167,237,211,226,137,206,188
218,17,31,102,174,205,12,23,90,7
218,18,190,210,231,142,17,70,238,183
218,19,46,120,155,71,196,185,126,5
218,20,236,13,124,45,35,33,181,120
218,21,163,240,231,89,80,242,162,14
218,22,200,97,114,15,204,140,253,103
218,23,49,240,94,101,68,20,190,130
218,24,203,183,7,172,170,37,35,250
218,25,48,142,72,163,29,23,21,122
218,26,237,174,89,141,79,235,168,251
218,27,40,118,186,135,7,236,43,10
218,28,226,21,90,231,8,199,137,129
218,29,12,169,174,31,206,55,110,102
218,30,210,190,238,183,70,231,112,128
218,31,71,46,196,120,185,126,155,251
218,32,158,126,238,243,113,102,201,62
218,33,73,232,168,248,41,12,38,94
218,34,70,97,55,34,161,173,19,187
218,35,100,39,98,161,236,151,99,220
218,36,42,139,0,8,210,130,193,239
218,37,83,220,90,87,45,210,15,7
218,38,14,162,15,114,44,3,86,167
218,39,220,61,252,36,16,52,23,72
219,0,78,136,89,56,18,241,227,118
219,1,117,6,79,242,189,84,186,135
219,2,108,201,76,194,58,113,0,202
219,3,194,105,214,234,134,226,166,143
219,4,253,242,30,67,12,133,191,35
219,5,174,12,5,116,92,170,181,194
219,6,27,19,62,25,42,201,29,9
219,7,63,66,77,220,146,85,1,202
219,8,157,35,201,120,252,124,13,236
219,9,231,163,80,162,105,216,14,43
219,10,68,200,12,97,140,103,15,107
219,11,64,130,197,248,212,68,94,74
219,12,172,37,183,173,234,219,107,72
219,13,42,193,72,181,48,196,163,112
219,14,237,79,141,183,227,15,89,251
219,15,118,236,135,10,40,43,22,142
219,16,226,8,129,90,199,158,123,137
219,17,185,31,102,232,174,169,90,138
219,18,210,183,231,17,109,87,70,36
219,19,46,196,185,126,5,155,245,159
219,20,236,230,13,45,252,157,211,43
219,21,163,242,231,80,162,89,216,133
219,22,200,68,97,140,12,15,103,107
219,23,64,240,68,101,212,146,94,190
219,24,172,183,37,170,173,203,219,107
219,25,42,193,213,48,196,122,181,163
219,26,237,141,89,174,79,183,227,168
219,27,40,118,10,43,7,186,236,135
219,28,226,129,8,199,90,147,173,206
219,29,169,185,174,12,31,55,138,102
219,30,210,72,183,4,70,231,109,190
219,31,196,46,185,126,155,71,120,251
219,32,224,197,126,243,94,102,61,62
219,33,63,156,248,12,185,38,168,18
219,34,152,70,55,54,173,209,34,188
219,35,100,39,98,161,123,92,236,214
219,36,239,42,139,24,251,130,193,210
219,37,50,83,90,45,14,87,102,210
219,38,14,15,162,146,3,44,114,167
219,39,220,85,252,13,61,177,36,15
220,0,115,2,36,134,41,86,152,136
220,1,42,254,113,101,117,118,105,245
220,2,182,201,139,157,194,5,77,228
220,3,234,58,113,156,63,218,44,66
220,4,149,253,169,30,137,93,51,194
220,5,116,225,213,187,5,92,181,202
220,6,25,201,27,115,70,62,245,9
220,7,77,63,220,146,83,212,1,130
220,8,252,124,230,236,13,157,242,45
220,9,80,163,231,144,242,4,133,162
220,10,200,15,117,30,103,97,12,140
220,11,68,212,151,113,146,240,190,6
220,12,219,166,183,37,172,234,250,107
220,13,42,48,193,72,196,163,213,100
220,14,237,79,174,227,141,183,15,33
220,15,40,10,7,211,118,116,135,80
220,16,226,138,154,129,21,199,90,173
220,17,12,185,55,31,174,240,206,90
220,18,210,237,183,70,231,36,109,4
220,19,46,196,126,5,185,206,155,71
220,20,236,45,13,230,242,252,101,144
220,21,80,163,242,89,231,162,216,74
220,22,200,117,15,17,97,30,140,12
220,23,151,68,190,209,248,240,146,212
220,24,37,183,166,172,72,170,173,45
220,25,213,42,48,193,196,163,72,246
220,26,237,174,89,183,79,227,141,111
220,27,40,10,7,211,118,43,236,212
220,28,226,129,138,199,173,83,206,21
220,29,78,55,174,12,185,138,31,169
220,30,210,237,4,109,72,183,70,66
220,31,46,196,126,185,155,60,251,159
220,32,75,126,243,197,14,255,94,176
220,33,161,185,103,248,38,5,3,12
220,34,227,109,152,209,146,11,70,55
220,35,98,100,123,161,220,131,217,7
220,36,55,42,139,251,130,11,48,223
220,37,196,162,210,45,87,102,83,7
220,38,14,52,15,162,114,3,167,124
220,39,220,75,252,77,61,224,251,89
221,0,166,97,113,142,205,150,213,210
221,1,34,101,59,26,87,132,227,64
221,2,235,227,250,202,132,131,197,44
221,3,76,46,234,211,179,239,3,186
221,4,167,161,240,253,30,4,14,82
221,5,225,66,6,181,130,116,131,213
221,6,245,115,27,25,62,108,201,219
221,7,91,220,77,84,63,237,83,1
221,8,33,124,45,252,13,230,181,248
221,9,39,132,80,231,163,216,242,133
221,10,15,200,216,12,117,103,97,140
221,11,20,36,212,68,151,113,248,94
221,12,166,219,183,234,37,107,172,173
221,13,42,33,48,72,193,82,196,100
221,14,237,79,174,147,251,183,89,227
221,15,65,118,40,135,10,7,236,22
221,16,226,154,90,147,211,158,199,123
221,17,185,31,55,12,174,205,90,110
221,18,210,70,231,190,128,4,17,148
221,19,46,155,196,185,206,120,5,126
221,20,236,45,13,33,230,124,252,248
221,21,80,163,242,39,132,231,89,162
221,22,15,117,200,103,97,248,239,140
221,23,101,190,68,20,36,240,212,94
221,24,172,37,183,170,173,72,219,179
221,25,48,163,213,196,193,33,23,142
221,26,237,174,141,79,89,227,15,147
221,27,7,40,211,10,186,65,118,135
221,28,226,199,156,21,147,129,206,231
221,29,12,55,174,31,110,240,169,138
221,30,210,128,4,70,190,231,109,149
221,31,46,120,126,185,196,251,159,155
221,32,113,238,243,126,158,176,94,62
221,33,41,185,190,3,38,248,224,63
221,34,97,34,70,88,161,152,173,140
221,35,98,161,100,39,123,217,220,131
221,36,130,42,207,139,239,223,210,41
221,37,87,83,210,45,90,15,7,102
221,38,14,114,15,162,167,3,157,44
221,39,220,252,61,72,36,13,89,15
222,0,115,2,152,55,60,178,203,41
222,1,191,42,117,254,105,101,203,7
222,2,235,76,131,198,139,132,227,192
222,3,234,76,63,18,13,197,174,213
222,4,149,169,30,253,63,137,73,203
222,5,225,116,91,181,6,48,118,66
222,6,201,70,27,108,245,25,29,115
222,7,77,130,220,91,83,84,1,115
222,8,236,230,124,252,13,227,201,0
222,9,80,163,231,242,43,225,196,216
222,10,15,200,103,67,97,140,204,153
222,11,212,240,146,68,37,6,94,65
222,12,219,107,166,37,172,234,72,170
222,13,196,193,213,48,42,62,67,181
222,14,237,79,174,183,33,152,141,89
222,15,40,135,9,118,18,211,7,80
222,16,226,154,83,199,8,129,90,21
222,17,174,31,185,55,232,138,240,12
222,18,4,210,66,183,70,116,231,178
222,19,46,196,5,47,1,206,155,185
222,20,236,230,45,13,248,211,9,255
222,21,163,80,242,89,216,231,91,182
222,22,103,200,67,15,216,254,97,153
222,23,146,37,68,240,212,100,65,197
222,24,37,166,172,170,119,183,72,179
222,25,193,213,42,48,196,71,0,169
222,26,237,174,89,79,183,141,227,168
222,27,40,7,10,18,43,211,118,79
222,28,129,226,138,83,82,199,56,8
222,29,55,174,185,31,78,169,138,12
222,30,210,4,183,66,109,72,70,36
222,31,196,46,126,185,249,60,182,155
222,32,14,243,197,126,144,94,26,176
222,33,185,103,161,12,248,3,38,59
222,34,227,152,18,146,249,209,11,47
222,35,100,98,123,131,161,7,220,73
222,36,148,139,42,48,130,251,44,11
222,37,162,196,14,87,210,45,102,7
222,38,14,52,15,3,162,114,167,244
222,39,77,61,197,220,252,251,89,13
223,0,128,13,178,135,78,55,87,20
223,1,15,11,206,1,232,132,12,114
223,2,74,245,235,24,181,145,131,114
223,3,12,16,234,63,215,155,145,250
223,4,169,63,221,239,73,35,1,166
223,5,181,225,201,116,6,131,187,75
223,6,27,70,115,201,219,189,127,108
223,7,77,220,161,84,137,213,115,212
223,8,45,124,236,252,230,248,166,101
223,9,163,80,242,231,91,225,133,162
223,10,15,103,200,140,127,123,109,97
223,11,135,42,167,240,58,94,212,45
223,12,219,107,234,113,47,172,133,139
223,13,161,48,41,82,30,173,181,110
223,14,251,37,186,89,73,61,178,79
223,15,22,250,84,118,135,9,142,61
223,16,74,8,90,211,123,167,233,249
223,17,230,201,130,205,56,17,147,192
223,18,135,21,211,9,222,12,223,152
223,19,106,155,111,42,175,150,244,227
223,20,201,13,190,207,88,28,236,186
223,21,89,231,192,163,13,47,237,102
223,22,160,73,81,143,92,35,187,200
223,23,80,94,212,10,106,154,57,191
223,24,219,121,35,234,107,65,38,14
223,25,48,41,30,13,181,163,148,10
223,26,251,59,89,61,168,178,174,33
223,27,118,250,84,236,9,135,164,101
223,28,8,10,226,90,123,206,199,41
223,29,126,150,169,245,205,174,198,185
223,30,18,210,209,66,180,253,129,183
223,31,154,15,55,196,46,60,37,118
223,32,58,248,126,14,243,92,78,191
223,33,185,167,176,161,12,103,248,38
223,34,15,109,249,18,146,227,80,209
223,35,98,117,123,100,161,220,111,217
223,36,148,228,55,42,139,130,11,79
223,37,196,244,214,210,45,156,83,87
223,38,197,55,24,14,162,15,3,114
223,39,83,101,252,137,209,220,66,61
224,0,167,94,220,38,17,240,19,132
224,1,11,132,34,26,70,219,80,114
224,2,74,235,42,207,245,145,24,131
224,3,12,197,234,16,215,63,155,232
224,4,169,239,63,221,148,194,93,30
224,5,225,181,115,187,6,116,92,66
224,6,70,115,201,253,25,29,217,27
224,7,77,220,161,130,212,84,0,232
224,8,124,47,45,236,252,227,13,248
224,9,163,80,220,216,242,133,89,231
224,10,103,15,200,204,66,67,153,97
224,11,146,220,212,240,68,65,113,167
224,12,37,179,166,219,72,172,107,170
224,13,196,213,48,100,62,23,193,173
224,14,237,174,79,33,251,111,15,89
224,15,40,7,5,154,9,135,118,211
224,16,154,226,83,199,129,82,8,90
224,17,174,55,31,49,240,12,185,36
224,18,4,210,66,183,70,151,253,116
224,19,46,196,5,1,60,155,230,249
224,20,236,45,13,230,47,101,252,217
224,21,163,80,89,182,216,242,231,133
224,22,216,103,200,15,67,140,30,12
224,23,146,68,212,240,220,222,59,190
224,24,166,128,37,119,183,234,172,55
224,25,213,42,101,48,193,169,196,181
224,26,237,89,174,183,79,141,168,227
224,27,40,10,118,43,7,236,116,135
224,28,129,138,226,82,8,199,83,206
224,29,78,174,169,55,31,185,138,12
224,30,210,183,66,109,4,231,72,36
224,31,196,46,126,185,60,249,155,250
224,32,14,197,126,243,94,176,61,109
224,33,167,103,181,185,12,248,3,38
224,34,227,152,209,249,11,18,55,109
224,35,100,136,123,98,131,7,184,73
224,36,139,42,84,130,48,223,251,11
224,37,214,14,87,45,102,7,210,83
224,38,14,87,15,3,162,114,167,244
224,39,251,61,220,252,89,52,218,197
225,0,53,17,52,209,198,80,240,234
225,1,11,132,34,26,219,202,80,91
225,2,74,139,235,207,150,131,145,124
225,3,12,234,155,215,63,18,252,102
225,4,149,239,169,63,4,221,30,194
225,5,181,225,187,116,92,131,118,6
225,6,201,27,70,115,29,229,188,9
225,7,77,83,130,220,0,115,68,208
225,8,124,236,0,227,201,13,230,181
225,9,231,43,163,242,80,162,213,220
225,10,200,97,103,15,140,81,216,12
225,11,10,212,240,197,94,146,68,252
225,12,219,107,172,166,234,125,173,133
225,13,181,110,82,48,226,173,30,122
225,14,79,237,251,89,152,37,141,168
225,15,118,236,135,22,9,142,84,154
225,16,90,226,8,74,211,129,123,158
225,17,31,232,90,201,36,169,205,211
225,18,135,21,231,210,189,17,212,142
225,19,179,151,66,196,46,106,5,185
225,20,236,43,13,248,190,183,45,222
225,21,162,231,242,105,89,234,111,163
225,22,200,97,7,140,81,92,73,85
225,23,10,80,212,94,240,197,225,6
225,24,172,219,133,173,233,234,183,107
225,25,181,48,163,23,207,30,122,191
225,26,141,15,89,237,157,227,152,79
225,27,236,118,10,40,43,135,239,212
225,28,226,129,8,138,90,199,222,241
225,29,169,185,12,174,31,55,138,78
225,30,210,183,109,72,66,231,4,36
225,31,196,46,126,185,249,155,60,159
225,32,197,126,243,14,162,94,176,61
225,33,103,185,12,248,167,3,38,5
225,34,152,227,209,55,11,173,146,18
225,35,100,123,98,184,7,131,73,92
225,36,139,48,42,251,239,24,84,130
225,37,162,14,87,102,45,210,7,83
225,38,14,15,3,162,114,167,244,157
225,39,220,61,77,13,177,252,89,52
226,0,31,74,55,177,217,139,20,175
226,1,42,206,151,254,39,44,74,72
226,2,3,235,157,131,114,192,180,143
226,3,234,215,66,16,63,218,44,61
226,4,44,137,169,253,1,30,194,63
226,5,116,181,228,118,225,187,115,170
226,6,27,201,25,9,62,115,29,189
226,7,77,83,146,38,130,85,202,63
226,8,252,124,230,236,13,201,0,43
226,9,231,80,163,43,162,242,216,105
226,10,200,97,242,140,12,103,216,15
226,11,197,212,240,94,248,68,222,220
226,12,37,183,172,107,157,173,219,170
226,13,181,196,48,193,19,42,23,62
226,14,237,141,79,15,227,251,89,183
226,15,118,10,236,135,40,43,142,80
226,16,226,90,8,129,190,211,199,206
226,17,169,205,31,185,90,21,174,45
226,18,210,183,109,189,70,231,151,36
226,19,46,196,185,85,126,155,179,129
226,20,236,13,252,230,45,43,217,134
226,21,163,231,89,80,242,162,250,74
226,22,200,216,242,12,97,148,140,107
226,23,197,212,220,94,218,248,240,68
226,24,234,128,183,172,3,119,173,7
226,25,48,42,41,72,163,30,19,23
226,26,174,89,141,227,237,79,235,15
226,27,118,186,40,10,135,7,236,43
226,28,226,206,90,167,190,8,193,199
226,29,12,169,185,31,240,21,88,174
226,30,210,231,70,50,63,109,4,189
226,31,185,46,126,155,251,196,159,179
226,32,18,243,126,62,123,179,246,176
226,33,11,248,95,38,139,104,3,102
226,34,70,240,72,44,67,140,171,48
226,35,161,98,236,39,67,99,148,100
226,36,202,42,49,142,39,115,139,130
226,37,83,45,87,210,15,174,193,27
226,38,114,15,162,80,167,234,44,3
226,39,244,220,75,183,72,252,92,250
227,0,166,142,113,97,150,205,213,215
227,1,34,26,59,118,132,187,117,11
227,2,90,164,31,162,210,196,103,146
227,3,211,146,37,234,31,46,84,135
227,4,65,161,167,14,30,13,82,131
227,5,104,5,161,181,6,131,142,170
227,6,27,62,9,167,201,245,42,100
227,7,91,29,146,83,210,77,2,220
227,8,13,212,207,33,89,252,124,28
227,9,39,13,231,29,94,105,80,163
227,10,216,12,200,97,140,103,130,107
227,11,20,212,197,248,94,185,107,173
227,12,234,26,63,173,107,35,183,172
227,13,48,41,72,29,43,30,181,97
227,14,174,89,79,237,251,141,42,157
227,15,118,65,135,84,22,9,10,40
227,16,226,90,211,206,147,8,167,123
227,17,205,31,90,174,12,232,3,55
227,18,210,148,231,70,189,190,21,4
227,19,46,130,185,155,126,5,179,159
227,20,236,13,45,33,43,252,124,230
227,21,242,39,80,89,163,162,231,29
227,22,15,200,97,140,83,31,30,253
227,23,20,190,212,101,68,94,240,113
227,24,172,183,37,233,234,173,7,170
227,25,163,196,48,23,29,213,193,246
227,26,174,237,141,15,227,89,79,235
227,27,186,65,7,118,211,10,40,212
227,28,226,96,206,199,8,90,156,241
227,29,12,169,55,31,172,240,174,3
227,30,210,148,109,70,4,231,187,149
227,31,185,46,130,126,159,251,155,196
227,32,243,99,113,126,238,91,176,62
227,33,190,232,248,38,224,3,41,185
227,34,70,88,161,97,55,34,140,171
227,35,161,98,39,99,236,217,131,4
227,36,207,42,49,202,130,139,116,223
227,37,83,15,45,87,210,193,90,174
227,38,15,114,162,167,44,234,80,14
227,39,220,72,244,252,183,61,92,36
228,0,55,177,152,217,242,20,60,31
228,1,42,191,70,117,52,153,84,105
228,2,198,230,110,228,157,87,76,3
228,3,155,197,234,16,63,215,18,218
228,4,169,239,137,63,30,194,1,93
228,5,225,187,6,91,66,5,181,118
228,6,92,70,136,9,235,108,25,123
228,7,77,84,161,243,220,212,63,0
228,8,252,124,236,45,230,248,47,227
228,9,80,242,163,4,96,216,162,220
228,10,15,103,117,140,253,200,153,204
228,11,146,240,35,212,113,65,68,246
228,12,37,55,47,72,172,217,183,179
228,13,196,193,48,100,213,62,8,23
228,14,174,237,79,33,15,227,13,152
228,15,7,40,211,18,10,118,5,43
228,16,226,21,199,83,154,82,222,206
228,17,12,240,55,206,190,174,138,31
228,18,210,70,4,231,238,178,198,148
228,19,60,46,185,5,230,245,126,251
228,20,45,47,236,13,248,230,7,101
228,21,242,163,80,89,220,96,133,190
228,22,15,253,117,140,103,200,30,0
228,23,190,116,68,59,212,146,151,208
228,24,47,179,37,72,172,183,115,236
228,25,196,48,155,100,213,246,193,23
228,26,174,237,79,15,89,13,150,227
228,27,7,211,40,10,5,118,186,43
228,28,226,21,82,230,222,206,83,199
228,29,49,12,55,240,78,190,174,206
228,30,70,4,210,231,148,238,36,209
228,31,60,185,126,46,230,251,18,159
228,32,109,248,144,176,126,86,243,92
228,33,102,250,68,185,176,3,38,36
228,34,249,80,227,238,255,28,44,173
228,35,44,161,148,49,136,98,217,190
228,36,147,79,227,37,42,21,39,139
228,37,196,214,83,193,87,15,210,7
228,38,132,87,52,15,167,114,162,14
228,39,251,66,220,127,252,61,44,175
229,0,17,209,128,52,234,247,178,53
229,1,52,166,183,109,56,144,163,243
229,2,241,150,230,110,139,86,92,51
229,3,155,234,63,246,66,215,180,7
229,4,239,169,63,93,194,82,149,30
229,5,225,115,187,181,6,52,116,54
229,6,92,70,123,136,115,9,108,253
229,7,161,84,77,243,131,220,0,212
229,8,236,252,230,45,124,7,227,248
229,9,163,80,242,231,213,216,162,133
229,10,15,103,200,253,117,140,153,30
229,11,68,212,146,190,116,65,142,240
229,12,37,183,170,72,172,217,45,234
229,13,196,193,48,100,62,213,23,8
229,14,237,174,79,15,227,33,89,251
229,15,40,10,118,7,211,22,135,5
229,16,226,21,199,90,222,129,8,206
229,17,12,240,55,49,138,31,174,206
229,18,210,70,4,231,178,198,109,238
229,19,60,46,185,5,155,126,58,230
229,20,236,13,45,248,230,7,181,134
229,21,242,163,80,89,220,16,133,162
229,22,15,253,216,140,0,30,103,117
229,23,190,116,68,212,151,113,59,238
229,24,172,183,37,234,179,72,7,236
229,25,48,196,246,23,100,193,213,62
229,26,174,237,13,89,79,15,227,141
229,27,7,211,40,118,10,186,135,248
229,28,226,21,230,206,82,90,199,78
229,29,12,49,55,31,240,174,78,190
229,30,231,210,4,70,36,148,238,178
229,31,60,185,58,126,71,159,46,38
229,32,176,126,86,243,162,179,146,94
229,33,97,3,199,38,36,250,6,181
229,34,109,173,146,70,238,255,47,28
229,35,131,161,98,49,217,123,148,4
229,36,116,42,147,227,234,139,130,32
229,37,87,139,84,228,210,78,193,83
229,38,167,14,114,15,157,215,162,3
229,39,61,252,220,158,254,224,165,72
230,0,171,117,226,96,185,128,187,90
230,1,206,183,96,40,230,209,13,117
230,2,241,242,51,26,176,160,235,35
230,3,170,246,192,122,234,221,76,255
230,4,119,239,60,82,55,8,105,123
230,5,225,181,6,66,187,92,194,142
230,6,16,92,123,27,115,3,108,9
230,7,84,161,243,220,77,131,0,1
230,8,45,248,124,7,236,230,112,252
230,9,239,242,163,80,178,231,181,19
230,10,15,163,103,200,140,153,253,107
230,11,18,130,142,212,68,116,190,113
230,12,67,37,172,95,183,170,219,173
230,13,196,200,193,48,62,100,246,8
230,14,174,237,79,38,15,33,227,251
230,15,240,118,40,211,7,10,103,135
230,16,226,21,199,222,8,90,211,241
230,17,55,31,240,12,138,206,232,155
230,18,210,4,70,231,238,178,36,109
230,19,185,5,46,58,155,251,70,179
230,20,236,45,13,248,230,112,181,250
230,21,242,80,163,162,89,239,91,178
230,22,15,163,254,239,174,67,140,103
230,23,190,18,101,130,68,240,6,212
230,24,172,37,61,183,179,236,72,170
230,25,196,23,246,62,193,48,88,249
230,26,13,174,237,79,15,141,89,192
230,27,211,7,240,186,118,214,40,10
230,28,226,83,21,231,129,222,128,241
230,29,55,31,12,240,236,174,138,190
230,30,36,210,4,231,70,6,178,238
230,31,58,185,60,126,159,5,71,46
230,32,17,176,126,194,89,243,190,94
230,33,214,23,3,199,94,38,185,248
230,34,70,173,187,47,188,146,19,58
230,35,131,161,80,98,217,123,4,196
230,36,253,0,116,42,139,130,8,41
230,37,84,87,139,164,220,95,228,83
230,38,167,157,114,14,15,136,22,162
230,39,16,145,61,252,220,254,23,62
231,0,20,217,55,152,223,50,250,12
231,1,153,117,42,245,105,98,48,221
231,2,115,193,178,5,228,56,201,95
231,3,197,234,66,215,247,16,0,18
231,4,30,180,169,63,93,82,73,137
231,5,187,66,225,252,181,81,98,168
231,6,115,123,245,202,178,25,48,114
231,7,84,217,77,167,1,220,16,202
231,8,45,124,68,7,242,236,252,230
231,9,163,231,242,80,196,133,16,14
231,10,31,15,117,153,159,103,200,140
231,11,190,94,109,212,59,250,103,230
231,12,170,72,37,107,217,219,234,172
231,13,48,196,122,124,100,156,191,193
231,14,79,174,237,235,251,89,141,33
231,15,135,118,22,43,7,211,186,40
231,16,226,211,90,21,193,167,123,122
231,17,31,12,213,235,190,173,205,240
231,18,210,231,70,142,190,151,237,17
231,19,38,46,5,155,245,185,99,1
231,20,236,13,45,230,181,242,43,248
231,21,163,89,80,242,231,213,190,196
231,22,216,31,15,159,117,107,200,239
231,23,151,190,109,94,59,212,201,250
231,24,128,172,183,234,7,219,250,72
231,25,48,23,19,97,196,246,163,171
231,26,174,237,89,13,79,57,15,141
231,27,7,211,186,40,118,135,240,22
231,28,226,212,193,82,21,196,128,199
231,29,12,88,55,240,61,31,213,174
231,30,210,50,162,231,70,4,151,148
231,31,126,185,46,159,5,58,155,99
231,32,85,179,176,126,243,125,167,246
231,33,162,104,3,248,56,132,38,139
231,34,44,70,195,146,240,143,238,140
231,35,161,131,191,148,98,236,217,67
231,36,42,116,39,115,139,79,202,37
231,37,87,83,210,45,27,228,196,139
231,38,167,114,15,162,157,14,119,44
231,39,220,61,252,179,79,251,223,244
232,0,51,49,153,22,85,247,227,119
232,1,169,232,223,84,117,177,184,210
232,2,16,4,242,26,69,183,146,22
232,3,98,97,27,160,238,240,146,53
232,4,167,14,30,65,82,181,240,201
232,5,235,67,66,6,82,72,181,191
232,6,245,123,136,115,167,129,131,1
232,7,44,161,220,1,84,217,95,250
232,8,33,124,7,45,13,248,201,68
232,9,132,163,231,190,14,98,4,89
232,10,248,216,15,253,140,168,103,117
232,11,20,36,212,103,113,216,151,230
232,12,217,7,234,95,154,170,183,70
232,13,33,48,100,142,196,156,29,41
232,14,174,147,79,237,89,251,141,235
232,15,118,240,120,22,135,7,40,186
232,16,226,156,90,211,21,179,13,206
232,17,110,12,31,205,240,55,90,190
232,18,210,112,231,70,128,238,190,4
232,19,46,120,185,5,155,126,245,179
232,20,236,33,13,45,248,43,230,181
232,21,242,132,80,163,89,162,231,4
232,22,15,248,140,253,239,174,200,117
232,23,36,20,190,101,28,212,68,94
232,24,172,183,37,250,179,61,170,72
232,25,33,48,196,142,23,246,163,62
232,26,174,147,15,237,141,79,13,89
232,27,211,7,186,118,40,10,240,43
232,28,226,156,21,199,212,231,128,206
232,29,110,12,55,31,240,169,174,138
232,30,210,112,128,231,4,70,36,149
232,31,185,120,126,159,58,46,251,12
232,32,238,113,126,158,176,243,62,91
232,33,41,73,248,3,232,38,185,199
232,34,97,70,34,161,140,146,171,47
232,35,161,131,236,98,39,99,4,217
232,36,49,42,181,202,116,139,11,152
232,37,83,87,15,45,210,174,220,84
232,38,167,15,162,114,157,80,234,44
232,39,244,220,61,183,72,252,92,250
233,0,177,78,186,20,217,27,55,242
233,1,117,245,1,42,182,143,189,84
233,2,228,76,16,244,78,230,193,157
233,3,16,234,155,63,240,242,185,66
233,4,169,63,137,93,194,239,232,126
233,5,225,181,187,66,115,92,139,142
233,6,19,136,92,235,9,3,108,70
233,7,161,243,77,84,220,131,202,150
233,8,124,236,248,230,47,227,252,13
233,9,80,231,242,96,163,91,4,162
233,10,140,15,253,161,200,109,7,30
233,11,238,68,190,212,208,113,163,6
233,12,47,115,37,172,183,234,95,61
233,13,155,142,48,196,246,163,193,253
233,14,174,141,237,79,227,15,220,251
233,15,118,10,40,108,211,7,212,135
233,16,226,10,21,90,180,241,8,199
233,17,31,12,55,90,205,206,245,138
233,18,210,231,70,109,36,189,112,243
233,19,185,126,46,58,60,5,155,1
233,20,236,45,13,230,250,248,134,47
233,21,80,242,163,162,89,91,74,231
233,22,15,140,200,30,0,254,103,107
233,23,190,238,212,68,116,94,240,6
233,24,172,47,183,37,115,234,236,61
233,25,246,48,196,23,88,193,136,163
233,26,174,13,89,141,227,79,237,15
233,27,7,10,211,118,40,178,214,215
233,28,10,226,21,206,230,19,83,90
233,29,126,31,55,49,12,169,174,3
233,30,18,36,112,70,210,231,4,238
233,31,55,126,185,58,60,18,155,87
233,32,58,248,126,243,176,62,190,195
233,33,176,133,248,12,38,3,137,199
233,34,80,255,249,15,70,212,146,223
233,35,161,131,8,121,77,217,106,219
233,36,21,42,138,17,228,106,116,224
233,37,214,244,83,119,144,110,87,92
233,38,177,182,156,24,141,195,222,161
233,39,127,66,142,83,209,105,226,53
234,0,193,17,38,156,87,132,8,15
234,1,182,56,143,202,252,52,195,109
234,2,185,78,244,228,47,119,55,5
234,3,16,155,234,66,97,23,63,58
234,4,169,93,239,63,194,51,137,166
234,5,225,187,115,181,66,6,35,75
234,6,19,70,9,92,253,29,136,25
234,7,84,161,243,77,202,220,157,130
234,8,47,236,124,230,227,252,181,0
234,9,80,242,163,162,91,4,216,181
234,10,15,140,253,103,161,107,204,254
234,11,212,190,238,68,116,240,6,146
234,12,115,172,37,183,72,95,61,234
234,13,196,48,193,163,207,191,246,174
234,14,174,79,237,141,13,152,192,89
234,15,211,118,7,40,10,135,178,240
234,16,226,21,211,90,199,8,154,123
234,17,55,49,12,31,206,240,138,205
234,18,210,231,70,36,109,238,243,4
234,19,60,185,126,58,46,70,5,155
234,20,236,45,13,250,230,248,252,47
234,21,80,242,163,89,91,162,74,220
234,22,15,140,0,103,200,254,253,67
234,23,190,238,116,212,68,59,6,240
234,24,172,183,115,234,37,250,236,95
234,25,48,196,246,23,193,136,88,100
234,26,89,174,13,237,79,227,141,15
234,27,7,10,118,40,211,248,214,43
234,28,226,21,230,206,83,90,199,8
234,29,31,55,49,12,174,3,205,240
234,30,36,210,231,70,4,112,238,178
234,31,185,58,126,60,18,71,155,46
234,32,120,126,86,176,248,243,58,190
234,33,250,133,97,3,36,38,176,199
234,34,255,249,212,80,238,146,47,70
234,35,49,121,131,77,161,176,217,148
234,36,21,228,227,147,42,138,116,17
234,37,244,214,87,83,53,119,144,89
234,38,24,156,182,197,177,141,236,157
234,39,226,83,127,209,66,252,251,61
235,0,52,17,234,58,209,84,194,255
235,1,56,52,182,195,109,3,143,202
235,2,185,78,244,76,139,5,118,55
235,3,155,234,66,63,215,51,18,175
235,4,169,239,149,63,93,194,164,203
235,5,225,181,187,115,213,5,117,91
235,6,19,9,136,70,92,201,253,3
235,7,161,77,84,131,243,220,146,202
235,8,124,236,13,230,252,227,181,0
235,9,80,163,231,242,162,216,4,225
235,10,15,200,140,103,124,107,97,67
235,11,212,94,240,10,68,116,65,42
235,12,219,107,172,234,125,133,183,173
235,13,48,30,181,41,82,110,193,161
235,14,251,37,79,89,235,157,73,186
235,15,118,135,84,22,9,239,142,250
235,16,74,211,90,8,226,123,167,249
235,17,31,235,205,230,213,17,232,201
235,18,135,21,17,222,9,231,142,165
235,19,106,38,155,151,111,175,46,42
235,20,201,13,236,190,207,88,28,48
235,21,231,89,192,163,105,43,49,237
235,22,160,159,81,85,200,143,73,31
235,23,94,80,10,212,17,240,147,115
235,24,219,234,65,121,107,133,35,46
235,25,48,30,124,41,51,10,163,148
235,26,251,235,89,168,157,141,174,98
235,27,118,135,236,101,209,84,43,245
235,28,226,8,90,206,199,123,167,241
235,29,31,169,12,138,55,90,240,174
235,30,36,210,231,70,4,178,109,112
235,31,126,58,185,155,46,182,5,18
235,32,126,176,195,243,190,146,94,86
235,33,97,199,248,12,3,38,181,185
235,34,47,146,212,255,19,70,90,28
235,35,131,161,49,217,123,98,100,220
235,36,116,42,127,234,227,147,32,139
235,37,87,139,84,83,102,7,228,45
235,38,167,14,15,157,114,162,215,66
235,39,252,61,220,165,158,79,15,168
236,0,117,171,185,226,128,187,96,90
236,1,206,96,183,13,40,117,209,230
236,2,9,242,213,78,206,125,202,55
236,3,170,192,255,122,221,247,234,111
236,4,119,239,55,8,60,244,82,123
236,5,225,181,194,187,92,142,6,221
236,6,16,19,92,9,27,3,136,115
236,7,84,161,243,77,220,202,146,131
236,8,236,124,112,248,45,230,13,252
236,9,80,242,163,239,231,162,19,178
236,10,15,163,140,103,200,107,30,253
236,11,130,18,212,238,68,116,190,142
236,12,172,115,183,234,37,95,219,67
236,13,48,200,196,193,163,142,207,191
236,14,174,79,237,141,152,89,192,251
236,15,118,135,240,211,22,7,40,10
236,16,226,90,211,8,222,241,21,123
236,17,31,55,12,205,240,232,36,90
236,18,231,210,70,36,109,238,189,4
236,19,185,58,46,126,155,70,1,5
236,20,236,13,250,45,248,163,134,215
236,21,242,80,162,89,91,52,163,239
236,22,15,254,163,67,140,200,239,103
236,23,18,190,6,101,130,212,68,240
236,24,172,183,61,37,236,36,72,173
236,25,88,48,193,196,23,136,246,200
236,26,79,13,174,141,89,237,227,15
236,27,7,214,211,118,10,186,40,43
236,28,226,83,129,19,8,231,90,206
236,29,31,55,232,240,236,12,174,169
236,30,36,231,4,210,70,6,178,122
236,31,58,185,126,71,155,233,60,159
236,32,17,126,176,89,194,190,243,199
236,33,199,214,94,3,23,38,185,248
236,34,187,47,146,70,54,19,188,58
236,35,131,161,123,217,98,100,219,196
236,36,116,127,0,42,253,32,139,8
236,37,139,87,84,220,102,83,164,90
236,38,14,167,15,22,157,114,162,86
236,39,145,252,61,16,220,15,79,23
237,0,47,177,103,60,152,222,89,214
237,1,153,197,155,5,70,165,42,117
237,2,228,42,193,201,157,115,186,126
237,3,234,16,197,63,215,40,23,66
237,4,169,30,178,194,1,63,166,115
237,5,181,225,187,30,75,116,139,228
237,6,189,25,17,115,27,70,29,146
237,7,84,130,220,202,166,115,77,150
237,8,236,250,248,124,47,134,45,183
237,9,80,242,163,91,162,34,32,16
237,10,109,15,254,146,103,67,200,140
237,11,240,146,190,212,6,37,68,197
237,12,172,72,47,61,234,50,107,173
237,13,193,88,0,136,253,207,196,122
237,14,174,141,79,13,227,237,192,152
237,15,118,211,7,10,178,214,40,112
237,16,226,82,8,21,90,123,19,83
237,17,55,31,12,206,164,36,232,169
237,18,116,210,231,209,36,70,238,46
237,19,58,185,55,247,47,126,155,144
237,20,236,47,250,134,13,45,248,0
237,21,80,163,91,162,242,89,52,220
237,22,254,146,15,67,200,103,19,30
237,23,197,212,190,37,68,146,59,6
237,24,172,183,157,234,47,72,128,37
237,25,0,48,136,88,23,19,70,161
237,26,89,174,227,141,13,79,144,218
237,27,7,10,214,118,178,112,136,40
237,28,226,82,83,206,19,212,193,128
237,29,31,19,55,164,169,88,3,12
237,30,36,209,70,151,50,210,162,4
237,31,219,58,126,18,185,55,37,47
237,32,144,126,248,26,190,179,57,28
237,33,199,12,176,250,38,248,68,185
237,34,249,143,80,146,44,47,48,109
237,35,121,131,44,176,114,161,100,123
237,36,79,138,21,42,116,147,17,37
237,37,196,214,110,87,83,240,127,139
237,38,156,149,141,87,132,52,14,15
237,39,66,251,209,136,83,252,61,144
238,0,52,209,220,17,159,240,156,128
238,1,91,155,2,68,187,197,70,104
238,2,215,144,85,186,90,200,202,190
238,3,40,234,63,16,66,72,174,12
238,4,169,206,30,189,3,194,166,1
238,5,187,77,225,139,64,181,48,30
238,6,57,9,189,27,219,25,4,150
238,7,84,223,83,130,146,38,95,150
238,8,236,124,13,248,230,250,36,252
238,9,163,80,242,162,43,34,16,4
238,10,15,19,140,103,200,254,107,146
238,11,212,190,240,94,68,197,37,6
238,12,172,234,107,183,72,115,133,217
238,13,48,207,193,196,163,30,122,174
238,14,174,79,237,141,152,89,227,251
238,15,118,135,10,22,40,211,186,7
238,16,226,211,90,193,8,82,21,123
238,17,12,31,169,205,90,164,55,3
238,18,210,231,151,70,21,109,36,239
238,19,46,185,155,58,126,245,1,179
238,20,13,236,45,43,248,124,89,134
238,21,89,163,162,242,80,231,16,105
238,22,216,15,200,30,140,103,107,19
238,23,212,190,94,197,136,68,201,240
238,24,128,234,172,183,115,52,7,133
238,25,48,97,19,41,23,163,100,30
238,26,174,89,141,227,171,218,15,237
238,27,118,10,7,186,40,84,211,234
238,28,226,193,206,82,196,90,212,199
238,29,88,12,169,164,61,205,3,21
238,30,50,210,162,70,149,109,189,231
238,31,185,126,251,46,155,159,18,58
238,32,125,179,126,86,131,104,91,144
238,33,234,248,38,104,132,162,3,102
238,34,240,44,28,238,140,171,70,48
238,35,148,190,161,236,220,131,100,67
238,36,142,227,147,39,115,42,202,116
238,37,78,27,193,87,83,45,15,169
238,38,215,15,119,169,114,80,167,157
238,39,158,231,244,220,72,179,61,252
239,0,229,249,196,123,216,7,105,242
239,1,225,118,117,231,244,27,93,155
239,2,103,163,4,162,100,227,17,145
239,3,133,187,234,235,152,31,84,231
239,4,13,142,102,30,167,236,222,251
239,5,104,6,186,5,193,181,253,90
239,6,167,153,9,27,201,62,245,189
239,7,146,83,29,202,210,1,23,84
239,8,234,89,7,207,236,201,28,13
239,9,231,29,94,105,164,13,163,162
239,10,130,216,169,200,97,140,103,85
239,11,212,189,94,197,161,107,95,10
239,12,234,63,107,26,133,172,35,128
239,13,43,30,41,147,97,48,70,156
239,14,157,124,89,251,141,42,79,199
239,15,118,84,81,239,22,236,135,9
239,16,5,226,196,211,90,206,8,249
239,17,205,250,61,172,3,76,31,90
239,18,21,189,50,57,179,187,211,210
239,19,181,130,155,185,46,109,205,66
239,20,234,13,236,207,43,252,184,124
239,21,231,89,29,105,94,164,163,80
239,22,130,169,35,200,85,7,97,140
239,23,212,189,94,95,107,197,42,161
239,24,234,63,74,26,219,133,15,172
239,25,43,147,48,30,41,163,152,181
239,26,89,141,174,124,32,20,157,42
239,27,84,118,81,200,239,234,88,236
239,28,206,226,5,249,133,167,90,9
239,29,205,172,50,169,250,76,3,12
239,30,189,187,179,210,211,70,21,81
239,31,185,251,155,130,46,126,181,106
239,32,98,131,91,126,99,186,134,243
239,33,248,183,38,238,232,73,126,3
239,34,171,84,207,180,101,96,70,34
239,35,236,145,100,153,20,161,98,57
239,36,181,42,120,70,202,211,139,11
239,37,31,190,83,58,45,87,143,210
239,38,71,148,92,15,95,114,162,44
239,39,2,69,189,38,220,213,61,217
240,0,165,57,56,32,127,66,106,110
240,1,117,118,73,112,242,84,132,161
240,2,238,234,255,80,121,133,243,10
240,3,171,55,234,214,70,73,254,219
240,4,118,74,254,242,138,30,122,244
240,5,249,5,169,161,118,181,24,116
240,6,27,201,183,189,50,9,164,104
240,7,77,146,56,210,83,202,84,0
240,8,236,181,120,234,230,13,201,252
240,9,231,148,105,80,43,96,217,163
240,10,200,97,46,24,140,107,161,192
240,11,93,197,210,212,94,195,10,164
240,12,234,172,233,219,173,107,183,133
240,13,181,48,163,41,207,241,30,70
240,14,213,141,15,79,227,42,237,174
240,15,118,10,236,239,84,212,43,234
240,16,226,8,206,90,129,199,123,147
240,17,205,169,138,3,90,31,232,36
240,18,210,109,189,21,231,183,135,70
240,19,46,185,1,181,129,196,155,5
240,20,236,13,252,230,190,134,120,43
240,21,231,163,89,148,242,80,105,162
240,22,200,24,140,46,97,7,35,15
240,23,212,210,93,197,94,95,240,10
240,24,234,183,233,219,133,172,173,155
240,25,48,22,163,181,41,23,193,152
240,26,141,15,174,79,227,213,89,42
240,27,118,10,203,84,186,212,43,40
240,28,226,206,211,181,8,199,90,237
240,29,169,12,205,3,104,138,174,90
240,30,210,189,149,70,190,109,231,211
240,31,185,251,126,46,155,179,159,199
240,32,48,91,246,126,221,243,102,201
240,33,248,38,96,121,107,224,28,205
240,34,208,175,171,95,64,70,220,67
240,35,236,85,2,94,20,161,99,98
240,36,202,195,246,67,42,152,139,117
240,37,83,161,60,43,174,45,87,56
240,38,201,234,44,15,39,9,30,163
240,39,246,1,92,250,215,183,220,125
241,0,122,127,63,111,188,172,202,84
241,1,117,198,118,255,42,29,85,111
241,2,234,238,15,23,80,110,169,230
241,3,55,116,214,234,171,20,245,126
241,4,12,74,215,71,30,228,118,254
241,5,169,249,5,253,225,181,118,170
241,6,235,73,42,183,166,27,90,142
241,7,56,210,240,220,83,146,84,1
241,8,13,207,252,65,186,45,236,248
241,9,239,96,231,105,148,13,163,80
241,10,24,46,161,114,140,97,200,218
241,11,114,210,195,130,93,41,156,212
241,12,234,35,155,173,183,219,172,132
241,13,48,22,168,38,41,241,163,30
241,14,174,141,235,213,89,227,180,79
241,15,118,44,186,84,135,120,239,10
241,16,226,211,90,147,241,180,206,167
241,17,205,90,31,197,12,232,3,36
241,18,231,210,189,21,70,149,142,109
241,19,185,179,126,46,155,181,58,216
241,20,236,13,43,120,45,163,248,65
241,21,162,239,231,89,242,80,96,105
241,22,7,24,140,15,97,200,239,46
241,23,114,94,190,210,212,195,240,250
241,24,172,132,7,233,133,183,173,35
241,25,22,48,23,30,163,249,41,124
241,26,141,235,89,15,174,199,241,227
241,27,44,186,118,239,135,203,7,10
241,28,226,211,90,241,167,8,206,119
241,29,12,90,169,31,240,205,218,3
241,30,210,149,231,70,189,109,190,165
241,31,185,126,179,71,46,251,91,155
241,32,221,246,62,243,176,91,126,201
241,33,121,248,96,107,58,38,28,3
241,34,208,81,95,70,64,56,171,173
241,35,196,236,161,2,98,94,20,85
241,36,195,0,202,246,42,152,211,139
241,37,161,60,174,87,83,45,43,220
241,38,234,201,15,9,39,30,157,44
241,39,250,1,246,92,23,183,220,125
242,0,242,234,84,186,144,152,155,2
242,1,49,221,178,29,126,79,42,8
242,2,110,230,234,150,201,23,94,15
242,3,234,155,15,215,156,214,116,202
242,4,71,94,30,12,25,37,63,169
242,5,253,115,187,75,52,116,225,169
242,6,142,235,50,95,42,126,201,73
242,7,4,243,202,83,146,210,77,84
242,8,43,207,201,124,252,236,28,13
242,9,231,96,14,163,145,105,196,234
242,10,7,31,9,85,1,218,114,97
242,11,153,116,250,190,94,114,103,240
242,12,132,172,7,133,170,35,173,107
242,13,48,207,41,38,22,191,30,124
242,14,141,235,79,251,199,152,174,89
242,15,186,118,44,135,103,239,22,230
242,16,226,90,186,78,21,167,188,211
242,17,12,31,90,206,240,7,197,232
242,18,231,210,165,70,238,188,162,142
242,19,71,179,91,38,119,46,185,245
242,20,236,13,43,201,45,163,181,215
242,21,14,96,242,162,196,89,145,231
242,22,0,31,51,246,7,15,239,114
242,23,15,153,190,116,94,114,208,250
242,24,7,132,172,133,65,35,155,95
242,25,48,22,249,124,30,18,51,38
242,26,141,152,235,199,89,15,251,218
242,27,186,44,239,118,248,209,103,211
242,28,21,226,90,241,78,222,186,99
242,29,12,240,206,90,7,173,31,236
242,30,231,165,238,70,210,149,69,189
242,31,38,71,179,60,185,28,68,155
242,32,195,176,86,146,174,62,246,201
242,33,97,75,6,37,36,94,248,116
242,34,206,212,173,70,187,28,90,54
242,35,40,161,49,201,196,236,126,131
242,36,0,234,145,210,147,8,116,42
242,37,84,220,87,95,83,193,37,145
242,38,157,244,44,75,39,15,22,114
242,39,23,61,254,220,16,145,125,62
243,0,181,82,251,107,39,255,246,245
243,1,40,53,184,183,96,206,210,39
243,2,112,160,94,183,136,205,101,200
243,3,53,111,14,65,229,138,119,183
243,4,180,156,71,60,216,25,82,7
243,5,174,253,35,194,19,98,81,54
243,6,108,172,178,25,174,16,123,1
243,7,243,4,219,228,146,84,210,253
243,8,68,43,236,207,38,228,7,248
243,9,14,196,231,105,242,19,163,80
243,10,68,15,140,246,239,7,31,85
243,11,64,250,190,240,207,94,21,212
243,12,172,132,107,12,170,106,95,36
243,13,164,230,48,207,122,41,200,191
243,14,152,235,141,199,79,251,174,192
243,15,186,118,120,241,44,230,239,22
243,16,226,222,241,78,90,167,122,21
243,17,31,12,90,26,232,240,180,114
243,18,231,55,70,210,149,238,162,214
243,19,179,237,71,185,5,126,198,216
243,20,236,163,43,13,215,68,112,45
243,21,242,162,196,80,52,231,19,10
243,22,15,239,68,7,31,140,181,246
243,23,207,64,190,101,240,6,212,94
243,24,172,57,12,233,132,36,173,133
243,25,164,48,249,163,23,200,128,229
243,26,141,152,15,199,89,251,235,174
243,27,186,241,239,118,209,211,7,44
243,28,241,226,21,222,90,149,78,8
243,29,240,26,206,90,12,31,232,128
243,30,231,238,70,55,165,149,210,189
243,31,237,179,60,185,71,38,216,155
243,32,224,176,197,62,199,243,206,171
243,33,179,201,156,117,12,38,3,248
243,34,49,217,70,173,28,47,90,213
243,35,224,40,161,214,255,100,236,131
243,36,24,57,255,239,116,42,210,114
243,37,50,87,14,83,147,102,37,241
243,38,157,146,44,244,39,114,86,15
243,39,177,13,85,61,220,62,125,181
244,0,109,2,177,152,24,115,41,31
244,1,56,236,52,42,226,109,203,90
244,2,150,221,157,193,86,94,230,5
244,3,234,155,66,63,44,58,156,61
244,4,149,243,30,169,166,93,137,194
244,5,213,115,225,35,75,187,66,5
244,6,108,82,25,1,123,149,172,104
244,7,1,219,167,77,146,84,130,220
244,8,236,124,68,43,60,7,248,134
244,9,80,162,4,242,145,10,14,196
244,10,15,140,239,117,17,30,107,209
244,11,190,240,216,208,207,212,6,209
244,12,172,166,233,72,95,37,217,66
244,13,230,163,193,48,207,128,174,53
244,14,141,152,79,199,15,237,192,227
244,15,186,212,211,7,118,142,18,43
244,16,21,226,241,222,90,122,128,154
244,17,31,12,206,90,240,232,190,36
244,18,231,210,149,238,70,189,157,109
244,19,185,126,179,237,206,60,58,198
244,20,236,43,163,215,13,248,45,242
244,21,242,162,80,10,196,89,190,74
244,22,15,140,239,117,107,30,17,97
244,23,190,208,209,207,212,240,8,6
244,24,172,166,233,210,7,173,183,133
244,25,48,230,163,128,23,249,155,53
244,26,15,141,152,199,76,174,89,192
244,27,186,212,211,7,38,234,118,142
244,28,21,241,226,138,222,20,128,206
244,29,90,78,240,206,12,31,3,224
244,30,231,149,70,238,55,210,189,36
244,31,60,185,179,237,198,251,216,126
244,32,120,162,176,197,14,91,243,62
244,33,103,179,201,38,12,250,248,54
244,34,227,94,28,11,47,90,70,206
244,35,236,201,100,214,40,161,255,20
244,36,11,24,57,48,42,114,116,223
244,37,87,14,83,162,147,158,241,210
244,38,157,39,44,244,114,15,14,250
244,39,61,77,220,177,62,13,181,224
245,0,55,178,31,217,177,175,103,152
245,1,206,236,42,10,117,49,44,105
245,2,242,235,252,9,202,183,160,94
245,3,192,247,234,66,197,213,63,111
245,4,243,44,30,169,180,40,93,82
245,5,115,5,225,35,81,187,66,93
245,6,108,172,25,49,9,245,123,115
245,7,167,1,84,146,238,246,95,77
245,8,236,252,124,68,43,242,227,60
245,9,231,162,80,4,242,196,10,14
245,10,15,140,216,239,97,107,209,30
245,11,190,212,240,59,68,207,151,94
245,12,233,210,172,231,183,217,95,107
245,13,48,163,128,230,53,207,195,156
245,14,141,152,79,15,199,218,237,227
245,15,186,212,142,211,118,22,7,43
245,16,241,21,226,122,222,90,167,128
245,17,90,240,31,206,12,114,224,78
245,18,231,149,70,238,210,189,109,157
245,19,185,126,179,71,216,58,198,155
245,20,236,163,215,242,13,43,248,45
245,21,242,162,80,196,89,219,244,10
245,22,15,140,97,239,216,181,30,200
245,23,207,190,151,212,85,208,8,6
245,24,172,233,7,183,231,210,132,133
245,25,48,128,163,230,249,155,192,174
245,26,141,15,152,76,199,192,89,235
245,27,186,212,118,211,142,209,230,234
245,28,241,21,226,190,222,90,78,167
245,29,90,31,240,12,224,78,232,128
245,30,231,70,238,149,165,189,210,243
245,31,179,71,185,43,216,38,60,198
245,32,176,76,85,243,57,91,46,18
245,33,102,56,248,11,38,3,95,12
245,34,206,47,72,94,173,19,28,146
245,35,201,40,255,161,131,100,123,185
245,36,42,116,250,114,139,79,147,210
245,37,87,84,102,126,95,210,83,129
245,38,157,114,244,39,15,75,167,14
245,39,146,61,165,220,254,14,172,118
246,0,96,226,247,80,171,90,107,243
246,1,236,104,90,169,77,180,12,2
246,2,44,254,131,227,242,45,50,160
246,3,221,188,122,2,170,247,111,192
246,4,105,119,60,82,180,30,20,181
246,5,61,35,225,81,93,66,19,194
246,6,16,172,49,108,123,245,115,1
246,7,1,84,167,219,41,17,146,232
246,8,112,68,207,236,124,242,43,252
246,9,206,14,231,19,80,242,162,145
246,10,140,15,229,97,216,239,200,163
246,11,18,190,207,212,68,240,130,250
246,12,233,106,172,231,12,183,67,217
246,13,200,48,163,128,156,193,207,195
246,14,141,235,152,199,227,79,89,218
246,15,241,186,118,212,44,222,10,142
246,16,241,226,222,90,21,30,8,78
246,17,31,90,12,128,232,240,180,102
246,18,231,149,109,189,210,70,238,6
246,19,185,179,126,71,198,58,5,151
246,20,236,163,43,112,215,13,248,45
246,21,242,162,196,80,206,89,244,52
246,22,15,239,97,181,163,140,200,107
246,23,18,190,207,101,212,240,6,94
246,24,172,233,36,183,66,67,231,57
246,25,48,249,200,163,128,241,122,23
246,26,141,152,15,199,89,76,38,192
246,27,186,241,118,209,212,239,10,7
246,28,222,241,226,149,21,8,90,30
246,29,240,90,31,236,232,128,155,12
246,30,231,6,70,149,238,189,36,165
246,31,179,185,71,216,43,60,155,38
246,32,89,176,199,194,17,243,126,174
246,33,214,94,23,38,248,68,12,3
246,34,206,187,47,54,173,19,182,70
246,35,40,201,131,255,100,161,123,7
246,36,253,0,8,42,116,250,139,210
246,37,84,87,220,164,102,95,45,83
246,38,157,244,75,22,136,39,14,114
246,39,145,61,16,220,254,23,146,62
247,0,181,82,107,251,255,221,83,39
247,1,131,89,166,9,175,117,31,237
247,2,211,44,131,209,9,105,26,53
247,3,111,21,3,105,76,45,242,127
247,4,82,133,20,184,19,39,145,191
247,5,174,142,35,5,200,252,225,106
247,6,108,104,9,129,16,86,27,50
247,7,146,94,195,130,189,84,17,219
247,8,236,68,43,227,248,124,252,60
247,9,111,162,196,231,242,80,43,105
247,10,68,140,181,97,239,15,128,85
247,11,64,240,190,94,110,216,212,115
247,12,231,172,107,66,233,57,36,133
247,13,164,230,207,41,48,156,30,122
247,14,152,199,141,235,251,89,227,42
247,15,186,222,118,241,239,44,216,84
247,16,241,222,6,226,90,30,224,179
247,17,26,90,180,12,232,128,31,189
247,18,231,55,149,70,109,235,189,157
247,19,237,185,216,126,179,206,198,210
247,20,236,163,215,43,13,68,211,248
247,21,242,162,244,89,196,52,111,80
247,22,68,15,181,239,140,97,168,107
247,23,64,190,207,212,240,131,101,94
247,24,172,233,57,36,231,183,230,66
247,25,249,164,48,200,207,128,241,163
247,26,152,141,15,89,199,1,76,192
247,27,186,209,118,241,239,7,252,22
247,28,241,222,30,21,226,149,90,8
247,29,26,240,232,90,31,128,3,206
247,30,55,231,70,149,238,235,165,36
247,31,237,179,216,185,60,18,43,198
247,32,224,176,197,199,89,171,243,126
247,33,201,179,156,38,12,248,117,3
247,34,49,217,47,28,213,235,173,146
247,35,40,224,255,201,131,161,247,100
247,36,255,24,57,116,210,42,25,114
247,37,87,50,102,14,158,221,83,37
247,38,157,146,244,75,39,15,114,14
247,39,85,13,177,61,220,62,14,52
248,0,55,109,152,24,47,81,177,151
248,1,226,42,236,60,70,105,22,74
248,2,211,3,193,221,44,5,131,115
248,3,234,243,66,0,111,247,242,44
248,4,30,243,178,169,82,137,180,1
248,5,252,5,16,232,91,82,35,75
248,6,108,104,48,9,129,172,123,174
248,7,38,1,146,95,219,17,228,77
248,8,236,68,43,88,252,183,124,201
248,9,196,242,162,111,80,52,43,4
248,10,15,181,140,239,85,7,146,154
248,11,190,212,37,240,94,2,6,201
248,12,172,233,57,133,107,61,183,230
248,13,19,48,207,163,174,53,110,128
248,14,152,141,79,192,235,237,15,251
248,15,186,118,211,22,239,142,230,44
248,16,226,241,222,53,90,224,21,167
248,17,240,31,62,90,214,12,180,36
248,18,231,70,165,238,149,189,210,222
248,19,179,71,185,5,58,247,198,216
248,20,236,68,13,181,163,43,201,215
248,21,242,196,162,52,89,10,80,14
248,22,216,15,239,146,128,181,7,154
248,23,201,190,231,212,154,59,94,37
248,24,172,7,128,233,132,57,11,12
248,25,48,230,19,23,81,30,156,51
248,26,141,15,152,203,218,89,251,192
248,27,186,239,211,44,142,118,22,212
248,28,193,21,82,90,99,226,224,241
248,29,88,61,62,173,240,90,12,7
248,30,50,231,165,162,70,238,149,63
248,31,38,179,185,18,71,68,28,126
248,32,86,179,176,246,144,62,18,131
248,33,104,68,139,132,36,162,84,6
248,34,44,28,94,238,48,206,173,240
248,35,148,190,161,74,117,236,255,20
248,36,39,227,79,115,147,44,202,116
248,37,27,87,78,193,56,83,15,95
248,38,157,215,244,75,15,114,119,39
248,39,158,44,220,61,251,72,254,75
249,0,113,166,97,142,205,123,150,213
249,1,34,26,187,59,118,117,132,199
249,2,146,162,90,103,26,70,14,4
249,3,211,146,31,46,135,37,84,142
249,4,161,167,65,30,14,13,82,16
249,5,104,161,253,235,6,5,186,10
249,6,167,178,123,108,9,172,174,142
249,7,91,29,210,4,83,23,228,84
249,8,33,207,43,45,236,13,252,88
249,9,39,231,94,145,29,14,13,163
249,10,7,140,216,15,130,85,31,1
249,11,20,190,250,103,94,212,36,2
249,12,7,172,132,183,170,233,173,26
249,13,48,43,33,207,191,41,22,163
249,14,141,199,237,235,79,251,169,147
249,15,65,186,44,22,142,211,118,135
249,16,226,188,196,90,21,186,167,237
249,17,61,90,12,31,50,7,172,240
249,18,148,231,187,70,50,165,210,238
249,19,130,119,71,68,178,179,5,111
249,20,33,201,13,236,88,124,4,43
249,21,39,145,14,89,94,29,105,196
249,22,51,7,130,216,140,15,31,114
249,23,20,94,236,250,95,103,212,190
249,24,132,7,172,63,26,133,65,128
249,25,48,22,43,41,23,30,18,97
249,26,141,15,251,89,147,227,199,218
249,27,65,239,186,44,118,211,212,84
249,28,226,156,196,99,188,90,241,212
249,29,90,12,61,172,7,169,240,50
249,30,148,149,210,231,70,187,81,189
249,31,130,179,185,120,126,68,155,91
249,32,99,113,246,238,131,62,176,201
249,33,190,232,248,104,41,38,3,107
249,34,161,97,88,34,70,56,171,206
249,35,236,145,161,2,39,20,74,218
249,36,207,202,49,42,246,39,120,152
249,37,83,161,87,60,174,190,45,15
249,38,234,71,157,39,44,9,15,80
249,39,183,92,69,244,220,72,250,125
250,0,2,234,41,242,152,27,177,94
250,1,5,197,191,155,165,208,179,118
250,2,110,198,230,150,86,215,76,92
250,3,155,234,66,63,7,215,218,18
250,4,239,169,30,149,204,166,93,94
250,5,115,225,35,187,75,181,133,98
250,6,108,19,123,136,92,9,3,114
250,7,243,161,84,91,77,2,212,250
250,8,236,124,252,45,43,248,7,181
250,9,163,4,231,80,162,145,242,190
250,10,253,140,15,161,97,239,117,200
250,11,190,116,212,103,208,142,8,21
250,12,95,172,55,72,115,173,231,183
250,13,163,48,22,207,100,196,53,249
250,14,141,199,174,79,15,235,227,237
250,15,186,118,22,211,142,44,7,123
250,16,21,226,180,222,241,90,128,122
250,17,206,12,49,90,31,240,190,50
250,18,210,148,231,238,70,149,189,21
250,19,185,71,60,126,179,46,91,70
250,20,236,45,13,7,43,154,248,181
250,21,242,162,80,163,190,89,10,74
250,22,140,253,15,0,97,239,30,200
250,23,190,116,208,212,15,238,103,8
250,24,172,173,132,7,183,95,37,233
250,25,48,163,22,23,155,207,249,128
250,26,141,199,15,220,174,93,237,89
250,27,186,7,239,118,211,142,212,38
250,28,21,226,230,222,212,241,206,224
250,29,49,90,12,206,240,3,7,169
250,30,231,149,70,148,210,189,238,165
250,31,60,185,179,38,71,126,251,28
250,32,86,176,91,246,62,243,120,126
250,33,181,36,248,97,250,38,162,104
250,34,255,90,28,109,238,212,206,44
250,35,49,161,148,40,190,100,201,98
250,36,147,227,42,234,39,116,223,114
250,37,87,193,27,83,78,15,45,210
250,38,157,215,15,44,114,39,167,162
250,39,158,220,61,72,224,15,125,89
251,0,96,117,226,185,242,187,133,171
251,1,206,96,230,209,183,13,157,40
251,2,215,242,160,35,85,213,250,75
251,3,170,122,247,216,14,192,227,111
251,4,239,60,8,119,82,55,105,139
251,5,35,225,6,114,5,187,194,81
251,6,16,108,3,123,92,9,114,136
251,7,243,161,84,1,146,17,2,210
251,8,236,248,112,124,7,45,35,252
251,9,19,178,242,4,162,196,10,190
251,10,163,15,140,253,161,239,158,229
251,11,18,190,212,116,142,130,8,103
251,12,172,67,95,66,233,7,115,132
251,13,200,48,163,22,249,207,41,174
251,14,141,38,199,174,42,152,79,15
251,15,186,103,118,22,211,241,44,209
251,16,226,222,21,241,90,78,179,122
251,17,90,12,31,155,206,240,236,232
251,18,231,149,70,238,6,210,189,109
251,19,185,179,71,151,126,70,58,198
251,20,236,163,112,13,43,45,248,181
251,21,242,162,196,19,178,52,80,89
251,22,163,15,239,140,97,31,253,107
251,23,101,18,190,212,6,238,130,240
251,24,172,67,173,57,233,46,61,183
251,25,48,249,163,128,200,174,207,23
251,26,141,152,15,38,199,89,174,192
251,27,186,118,7,103,211,209,241,38
251,28,222,226,21,241,8,231,179,122
251,29,240,90,236,31,155,12,206,3
251,30,231,6,70,238,149,210,36,189
251,31,179,60,185,71,43,38,251,216
251,32,17,176,89,194,243,199,126,91
251,33,214,94,23,12,38,248,117,3
251,34,206,47,187,58,54,19,70,173
251,35,40,131,100,201,161,123,255,217
251,36,0,253,42,116,223,8,57,25
251,37,87,84,220,102,164,83,37,221
251,38,157,244,14,22,39,15,114,75
251,39,145,61,220,16,23,62,15,14
252,0,55,177,152,178,217,224,31,12
252,1,153,70,42,98,105,117,245,48
252,2,71,5,3,193,115,194,254,56
252,3,234,16,61,44,247,215,63,243
252,4,82,137,169,30,204,180,1,178
252,5,35,82,187,5,81,16,48,133
252,6,108,57,9,104,1,123,172,25
252,7,223,38,146,95,246,219,1,84
252,8,236,68,43,124,252,248,183,154
252,9,4,162,196,242,10,190,80,111
252,10,15,19,239,140,181,107,146,158
252,11,190,212,240,6,2,37,59,68
252,12,172,233,57,66,231,234,183,22
252,13,174,207,48,163,128,249,193,253
252,14,141,152,174,15,199,42,192,79
252,15,186,7,118,234,212,209,211,22
252,16,241,226,222,227,82,21,128,206
252,17,164,90,240,12,3,31,206,232
252,18,231,70,149,189,210,238,151,109
252,19,185,179,43,71,126,85,198,251
252,20,236,163,13,215,43,11,12,248
252,21,242,10,196,162,89,190,4,52
252,22,19,15,216,239,140,146,168,181
252,23,212,190,59,201,218,197,37,8
252,24,7,172,128,233,57,46,205,183
252,25,48,249,23,19,163,156,128,207
252,26,141,152,89,199,15,218,235,174
252,27,186,33,239,118,22,38,142,209
252,28,212,222,241,167,226,224,178,21
252,29,164,88,90,240,173,12,7,224
252,30,231,70,149,50,63,148,162,238
252,31,38,179,43,185,28,216,60,198
252,32,176,179,18,86,246,109,62,57
252,33,234,11,162,104,38,248,68,151
252,34,240,44,206,173,28,238,48,72
252,35,148,190,40,161,20,74,185,201
252,36,39,142,202,227,147,49,115,114
252,37,95,27,193,87,15,83,78,186
252,38,157,44,75,215,80,39,114,88
252,39,158,244,72,254,61,36,220,183
253,0,51,49,153,22,146,85,227,119
253,1,169,232,223,117,84,156,177,77
253,2,16,249,59,146,242,50,54,226
253,3,98,146,27,97,160,238,212,135
253,4,167,14,82,65,30,181,201,240
253,5,67,235,82,6,224,35,66,142
253,6,108,9,167,136,172,215,123,1
253,7,44,161,146,84,1,95,220,210
253,8,33,7,236,124,248,45,68,201
253,9,132,190,14,4,145,162,98,196
253,10,248,253,216,15,140,239,7,158
253,11,36,20,212,190,101,8,250,2
253,12,7,172,217,160,154,183,231,234
253,13,33,48,142,22,41,207,29,100
253,14,147,141,199,79,174,15,42,235
253,15,166,186,22,118,211,44,9,142
253,16,226,156,90,241,222,167,122,21
253,17,110,12,31,90,240,232,190,206
253,18,231,112,128,210,70,189,238,149
253,19,120,179,185,58,71,126,5,12
253,20,236,33,43,163,13,215,45,181
253,21,242,132,162,196,80,52,89,163
253,22,248,15,140,239,31,97,158,254
253,23,36,190,20,101,212,94,6,240
253,24,172,173,183,233,61,170,107,37
253,25,48,33,249,142,163,23,196,246
253,26,141,147,15,199,152,174,79,251
253,27,186,211,118,239,7,234,22,212
253,28,226,222,156,212,21,241,8,128
253,29,240,110,12,31,90,206,50,224
253,30,231,128,210,112,70,149,238,36
253,31,179,185,120,12,159,58,251,126
253,32,238,176,113,158,243,62,91,194
253,33,73,41,3,248,232,12,38,244
253,34,97,34,161,70,47,56,173,64
253,35,161,131,236,98,201,4,100,99
253,36,49,181,202,116,42,139,114,193
253,37,87,83,84,174,15,161,220,45
253,38,157,234,114,167,44,15,75,9
253,39,220,61,72,183,92,244,145,250
254,0,2,242,152,234,41,177,55,20
254,1,150,27,231,35,153,42,105,70
254,2,76,139,230,110,16,157,150,193
254,3,155,234,66,63,156,243,218,18
254,4,30,239,169,149,93,82,164,94
254,5,225,115,66,5,213,187,35,52
254,6,19,108,136,123,92,9,104,94
254,7,161,243,84,77,146,1,95,210
254,8,236,124,43,45,201,13,181,248
254,9,242,4,196,80,162,133,231,145
254,10,15,140,117,239,31,253,7,200
254,11,190,212,240,116,238,6,208,216
254,12,115,172,36,72,166,55,95,233
254,13,249,48,163,155,207,41,241,193
254,14,79,152,174,141,237,172,171,199
254,15,186,211,22,7,18,118,212,44
254,16,226,21,222,154,241,128,224,122
254,17,240,49,12,206,31,90,126,224
254,18,231,210,70,238,149,189,165,36
254,19,60,185,5,179,126,58,91,198
254,20,236,215,163,248,45,13,255,101
254,21,242,80,196,52,89,4,182,133
254,22,15,140,239,0,146,67,161,153
254,23,190,238,212,116,6,37,240,59
254,24,172,115,183,166,46,36,170,227
254,25,249,155,48,241,23,163,174,246
254,26,152,141,79,192,172,15,237,199
254,27,211,186,7,43,248,118,18,10
254,28,226,230,222,21,56,138,179,8
254,29,240,49,31,128,90,169,12,206
254,30,231,210,70,112,238,149,165,36
254,31,60,43,185,179,159,71,126,38
254,32,176,86,245,62,243,162,126,146
254,33,36,103,97,3,250,38,248,181
254,34,255,109,238,90,47,227,212,28
254,35,161,63,49,40,148,190,131,201
254,36,147,227,116,42,39,48,234,92
254,37,87,193,83,78,27,15,102,162
254,38,157,75,215,15,114,14,167,44
254,39,158,220,61,224,72,254,77,252
255,0,117,185,226,96,242,171,187,128
255,1,206,13,183,166,96,230,117,223
255,2,35,160,224,9,61,148,107,242
255,3,170,138,122,239,14,247,192,221
255,4,82,239,8,55,139,119,60,30
255,5,114,66,6,225,35,142,5,217
255,6,16,123,19,108,3,92,136,114
255,7,161,243,84,1,146,210,220,101
255,8,236,43,7,35,248,112,124,216
255,9,178,4,19,162,242,145,196,80
255,10,15,140,163,239,7,158,107,30
255,11,18,190,212,216,116,8,103,113
255,12,67,172,115,95,72,7,183,133
255,13,249,200,48,163,41,156,241,23
255,14,79,38,152,174,141,251,42,192
255,15,211,103,186,7,22,120,118,142
255,16,226,21,212,222,179,122,241,224
255,17,240,155,31,12,90,206,50,36
255,18,231,210,70,6,238,162,149,235
255,19,5,58,198,151,179,126,185,71
255,20,236,112,216,215,163,13,248,183
255,21,242,178,196,52,19,89,162,10
255,22,15,163,239,140,168,107,31,85
255,23,18,238,207,6,190,101,212,142
255,24,172,46,67,36,183,107,115,72
255,25,249,48,241,200,23,70,124,163
255,26,152,172,38,79,89,192,141,218
255,27,211,186,7,103,118,209,22,43
255,28,222,179,226,21,241,90,231,122
255,29,240,31,236,90,155,173,232,102
255,30,231,70,6,238,165,210,36,235
255,31,60,71,43,179,38,185,40,216
255,32,176,17,89,194,199,245,43,243
255,33,94,214,23,117,12,3,38,185
255,34,47,187,70,58,19,54,235,34
255,35,40,63,161,131,201,255,123,4
255,36,116,0,253,57,42,239,225,139
255,37,84,87,102,83,220,164,221,37
255,38,157,75,14,15,244,22,167,44
255,39,145,61,254,16,220,62,23,15
256,0,47,222,55,203,152,195,160,12
256,1,153,70,72,98,42,117,105,173
256,2,5,194,193,115,81,13,56,3
256,3,234,197,243,245,16,138,63,247
256,4,30,137,82,169,180,178,204,189
256,5,82,30,5,75,91,225,187,48
256,6,108,9,104,243,201,25,123,32
256,7,146,84,95,38,121,130,77,150
256,8,236,43,183,68,211,215,124,46
256,9,111,242,162,196,231,213,43,80
256,10,15,239,181,140,97,200,146,107
256,11,240,190,212,6,37,94,205,216
256,12,172,36,66,115,72,46,217,107
256,13,249,241,207,48,110,163,193,253
256,14,152,79,141,172,174,192,171,199
256,15,186,211,7,118,22,209,135,142
256,16,226,222,241,82,90,21,224,8
256,17,31,240,12,206,90,19,232,224
256,18,231,210,70,219,149,151,189,238
256,19,185,247,179,99,43,58,5,126
256,20,236,215,13,163,248,45,43,58
256,21,242,52,196,89,162,80,190,182
256,22,15,146,239,216,67,168,140,181
256,23,37,212,201,190,136,197,240,6
256,24,115,172,128,46,183,36,7,72
256,25,249,241,48,23,19,41,97,163
256,26,172,171,152,141,89,79,192,218
256,27,186,211,118,43,7,209,239,10
256,28,193,222,226,179,224,241,90,82
256,29,88,19,240,31,173,119,61,90
256,30,231,50,162,209,210,70,238,63
256,31,38,249,99,179,43,185,60,126
256,32,176,179,86,144,125,243,246,85
256,33,185,104,139,102,132,3,248,11
256,34,44,143,249,195,173,47,48,240
256,35,117,185,148,190,63,161,40,74
256,36,79,37,39,116,115,44,42,227
256,37,196,87,27,83,102,78,162,9
256,38,132,157,75,15,114,167,119,215
256,39,44,220,99,61,66,254,75,77
257,0,113,166,142,97,150,205,215,213
257,1,34,26,59,187,199,118,104,132
257,2,59,103,210,162,4,163,17,146
257,3,146,211,46,31,37,135,84,142
257,4,161,167,30,65,131,14,13,67
257,5,224,104,161,186,6,253,10,5
257,6,54,167,123,108,9,174,178,1
257,7,91,29,146,210,23,1,83,77
257,8,33,89,236,7,134,207,248,43
257,9,39,94,231,29,13,162,145,105
257,10,140,130,31,7,85,15,248,216
257,11,20,136,212,94,190,250,216,103
257,12,7,172,107,183,63,26,217,170
257,13,48,43,41,191,30,23,156,207
257,14,79,251,141,237,235,199,169,124
257,15,22,65,186,142,44,118,135,81
257,16,167,90,226,196,211,186,21,188
257,17,61,50,7,31,172,12,213,90
257,18,187,50,57,190,70,246,210,165
257,19,130,119,68,111,178,71,155,102
257,20,201,33,13,88,124,236,4,28
257,21,39,145,89,94,29,231,105,163
257,22,130,31,51,7,216,15,140,143
257,23,20,94,136,212,250,103,95,28
257,24,7,132,128,63,26,65,205,172
257,25,48,18,43,41,23,30,22,97
257,26,141,251,89,169,203,241,42,101
257,27,65,239,186,44,118,142,84,22
257,28,90,99,226,196,249,188,186,21
257,29,61,7,90,12,172,169,50,119
257,30,148,70,210,50,165,81,189,149
257,31,130,185,179,68,38,181,155,91
257,32,246,99,131,113,62,86,238,91
257,33,190,104,232,248,38,58,116,3
257,34,88,161,34,97,56,70,62,171
257,35,145,39,74,236,161,99,190,2
257,36,207,202,49,39,211,227,246,152
257,37,27,174,60,161,15,83,193,135
257,38,234,44,71,30,9,80,126,15
257,39,72,92,183,244,69,250,125,220
258,0,66,46,22,106,6,218,110,157
258,1,112,117,118,223,191,250,42,86
258,2,198,22,59,87,121,10,108,133
258,3,146,214,202,234,76,177,194,31
258,4,118,30,122,167,242,67,65,54
258,5,67,10,100,254,161,253,224,5
258,6,167,54,142,178,245,122,123,114
258,7,242,44,210,91,1,4,10,2
258,8,33,113,207,212,7,13,57,89
258,9,240,217,94,13,145,156,14,132
258,10,62,114,51,253,161,31,1,171
258,11,49,203,20,195,236,36,238,250
258,12,7,132,26,155,63,35,56,234
258,13,142,48,18,72,76,41,33,124
258,14,241,169,251,141,174,79,42,235
258,15,96,118,22,135,186,142,84,211
258,16,237,186,90,226,167,188,119,211
258,17,12,90,50,31,240,205,7,61
258,18,70,210,190,231,215,187,149,246
258,19,46,119,5,178,126,185,179,120
258,20,33,13,113,201,236,124,45,43
258,21,240,163,231,89,105,145,14,217
258,22,51,62,253,15,31,140,114,7
258,23,49,20,94,203,190,250,42,236
258,24,132,7,183,133,219,155,173,234
258,25,48,142,18,72,23,30,51,163
258,26,241,141,174,251,89,199,220,169
258,27,186,118,142,211,239,84,22,7
258,28,226,237,99,21,119,186,90,188
258,29,12,110,90,7,169,50,205,240
258,30,210,70,149,109,189,81,112,187
258,31,120,185,126,46,91,68,225,155
258,32,238,96,116,62,201,91,243,246
258,33,232,182,58,248,73,107,224,38
258,34,205,161,34,97,180,171,9,64
258,35,145,153,236,161,132,99,20,2
258,36,202,181,246,152,195,49,117,42
258,37,60,161,174,83,15,31,43,193
258,38,234,44,201,15,126,30,9,162
258,39,72,183,92,9,1,250,125,220
259,0,165,57,110,56,59,127,9,221
259,1,79,189,117,227,63,157,137,73
259,2,108,234,134,238,127,0,64,132
259,3,194,171,70,55,76,134,143,189
259,4,254,74,242,138,122,17,244,30
259,5,249,169,24,5,100,10,97,11
259,6,19,166,42,90,96,73,198,28
259,7,242,56,44,210,77,1,66,84
259,8,236,181,252,248,201,120,216,230
259,9,231,148,217,96,43,80,163,105
259,10,24,200,46,97,140,107,15,254
259,11,197,210,212,93,94,238,68,10
259,12,172,234,183,107,173,35,7,233
259,13,72,48,41,84,82,30,181,23
259,14,141,79,237,251,15,213,174,42
259,15,118,10,186,236,22,239,135,84
259,16,226,186,90,241,123,206,237,211
259,17,12,90,31,205,169,232,240,3
259,18,210,231,70,149,109,189,21,47
259,19,46,185,5,126,181,1,155,159
259,20,236,230,252,13,45,120,43,255
259,21,163,231,242,89,105,80,148,74
259,22,200,24,140,15,7,51,107,30
259,23,190,212,93,210,95,94,197,240
259,24,183,233,132,173,234,7,219,172
259,25,48,23,72,163,41,30,246,213
259,26,15,141,79,227,237,174,199,42
259,27,186,118,211,10,203,212,84,239
259,28,226,186,237,206,90,211,128,21
259,29,12,90,214,104,169,240,3,206
259,30,210,149,188,109,189,70,231,190
259,31,199,185,126,71,46,120,225,159
259,32,48,221,102,201,62,91,243,246
259,33,96,107,121,248,224,58,38,151
259,34,95,208,175,64,56,171,34,70
259,35,85,236,94,2,20,161,99,98
259,36,202,195,246,152,117,139,42,67
259,37,161,60,83,174,43,45,135,87
259,38,234,201,44,9,30,126,15,39
259,39,246,1,92,250,215,183,220,125
260,0,242,234,122,111,186,84,188,144
260,1,255,198,117,111,3,29,42,118
260,2,234,15,150,230,238,136,110,108
260,3,194,214,116,202,155,234,55,156
260,4,71,30,12,94,112,216,194,164
260,5,169,18,249,5,253,115,75,187
260,6,166,73,19,42,235,136,170,142
260,7,242,4,56,210,84,1,40,161
260,8,120,207,65,201,124,88,43,103
260,9,14,96,145,231,105,163,5,80
260,10,7,24,114,46,218,31,51,140
260,11,114,250,238,210,93,153,95,49
260,12,206,7,132,95,183,155,234,172
260,13,72,38,48,142,18,191,23,41
260,14,241,141,174,169,251,237,79,42
260,15,96,118,22,186,211,7,142,135
260,16,186,237,226,90,167,180,188,21
260,17,12,90,197,157,240,205,31,50
260,18,210,70,188,231,190,149,189,109
260,19,91,46,126,185,5,71,155,58
260,20,120,236,13,45,65,201,252,43
260,21,163,96,14,231,89,242,80,240
260,22,200,15,0,51,24,140,30,218
260,23,114,190,109,210,156,68,152,101
260,24,132,206,183,7,37,233,173,95
260,25,48,72,18,38,163,23,196,213
260,26,141,174,15,227,237,220,241,89
260,27,186,211,7,118,142,10,212,40
260,28,186,21,226,90,137,206,13,128
260,29,12,90,206,157,240,218,7,169
260,30,210,149,190,188,70,238,189,109
260,31,71,185,126,46,28,91,159,179
260,32,102,221,243,62,126,91,176,195
260,33,168,224,248,97,36,121,38,3
260,34,55,81,95,28,212,255,208,64
260,35,99,39,236,161,98,20,220,196
260,36,49,42,234,117,130,139,195,202
260,37,15,193,83,45,90,210,87,241
260,38,15,44,126,114,157,162,167,14
260,39,72,244,183,220,36,15,61,250
261,0,2,152,223,50,250,242,133,126
261,1,202,221,219,42,105,84,126,72
261,2,136,112,212,173,160,183,132,95
261,3,156,247,213,234,66,215,138,53
261,4,164,37,169,180,93,30,239,149
261,5,115,225,19,3,187,98,75,217
261,6,136,123,9,245,18,115,108,104
261,7,4,84,77,242,161,202,83,121
261,8,43,236,252,124,201,45,0,230
261,9,163,231,80,14,162,105,196,43
261,10,1,140,200,117,97,30,7,51
261,11,116,190,212,209,68,103,94,28
261,12,132,7,183,133,172,139,234,35
261,13,72,48,191,23,207,163,30,41
261,14,237,141,79,174,251,227,42,169
261,15,186,118,135,211,142,10,22,84
261,16,186,226,90,237,193,21,211,167
261,17,12,90,49,169,216,205,157,31
261,18,210,70,231,151,142,190,109,181
261,19,46,126,91,155,119,185,71,245
261,20,13,236,45,43,201,230,88,207
261,21,163,89,14,231,80,145,105,190
261,22,216,200,1,51,117,0,107,31
261,23,116,94,190,212,95,250,236,59
261,24,132,7,128,234,183,70,32,133
261,25,48,18,41,97,30,72,23,19
261,26,89,218,141,251,101,174,15,169
261,27,186,84,118,9,239,22,10,142
261,28,90,193,206,196,186,99,226,188
261,29,49,88,61,12,78,205,7,90
261,30,50,70,162,210,189,238,109,149
261,31,185,126,155,251,28,46,18,68
261,32,131,125,179,91,86,126,243,106
261,33,181,104,38,248,5,161,54,6
261,34,227,28,44,238,5,55,171,182
261,35,148,190,145,74,236,161,228,220
261,36,39,227,115,147,202,42,11,114
261,37,27,78,169,193,83,15,186,16
261,38,169,215,177,119,196,15,96,67
261,39,158,231,179,117,220,133,159,163
262,0,229,216,7,249,196,123,105,242
262,1,225,118,244,231,93,117,27,155
262,2,163,103,100,227,4,57,162,140
262,3,133,187,235,152,234,31,77,231
262,4,142,30,13,236,167,102,222,251
262,5,104,193,5,6,253,186,90,41
262,6,167,153,245,61,123,9,142,18
262,7,29,4,83,210,23,146,1,10
262,8,234,201,89,207,88,28,248,13
262,9,231,94,29,105,164,13,163,80
262,10,130,169,216,1,81,85,51,200
262,11,189,212,94,250,161,95,107,17
262,12,234,7,133,26,63,107,35,132
262,13,30,48,43,41,147,97,191,161
262,14,251,124,89,42,178,157,199,20
262,15,118,84,239,9,22,81,186,135
262,16,249,211,90,5,226,196,8,167
262,17,205,61,250,50,23,172,3,76
262,18,21,50,57,211,189,179,187,70
262,19,130,181,155,109,40,185,205,251
262,20,234,13,207,201,236,184,89,43
262,21,231,105,89,29,94,164,13,236
262,22,169,130,85,35,200,198,143,51
262,23,189,212,94,95,107,161,225,128
262,24,74,234,63,26,219,205,15,133
262,25,30,147,41,43,48,97,163,18
262,26,32,124,89,20,42,157,148,51
262,27,84,118,239,81,200,234,88,236
262,28,249,206,133,5,226,90,167,9
262,29,205,50,250,169,76,172,3,138
262,30,189,211,179,187,21,81,210,70
262,31,251,155,181,130,185,106,205,46
262,32,98,131,91,134,99,186,126,106
262,33,38,248,183,232,238,126,29,73
262,34,84,171,207,180,96,34,101,62
262,35,145,20,236,151,57,153,100,60
262,36,120,70,181,202,211,98,248,42
262,37,58,190,31,65,83,143,241,182
262,38,148,92,71,95,44,250,126,162
262,39,2,69,38,189,243,213,217,220
263,0,47,177,115,158,132,235,125,141
263,1,182,244,118,155,93,233,117,213
263,2,57,93,123,100,103,82,29,121
263,3,133,117,234,187,233,235,190,199
263,4,142,236,30,102,54,222,95,128
263,5,193,90,5,47,43,65,88,44
263,6,153,60,206,138,196,22,250,215
263,7,29,23,117,210,83,147,10,64
263,8,234,239,180,116,77,13,104,99
263,9,164,191,13,239,2,105,197,36
263,10,169,198,130,185,35,125,195,65
263,11,189,95,161,128,107,108,206,86
263,12,234,93,128,74,107,63,26,15
263,13,147,134,97,41,43,30,48,161
263,14,51,42,124,251,16,89,61,32
263,15,22,84,162,118,239,200,81,9
263,16,5,206,133,249,233,123,43,196
263,17,250,205,3,76,50,87,147,172
263,18,21,179,189,211,28,135,50,187
263,19,181,109,116,155,205,20,251,106
263,20,234,13,239,236,184,190,43,207
263,21,231,105,164,191,89,236,13,94
263,22,169,35,85,198,200,236,125,130
263,23,189,95,94,212,128,42,107,62
263,24,93,74,219,234,220,26,63,57
263,25,48,41,147,30,134,163,43,6
263,26,32,42,89,61,124,148,51,178
263,27,84,239,118,234,200,88,81,22
263,28,249,206,133,5,9,167,43,226
263,29,205,250,50,3,76,172,169,231
263,30,21,189,211,179,187,81,170,70
263,31,251,155,181,106,116,185,109,164
263,32,119,134,91,131,186,106,90,96
263,33,38,93,248,183,238,29,232,116
263,34,171,82,207,180,84,86,96,61
263,35,20,236,145,151,57,218,100,60
263,36,120,70,181,211,202,11,193,49
263,37,31,104,83,190,58,143,182,37
263,38,148,27,71,95,44,92,75,126
263,39,69,38,110,243,12,217,154,15
264,0,238,43,120,78,89,147,177,95
264,1,143,118,117,1,19,240,167,182
264,2,60,133,58,228,187,49,219,255
264,3,234,108,249,1,16,0,174,63
264,4,198,88,30,118,32,246,194,117
264,5,24,5,149,248,89,201,68,44
264,6,250,183,68,254,223,214,21,40
264,7,210,83,130,38,137,149,1,18
264,8,202,47,13,207,234,28,225,19
264,9,105,89,252,13,43,192,141,162
264,10,35,73,92,42,228,20,109,221
264,11,154,95,70,254,164,94,27,184
264,12,84,234,18,107,191,181,121,155
264,13,48,41,30,168,122,19,207,59
264,14,42,178,251,89,61,75,156,199
264,15,84,22,118,239,203,88,101,9
264,16,161,206,249,90,9,200,226,167
264,17,205,50,3,23,231,56,10,130
264,18,189,21,211,28,231,135,159,70
264,19,181,155,106,251,68,185,102,107
264,20,13,202,236,184,124,43,69,47
264,21,231,89,105,236,4,13,162,80
264,22,35,73,92,85,7,140,42,97
264,23,154,95,212,94,176,164,195,254
264,24,84,233,234,181,219,57,155,191
264,25,163,48,41,30,22,122,18,156
264,26,42,89,178,61,157,156,32,141
264,27,239,84,234,118,236,22,88,43
264,28,206,249,161,226,167,8,9,136
264,29,205,214,50,3,169,10,23,231
264,30,189,211,21,243,210,231,81,90
264,31,181,155,251,185,91,179,199,15
264,32,91,58,131,48,201,28,235,246
264,33,225,248,38,58,151,147,107,176
264,34,171,226,56,175,6,166,120,163
264,35,236,20,85,218,9,95,94,79
264,36,211,202,246,134,152,195,42,31
264,37,67,174,83,143,161,244,56,45
264,38,115,50,44,141,234,39,43,162
264,39,164,5,132,83,209,127,115,220
265,0,129,167,98,54,132,244,156,16
265,1,255,143,214,182,3,167,153,215
265,2,187,223,5,42,60,170,240,184
265,3,234,108,51,173,94,163,147,36
265,4,198,178,194,117,30,206,113,163
265,5,24,5,46,89,48,113,149,52
265,6,250,254,223,162,112,21,71,191
265,7,38,210,130,83,149,18,119,146
265,8,202,207,13,28,236,201,19,43
265,9,105,43,162,89,23,192,252,80
265,10,35,73,140,92,42,228,23,240
265,11,95,154,42,181,254,212,58,94
265,12,84,234,219,107,172,173,133,233
265,13,41,48,30,140,181,163,59,191
265,14,42,141,79,15,157,251,174,178
265,15,118,239,84,236,234,22,203,9
265,16,226,8,206,241,249,90,123,211
265,17,169,205,3,31,138,23,90,189
265,18,189,210,135,21,231,71,109,211
265,19,185,46,181,129,155,159,126,66
265,20,236,252,13,230,134,43,45,154
265,21,231,163,105,242,89,162,80,74
265,22,200,140,35,97,7,207,15,30
265,23,212,95,190,80,216,240,98,94
265,24,45,173,37,234,183,233,219,172
265,25,163,41,30,23,48,196,181,213
265,26,15,42,227,141,79,89,99,199
265,27,212,84,234,236,239,43,118,203
265,28,226,206,249,8,161,24,239,241
265,29,205,169,3,214,138,50,23,231
265,30,189,21,211,210,231,71,149,243
265,31,181,185,155,251,199,91,129,159
265,32,91,48,131,201,221,246,243,62
265,33,248,58,38,225,151,96,107,3
265,34,171,56,175,252,226,120,208,95
265,35,236,85,20,218,9,94,99,161
265,36,195,211,202,246,152,42,248,117
265,37,83,67,174,143,161,45,56,87
265,38,44,201,234,9,30,39,162,15
265,39,246,250,1,92,215,183,220,15
266,0,242,234,188,186,144,92,31,152
266,1,239,117,149,118,198,9,89,42
266,2,230,150,86,40,15,92,133,212
266,3,234,155,51,19,63,116,44,202
266,4,112,94,169,71,30,98,3,134
266,5,169,5,116,225,75,118,48,144
266,6,9,200,92,142,250,174,126,43
266,7,146,243,210,41,181,169,232,77
266,8,43,13,236,252,248,207,184,181
266,9,231,105,162,4,89,236,80,242
266,10,140,35,7,85,207,30,200,9
266,11,95,153,212,114,98,163,2,137
266,12,233,234,173,172,181,183,133,84
266,13,163,48,41,140,30,38,241,168
266,14,42,141,220,89,79,199,178,174
266,15,118,234,84,248,239,212,236,43
266,16,206,226,249,90,207,230,241,24
266,17,205,3,197,206,169,138,31,23
266,18,189,21,211,210,231,243,70,69
266,19,185,181,155,60,129,46,1,251
266,20,13,236,43,154,252,248,65,45
266,21,231,89,105,162,242,80,4,236
266,22,140,0,35,7,200,85,97,94
266,23,212,95,153,15,94,10,190,113
266,24,234,233,181,173,183,219,172,205
266,25,163,48,30,41,128,140,136,59
266,26,42,89,174,141,83,178,220,61
266,27,118,234,84,248,239,236,22,10
266,28,226,206,249,8,230,167,90,24
266,29,205,3,169,50,206,231,138,23
266,30,189,21,69,210,211,243,231,70
266,31,60,185,181,155,251,159,46,129
266,32,91,86,195,146,126,243,176,32
266,33,248,36,38,97,37,6,189,217
266,34,90,212,171,255,28,109,52,187
266,35,44,49,100,20,145,236,161,196
266,36,147,0,234,8,42,227,11,163
266,37,220,193,83,45,84,85,165,180
266,38,44,139,162,39,61,35,233,176
266,39,241,23,224,127,68,225,223,220
267,0,165,110,57,59,56,21,84,9
267,1,40,209,96,67,166,234,206,222
267,2,2,238,172,66,209,137,9,234
267,3,50,234,109,247,148,200,143,114
267,4,138,247,156,35,80,164,71,169
267,5,5,19,116,118,187,84,249,170
267,6,9,27,201,204,189,50,142,174
267,7,77,146,243,232,210,83,202,84
267,8,236,252,207,181,230,43,201,124
267,9,231,148,105,80,43,163,213,162
267,10,200,140,97,46,85,81,107,7
267,11,197,212,93,95,94,210,10,240
267,12,234,233,172,173,107,219,205,133
267,13,181,30,48,41,163,161,196,191
267,14,141,251,79,89,42,157,15,178
267,15,118,236,84,239,10,135,9,21
267,16,226,8,90,158,206,211,123,249
267,17,205,3,169,31,230,138,23,36
267,18,135,21,210,189,164,183,30,231
267,19,155,185,46,129,181,196,5,245
267,20,13,236,190,252,230,43,194,184
267,21,231,89,163,105,242,148,80,43
267,22,200,140,35,97,7,81,85,107
267,23,212,197,95,94,80,93,210,225
267,24,234,219,205,233,183,171,133,45
267,25,181,41,163,30,48,23,152,193
267,26,42,141,15,79,157,89,174,227
267,27,84,118,10,234,236,43,212,239
267,28,226,206,8,249,90,24,103,211
267,29,205,169,3,138,104,150,12,214
267,30,210,189,211,149,50,21,109,70
267,31,251,185,155,154,181,159,129,126
267,32,91,86,131,126,243,179,218,246
267,33,96,248,38,36,104,177,3,6
267,34,90,171,28,238,44,52,202,70
267,35,236,49,20,44,100,148,190,161
267,36,147,227,39,42,115,234,202,139
267,37,83,193,15,45,180,179,27,232
267,38,44,139,39,162,215,126,197,137
267,39,224,158,72,15,36,220,151,127
268,0,122,194,250,187,242,198,96,170
268,1,96,209,13,67,111,234,40,253
268,2,2,212,66,172,137,24,9,238
268,3,234,247,44,215,156,155,114,153
268,4,164,55,169,35,94,247,194,112
268,5,5,19,118,116,225,187,168,84
268,6,9,27,178,201,142,204,43,250
268,7,146,210,243,232,83,77,202,212
268,8,252,13,43,207,184,236,230,12
268,9,231,105,162,89,80,236,242,4
268,10,140,85,200,7,97,35,46,207
268,11,95,212,93,116,98,210,190,65
268,12,233,234,172,173,205,183,133,61
268,13,163,30,48,41,181,140,191,161
268,14,42,141,89,174,79,178,15,227
268,15,118,234,236,239,84,10,212,209
268,16,226,206,90,249,8,211,241,207
268,17,205,3,169,31,138,23,189,90
268,18,189,21,211,210,231,243,135,164
268,19,185,181,155,46,129,159,1,251
268,20,13,236,252,184,43,45,207,248
268,21,231,89,242,80,105,162,4,236
268,22,35,200,140,7,85,97,0,15
268,23,212,95,116,94,93,190,65,197
268,24,234,233,173,183,181,172,219,205
268,25,163,48,30,41,71,249,23,181
268,26,174,89,42,141,79,61,178,15
268,27,234,84,118,22,7,43,239,40
268,28,226,206,249,167,193,8,90,241
268,29,205,3,50,240,49,169,12,88
268,30,189,211,210,21,70,50,243,231
268,31,251,155,185,181,159,46,60,126
268,32,91,131,86,179,157,125,176,243
268,33,248,38,36,104,132,97,96,3
268,34,171,28,44,238,90,182,212,70
268,35,236,20,145,148,100,161,190,49
268,36,227,115,39,147,42,234,202,211
268,37,27,83,15,78,143,45,193,101
268,38,215,44,119,162,251,39,104,169
268,39,158,231,72,75,220,36,179,15
269,0,229,123,242,216,249,196,105,7
269,1,118,62,225,117,231,27,155,150
269,2,17,210,162,35,109,24,252,4
269,3,234,31,133,187,84,37,235,152
269,4,251,167,142,102,13,30,222,25
269,5,5,104,204,6,253,161,193,66
269,6,9,167,142,178,250,174,27,200
269,7,210,146,29,83,23,1,41,10
269,8,234,13,184,207,252,89,43,69
269,9,231,29,13,105,94,89,4,16
269,10,169,140,85,35,7,130,200,207
269,11,189,95,212,185,145,147,94,20
269,12,234,233,26,205,63,173,133,181
269,13,48,41,30,97,29,43,163,161
269,14,42,89,178,251,174,79,157,61
269,15,118,84,22,234,9,239,88,71
269,16,206,226,90,249,167,211,9,8
269,17,205,50,3,250,193,23,56,31
269,18,21,211,189,190,135,210,70,187
269,19,130,155,46,181,251,185,205,5
269,20,234,13,184,236,45,124,252,207
269,21,231,29,89,163,94,80,13,105
269,22,169,35,200,15,81,83,143,97
269,23,189,212,95,42,94,190,113,65
269,24,234,219,183,63,26,181,233,173
269,25,48,163,30,41,43,147,23,67
269,26,174,89,79,32,178,237,42,227
269,27,118,84,234,7,22,135,186,40
269,28,226,167,206,5,90,199,249,211
269,29,250,205,50,12,172,3,240,76
269,30,210,70,179,187,211,189,81,243
269,31,251,155,130,185,46,126,106,181
269,32,98,91,186,99,131,96,134,243
269,33,248,38,232,183,238,126,73,190
269,34,171,84,180,207,70,34,196,23
269,35,100,145,236,161,153,20,98,131
269,36,181,42,120,70,11,139,223,104
269,37,31,83,190,45,87,210,58,182
269,38,162,92,148,15,71,44,114,167
269,39,2,69,189,220,38,217,61,213
270,0,165,57,32,56,127,106,66,110
270,1,117,118,73,84,112,242,132,243
270,2,238,234,255,121,80,133,222,10
270,3,171,234,70,214,55,19,119,137
270,4,74,118,254,138,122,242,244,187
270,5,249,5,169,118,42,130,181,24
270,6,183,27,9,201,42,189,84,104
270,7,210,56,2,77,101,1,146,202
270,8,120,13,252,207,236,234,186,230
270,9,148,217,96,231,13,80,163,105
270,10,46,24,200,97,140,35,15,114
270,11,210,195,93,95,197,212,27,92
270,12,234,184,233,173,183,37,155,219
270,13,48,163,41,22,196,30,161,136
270,14,174,213,141,237,89,79,42,251
270,15,118,234,10,22,212,236,135,84
270,16,226,90,206,211,167,8,199,123
270,17,205,3,31,12,240,138,169,90
270,18,210,70,190,189,109,21,231,149
270,19,46,185,155,251,126,5,159,196
270,20,13,236,230,252,120,184,45,124
270,21,231,89,163,148,242,4,80,162
270,22,200,15,46,24,35,97,140,30
270,23,210,212,93,190,68,95,94,195
270,24,234,233,183,173,219,155,45,227
270,25,163,48,30,22,41,181,196,23
270,26,174,15,79,141,89,42,237,227
270,27,118,7,234,84,43,212,203,40
270,28,226,206,90,199,211,167,237,181
270,29,240,12,3,205,104,138,50,169
270,30,210,190,149,70,189,188,211,231
270,31,185,251,155,46,126,71,179,159
270,32,221,48,102,91,243,126,201,46
270,33,248,96,224,121,38,107,3,154
270,34,208,175,171,64,70,95,220,67
270,35,236,85,2,94,161,20,99,98
270,36,195,202,246,67,42,152,117,139
270,37,83,60,43,45,161,174,87,135
270,38,44,201,234,15,39,162,9,163
270,39,246,1,215,183,92,250,220,15
271,0,122,127,84,18,85,102,49,250
271,1,117,118,29,255,72,65,3,90
271,2,234,80,238,243,15,169,240,241
271,3,116,214,171,51,20,234,55,203
271,4,74,12,215,118,79,247,254,30
271,5,169,249,5,130,11,42,118,253
271,6,42,166,183,136,73,182,142,44
271,7,210,56,101,10,1,2,72,250
271,8,120,13,35,207,186,252,240,27
271,9,231,13,151,163,148,105,89,80
271,10,46,24,114,35,218,168,155,133
271,11,114,195,210,95,93,27,66,236
271,12,234,155,206,184,35,136,219,183
271,13,48,38,22,41,30,163,128,168
271,14,174,213,89,237,251,79,141,241
271,15,118,22,135,84,234,71,136,43
271,16,226,137,90,211,206,167,123,158
271,17,205,234,31,3,43,143,12,104
271,18,210,190,70,189,21,243,109,231
271,19,46,155,185,91,126,196,194,5
271,20,120,236,13,252,230,124,242,184
271,21,163,231,89,242,80,250,162,4
271,22,46,200,24,114,97,15,218,30
271,23,114,210,208,212,94,68,190,195
271,24,183,219,234,233,7,173,172,206
271,25,163,48,38,249,181,22,30,18
271,26,174,89,141,237,79,241,15,157
271,27,118,7,234,212,43,40,10,135
271,28,226,90,167,206,21,199,137,211
271,29,240,12,218,205,3,104,169,50
271,30,210,190,70,231,149,189,211,188
271,31,185,28,251,71,46,155,126,159
271,32,221,102,243,126,91,176,201,46
271,33,121,168,248,224,38,96,205,3
271,34,81,208,55,70,95,171,206,64
271,35,99,39,236,161,98,100,20,92
271,36,49,117,195,42,193,139,223,34
271,37,15,193,83,45,90,87,210,209
271,38,44,162,15,167,126,39,80,139
271,39,72,244,220,36,15,183,203,61
272,0,115,2,233,223,86,152,122,65
272,1,42,126,117,29,72,118,221,100
272,2,234,212,23,236,194,110,157,33
272,3,234,2,44,215,66,63,58,156
272,4,149,169,30,37,164,63,137,80
272,5,225,5,187,118,91,66,75,253
272,6,136,245,9,27,201,70,142,115
272,7,1,77,220,146,41,212,253,95
272,8,242,252,124,236,13,201,207,45
272,9,231,4,80,14,163,162,240,105
272,10,15,117,57,97,46,140,218,114
272,11,151,212,113,190,116,137,186,94
272,12,203,234,233,183,173,37,172,139
272,13,48,163,38,30,196,128,22,193
272,14,141,174,72,237,79,42,89,76
272,15,118,7,212,22,71,234,135,43
272,16,90,226,21,167,206,211,178,138
272,17,205,143,12,3,240,50,43,157
272,18,190,210,237,70,189,109,142,149
272,19,46,28,185,126,251,155,5,3
272,20,242,13,236,252,207,45,124,0
272,21,89,163,80,231,242,250,4,14
272,22,15,117,97,114,53,200,235,51
272,23,151,190,212,116,113,208,68,170
272,24,7,173,234,183,37,181,233,132
272,25,48,163,38,22,30,41,18,111
272,26,89,174,72,141,237,241,79,206
272,27,7,71,118,212,197,40,234,22
272,28,167,226,90,78,21,71,206,188
272,29,157,49,78,12,206,120,7,50
272,30,237,210,70,190,50,149,81,189
272,31,28,155,251,71,46,185,126,53
272,32,75,91,18,201,94,243,176,43
272,33,161,11,6,5,248,38,104,116
272,34,227,28,238,44,109,95,171,23
272,35,145,148,190,49,20,161,236,98
272,36,251,147,39,55,227,42,115,223
272,37,83,78,193,15,27,45,34,186
272,38,215,44,119,162,169,139,254,251
272,39,158,165,27,224,179,15,86,190
273,0,80,69,250,22,98,110,233,93
273,1,206,183,209,227,223,15,117,88
273,2,235,131,83,192,227,35,132,242
273,3,76,2,234,214,146,21,216,60
273,4,180,119,105,82,30,123,60,182
273,5,225,18,5,66,6,67,187,31
273,6,136,245,61,114,115,142,33,9
273,7,253,1,220,146,41,237,210,72
273,8,242,38,124,252,207,112,45,7
273,9,240,14,231,245,19,4,213,162
273,10,163,114,15,57,97,218,51,46
273,11,18,151,116,212,113,92,142,248
273,12,203,67,234,35,7,233,217,139
273,13,48,200,163,111,131,76,128,30
273,14,40,174,72,141,38,89,146,241
273,15,118,22,71,76,142,7,26,241
273,16,78,167,90,21,211,226,206,185
273,17,143,88,50,114,205,12,43,120
273,18,190,214,215,70,210,142,237,6
273,19,28,46,71,251,155,185,126,178
273,20,242,13,207,236,124,252,0,112
273,21,14,89,231,80,240,163,162,242
273,22,114,51,163,97,200,15,46,53
273,23,207,156,18,79,49,113,208,142
273,24,7,173,95,183,181,67,65,132
273,25,48,163,192,76,30,195,18,213
273,26,40,237,146,89,141,241,79,174
273,27,71,76,212,207,43,118,7,135
273,28,167,78,90,45,226,21,71,119
273,29,7,50,120,206,114,143,234,36
273,30,214,215,190,210,70,81,30,6
273,31,28,71,155,46,251,185,196,230
273,32,75,18,116,201,91,101,94,243
273,33,168,58,11,182,248,253,38,224
273,34,205,95,12,34,101,23,180,171
273,35,132,145,153,99,100,236,161,85
273,36,253,117,8,172,42,0,49,202
273,37,84,220,45,83,87,37,250,15
273,38,162,136,126,44,3,250,114,39
273,39,241,9,15,23,220,68,146,16
274,0,165,57,110,56,59,221,227,9
274,1,82,88,79,179,184,227,203,98
274,2,45,177,238,237,131,203,222,81
274,3,2,70,132,76,171,234,136,111
274,4,122,138,164,242,244,74,180,105
274,5,225,31,114,249,24,169,18,3
274,6,136,245,114,129,33,61,73,175
274,7,253,1,220,56,66,19,7,41
274,8,242,124,49,186,38,65,252,207
274,9,148,14,217,240,231,96,133,145
274,10,114,24,46,51,168,97,222,209
274,11,207,210,79,151,236,142,113,156
274,12,203,206,67,132,95,181,234,184
274,13,48,192,76,163,195,59,131,111
274,14,174,241,40,72,119,38,141,218
274,15,71,22,76,118,212,7,180,135
274,16,167,185,90,78,211,21,206,226
274,17,88,143,114,50,43,234,12,205
274,18,190,215,214,188,142,63,70,210
274,19,46,194,28,178,251,126,155,230
274,20,13,242,207,236,124,184,252,120
274,21,89,14,231,148,163,80,217,250
274,22,46,114,51,24,235,97,168,209
274,23,207,210,79,156,113,49,208,94
274,24,95,206,7,181,173,132,45,183
274,25,48,163,192,76,195,30,131,142
274,26,40,89,174,141,241,75,235,237
274,27,203,212,76,71,234,7,40,43
274,28,167,90,226,45,119,21,78,99
274,29,206,7,114,50,120,104,143,234
274,30,190,215,210,214,149,70,81,198
274,31,71,120,230,185,155,251,46,28
274,32,18,221,201,48,75,91,116,102
274,33,96,253,58,121,107,248,224,168
274,34,95,34,208,23,175,56,64,171
274,35,85,132,2,99,94,236,161,220
274,36,195,246,172,152,202,117,252,67
274,37,83,161,60,43,56,174,45,67
274,38,201,234,9,44,195,30,39,126
274,39,246,1,250,92,15,215,183,203
275,0,234,122,188,111,242,186,84,172
275,1,111,255,198,117,163,29,118,79
275,2,45,237,110,131,234,89,23,147
275,3,132,116,2,234,155,144,111,209
275,4,164,12,180,155,71,94,30,231
275,5,225,169,66,236,12,5,232,253
275,6,245,136,73,175,61,142,84,114
275,7,253,1,220,7,66,83,10,84
275,8,242,184,159,124,49,186,13,207
275,9,14,231,105,133,89,128,163,162
275,10,114,46,222,51,168,1,117,55
275,11,79,151,207,116,236,103,66,114
275,12,35,234,7,203,181,132,217,233
275,13,192,48,76,163,30,195,111,156
275,14,141,174,72,241,218,40,89,251
275,15,118,71,212,234,7,22,180,142
275,16,90,193,167,211,226,206,188,21
275,17,43,205,12,120,143,50,88,234
275,18,190,142,50,210,151,70,243,109
275,19,46,155,126,28,251,5,185,179
275,20,242,13,236,207,252,124,55,184
275,21,89,231,80,250,163,14,242,4
275,22,216,235,46,15,51,114,107,209
275,23,116,151,236,212,94,208,79,190
275,24,234,128,7,181,183,233,35,37
275,25,48,163,97,41,30,213,136,131
275,26,89,174,141,218,237,40,15,72
275,27,7,118,212,234,84,40,9,197
275,28,193,226,196,206,167,90,71,21
275,29,61,49,88,12,240,78,205,43
275,30,50,210,70,162,149,109,211,81
275,31,251,185,155,126,46,5,252,159
275,32,131,179,91,125,243,126,104,176
275,33,104,248,38,6,189,132,3,198
275,34,52,44,171,227,55,238,70,28
275,35,161,236,148,98,145,74,67,39
275,36,39,202,115,42,49,139,227,104
275,37,83,15,193,27,45,87,169,16
275,38,44,15,169,162,114,119,39,126
275,39,220,75,179,231,158,117,15,72
276,0,166,97,113,205,142,67,150,123
276,1,34,26,62,187,59,118,117,151
276,2,120,147,236,17,59,227,210,237
276,3,31,211,146,37,46,234,132,50
276,4,167,161,65,251,30,14,13,85
276,5,6,104,161,5,66,10,225,186
276,6,245,167,136,9,142,175,61,115
276,7,91,1,83,253,29,146,210,220
276,8,242,33,124,13,252,236,7,43
276,9,39,231,94,29,13,162,4,80
276,10,97,216,15,200,107,140,130,30
276,11,20,151,212,248,190,94,113,185
276,12,234,26,183,7,233,35,219,172
276,13,48,163,43,30,128,41,29,97
276,14,141,237,174,79,251,89,42,15
276,15,118,22,65,135,7,212,10,40
276,16,90,226,206,211,167,21,123,8
276,17,205,31,61,23,3,43,12,138
276,18,210,70,190,142,135,187,231,148
276,19,46,155,130,185,251,5,126,196
276,20,236,13,33,230,252,242,45,124
276,21,231,39,163,89,80,242,29,94
276,22,200,15,53,97,140,83,117,35
276,23,20,212,190,68,94,151,240,230
276,24,219,183,234,233,173,45,133,37
276,25,48,163,181,30,43,213,18,196
276,26,174,141,15,237,79,89,227,14
276,27,65,118,212,43,7,10,234,84
276,28,226,96,206,90,196,21,188,99
276,29,172,50,12,240,205,61,138,169
276,30,148,190,70,210,187,149,211,109
276,31,130,251,185,46,155,126,120,179
276,32,113,99,238,243,91,62,126,176
276,33,190,232,248,38,224,104,41,3
276,34,88,161,97,34,55,70,171,220
276,35,39,161,236,99,98,145,100,2
276,36,207,49,202,42,139,193,152,223
276,37,83,15,45,87,60,193,90,161
276,38,44,71,15,80,234,162,114,126
276,39,244,220,72,69,183,36,92,250
277,0,242,2,66,234,152,6,27,188
277,1,191,117,42,118,198,255,213,112
277,2,198,110,76,87,133,230,86,150
277,3,234,155,66,202,156,215,58,18
277,4,239,30,118,169,63,60,73,194
277,5,225,181,187,5,118,92,116,91
277,6,136,235,9,27,3,201,115,50
277,7,161,77,2,91,220,131,243,212
277,8,252,236,124,13,230,0,201,181
277,9,231,163,242,80,4,14,213,133
277,10,15,253,200,140,97,153,218,161
277,11,130,212,116,190,68,142,65,153
277,12,183,234,219,233,37,171,173,227
277,13,48,22,196,193,163,246,23,38
277,14,174,15,237,79,141,33,89,251
277,15,118,10,43,236,22,212,40,211
277,16,226,90,211,206,8,21,147,180
277,17,138,205,31,240,169,3,49,55
277,18,210,70,178,231,109,36,189,148
277,19,46,5,185,196,155,159,126,245
277,20,236,13,230,252,45,0,134,255
277,21,231,242,163,89,80,74,4,133
277,22,200,15,140,253,0,218,153,53
277,23,212,190,130,68,15,116,94,240
277,24,183,219,234,233,45,173,172,67
277,25,48,163,181,23,196,193,22,100
277,26,15,174,141,79,237,89,76,33
277,27,118,43,211,248,7,212,197,40
277,28,226,90,21,8,206,230,211,78
277,29,138,169,49,12,240,206,31,177
277,30,210,70,231,69,149,190,178,148
277,31,60,5,159,71,251,185,155,126
277,32,146,176,86,195,126,243,94,91
277,33,248,36,97,189,3,38,6,37
277,34,255,90,212,206,28,238,146,70
277,35,161,49,44,4,123,100,120,228
277,36,234,227,139,147,42,39,126,107
277,37,87,95,15,84,83,45,193,78
277,38,167,215,14,15,114,157,44,162
277,39,158,72,220,61,165,224,36,252
278,0,80,96,226,98,171,23,194,69
278,1,209,183,96,117,230,2,13,222
278,2,102,224,9,148,135,26,44,137
278,3,170,192,255,234,50,156,242,169
278,4,119,239,60,55,71,8,123,82
278,5,225,181,194,118,92,5,116,187
278,6,27,16,9,201,235,115,50,134
278,7,77,84,220,0,161,83,63,212
278,8,236,201,230,252,181,112,13,124
278,9,231,242,213,163,80,4,239,162
278,10,200,163,97,15,140,229,153,81
278,11,18,212,130,10,94,197,240,68
278,12,219,183,234,173,107,172,233,133
278,13,200,48,181,193,196,163,67,41
278,14,237,79,174,33,141,251,15,89
278,15,118,236,22,10,135,43,240,9
278,16,226,8,90,129,211,199,158,206
278,17,31,232,138,205,169,230,36,34
278,18,210,135,231,164,70,30,178,189
278,19,46,196,5,185,155,1,129,126
278,20,236,190,13,45,230,194,181,252
278,21,231,163,242,89,216,43,162,224
278,22,200,163,140,81,97,168,111,187
278,23,212,10,18,240,94,130,225,230
278,24,219,183,234,133,107,233,172,250
278,25,181,193,48,163,152,196,110,213
278,26,141,79,237,89,174,15,227,33
278,27,236,118,10,40,43,240,7,211
278,28,226,129,8,90,199,197,206,122
278,29,169,138,240,55,12,236,3,31
278,30,210,70,231,6,178,109,164,36
278,31,196,159,155,46,251,71,185,129
278,32,17,126,243,89,176,247,94,194
278,33,248,214,23,94,3,38,217,185
278,34,187,188,54,206,58,146,19,70
278,35,161,214,100,4,196,123,92,98
278,36,0,42,253,139,8,239,223,193
278,37,87,84,220,95,83,45,90,164
278,38,167,14,22,15,157,114,44,244
278,39,145,16,23,220,61,62,252,36
279,0,136,78,89,241,56,18,33,118
279,1,117,6,31,165,166,168,237,119
279,2,115,56,178,81,224,1,102,135
279,3,73,234,9,169,50,153,158,109
279,4,253,133,92,82,165,191,123,60
279,5,225,174,181,92,66,5,118,6
279,6,115,25,16,27,9,50,134,129
279,7,220,77,84,63,72,1,0,240
279,8,157,124,236,252,201,13,230,0
279,9,231,242,4,213,163,133,91,80
279,10,15,68,12,200,153,140,103,97
279,11,64,130,212,68,208,113,65,94
279,12,234,183,219,172,227,107,37,95
279,13,42,48,196,193,100,41,82,163
279,14,174,79,237,15,33,89,251,141
279,15,118,211,22,135,40,10,43,7
279,16,226,90,8,206,211,222,129,123
279,17,185,31,205,240,138,232,169,3
279,18,210,70,4,231,72,178,135,238
279,19,5,155,185,46,251,206,196,71
279,20,236,230,13,157,248,45,181,134
279,21,242,231,89,163,80,91,162,4
279,22,15,200,68,12,140,103,97,153
279,23,64,212,68,156,190,130,101,240
279,24,219,183,172,67,234,233,45,173
279,25,42,48,163,193,196,249,23,181
279,26,174,15,141,79,237,89,227,33
279,27,118,40,10,7,211,43,236,240
279,28,226,8,21,129,199,206,222,147
279,29,185,169,138,240,55,12,3,174
279,30,72,210,70,231,190,4,238,149
279,31,251,185,5,155,126,159,46,71
279,32,224,126,243,176,197,94,91,32
279,33,63,248,156,38,217,3,12,185
279,34,152,188,54,206,70,209,146,213
279,35,214,161,100,92,4,123,98,196
279,36,24,239,42,139,251,41,193,196
279,37,50,14,87,90,83,45,210,241
279,38,44,167,146,86,15,14,162,250
279,39,177,220,13,85,62,61,252,36
280,0,115,2,177,36,41,152,86,134
280,1,42,254,32,144,185,117,245,101
280,2,182,157,139,201,77,178,115,95
280,3,234,66,58,63,215,156,78,218
280,4,169,149,253,93,30,194,1,51
280,5,213,225,115,187,66,5,116,181
280,6,115,70,25,245,146,94,108,227
280,7,84,0,220,77,83,32,1,218
280,8,236,124,242,13,0,157,201,252
280,9,242,80,231,4,133,89,162,91
280,10,15,117,153,12,107,200,17,67
280,11,151,212,68,209,208,113,6,103
280,12,219,166,183,234,95,172,37,139
280,13,48,42,193,163,249,196,131,100
280,14,237,174,141,33,79,15,23,192
280,15,7,211,40,118,116,43,18,10
280,16,226,138,154,21,206,90,86,211
280,17,240,185,31,55,138,12,205,43
280,18,210,237,70,231,178,109,36,238
280,19,5,185,126,46,206,155,251,58
280,20,236,242,13,230,248,45,0,255
280,21,242,231,89,80,163,91,162,74
280,22,15,200,117,17,97,12,140,153
280,23,209,151,68,190,230,212,156,240
280,24,183,219,166,172,173,101,37,233
280,25,42,48,163,155,67,193,213,181
280,26,237,141,15,79,174,227,89,33
280,27,211,40,118,7,236,10,43,212
280,28,226,138,129,21,8,199,206,83
280,29,78,185,55,138,169,240,12,174
280,30,210,72,237,70,231,238,109,178
280,31,251,185,5,46,126,179,196,159
280,32,176,126,243,75,197,91,94,14
280,33,248,103,161,38,185,3,5,63
280,34,227,152,109,146,188,209,11,70
280,35,161,92,100,214,123,4,98,111
280,36,42,48,24,139,239,55,251,223
280,37,87,14,162,83,210,45,147,241
280,38,44,167,15,14,114,124,250,162
280,39,220,13,177,77,61,62,252,181
281,0,166,113,97,142,150,205,213,215
281,1,34,59,101,26,87,64,227,132
281,2,235,176,214,227,119,105,161,9
281,3,76,46,100,211,234,48,138,250
281,4,167,161,240,253,4,14,96,30
281,5,66,225,6,160,130,51,56,181
281,6,115,245,108,219,94,25,129,134
281,7,91,220,84,0,1,77,83,250
281,8,33,124,13,201,230,255,248,45
281,9,39,242,132,4,133,231,80,91
281,10,15,216,12,117,153,103,107,67
281,11,20,36,212,113,94,208,30,151
281,12,166,234,219,107,183,139,172,227
281,13,48,42,33,193,196,62,82,41
281,14,174,79,237,33,251,89,141,147
281,15,118,65,7,22,211,9,135,43
281,16,226,90,154,211,8,123,206,21
281,17,31,205,185,240,138,55,232,12
281,18,210,70,231,178,4,135,36,190
281,19,5,155,206,251,185,58,46,179
281,20,236,13,33,230,248,45,181,201
281,21,242,39,80,89,231,132,91,163
281,22,15,117,103,200,67,107,12,143
281,23,20,101,68,190,212,208,36,156
281,24,219,183,172,107,250,173,234,37
281,25,48,163,42,33,67,193,196,142
281,26,237,174,79,141,15,89,227,33
281,27,65,40,211,118,7,10,236,43
281,28,226,147,129,199,21,156,8,206
281,29,55,12,240,169,138,110,174,31
281,30,210,128,70,4,190,231,178,36
281,31,120,251,185,46,5,126,196,159
281,32,238,113,126,243,158,176,94,91
281,33,190,41,248,3,63,38,185,224
281,34,97,34,88,70,152,161,209,146
281,35,161,92,123,98,100,4,39,131
281,36,207,239,42,139,193,24,196,223
281,37,83,87,90,45,210,241,7,209
281,38,167,14,86,15,162,44,114,126
281,39,220,252,61,72,36,13,15,62
282,0,115,2,41,152,29,223,224,86
282,1,191,117,42,254,185,173,101,144
282,2,235,76,198,139,222,227,119,77
282,3,234,76,100,13,66,7,63,50
282,4,149,169,30,203,253,92,194,191
282,5,225,213,66,30,91,75,187,217
282,6,115,25,108,70,17,245,233,134
282,7,84,220,0,77,1,83,145,91
282,8,124,236,242,13,230,201,255,45
282,9,242,80,91,133,231,196,89,162
282,10,15,103,117,153,67,12,216,107
282,11,212,151,94,113,6,65,146,100
282,12,166,234,219,107,115,37,172,227
282,13,48,193,196,42,82,62,136,207
282,14,79,174,33,237,251,89,152,141
282,15,118,9,22,43,40,142,7,18
282,16,226,8,154,83,21,90,199,123
282,17,31,138,205,240,232,55,185,36
282,18,4,70,210,178,231,237,66,135
282,19,206,5,155,250,251,46,58,185
282,20,230,236,13,248,45,181,149,201
282,21,242,91,89,80,133,231,4,163
282,22,15,103,67,17,200,107,117,153
282,23,151,146,212,209,68,113,190,94
282,24,219,166,183,172,101,157,107,234
282,25,193,155,48,42,163,196,67,181
282,26,79,237,174,89,33,141,15,227
282,27,40,118,43,7,211,236,10,9
282,28,226,138,129,83,8,199,206,222
282,29,55,78,174,138,31,169,185,240
282,30,210,4,70,231,237,72,66,36
282,31,5,46,185,58,60,196,159,155
282,32,126,176,14,243,197,75,94,32
282,33,103,161,248,185,3,38,5,12
282,34,227,146,11,152,209,18,109,47
282,35,123,161,92,100,131,4,98,111
282,36,48,139,42,55,223,57,24,196
282,37,87,162,14,210,45,83,37,9
282,38,14,167,15,162,114,157,3,244
282,39,77,220,61,13,252,177,62,224
283,0,55,152,177,178,13,134,31,214
283,1,42,243,44,117,206,163,254,70
283,2,17,235,74,3,131,124,227,77
283,3,234,76,100,63,45,243,66,50
283,4,44,169,253,30,137,178,194,63
283,5,225,116,75,92,5,181,187,131
283,6,9,115,201,108,70,245,94,25
283,7,77,83,38,0,84,146,1,220
283,8,230,236,0,124,13,252,201,181
283,9,231,242,196,181,162,80,4,91
283,10,15,216,153,67,107,103,12,200
283,11,212,94,240,65,6,220,190,68
283,12,107,219,227,157,234,183,139,37
283,13,48,193,82,196,173,110,62,30
283,14,79,33,174,251,237,89,15,141
283,15,118,211,43,22,9,236,142,135
283,16,226,8,90,123,211,82,206,233
283,17,31,205,138,240,169,23,90,232
283,18,178,210,231,70,4,206,135,222
283,19,5,155,85,185,250,251,196,58
283,20,230,13,236,201,248,0,255,67
283,21,242,231,89,163,133,80,4,91
283,22,15,216,200,153,242,103,140,67
283,23,212,197,190,94,68,201,220,59
283,24,183,234,128,219,45,157,227,170
283,25,48,23,193,196,62,41,163,19
283,26,174,15,79,89,33,218,203,237
283,27,211,118,7,43,186,9,84,10
283,28,226,193,206,128,196,90,190,82
283,29,88,240,138,61,12,21,31,185
283,30,50,210,70,231,178,162,4,63
283,31,5,185,155,251,159,218,18,126
283,32,179,176,126,85,18,94,246,125
283,33,11,104,198,3,102,185,139,38
283,34,44,240,70,72,67,146,28,140
283,35,161,4,123,148,98,74,190,145
283,36,39,142,202,139,115,41,227,42
283,37,27,83,87,78,60,228,45,15
283,38,167,80,119,15,215,169,3,114
283,39,244,220,158,183,231,9,72,61
284,0,165,85,49,233,22,227,214,9
284,1,203,232,169,66,133,223,104,117
284,2,169,22,164,31,107,90,196,149
284,3,55,234,76,100,171,239,166,252
284,4,65,122,228,82,253,164,30,39
284,5,249,92,5,6,181,161,225,118
284,6,90,9,115,245,134,108,94,100
284,7,131,44,210,220,84,0,77,1
284,8,13,89,207,212,45,230,255,124
284,9,96,217,231,242,13,133,14,105
284,10,15,62,216,12,153,253,107,103
284,11,142,20,212,207,94,197,65,113
284,12,234,67,35,183,45,227,139,107
284,13,48,29,196,100,41,193,62,30
284,14,174,79,213,33,89,251,15,237
284,15,118,7,211,43,234,22,40,84
284,16,226,90,206,147,211,103,167,96
284,17,205,240,138,3,31,12,55,88
284,18,210,4,70,178,190,148,231,189
284,19,5,251,155,185,159,126,58,46
284,20,13,230,236,120,184,255,248,0
284,21,242,217,89,231,163,80,96,133
284,22,15,62,24,253,103,153,107,200
284,23,20,142,190,212,68,94,101,65
284,24,183,234,45,67,233,37,172,170
284,25,48,100,196,163,62,41,23,193
284,26,174,15,79,89,33,213,241,141
284,27,7,118,211,43,234,84,5,10
284,28,226,206,96,237,211,167,188,147
284,29,240,138,3,205,104,50,31,12
284,30,70,4,149,210,190,178,188,231
284,31,251,5,155,185,225,159,218,199
284,32,18,48,246,126,102,91,94,201
284,33,11,121,3,107,38,248,224,143
284,34,208,175,64,70,95,171,220,101
284,35,161,85,2,94,4,236,145,111
284,36,195,202,246,152,67,139,42,117
284,37,83,161,60,43,174,135,45,87
284,38,234,201,167,15,44,9,163,30
284,39,246,92,1,220,250,215,183,9
285,0,234,242,186,152,237,144,27,163
285,1,8,178,175,255,133,85,117,83
285,2,110,89,150,23,230,86,15,117
285,3,234,155,7,116,113,215,218,66
285,4,71,12,94,30,169,194,164,73
285,5,169,116,5,92,225,187,249,48
285,6,235,115,73,90,142,140,134,136
285,7,220,131,1,84,77,83,210,95
285,8,124,184,13,236,230,159,199,186
285,9,242,4,96,133,14,162,231,91
285,10,15,218,103,153,107,253,114,143
285,11,212,114,94,66,113,142,116,153
285,12,234,227,236,35,61,170,181,37
285,13,48,100,38,193,196,30,173,82
285,14,79,174,89,33,251,237,42,206
285,15,118,22,43,234,9,7,211,84
285,16,226,90,206,21,167,147,211,83
285,17,205,31,3,240,138,12,55,218
285,18,231,178,70,190,210,211,142,36
285,19,251,5,155,71,185,46,58,250
285,20,13,236,230,149,124,159,248,184
285,21,242,89,96,91,4,133,163,80
285,22,15,218,0,143,114,253,107,35
285,23,212,208,114,94,113,66,116,101
285,24,236,234,172,170,7,37,107,181
285,25,48,100,193,30,196,38,111,18
285,26,79,174,89,237,33,14,206,251
285,27,7,43,118,22,9,211,84,135
285,28,226,21,167,83,206,90,78,237
285,29,49,31,218,240,3,206,138,205
285,30,70,178,231,190,210,238,69,36
285,31,251,71,155,28,60,5,185,58
285,32,176,86,195,94,177,126,243,201
285,33,97,6,189,37,38,185,248,36
285,34,52,212,146,70,255,109,90,95
285,35,123,161,49,131,4,39,100,99
285,36,139,234,147,42,41,117,116,49
285,37,15,87,83,90,193,84,7,45
285,38,167,14,44,3,126,157,114,15
285,39,72,220,61,36,165,15,158,252
286,0,96,226,171,80,93,90,245,214
286,1,96,206,40,8,183,227,117,67
286,2,120,23,173,242,105,51,116,141
286,3,188,170,122,234,192,7,166,221
286,4,71,119,60,12,55,123,82,228
286,5,194,92,116,61,114,225,6,66
286,6,16,235,115,84,134,182,140,142
286,7,220,1,77,84,115,131,0,228
286,8,112,35,124,184,159,230,181,248
286,9,242,133,4,14,206,91,19,181
286,10,15,163,229,153,103,107,218,143
286,11,18,130,212,94,100,113,240,116
286,12,227,236,234,107,172,106,35,37
286,13,48,193,200,196,173,30,112,100
286,14,79,174,33,89,237,152,251,40
286,15,22,118,135,9,241,43,142,211
286,16,226,90,21,8,83,222,123,167
286,17,31,240,102,138,232,205,12,206
286,18,231,210,178,70,238,4,135,222
286,19,5,155,71,251,250,46,196,70
286,20,236,230,13,112,201,248,181,45
286,21,242,89,162,231,4,91,43,133
286,22,15,163,97,143,67,107,128,204
286,23,101,18,240,94,212,208,190,113
286,24,219,107,172,133,250,67,173,170
286,25,48,193,163,196,181,67,249,122
286,26,79,174,237,89,33,152,235,251
286,27,43,22,166,118,211,9,236,40
286,28,226,21,8,222,83,231,167,90
286,29,240,31,55,138,12,102,155,232
286,30,231,70,210,178,6,238,206,36
286,31,71,155,251,120,5,185,38,179
286,32,89,176,17,94,194,243,177,158
286,33,214,185,23,94,248,3,12,38
286,34,187,146,70,54,19,173,34,47
286,35,123,161,131,4,98,92,111,100
286,36,253,139,0,41,42,116,8,210
286,37,84,87,220,164,83,45,228,90
286,38,14,167,157,3,22,114,136,244
286,39,145,16,61,220,23,15,62,146
287,0,177,78,20,12,55,223,217,120
287,1,155,153,1,197,223,117,5,56
287,2,228,211,193,73,120,157,51,201
287,3,16,234,63,66,165,7,155,243
287,4,169,30,137,225,194,28,178,82
287,5,116,181,92,187,48,225,6,139
287,6,189,108,229,146,25,115,71,32
287,7,220,0,130,77,84,250,150,232
287,8,236,230,124,248,47,181,68,183
287,9,242,91,4,80,162,133,196,43
287,10,15,109,67,153,239,117,103,181
287,11,240,212,6,100,94,146,37,30
287,12,47,172,107,250,234,36,99,37
287,13,193,48,122,207,196,83,249,30
287,14,79,152,174,33,144,89,251,237
287,15,22,178,142,43,201,9,211,118
287,16,226,21,90,222,53,123,82,83
287,17,31,206,240,232,245,86,138,36
287,18,70,231,238,178,210,46,222,165
287,19,5,247,244,251,155,219,71,21
287,20,236,47,248,13,230,181,45,149
287,21,242,91,89,80,162,4,190,52
287,22,15,146,109,67,153,254,107,216
287,23,37,212,190,94,146,100,240,197
287,24,47,172,250,107,61,119,37,183
287,25,48,193,0,249,196,70,241,169
287,26,79,89,174,144,152,237,33,218
287,27,7,22,178,211,43,18,9,112
287,28,226,82,21,83,222,212,10,233
287,29,240,126,31,86,55,232,138,245
287,30,70,18,231,151,178,209,50,238
287,31,55,251,60,219,5,155,37,185
287,32,120,58,248,57,176,94,92,191
287,33,176,185,250,162,38,12,248,3
287,34,249,80,146,143,15,47,209,140
287,35,121,123,131,161,111,176,100,4
287,36,79,139,228,21,37,116,42,138
287,37,214,244,196,87,83,110,92,102
287,38,73,197,141,24,156,236,195,150
287,39,226,66,83,209,47,5,86,151
288,0,198,52,38,220,17,5,132,156
288,1,155,70,56,197,223,5,105,49
288,2,157,42,3,211,194,193,216,228
288,3,197,234,16,63,66,215,44,243
288,4,169,30,82,194,178,51,137,204
288,5,116,48,187,181,5,225,92,30
288,6,189,25,108,146,115,104,229,253
288,7,220,130,1,0,246,150,77,83
288,8,236,230,124,68,181,248,13,9
288,9,242,4,162,91,43,196,80,133
288,10,15,67,153,103,181,146,239,134
288,11,212,94,240,37,146,100,190,6
288,12,234,107,250,172,37,57,227,61
288,13,48,193,83,30,196,82,207,122
288,14,79,33,174,89,251,237,13,152
288,15,22,43,211,142,9,201,118,135
288,16,226,21,90,83,193,123,82,167
288,17,31,240,205,206,138,232,12,55
288,18,70,231,178,210,238,151,190,152
288,19,5,251,155,71,247,1,58,250
288,20,236,13,230,181,45,248,149,124
288,21,242,89,80,91,190,133,4,163
288,22,15,216,146,67,107,153,168,254
288,23,212,190,59,37,94,201,113,100
288,24,128,172,183,234,7,250,119,61
288,25,48,19,193,23,196,30,97,100
288,26,174,79,89,218,237,33,251,57
288,27,7,211,9,22,43,118,135,201
288,28,226,212,21,82,193,206,83,167
288,29,31,240,88,138,12,55,205,90
288,30,70,50,231,178,238,210,151,162
288,31,251,155,185,71,60,58,5,250
288,32,176,57,179,94,40,120,32,243
288,33,185,162,250,38,104,248,68,102
288,34,173,146,70,44,109,28,34,47
288,35,123,161,131,148,98,4,111,100
288,36,139,39,41,193,42,116,210,115
288,37,84,87,83,241,27,37,228,131
288,38,167,3,14,157,126,250,114,44
288,39,61,220,165,125,197,15,146,79
289,0,51,49,153,22,85,247,227,170
289,1,169,223,232,117,84,177,87,77
289,2,16,202,146,164,242,73,51,162
289,3,98,146,97,27,160,238,212,153
289,4,14,167,82,30,67,65,3,181
289,5,67,6,235,116,92,82,181,66
289,6,129,146,189,167,115,134,229,215
289,7,44,220,1,250,83,0,77,84
289,8,33,124,13,255,230,248,181,236
289,9,132,242,133,4,190,91,14,89
289,10,15,248,216,160,50,168,153,67
289,11,36,20,212,94,100,113,16,103
289,12,234,99,181,107,35,227,154,236
289,13,33,48,193,142,30,100,245,196
289,14,147,79,174,89,33,251,218,237
289,15,22,118,9,166,240,135,43,142
289,16,156,226,90,21,167,206,123,211
289,17,110,31,205,206,240,138,232,12
289,18,70,238,112,231,128,178,190,210
289,19,120,251,155,5,71,12,58,250
289,20,13,33,201,236,124,230,248,45
289,21,132,242,89,4,231,162,80,163
289,22,15,248,143,107,153,67,97,204
289,23,36,101,94,113,208,20,212,240
289,24,107,219,181,172,95,133,170,236
289,25,48,33,142,193,163,196,122,249
289,26,174,79,147,89,237,251,14,33
289,27,22,9,118,43,135,7,211,186
289,28,226,21,156,167,212,8,222,90
289,29,110,240,50,31,55,12,138,206
289,30,231,70,210,128,178,112,238,190
289,31,120,251,71,155,12,185,58,5
289,32,238,158,113,176,94,194,40,243
289,33,73,41,185,248,38,12,3,94
289,34,34,97,70,161,146,173,19,188
289,35,123,161,131,98,100,111,4,151
289,36,139,181,0,42,253,239,41,193
289,37,84,87,220,83,241,90,37,164
289,38,167,14,3,157,126,44,22,114
289,39,145,61,16,220,62,15,23,254
290,0,55,242,178,12,223,60,217,133
290,1,153,98,42,117,245,84,105,213
290,2,76,193,16,126,216,202,73,239
290,3,234,197,66,215,16,243,15,18
290,4,30,169,82,3,63,73,137,51
290,5,82,81,116,48,187,92,33,52
290,6,19,146,172,104,48,189,115,25
290,7,220,1,16,167,250,130,77,95
290,8,68,124,201,230,45,236,181,248
290,9,4,196,43,242,133,91,231,145
290,10,31,15,159,117,250,107,140,143
290,11,103,94,109,59,231,190,212,21
290,12,132,115,107,172,133,234,210,46
290,13,48,123,82,124,30,191,122,137
290,14,251,79,235,174,89,169,101,186
290,15,22,135,142,118,9,84,230,146
290,16,21,226,90,167,123,193,211,88
290,17,31,235,213,50,206,147,173,240
290,18,165,70,238,142,222,231,190,135
290,19,38,155,71,111,5,21,251,42
290,20,201,13,124,88,28,236,68,19
290,21,89,231,196,43,80,190,105,163
290,22,31,159,216,107,15,143,35,81
290,23,94,103,136,231,212,59,230,201
290,24,128,219,234,115,107,133,139,65
290,25,48,97,41,30,19,23,241,82
290,26,251,89,174,57,200,132,119,212
290,27,84,118,22,135,239,247,43,9
290,28,206,193,196,90,226,167,7,249
290,29,205,3,61,88,138,119,21,171
290,30,70,211,50,189,21,210,250,149
290,31,251,155,185,249,159,181,205,38
290,32,85,131,91,125,46,104,179,126
290,33,38,248,3,139,132,104,238,102
290,34,44,171,173,195,28,249,20,143
290,35,191,185,148,236,161,145,190,20
290,36,39,115,79,37,227,93,202,142
290,37,196,27,126,16,83,169,101,80
290,38,169,132,196,119,18,96,215,143
290,39,231,117,179,44,235,151,223,53
291,0,229,249,216,123,196,7,242,105
291,1,225,118,231,117,244,27,150,93
291,2,103,4,17,163,162,227,145,57
291,3,133,187,234,235,152,31,231,212
291,4,13,142,167,236,30,251,102,210
291,5,104,6,193,5,186,112,253,224
291,6,167,153,9,245,115,146,108,27
291,7,29,83,146,23,1,210,77,202
291,8,234,89,207,201,13,230,28,43
291,9,231,29,94,105,164,13,242,43
291,10,130,169,216,15,140,85,200,153
291,11,212,189,94,95,161,107,185,197
291,12,234,107,63,26,128,133,35,219
291,13,30,43,48,41,97,147,161,156
291,14,79,251,89,42,33,157,124,237
291,15,118,84,239,81,43,236,22,142
291,16,226,5,196,90,249,206,8,123
291,17,205,3,169,172,138,250,61,31
291,18,178,210,21,50,135,179,57,206
291,19,155,130,5,181,46,129,159,185
291,20,234,13,184,236,230,89,207,190
291,21,231,29,94,164,89,105,163,242
291,22,130,169,200,85,35,15,81,107
291,23,189,212,95,94,161,107,197,65
291,24,234,63,74,26,128,15,219,205
291,25,41,43,147,30,48,163,97,23
291,26,32,20,42,124,89,174,148,15
291,27,84,118,81,234,239,200,43,236
291,28,206,249,226,5,133,9,90,167
291,29,205,169,76,50,3,250,172,138
291,30,211,189,179,187,210,21,70,81
291,31,251,155,185,181,130,106,159,129
291,32,98,91,131,134,99,186,126,243
291,33,248,38,183,238,232,73,126,3
291,34,171,84,207,180,96,101,34,252
291,35,236,145,20,153,57,218,100,161
291,36,181,120,70,211,42,202,11,131
291,37,31,143,83,58,190,45,182,67
291,38,148,71,92,44,162,15,39,250
291,39,2,69,189,38,217,213,220,61
292,0,57,56,127,110,32,66,115,165
292,1,117,118,145,112,73,242,100,180
292,2,238,80,234,255,121,60,217,243
292,3,70,171,234,19,92,219,217,245
292,4,118,74,254,242,138,122,179,61
292,5,5,24,169,144,249,147,130,118
292,6,183,250,164,137,140,221,41,122
292,7,210,56,41,1,146,72,180,145
292,8,234,13,207,184,202,43,236,28
292,9,105,148,13,89,217,231,224,43
292,10,24,73,35,161,140,92,213,160
292,11,95,210,195,154,27,93,147,41
292,12,84,234,181,191,233,155,219,173
292,13,48,41,168,30,163,22,15,207
292,14,42,178,89,79,61,141,251,156
292,15,84,234,203,118,239,22,236,43
292,16,226,206,249,90,161,8,9,123
292,17,205,3,50,23,138,31,169,231
292,18,189,135,21,211,210,71,231,206
292,19,181,155,185,46,159,5,251,129
292,20,236,13,252,184,45,230,234,190
292,21,231,105,89,148,236,163,242,80
292,22,200,35,140,24,85,97,81,30
292,23,95,212,210,27,94,190,195,65
292,24,219,233,234,45,37,183,173,227
292,25,163,41,30,48,23,181,140,196
292,26,42,15,89,227,79,157,61,178
292,27,84,203,234,236,239,212,118,43
292,28,226,206,249,161,8,168,167,239
292,29,205,169,3,214,50,138,23,17
292,30,189,210,211,21,71,149,159,243
292,31,181,185,251,155,129,159,91,199
292,32,91,221,131,246,48,201,243,94
292,33,248,96,58,38,107,151,121,3
292,34,171,56,208,175,252,226,95,209
292,35,236,85,20,218,99,161,94,111
292,36,195,246,211,202,152,42,139,117
292,37,83,67,174,143,161,45,56,87
292,38,201,234,9,44,30,39,195,15
292,39,246,250,1,92,215,183,220,15
293,0,242,234,186,144,188,111,155,27
293,1,198,111,117,239,109,118,42,68
293,2,230,15,86,150,133,234,92,33
293,3,234,155,116,19,44,156,215,66
293,4,112,94,71,169,30,98,63,194
293,5,144,5,169,118,84,168,253,116
293,6,9,142,250,174,115,27,42,201
293,7,146,210,243,181,41,1,101,77
293,8,65,13,207,252,43,124,201,12
293,9,231,105,89,162,4,236,14,145
293,10,140,7,85,97,200,9,35,207
293,11,153,95,212,114,2,190,147,15
293,12,233,57,234,181,84,172,133,155
293,13,48,168,163,41,38,30,207,22
293,14,42,141,89,178,220,251,156,79
293,15,239,234,84,118,203,209,248,236
293,16,206,226,90,249,241,8,180,207
293,17,205,197,3,231,23,169,206,189
293,18,189,21,28,211,231,157,135,243
293,19,181,155,179,245,185,216,60,106
293,20,13,65,236,43,154,207,158,215
293,21,231,89,236,105,162,4,244,237
293,22,7,0,85,35,97,140,128,200
293,23,95,212,153,15,10,94,2,195
293,24,57,234,233,191,181,173,205,133
293,25,48,163,30,41,140,122,22,249
293,26,42,89,178,220,141,174,61,157
293,27,239,84,248,234,118,236,209,43
293,28,206,249,8,226,241,90,168,230
293,29,205,169,3,231,23,50,240,17
293,30,189,69,21,28,211,210,231,243
293,31,60,181,185,155,251,179,71,216
293,32,91,195,86,246,146,243,126,199
293,33,36,248,38,97,37,171,189,217
293,34,90,28,171,212,255,187,188,59
293,35,49,20,73,236,100,145,161,201
293,36,147,0,234,42,8,227,193,119
293,37,193,220,83,45,87,84,37,210
293,38,44,162,139,15,39,3,126,244
293,39,241,23,220,224,68,14,61,15
294,0,110,165,57,59,56,131,9,221
294,1,40,209,96,183,57,166,206,94
294,2,21,238,234,178,209,191,19,241
294,3,55,41,234,153,143,247,70,200
294,4,138,156,35,164,182,71,145,80
294,5,5,19,118,249,84,116,144,225
294,6,9,27,201,174,204,43,59,189
294,7,146,77,243,210,41,83,0,202
294,8,236,252,181,230,13,43,201,207
294,9,231,148,105,80,242,43,162,163
294,10,46,140,97,200,85,7,81,107
294,11,93,212,210,197,95,94,240,116
294,12,234,172,233,133,173,205,57,107
294,13,181,48,30,41,163,207,140,196
294,14,79,42,141,251,157,89,15,174
294,15,118,239,236,84,22,9,43,209
294,16,226,8,90,206,249,123,211,253
294,17,205,23,3,31,169,138,231,17
294,18,21,210,189,135,231,28,206,211
294,19,181,245,185,155,46,159,40,129
294,20,13,236,190,207,43,154,184,222
294,21,231,236,105,89,148,242,80,162
294,22,7,85,200,128,140,35,97,107
294,23,212,95,116,210,197,93,94,240
294,24,234,57,233,205,219,227,172,133
294,25,30,122,48,163,41,140,249,181
294,26,42,89,178,141,61,79,174,157
294,27,239,84,118,236,203,209,234,22
294,28,8,206,249,241,226,30,168,78
294,29,205,3,231,169,128,49,23,240
294,30,189,28,21,231,70,157,211,210
294,31,216,155,181,185,60,251,179,71
294,32,86,91,246,243,171,176,131,32
294,33,171,38,96,36,248,10,104,189
294,34,28,90,171,238,44,235,206,59
294,35,73,49,20,236,148,100,201,255
294,36,147,227,42,39,234,244,139,193
294,37,193,83,15,45,78,87,27,220
294,38,139,215,44,162,39,3,75,157
294,39,158,72,224,15,36,220,14,197
295,0,242,27,187,96,133,122,186,194
295,1,13,117,96,111,183,209,40,42
295,2,21,241,212,178,213,191,138,206
295,3,234,55,155,247,153,170,44,215
295,4,55,180,169,182,35,225,164,145
295,5,232,5,84,19,3,225,118,253
295,6,9,174,178,92,108,59,142,115
295,7,146,243,41,210,133,181,94,163
295,8,236,43,128,13,215,9,58,207
295,9,105,244,162,236,231,111,19,80
295,10,7,140,85,97,207,163,197,181
295,11,95,212,2,116,153,190,240,232
295,12,233,57,234,172,231,72,36,206
295,13,207,140,30,15,48,41,122,174
295,14,42,1,152,141,89,232,227,70
295,15,239,209,84,118,222,234,236,252
295,16,241,206,90,78,30,168,249,222
295,17,180,205,3,231,128,169,23,189
295,18,189,28,157,21,231,70,206,235
295,19,181,216,179,155,1,244,60,245
295,20,13,236,215,68,43,9,158,211
295,21,244,236,89,19,105,162,17,43
295,22,7,128,85,154,181,97,0,207
295,23,95,212,2,116,131,94,68,240
295,24,57,234,233,231,12,72,36,205
295,25,48,122,30,41,249,36,163,128
295,26,89,42,232,1,141,174,152,38
295,27,239,209,118,84,236,222,248,212
295,28,241,8,30,78,206,168,222,90
295,29,3,231,205,128,49,232,180,169
295,30,157,189,70,28,21,231,109,165
295,31,60,216,179,155,181,185,71,251
295,32,86,243,157,171,91,246,176,195
295,33,171,36,117,38,94,10,97,248
295,34,28,206,90,182,187,212,171,235
295,35,73,201,255,49,40,100,161,184
295,36,42,57,58,147,234,0,8,244
295,37,87,45,102,210,95,83,220,90
295,38,244,114,15,157,162,39,104,44
295,39,14,23,220,61,89,252,52,165
296,0,181,82,107,251,39,168,255,221
296,1,131,158,40,58,210,209,12,117
296,2,24,177,48,107,191,160,95,99
296,3,247,180,234,216,144,255,86,245
296,4,55,180,82,156,40,139,182,35
296,5,232,3,174,19,5,142,225,84
296,6,174,9,108,3,114,178,115,16
296,7,146,133,94,243,210,41,17,207
296,8,68,236,13,248,112,43,215,9
296,9,244,19,105,236,111,162,206,144
296,10,68,7,154,181,128,97,197,140
296,11,64,2,212,68,95,18,190,240
296,12,106,233,57,234,231,172,72,184
296,13,164,200,184,230,48,70,207,122
296,14,42,152,227,1,141,89,232,119
296,15,241,209,103,222,239,118,236,22
296,16,241,30,149,78,206,90,8,123
296,17,26,231,180,232,3,205,155,128
296,18,157,189,231,70,109,28,21,243
296,19,216,179,181,237,245,155,185,46
296,20,13,236,9,211,60,215,43,68
296,21,244,236,111,17,162,80,89,19
296,22,97,181,68,154,7,200,128,85
296,23,64,68,212,2,240,101,190,18
296,24,57,231,36,72,233,200,234,66
296,25,122,207,164,48,163,36,184,193
296,26,227,111,89,232,141,174,76,1
296,27,222,209,10,236,212,118,239,7
296,28,129,30,241,8,222,173,206,149
296,29,3,26,231,232,199,128,240,169
296,30,157,70,109,189,55,231,28,1
296,31,216,237,179,60,46,155,245,185
296,32,243,224,197,171,126,46,199,176
296,33,171,201,179,156,117,38,10,185
296,34,206,49,217,28,131,177,70,213
296,35,73,201,224,255,100,98,40,184
296,36,255,57,42,58,24,250,239,244
296,37,50,192,45,95,210,87,90,83
296,38,146,114,244,15,14,162,39,157
296,39,85,14,13,177,220,61,89,36
297,0,152,177,109,55,217,2,24,47
297,1,236,175,226,42,131,178,49,8
297,2,3,24,221,160,157,193,177,211
297,3,234,247,66,63,197,215,16,61
297,4,169,243,137,180,30,1,51,194
297,5,225,48,3,232,142,5,129,187
297,6,25,108,70,32,9,174,50,201
297,7,94,138,17,77,146,130,202,189
297,8,236,60,9,215,227,211,248,252
297,9,244,80,144,111,162,17,52,242
297,10,181,50,154,107,11,162,233,217
297,11,212,2,68,94,146,201,97,232
297,12,166,36,231,57,233,107,234,165
297,13,82,122,70,184,230,128,207,193
297,14,227,89,130,1,232,111,174,250
297,15,209,222,10,118,236,22,212,239
297,16,30,241,129,123,90,206,8,82
297,17,231,3,174,232,36,199,41,180
297,18,157,189,70,109,116,209,66,231
297,19,216,179,126,155,55,60,247,46
297,20,13,211,60,9,73,215,236,36
297,21,244,236,89,80,17,162,43,111
297,22,181,154,97,200,233,7,128,140
297,23,212,68,2,146,37,197,240,59
297,24,166,231,57,234,233,36,72,55
297,25,230,48,36,0,122,163,193,207
297,26,89,174,1,232,227,42,111,15
297,27,10,209,118,222,212,236,239,234
297,28,30,241,138,82,206,129,8,12
297,29,3,231,169,128,205,174,232,78
297,30,157,70,66,209,189,151,109,55
297,31,216,60,179,46,155,185,126,18
297,32,243,14,109,120,144,171,126,46
297,33,171,103,10,38,185,250,68,12
297,34,94,11,18,227,28,249,206,48
297,35,73,201,100,255,98,40,136,230
297,36,79,48,58,42,44,57,244,223
297,37,45,162,210,102,95,196,87,83
297,38,185,114,244,15,14,162,39,157
297,39,77,14,66,44,220,61,224,197
298,0,55,47,152,13,31,203,174,177
298,1,87,42,80,5,44,64,49,236
298,2,9,160,3,67,149,235,35,111
298,3,234,63,16,180,130,192,132,146
298,4,180,44,243,169,221,30,148,113
298,5,232,3,5,142,19,225,48,75
298,6,9,174,57,201,25,108,253,224
298,7,146,133,223,17,138,189,38,83
298,8,60,236,9,43,211,227,128,58
298,9,244,111,236,105,80,162,144,213
298,10,154,181,7,85,19,242,200,97
298,11,212,2,94,220,190,95,68,197
298,12,233,57,234,231,172,107,72,205
298,13,122,184,30,207,128,48,36,136
298,14,42,1,89,227,232,141,15,111
298,15,239,209,222,118,236,10,84,22
298,16,206,241,30,90,168,8,123,222
298,17,231,3,205,180,62,21,23,169
298,18,157,189,28,21,70,151,231,109
298,19,181,179,216,155,85,245,129,189
298,20,13,43,236,60,215,218,9,158
298,21,236,89,244,105,4,162,231,111
298,22,7,154,85,181,97,216,128,242
298,23,95,212,201,2,220,197,59,94
298,24,57,234,233,128,11,205,12,231
298,25,48,41,30,163,230,140,19,97
298,26,42,89,174,206,203,22,218,178
298,27,239,234,84,22,118,209,236,212
298,28,206,193,249,168,241,8,226,90
298,29,3,231,205,88,50,169,21,62
298,30,70,189,50,211,21,157,28,243
298,31,251,179,181,185,216,155,28,245
298,32,86,91,131,109,179,246,243,120
298,33,38,132,234,104,171,248,36,11
298,34,171,28,240,44,238,206,48,72
298,35,236,20,190,148,73,161,74,145
298,36,147,227,202,39,115,11,42,142
298,37,83,27,143,78,45,95,193,15
298,38,44,215,39,169,119,15,162,75
298,39,158,75,220,197,179,72,15,122
299,0,166,113,97,142,205,213,215,150
299,1,34,26,187,118,59,117,132,87
299,2,90,146,249,162,19,26,0,155
299,3,211,31,46,146,234,135,37,84
299,4,161,167,65,13,14,30,251,19
299,5,104,5,3,142,232,161,204,6
299,6,9,174,167,178,126,202,43,59
299,7,146,210,133,91,29,83,23,41
299,8,33,13,207,43,89,69,28,58
299,9,39,105,94,29,13,236,231,244
299,10,7,85,140,130,35,207,97,213
299,11,20,212,95,2,147,232,94,190
299,12,57,233,234,205,172,26,63,12
299,13,30,140,41,97,48,15,207,181
299,14,42,89,141,178,251,79,199,1
299,15,239,65,118,84,22,209,234,236
299,16,206,249,90,226,8,241,207,211
299,17,205,3,231,23,50,169,180,189
299,18,189,21,28,148,211,50,157,231
299,19,130,181,155,251,216,245,106,185
299,20,13,33,236,124,43,184,69,207
299,21,236,39,231,89,105,4,29,94
299,22,7,85,35,128,200,130,97,15
299,23,20,95,212,94,147,240,107,84
299,24,57,234,233,181,219,63,26,132
299,25,48,163,30,41,43,249,140,122
299,26,42,89,174,178,79,61,156,157
299,27,84,65,234,239,236,118,22,43
299,28,226,249,206,8,167,5,96,99
299,29,50,205,3,169,172,231,240,23
299,30,189,148,211,70,210,187,21,243
299,31,251,130,181,185,155,179,91,46
299,32,91,99,131,113,246,243,238,62
299,33,190,248,38,232,171,41,104,58
299,34,171,88,97,161,56,34,70,206
299,35,236,145,20,100,73,161,218,151
299,36,207,42,11,49,202,211,147,193
299,37,45,83,193,143,67,87,15,210
299,38,44,39,71,15,162,114,244,3
299,39,72,69,220,241,92,244,15,14
300,0,6,57,88,59,56,110,66,26
300,1,118,117,250,191,112,189,145,86
300,2,198,87,121,76,238,222,108,6
300,3,70,234,19,92,73,245,202,76
300,4,118,65,74,242,224,30,138,56
300,5,174,5,24,144,249,225,6,118
300,6,115,9,174,114,27,42,16,3
300,7,129,91,2,41,210,146,44,1
300,8,120,207,13,12,248,33,184,42
300,9,4,148,105,231,89,217,236,162
300,10,68,253,97,161,140,30,228,208
300,11,210,113,195,142,212,95,208,2
300,12,181,234,233,154,84,136,57,144
300,13,48,164,163,41,22,142,30,100
300,14,42,174,206,89,213,141,178,251
300,15,22,203,234,84,118,239,240,212
300,16,206,90,167,249,21,226,161,180
300,17,26,205,231,50,3,240,23,181
300,18,70,189,243,211,148,157,190,21
300,19,251,181,179,155,185,102,65,106
300,20,13,124,236,43,60,201,184,55
300,21,4,236,89,219,148,220,162,231
300,22,253,68,97,30,35,15,228,200
300,23,113,212,210,101,94,64,147,190
300,24,181,233,57,173,234,132,72,29
300,25,163,48,164,30,122,247,22,41
300,26,89,206,174,178,42,238,76,156
300,27,234,203,22,118,84,212,7,239
300,28,206,21,167,8,161,249,226,90
300,29,26,205,3,50,181,231,206,23
300,30,243,189,70,211,148,149,157,238
300,31,251,185,65,155,179,102,106,181
300,32,224,42,91,177,197,243,126,242
300,33,177,38,96,248,156,171,217,12
300,34,49,217,171,196,70,30,213,188
300,35,100,236,219,224,80,20,131,73
300,36,255,11,24,42,239,193,223,84
300,37,158,83,50,45,37,14,140,87
300,38,39,146,40,44,15,14,162,244
300,39,85,177,13,15,61,220,14,216
301,0,180,203,55,47,177,152,214,137
301,1,237,111,70,117,220,42,239,22
301,2,221,234,77,3,212,71,195,193
301,3,234,16,63,58,180,44,113,184
301,4,178,243,169,30,125,194,80,51
301,5,5,66,225,232,187,144,168,91
301,6,115,9,57,27,108,136,250,134
301,7,41,122,146,210,223,129,1,95
301,8,124,13,68,215,207,43,154,12
301,9,4,219,89,236,105,220,190,213
301,10,30,140,228,253,97,15,19,174
301,11,113,212,208,190,95,240,2,37
301,12,181,233,234,204,57,72,231,29
301,13,48,163,184,53,247,207,193,30
301,14,206,42,174,122,89,76,141,251
301,15,234,22,212,186,209,84,118,239
301,16,206,21,90,241,167,52,249,123
301,17,205,231,50,206,3,181,12,23
301,18,243,70,189,157,211,149,21,190
301,19,251,179,65,185,155,181,102,216
301,20,13,5,215,60,7,67,131,124
301,21,219,4,89,236,162,220,244,17
301,22,30,253,140,97,174,228,146,107
301,23,113,212,190,37,208,197,94,147
301,24,204,181,233,7,234,72,29,132
301,25,163,48,247,22,41,156,30,249
301,26,206,89,174,203,122,13,76,220
301,27,7,234,212,105,22,186,118,84
301,28,21,206,167,249,226,52,90,99
301,29,181,206,50,3,205,164,240,214
301,30,243,149,70,211,189,148,11,168
301,31,251,185,65,91,155,126,179,71
301,32,91,62,109,177,48,18,102,242
301,33,38,234,107,248,177,224,250,58
301,34,171,240,70,56,30,64,95,48
301,35,236,99,219,20,196,161,39,85
301,36,202,49,152,246,79,195,42,11
301,37,83,45,161,174,60,15,193,140
301,38,39,44,40,234,15,9,30,162
301,39,72,250,92,15,244,220,203,183
302,0,242,234,133,152,186,248,27,13
302,1,9,89,149,232,117,198,42,12
302,2,230,150,110,86,50,249,206,19
302,3,222,180,155,234,247,63,13,192
302,4,226,169,94,71,40,12,64,47
302,5,6,66,225,187,189,5,115,81
302,6,115,9,134,136,123,142,235,50
302,7,41,243,122,1,129,228,181,146
302,8,5,124,13,154,67,215,131,45
302,9,4,96,219,89,220,105,190,1
302,10,30,15,253,140,174,35,107,97
302,11,212,113,153,208,116,95,190,114
302,12,181,204,234,173,121,233,29,55
302,13,48,163,247,193,53,54,133,249
302,14,206,174,42,89,82,79,251,218
302,15,234,22,105,186,7,212,118,202
302,16,21,206,52,90,193,82,233,167
302,17,206,205,181,50,231,3,190,197
302,18,243,70,211,151,149,189,190,238
302,19,251,60,65,185,155,80,179,126
302,20,13,5,67,131,154,7,215,170
302,21,96,219,89,4,220,236,162,128
302,22,0,140,216,30,15,253,35,174
302,23,113,116,212,208,190,59,95,114
302,24,204,181,234,128,121,233,173,7
302,25,48,163,247,30,41,156,249,193
302,26,206,89,174,203,218,42,22,13
302,27,234,7,22,212,186,5,84,118
302,28,206,21,193,226,167,249,230,82
302,29,49,3,181,88,205,206,240,50
302,30,70,149,243,211,50,189,162,231
302,31,60,251,185,28,155,65,179,80
302,32,91,179,86,162,177,109,195,146
302,33,38,104,36,97,250,189,248,37
302,34,28,44,238,171,212,90,255,109
302,35,148,190,49,20,236,219,161,74
302,36,147,227,39,115,234,42,11,193
302,37,27,78,193,83,15,97,45,220
302,38,215,39,44,119,15,40,126,139
302,39,158,72,224,36,75,220,15,149
303,0,171,117,185,96,226,187,133,242
303,1,40,13,96,209,117,206,183,223
303,2,229,197,66,128,35,107,252,19
303,3,234,247,170,86,192,180,153,221
303,4,139,55,82,180,8,226,60,2
303,5,6,66,81,225,5,114,187,237
303,6,16,115,123,114,3,9,134,136
303,7,41,1,243,220,210,84,146,122
303,8,112,124,5,13,67,12,45,248
303,9,239,4,178,219,96,89,19,206
303,10,30,15,163,140,253,107,229,209
303,11,113,208,18,142,212,116,130,190
303,12,204,181,67,234,95,233,173,29
303,13,48,200,163,247,193,53,196,116
303,14,38,206,174,40,210,13,76,218
303,15,240,22,103,234,7,105,212,241
303,16,21,206,90,167,52,13,180,226
303,17,155,181,206,50,205,143,190,12
303,18,243,70,238,190,162,11,149,168
303,19,251,65,155,71,185,43,102,179
303,20,112,13,5,67,124,131,242,170
303,21,219,4,89,239,178,206,220,162
303,22,163,31,15,174,30,107,140,168
303,23,113,18,142,208,207,212,156,109
303,24,67,204,121,181,132,46,95,107
303,25,48,163,156,247,249,18,30,51
303,26,206,89,38,174,235,146,22,220
303,27,240,234,22,7,186,103,105,212
303,28,21,206,167,249,226,52,179,42
303,29,155,181,50,240,205,3,231,206
303,30,149,70,243,211,190,238,189,231
303,31,251,179,28,185,65,155,71,60
303,32,17,91,177,194,62,243,176,61
303,33,214,23,38,94,117,248,171,122
303,34,58,12,187,70,188,171,54,206
303,35,236,196,80,20,219,214,151,161
303,36,0,253,193,8,42,239,11,223
303,37,84,83,220,164,97,45,241,87
303,38,39,136,44,40,244,22,15,126
303,39,23,16,145,220,68,149,61,125
304,0,65,218,212,110,157,40,1,202
304,1,31,221,165,98,166,117,135,42
304,2,115,178,56,201,237,5,81,125
304,3,234,247,202,42,15,55,113,101
304,4,139,180,133,30,226,55,60,82
304,5,31,213,66,6,18,5,81,14
304,6,241,114,115,186,16,3,9,243
304,7,41,1,61,19,146,243,122,238
304,8,157,13,207,124,112,68,103,248
304,9,4,219,14,178,213,89,145,220
304,10,220,250,31,30,15,140,53,114
304,11,113,109,207,158,2,212,142,156
304,12,181,67,204,234,233,132,12,173
304,13,48,163,247,164,53,200,41,193
304,14,38,206,42,174,76,40,122,89
304,15,234,212,22,116,240,241,120,209
304,16,206,21,78,90,167,149,241,52
304,17,231,181,205,3,155,50,12,216
304,18,243,162,189,149,70,157,211,98
304,19,179,251,185,181,34,43,126,65
304,20,13,157,5,194,60,215,131,112
304,21,219,89,4,162,236,244,24,220
304,22,220,30,250,97,140,7,31,159
304,23,2,109,156,207,212,113,190,158
304,24,233,181,204,12,67,173,72,57
304,25,163,48,200,247,164,174,36,1
304,26,122,38,206,22,15,174,136,89
304,27,234,212,239,240,118,7,209,105
304,28,201,206,241,21,78,239,178,149
304,29,216,3,181,231,205,155,43,128
304,30,149,189,243,70,157,211,208,109
304,31,179,185,251,71,60,155,126,181
304,32,116,197,91,174,243,75,43,177
304,33,59,206,171,38,18,182,248,63
304,34,206,205,152,11,213,171,131,188
304,35,236,73,20,132,220,100,201,214
304,36,251,42,119,239,58,145,223,57
304,37,50,45,83,14,210,97,90,87
304,38,39,124,15,244,14,44,86,162
304,39,177,13,62,203,220,14,89,85
305,0,55,1,175,134,152,177,178,31
305,1,157,101,15,37,22,116,42,117
305,2,115,71,183,143,3,201,180,72
305,3,234,247,180,42,16,63,213,227
305,4,180,169,44,40,226,35,1,30
305,5,81,14,237,5,187,229,82,232
305,6,241,9,115,243,114,174,178,39
305,7,41,146,122,246,210,240,238,167
305,8,13,68,60,215,5,124,154,145
305,9,219,4,244,236,213,105,162,89
305,10,7,220,140,30,97,250,85,31
305,11,2,212,95,158,190,201,113,109
305,12,234,57,233,181,12,205,204,132
305,13,48,163,30,41,247,53,136,156
305,14,42,206,89,174,251,178,141,76
305,15,22,239,84,234,209,118,212,186
305,16,206,193,90,249,241,167,123,30
305,17,205,231,3,50,23,56,213,12
305,18,50,28,157,189,211,21,70,243
305,19,181,65,155,175,251,179,102,106
305,20,13,5,124,207,201,215,145,43
305,21,89,4,219,236,192,105,145,13
305,22,216,35,85,31,220,51,78,7
305,23,212,201,94,113,116,95,233,2
305,24,128,234,181,57,132,7,205,217
305,25,48,97,30,156,100,163,41,247
305,26,206,89,218,174,40,30,156,178
305,27,22,84,234,207,239,197,118,186
305,28,193,167,196,206,99,249,90,82
305,29,88,61,216,50,181,205,231,21
305,30,50,70,162,211,189,243,165,11
305,31,251,28,65,179,252,181,155,185
305,32,109,179,131,91,125,246,62,86
305,33,132,38,104,95,11,171,122,143
305,34,44,171,240,28,238,72,183,173
305,35,148,190,80,236,20,191,74,145
305,36,115,227,39,202,147,142,19,11
305,37,27,78,165,169,83,16,15,143
305,38,169,215,119,39,158,44,35,206
305,39,75,158,179,117,139,91,244,118
306,0,166,97,113,142,150,205,213,67
306,1,34,26,59,187,118,132,117,87
306,2,146,103,59,90,0,183,19,46
306,3,211,146,31,46,37,234,135,84
306,4,167,161,65,13,30,14,251,131
306,5,6,104,5,161,186,66,224,237
306,6,115,167,9,241,123,134,142,178
306,7,41,91,1,146,210,29,122,23
306,8,33,13,207,89,7,124,5,248
306,9,39,4,94,29,219,13,132,105
306,10,253,130,216,140,248,35,15,30
306,11,212,20,113,95,94,84,216,147
306,12,181,234,121,26,63,57,7,233
306,13,48,43,156,97,30,163,33,41
306,14,206,42,89,251,178,124,156,218
306,15,22,65,84,118,197,234,239,207
306,16,167,90,206,123,249,5,196,233
306,17,50,205,61,23,231,56,147,3
306,18,12,187,70,50,165,211,243,148
306,19,65,130,106,155,251,111,68,175
306,20,33,13,201,124,184,5,28,7
306,21,39,192,89,29,13,94,4,220
306,22,35,130,31,253,143,85,216,73
306,23,20,113,212,94,95,147,250,243
306,24,181,234,132,121,26,63,128,57
306,25,48,43,163,30,41,97,156,147
306,26,89,42,206,61,178,174,156,32
306,27,65,84,239,234,22,118,236,43
306,28,249,206,5,226,8,99,167,96
306,29,50,205,172,3,231,169,23,61
306,30,148,189,211,187,70,21,28,243
306,31,130,181,251,185,155,179,216,91
306,32,91,246,99,131,113,238,62,243
306,33,190,38,248,232,104,171,41,151
306,34,171,97,88,161,34,56,62,55
306,35,145,236,20,73,218,74,39,161
306,36,207,49,202,211,147,42,11,227
306,37,15,27,67,83,174,143,193,45
306,38,44,71,234,39,30,80,215,9
306,39,69,72,244,92,36,183,158,250
307,0,22,106,6,153,51,85,49,227
307,1,223,117,84,250,118,110,156,207
307,2,59,198,16,108,10,121,87,163
307,3,98,146,97,160,234,238,27,31
307,4,167,118,14,65,242,251,30,67
307,5,67,5,10,161,224,186,6,100
307,6,167,9,174,142,215,178,115,250
307,7,44,210,91,41,146,1,133,46
307,8,33,13,207,57,212,89,164,69
307,9,132,13,94,105,89,156,4,98
307,10,7,253,161,62,140,114,248,130
307,11,20,95,203,238,2,36,212,195
307,12,57,234,233,181,12,205,63,253
307,13,41,30,15,48,97,140,29,33
307,14,42,178,89,99,61,141,147,251
307,15,239,84,234,118,236,22,43,2
307,16,206,226,249,207,90,8,123,168
307,17,205,3,231,23,169,138,17,110
307,18,189,112,28,21,135,157,206,211
307,19,181,155,216,245,185,106,179,1
307,20,33,13,236,190,252,45,43,218
307,21,236,231,105,132,89,242,4,80
307,22,128,7,85,200,140,35,97,181
307,23,95,212,20,94,10,36,68,107
307,24,233,57,234,219,43,72,45,227
307,25,48,163,30,41,122,181,36,249
307,26,42,89,178,79,61,174,156,15
307,27,239,236,84,234,118,43,22,212
307,28,206,249,226,8,156,168,161,90
307,29,169,110,3,205,231,172,17,50
307,30,189,112,21,210,211,28,206,71
307,31,181,185,155,251,91,159,129,179
307,32,91,113,238,131,243,246,94,201
307,33,248,73,38,232,171,41,107,3
307,34,97,171,56,161,252,34,235,209
307,35,236,218,20,85,145,73,161,111
307,36,202,181,246,211,152,195,42,139
307,37,83,45,174,67,143,161,87,193
307,38,234,9,201,44,30,39,101,162
307,39,250,246,92,1,183,220,215,72
308,0,242,234,27,186,103,188,144,111
308,1,198,117,8,42,189,255,118,9
308,2,230,150,86,76,92,16,108,198
308,3,234,155,215,180,156,214,177,63
308,4,112,94,98,169,239,71,63,194
308,5,5,169,225,144,18,84,187,253
308,6,19,9,92,43,142,178,200,59
308,7,210,146,41,181,243,133,145,101
308,8,13,252,207,43,65,190,69,212
308,9,231,105,236,89,162,4,24,237
308,10,140,7,207,200,35,161,253,9
308,11,95,153,238,212,190,10,130,15
308,12,233,234,173,219,57,181,183,133
308,13,30,15,41,48,163,140,181,206
308,14,42,141,89,119,232,99,79,178
308,15,239,84,118,248,234,236,212,43
308,16,206,226,249,90,8,103,241,207
308,17,205,3,169,197,23,231,138,189
308,18,189,21,157,210,206,231,211,28
308,19,181,185,155,245,129,216,46,1
308,20,13,252,65,236,190,43,45,68
308,21,236,231,89,105,242,80,4,163
308,22,7,140,200,0,128,85,35,108
308,23,95,153,212,15,94,10,238,68
308,24,233,219,234,45,57,72,181,173
308,25,163,48,30,41,181,140,36,122
308,26,89,42,99,220,79,174,61,83
308,27,236,118,84,234,248,239,43,10
308,28,206,226,8,249,103,239,168,90
308,29,169,205,3,138,128,231,240,189
308,30,189,210,69,206,21,211,109,157
308,31,185,155,129,181,60,251,159,1
308,32,91,195,243,86,126,146,199,94
308,33,248,171,38,97,36,37,3,217
308,34,28,212,171,255,90,209,187,235
308,35,49,100,73,236,145,20,92,111
308,36,147,234,0,42,8,139,227,35
308,37,220,45,193,83,87,210,9,84
308,38,162,44,15,3,14,167,114,139
308,39,241,23,220,115,68,224,61,223
309,0,110,165,57,59,56,9,221,227
309,1,209,40,96,183,57,206,166,207
309,2,196,238,209,234,66,62,229,56
309,3,134,70,73,138,50,137,234,3
309,4,138,156,35,164,226,0,80,98
309,5,5,19,118,249,116,225,84,181
309,6,9,27,201,43,178,19,174,189
309,7,146,77,133,210,41,0,83,243
309,8,236,252,43,201,181,13,230,124
309,9,231,148,105,213,242,80,162,236
309,10,140,200,97,46,7,85,107,192
309,11,95,93,212,210,10,94,197,216
309,12,234,233,133,172,205,173,219,107
309,13,30,181,41,140,48,15,207,241
309,14,79,42,251,141,89,157,178,174
309,15,118,84,236,239,10,9,22,43
309,16,226,8,90,206,123,249,211,6
309,17,205,169,3,138,23,31,245,17
309,18,210,135,21,189,231,206,70,178
309,19,181,185,46,245,159,129,155,5
309,20,13,236,230,252,190,43,255,134
309,21,231,89,236,242,105,163,148,80
309,22,200,140,7,85,35,97,107,15
309,23,212,95,197,210,94,116,93,65
309,24,233,234,219,45,227,173,37,183
309,25,163,30,181,48,41,196,23,213
309,26,42,89,15,79,174,99,141,227
309,27,236,118,234,84,239,10,203,43
309,28,226,206,8,249,199,78,239,103
309,29,128,3,169,205,138,49,240,231
309,30,189,210,157,206,28,21,70,211
309,31,185,216,155,181,60,251,129,46
309,32,243,91,86,126,246,61,94,111
309,33,171,96,248,38,36,97,3,117
309,34,28,90,171,238,235,209,125,44
309,35,49,73,100,236,20,92,111,145
309,36,227,147,42,234,139,202,39,223
309,37,193,15,83,45,78,87,27,210
309,38,215,44,139,162,3,15,39,18
309,39,158,72,15,220,224,252,115,36
310,0,117,133,96,187,185,226,171,27
310,1,13,209,117,96,111,57,194,65
310,2,196,212,56,176,114,229,9,66
310,3,247,234,170,180,114,134,215,73
310,4,182,55,35,8,119,0,169,123
310,5,225,5,3,84,232,118,187,116
310,6,9,27,3,43,178,201,115,202
310,7,133,146,243,41,210,77,72,236
310,8,252,112,13,236,43,248,190,0
310,9,231,19,236,105,206,80,162,242
310,10,163,7,140,200,97,207,108,107
310,11,95,212,18,116,190,68,10,238
310,12,233,234,173,57,172,72,67,205
310,13,200,41,15,30,140,163,36,181
310,14,42,141,232,89,38,79,152,227
310,15,239,118,241,103,209,236,84,234
310,16,206,8,78,90,226,241,232,30
310,17,205,155,3,128,169,231,23,180
310,18,157,189,28,21,231,210,206,70
310,19,216,245,181,185,155,1,46,129
310,20,13,68,236,112,252,190,45,43
310,21,236,19,89,231,17,80,213,206
310,22,154,128,200,163,181,85,7,140
310,23,212,18,68,240,94,130,101,190
310,24,72,233,234,57,219,117,107,227
310,25,122,163,36,48,30,181,200,193
310,26,89,232,174,38,111,227,79,1
310,27,118,236,239,10,241,43,22,209
310,28,8,206,30,226,241,78,199,90
310,29,3,128,169,155,231,205,23,174
310,30,157,189,210,28,70,206,231,109
310,31,216,185,155,46,245,233,196,60
310,32,17,243,126,91,199,37,61,194
310,33,171,117,94,38,214,23,248,12
310,34,177,28,187,58,19,54,70,235
310,35,73,100,201,98,7,161,92,220
310,36,57,42,8,0,58,253,223,244
310,37,45,220,87,90,210,164,158,83
310,38,244,162,15,114,3,14,136,22
310,39,14,23,220,16,61,89,252,68
311,0,181,82,255,107,39,251,221,83
311,1,89,237,119,220,117,207,60,166
311,2,174,99,209,181,196,9,156,48
311,3,73,137,109,217,134,169,65,179
311,4,35,247,7,182,199,187,82,49
311,5,3,174,232,142,225,5,118,181
311,6,9,108,50,27,186,115,201,202
311,7,146,133,195,94,41,138,60,210
311,8,68,236,43,248,13,46,227,112
311,9,236,244,213,105,111,162,19,231
311,10,154,68,128,181,200,97,140,197
311,11,64,68,212,240,190,94,197,95
311,12,233,57,234,231,172,72,106,36
311,13,164,122,30,41,207,230,36,48
311,14,42,250,89,251,152,1,141,232
311,15,239,136,222,118,84,22,236,209
311,16,30,8,90,123,241,222,206,162
311,17,180,26,231,3,23,205,128,232
311,18,157,28,189,231,70,21,109,206
311,19,216,181,155,7,245,237,106,179
311,20,13,211,218,227,236,9,68,190
311,21,111,236,244,17,43,89,80,162
311,22,128,181,68,154,85,200,97,241
311,23,64,68,212,240,131,94,101,190
311,24,57,233,234,72,36,107,66,12
311,25,122,207,164,226,184,249,48,238
311,26,250,111,89,141,232,1,227,15
311,27,222,236,239,10,118,5,209,154
311,28,30,8,222,129,241,149,123,197
311,29,26,232,128,101,231,189,3,199
311,30,157,55,109,28,189,70,231,210
311,31,237,216,245,46,155,66,179,196
311,32,243,224,197,126,199,80,171,37
311,33,179,171,201,156,117,38,248,12
311,34,177,49,217,28,213,235,58,70
311,35,73,224,100,98,201,161,92,220
311,36,57,255,42,24,58,223,130,239
311,37,50,45,210,87,158,90,14,83
311,38,146,244,162,15,114,14,3,86
311,39,14,177,85,13,220,89,61,252
312,0,109,2,86,41,65,152,24,29
312,1,236,117,42,226,15,8,85,118
312,2,221,139,174,77,5,181,185,24
312,3,234,247,167,156,63,19,179,134
312,4,149,243,169,30,194,226,126,35
312,5,213,225,3,5,142,118,232,202
312,6,27,201,50,108,9,186,115,25
312,7,146,41,138,133,94,122,17,83
312,8,68,157,13,236,183,252,43,158
312,9,236,244,231,17,80,162,242,105
312,10,128,154,97,200,30,108,140,181
312,11,68,212,151,240,207,156,94,113
312,12,233,166,234,72,57,231,172,107
312,13,230,122,48,36,41,30,207,163
312,14,232,89,141,227,250,42,79,1
312,15,222,236,118,116,10,239,209,22
312,16,30,90,8,241,199,123,206,138
312,17,231,23,205,169,232,180,174,126
312,18,157,237,189,206,28,109,231,70
312,19,216,245,206,237,155,46,181,196
312,20,13,157,190,236,252,158,218,68
312,21,236,17,231,89,80,244,4,162
312,22,128,154,17,200,181,97,123,108
312,23,68,212,151,209,156,240,101,94
312,24,57,72,219,233,166,234,107,227
312,25,122,230,36,48,181,163,207,30
312,26,232,89,250,227,174,111,79,1
312,27,236,118,222,10,209,43,116,22
312,28,8,30,138,140,206,201,199,241
312,29,231,169,78,23,3,174,128,205
312,30,157,237,206,189,28,55,210,109
312,31,216,46,196,245,237,155,185,40
312,32,197,126,243,75,61,94,37,116
312,33,171,161,103,38,179,201,5,248
312,34,227,177,94,152,28,213,11,70
312,35,73,100,98,220,201,92,184,111
312,36,57,42,251,55,48,24,239,130
312,37,45,87,210,162,50,14,83,9
312,38,244,162,14,15,124,114,3,157
312,39,14,13,177,220,61,77,252,89
313,0,67,152,2,47,115,41,55,203
313,1,42,101,236,70,15,74,77,90
313,2,131,235,139,0,163,157,203,181
313,3,234,134,63,13,61,215,227,212
313,4,149,169,243,44,212,178,11,22
313,5,225,181,91,118,48,234,5,187
313,6,201,186,9,27,104,58,168,190
313,7,146,130,138,83,212,163,220,77
313,8,236,252,13,9,45,68,43,183
313,9,236,231,162,244,111,17,43,80
313,10,200,97,154,128,181,103,119,140
313,11,212,68,240,197,37,94,190,146
313,12,72,166,234,107,233,36,231,172
313,13,122,230,48,193,163,207,30,216
313,14,227,89,237,141,79,232,152,174
313,15,236,118,10,222,209,212,22,18
313,16,8,30,90,199,129,241,123,154
313,17,174,169,232,231,23,205,36,3
313,18,157,109,231,189,70,210,66,87
313,19,216,46,245,247,196,206,155,181
313,20,45,13,236,252,9,190,158,211
313,21,236,231,17,80,89,162,244,163
313,22,200,97,128,154,181,204,67,103
313,23,68,212,240,197,146,37,94,190
313,24,72,166,219,233,234,57,55,107
313,25,122,230,181,36,163,193,48,67
313,26,89,237,232,227,174,79,111,250
313,27,236,118,10,40,43,18,212,222
313,28,8,138,199,129,30,140,206,56
313,29,169,174,231,3,205,128,23,78
313,30,157,189,210,206,109,55,28,66
313,31,196,247,216,46,155,185,245,40
313,32,144,14,243,126,197,61,37,94
313,33,171,68,185,103,38,248,179,59
313,34,18,177,11,227,94,28,152,209
313,35,73,100,201,117,92,30,98,220
313,36,57,42,48,58,223,44,244,130
313,37,45,162,87,210,14,83,9,37
313,38,244,14,162,15,3,114,39,124
313,39,14,77,220,177,13,44,61,89
314,0,55,177,31,217,178,152,224,20
314,1,44,206,42,236,235,117,230,70
314,2,164,48,196,50,131,130,181,124
314,3,234,43,247,44,134,63,215,3
314,4,35,44,169,243,39,194,80,221
314,5,3,225,232,5,118,91,228,75
314,6,9,201,108,149,43,253,186,50
314,7,146,133,138,38,83,130,202,232
314,8,236,252,13,68,190,222,158,218
314,9,236,231,105,17,80,111,242,162
314,10,154,200,242,128,140,108,85,216
314,11,212,197,68,240,94,220,95,190
314,12,233,72,234,57,227,107,172,133
314,13,122,30,230,36,181,48,193,207
314,14,42,89,232,79,174,141,251,227
314,15,118,236,239,10,22,84,234,222
314,16,8,206,30,90,199,226,140,123
314,17,231,3,23,205,169,128,180,62
314,18,157,189,206,28,21,70,151,211
314,19,216,181,155,245,85,185,46,1
314,20,13,190,68,236,252,158,222,43
314,21,236,89,231,17,105,4,80,133
314,22,154,200,128,242,181,85,216,97
314,23,212,197,220,68,201,94,222,59
314,24,234,233,72,57,128,205,219,11
314,25,48,230,163,30,41,101,36,122
314,26,89,232,174,1,178,42,235,79
314,27,118,236,239,22,10,84,234,222
314,28,190,206,8,30,167,147,140,90
314,29,231,128,3,169,23,205,21,62
314,30,157,189,28,63,206,50,151,70
314,31,216,185,18,181,155,46,245,106
314,32,126,109,91,18,179,243,94,123
314,33,171,11,38,68,139,104,132,248
314,34,28,240,44,72,171,48,67,94
314,35,73,236,20,100,161,148,145,111
314,36,202,79,142,42,147,49,115,227
314,37,193,45,83,27,78,15,210,174
314,38,80,215,162,3,15,44,119,114
314,39,158,244,72,183,220,9,14,15
315,0,68,185,243,226,117,128,171,133
315,1,117,232,13,66,158,202,43,169
315,2,70,90,107,26,14,196,36,232
315,3,221,234,180,200,134,252,75,179
315,4,35,55,182,139,8,2,82,210
315,5,232,142,223,225,99,3,61,5
315,6,3,9,114,201,58,50,149,202
315,7,146,133,131,138,210,41,94,83
315,8,13,68,252,207,124,112,190,248
315,9,236,19,206,105,231,244,17,80
315,10,128,163,154,108,181,197,200,7
315,11,18,212,142,68,126,94,116,197
315,12,57,233,234,72,67,106,17,141
315,13,200,122,230,36,41,48,30,100
315,14,38,232,42,250,89,1,29,152
315,15,241,222,118,103,239,236,209,84
315,16,232,149,30,206,140,90,241,8
315,17,155,231,180,128,3,23,205,232
315,18,157,28,189,6,206,162,70,109
315,19,216,181,155,245,1,46,179,7
315,20,68,13,236,211,190,218,112,158
315,21,236,19,206,17,89,244,111,213
315,22,128,163,154,181,85,200,108,97
315,23,18,142,68,212,101,240,131,94
315,24,57,67,72,233,234,106,162,107
315,25,122,36,200,207,30,48,249,241
315,26,38,89,232,250,1,178,111,174
315,27,222,241,118,239,236,103,22,209
315,28,30,149,8,232,90,185,140,241
315,29,155,231,128,3,232,23,101,102
315,30,157,28,6,189,231,70,206,109
315,31,216,155,245,233,179,106,46,66
315,32,175,17,37,171,199,243,126,61
315,33,171,117,214,10,23,94,38,12
315,34,28,58,187,235,19,54,182,155
315,35,7,73,255,201,184,159,92,40
315,36,245,244,58,15,42,84,0,8
315,37,164,45,87,220,84,102,59,158
315,38,244,136,162,157,39,3,15,14
315,39,14,23,16,220,61,52,252,145
316,0,181,82,122,107,39,251,221,255
316,1,89,9,117,202,166,28,207,248
316,2,185,47,196,125,156,99,138,102
316,3,3,121,137,73,227,179,158,109
316,4,35,210,133,7,49,89,66,82
316,5,232,223,174,142,5,3,225,99
316,6,58,9,108,50,201,202,190,3
316,7,146,63,138,133,94,60,189,83
316,8,68,236,227,13,46,43,9,248
316,9,236,213,105,19,244,231,111,206
316,10,128,68,154,181,85,23,108,97
316,11,64,42,94,240,135,212,58,68
316,12,57,107,234,233,133,205,72,36
316,13,30,164,41,122,48,161,207,70
316,14,251,89,42,178,61,37,186,156
316,15,22,84,9,118,135,239,101,219
316,16,74,90,123,8,167,211,249,233
316,17,205,147,50,56,92,23,230,26
316,18,135,12,165,211,9,21,251,222
316,19,111,155,150,251,106,42,127,172
316,20,201,184,13,207,88,28,186,236
316,21,89,231,192,13,43,105,102,220
316,22,160,35,81,143,187,85,200,168
316,23,80,94,212,107,95,147,10,250
316,24,219,234,121,107,133,65,181,132
316,25,41,48,30,181,18,82,124,163
316,26,251,89,59,61,174,178,75,235
316,27,118,84,135,9,22,236,250,88
316,28,8,206,226,90,123,232,167,249
316,29,26,169,3,205,23,231,128,174
316,30,157,55,231,28,70,189,109,212
316,31,216,237,245,155,46,40,66,179
316,32,224,197,171,243,175,126,37,80
316,33,179,171,201,10,156,117,12,38
316,34,49,217,28,235,58,213,47,155
316,35,73,224,7,201,255,40,184,159
316,36,244,58,245,255,15,24,42,84
316,37,50,87,102,45,59,14,210,158
316,38,244,146,157,162,59,3,5,15
316,39,14,13,85,177,220,61,62,252
317,0,109,55,177,217,139,20,31,192
317,1,236,226,237,220,42,75,171,50
317,2,3,185,47,221,206,216,42,174
317,3,234,16,18,44,215,63,247,61
317,4,169,243,1,30,113,53,225,11
317,5,48,228,24,149,63,223,142,3
317,6,58,104,201,128,71,253,108,195
317,7,130,146,128,83,38,202,166,60
317,8,236,9,211,227,158,43,46,121
317,9,111,236,34,52,192,75,32,43
317,10,223,92,73,128,85,181,164,97
317,11,240,157,154,94,84,115,68,146
317,12,57,36,107,50,172,233,84,133
317,13,122,19,207,226,13,30,36,249
317,14,89,250,249,251,168,70,178,42
317,15,101,239,222,84,154,245,231,118
317,16,90,30,234,6,233,161,123,8
317,17,19,32,191,23,130,232,231,214
317,18,28,116,157,222,173,25,231,21
317,19,144,106,7,216,175,155,245,181
317,20,13,211,9,190,236,202,43,158
317,21,236,111,213,192,89,43,32,34
317,22,223,73,128,85,194,92,146,97
317,23,157,240,154,164,131,94,70,218
317,24,57,107,166,36,200,50,219,84
317,25,122,230,207,36,0,203,241,169
317,26,250,89,196,232,249,111,188,141
317,27,222,18,112,236,101,209,118,239
317,28,30,8,56,232,53,241,90,186
317,29,19,232,231,214,23,189,191,101
317,30,209,157,28,116,55,231,141,235
317,31,216,247,144,155,55,245,60,179
317,32,171,26,14,123,28,144,162,243
317,33,10,171,84,250,25,12,139,177
317,34,48,94,28,18,235,109,166,11
317,35,73,114,255,7,201,100,40,184
317,36,244,58,84,15,42,79,29,57
317,37,56,87,102,45,196,37,210,59
317,38,244,157,162,3,87,228,14,5
317,39,14,44,235,61,251,66,220,52
318,0,247,88,57,87,146,128,49,215
318,1,29,232,17,171,236,174,111,251
318,2,31,206,47,185,254,232,14,200
318,3,138,234,70,67,153,48,63,75
318,4,35,126,80,2,32,169,243,146
318,5,24,149,223,3,63,174,232,142
318,6,58,128,9,250,201,149,202,243
318,7,146,128,223,83,138,129,133,210
318,8,68,211,9,13,158,128,236,227
318,9,236,69,213,231,17,111,192,105
318,10,128,154,73,92,223,97,108,85
318,11,154,212,201,240,131,94,68,115
318,12,57,233,84,234,107,72,121,147
318,13,122,164,30,36,19,207,230,48
318,14,89,250,232,249,251,42,178,70
318,15,222,239,136,118,231,22,84,236
318,16,30,90,53,123,8,161,206,16
318,17,231,26,23,245,62,180,3,19
318,18,157,28,44,206,189,231,70,243
318,19,216,206,245,106,181,155,175,144
318,20,13,211,9,236,158,190,218,183
318,21,236,17,213,89,148,111,244,43
318,22,128,154,181,85,97,68,109,200
318,23,240,212,157,131,94,68,197,53
318,24,57,166,234,72,233,107,36,162
318,25,122,230,36,164,207,48,30,101
318,26,232,89,1,250,174,141,178,219
318,27,222,203,118,236,22,239,209,10
318,28,30,8,232,53,140,56,206,90
318,29,231,26,128,101,232,62,3,23
318,30,157,28,151,189,209,231,206,92
318,31,216,247,155,144,60,18,40,179
318,32,14,171,175,224,243,126,197,37
318,33,177,84,10,171,12,156,117,38
318,34,15,48,28,49,235,18,94,217
318,35,114,73,7,201,224,100,255,194
318,36,244,58,15,37,42,245,255,84
318,37,87,102,45,14,59,83,162,210
318,38,244,157,162,146,88,14,3,228
318,39,14,77,44,177,13,85,220,62
319,0,180,55,177,151,152,31,3,175
319,1,111,42,63,239,236,74,219,49
319,2,249,31,206,173,70,207,199,185
319,3,234,44,138,14,19,16,137,215
319,4,169,148,113,51,243,35,194,221
319,5,232,48,228,223,3,142,75,84
319,6,58,57,174,9,250,128,201,146
319,7,146,223,138,83,128,130,38,133
319,8,236,9,158,68,211,13,28,128
319,9,236,111,105,231,17,213,192,244
319,10,128,154,85,181,108,97,200,137
319,11,201,212,220,94,68,240,115,222
319,12,57,234,233,107,133,72,205,121
319,13,30,122,41,36,48,207,70,162
319,14,89,42,232,251,178,250,1,79
319,15,239,118,22,84,222,236,186,231
319,16,30,90,206,8,140,123,53,249
319,17,231,23,62,3,180,205,214,21
319,18,157,28,21,189,231,206,151,44
319,19,216,181,155,106,160,245,175,85
319,20,13,207,236,218,9,215,158,43
319,21,236,89,17,213,105,4,231,244
319,22,128,154,85,242,181,137,200,19
319,23,212,201,94,95,220,37,197,59
319,24,234,57,128,11,233,72,205,148
319,25,48,30,41,97,36,230,101,19
319,26,89,42,174,178,232,61,22,79
319,27,22,118,84,239,234,236,222,43
319,28,206,193,30,8,249,140,90,167
319,29,62,3,231,88,205,21,23,240
319,30,70,157,189,21,50,206,63,211
319,31,216,181,185,251,155,18,46,245
319,32,131,125,179,91,126,243,94,254
319,33,132,38,171,234,104,248,10,250
319,34,171,44,28,240,48,235,5,94
319,35,73,145,100,148,20,190,74,236
319,36,115,39,202,42,147,142,227,139
319,37,27,193,78,45,83,169,101,87
319,38,169,215,119,75,3,88,162,80
319,39,231,158,179,244,14,117,220,122
320,0,229,249,123,196,216,7,242,105
320,1,225,118,244,231,117,93,27,155
320,2,163,103,100,227,162,4,70,165
320,3,133,234,187,152,235,212,31,77
320,4,13,142,251,102,236,167,187,222
320,5,104,5,193,99,186,204,253,190
320,6,9,167,153,59,174,201,126,27
320,7,146,210,133,29,83,23,1,202
320,8,234,207,13,89,69,28,180,201
320,9,231,105,236,29,94,13,237,164
320,10,85,130,7,140,169,128,81,154
320,11,212,189,95,10,94,147,197,65
320,12,233,234,57,205,133,219,63,26
320,13,30,97,41,140,48,43,181,15
320,14,42,79,178,89,251,157,199,61
320,15,118,84,239,22,234,236,9,43
320,16,226,206,249,8,90,123,224,253
320,17,205,3,23,250,231,169,172,50
320,18,21,189,206,135,50,211,179,28
320,19,130,181,155,185,1,245,109,205
320,20,13,234,184,236,207,190,43,230
320,21,231,105,236,29,89,94,164,4
320,22,169,130,35,200,85,7,140,128
320,23,189,95,212,94,42,107,161,62
320,24,234,63,219,26,233,74,205,45
320,25,41,48,30,43,163,147,97,181
320,26,42,32,89,61,174,79,178,124
320,27,84,118,234,236,81,200,43,239
320,28,226,249,206,133,5,167,9,99
320,29,50,172,3,250,205,76,169,138
320,30,21,179,211,189,187,70,210,206
320,31,251,155,181,185,130,106,205,46
320,32,91,98,131,186,99,134,126,243
320,33,38,248,183,238,232,171,73,126
320,34,84,235,171,207,180,96,101,209
320,35,100,145,20,236,73,153,57,111
320,36,181,70,120,42,139,104,202,211
320,37,31,193,83,87,190,58,143,45
320,38,148,71,75,3,92,162,44,244
320,39,2,69,189,38,220,217,213,61
321,0,107,82,32,83,181,246,221,106
321,1,117,118,132,84,242,112,73,122
321,2,255,80,243,121,165,238,154,28
321,3,219,131,234,119,227,169,73,214
321,4,118,242,254,79,74,89,255,245
321,5,5,174,147,159,68,130,118,190
321,6,164,183,41,208,149,166,110,124
321,7,210,101,1,195,146,63,41,2
321,8,234,13,207,248,252,28,184,45
321,9,105,151,13,217,89,231,236,4
321,10,68,228,161,62,35,208,140,15
321,11,64,27,195,95,181,69,212,253
321,12,234,155,233,181,191,173,132,219
321,13,164,48,41,168,30,22,163,249
321,14,42,174,213,89,79,251,99,254
321,15,118,84,234,136,22,239,120,2
321,16,206,226,90,119,167,249,211,123
321,17,26,205,3,50,240,138,23,231
321,18,70,21,189,159,190,211,210,231
321,19,251,237,181,185,155,46,216,159
321,20,13,236,45,234,124,184,230,252
321,21,236,231,89,4,163,217,242,80
321,22,68,15,228,200,35,128,97,107
321,23,64,212,27,94,95,190,195,68
321,24,234,219,155,72,233,132,57,181
321,25,164,48,249,163,22,41,30,122
321,26,174,238,89,79,42,76,15,206
321,27,118,22,5,84,236,234,7,43
321,28,222,206,8,226,167,30,90,249
321,29,26,3,240,231,205,50,174,101
321,30,70,157,55,159,189,231,206,211
321,31,237,216,251,245,185,155,40,46
321,32,224,42,243,126,176,91,199,171
321,33,179,201,171,38,156,248,12,217
321,34,49,217,235,196,59,47,171,213
321,35,73,100,210,224,40,201,214,92
321,36,24,255,42,223,139,244,57,239
321,37,50,87,14,210,45,83,9,37
321,38,146,244,162,3,14,15,114,75
321,39,177,13,85,220,14,89,61,62
322,0,55,109,31,177,24,70,151,217
322,1,42,236,226,22,245,117,85,49
322,2,3,221,58,77,193,157,224,5
322,3,234,197,16,215,167,44,63,18
322,4,169,243,30,137,178,63,82,225
322,5,5,48,91,228,116,75,203,225
322,6,149,201,9,108,50,25,253,70
322,7,146,220,246,130,38,138,1,83
322,8,46,236,68,43,13,124,227,211
322,9,236,111,4,162,105,17,242,231
322,10,15,228,200,97,181,140,103,85
322,11,212,240,190,68,94,197,37,208
322,12,72,234,57,233,107,46,36,227
322,13,48,122,230,249,193,207,30,226
322,14,79,76,174,42,89,111,232,251
322,15,236,18,118,43,22,234,112,239
322,16,140,206,226,90,30,21,129,8
322,17,240,23,231,3,126,205,19,206
322,18,70,157,231,189,21,206,238,4
322,19,245,251,216,181,155,185,247,194
322,20,46,13,236,211,43,248,45,9
322,21,236,242,89,4,17,162,43,231
322,22,228,15,200,146,109,140,181,97
322,23,212,197,240,37,190,94,235,59
322,24,72,234,155,36,200,233,11,46
322,25,249,48,230,155,22,36,41,213
322,26,89,174,79,76,42,238,203,232
322,27,118,236,43,22,18,186,7,234
322,28,206,226,8,140,190,222,90,129
322,29,240,3,205,19,169,231,23,128
322,30,70,90,157,189,231,63,206,21
322,31,185,155,251,216,245,196,60,40
322,32,144,22,243,48,91,18,62,126
322,33,171,38,139,248,185,107,11,224
322,34,175,94,48,28,240,72,249,64
322,35,185,73,85,201,161,100,94,2
322,36,79,37,202,142,246,195,42,67
322,37,83,196,43,60,193,161,87,45
322,38,132,201,234,44,39,119,15,163
322,39,44,66,246,215,1,183,251,92
323,0,68,128,185,226,117,243,96,133
323,1,232,169,236,66,117,81,202,13
323,2,242,224,254,156,148,98,164,12
323,3,21,221,234,7,3,146,143,14
323,4,82,55,182,60,8,225,139,30
323,5,61,223,5,35,225,66,6,217
323,6,3,25,115,149,50,9,1,108
323,7,146,1,131,220,250,167,0,138
323,8,46,13,68,124,248,43,201,112
323,9,206,236,19,4,242,17,162,5
323,10,15,228,163,200,140,205,103,181
323,11,212,18,69,240,190,197,142,95
323,12,72,106,234,67,227,200,233,22
323,13,200,48,230,249,41,193,122,207
323,14,79,238,76,174,89,42,232,251
323,15,241,118,43,236,103,22,222,186
323,16,140,232,149,206,90,30,129,222
323,17,155,240,231,3,23,205,199,36
323,18,157,231,70,189,206,21,6,109
323,19,216,245,155,185,251,194,196,181
323,20,46,13,211,236,9,112,68,60
323,21,236,19,206,17,242,89,43,162
323,22,163,200,228,181,15,140,128,205
323,23,18,240,212,142,68,101,207,197
323,24,72,36,67,200,106,187,234,173
323,25,36,200,193,249,48,246,122,213
323,26,89,38,79,76,232,174,111,238
323,27,236,241,43,118,103,10,222,156
323,28,129,232,149,8,140,206,226,30
323,29,155,128,3,240,169,174,205,180
323,30,157,6,189,231,109,70,206,210
323,31,196,216,155,60,46,185,245,233
323,32,243,175,17,37,199,126,89,171
323,33,171,117,214,23,38,94,248,10
323,34,58,187,28,182,19,54,47,59
323,35,73,7,201,100,131,111,159,98
323,36,245,58,42,130,8,223,29,84
323,37,210,45,87,164,37,220,84,158
323,38,14,244,136,162,114,15,157,3
323,39,14,23,16,220,61,89,252,68
324,0,181,107,82,122,39,251,255,221
324,1,89,166,9,202,117,28,237,220
324,2,185,156,47,125,242,224,102,105
324,3,3,21,121,169,105,245,109,33
324,4,82,20,133,225,191,184,227,35
324,5,223,174,232,106,142,5,225,3
324,6,108,58,50,9,201,27,202,149
324,7,146,9,63,189,17,195,138,227
324,8,46,236,68,43,227,13,248,9
324,9,111,236,105,19,206,162,231,4
324,10,68,128,97,154,200,181,85,140
324,11,64,212,240,68,190,94,197,42
324,12,72,234,57,66,107,233,46,231
324,13,122,207,164,226,213,193,30,70
324,14,76,79,42,174,251,22,89,141
324,15,5,236,234,222,118,239,186,22
324,16,222,90,129,74,123,8,206,140
324,17,231,3,199,36,23,205,189,26
324,18,157,231,189,70,21,4,149,109
324,19,43,245,181,155,216,159,185,179
324,20,46,236,13,227,211,43,60,218
324,21,111,236,89,250,43,242,244,162
324,22,200,160,15,181,97,85,68,128
324,23,212,80,240,190,94,197,64,68
324,24,234,233,46,72,57,66,12,173
324,25,249,207,48,122,164,213,30,41
324,26,76,22,59,89,141,174,15,111
324,27,5,118,239,236,22,10,234,43
324,28,222,8,206,129,232,74,30,241
324,29,150,26,3,240,199,231,232,169
324,30,157,55,109,231,70,189,183,28
324,31,237,216,196,155,245,154,46,185
324,32,243,224,197,175,126,171,37,199
324,33,171,156,179,201,117,38,185,10
324,34,49,217,28,58,213,47,59,235
324,35,73,201,7,100,224,131,159,111
324,36,245,58,255,42,130,57,24,84
324,37,45,210,87,50,158,14,37,59
324,38,14,244,146,162,114,15,157,3
324,39,14,85,177,13,220,61,252,89
325,0,109,20,55,31,242,24,217,152
325,1,100,236,145,226,180,190,42,245
325,2,228,47,185,143,126,166,187,221
325,3,16,234,197,63,180,108,18,215
325,4,169,243,35,11,30,194,225,113
325,5,142,232,223,228,48,3,38,203
325,6,201,58,253,9,25,71,86,108
325,7,146,130,246,138,83,38,189,227
325,8,47,46,68,236,158,211,13,9
325,9,236,17,111,162,80,231,105,242
325,10,154,200,109,128,140,15,205,85
325,11,212,240,197,201,68,37,94,190
325,12,72,234,233,200,57,107,129,36
325,13,193,122,30,36,48,249,207,70
325,14,76,79,89,174,42,232,251,99
325,15,236,118,22,43,234,178,239,10
325,16,140,206,90,226,30,82,8,123
325,17,240,3,23,231,205,62,138,12
325,18,70,157,231,189,21,206,116,90
325,19,155,194,251,216,181,185,245,129
325,20,13,46,47,248,45,215,36,255
325,21,236,89,242,4,231,43,80,162
325,22,15,154,200,228,181,146,140,216
325,23,212,201,197,37,240,190,59,94
325,24,72,234,11,233,128,7,173,55
325,25,48,230,41,249,193,30,19,22
325,26,203,174,89,79,76,42,99,235
325,27,118,22,43,7,197,178,234,84
325,28,206,226,140,90,181,128,82,8
325,29,240,3,62,205,59,50,21,169
325,30,70,90,11,231,189,188,149,157
325,31,251,185,155,159,146,216,198,152
325,32,48,22,144,91,62,248,243,126
325,33,250,38,171,132,107,248,224,176
325,34,175,249,48,94,171,80,235,64
325,35,44,85,73,121,161,176,2,94
325,36,79,202,228,21,42,246,67,130
325,37,214,83,244,43,60,174,161,45
325,38,105,156,132,24,43,141,44,234
325,39,5,251,66,83,209,220,14,153
326,0,198,240,98,17,209,5,116,52
326,1,100,228,70,145,3,49,236,180
326,2,47,3,185,143,157,42,166,78
326,3,234,16,197,63,21,245,44,66
326,4,169,243,30,35,51,194,225,76
326,5,223,252,232,3,228,5,38,48
326,6,9,149,201,25,202,134,58,108
326,7,146,38,83,138,9,133,210,130
326,8,46,68,13,207,124,28,121,255
326,9,236,4,105,242,231,17,162,111
326,10,15,228,85,154,200,140,103,209
326,11,212,95,190,197,240,94,68,203
326,12,234,72,233,57,46,12,227,107
326,13,48,249,41,30,193,122,36,207
326,14,174,76,79,42,89,251,99,206
326,15,118,22,43,234,236,197,84,5
326,16,140,206,226,90,222,167,180,21
326,17,240,3,231,23,205,138,12,90
326,18,70,90,231,189,157,206,21,11
326,19,251,155,185,181,194,159,245,1
326,20,46,13,201,248,124,236,154,45
326,21,236,89,4,242,43,133,105,231
326,22,15,228,35,140,200,51,24,168
326,23,212,190,176,197,95,94,203,240
326,24,72,234,11,233,155,181,7,132
326,25,48,249,22,41,213,193,163,30
326,26,174,79,76,89,203,42,99,15
326,27,43,22,118,5,7,234,84,197
326,28,206,226,222,140,21,181,8,128
326,29,240,3,59,205,50,21,206,231
326,30,70,188,90,189,231,4,190,11
326,31,251,185,155,199,216,40,159,71
326,32,48,62,91,102,243,22,18,144
326,33,38,107,224,171,248,139,132,68
326,34,175,240,235,171,64,70,48,94
326,35,85,161,2,236,73,94,20,201
326,36,202,195,246,79,67,152,142,130
326,37,83,60,161,43,45,174,87,210
326,38,201,234,44,39,9,15,163,30
326,39,246,215,1,92,183,250,220,252
327,0,18,127,49,85,233,118,112,146
327,1,43,117,232,158,223,118,66,90
327,2,70,164,169,26,90,23,146,166
327,3,116,20,51,55,171,234,153,141
327,4,12,82,215,30,79,225,92,3
327,5,249,106,169,5,6,181,66,118
327,6,149,136,134,115,108,202,50,27
327,7,146,56,210,40,220,1,9,250
327,8,46,120,13,207,248,124,65,68
327,9,4,236,242,105,162,231,14,13
327,10,24,15,218,114,140,168,252,200
327,11,114,212,203,95,176,190,197,251
327,12,72,234,206,132,155,11,46,95
327,13,48,38,41,249,168,22,30,241
327,14,174,76,42,89,79,241,251,206
327,15,22,118,197,84,43,186,239,222
327,16,140,90,206,167,222,180,122,211
327,17,231,23,240,3,205,12,197,36
327,18,70,231,157,188,21,206,189,190
327,19,245,91,194,181,155,251,40,43
327,20,46,120,13,248,242,207,124,236
327,21,236,89,242,4,228,162,231,105
327,22,15,24,51,140,114,200,252,218
327,23,114,212,240,190,216,250,101,208
327,24,72,7,46,132,206,173,234,36
327,25,249,48,38,193,111,30,36,213
327,26,76,79,89,174,241,99,22,42
327,27,43,118,186,236,197,22,7,105
327,28,226,206,140,21,137,222,90,211
327,29,240,3,218,206,169,12,138,50
327,30,70,231,188,190,210,189,238,157
327,31,71,245,251,185,159,194,91,155
327,32,221,102,62,243,80,91,126,176
327,33,121,224,168,38,248,171,205,28
327,34,81,55,70,208,95,64,235,171
327,35,99,39,161,236,73,20,201,111
327,36,49,202,195,117,42,139,130,193
327,37,83,15,193,45,87,90,174,161
327,38,44,234,80,39,126,9,15,14
327,39,72,244,36,15,183,92,250,220
328,0,2,223,12,152,133,50,86,60
328,1,117,42,221,126,29,213,163,21
328,2,23,236,212,194,110,26,242,211
328,3,234,66,2,7,156,63,113,215
328,4,149,164,169,30,82,225,155,93
328,5,66,106,225,187,5,6,98,48
328,6,136,108,25,202,18,245,9,70
328,7,146,9,41,250,138,220,1,167
328,8,46,242,124,38,43,248,13,255
328,9,242,4,236,162,17,133,231,105
328,10,15,117,140,239,200,1,57,66
328,11,212,151,216,116,190,240,113,251
328,12,72,32,234,233,46,217,37,227
328,13,48,249,193,196,41,207,254,181
328,14,76,174,79,42,89,22,206,251
328,15,197,76,118,22,43,186,234,142
328,16,140,206,90,222,122,21,226,239
328,17,240,231,23,3,206,12,205,90
328,18,237,70,157,231,206,189,190,4
328,19,194,245,155,251,159,43,181,216
328,20,46,13,242,38,248,230,45,134
328,21,89,236,4,242,231,162,190,14
328,22,216,15,17,51,140,114,35,200
328,23,212,151,116,79,209,216,190,59
328,24,72,234,7,128,46,217,233,132
328,25,48,249,193,30,97,41,22,213
328,26,76,174,89,79,42,99,22,218
328,27,43,22,7,197,118,186,5,234
328,28,206,193,226,196,222,90,21,82
328,29,240,49,61,78,88,3,205,12
328,30,50,70,237,231,162,189,157,4
328,31,185,251,60,155,245,194,159,28
328,32,75,179,91,62,126,131,243,125
328,33,161,104,38,185,171,248,143,198
328,34,227,44,28,235,171,238,70,146
328,35,161,148,190,20,236,74,145,73
328,36,202,39,115,55,42,147,251,227
328,37,83,27,174,60,196,87,45,15
328,38,44,75,15,132,39,3,234,167
328,39,75,220,252,179,158,72,15,61
329,0,97,166,113,142,205,150,213,215
329,1,34,26,187,117,59,118,105,227
329,2,235,227,203,131,17,0,26,242
329,3,211,46,76,37,186,84,135,189
329,4,167,161,65,30,13,14,251,82
329,5,6,104,66,5,161,225,51,89
329,6,136,167,245,108,9,202,18,115
329,7,146,91,210,29,83,220,1,41
329,8,33,46,13,242,248,43,124,207
329,9,39,94,4,29,105,13,236,231
329,10,15,130,216,85,1,140,248,214
329,11,212,20,95,216,151,190,94,185
329,12,234,32,57,233,7,72,46,26
329,13,48,30,41,249,43,122,97,36
329,14,174,76,79,42,89,251,99,206
329,15,22,118,234,84,197,239,43,5
329,16,140,206,90,226,222,30,167,249
329,17,240,231,23,3,205,61,138,50
329,18,70,157,189,206,4,187,231,190
329,19,251,130,155,216,181,245,40,185
329,20,13,33,46,201,124,248,236,242
329,21,39,236,4,89,94,29,43,13
329,22,15,130,51,35,216,83,143,128
329,23,20,212,94,190,113,95,176,240
329,24,72,234,26,63,7,184,57,181
329,25,48,249,43,22,213,30,41,163
329,26,174,76,89,79,42,206,241,14
329,27,65,5,22,118,43,7,197,234
329,28,222,206,96,226,140,196,5,188
329,29,240,3,172,61,205,50,231,174
329,30,148,70,187,4,231,189,190,157
329,31,130,185,251,155,120,230,252,245
329,32,99,113,62,238,126,91,243,131
329,33,190,232,38,107,171,104,248,41
329,34,88,161,97,34,235,70,55,56
329,35,161,39,145,2,73,236,99,20
329,36,207,49,202,246,42,152,139,130
329,37,83,161,60,174,15,45,135,87
329,38,234,71,44,80,9,30,15,39
329,39,69,92,244,72,183,250,220,252
330,0,242,234,186,152,144,20,27,155
330,1,117,191,109,198,52,42,118,165
330,2,110,230,198,86,150,87,92,62
330,3,155,234,66,180,156,7,63,218
330,4,94,71,82,30,118,169,12,225
330,5,5,66,217,225,209,187,6,115
330,6,235,92,108,9,136,3,115,202
330,7,181,243,220,91,9,1,210,146
330,8,46,248,13,124,208,201,176,12
330,9,4,96,133,220,80,236,162,102
330,10,15,253,140,90,5,218,107,66
330,11,153,212,142,195,130,8,113,203
330,12,72,234,95,233,187,181,7,179
330,13,116,48,22,249,38,193,213,196
330,14,174,79,76,42,89,220,14,251
330,15,5,22,234,118,248,7,39,123
330,16,222,206,21,140,90,226,128,54
330,17,240,206,197,3,231,205,174,218
330,18,70,4,157,189,190,69,238,231
330,19,251,185,230,60,216,155,44,181
330,20,46,13,65,208,248,176,45,201
330,21,236,96,89,43,4,80,216,220
330,22,15,140,0,90,204,253,218,9
330,23,153,212,68,130,101,15,190,113
330,24,72,173,233,181,234,107,108,179
330,25,48,116,163,249,196,193,36,213
330,26,174,89,79,76,14,72,141,220
330,27,5,7,248,22,234,118,43,40
330,28,222,21,206,199,8,226,230,231
330,29,240,3,206,174,218,205,236,41
330,30,70,69,4,189,190,157,231,149
330,31,60,185,251,155,71,230,216,106
330,32,195,126,146,91,62,162,243,194
330,33,38,97,217,181,37,171,12,36
330,34,212,90,255,187,70,19,54,188
330,35,49,131,100,20,73,236,196,92
330,36,0,234,193,239,42,8,147,11
330,37,83,37,90,84,241,220,97,87
330,38,44,39,22,86,15,162,126,14
330,39,252,16,23,36,145,61,220,15
331,0,2,65,214,86,152,102,21,29
331,1,40,153,117,98,209,48,222,42
331,2,62,20,178,125,251,95,139,104
331,3,247,234,178,192,180,153,63,113
331,4,180,149,30,82,63,169,159,255
331,5,19,213,225,66,217,187,81,181
331,6,115,25,235,108,27,9,134,204
331,7,220,84,248,41,1,167,146,16
331,8,46,248,157,124,242,176,208,13
331,9,4,220,144,190,162,236,43,216
331,10,15,117,17,204,103,54,30,107
331,11,151,212,113,68,208,2,211,137
331,12,72,234,166,95,233,46,181,187
331,13,48,249,163,193,254,241,116,82
331,14,174,79,89,42,251,1,40,76
331,15,22,5,33,7,118,83,116,234
331,16,222,21,206,140,90,241,138,199
331,17,206,240,231,3,205,36,174,234
331,18,70,237,4,238,189,157,243,190
331,19,185,251,230,216,155,71,206,60
331,20,13,242,46,208,201,45,157,124
331,21,236,43,89,220,216,190,144,4
331,22,15,17,19,204,140,117,90,143
331,23,151,212,68,209,156,190,113,101
331,24,72,157,166,233,173,234,108,181
331,25,48,116,163,249,36,193,70,196
331,26,174,89,79,251,141,22,76,206
331,27,7,5,118,22,9,234,10,40
331,28,222,206,21,138,199,8,226,81
331,29,78,3,174,240,41,206,205,157
331,30,70,237,4,189,72,243,157,69
331,31,185,251,155,60,230,24,216,71
331,32,75,197,126,16,91,14,243,62
331,33,161,38,103,12,171,185,18,5
331,34,227,11,70,90,235,143,28,205
331,35,100,20,236,131,220,196,49,73
331,36,251,55,42,193,48,239,11,147
331,37,83,241,37,162,7,45,14,87
331,38,44,124,39,162,15,126,250,14
331,39,75,166,252,220,15,41,61,52
332,0,166,113,97,142,150,205,213,215
332,1,34,59,26,87,227,64,117,15
332,2,104,235,183,131,0,44,168,229
332,3,46,76,211,240,53,178,234,89
332,4,167,161,240,4,14,30,82,19
332,5,225,66,6,213,160,19,51,131
332,6,115,245,108,27,25,134,204,91
332,7,220,91,84,41,1,248,69,138
332,8,46,248,33,124,176,208,242,13
332,9,39,132,4,220,162,144,133,190
332,10,15,117,103,216,204,17,107,140
332,11,20,36,113,212,208,151,211,68
332,12,166,72,234,95,181,157,154,179
332,13,48,33,42,249,193,142,163,100
332,14,174,79,89,14,251,42,203,147
332,15,22,65,33,5,7,118,9,86
332,16,222,21,206,90,154,140,147,167
332,17,206,240,231,205,3,110,174,50
332,18,70,4,238,190,189,231,243,111
332,19,251,185,230,155,216,206,71,55
332,20,46,13,201,124,33,248,208,45
332,21,43,39,236,89,4,132,220,102
332,22,15,204,117,103,143,140,19,107
332,23,101,20,212,208,68,156,36,113
332,24,72,173,107,181,179,108,233,95
332,25,48,249,163,193,196,36,33,213
332,26,174,89,79,251,14,72,206,76
332,27,7,5,9,22,65,234,207,118
332,28,222,21,206,199,147,226,231,156
332,29,240,206,174,3,110,50,205,41
332,30,70,128,4,190,221,231,238,189
332,31,185,251,120,230,155,71,216,80
332,32,238,113,158,126,62,91,16,176
332,33,190,41,38,12,63,171,224,185
332,34,97,34,88,70,161,171,152,235
332,35,39,131,20,236,100,73,220,161
332,36,207,193,239,42,11,251,49,55
332,37,83,37,241,90,97,15,45,87
332,38,44,39,126,86,15,250,162,14
332,39,72,15,252,203,220,36,61,85
333,0,242,203,234,152,186,6,163,47
333,1,32,185,144,191,42,117,109,90
333,2,104,76,150,110,230,198,61,131
333,3,234,155,18,66,180,243,215,63
333,4,149,169,30,93,203,4,63,225
333,5,225,81,6,66,213,115,217,187
333,6,115,25,71,9,108,27,245,82
333,7,220,84,1,41,130,95,138,146
333,8,248,46,124,176,201,13,119,12
333,9,4,96,190,55,242,162,220,144
333,10,15,204,103,117,143,140,107,30
333,11,212,208,146,2,103,202,6,8
333,12,166,72,234,173,95,115,181,129
333,13,48,193,163,249,70,82,198,62
333,14,174,79,42,251,89,141,14,15
333,15,5,22,7,234,118,9,142,154
333,16,222,206,21,154,128,90,158,103
333,17,206,3,49,240,205,174,36,231
333,18,70,4,238,149,231,189,209,190
333,19,185,251,60,230,44,155,249,206
333,20,46,13,248,201,36,230,6,208
333,21,43,89,236,80,190,4,162,199
333,22,15,216,140,204,17,103,143,90
333,23,212,209,151,68,208,146,59,58
333,24,72,166,157,173,115,107,234,36
333,25,48,193,163,249,187,36,181,82
333,26,174,79,89,141,251,76,23,93
333,27,5,7,118,234,22,9,10,40
333,28,222,206,138,81,21,199,82,8
333,29,78,3,174,240,205,41,90,157
333,30,70,4,189,66,243,36,151,231
333,31,60,185,251,155,249,44,230,18
333,32,162,126,14,197,243,91,176,16
333,33,181,103,38,12,171,36,59,248
333,34,11,227,109,90,18,143,28,70
333,35,49,100,131,92,73,220,20,196
333,36,147,48,42,251,193,11,187,84
333,37,83,162,37,14,97,45,87,7
333,38,44,39,14,15,162,124,126,97
333,39,77,252,15,41,220,61,203,224
334,0,152,13,55,21,203,47,151,177
334,1,206,40,42,49,247,209,80,74
334,2,128,162,168,19,252,123,35,142
334,3,100,234,247,190,63,192,49,213
334,4,44,30,169,180,82,194,159,63
334,5,19,217,225,5,187,66,139,106
334,6,57,9,91,134,25,35,123,253
334,7,1,223,220,146,138,84,83,248
334,8,46,124,248,13,201,176,208,19
334,9,4,236,220,43,162,190,80,216
334,10,15,19,216,204,103,5,107,143
334,11,212,59,216,68,94,113,190,240
334,12,234,72,157,233,107,181,173,108
334,13,48,163,249,82,70,30,193,254
334,14,174,251,42,89,14,79,69,206
334,15,22,5,118,234,33,7,9,142
334,16,222,206,21,90,193,158,82,199
334,17,3,231,205,164,206,240,41,128
334,18,70,189,4,238,211,157,190,151
334,19,185,251,230,155,216,151,85,60
334,20,13,201,197,46,208,68,124,45
334,21,236,89,43,190,220,4,80,102
334,22,216,15,19,140,22,204,90,7
334,23,212,59,116,68,190,151,220,94
334,24,157,72,234,128,233,181,108,57
334,25,48,116,36,163,249,41,30,19
334,26,174,89,1,203,93,42,251,47
334,27,118,5,22,234,7,33,239,10
334,28,206,222,190,193,78,21,8,199
334,29,3,128,205,164,88,240,157,21
334,30,70,189,157,50,162,151,4,243
334,31,185,216,251,155,60,18,230,106
334,32,86,179,109,91,126,76,246,144
334,33,102,171,38,104,36,234,11,54
334,34,28,44,240,238,72,90,171,235
334,35,49,73,148,190,161,185,20,74
334,36,147,227,142,115,39,42,202,159
334,37,27,83,78,193,15,45,98,87
334,38,215,119,139,44,162,39,15,169
334,39,158,72,244,252,122,15,179,14
335,0,242,117,187,185,96,243,133,121
335,1,117,232,169,13,104,81,105,133
335,2,160,107,249,242,22,35,164,176
335,3,234,221,170,164,122,247,100,90
335,4,55,180,82,139,119,8,30,60
335,5,217,225,19,61,5,232,187,66
335,6,3,9,114,235,91,92,115,123
335,7,220,248,1,84,243,138,181,41
335,8,112,248,46,176,13,124,38,7
335,9,19,4,236,22,144,206,178,220
335,10,163,15,140,197,103,204,5,7
335,11,212,18,68,116,142,113,229,2
335,12,72,234,233,67,231,141,181,95
335,13,200,48,36,163,249,193,116,241
335,14,174,38,1,42,89,227,251,79
335,15,241,5,118,103,234,22,7,99
335,16,78,222,206,149,140,21,90,199
335,17,128,155,3,240,174,205,231,41
335,18,70,189,4,157,6,231,243,211
335,19,216,185,251,155,151,46,230,181
335,20,13,112,68,45,46,215,106,124
335,21,236,19,80,17,89,43,244,206
335,22,163,140,181,15,154,128,200,204
335,23,68,18,212,101,142,240,207,190
335,24,72,233,36,234,67,107,181,57
335,25,36,122,48,193,200,163,249,207
335,26,174,89,38,232,237,1,79,227
335,27,118,40,241,10,22,7,236,5
335,28,8,206,30,78,222,199,149,226
335,29,3,128,174,155,205,240,231,236
335,30,157,70,189,6,231,109,206,4
335,31,216,185,155,46,251,60,233,40
335,32,17,243,126,199,194,91,89,61
335,33,171,23,38,117,214,94,248,10
335,34,187,28,58,177,19,54,70,146
335,35,73,92,100,201,161,98,220,7
335,36,42,253,58,57,0,8,196,130
335,37,45,87,220,158,210,83,164,84
335,38,244,162,15,14,114,22,44,157
335,39,14,23,220,16,61,252,68,52
336,0,181,82,107,39,255,251,221,83
336,1,117,166,248,184,176,119,31,237
336,2,246,213,102,248,81,209,160,9
336,3,5,158,217,216,99,65,72,212
336,4,20,82,159,210,23,69,227,49
336,5,174,232,5,225,106,142,217,68
336,6,108,9,134,186,110,115,202,27
336,7,220,138,146,1,9,195,84,133
336,8,46,68,248,112,176,13,227,236
336,9,236,80,19,4,244,190,144,17
336,10,68,154,15,128,219,200,133,103
336,11,64,68,212,207,190,94,240,5
336,12,72,106,234,231,233,57,107,36
336,13,164,36,230,48,122,193,249,177
336,14,174,89,251,79,152,237,42,227
336,15,118,22,241,132,222,236,186,5
336,16,140,30,90,206,222,78,123,149
336,17,26,231,240,174,23,205,3,36
336,18,157,70,231,189,4,28,165,87
336,19,216,46,245,155,185,237,181,251
336,20,13,211,9,45,236,158,124,68
336,21,236,17,80,244,89,43,111,162
336,22,128,68,200,181,97,15,154,30
336,23,68,64,240,101,212,94,190,207
336,24,72,57,107,36,219,231,233,234
336,25,122,36,164,249,207,48,193,67
336,26,174,89,232,237,227,79,111,152
336,27,118,236,40,222,22,10,7,43
336,28,30,8,199,222,140,206,226,129
336,29,26,174,3,240,231,128,205,12
336,30,157,70,55,4,189,231,206,109
336,31,237,216,46,185,155,196,245,251
336,32,224,243,197,126,61,199,37,176
336,33,171,179,201,156,38,117,248,10
336,34,49,217,28,177,213,70,58,235
336,35,73,224,92,100,201,98,161,220
336,36,255,42,57,24,58,196,239,130
336,37,45,50,87,210,158,14,90,83
336,38,146,244,162,14,15,114,86,157
336,39,14,85,13,220,252,61,177,52
337,0,55,109,24,70,151,152,177,178
337,1,117,226,42,236,105,190,22,74
337,2,246,3,160,71,221,248,115,174
337,3,247,234,132,217,216,14,7,180
337,4,243,169,180,30,11,35,225,194
337,5,225,232,5,3,48,217,38,142
337,6,9,57,134,108,123,201,253,186
337,7,146,138,223,133,9,130,38,202
337,8,68,46,13,158,9,124,128,211
337,9,236,17,4,80,244,144,162,70
337,10,154,19,197,140,200,15,204,128
337,11,212,68,201,190,94,197,240,211
337,12,72,234,233,57,231,107,181,141
337,13,36,48,122,193,30,249,70,82
337,14,174,89,251,42,1,230,112,119
337,15,22,118,5,186,9,10,234,84
337,16,206,222,193,90,30,140,241,123
337,17,164,3,205,231,240,128,174,45
337,18,70,157,4,189,231,151,31,211
337,19,216,155,85,251,185,46,181,230
337,20,13,45,68,106,124,9,19,215
337,21,236,89,80,17,43,244,4,231
337,22,19,154,181,216,200,128,204,242
337,23,68,212,201,59,94,197,240,51
337,24,72,219,234,128,233,107,181,11
337,25,48,122,36,230,30,249,97,181
337,26,174,89,251,235,79,232,152,1
337,27,22,118,33,222,9,135,236,7
337,28,193,190,206,8,30,167,226,199
337,29,62,164,3,88,61,240,205,21
337,30,157,70,50,231,189,63,109,210
337,31,216,185,46,251,245,18,155,230
337,32,179,109,126,125,243,18,246,91
337,33,234,171,104,11,38,132,68,95
337,34,240,44,72,28,171,94,48,67
337,35,92,73,161,148,74,100,20,145
337,36,202,42,115,142,196,79,49,39
337,37,27,45,83,87,15,174,210,193
337,38,162,80,15,119,88,244,97,114
337,39,244,183,72,231,220,92,14,252
338,0,242,234,152,178,2,146,133,31
338,1,232,66,163,42,117,21,243,215
338,2,107,110,249,102,26,150,230,146
338,3,155,234,180,156,66,63,215,19
338,4,239,164,169,11,30,93,63,194
338,5,225,38,115,142,232,181,5,187
338,6,92,9,58,108,39,3,57,115
338,7,131,161,138,146,243,220,202,133
338,8,124,46,45,13,158,248,212,68
338,9,236,80,17,231,144,244,182,14
338,10,200,140,197,54,253,154,19,181
338,11,68,142,212,130,116,207,211,190
338,12,72,219,234,233,231,95,67,141
338,13,100,122,48,36,193,82,30,226
338,14,174,89,79,227,237,251,38,232
338,15,118,236,222,22,10,40,240,33
338,16,30,90,8,147,199,167,21,206
338,17,23,174,49,206,231,205,36,12
338,18,157,70,231,189,87,238,135,251
338,19,216,245,46,60,155,185,71,196
338,20,13,45,190,124,236,9,211,158
338,21,236,231,89,224,80,17,43,234
338,22,200,140,97,181,253,128,143,0
338,23,212,68,142,130,101,240,94,207
338,24,219,72,233,234,107,7,57,227
338,25,122,48,100,36,67,181,207,30
338,26,174,89,235,79,156,237,232,227
338,27,236,118,22,222,43,135,40,248
338,28,8,226,199,21,30,167,206,90
338,29,169,23,174,49,231,3,12,236
338,30,70,157,210,231,189,164,251,135
338,31,245,60,185,216,46,71,196,251
338,32,126,61,109,243,195,86,247,91
338,33,97,171,38,248,36,198,12,94
338,34,255,212,19,90,206,28,173,70
338,35,92,100,73,44,49,131,3,133
338,36,196,234,42,193,147,139,223,0
338,37,87,48,45,90,84,210,9,193
338,38,97,162,244,14,44,86,3,15
338,39,165,52,61,220,252,89,14,36
339,0,96,171,117,226,187,90,52,93
339,1,209,183,230,206,96,13,94,2
339,2,226,102,26,149,152,9,28,128
339,3,180,170,237,122,221,234,255,222
339,4,119,239,123,55,8,82,60,2
339,5,225,142,181,232,99,61,5,194
339,6,16,9,58,108,115,27,20,134
339,7,138,131,146,9,161,84,220,243
339,8,112,124,46,158,45,252,157,35
339,9,236,231,80,239,17,19,182,178
339,10,200,163,229,140,214,108,128,54
339,11,212,18,130,68,197,94,158,240
339,12,219,72,234,107,233,172,106,231
339,13,122,200,48,193,36,226,100,70
339,14,174,89,79,251,27,152,156,232
339,15,236,118,22,222,241,239,154,240
339,16,8,30,90,199,167,123,226,158
339,17,23,191,230,36,232,31,231,205
339,18,135,251,70,157,231,222,164,238
339,19,245,216,46,175,155,40,193,71
339,20,190,236,13,211,45,222,218,43
339,21,231,236,224,43,192,234,80,162
339,22,97,200,143,187,81,85,163,204
339,23,240,212,101,94,130,18,3,68
339,24,219,107,72,57,121,194,133,66
339,25,122,48,207,226,181,67,75,36
339,26,235,89,174,157,37,156,79,232
339,27,236,118,22,209,135,9,231,219
339,28,8,222,226,231,21,199,30,108
339,29,23,169,231,56,174,240,191,236
339,30,70,231,164,135,189,222,157,210
339,31,245,40,46,196,216,251,185,71
339,32,17,61,89,126,243,194,176,91
339,33,214,94,23,217,248,12,38,171
339,34,187,70,188,54,19,235,173,206
339,35,92,100,73,131,184,196,161,1
339,36,196,42,0,239,253,193,8,223
339,37,87,48,45,90,220,97,84,241
339,38,97,162,244,86,44,22,14,3
339,39,145,61,52,62,220,16,181,252
340,0,177,20,55,217,224,31,175,12
340,1,70,153,163,1,42,48,105,115
340,2,228,42,216,126,187,193,3,157
340,3,234,197,16,63,18,180,215,182
340,4,169,30,63,212,113,194,11,125
340,5,225,181,48,38,228,187,139,142
340,6,168,201,189,108,253,70,58,9
340,7,138,146,130,220,38,246,150,202
340,8,236,46,211,45,9,124,73,227
340,9,236,231,34,80,17,162,225,242
340,10,200,103,140,97,204,119,67,15
340,11,240,212,68,197,146,37,94,208
340,12,72,219,36,107,200,172,231,173
340,13,122,193,155,226,67,36,198,48
340,14,79,237,220,89,174,152,156,251
340,15,18,112,236,135,118,43,22,40
340,16,8,10,199,30,154,129,21,233
340,17,126,230,206,19,23,191,201,232
340,18,135,251,238,222,165,164,87,231
340,19,247,193,177,245,155,29,216,66
340,20,190,13,236,222,141,43,74,194
340,21,224,34,111,236,89,231,24,110
340,22,187,109,81,111,146,242,85,200
340,23,157,240,212,3,59,231,94,197
340,24,219,157,166,46,107,47,50,133
340,25,48,249,207,67,0,122,226,36
340,26,89,218,22,235,159,37,156,168
340,27,236,18,112,118,109,135,159,28
340,28,8,56,82,222,81,90,206,186
340,29,19,230,169,231,126,164,3,173
340,30,135,209,151,84,189,50,63,210
340,31,60,196,247,245,155,46,177,185
340,32,92,109,126,14,26,57,76,248
340,33,198,189,248,139,171,176,154,38
340,34,249,18,48,143,195,72,173,28
340,35,92,185,100,73,77,44,176,184
340,36,79,196,37,125,228,21,42,44
340,37,196,214,48,162,45,110,126,210
340,38,149,132,87,156,52,162,97,254
340,39,66,251,44,77,99,5,142,224
341,0,159,220,17,52,13,70,178,174
341,1,222,209,105,97,73,163,80,208
341,2,39,104,42,71,3,146,12,210
341,3,234,215,63,89,78,18,44,36
341,4,169,221,194,1,113,51,30,166
341,5,202,165,228,48,96,52,75,84
341,6,201,25,57,9,177,27,253,232
341,7,83,146,130,223,38,128,149,138
341,8,236,190,124,9,183,158,13,211
341,9,231,224,111,34,236,153,162,110
341,10,81,19,111,187,200,85,242,165
341,11,212,240,197,94,157,220,3,225
341,12,219,107,157,234,66,194,172,133
341,13,122,226,67,30,48,207,249,36
341,14,89,7,37,156,249,73,251,235
341,15,109,236,33,118,22,136,135,239
341,16,8,90,82,167,253,30,123,211
341,17,230,164,191,23,201,21,231,205
341,18,135,116,5,21,151,17,222,231
341,19,245,155,43,71,85,193,181,253
341,20,190,13,236,80,124,43,207,121
341,21,224,231,89,236,34,110,111,192
341,22,19,81,187,242,85,200,146,216
341,23,212,197,59,94,37,157,220,201
341,24,219,7,128,234,157,11,107,46
341,25,48,101,30,19,67,100,41,124
341,26,89,235,174,218,156,157,168,172
341,27,118,135,236,33,22,207,71,249
341,28,8,193,167,90,12,82,190,206
341,29,164,169,88,21,230,23,173,12
341,30,50,70,135,63,210,238,189,4
341,31,38,251,185,245,155,218,46,71
341,32,179,18,126,123,76,109,62,91
341,33,234,11,189,104,162,167,248,28
341,34,240,173,72,44,48,28,67,206
341,35,92,145,148,185,161,2,236,191
341,36,39,142,202,115,196,49,114,242
341,37,27,48,15,83,193,95,174,60
341,38,80,44,75,234,30,119,162,97
341,39,244,9,183,92,252,72,231,254
342,0,229,249,7,196,216,123,242,105
342,1,225,118,231,117,244,27,93,155
342,2,163,103,162,100,4,249,227,214
342,3,133,187,152,234,235,190,231,212
342,4,13,142,167,30,236,102,251,210
342,5,104,5,6,193,186,99,112,253
342,6,9,167,153,123,27,108,245,134
342,7,146,29,23,210,83,1,133,138
342,8,234,13,28,89,207,248,180,201
342,9,94,29,164,13,105,236,231,4
342,10,130,169,216,85,128,90,154,198
342,11,212,189,95,94,161,176,84,107
342,12,234,57,107,233,26,128,63,181
342,13,30,147,43,48,97,41,122,175
342,14,42,89,251,174,178,124,51,61
342,15,22,84,118,239,81,124,234,200
342,16,206,5,249,90,196,123,140,133
342,17,205,250,3,231,76,50,23,172
342,18,21,179,50,211,206,187,189,57
342,19,181,155,251,109,106,130,205,1
342,20,234,13,184,207,190,201,236,194
342,21,236,164,105,29,94,231,4,89
342,22,169,130,85,35,198,128,143,81
342,23,189,95,212,94,42,128,107,161
342,24,234,74,63,26,57,128,219,15
342,25,41,43,30,48,147,97,134,163
342,26,42,61,32,89,148,124,178,174
342,27,84,118,234,200,236,43,239,81
342,28,206,133,249,226,5,9,90,43
342,29,250,76,205,3,169,172,50,138
342,30,179,21,189,187,211,210,81,205
342,31,251,181,155,185,106,130,159,129
342,32,91,98,131,134,186,99,126,94
342,33,248,38,183,238,232,126,73,29
342,34,84,171,207,180,96,235,34,209
342,35,145,20,236,57,100,92,153,151
342,36,120,181,70,211,42,202,139,248
342,37,65,31,190,58,83,143,45,182
342,38,148,92,75,71,18,95,44,162
342,39,2,38,69,189,217,254,148,252
343,0,177,47,115,158,132,235,141,125
343,1,182,244,118,155,93,117,197,233
343,2,93,123,57,100,103,82,29,140
343,3,234,133,117,187,233,190,235,40
343,4,142,102,236,144,54,95,30,128
343,5,5,193,90,47,65,43,127,79
343,6,153,60,206,138,250,196,22,215
343,7,29,210,23,117,83,64,123,147
343,8,234,239,180,116,77,13,56,28
343,9,164,13,191,239,2,105,89,36
343,10,169,185,198,35,125,130,195,65
343,11,189,95,128,206,108,161,86,107
343,12,93,74,128,107,63,234,26,15
343,13,134,147,41,97,43,175,30,154
343,14,51,124,42,251,148,32,16,137
343,15,22,84,162,200,118,81,87,239
343,16,233,133,5,206,249,43,123,196
343,17,250,76,87,205,50,0,3,147
343,18,21,179,211,206,50,163,135,187
343,19,109,116,155,20,205,181,106,251
343,20,13,239,234,184,207,201,190,28
343,21,231,105,164,191,89,13,236,133
343,22,169,35,85,236,198,200,81,125
343,23,189,95,128,42,212,94,62,107
343,24,219,93,74,234,220,45,15,63
343,25,48,41,30,134,147,6,163,43
343,26,42,32,61,89,51,79,251,178
343,27,84,118,234,236,43,88,200,87
343,28,226,206,249,5,133,9,90,43
343,29,250,205,50,3,169,76,172,138
343,30,21,179,211,189,210,187,81,205
343,31,251,155,181,185,116,106,159,109
343,32,91,119,134,131,186,96,243,126
343,33,248,38,93,183,238,232,58,3
343,34,171,207,82,180,84,235,209,96
343,35,236,20,145,100,57,218,153,151
343,36,120,181,70,211,42,202,11,139
343,37,31,104,143,190,83,58,67,45
343,38,148,27,71,92,44,75,162,3
343,39,69,243,110,38,12,217,154,220
344,0,57,56,127,110,43,238,66,157
344,1,118,117,19,242,145,211,161,100
344,2,60,80,238,49,255,234,133,219
344,3,70,171,19,234,92,219,217,119
344,4,74,118,254,88,138,136,242,122
344,5,5,24,169,147,144,249,130,248
344,6,183,250,164,68,137,65,41,208
344,7,210,56,146,1,221,101,83,72
344,8,207,234,13,184,202,28,201,69
344,9,105,148,13,217,89,231,43,236
344,10,73,24,35,92,161,140,213,46
344,11,95,210,154,27,93,195,181,147
344,12,84,234,191,181,155,233,57,219
344,13,48,30,41,168,15,70,163,59
344,14,42,178,61,89,251,99,156,79
344,15,84,203,239,118,22,234,88,101
344,16,206,249,161,226,90,8,103,9
344,17,205,3,50,23,138,231,169,56
344,18,135,189,21,211,206,210,159,71
344,19,181,155,185,159,251,5,228,46
344,20,13,236,184,252,230,194,190,45
344,21,231,105,89,236,148,163,242,4
344,22,200,35,24,140,85,81,73,97
344,23,95,212,210,27,94,154,190,195
344,24,219,233,234,37,45,84,183,227
344,25,163,41,48,30,23,196,140,181
344,26,42,15,89,227,79,99,178,61
344,27,236,84,203,234,212,43,118,239
344,28,226,206,161,249,8,103,24,168
344,29,169,138,205,214,3,50,218,23
344,30,210,189,21,211,71,109,206,149
344,31,129,185,181,159,91,155,251,199
344,32,91,221,243,131,48,201,94,126
344,33,248,96,58,38,107,151,121,3
344,34,171,56,208,175,252,209,226,95
344,35,236,85,20,218,100,99,161,111
344,36,195,246,211,152,42,202,139,35
344,37,67,83,143,174,45,161,56,87
344,38,201,234,9,44,30,39,162,3
344,39,246,250,1,92,215,183,220,125
345,0,242,234,144,84,186,111,188,172
345,1,117,118,198,239,111,42,84,211
345,2,230,86,15,150,133,92,234,166
345,3,234,155,214,116,177,19,113,51
345,4,112,94,98,169,71,182,194,76
345,5,5,169,116,144,118,91,48,84
345,6,9,142,43,183,174,204,200,250
345,7,210,146,41,72,181,243,232,228
345,8,65,13,207,252,69,184,230,201
345,9,231,105,236,4,89,133,162,70
345,10,140,7,35,200,207,9,85,97
345,11,95,153,212,130,114,15,208,10
345,12,219,234,233,227,181,84,206,191
345,13,48,168,15,30,41,163,155,181
345,14,220,42,79,61,99,89,178,33
345,15,234,203,84,239,118,43,248,22
345,16,206,226,249,90,103,8,207,24
345,17,205,197,3,138,23,231,169,206
345,18,189,206,21,135,210,211,243,71
345,19,181,185,159,155,129,46,245,251
345,20,65,13,236,252,230,45,154,255
345,21,231,236,89,105,4,242,133,163
345,22,200,140,35,97,0,7,85,30
345,23,212,153,95,15,94,190,113,147
345,24,219,37,234,45,233,227,183,181
345,25,163,48,30,41,181,196,193,67
345,26,42,89,79,220,15,227,99,33
345,27,236,212,84,43,234,118,239,248
345,28,226,8,206,249,129,103,90,24
345,29,205,169,138,3,23,90,236,133
345,30,69,210,189,211,21,206,109,243
345,31,196,181,185,46,129,251,155,159
345,32,91,195,243,61,126,94,86,62
345,33,248,36,38,97,37,217,94,171
345,34,90,188,212,209,171,187,19,255
345,35,100,196,236,49,214,20,111,73
345,36,0,42,147,234,8,223,139,84
345,37,220,45,193,84,210,87,83,7
345,38,14,162,3,15,114,22,39,167
345,39,224,23,220,61,16,89,252,14
346,0,136,78,89,241,56,14,18,37
346,1,12,119,40,220,237,247,67,117
346,2,178,56,138,197,209,19,236,44
346,3,247,234,179,161,65,44,137,227
346,4,253,141,98,156,199,112,35,169
346,5,5,116,19,118,174,225,84,144
346,6,9,204,27,43,25,174,142,200
346,7,41,146,210,232,243,1,77,225
346,8,157,13,230,65,207,184,252,236
346,9,4,231,105,89,133,236,242,181
346,10,140,12,35,68,200,94,97,15
346,11,95,64,212,208,130,65,153,225
346,12,227,234,219,181,37,233,173,183
346,13,42,48,181,30,193,163,155,70
346,14,79,42,220,33,99,251,174,15
346,15,43,234,22,84,118,236,208,9
346,16,226,206,90,8,249,123,129,103
346,17,205,138,3,169,31,23,185,50
346,18,210,135,206,178,21,189,231,71
346,19,185,5,159,46,181,129,155,126
346,20,230,236,13,252,154,184,134,65
346,21,231,163,242,89,105,80,133,4
346,22,200,140,15,12,7,97,207,68
346,23,64,212,95,190,10,98,94,230
346,24,45,219,37,183,234,233,172,173
346,25,163,42,181,196,48,193,23,30
346,26,15,227,79,141,42,99,33,89
346,27,212,236,43,84,234,10,118,40
346,28,226,8,129,206,103,249,239,24
346,29,185,138,169,205,3,133,189,90
346,30,210,72,189,183,211,109,69,243
346,31,196,185,251,129,159,155,60,46
346,32,224,243,91,126,197,61,94,32
346,33,248,63,38,156,217,185,36,171
346,34,152,90,188,209,54,171,206,235
346,35,100,196,236,111,214,73,20,242
346,36,42,239,223,139,24,251,176,130
346,37,50,45,210,7,83,87,14,62
346,38,14,162,146,3,15,114,39,244
346,39,177,85,13,220,61,89,15,14
347,0,36,177,78,134,55,135,148,170
347,1,1,101,254,109,42,52,165,118
347,2,178,182,56,138,228,201,206,115
347,3,16,247,234,63,0,44,18,215
347,4,169,253,35,225,126,63,113,194
347,5,116,118,225,187,181,84,202,19
347,6,27,204,25,201,9,189,150,50
347,7,77,130,146,41,31,83,202,67
347,8,230,236,225,124,158,13,190,45
347,9,231,162,242,133,91,236,4,163
347,10,200,140,109,97,12,15,103,153
347,11,240,212,197,94,10,95,208,190
347,12,219,47,107,234,37,227,173,133
347,13,181,30,41,193,48,42,82,122
347,14,79,251,174,37,237,33,15,73
347,15,118,22,84,250,9,239,135,142
347,16,8,123,226,211,206,74,90,249
347,17,230,205,17,3,201,147,56,31
347,18,135,21,152,211,210,9,222,189
347,19,155,46,42,66,177,5,106,251
347,20,190,45,236,13,194,184,201,240
347,21,231,163,89,181,242,236,43,80
347,22,200,81,160,187,140,111,35,107
347,23,80,212,94,10,197,95,65,240
347,24,219,234,183,133,250,171,205,233
347,25,181,48,41,163,30,193,226,23
347,26,89,79,237,15,141,174,33,251
347,27,118,236,84,10,40,43,164,211
347,28,226,74,8,129,90,206,197,199
347,29,150,169,138,126,55,205,3,185
347,30,18,210,72,61,183,109,4,141
347,31,15,154,244,55,196,155,159,60
347,32,58,248,243,126,28,92,91,94
347,33,176,248,185,38,63,12,171,147
347,34,249,80,209,152,226,15,171,90
347,35,100,77,123,111,242,230,236,131
347,36,42,228,223,21,176,139,79,130
347,37,156,244,214,45,83,196,210,7
347,38,182,50,14,204,3,52,141,162
347,39,157,83,142,101,209,66,15,112
348,0,193,156,52,94,17,220,167,234
348,1,52,109,165,56,70,220,95,237
348,2,67,42,138,56,254,206,178,182
348,3,16,234,247,44,163,239,215,63
348,4,169,206,1,80,35,137,194,40
348,5,181,116,225,118,187,77,48,64
348,6,201,25,195,9,253,27,50,204
348,7,223,77,137,83,146,41,166,228
348,8,230,47,252,13,236,124,63,156
348,9,231,163,162,32,236,4,133,242
348,10,200,140,109,103,30,116,97,67
348,11,146,197,212,37,190,240,216,94
348,12,37,183,234,227,50,47,173,72
348,13,193,196,163,23,0,181,88,246
348,14,79,15,227,237,144,17,89,33
348,15,208,236,43,212,10,18,142,118
348,16,226,129,82,8,103,206,90,234
348,17,169,138,19,205,3,90,185,199
348,18,210,116,183,109,189,206,149,178
348,19,129,196,159,185,126,155,46,181
348,20,230,252,236,47,13,45,255,60
348,21,74,32,163,89,231,242,250,80
348,22,200,140,146,30,12,109,207,97
348,23,197,190,37,212,146,240,98,216
348,24,37,183,157,234,45,233,47,173
348,25,42,193,163,0,196,48,23,41
348,26,227,15,89,144,218,79,237,111
348,27,212,236,10,18,208,118,43,164
348,28,129,226,206,8,234,24,82,56
348,29,185,169,19,233,3,138,205,126
348,30,210,183,209,109,72,50,116,151
348,31,196,129,60,185,155,159,37,46
348,32,144,26,243,86,126,91,78,248
348,33,248,185,36,38,234,104,167,3
348,34,209,249,90,44,152,48,171,28
348,35,100,77,117,236,111,230,196,148
348,36,79,147,37,42,130,223,139,227
348,37,196,214,210,45,244,193,83,132
348,38,88,236,141,182,14,3,52,15
348,39,66,142,83,209,5,101,224,112
349,0,52,146,17,159,13,220,240,209
349,1,56,80,29,67,52,131,13,2
349,2,67,114,197,249,245,85,160,138
349,3,234,163,16,63,197,192,247,15
349,4,169,253,221,63,194,30,206,137
349,5,181,116,225,48,187,5,118,19
349,6,201,204,9,27,253,50,25,43
349,7,77,146,130,83,38,41,228,246
349,8,230,252,236,124,13,255,156,183
349,9,231,133,236,105,162,80,16,242
349,10,200,140,12,97,30,116,207,146
349,11,197,212,98,240,190,146,37,95
349,12,37,227,234,72,183,172,157,173
349,13,196,193,163,30,23,48,181,0
349,14,79,15,227,89,111,17,99,42
349,15,236,212,208,43,234,154,12,84
349,16,226,129,206,90,8,82,228,249
349,17,169,3,205,21,138,90,185,23
349,18,210,189,116,109,183,21,206,151
349,19,196,129,181,155,185,159,85,46
349,20,13,252,230,45,236,60,207,43
349,21,231,89,162,236,74,250,80,105
349,22,200,140,97,12,242,146,85,35
349,23,197,212,95,37,240,220,59,190
349,24,37,157,234,72,45,205,233,11
349,25,163,48,42,41,30,101,196,140
349,26,89,203,218,42,227,79,15,99
349,27,236,212,118,84,43,234,239,10
349,28,206,8,226,249,190,129,228,24
349,29,169,185,205,88,3,21,138,23
349,30,210,50,189,21,109,183,211,63
349,31,181,196,155,185,60,46,251,159
349,32,86,91,109,131,179,243,126,120
349,33,36,248,139,104,38,250,171,185
349,34,28,240,90,44,171,109,209,238
349,35,236,100,148,20,185,145,73,190
349,36,147,79,142,115,39,42,227,202
349,37,27,45,193,83,78,210,15,174
349,38,15,215,87,114,44,80,162,169
349,39,158,244,220,44,183,197,89,72
350,0,242,117,96,171,185,133,128,18
350,1,232,13,81,133,169,117,2,43
350,2,254,164,50,213,9,146,90,180
350,3,247,234,170,215,180,221,44,122
350,4,55,182,35,180,253,8,139,169
350,5,181,225,5,19,118,116,142,91
350,6,27,9,16,204,3,50,201,43
350,7,228,146,41,210,243,77,131,83
350,8,252,112,13,230,45,124,60,65
350,9,19,231,206,105,74,236,178,162
350,10,200,163,12,140,7,97,30,207
350,11,212,116,18,197,142,95,216,240
350,12,37,67,234,72,227,233,107,167
350,13,200,48,41,163,193,196,30,181
350,14,38,89,79,42,166,111,232,251
350,15,236,103,241,118,43,212,84,239
350,16,179,8,90,226,206,78,149,129
350,17,155,23,205,3,169,138,231,189
350,18,189,210,206,183,6,21,157,164
350,19,245,181,196,46,155,185,151,7
350,20,13,252,230,112,236,45,68,43
350,21,231,236,19,89,206,162,133,80
350,22,200,163,128,97,140,154,85,12
350,23,18,142,212,240,94,207,101,68
350,24,72,37,227,67,233,234,219,78
350,25,163,48,193,181,122,30,200,36
350,26,89,38,79,157,232,227,111,235
350,27,236,118,43,103,212,241,239,10
350,28,8,179,206,226,199,78,90,129
350,29,155,128,169,3,205,23,174,138
350,30,210,189,157,206,6,109,28,243
350,31,46,196,245,185,155,216,60,106
350,32,17,89,243,61,126,91,94,199
350,33,171,117,248,214,23,94,38,185
350,34,28,187,58,209,19,12,54,173
350,35,100,7,73,111,92,123,98,236
350,36,42,253,57,8,0,139,223,245
350,37,45,164,220,158,84,87,210,193
350,38,136,14,162,3,15,244,22,114
350,39,23,16,14,220,89,61,52,241
351,0,181,82,107,251,39,255,83,221
351,1,119,166,117,168,207,237,89,220
351,2,177,13,81,156,112,9,99,191
351,3,109,158,73,234,65,227,28,114
351,4,35,199,182,247,120,76,82,49
351,5,172,174,232,3,5,225,118,142
351,6,9,27,50,201,43,12,16,202
351,7,228,77,146,195,41,232,84,133
351,8,230,252,236,68,112,13,255,45
351,9,231,19,236,206,80,163,242,74
351,10,200,140,68,154,97,30,7,15
351,11,64,212,190,240,10,197,94,95
351,12,37,227,219,233,107,234,67,170
351,13,181,164,193,30,122,48,196,230
351,14,79,15,237,38,251,89,42,33
351,15,236,43,118,241,208,103,239,19
351,16,226,8,90,179,232,129,149,123
351,17,23,26,31,169,155,138,205,90
351,18,206,210,55,178,164,189,231,183
351,19,196,237,245,46,155,181,250,40
351,20,230,236,13,156,255,45,211,190
351,21,231,236,89,133,163,19,242,105
351,22,200,68,97,128,154,85,140,181
351,23,64,240,212,190,94,68,157,207
351,24,227,37,72,107,219,233,234,170
351,25,122,164,48,181,193,163,192,30
351,26,89,79,111,237,232,157,146,218
351,27,236,43,118,103,208,241,212,19
351,28,8,179,226,129,149,30,206,199
351,29,26,169,155,128,23,3,232,174
351,30,55,157,210,206,189,109,183,231
351,31,237,196,245,46,216,40,155,185
351,32,224,243,197,126,94,61,37,89
351,33,179,201,171,117,156,248,38,185
351,34,49,217,28,58,213,209,173,177
351,35,73,100,7,224,111,123,92,98
351,36,42,57,255,24,139,245,244,239
351,37,50,45,158,87,14,210,83,59
351,38,146,14,3,244,162,15,114,75
351,39,177,14,85,13,220,61,89,62
352,0,109,55,177,31,152,47,192,24
352,1,226,236,42,144,32,185,117,105
352,2,3,221,185,13,42,211,157,47
352,3,234,44,215,63,247,167,16,180
352,4,35,243,169,51,76,225,180,194
352,5,3,232,172,5,225,118,84,187
352,6,9,201,50,253,25,27,149,43
352,7,146,228,138,83,133,38,130,246
352,8,252,13,158,236,68,9,128,230
352,9,231,236,105,224,17,204,162,143
352,10,154,200,85,242,140,81,30,7
352,11,212,201,197,94,240,95,190,68
352,12,234,233,72,219,133,227,57,170
352,13,30,193,230,181,36,48,41,196
352,14,42,89,119,79,251,232,199,157
352,15,236,118,239,84,43,234,22,208
352,16,206,193,90,226,179,8,211,249
352,17,3,205,23,169,138,231,62,90
352,18,21,189,157,211,210,135,206,151
352,19,181,245,155,189,196,46,85,129
352,20,13,252,45,43,207,190,68,236
352,21,231,236,89,105,17,98,163,224
352,22,200,154,85,140,35,242,7,128
352,23,212,201,95,197,94,116,59,216
352,24,234,233,205,219,128,72,227,57
352,25,41,48,230,30,140,163,97,36
352,26,89,42,157,218,203,79,99,156
352,27,84,236,118,43,234,212,239,22
352,28,206,193,249,226,8,190,24,167
352,29,169,205,62,3,88,21,23,50
352,30,21,210,50,189,63,211,109,206
352,31,155,181,251,185,46,159,196,245
352,32,131,91,109,179,86,120,126,125
352,33,248,132,38,104,3,139,11,171
352,34,171,240,44,28,94,209,109,72
352,35,236,20,145,111,100,74,148,161
352,36,142,39,115,202,147,211,42,11
352,37,27,83,193,45,143,78,174,67
352,38,215,119,44,15,80,169,162,3
352,39,158,75,244,220,231,183,122,197
353,0,166,113,97,142,205,150,215,123
353,1,26,34,187,118,59,117,132,207
353,2,146,90,214,70,35,26,31,28
353,3,31,211,234,46,146,37,135,100
353,4,161,65,167,251,13,14,30,187
353,5,5,104,118,6,181,204,161,186
353,6,9,27,204,43,167,201,50,202
353,7,91,228,210,146,83,29,72,41
353,8,33,13,252,89,43,207,45,255
353,9,39,231,105,94,29,13,236,162
353,10,200,140,207,97,12,85,130,0
353,11,20,212,95,197,94,98,147,190
353,12,234,37,227,219,233,63,133,183
353,13,30,140,48,181,163,193,196,41
353,14,79,42,99,15,33,89,227,237
353,15,236,43,65,234,84,118,208,212
353,16,226,206,90,8,249,103,123,129
353,17,138,169,205,3,23,90,172,61
353,18,210,148,21,206,189,71,178,50
353,19,130,129,159,155,181,185,5,126
353,20,13,33,230,252,236,45,60,134
353,21,39,105,74,89,29,242,94,16
353,22,200,140,207,35,130,85,15,30
353,23,95,212,20,190,197,94,98,65
353,24,37,45,234,183,233,63,26,160
353,25,163,48,41,43,23,196,30,213
353,26,89,42,15,227,99,79,218,32
353,27,212,65,236,84,234,43,118,81
353,28,226,206,249,5,8,96,167,168
353,29,169,205,50,172,3,138,12,90
353,30,210,148,211,189,21,187,109,149
353,31,251,159,130,181,185,155,129,126
353,32,91,99,113,131,238,243,62,177
353,33,190,248,38,232,104,41,58,107
353,34,171,161,88,97,55,56,70,209
353,35,236,20,145,218,100,39,111,230
353,36,207,11,42,49,211,139,202,246
353,37,83,67,45,143,174,15,161,27
353,38,44,71,234,162,9,15,39,30
353,39,69,183,72,92,220,250,244,15
354,0,6,57,88,59,56,110,195,26
354,1,118,117,250,191,112,189,145,86
354,2,198,87,76,121,238,222,64,108
354,3,70,234,19,92,245,214,193,73
354,4,118,65,242,74,224,138,156,76
354,5,5,174,24,144,249,118,225,6
354,6,115,27,9,50,183,43,250,114
354,7,91,41,129,2,210,44,146,232
354,8,120,13,252,207,184,45,12,33
354,9,4,231,148,89,105,217,13,74
354,10,68,253,140,161,30,208,35,228
354,11,210,195,142,113,95,212,208,20
354,12,234,181,84,227,233,154,155,67
354,13,48,164,163,41,22,100,167,213
354,14,42,89,213,38,206,79,174,251
354,15,22,203,234,84,118,212,207,136
354,16,206,90,167,249,226,96,21,123
354,17,26,50,205,23,3,231,12,56
354,18,148,211,189,243,70,190,21,206
354,19,102,251,155,65,181,185,106,46
354,20,13,124,236,45,252,184,207,43
354,21,4,220,89,148,231,192,236,162
354,22,253,35,68,30,97,140,200,51
354,23,113,210,212,94,101,64,208,147
354,24,181,121,234,219,7,132,37,72
354,25,163,48,164,30,41,156,196,213
354,26,206,89,174,42,178,156,79,61
354,27,234,203,236,212,84,22,7,118
354,28,206,226,167,21,249,8,161,90
354,29,205,26,50,3,181,169,23,206
354,30,243,70,211,189,210,148,149,21
354,31,251,185,155,102,65,106,181,60
354,32,224,91,42,177,197,126,62,32
354,33,177,38,248,96,156,217,12,179
354,34,49,171,217,196,70,213,55,30
354,35,236,100,219,224,210,20,131,60
354,36,255,11,42,24,239,193,139,84
354,37,158,83,50,37,45,14,90,87
354,38,44,146,162,14,15,40,39,86
354,39,85,13,220,15,61,177,252,62
355,0,180,55,70,152,178,177,137,224
355,1,117,111,42,239,22,70,74,161
355,2,221,212,77,234,71,87,195,199
355,3,234,215,19,113,252,17,137,167
355,4,243,169,178,27,30,80,76,137
355,5,5,144,66,118,225,91,187,80
355,6,57,115,9,27,43,134,19,44
355,7,41,210,129,223,1,146,232,235
355,8,252,13,43,207,124,236,154,69
355,9,4,231,89,74,220,105,236,162
355,10,30,253,140,228,19,167,35,200
355,11,212,113,95,190,208,240,147,197
355,12,181,234,233,37,136,45,72,84
355,13,163,48,41,100,196,22,213,193
355,14,42,206,89,156,174,79,251,213
355,15,22,234,203,212,84,177,118,33
355,16,206,21,90,167,226,249,180,131
355,17,50,205,231,3,12,23,181,164
355,18,243,211,189,70,190,210,21,206
355,19,102,251,65,185,155,181,46,91
355,20,13,124,236,45,5,154,252,43
355,21,4,220,89,219,236,228,231,162
355,22,253,30,35,19,140,51,167,228
355,23,113,212,190,94,147,208,240,95
355,24,181,234,7,121,233,132,204,72
355,25,163,48,30,41,249,22,156,247
355,26,206,174,89,42,13,156,203,178
355,27,234,7,84,22,212,118,43,236
355,28,206,21,226,167,249,52,90,8
355,29,205,181,3,50,206,164,56,12
355,30,243,211,70,149,189,210,148,190
355,31,251,185,155,65,91,181,102,126
355,32,91,62,48,177,109,102,85,126
355,33,38,234,224,248,107,95,177,68
355,34,171,240,70,64,56,220,95,28
355,35,236,99,219,39,20,196,161,44
355,36,49,202,195,152,246,79,42,142
355,37,83,15,193,45,161,60,174,153
355,38,44,39,234,40,15,9,162,30
355,39,72,244,250,92,15,183,220,203
356,0,242,234,13,203,186,152,177,2
356,1,59,11,232,64,56,132,208,117
356,2,19,230,212,150,249,110,23,48
356,3,234,155,247,63,215,180,190,66
356,4,169,94,164,71,12,226,76,93
356,5,6,66,81,225,5,115,130,187
356,6,115,136,9,27,123,142,114,57
356,7,1,41,210,129,181,213,243,235
356,8,13,7,207,124,252,154,251,12
356,9,4,89,220,43,96,105,107,74
356,10,253,30,35,117,15,174,49,140
356,11,212,113,116,153,208,95,103,94
356,12,181,234,217,227,55,204,45,37
356,13,48,163,30,100,156,41,38,213
356,14,206,42,89,251,174,156,75,79
356,15,22,234,84,207,118,239,186,9
356,16,206,21,90,249,167,193,123,52
356,17,50,205,206,231,3,56,23,78
356,18,211,70,243,190,12,189,206,21
356,19,251,65,155,181,185,102,91,68
356,20,13,124,7,242,236,201,207,5
356,21,4,89,220,96,236,219,14,162
356,22,35,0,216,253,30,174,15,117
356,23,113,116,212,208,94,59,151,95
356,24,181,234,128,121,132,7,45,95
356,25,163,48,30,41,156,249,247,38
356,26,206,89,174,42,156,82,178,61
356,27,234,84,22,7,207,118,212,5
356,28,206,21,249,167,226,52,90,82
356,29,181,205,3,49,50,88,206,240
356,30,243,70,149,211,50,189,162,21
356,31,251,185,60,155,65,28,181,126
356,32,91,86,179,177,120,162,28,131
356,33,38,104,250,36,97,181,248,6
356,34,44,238,28,171,255,212,109,206
356,35,148,49,190,20,80,161,219,236
356,36,227,39,147,115,234,11,193,34
356,37,15,27,193,78,83,153,97,241
356,38,215,44,139,119,39,40,126,162
356,39,158,72,36,15,122,224,197,231
357,0,218,2,152,65,46,212,214,110
357,1,206,117,8,40,183,13,96,105
357,2,35,242,7,19,197,252,9,112
357,3,234,247,192,63,239,211,57,32
357,4,180,231,169,60,191,164,71,130
357,5,66,6,67,254,5,115,225,81
357,6,115,114,123,9,142,136,241,245
357,7,41,1,210,235,84,243,131,139
357,8,7,13,242,124,207,230,246,152
357,9,4,89,14,220,23,219,190,16
357,10,17,15,30,253,174,117,114,35
357,11,113,116,151,212,209,208,95,182
357,12,181,234,217,7,227,132,204,37
357,13,48,156,163,111,30,41,100,247
357,14,206,42,89,75,38,251,178,176
357,15,22,84,207,234,186,108,118,9
357,16,206,193,90,249,167,21,123,23
357,17,50,205,56,231,3,181,23,12
357,18,211,190,12,50,70,243,21,189
357,19,251,65,155,102,181,68,111,107
357,20,13,124,242,7,205,207,69,201
357,21,4,89,220,14,240,105,236,231
357,22,35,216,17,143,253,174,51,61
357,23,113,116,151,208,94,212,209,152
357,24,181,234,132,121,128,45,7,217
357,25,48,163,30,156,41,249,97,18
357,26,206,89,174,75,156,218,82,178
357,27,234,84,22,207,88,186,118,5
357,28,167,206,193,249,226,21,90,188
357,29,50,205,181,88,49,3,78,240
357,30,243,50,70,162,211,149,189,21
357,31,251,185,65,155,181,60,106,252
357,32,75,179,91,177,131,125,116,86
357,33,5,38,104,182,161,132,248,36
357,34,44,205,238,227,171,28,70,30
357,35,148,190,80,236,219,145,74,20
357,36,39,227,115,147,11,42,98,19
357,37,27,78,83,193,15,16,113,145
357,38,215,169,119,40,39,44,75,162
357,39,158,231,122,179,197,15,72,129
358,0,46,186,249,242,233,63,110,157
358,1,117,118,86,112,191,42,187,250
358,2,121,87,235,133,147,59,22,198
358,3,234,211,146,214,31,199,236,76
358,4,118,251,155,30,242,65,167,139
358,5,5,254,100,6,161,67,44,66
358,6,175,114,167,142,115,9,3,18
358,7,2,1,210,41,44,58,56,10
358,8,35,120,38,7,49,13,207,186
358,9,13,240,156,4,98,14,89,105
358,10,253,114,51,24,161,35,174,63
358,11,195,49,20,79,236,142,156,113
358,12,181,67,7,234,155,217,132,138
358,13,48,22,76,156,100,142,111,18
358,14,241,206,38,75,42,89,218,119
358,15,76,207,22,234,84,113,120,88
358,16,96,119,90,136,167,206,21,188
358,17,50,114,205,7,102,56,143,36
358,18,215,148,214,190,12,211,70,142
358,19,251,65,68,178,102,155,71,218
358,20,13,49,35,124,201,7,120,43
358,21,4,240,89,220,14,145,43,11
358,22,253,51,174,114,143,35,15,168
358,23,49,113,79,20,94,156,236,208
358,24,181,67,121,132,7,138,227,19
358,25,48,76,195,142,163,249,30,51
358,26,206,89,241,75,39,82,218,174
358,27,76,207,234,84,22,186,7,120
358,28,45,119,96,90,226,167,21,249
358,29,114,50,181,7,205,240,23,231
358,30,215,214,148,243,211,81,70,12
358,31,251,65,71,120,102,107,155,68
358,32,139,116,177,158,91,201,102,62
358,33,182,167,232,38,122,6,205,168
358,34,205,34,70,171,238,12,97,95
358,35,80,49,148,20,219,132,236,151
358,36,172,252,227,147,193,11,139,49
358,37,78,83,84,15,27,241,140,193
358,38,44,39,40,215,250,126,3,139
358,39,72,158,15,165,216,220,125,61
359,0,117,242,185,171,18,133,96,226
359,1,79,37,230,227,117,84,157,53
359,2,147,194,134,72,201,101,0,76
359,3,234,213,170,162,214,221,122,180
359,4,251,55,60,155,139,8,105,82
359,5,66,114,6,5,81,12,237,35
359,6,16,115,175,3,114,9,1,123
359,7,1,228,66,41,2,235,210,181
359,8,35,112,49,7,13,103,207,5
359,9,4,178,19,14,240,145,206,89
359,10,163,253,51,114,174,10,218,15
359,11,18,79,142,130,49,113,116,234
359,12,67,181,154,95,217,7,203,132
359,13,48,76,195,200,22,156,163,30
359,14,206,38,241,75,89,42,174,82
359,15,76,22,207,103,234,120,186,241
359,16,90,45,179,21,167,206,222,188
359,17,114,102,50,231,7,205,240,181
359,18,214,215,70,243,211,12,190,168
359,19,65,251,102,68,245,155,185,71
359,20,49,112,7,13,43,124,67,35
359,21,4,178,89,220,120,236,162,133
359,22,174,163,15,51,143,168,253,35
359,23,113,49,18,101,79,208,207,94
359,24,181,227,121,67,107,203,36,19
359,25,76,163,48,195,249,142,30,247
359,26,206,89,82,174,199,39,75,38
359,27,234,76,207,22,186,120,84,7
359,28,21,226,45,179,249,231,90,167
359,29,240,50,114,181,23,231,205,155
359,30,243,215,214,211,70,206,168,6
359,31,65,251,102,120,71,107,185,68
359,32,17,177,89,194,139,91,61,94
359,33,23,214,94,122,117,38,21,248
359,34,70,187,58,12,19,34,188,54
359,35,80,236,219,161,151,20,60,88
359,36,253,193,172,0,252,11,139,8
359,37,84,140,164,83,241,147,220,37
359,38,44,40,39,250,136,126,3,22
359,39,16,145,62,23,220,15,181,216
360,0,115,2,152,41,177,223,151,29
360,1,153,70,42,117,52,109,119,165
360,2,147,13,5,139,177,194,193,47
360,3,234,197,66,167,63,243,58,44
360,4,149,169,30,180,251,93,194,226
360,5,172,66,12,213,187,5,35,6
360,6,115,172,175,108,25,243,18,1
360,7,1,167,66,146,41,84,228,150
360,8,49,7,124,13,43,230,67,199
360,9,4,133,231,162,14,236,242,234
360,10,15,117,51,174,168,192,138,57
360,11,212,113,37,79,190,59,94,151
360,12,217,181,234,72,107,57,32,36
360,13,48,195,76,249,163,156,30,222
360,14,206,79,42,174,89,76,82,251
360,15,22,234,197,186,76,118,105,9
360,16,140,90,21,167,82,222,206,45
360,17,240,114,231,50,23,190,205,7
360,18,70,243,214,215,190,231,238,237
360,19,251,65,155,71,102,247,178,181
360,20,13,49,46,7,124,236,67,215
360,21,4,89,236,220,14,242,162,190
360,22,216,15,51,146,174,168,117,114
360,23,79,113,37,59,212,190,231,201
360,24,181,7,119,29,72,128,46,94
360,25,48,249,76,195,163,30,59,19
360,26,206,89,218,82,174,40,241,76
360,27,76,137,234,22,57,207,84,7
360,28,45,90,179,193,222,167,212,99
360,29,240,114,50,88,7,205,255,61
360,30,215,50,243,214,70,148,211,81
360,31,251,155,65,68,204,252,185,71
360,32,139,177,148,91,179,106,57,62
360,33,161,38,104,132,162,102,56,250
360,34,109,44,143,70,28,171,238,195
360,35,148,190,20,117,151,161,185,225
360,36,39,172,115,227,147,142,55,240
360,37,27,229,78,83,206,126,165,101
360,38,44,169,119,126,132,250,206,3
360,39,75,179,224,197,225,163,235,226
361,0,166,97,113,142,205,150,215,213
361,1,34,26,87,59,105,227,187,31
361,2,147,235,17,174,145,176,227,203
361,3,239,46,211,37,146,84,186,76
361,4,167,161,14,251,240,65,30,82
361,5,66,12,172,6,235,104,130,161
361,6,175,167,18,115,142,172,243,245
361,7,66,91,2,1,210,83,10,41
361,8,33,49,13,207,7,186,88,124
361,9,39,4,94,13,29,14,132,89
361,10,51,130,248,1,114,253,10,145
361,11,20,79,236,103,94,49,42,113
361,12,234,181,7,127,26,107,32,79
361,13,139,55,30,48,71,161,57,41
361,14,251,186,193,230,206,89,119,75
361,15,135,22,9,84,192,113,61,207
361,16,90,74,167,123,211,233,161,113
361,17,56,130,147,92,148,213,192,205
361,18,9,165,12,135,222,211,17,70
361,19,106,175,111,155,42,38,102,21
361,20,201,13,28,207,236,186,184,202
361,21,192,89,13,43,39,234,220,11
361,22,159,160,31,143,73,92,85,168
361,23,80,94,17,154,147,212,113,67
361,24,121,107,65,18,171,35,184,234
361,25,48,124,13,30,192,122,226,51
361,26,235,168,89,251,178,186,146,59
361,27,245,22,219,65,118,135,101,164
361,28,90,200,167,8,74,233,224,123
361,29,150,173,130,32,213,23,191,10
361,30,148,61,172,9,21,181,215,112
361,31,154,130,155,106,102,38,120,238
361,32,113,99,245,238,106,158,91,131
361,33,190,38,232,41,116,122,104,21
361,34,88,34,97,171,70,161,62,108
361,35,145,80,20,151,161,74,236,219
361,36,172,207,39,120,193,163,217,7
361,37,27,83,190,241,250,84,219,206
361,38,44,250,71,126,176,206,39,40
361,39,139,69,179,15,165,163,67,241
362,0,6,22,66,106,46,110,85,63
362,1,117,118,112,223,250,189,191,158
362,2,147,61,235,198,134,22,59,17
362,3,226,146,162,236,98,234,105,97
362,4,67,251,167,118,30,242,72,105
362,5,12,172,67,254,100,235,6,66
362,6,175,167,142,18,129,243,115,61
362,7,44,66,91,2,1,242,10,210
362,8,33,35,49,207,13,164,44,88
362,9,240,132,13,14,4,98,89,149
362,10,248,253,114,63,51,10,174,35
362,11,49,36,20,79,236,203,113,103
362,12,181,7,234,32,132,35,217,203
362,13,48,33,142,222,72,76,156,41
362,14,206,241,75,89,119,38,42,218
362,15,22,207,234,96,120,166,84,9
362,16,90,206,188,167,237,21,136,156
362,17,50,205,102,231,110,36,56,7
362,18,12,190,70,211,238,243,142,168
362,19,251,120,65,111,155,68,71,178
362,20,201,13,33,35,7,124,207,12
362,21,4,240,89,14,178,132,220,43
362,22,114,143,35,253,174,15,168,51
362,23,49,113,94,208,20,36,207,101
362,24,181,132,234,121,19,95,65,222
362,25,48,30,142,156,163,18,72,51
362,26,206,89,75,241,156,61,174,178
362,27,234,84,207,22,9,120,88,113
362,28,167,21,249,206,90,179,99,136
362,29,50,110,205,56,3,7,206,181
362,30,70,211,238,103,12,112,128,243
362,31,251,120,155,107,111,102,71,65
362,32,238,91,158,40,113,62,194,111
362,33,73,38,41,232,6,122,12,168
362,34,34,97,161,171,19,70,108,205
362,35,20,151,80,49,145,60,236,64
362,36,193,98,34,227,181,147,11,84
362,37,84,241,83,37,227,145,90,140
362,38,44,250,126,39,40,86,56,36
362,39,165,115,125,15,146,41,232,67
363,0,242,185,117,18,171,125,133,245
363,1,117,79,173,84,189,118,105,248
363,2,61,76,222,194,108,201,72,16
363,3,170,214,122,194,221,234,195,162
363,4,119,55,60,105,8,244,139,123
363,5,114,66,6,12,5,172,194,217
363,6,16,115,19,3,123,114,1,9
363,7,1,228,66,41,210,44,84,181
363,8,35,216,112,7,13,207,12,103
363,9,4,178,19,14,89,105,145,206
363,10,163,174,15,253,192,30,140,35
363,11,113,18,130,238,208,212,94,116
363,12,181,67,234,217,154,7,132,95
363,13,48,200,72,163,156,30,173,142
363,14,206,75,38,42,251,89,156,241
363,15,22,207,120,84,234,113,9,103
363,16,90,167,206,249,21,179,136,188
363,17,50,205,56,236,23,3,231,102
363,18,12,211,190,238,70,165,222,21
363,19,251,111,155,68,181,107,71,102
363,20,13,201,184,124,112,207,69,236
363,21,4,89,105,178,231,145,43,11
363,22,35,143,163,51,168,85,117,107
363,23,94,208,207,18,84,101,113,103
363,24,181,132,234,121,107,19,65,133
363,25,48,30,156,41,18,51,163,59
363,26,89,75,206,61,251,174,156,178
363,27,84,207,234,9,118,22,88,71
363,28,21,249,167,206,179,211,90,226
363,29,50,205,56,23,206,3,236,155
363,30,238,70,211,103,12,221,190,243
363,31,251,102,107,155,120,111,71,51
363,32,17,89,91,194,40,62,61,32
363,33,23,38,214,94,117,12,122,248
363,34,187,54,70,19,58,12,171,34
363,35,151,20,214,236,80,60,99,7
363,36,0,193,239,253,8,34,57,11
363,37,241,83,84,90,220,147,37,57
363,38,250,44,126,86,39,22,56,97
363,39,23,16,68,125,52,145,15,62
364,0,136,78,241,89,56,227,14,18
364,1,119,6,117,166,190,168,28,165
364,2,177,5,13,81,76,194,156,202
364,3,234,109,114,85,239,3,9,105
364,4,253,133,82,30,35,123,49,92
364,5,172,66,174,5,6,114,225,35
364,6,115,25,16,172,27,150,134,63
364,7,1,41,167,228,84,150,239,220
364,8,157,124,201,13,7,67,207,217
364,9,4,14,5,89,11,145,105,190
364,10,12,68,174,15,10,209,143,253
364,11,64,207,130,208,113,156,74,238
364,12,181,95,132,234,136,154,107,152
364,13,48,42,72,30,142,156,41,173
364,14,206,75,251,89,186,241,42,119
364,15,22,207,9,84,113,192,234,139
364,16,90,167,21,206,249,123,179,136
364,17,50,185,205,56,92,206,207,147
364,18,238,12,190,211,70,165,249,181
364,19,251,111,155,71,68,65,107,113
364,20,201,13,184,124,157,207,28,88
364,21,4,89,43,11,14,220,145,234
364,22,68,143,12,35,15,117,174,140
364,23,64,208,94,207,113,103,101,156
364,24,181,132,234,95,121,107,19,65
364,25,48,42,30,156,41,72,123,18
364,26,206,75,89,174,251,61,235,186
364,27,207,84,22,234,123,9,142,118
364,28,21,167,206,249,179,211,90,20
364,29,50,185,205,206,3,56,139,7
364,30,72,238,70,211,190,12,103,221
364,31,251,107,155,111,102,113,71,170
364,32,224,197,91,40,62,206,61,217
364,33,63,38,12,156,18,122,248,137
364,34,152,54,188,171,70,213,95,102
364,35,20,214,151,39,60,236,196,100
364,36,239,24,251,193,34,11,57,129
364,37,50,241,83,14,90,147,37,57
364,38,44,250,146,126,86,39,40,97
364,39,177,85,13,62,181,15,36,52
365,0,36,2,65,134,10,41,86,250
365,1,254,190,42,101,154,165,178,117
365,2,182,13,5,139,194,177,77,115
365,3,234,66,177,156,58,218,167,63
365,4,149,253,30,169,93,194,4,51
365,5,213,5,66,115,172,35,217,52
365,6,172,115,178,25,108,1,129,19
365,7,1,167,41,210,146,239,242,95
365,8,13,157,207,201,43,124,184,242
365,9,4,14,89,105,128,145,133,43
365,10,12,17,31,174,117,35,143,15
365,11,207,109,250,208,209,17,103,95
365,12,181,132,166,234,95,7,217,254
365,13,48,42,72,41,156,30,22,163
365,14,206,75,42,89,251,119,174,186
365,15,22,234,84,9,207,118,88,186
365,16,206,90,167,21,249,136,123,179
365,17,50,205,56,185,3,206,78,213
365,18,211,190,12,238,70,21,11,165
365,19,251,155,111,71,65,107,181,68
365,20,13,201,184,124,157,207,28,236
365,21,4,89,14,105,220,43,240,234
365,22,17,35,143,12,117,15,174,107
365,23,109,94,113,208,209,101,207,156
365,24,181,132,234,95,121,166,107,19
365,25,48,30,42,156,163,72,41,123
365,26,206,75,89,174,61,178,251,186
365,27,84,234,22,207,123,9,142,118
365,28,21,206,249,167,138,179,226,90
365,29,50,205,213,185,3,78,206,181
365,30,70,72,211,238,12,103,190,221
365,31,251,155,107,185,111,65,113,102
365,32,91,75,197,62,40,116,206,177
365,33,5,38,103,161,63,12,18,122
365,34,227,152,70,171,188,11,213,109
365,35,20,151,214,236,219,161,100,196
365,36,239,251,24,48,193,11,34,129
365,37,83,241,14,147,37,57,50,162
365,38,44,250,126,39,124,40,86,97
365,39,75,177,62,15,13,52,181,125
366,0,166,97,113,142,205,10,210,150
366,1,101,34,59,26,87,227,64,187
366,2,65,235,127,0,94,191,229,93
366,3,41,211,46,186,234,146,100,31
366,4,167,240,161,253,4,30,14,96
366,5,66,213,6,5,195,132,67,207
366,6,245,115,25,193,108,134,11,1
366,7,91,1,167,41,220,239,19,84
366,8,33,201,124,157,248,13,184,67
366,9,39,4,132,5,14,11,12,145
366,10,117,12,17,174,143,209,15,202
366,11,20,208,207,36,209,103,167,113
366,12,181,95,166,132,234,154,7,214
366,13,48,42,33,142,72,41,100,156
366,14,75,206,186,251,203,89,119,241
366,15,22,207,65,192,84,9,234,139
366,16,167,90,206,21,154,136,158,249
366,17,50,205,56,185,92,42,194,207
366,18,12,238,211,190,70,111,21,165
366,19,251,111,155,65,206,107,71,68
366,20,201,13,184,124,33,88,28,242
366,21,4,89,39,43,11,14,132,145
366,22,143,117,35,12,17,174,107,134
366,23,208,20,156,94,101,103,113,172
366,24,181,95,132,121,107,234,19,136
366,25,48,42,156,123,30,142,18,33
366,26,206,75,89,174,186,251,241,61
366,27,65,207,84,123,22,142,234,192
366,28,21,167,206,249,147,90,211,20
366,29,50,206,205,110,139,3,185,56
366,30,70,238,190,128,211,12,148,103
366,31,251,120,155,107,111,170,185,113
366,32,113,62,238,91,40,158,43,51
366,33,38,190,63,41,12,224,122,21
366,34,97,34,88,152,70,161,171,188
366,35,20,39,151,236,99,214,219,131
366,36,239,207,193,24,34,11,251,117
366,37,83,241,90,37,15,50,57,147
366,38,44,126,250,86,39,40,146,97
366,39,15,203,36,177,62,85,13,72
367,0,78,223,152,177,186,242,2,66
367,1,245,202,191,182,42,72,153,117
367,2,63,228,76,147,7,235,244,83
367,3,234,16,66,113,154,101,41,213
367,4,155,93,30,51,149,169,239,253
367,5,115,66,213,5,52,33,172,197
367,6,245,175,115,18,25,193,172,129
367,7,1,167,239,91,161,19,220,32
367,8,47,201,159,184,38,7,124,13
367,9,14,89,4,5,43,128,145,11
367,10,117,222,17,174,12,143,63,51
367,11,209,103,79,207,208,145,94,238
367,12,166,181,132,115,234,95,35,7
367,13,48,72,156,42,123,30,41,142
367,14,75,206,251,89,241,186,16,42
367,15,207,22,9,192,84,178,71,135
367,16,90,167,206,211,136,249,188,123
367,17,50,205,78,56,92,7,139,49
367,18,211,190,12,238,70,215,142,222
367,19,251,155,111,68,71,107,65,170
367,20,201,13,184,124,159,69,7,217
367,21,89,4,14,11,43,220,105,201
367,22,17,143,35,117,174,107,12,51
367,23,209,208,94,215,103,66,113,101
367,24,181,234,166,132,107,19,95,65
367,25,48,30,156,72,42,41,123,18
367,26,75,206,89,251,174,93,61,178
367,27,84,9,234,207,22,82,142,118
367,28,21,138,249,167,206,90,179,226
367,29,78,50,205,56,185,3,25,206
367,30,70,211,12,238,72,103,108,221
367,31,251,107,155,111,113,185,170,68
367,32,248,91,40,197,14,58,75,62
367,33,54,103,38,133,5,176,12,63
367,34,227,182,249,80,70,152,5,171
367,35,106,136,151,20,214,180,236,121
367,36,21,193,17,129,138,11,239,245
367,37,214,83,241,14,147,57,244,37
367,38,177,44,250,126,39,150,149,124
367,39,251,83,91,209,52,125,61,177
368,0,52,194,198,17,209,168,2,5
368,1,195,182,202,254,131,143,175,89
368,2,7,63,147,244,83,191,101,93
368,3,66,234,101,14,164,155,131,122
368,4,155,149,203,93,231,253,30,194
368,5,115,213,66,52,5,172,33,117
368,6,175,172,1,115,18,245,142,25
368,7,1,167,83,210,239,41,79,235
368,8,201,207,28,13,184,124,43,159
368,9,4,105,14,43,12,213,89,234
368,10,143,174,222,107,63,51,15,140
368,11,94,42,103,250,56,208,3,95
368,12,107,132,121,234,35,133,181,19
368,13,48,30,175,123,173,18,41,124
368,14,75,251,186,235,178,16,169,61
368,15,22,135,192,9,113,207,84,88
368,16,167,233,90,211,123,74,118,161
368,17,56,50,7,130,147,92,191,205
368,18,12,165,9,222,190,17,238,103
368,19,111,175,106,102,68,155,21,170
368,20,201,88,13,236,28,207,124,186
368,21,192,145,43,11,234,89,4,162
368,22,143,160,31,85,51,158,159,73
368,23,80,94,103,147,17,84,208,113
368,24,121,107,132,65,7,19,181,57
368,25,48,122,123,30,18,156,207,51
368,26,186,235,89,206,168,75,152,178
368,27,22,207,219,113,84,63,245,239
368,28,167,90,74,21,249,233,66,20
368,29,50,150,23,78,56,213,75,205
368,30,12,221,70,211,238,72,189,237
368,31,251,107,155,102,113,111,243,170
368,32,197,75,91,206,40,62,217,14
368,33,5,103,38,12,59,167,18,122
368,34,227,70,171,152,188,11,213,5
368,35,214,20,151,236,244,219,80,60
368,36,48,24,239,193,251,129,11,57
368,37,83,241,14,147,57,37,162,50
368,38,44,126,250,39,124,97,40,86
368,39,177,62,13,181,15,242,125,52
369,0,55,134,203,177,47,242,151,217
369,1,44,144,254,101,32,185,56,206
369,2,235,142,3,65,182,7,71,120
369,3,234,16,197,66,213,58,44,13
369,4,44,30,51,253,169,93,194,178
369,5,66,115,5,33,52,172,27,6
369,6,172,115,25,1,123,245,185,241
369,7,1,167,239,210,83,41,95,220
369,8,201,7,207,43,13,28,124,38
369,9,4,105,128,89,14,145,43,102
369,10,117,222,143,174,35,216,12,15
369,11,103,209,94,208,59,95,216,200
369,12,132,181,234,107,217,133,7,210
369,13,48,156,30,41,72,82,75,241
369,14,75,251,186,89,42,206,199,178
369,15,9,22,207,84,88,192,186,71
369,16,90,249,167,206,21,123,193,211
369,17,50,205,56,92,78,147,3,7
369,18,211,12,238,190,222,70,56,21
369,19,251,68,155,111,227,71,181,178
369,20,201,13,7,184,38,69,88,124
369,21,89,105,4,145,43,237,14,231
369,22,216,35,51,143,117,107,168,12
369,23,208,94,103,215,95,59,151,85
369,24,181,234,128,132,65,157,205,19
369,25,48,156,41,30,97,19,206,42
369,26,75,89,206,174,61,42,251,218
369,27,84,207,234,88,9,22,118,142
369,28,167,206,249,193,90,190,21,99
369,29,205,88,50,3,21,61,78,56
369,30,70,50,211,162,189,238,250,12
369,31,251,155,185,68,181,111,252,106
369,32,76,91,125,120,131,179,40,18
369,33,38,181,56,104,250,11,6,248
369,34,109,44,171,72,28,240,22,101
369,35,148,20,145,185,190,236,74,8
369,36,202,39,142,115,11,227,120,93
369,37,126,27,83,145,78,60,101,190
369,38,80,119,169,44,55,197,215,250
369,39,231,244,179,9,183,197,158,92
370,0,229,216,7,249,196,242,123,105
370,1,118,225,231,27,244,150,93,155
370,2,103,4,163,227,100,17,109,162
370,3,234,133,187,235,152,31,212,37
370,4,251,142,13,102,167,30,222,236
370,5,104,5,6,193,186,66,236,90
370,6,167,172,115,9,153,123,250,142
370,7,1,210,29,83,23,146,41,239
370,8,234,7,207,13,201,184,180,28
370,9,105,29,13,94,164,89,4,43
370,10,130,169,216,35,143,222,51,91
370,11,95,189,94,212,103,147,107,236
370,12,234,181,132,26,107,133,128,63
370,13,41,30,48,43,156,140,147,97
370,14,42,199,251,178,124,89,79,157
370,15,84,239,9,234,22,207,81,118
370,16,249,206,226,90,8,196,5,9
370,17,205,50,3,250,61,23,172,56
370,18,21,50,189,211,206,57,179,187
370,19,181,155,130,159,5,129,172,205
370,20,234,13,230,236,252,43,45,207
370,21,29,105,94,164,89,231,13,133
370,22,169,130,200,35,207,85,236,140
370,23,189,95,212,42,94,190,65,225
370,24,234,63,26,45,74,233,205,219
370,25,41,48,43,147,30,163,23,97
370,26,42,32,89,124,61,148,15,174
370,27,84,234,81,118,200,212,43,88
370,28,226,206,133,5,249,9,90,168
370,29,3,205,250,172,169,76,50,138
370,30,21,179,211,210,187,189,149,205
370,31,159,130,155,185,181,251,129,106
370,32,98,131,91,134,186,99,243,96
370,33,248,183,38,238,232,126,3,73
370,34,84,171,207,180,96,209,173,101
370,35,145,236,153,20,57,100,161,218
370,36,181,120,70,42,139,211,202,11
370,37,31,145,190,45,143,83,58,182
370,38,71,92,148,15,114,3,162,39
370,39,2,69,189,38,220,213,217,89
371,0,82,107,32,181,83,246,221,59
371,1,117,118,132,84,73,242,122,112
371,2,255,121,80,243,133,165,238,154
371,3,219,131,234,169,119,227,214,85
371,4,118,242,79,254,245,255,74,89
371,5,5,174,147,159,68,134,42,44
371,6,183,164,110,166,40,115,208,42
371,7,210,1,101,41,2,146,83,180
371,8,234,207,13,201,184,186,28,88
371,9,105,217,13,151,89,4,231,43
371,10,68,228,62,35,161,140,114,155
371,11,64,27,95,195,69,181,51,212
371,12,234,155,132,181,191,35,219,107
371,13,48,164,22,41,30,168,156,228
371,14,42,89,251,174,213,61,79,99
371,15,84,118,120,234,22,9,239,43
371,16,206,90,226,211,119,249,167,123
371,17,26,205,3,50,138,90,23,12
371,18,21,159,210,211,70,189,135,206
371,19,155,181,251,237,159,5,46,185
371,20,230,13,236,45,252,184,190,234
371,21,163,89,74,231,217,105,80,242
371,22,200,68,228,35,15,140,30,51
371,23,64,190,27,212,94,95,68,195
371,24,155,37,45,234,183,219,132,172
371,25,164,48,163,22,196,41,30,213
371,26,174,238,89,15,227,235,79,237
371,27,118,212,84,7,120,9,10,186
371,28,226,167,90,211,206,8,122,99
371,29,26,50,3,205,12,169,240,138
371,30,210,109,55,70,159,211,149,21
371,31,237,251,126,185,46,155,159,196
371,32,243,224,42,126,91,199,176,94
371,33,179,201,248,156,38,3,217,185
371,34,49,196,217,209,146,171,173,59
371,35,98,210,100,224,214,236,161,123
371,36,255,24,42,139,130,223,35,219
371,37,50,210,14,45,87,147,158,9
371,38,146,14,15,162,3,114,167,39
371,39,13,85,177,220,61,89,62,252
372,0,55,47,177,152,109,203,208,151
372,1,236,52,70,42,109,226,56,117
372,2,3,42,221,58,193,157,67,143
372,3,234,16,63,197,167,249,215,44
372,4,243,169,137,80,1,194,113,30
372,5,181,5,187,116,118,225,139,77
372,6,201,149,9,25,27,253,50,189
372,7,38,83,77,146,246,130,150,232
372,8,230,13,124,236,252,156,201,43
372,9,231,163,4,105,43,236,80,162
372,10,200,140,228,103,30,67,242,15
372,11,212,164,197,190,94,240,146,216
372,12,37,183,234,173,233,219,107,172
372,13,193,23,196,181,246,30,48,0
372,14,227,15,237,79,89,42,17,251
372,15,10,118,236,43,212,234,40,84
372,16,226,206,129,90,103,8,197,211
372,17,169,138,3,205,12,90,19,55
372,18,210,109,149,116,21,36,183,189
372,19,129,126,46,159,155,85,185,1
372,20,230,13,236,252,45,255,55,190
372,21,74,163,80,89,105,32,231,242
372,22,200,228,30,140,146,15,242,67
372,23,190,197,216,37,212,164,240,95
372,24,37,234,183,155,11,45,233,173
372,25,193,41,48,230,196,22,163,23
372,26,15,174,89,227,79,237,42,203
372,27,212,118,10,7,43,211,40,186
372,28,226,206,181,90,211,239,8,190
372,29,3,169,12,205,138,55,132,21
372,30,210,90,149,70,109,21,188,189
372,31,185,126,251,159,155,46,18,60
372,32,144,243,48,126,22,109,26,91
372,33,248,38,250,3,224,139,107,185
372,34,175,94,64,70,171,240,146,209
372,35,236,85,161,94,2,98,111,77
372,36,202,195,246,79,42,130,139,152
372,37,45,83,161,60,43,174,210,135
372,38,201,234,15,114,167,44,9,39
372,39,1,246,92,215,220,183,250,61
373,0,127,49,85,18,112,146,233,214
373,1,232,117,43,118,29,90,57,66
373,2,164,169,202,146,213,67,151,9
373,3,116,171,51,20,55,234,245,203
373,4,12,215,82,35,3,126,79,183
373,5,181,5,169,249,225,118,116,134
373,6,149,136,27,42,9,201,50,166
373,7,56,210,77,40,146,41,83,84
373,8,120,13,207,252,45,186,124,201
373,9,231,105,163,74,80,13,133,144
373,10,24,200,140,218,30,15,114,103
373,11,114,212,95,197,190,93,68,203
373,12,234,37,155,183,11,233,35,197
373,13,48,38,22,41,168,163,196,30
373,14,79,237,227,42,89,213,174,15
373,15,118,212,10,84,43,236,234,40
373,16,226,90,206,211,180,239,249,122
373,17,3,205,12,169,90,138,55,197
373,18,210,109,21,188,190,70,149,36
373,19,126,46,155,185,194,159,91,5
373,20,120,45,13,230,236,252,255,248
373,21,80,74,163,89,242,162,91,16
373,22,200,15,24,30,140,51,218,114
373,23,114,190,240,101,212,68,94,216
373,24,37,183,72,172,7,234,58,250
373,25,193,196,48,163,38,22,41,46
373,26,237,79,227,174,15,89,13,241
373,27,212,7,211,10,43,118,40,186
373,28,226,21,137,90,83,206,129,239
373,29,12,218,55,169,138,3,240,206
373,30,210,190,70,36,109,178,231,188
373,31,126,159,185,46,71,28,251,58
373,32,221,243,102,126,94,62,176,190
373,33,121,168,3,248,224,185,38,205
373,34,81,55,70,208,146,95,64,209
373,35,161,99,39,236,98,131,123,111
373,36,49,130,42,139,195,117,223,202
373,37,193,45,15,83,87,90,210,7
373,38,114,15,167,14,162,3,80,234
373,39,72,244,220,183,61,36,15,92
374,0,2,177,152,133,242,50,31,27
374,1,231,27,35,29,126,42,131,150
374,2,212,150,110,86,230,157,236,92
374,3,155,234,215,180,18,63,66,58
374,4,169,239,63,149,93,164,194,73
374,5,115,187,181,225,5,91,66,116
374,6,136,92,115,9,70,178,123,27
374,7,84,161,77,243,212,0,130,83
374,8,124,45,252,230,13,0,43,201
374,9,80,74,163,22,4,216,133,91
374,10,15,140,30,200,107,218,117,1
374,11,190,116,212,68,146,6,8,240
374,12,37,183,72,234,172,217,233,107
374,13,48,196,163,23,213,193,38,246
374,14,227,237,79,15,251,174,141,89
374,15,212,10,40,211,7,118,135,43
374,16,226,21,211,90,122,206,239,128
374,17,12,169,90,55,206,49,190,3
374,18,210,109,188,149,36,70,231,238
374,19,126,60,46,5,185,159,155,58
374,20,45,13,230,252,101,236,255,0
374,21,74,80,163,22,89,242,16,96
374,22,140,15,30,0,216,200,107,174
374,23,190,116,59,216,212,114,68,113
374,24,183,217,72,37,233,172,114,7
374,25,48,196,38,23,163,193,46,246
374,26,15,227,174,79,237,89,13,218
374,27,211,7,10,212,118,248,43,40
374,28,226,78,21,230,90,239,206,82
374,29,49,12,128,55,240,3,138,206
374,30,210,50,109,70,149,238,36,151
374,31,126,60,185,159,18,28,71,46
374,32,86,243,176,179,126,146,94,91
374,33,181,36,104,3,97,250,248,54
374,34,109,255,44,238,28,90,146,227
374,35,161,49,98,148,190,236,217,123
374,36,147,227,234,115,42,39,139,11
374,37,193,27,15,78,87,45,83,228
374,38,215,15,114,167,119,162,3,14
374,39,158,72,220,224,61,36,15,165
375,0,117,226,96,233,37,198,171,214
375,1,183,230,13,206,209,120,96,57
375,2,224,118,148,35,137,154,95,244
375,3,9,170,91,180,192,234,122,128
375,4,119,239,55,123,71,169,191,60
375,5,225,181,187,118,92,91,5,217
375,6,9,92,136,50,115,27,3,178
375,7,161,243,84,77,181,133,41,212
375,8,252,45,124,112,230,13,60,0
375,9,19,163,80,74,22,4,144,231
375,10,140,30,200,163,15,107,218,7
375,11,18,116,190,212,68,216,142,65
375,12,183,37,233,234,219,67,72,217
375,13,163,200,196,48,193,23,246,213
375,14,227,15,79,237,174,38,251,99
375,15,241,10,212,240,40,118,43,211
375,16,78,226,103,149,211,206,239,21
375,17,128,169,12,55,138,90,3,199
375,18,210,109,6,149,188,36,189,206
375,19,126,185,46,159,5,151,129,155
375,20,230,112,45,252,255,236,13,60
375,21,74,19,80,163,242,91,22,133
375,22,200,140,30,163,15,7,154,67
375,23,18,190,36,68,207,142,240,212
375,24,37,183,233,106,72,45,67,227
375,25,193,196,200,163,192,23,82,46
375,26,15,227,237,79,174,1,38,33
375,27,212,10,241,211,43,40,118,7
375,28,78,226,129,239,149,103,185,206
375,29,128,12,55,138,169,155,3,236
375,30,210,109,6,149,178,128,36,70
375,31,126,159,46,196,185,60,233,71
375,32,17,89,243,199,126,194,94,210
375,33,105,214,117,23,248,94,3,185
375,34,58,187,146,28,173,70,19,209
375,35,98,161,7,100,123,131,220,217
375,36,253,42,57,139,8,0,130,11
375,37,158,210,87,164,45,220,84,228
375,38,14,15,114,167,136,162,3,22
375,39,220,23,61,16,252,89,68,225
376,0,82,181,251,255,39,221,107,83
376,1,89,237,166,168,220,9,82,55
376,2,13,246,81,159,191,95,224,137
376,3,158,9,109,65,227,105,3,119
376,4,123,35,227,82,92,49,211,69
376,5,174,225,181,3,232,142,118,222
376,6,50,9,115,27,94,17,219,24
376,7,195,84,77,133,63,243,212,220
376,8,68,252,124,45,112,236,201,43
376,9,163,80,231,74,19,105,236,144
376,10,140,68,200,154,30,15,107,97
376,11,64,190,212,68,197,94,216,65
376,12,183,37,219,234,233,250,107,133
376,13,164,181,82,196,30,48,23,163
376,14,79,15,251,33,237,157,89,99
376,15,118,236,10,43,84,50,239,135
376,16,226,206,8,90,211,123,103,145
376,17,169,3,138,205,26,31,90,23
376,18,210,206,178,135,21,175,36,189
376,19,5,155,129,159,185,46,181,196
376,20,230,13,236,255,154,252,45,134
376,21,231,242,89,133,105,163,74,43
376,22,140,200,15,7,68,160,153,85
376,23,212,80,95,197,94,190,64,216
376,24,234,219,37,12,183,227,233,45
376,25,41,30,23,48,164,193,181,163
376,26,15,79,42,89,174,33,99,251
376,27,43,118,84,10,236,239,211,135
376,28,226,206,149,74,129,197,8,90
376,29,26,169,128,3,138,240,12,101
376,30,210,109,55,149,189,102,231,36
376,31,237,126,46,196,155,185,159,1
376,32,224,243,126,197,199,16,94,176
376,33,179,201,156,248,117,185,3,38
376,34,49,217,213,146,58,70,28,177
376,35,98,224,161,100,123,131,7,220
376,36,255,42,57,139,24,130,223,11
376,37,158,50,210,45,87,14,83,7
376,38,14,146,15,114,167,162,3,244
376,39,13,220,85,177,61,252,89,14
377,0,55,109,152,177,47,24,31,115
377,1,226,236,70,42,7,22,113,203
377,2,13,3,221,77,12,95,5,185
377,3,234,197,63,167,247,107,18,215
377,4,243,169,137,180,30,194,1,125
377,5,181,225,3,116,118,91,187,5
377,6,9,201,70,253,27,149,94,50
377,7,77,38,133,83,63,246,212,150
377,8,230,252,68,236,13,43,156,124
377,9,163,80,231,74,162,236,144,242
377,10,200,154,140,15,67,107,30,103
377,11,190,197,68,212,37,201,240,94
377,12,37,183,234,233,172,227,173,170
377,13,196,192,19,213,23,181,246,193
377,14,237,15,79,227,251,89,33,174
377,15,10,118,236,43,40,208,211,84
377,16,226,197,103,90,199,206,129,8
377,17,169,214,138,62,3,205,12,90
377,18,210,151,109,189,21,206,183,30
377,19,1,46,129,126,159,185,155,85
377,20,230,13,252,45,255,236,134,55
377,21,163,89,80,231,74,242,133,98
377,22,200,154,30,146,140,15,242,107
377,23,190,201,197,212,218,68,93,37
377,24,183,128,233,11,234,217,37,205
377,25,192,48,19,97,163,196,230,23
377,26,89,174,218,203,15,227,79,171
377,27,7,211,10,212,44,186,118,84
377,28,193,226,196,206,90,167,82,128
377,29,88,61,12,62,3,138,240,21
377,30,210,50,162,70,109,149,231,238
377,31,126,159,185,155,38,251,18,28
377,32,179,86,144,125,243,109,131,176
377,33,104,102,3,185,132,139,248,38
377,34,238,44,173,70,28,94,146,240
377,35,161,148,190,98,74,236,131,217
377,36,115,227,39,42,202,147,79,11
377,37,27,78,87,210,228,45,83,196
377,38,15,114,167,215,119,169,162,132
377,39,158,220,61,75,252,44,254,179
378,0,117,185,128,242,226,171,133,187
378,1,13,223,43,117,232,66,158,57
378,2,107,70,164,35,22,146,26,59
378,3,170,234,180,221,122,191,195,192
378,4,239,8,139,82,55,119,123,105
378,5,225,114,181,6,187,118,92,253
378,6,16,123,92,3,114,136,9,50
378,7,161,84,243,133,0,210,77,19
378,8,45,35,124,212,252,101,13,201
378,9,178,19,80,163,22,74,14,4
378,10,140,15,163,30,200,107,218,153
378,11,190,116,18,142,212,8,130,68
378,12,67,183,37,95,72,233,234,172
378,13,48,200,196,213,163,193,23,62
378,14,38,227,79,15,237,251,174,89
378,15,103,211,212,40,120,7,10,43
378,16,226,21,90,211,122,179,78,123
378,17,12,55,155,31,240,169,90,206
378,18,210,231,109,238,6,70,149,36
378,19,126,5,58,46,185,71,155,38
378,20,45,230,236,13,112,255,35,250
378,21,178,80,242,74,163,89,162,91
378,22,15,163,140,200,31,67,30,107
378,23,190,18,142,130,101,207,6,212
378,24,172,183,67,37,72,236,129,95
378,25,48,196,246,23,249,62,213,88
378,26,79,15,13,237,38,89,227,174
378,27,211,7,186,43,103,212,135,105
378,28,226,179,21,128,90,231,83,211
378,29,240,12,55,31,236,173,133,155
378,30,210,231,238,70,178,36,6,7
378,31,38,5,71,126,159,58,185,182
378,32,17,176,194,243,89,126,94,167
378,33,23,214,3,94,185,12,248,117
378,34,173,206,58,187,70,146,12,19
378,35,161,98,123,131,4,217,99,111
378,36,253,0,42,139,41,145,116,8
378,37,84,87,164,220,95,228,139,45
378,38,167,114,136,22,14,15,157,162
378,39,16,145,61,220,254,79,62,23
379,0,65,152,3,1,222,163,190,237
379,1,153,42,185,154,98,32,190,144
379,2,5,194,71,56,69,115,55,201
379,3,234,0,167,215,58,63,66,18
379,4,180,190,30,194,169,63,35,51
379,5,82,213,81,59,14,5,115,187
379,6,114,123,243,57,48,129,25,178
379,7,16,223,31,219,84,217,167,1
379,8,68,45,124,157,207,201,252,88
379,9,14,192,163,231,80,196,242,145
379,10,31,98,15,159,110,47,140,250
379,11,109,169,207,190,250,94,199,151
379,12,33,132,97,12,37,7,107,183
379,13,124,48,122,196,30,100,246,23
379,14,235,251,79,89,101,174,168,237
379,15,135,118,22,51,146,9,84,43
379,16,226,90,167,179,211,22,122,21
379,17,213,12,31,173,90,240,23,50
379,18,210,231,165,70,238,135,73,21
379,19,38,5,71,155,179,175,46,245
379,20,13,236,201,68,45,163,230,242
379,21,89,242,163,196,80,14,231,192
379,22,31,159,47,110,98,15,107,239
379,23,109,169,94,151,250,207,21,190
379,24,132,172,7,133,33,95,219,183
379,25,48,124,23,30,163,94,246,196
379,26,251,93,89,218,235,15,192,13
379,27,51,211,135,186,43,118,22,239
379,28,21,226,179,90,222,128,167,178
379,29,213,240,162,12,173,31,90,56
379,30,210,231,238,19,70,178,149,165
379,31,159,5,71,38,179,185,126,58
379,32,176,62,243,167,94,177,246,32
379,33,234,3,247,237,59,68,248,103
379,34,183,72,70,28,173,146,140,206
379,35,161,191,4,98,131,123,151,217
379,36,251,116,139,41,193,42,114,223
379,37,87,84,228,241,248,147,45,210
379,38,167,114,157,15,244,44,3,126
379,39,61,220,165,79,199,146,89,67
380,0,80,96,226,146,93,171,247,243
380,1,15,2,235,4,184,185,134,32
380,2,183,180,71,254,127,50,55,46
380,3,188,221,240,234,53,202,185,90
380,4,190,119,180,30,60,82,215,20
380,5,213,82,81,237,225,194,61,35
380,6,16,243,108,48,25,115,134,123
380,7,84,16,219,167,1,217,61,77
380,8,157,45,112,68,124,207,252,201
380,9,14,4,120,206,80,242,231,178
380,10,15,140,31,107,229,163,158,200
380,11,18,190,207,109,250,130,212,94
380,12,183,154,37,233,172,7,67,106
380,13,48,200,196,193,163,246,124,156
380,14,15,79,235,227,237,174,141,251
380,15,211,212,120,135,40,241,10,43
380,16,226,122,211,179,21,90,13,167
380,17,12,240,169,31,55,90,213,138
380,18,210,231,149,109,70,178,238,36
380,19,126,5,58,185,46,159,71,0
380,20,236,45,230,13,252,163,181,112
380,21,242,163,80,162,74,206,178,120
380,22,15,31,163,239,140,80,7,30
380,23,190,109,28,207,18,101,240,68
380,24,172,183,72,37,61,233,170,132
380,25,196,23,48,249,163,88,62,246
380,26,15,79,13,237,26,141,227,152
380,27,211,186,43,7,212,105,201,40
380,28,226,21,128,231,179,103,122,222
380,29,240,12,213,31,55,138,90,216
380,30,210,231,178,149,70,36,221,238
380,31,159,5,126,71,185,245,58,60
380,32,89,176,243,194,197,17,210,206
380,33,214,3,23,94,59,248,185,68
380,34,70,187,188,54,19,146,182,34
380,35,161,98,214,123,40,131,4,244
380,36,253,239,139,0,42,251,116,41
380,37,84,87,147,164,45,83,228,210
380,38,167,114,15,157,136,22,44,244
380,39,145,220,61,62,16,79,13,181
381,0,55,177,152,222,151,67,31,12
381,1,70,153,42,253,131,175,178,245
381,2,183,211,180,55,46,216,192,116
381,3,234,197,16,240,63,61,32,90
381,4,169,30,1,137,180,204,194,178
381,5,181,187,116,82,30,225,5,91
381,6,108,9,25,201,104,129,253,123
381,7,130,38,84,83,0,220,246,173
381,8,236,68,124,9,45,230,183,252
381,9,80,242,4,196,163,181,162,231
381,10,15,67,140,153,146,117,239,107
381,11,190,212,240,37,94,6,100,146
381,12,183,172,37,72,61,215,170,107
381,13,196,193,213,48,62,23,246,241
381,14,79,13,33,237,174,152,15,99
381,15,211,135,43,7,201,186,22,105
381,16,226,21,82,122,90,123,128,83
381,17,240,12,206,55,31,138,90,232
381,18,210,231,238,178,70,219,7,36
381,19,5,247,58,71,185,47,126,206
381,20,236,45,13,230,248,163,215,134
381,21,242,80,163,91,52,89,133,181
381,22,15,146,67,153,216,140,239,109
381,23,190,28,37,212,100,59,197,8
381,24,172,183,72,37,61,129,236,128
381,25,196,23,193,48,246,84,19,249
381,26,13,15,79,237,174,89,152,192
381,27,211,7,186,201,43,18,105,118
381,28,226,82,56,128,21,83,179,222
381,29,19,240,12,55,31,138,224,190
381,30,210,178,231,50,209,70,151,238
381,31,5,60,159,126,185,182,58,71
381,32,92,179,144,243,176,14,85,109
381,33,185,102,3,104,162,12,139,248
381,34,249,70,143,44,146,195,18,209
381,35,161,98,117,123,4,185,44,111
381,36,37,79,44,41,42,115,39,138
381,37,196,87,162,228,45,210,27,83
381,38,132,167,114,87,15,52,157,119
381,39,44,77,220,251,61,99,66,231
382,0,229,249,216,242,196,123,7,105
382,1,225,118,231,27,244,117,93,150
382,2,162,4,103,227,163,105,17,190
382,3,133,187,31,234,235,152,84,231
382,4,167,142,13,251,30,102,236,222
382,5,104,6,186,181,5,193,253,161
382,6,167,9,123,153,178,115,27,142
382,7,29,83,84,210,1,23,77,146
382,8,234,89,13,45,201,7,124,252
382,9,94,29,231,13,163,80,105,164
382,10,140,130,169,15,200,1,216,107
382,11,212,189,190,94,216,95,17,250
382,12,183,234,63,26,7,133,217,233
382,13,43,48,30,156,163,97,23,196
382,14,79,227,124,15,89,20,251,99
382,15,81,118,84,212,234,10,43,186
382,16,226,196,90,206,5,249,211,123
382,17,61,172,3,169,205,12,250,90
382,18,210,50,57,21,189,187,149,109
382,19,159,130,126,155,185,181,129,211
382,20,13,45,234,252,207,89,230,236
382,21,94,74,89,29,80,105,162,16
382,22,130,169,51,200,15,140,35,30
382,23,95,189,190,212,42,216,236,94
382,24,234,45,63,26,37,217,183,233
382,25,163,41,48,43,196,30,23,147
382,26,89,15,32,42,174,124,99,227
382,27,212,84,234,43,81,186,211,236
382,28,226,206,5,249,9,99,133,167
382,29,172,3,250,138,169,205,50,12
382,30,21,210,187,179,211,149,189,81
382,31,251,130,159,155,185,106,181,129
382,32,98,131,91,99,96,186,134,243
382,33,248,38,183,232,238,126,3,58
382,34,171,84,207,180,209,34,96,70
382,35,145,236,153,20,218,161,57,100
382,36,181,120,70,202,211,42,139,98
382,37,31,83,45,190,143,58,182,174
382,38,148,92,44,71,114,15,167,39
382,39,2,189,69,38,217,220,213,61
383,0,57,165,56,32,110,127,66,106
383,1,117,118,73,112,132,242,84,243
383,2,238,234,255,80,121,10,60,133
383,3,171,55,214,70,234,219,73,76
383,4,118,74,254,242,138,122,159,187
383,5,249,5,169,161,181,24,118,134
383,6,183,27,90,98,46,140,229,166
383,7,210,56,2,84,77,83,44,1
383,8,234,120,13,252,207,201,186,45
383,9,148,96,231,217,13,80,105,74
383,10,200,46,24,161,140,30,15,107
383,11,195,210,93,197,95,190,212,216
383,12,37,183,233,234,173,227,45,171
383,13,22,193,23,196,48,163,181,246
383,14,227,15,213,79,42,99,237,141
383,15,212,10,208,236,118,43,234,40
383,16,226,129,206,103,239,123,90,197
383,17,169,138,3,55,199,205,12,90
383,18,210,149,109,21,189,206,70,90
383,19,159,129,185,126,155,251,181,199
383,20,230,252,45,13,236,120,60,55
383,21,74,148,89,80,16,162,105,242
383,22,200,140,46,30,24,15,246,97
383,23,190,210,95,216,212,197,93,65
383,24,37,45,72,234,233,173,183,114
383,25,48,196,163,41,22,23,46,156
383,26,15,174,227,89,241,42,153,99
383,27,212,7,203,186,234,211,84,43
383,28,226,206,237,21,99,249,128,181
383,29,3,12,206,104,50,169,90,138
383,30,210,149,21,70,159,188,190,189
383,31,251,126,185,159,155,199,71,46
383,32,221,48,62,91,243,102,201,131
383,33,248,121,96,107,38,224,3,28
383,34,208,175,171,70,64,95,209,56
383,35,236,85,161,2,94,98,20,111
383,36,195,202,246,67,152,139,42,130
383,37,83,161,60,45,43,174,56,135
383,38,201,234,9,15,44,39,114,163
383,39,246,1,92,250,215,183,220,15
384,0,84,234,122,242,111,210,188,186
384,1,117,198,42,118,85,255,234,111
384,2,234,238,230,110,23,150,86,15
384,3,234,214,116,155,215,156,202,55
384,4,71,12,94,74,63,30,82,73
384,5,5,169,27,92,187,225,116,11
384,6,235,183,42,73,61,142,166,204
384,7,210,41,84,1,0,16,181,250
384,8,65,45,252,207,13,43,186,201
384,9,96,231,105,4,151,14,145,16
384,10,31,46,114,140,51,161,250,15
384,11,95,114,27,109,153,210,195,247
384,12,155,132,234,43,37,45,206,181
384,13,48,38,22,168,41,163,196,23
384,14,42,99,89,15,241,227,251,79
384,15,212,234,84,96,146,43,118,3
384,16,226,206,90,180,249,207,178,167
384,17,197,3,50,138,205,90,169,12
384,18,21,210,149,189,71,73,109,208
384,19,159,38,155,181,71,185,119,126
384,20,13,65,207,45,252,236,154,230
384,21,96,4,74,14,89,162,105,16
384,22,46,31,114,0,53,140,246,15
384,23,114,95,109,11,212,190,247,27
384,24,206,37,132,72,45,33,181,46
384,25,163,48,41,38,196,30,111,22
384,26,22,89,42,206,241,99,156,76
384,27,212,234,84,236,43,186,146,248
384,28,226,178,21,206,249,90,12,167
384,29,206,218,50,3,173,138,169,205
384,30,21,69,210,189,211,243,208,70
384,31,71,251,38,159,155,106,181,185
384,32,174,195,91,62,201,177,70,61
384,33,36,6,97,248,38,217,37,186
384,34,206,90,212,188,171,255,95,70
384,35,49,236,20,196,214,120,100,145
384,36,0,234,145,147,107,117,11,8
384,37,84,95,220,83,193,45,90,192
384,38,44,75,39,250,86,126,139,162
384,39,23,254,224,36,15,16,220,145
385,0,110,57,84,21,59,180,33,221
385,1,12,119,234,40,247,96,160,220
385,2,234,238,56,138,236,178,209,33
385,3,70,247,234,32,148,144,19,53
385,4,71,138,60,141,37,156,94,226
385,5,144,24,5,27,19,81,82,253
385,6,235,204,174,142,178,73,9,42
385,7,210,1,41,16,243,146,109,83
385,8,65,207,43,184,13,201,252,69
385,9,148,4,105,231,14,96,145,16
385,10,31,73,46,114,140,250,51,7
385,11,95,210,109,11,154,208,147,114
385,12,84,181,132,234,43,46,155,7
385,13,48,41,30,163,191,168,23,22
385,14,42,251,89,156,178,157,99,206
385,15,84,234,203,22,118,43,212,236
385,16,226,206,249,90,123,161,158,167
385,17,23,3,205,50,138,169,231,12
385,18,21,210,189,73,71,206,211,135
385,19,181,38,155,159,245,106,102,1
385,20,13,236,65,45,154,207,230,43
385,21,4,148,105,89,231,236,162,145
385,22,73,46,31,85,140,246,114,35
385,23,210,212,154,11,95,109,94,113
385,24,46,181,72,234,84,132,233,45
385,25,48,163,30,41,124,59,249,196
385,26,22,89,42,206,156,99,178,220
385,27,234,84,203,212,52,236,43,22
385,28,206,178,226,249,161,12,207,21
385,29,214,205,3,173,231,206,138,177
385,30,21,69,208,62,211,189,73,243
385,31,38,251,134,71,155,169,181,28
385,32,174,195,91,201,70,62,56,147
385,33,96,36,6,38,248,217,172,177
385,34,206,90,171,188,95,131,235,28
385,35,49,99,196,20,236,120,214,100
385,36,0,145,117,147,107,234,13,8
385,37,95,84,220,193,83,107,192,45
385,38,44,75,139,39,126,86,162,250
385,39,23,254,15,36,72,16,68,220
386,0,78,89,241,136,56,170,18,26
386,1,111,117,252,6,13,65,158,84
386,2,212,178,56,15,68,112,138,234
386,3,247,234,137,174,65,53,144,195
386,4,71,253,180,156,37,141,60,55
386,5,19,27,174,5,144,66,200,81
386,6,204,235,142,61,25,114,115,198
386,7,16,210,41,31,1,61,167,19
386,8,157,207,135,65,43,201,13,184
386,9,63,105,232,71,213,4,43,231
386,10,78,68,23,31,127,140,96,159
386,11,42,64,94,61,95,225,181,109
386,12,107,219,133,205,234,132,125,65
386,13,48,30,41,175,82,140,59,173
386,14,37,251,61,178,89,79,157,235
386,15,84,118,250,22,239,135,9,50
386,16,211,8,90,226,74,123,206,249
386,17,230,205,3,17,169,201,147,50
386,18,21,135,211,189,178,222,175,210
386,19,155,5,181,251,42,106,103,129
386,20,184,190,201,13,207,194,230,236
386,21,231,89,105,43,4,163,181,88
386,22,187,81,160,35,200,85,143,111
386,23,80,212,95,94,230,102,65,225
386,24,219,234,205,181,65,45,250,28
386,25,41,48,30,59,163,226,175,15
386,26,89,251,42,61,174,156,79,33
386,27,84,118,236,250,234,203,22,71
386,28,206,8,249,226,90,74,167,41
386,29,185,169,205,150,3,26,50,214
386,30,72,21,210,211,189,62,208,181
386,31,154,38,155,251,134,159,181,203
386,32,174,224,91,197,56,210,62,43
386,33,63,38,217,156,248,18,177,186
386,34,206,152,188,171,54,95,235,90
386,35,196,214,236,20,100,99,30,22
386,36,251,239,117,145,107,24,193,139
386,37,50,83,14,90,248,37,241,45
386,38,44,75,86,146,39,63,47,126
386,39,254,85,177,15,36,13,62,203
387,0,55,134,36,1,152,136,178,151
387,1,42,254,15,101,49,22,117,105
387,2,182,180,212,178,56,201,192,183
387,3,0,234,148,44,247,15,113,63
387,4,180,190,253,37,30,194,169,231
387,5,81,5,59,27,253,144,19,14
387,6,142,174,42,178,204,33,61,114
387,7,210,16,146,1,31,83,7,41
387,8,207,13,135,43,222,88,186,28
387,9,4,105,14,231,16,236,145,162
387,10,31,98,110,46,250,114,159,12
387,11,109,169,95,212,199,72,147,94
387,12,33,46,234,132,57,133,181,72
387,13,48,41,30,59,38,42,163,196
387,14,42,22,156,99,89,251,79,206
387,15,51,146,84,239,22,43,234,197
387,16,22,206,90,178,249,226,103,167
387,17,3,231,23,213,138,50,162,205
387,18,21,73,19,210,189,206,71,151
387,19,38,181,155,159,71,217,2,245
387,20,13,207,45,242,43,236,252,230
387,21,4,89,105,236,14,145,160,242
387,22,98,110,47,31,159,46,53,85
387,23,109,169,212,95,199,116,94,151
387,24,33,234,132,46,72,57,7,233
387,25,48,41,163,30,94,59,42,22
387,26,22,89,42,218,156,206,203,83
387,27,51,234,212,84,146,22,43,236
387,28,226,206,249,21,178,167,193,207
387,29,162,213,88,169,231,138,50,206
387,30,19,50,210,21,189,73,70,103
387,31,159,71,181,251,245,91,155,185
387,32,62,91,179,177,131,18,243,201
387,33,6,248,104,3,38,247,132,36
387,34,183,171,44,56,252,206,240,28
387,35,236,191,218,20,148,161,196,190
387,36,39,251,211,115,202,227,139,42
387,37,45,83,174,27,143,161,87,78
387,38,44,39,15,114,167,234,40,75
387,39,158,220,165,254,92,15,125,179
388,0,96,226,80,171,247,107,243,90
388,1,134,15,254,180,100,145,6,116
388,2,183,180,239,254,127,50,0,203
388,3,53,188,221,90,15,234,148,0
388,4,180,190,119,10,253,35,30,60
388,5,81,5,213,61,19,27,66,144
388,6,16,204,174,178,142,33,25,114
388,7,16,31,210,1,146,109,167,61
388,8,157,207,112,135,13,184,43,124
388,9,4,14,206,105,145,215,120,178
388,10,31,140,163,12,98,114,250,46
388,11,18,109,169,69,95,142,212,207
388,12,33,154,67,181,132,234,46,72
388,13,41,200,48,140,163,196,42,30
388,14,42,99,79,156,38,22,15,89
388,15,234,212,103,120,43,84,211,236
388,16,226,206,21,103,90,249,179,13
388,17,138,3,12,50,90,169,206,205
388,18,210,71,189,21,149,231,73,206
388,19,159,129,185,71,181,251,155,126
388,20,13,45,230,252,236,60,112,157
388,21,74,242,4,162,89,80,133,206
388,22,15,140,200,163,30,97,31,246
388,23,190,18,101,109,212,69,156,142
388,24,37,45,67,72,43,183,173,181
388,25,163,196,48,193,41,213,23,30
388,26,15,99,89,227,33,79,42,156
388,27,212,234,236,43,211,84,60,105
388,28,226,21,206,8,103,249,239,231
388,29,138,169,206,3,12,213,205,240
388,30,210,149,189,211,178,206,21,72
388,31,159,129,251,185,71,126,181,155
388,32,89,91,243,17,62,177,194,116
388,33,248,214,38,23,3,59,94,206
388,34,188,209,171,187,34,19,54,70
388,35,236,20,161,100,196,214,218,111
388,36,253,0,139,176,239,42,251,193
388,37,83,45,84,90,164,220,87,210
388,38,44,39,86,167,15,114,162,3
388,39,145,220,16,36,62,15,23,61
389,0,2,41,223,157,152,65,163,180
389,1,68,153,42,35,52,118,109,255
389,2,211,183,180,93,139,239,182,46
389,3,234,66,202,90,15,44,215,94
389,4,149,169,30,196,93,51,180,194
389,5,213,81,66,2,115,5,252,168
389,6,129,245,200,204,25,115,2,142
389,7,109,167,41,232,146,210,1,7
389,8,207,43,124,45,242,157,194,13
389,9,4,14,120,105,16,162,145,231
389,10,117,140,17,8,31,80,114,107
389,11,209,98,212,95,151,208,207,103
389,12,166,181,45,234,37,233,219,183
389,13,48,163,140,199,41,196,30,207
389,14,99,42,15,227,79,209,89,141
389,15,234,212,69,43,84,211,60,116
389,16,226,21,103,206,239,90,47,249
389,17,138,169,3,12,78,206,90,205
389,18,210,71,189,149,109,21,238,231
389,19,159,129,185,126,71,181,155,70
389,20,13,236,45,252,230,242,154,60
389,21,74,80,162,242,89,16,163,4
389,22,17,117,140,30,200,15,97,107
389,23,209,190,208,101,151,230,212,65
389,24,37,45,166,72,183,173,43,233
389,25,196,163,48,193,23,213,41,199
389,26,15,99,227,89,33,42,79,220
389,27,212,236,211,43,234,84,164,10
389,28,226,138,103,239,21,129,206,8
389,29,138,78,169,12,206,55,240,3
389,30,210,149,237,221,109,189,178,206
389,31,159,129,185,126,71,251,60,155
389,32,75,243,91,197,14,62,177,57
389,33,248,5,103,161,3,38,12,59
389,34,227,143,209,11,188,171,70,125
389,35,236,161,214,100,20,111,98,230
389,36,48,251,176,42,139,223,239,193
389,37,45,83,162,210,87,147,14,84
389,38,114,39,44,124,15,167,162,126
389,39,220,62,77,13,242,61,125,89
390,0,242,177,152,134,234,47,180,214
390,1,11,132,26,206,34,101,44,90
390,2,235,150,86,92,183,75,211,230
390,3,234,155,215,63,66,44,247,18
390,4,169,44,30,194,94,137,1,73
390,5,187,118,225,81,5,116,66,75
390,6,82,9,200,217,43,92,25,123
390,7,41,232,77,243,145,212,83,150
390,8,252,230,194,60,45,124,236,13
390,9,74,80,231,144,4,133,225,16
390,10,140,207,30,200,250,107,15,116
390,11,212,190,98,95,146,2,240,65
390,12,37,183,233,45,173,234,227,72
390,13,163,196,193,23,140,48,246,213
390,14,15,227,99,42,79,111,153,89
390,15,212,234,236,43,10,84,115,142
390,16,226,129,206,193,103,21,239,230
390,17,3,138,169,206,199,205,90,55
390,18,210,149,109,189,21,71,107,151
390,19,159,129,126,60,185,196,155,251
390,20,252,45,230,13,60,55,236,255
390,21,74,89,80,162,250,133,242,16
390,22,140,200,30,216,15,97,207,7
390,23,190,212,95,59,15,2,116,65
390,24,37,128,72,234,183,45,204,233
390,25,48,163,41,196,23,19,140,193
390,26,15,99,89,42,227,76,203,205
390,27,212,234,146,84,186,236,211,43
390,28,226,212,206,82,193,239,230,249
390,29,138,12,88,3,169,90,199,205
390,30,210,149,50,21,189,109,70,211
390,31,159,60,251,185,126,129,155,181
390,32,91,162,179,57,243,109,62,177
390,33,248,104,162,38,250,181,3,36
390,34,109,44,171,209,34,70,90,125
390,35,236,20,161,148,100,74,49,111
390,36,39,115,139,176,147,42,227,193
390,37,83,45,27,84,87,210,143,9
390,38,44,167,39,15,114,14,3,215
390,39,220,158,224,61,15,165,197,89
391,0,51,49,153,22,247,85,214,227
391,1,223,169,84,77,156,117,53,177
391,2,16,35,128,252,44,242,124,114
391,3,98,97,27,160,238,146,192,212
391,4,167,14,65,67,181,196,82,30
391,5,67,6,235,66,5,81,252,181
391,6,82,200,167,9,215,129,142,245
391,7,44,41,210,109,146,16,232,1
391,8,33,45,13,207,194,252,69,124
391,9,132,4,14,98,105,231,16,108
391,10,248,140,216,207,31,114,250,30
391,11,20,36,212,98,95,190,101,69
391,12,37,181,183,233,234,45,7,173
391,13,33,48,163,140,142,196,41,23
391,14,147,15,99,227,79,42,89,33
391,15,212,234,43,211,236,40,240,84
391,16,226,156,103,206,129,239,241,90
391,17,110,138,169,3,90,205,206,12
391,18,210,112,149,189,128,71,109,231
391,19,159,126,129,185,120,71,5,251
391,20,33,230,236,13,45,252,255,60
391,21,74,132,242,162,133,4,89,80
391,22,15,248,140,30,200,97,238,107
391,23,36,190,20,101,212,65,95,240
391,24,37,72,183,45,233,43,173,204
391,25,196,163,33,193,142,48,23,213
391,26,15,99,147,227,42,89,33,79
391,27,212,211,236,234,43,10,105,60
391,28,226,156,103,129,239,212,206,21
391,29,138,110,169,240,206,3,12,205
391,30,210,128,112,149,189,109,206,211
391,31,159,129,185,120,251,12,126,60
391,32,238,113,91,158,243,194,62,177
391,33,73,248,41,38,3,185,232,244
391,34,34,97,161,209,171,188,70,19
391,35,236,20,161,44,100,218,111,196
391,36,181,0,139,42,176,239,223,193
391,37,83,45,84,210,220,143,87,67
391,38,44,167,39,15,114,162,9,3
391,39,220,145,16,92,15,23,62,72
392,0,78,177,135,55,223,224,242,89
392,1,92,1,117,149,120,9,245,153
392,2,76,228,16,86,230,150,92,248
392,3,16,155,192,234,18,215,63,180
392,4,169,40,73,63,39,1,239,194
392,5,187,225,6,129,118,66,116,82
392,6,19,92,82,9,25,27,190,253
392,7,243,41,84,145,139,167,232,77
392,8,47,252,124,45,43,230,225,13
392,9,4,74,80,162,163,144,220,91
392,10,140,30,200,109,15,107,82,209
392,11,190,153,212,136,98,146,238,165
392,12,37,115,47,183,233,45,72,234
392,13,163,196,193,48,213,140,23,82
392,14,227,15,171,42,99,79,144,89
392,15,212,136,234,178,10,236,25,115
392,16,226,21,129,206,103,239,230,249
392,17,206,3,169,138,205,90,12,199
392,18,210,189,149,109,71,112,21,231
392,19,185,126,60,159,129,251,155,181
392,20,252,45,13,47,236,60,230,55
392,21,74,162,89,16,80,91,242,133
392,22,200,140,30,97,15,238,116,0
392,23,136,190,212,59,153,238,240,95
392,24,115,47,37,72,128,183,233,234
392,25,163,48,196,41,140,23,193,19
392,26,227,89,15,99,171,71,42,79
392,27,212,236,234,186,43,10,211,84
392,28,226,206,230,129,193,82,249,239
392,29,88,169,138,12,119,205,3,86
392,30,210,189,21,109,149,18,231,50
392,31,60,185,159,249,251,129,126,196
392,32,120,58,248,91,243,179,162,148
392,33,248,176,250,38,104,3,36,37
392,34,80,249,15,209,171,44,143,90
392,35,180,100,236,20,121,185,161,148
392,36,147,21,228,42,79,138,29,115
392,37,92,214,244,83,156,45,119,176
392,38,197,204,24,141,177,156,55,150
392,39,226,83,66,209,127,5,198,91
393,0,38,52,17,156,234,170,241,58
393,1,92,9,149,120,56,173,89,8
393,2,150,86,76,92,16,230,61,115
393,3,155,234,215,66,247,192,63,44
393,4,169,203,94,30,149,63,93,194
393,5,115,225,187,66,5,118,81,52
393,6,82,9,19,200,43,142,92,115
393,7,243,41,181,146,83,145,77,228
393,8,252,45,13,124,43,230,69,154
393,9,74,231,80,16,105,237,4,133
393,10,140,207,30,200,85,15,7,116
393,11,136,95,190,212,98,153,94,255
393,12,37,183,233,115,234,205,133,173
393,13,163,196,48,140,30,15,41,23
393,14,15,227,79,42,99,89,141,251
393,15,212,84,43,234,10,118,236,239
393,16,226,206,103,249,193,90,168,239
393,17,3,169,205,138,12,199,90,36
393,18,21,210,149,109,189,50,151,206
393,19,159,126,129,185,155,181,249,60
393,20,230,13,236,252,89,255,45,60
393,21,74,89,105,242,231,80,163,133
393,22,200,140,15,30,207,246,216,35
393,23,95,190,212,216,203,116,136,65
393,24,37,234,233,45,128,183,205,247
393,25,41,48,163,23,196,84,30,97
393,26,203,42,89,15,218,174,227,220
393,27,212,84,186,234,43,118,7,211
393,28,226,193,206,249,196,21,82,239
393,29,88,61,12,3,21,50,169,119
393,30,21,50,210,149,162,70,189,19
393,31,60,251,249,159,155,185,181,126
393,32,131,162,91,62,179,125,18,86
393,33,132,250,104,248,6,36,38,3
393,34,171,109,44,90,28,238,240,235
393,35,236,148,20,145,190,49,218,161
393,36,147,115,227,39,202,211,79,42
393,37,27,78,83,193,45,174,143,60
393,38,215,169,167,15,44,119,39,75
393,39,158,179,220,224,72,75,15,165
394,0,117,233,226,96,80,125,90,170
394,1,120,40,206,96,92,209,13,183
394,2,189,81,94,229,128,66,178,135
394,3,192,247,91,122,170,234,148,50
394,4,55,119,139,71,180,60,98,8
394,5,27,5,61,81,66,18,253,114
394,6,90,142,198,178,61,200,204,54
394,7,181,210,56,16,109,41,1,146
394,8,207,103,13,184,45,43,112,212
394,9,178,14,105,16,4,231,145,215
394,10,140,31,114,46,163,51,24,192
394,11,95,203,18,247,109,212,151,147
394,12,43,234,132,37,7,233,183,67
394,13,48,41,140,200,163,30,38,23
394,14,42,38,99,15,227,56,89,251
394,15,212,234,99,76,39,84,96,43
394,16,226,54,206,90,249,207,237,174
394,17,169,3,88,205,50,90,12,138
394,18,21,210,189,71,149,109,11,73
394,19,159,199,126,181,185,155,1,71
394,20,13,236,252,65,230,45,60,207
394,21,74,105,178,89,242,231,80,16
394,22,140,200,30,15,24,7,163,114
394,23,95,142,190,203,212,216,247,234
394,24,37,43,233,183,45,234,206,72
394,25,48,163,196,23,41,193,82,30
394,26,15,83,227,42,220,153,89,174
394,27,212,211,99,186,43,234,84,10
394,28,226,13,54,206,239,249,21,103
394,29,169,12,206,3,138,218,236,90
394,30,210,149,71,109,215,189,11,21
394,31,159,126,199,71,185,251,129,91
394,32,89,243,17,62,91,201,221,246
394,33,105,107,248,244,38,3,28,58
394,34,56,81,12,171,252,95,208,70
394,35,236,132,218,161,20,98,99,230
394,36,253,246,152,202,172,130,211,139
394,37,161,45,83,174,158,60,67,135
394,38,234,9,30,114,44,15,167,39
394,39,250,1,246,92,248,220,125,15
395,0,242,234,152,186,144,210,27,133
395,1,243,163,217,215,95,21,198,255
395,2,92,13,150,86,84,230,159,168
395,3,155,234,215,192,2,18,63,156
395,4,169,94,112,30,40,194,216,98
395,5,225,187,5,118,91,115,66,116
395,6,123,154,178,92,9,43,235,142
395,7,181,228,243,41,145,77,84,210
395,8,252,242,45,230,13,38,124,255
395,9,74,231,80,4,133,105,16,162
395,10,140,30,207,200,5,15,107,7
395,11,153,216,190,95,255,212,151,207
395,12,37,183,233,234,114,72,178,45
395,13,163,196,140,23,48,41,15,30
395,14,15,227,99,42,153,79,33,141
395,15,212,234,248,84,10,43,7,211
395,16,226,206,103,21,230,239,54,249
395,17,169,3,138,206,205,12,90,236
395,18,210,149,21,109,11,189,71,206
395,19,126,159,60,185,129,155,251,181
395,20,13,45,252,230,242,60,154,38
395,21,74,89,163,105,80,16,242,133
395,22,140,30,0,200,15,7,5,207
395,23,95,153,190,216,15,151,212,112
395,24,234,183,37,233,12,106,205,72
395,25,48,41,163,196,140,23,30,46
395,26,83,15,227,220,42,89,174,99
395,27,212,7,10,248,234,211,186,84
395,28,226,230,206,21,54,239,90,128
395,29,12,3,206,236,169,90,138,55
395,30,210,69,149,109,50,21,70,189
395,31,60,126,185,159,71,251,155,46
395,32,86,195,243,91,126,199,62,146
395,33,198,97,37,248,161,36,38,3
395,34,90,212,187,255,109,28,59,209
395,35,49,161,98,236,214,145,230,100
395,36,0,234,42,147,8,172,139,227
395,37,220,210,45,84,83,235,87,95
395,38,15,114,162,167,14,196,35,176
395,39,241,23,220,68,89,61,16,224
396,0,110,165,57,59,56,176,9,90
396,1,40,166,183,209,96,206,57,131
396,2,191,238,209,9,204,205,112,35
396,3,76,192,111,70,89,41,45,216
396,4,138,156,164,216,35,40,135,73
396,5,19,118,225,187,5,249,181,91
396,6,123,9,50,154,178,27,201,43
396,7,228,77,84,243,4,41,0,145
396,8,252,230,236,45,156,124,13,194
396,9,231,148,80,74,105,163,16,144
396,10,200,140,46,30,15,207,107,7
396,11,216,95,212,93,190,79,210,197
396,12,37,183,233,234,205,227,173,172
396,13,196,23,181,163,30,15,193,246
396,14,15,227,42,99,79,89,251,237
396,15,10,43,118,236,212,84,234,208
396,16,226,206,103,8,129,90,158,123
396,17,169,3,138,205,86,90,199,36
396,18,210,21,206,109,189,178,149,151
396,19,129,159,185,181,155,1,5,126
396,20,230,13,236,252,255,89,154,134
396,21,231,242,89,105,74,148,163,133
396,22,200,140,15,30,7,35,153,207
396,23,212,95,216,190,197,210,94,65
396,24,234,37,233,45,183,12,173,227
396,25,163,41,48,193,196,23,30,82
396,26,15,42,89,79,174,227,99,141
396,27,234,212,84,43,118,236,186,7
396,28,226,206,193,249,168,196,239,8
396,29,3,61,138,12,205,88,169,49
396,30,21,210,50,149,70,189,211,109
396,31,251,159,185,155,129,126,181,225
396,32,131,125,91,179,86,243,94,186
396,33,38,248,104,96,36,28,132,238
396,34,44,171,90,238,209,28,62,70
396,35,145,236,148,190,161,20,74,57
396,36,227,39,115,147,202,172,139,120
396,37,27,83,78,193,190,45,16,169
396,38,215,169,184,15,44,119,75,18
396,39,231,158,117,179,220,72,198,224
397,0,229,242,249,216,7,123,196,105
397,1,225,118,231,244,117,93,27,150
397,2,163,103,227,162,4,17,214,190
397,3,133,187,152,235,234,31,212,77
397,4,13,142,251,167,102,236,222,30
397,5,104,5,193,6,204,186,253,41
397,6,167,178,153,123,9,154,142,126
397,7,29,210,228,83,23,146,41,46
397,8,234,13,89,207,43,252,69,212
397,9,29,105,231,94,13,16,164,80
397,10,169,140,130,207,200,51,7,85
397,11,189,95,212,216,51,185,255,94
397,12,234,26,63,233,205,37,183,133
397,13,43,97,30,140,147,41,48,15
397,14,42,79,89,124,251,178,20,157
397,15,84,118,81,234,239,43,236,9
397,16,226,206,5,196,249,90,9,8
397,17,250,205,3,172,169,61,138,76
397,18,21,50,179,189,210,187,57,211
397,19,130,155,181,5,159,185,129,109
397,20,234,13,236,230,252,255,89,184
397,21,29,231,94,89,164,105,242,13
397,22,169,130,35,15,200,140,85,81
397,23,189,95,212,42,94,161,216,65
397,24,234,63,26,74,233,45,37,219
397,25,48,41,43,163,147,30,23,67
397,26,42,89,15,174,79,32,124,148
397,27,84,234,118,81,43,200,212,186
397,28,226,206,5,133,249,168,9,90
397,29,3,250,172,205,169,138,76,50
397,30,21,210,179,187,211,70,149,189
397,31,251,130,155,159,185,181,106,129
397,32,98,131,91,186,99,134,96,243
397,33,183,248,38,238,232,126,3,28
397,34,84,207,171,180,96,209,62,146
397,35,145,236,161,57,153,20,123,100
397,36,181,120,70,139,42,41,32,35
397,37,190,31,83,182,45,228,58,87
397,38,71,148,167,3,92,15,114,95
397,39,2,69,189,220,38,217,61,213
398,0,185,157,110,40,233,32,106,66
398,1,117,118,42,84,226,242,73,112
398,2,58,80,255,60,133,121,10,219
398,3,234,214,19,92,219,191,117,90
398,4,139,122,118,30,39,80,254,8
398,5,147,5,14,18,169,114,11,118
398,6,183,178,166,145,90,142,122,198
398,7,210,101,41,145,1,109,146,44
398,8,122,13,207,234,184,45,252,212
398,9,217,178,105,13,89,156,231,16
398,10,62,142,161,114,31,140,35,163
398,11,69,95,27,109,195,247,49,156
398,12,12,191,155,132,234,181,138,233
398,13,48,41,168,142,15,22,149,30
398,14,42,191,89,99,174,119,15,241
398,15,234,84,120,22,118,212,43,239
398,16,206,226,119,66,249,90,103,168
398,17,3,188,205,50,138,169,36,90
398,18,21,162,158,210,189,70,149,211
398,19,159,185,251,126,181,155,5,1
398,20,13,252,45,236,230,255,184,60
398,21,217,74,89,178,105,231,242,133
398,22,142,200,62,15,140,35,30,7
398,23,95,69,27,109,190,195,212,247
398,24,12,37,233,45,234,183,132,191
398,25,48,163,41,196,23,30,1,213
398,26,15,42,227,89,174,83,99,220
398,27,212,84,234,43,120,186,211,7
398,28,226,206,211,249,239,119,103,168
398,29,188,3,169,138,205,90,12,213
398,30,158,149,210,21,109,189,159,70
398,31,126,159,185,251,155,71,46,129
398,32,96,91,243,42,186,116,201,94
398,33,151,248,38,28,11,58,3,232
398,34,12,171,180,45,209,205,196,59
398,35,236,153,145,161,98,20,100,220
398,36,139,42,202,117,8,0,253,181
398,37,31,83,84,45,210,220,143,115
398,38,15,114,3,167,162,39,14,75
398,39,241,9,220,68,61,89,23,146
399,0,165,110,57,56,102,228,127,59
399,1,119,135,117,222,134,179,55,137
399,2,239,238,234,181,89,127,80,174
399,3,42,171,70,234,55,105,19,90
399,4,74,254,138,17,122,199,80,244
399,5,249,5,169,118,130,147,24,18
399,6,178,145,243,9,198,50,27,90
399,7,56,41,210,84,228,77,101,146
399,8,252,13,45,65,120,122,230,60
399,9,96,148,231,217,105,74,80,4
399,10,46,140,142,24,30,200,15,97
399,11,69,210,95,93,190,197,216,195
399,12,37,12,233,183,234,45,206,155
399,13,196,163,48,23,41,193,1,82
399,14,15,227,42,213,99,83,79,33
399,15,212,10,208,234,150,43,118,115
399,16,226,206,103,239,128,90,129,168
399,17,3,188,169,205,138,86,12,104
399,18,149,210,109,21,158,189,11,70
399,19,126,185,159,251,129,155,194,1
399,20,230,252,236,13,45,60,255,55
399,21,74,148,89,105,242,80,231,133
399,22,200,140,46,15,30,24,7,142
399,23,95,210,190,212,216,93,197,69
399,24,37,234,233,173,12,45,183,72
399,25,163,196,48,193,23,41,213,30
399,26,15,42,227,174,89,79,141,99
399,27,212,203,7,10,234,84,43,118
399,28,226,206,239,249,103,211,128,8
399,29,3,188,205,12,169,206,138,104
399,30,149,210,158,21,189,109,70,188
399,31,251,185,126,159,155,71,199,1
399,32,243,221,91,48,18,246,201,62
399,33,107,248,96,38,28,121,3,224
399,34,208,175,171,64,95,70,209,56
399,35,85,236,94,161,2,98,20,132
399,36,195,202,246,152,130,139,117,223
399,37,83,161,45,60,174,43,56,135
399,38,201,234,9,39,15,44,30,195
399,39,246,1,250,92,215,183,220,15
400,0,46,65,218,122,212,110,157,152
400,1,255,111,42,117,118,95,211,85
400,2,89,230,239,234,150,110,15,23
400,3,42,234,132,211,214,228,30,202
400,4,74,71,112,164,12,17,215,30
400,5,254,67,5,169,18,100,14,118
400,6,178,243,2,142,235,73,166,42
400,7,56,210,41,101,7,84,1,4
400,8,13,103,207,45,252,65,43,69
400,9,96,240,105,14,4,74,231,148
400,10,24,31,142,114,46,133,17,30
400,11,95,69,109,114,210,93,49,207
400,12,132,12,206,234,233,37,95,155
400,13,48,41,163,196,30,38,15,1
400,14,42,15,99,227,56,119,83,89
400,15,212,234,84,96,7,118,146,25
400,16,206,226,180,249,103,90,128,237
400,17,3,188,205,169,90,138,197,50
400,18,149,210,21,188,11,158,70,109
400,19,126,159,185,251,155,181,199,71
400,20,13,252,45,65,236,230,60,12
400,21,74,96,240,89,105,80,16,242
400,22,15,140,30,200,24,46,7,17
400,23,95,210,190,109,212,216,69,114
400,24,37,173,233,234,72,183,12,45
400,25,163,48,196,41,23,213,193,30
400,26,15,42,227,174,220,89,141,199
400,27,212,7,234,84,186,43,10,211
400,28,226,206,249,21,239,103,128,13
400,29,3,213,12,206,205,188,138,169
400,30,149,210,158,189,109,21,70,188
400,31,126,251,185,159,155,71,225,199
400,32,116,243,221,91,75,246,157,62
400,33,248,38,107,5,182,121,161,28
400,34,205,208,171,175,64,209,81,70
400,35,236,85,132,94,98,2,161,20
400,36,202,246,195,152,130,139,42,223
400,37,83,161,45,60,174,43,210,135
400,38,201,234,9,15,39,44,30,114
400,39,1,246,250,92,183,215,220,15
401,0,242,234,186,144,111,188,172,84
401,1,117,198,7,42,113,118,79,111
401,2,94,230,110,234,86,23,150,239
401,3,42,234,155,214,213,116,18,180
401,4,71,12,94,82,40,169,73,63
401,5,5,187,225,169,6,18,66,98
401,6,204,178,235,9,142,2,115,145
401,7,41,228,243,4,210,84,181,238
401,8,45,252,65,154,60,69,55,13
401,9,96,74,4,14,145,133,16,80
401,10,140,15,30,9,7,51,46,31
401,11,95,216,153,114,190,116,8,210
401,12,12,233,37,132,206,234,95,183
401,13,163,48,41,196,70,1,128,23
401,14,42,15,227,220,119,174,99,83
401,15,212,234,84,25,7,211,186,248
401,16,226,206,21,103,249,180,128,90
401,17,3,206,205,90,12,188,169,197
401,18,149,210,21,11,109,189,70,188
401,19,126,251,159,185,155,60,181,71
401,20,13,65,45,252,154,60,12,230
401,21,96,74,89,105,80,16,133,4
401,22,0,140,30,15,142,200,246,35
401,23,95,116,15,212,190,208,216,114
401,24,205,234,37,233,12,95,173,181
401,25,48,41,163,30,196,18,193,23
401,26,220,42,89,174,15,206,227,199
401,27,234,212,84,7,186,248,43,5
401,28,206,226,21,249,128,193,239,103
401,29,3,206,205,49,12,90,188,88
401,30,149,158,210,70,69,21,189,211
401,31,251,185,60,126,155,159,71,28
401,32,91,86,148,195,243,146,62,131
401,33,36,38,248,37,97,217,3,117
401,34,90,255,45,212,171,70,188,28
401,35,49,196,236,44,161,214,20,203
401,36,234,0,147,227,115,39,130,8
401,37,84,220,83,193,45,196,27,210
401,38,39,44,139,75,15,215,254,136
401,39,224,23,15,75,16,127,158,37
402,0,50,250,198,52,223,157,178,55
402,1,40,96,134,37,209,153,105,106
402,2,94,178,110,23,212,230,112,101
402,3,155,234,42,247,215,180,197,18
402,4,169,71,40,37,94,164,55,180
402,5,225,187,5,118,115,116,98,19
402,6,178,123,9,115,50,204,235,2
402,7,228,4,243,41,84,77,210,0
402,8,252,45,60,43,255,230,13,124
402,9,74,96,80,4,231,162,144,16
402,10,140,30,15,200,7,9,46,1
402,11,95,216,190,116,212,8,93,72
402,12,37,233,183,234,45,227,12,205
402,13,196,163,23,30,48,41,181,193
402,14,227,15,42,79,89,251,141,99
402,15,43,10,234,84,118,212,236,40
402,16,226,206,103,168,90,193,8,129
402,17,169,3,138,205,86,133,240,51
402,18,210,206,21,189,178,109,70,151
402,19,129,5,159,185,126,155,1,181
402,20,230,13,236,252,255,89,134,55
402,21,231,242,89,74,133,80,163,105
402,22,200,15,140,30,142,35,153,7
402,23,95,203,212,216,190,230,116,94
402,24,234,233,37,12,45,183,173,227
402,25,163,48,193,196,41,23,30,82
402,26,42,15,89,174,79,227,119,99
402,27,234,43,84,118,7,212,186,211
402,28,226,206,249,168,8,103,128,193
402,29,3,240,205,49,138,12,21,50
402,30,70,149,210,90,21,189,211,158
402,31,251,185,155,159,126,60,181,5
402,32,148,131,91,86,243,96,186,126
402,33,38,248,132,36,238,181,3,161
402,34,45,171,70,44,28,238,90,109
402,35,236,145,161,20,148,100,123,44
402,36,227,39,115,147,139,234,202,42
402,37,83,45,78,27,210,228,193,87
402,38,215,119,167,15,39,44,3,114
402,39,75,158,179,220,165,224,252,222
403,0,171,117,185,226,96,198,242,90
403,1,13,223,81,134,206,96,158,40
403,2,35,205,0,52,252,112,94,101
403,3,14,216,170,122,234,247,111,42
403,4,139,55,8,180,82,2,40,71
403,5,6,225,66,81,5,114,142,187
403,6,16,3,114,178,123,9,115,50
403,7,41,228,243,210,44,19,4,84
403,8,45,112,252,124,12,60,13,69
403,9,239,178,96,4,19,74,14,133
403,10,163,140,15,30,107,7,209,195
403,11,142,69,18,130,116,95,216,212
403,12,67,95,234,37,12,181,204,72
403,13,48,163,41,200,196,193,1,53
403,14,38,174,15,42,227,79,99,89
403,15,240,212,234,103,7,211,84,118
403,16,226,206,21,180,128,249,96,90
403,17,206,3,205,155,90,188,50,36
403,18,149,210,70,158,21,231,189,211
403,19,251,185,126,155,159,71,80,5
403,20,13,45,236,230,252,248,154,60
403,21,74,89,242,80,4,162,133,239
403,22,15,140,163,30,238,200,253,35
403,23,190,212,208,101,142,130,95,18
403,24,173,37,181,67,234,72,183,233
403,25,163,48,193,196,23,213,41,30
403,26,15,174,89,79,42,227,206,23
403,27,212,7,234,240,186,43,84,211
403,28,226,206,21,249,179,103,8,128
403,29,3,205,12,206,90,50,138,55
403,30,149,210,70,211,189,158,190,21
403,31,251,185,155,126,159,28,71,60
403,32,17,243,91,194,89,126,62,94
403,33,38,23,214,248,94,185,217,12
403,34,171,70,54,187,188,19,58,209
403,35,196,236,161,20,98,100,212,123
403,36,0,130,42,139,223,239,253,193
403,37,83,45,90,37,210,97,7,84
403,38,44,39,15,14,86,167,126,40
403,39,23,15,16,220,61,68,137,36
404,0,136,78,89,241,56,18,33,118
404,1,31,135,6,166,117,165,119,168
404,2,115,81,56,178,201,209,241,176
404,3,9,42,234,153,73,255,102,109
404,4,253,133,139,145,92,82,40,49
404,5,5,225,6,174,66,134,129,118
404,6,186,16,114,25,9,115,27,178
404,7,41,19,84,210,228,167,220,238
404,8,157,45,252,124,60,13,12,101
404,9,4,74,80,201,162,239,89,10
404,10,15,140,12,68,30,253,200,107
404,11,64,130,142,212,208,95,90,190
404,12,37,234,173,183,95,72,181,233
404,13,42,48,193,163,196,100,213,23
404,14,15,174,227,79,42,119,141,89
404,15,234,212,240,211,43,118,7,186
404,16,206,226,21,90,103,128,8,247
404,17,185,3,205,206,240,138,232,36
404,18,210,149,70,231,211,109,238,189
404,19,251,185,155,126,5,159,1,80
404,20,230,236,13,45,252,60,248,255
404,21,242,74,89,4,133,163,80,231
404,22,15,200,140,30,12,68,35,238
404,23,190,64,212,101,208,215,95,240
404,24,37,173,234,183,181,233,72,172
404,25,193,163,48,196,42,23,213,136
404,26,15,174,79,89,227,42,141,237
404,27,212,7,211,234,43,186,10,5
404,28,226,206,21,103,128,179,8,249
404,29,3,185,12,205,55,240,206,138
404,30,210,149,72,70,211,189,109,190
404,31,251,185,155,126,159,71,60,46
404,32,224,197,243,91,126,16,32,94
404,33,63,38,248,156,185,12,18,3
404,34,152,171,70,188,54,213,209,159
404,35,196,236,161,20,39,100,98,131
404,36,251,239,24,42,139,130,223,193
404,37,50,83,90,45,37,97,14,210
404,38,44,39,146,86,167,15,14,126
404,39,15,177,85,13,220,36,61,203
405,0,2,36,134,177,152,55,115,41
405,1,42,254,101,77,90,72,245,117
405,2,115,182,139,201,77,56,157,5
405,3,234,63,215,16,218,44,42,241
405,4,149,169,253,30,194,93,229,82
405,5,5,225,66,213,187,118,91,6
405,6,25,186,115,9,108,27,245,134
405,7,41,1,167,240,84,220,150,146
405,8,45,124,252,13,230,101,43,255
405,9,4,74,242,89,80,162,16,133
405,10,15,117,140,12,30,200,35,103
405,11,212,190,146,208,113,6,65,240
405,12,234,166,37,61,183,173,95,129
405,13,48,163,42,196,193,136,23,246
405,14,15,174,79,13,33,42,89,99
405,15,211,234,7,240,43,212,186,118
405,16,226,21,206,138,247,128,154,65
405,17,206,205,3,240,138,185,78,36
405,18,210,70,149,231,211,238,206,189
405,19,251,185,155,159,206,5,126,60
405,20,13,45,236,230,252,248,67,124
405,21,242,89,74,133,4,91,162,80
405,22,15,117,140,12,17,30,35,200
405,23,190,212,209,208,113,146,68,59
405,24,166,173,183,37,234,61,181,233
405,25,163,48,193,42,196,23,136,246
405,26,15,174,89,79,42,227,141,13
405,27,212,7,234,43,240,186,211,10
405,28,226,206,138,21,103,82,179,202
405,29,3,185,78,205,55,138,206,224
405,30,149,210,70,72,189,211,66,209
405,31,251,185,155,60,159,126,247,71
405,32,144,197,14,243,91,75,191,16
405,33,38,161,248,103,250,185,63,5
405,34,109,227,171,152,70,209,11,249
405,35,236,196,20,100,161,131,111,123
405,36,48,55,251,130,139,14,223,42
405,37,83,45,162,37,14,7,97,210
405,38,39,44,14,124,15,167,40,3
405,39,15,177,13,220,77,203,224,25
406,0,108,135,88,61,242,114,133,160
406,1,192,70,118,101,51,117,42,11
406,2,235,8,36,160,242,121,24,178
406,3,234,106,211,226,58,236,199,29
406,4,253,240,129,169,251,30,82,229
406,5,6,5,44,225,66,254,181,118
406,6,255,186,25,9,115,142,27,122
406,7,41,1,220,210,19,46,123,84
406,8,124,45,13,186,248,0,237,12
406,9,180,69,4,169,162,14,152,242
406,10,15,88,216,140,12,30,35,195
406,11,39,19,208,212,11,99,215,30
406,12,234,173,37,183,45,181,72,55
406,13,48,42,163,112,193,196,136,230
406,14,15,174,79,42,227,119,40,141
406,15,234,212,7,52,211,43,118,36
406,16,206,226,21,61,103,10,90,124
406,17,206,205,3,138,46,232,185,240
406,18,170,210,149,70,122,109,238,189
406,19,251,185,155,55,126,159,80,129
406,20,236,230,13,45,252,60,55,0
406,21,69,74,242,180,89,133,162,4
406,22,15,140,35,30,194,200,123,88
406,23,215,39,190,212,146,99,19,113
406,24,173,37,72,183,234,233,45,61
406,25,193,163,196,48,112,23,136,42
406,26,15,89,174,42,79,227,141,66
406,27,212,7,234,43,118,211,5,10
406,28,226,206,65,103,61,10,233,21
406,29,3,205,232,138,185,55,12,206
406,30,170,210,149,70,211,189,109,72
406,31,155,251,185,159,215,1,60,166
406,32,191,60,243,16,91,25,94,68
406,33,38,229,248,33,220,185,228,63
406,34,171,93,82,209,52,152,34,15
406,35,236,20,100,111,22,131,161,123
406,36,14,130,2,223,139,42,176,55
406,37,83,45,104,37,97,7,210,224
406,38,39,14,210,44,135,45,27,15
406,39,15,110,12,243,96,66,190,220
407,0,177,55,217,20,76,78,224,242
407,1,89,9,191,149,1,70,101,254
407,2,42,160,228,229,235,157,126,187
407,3,234,16,197,58,63,18,239,247
407,4,169,253,44,63,73,40,30,180
407,5,6,116,118,225,5,187,66,75
407,6,9,186,115,178,231,25,152,114
407,7,41,84,77,73,19,130,228,0
407,8,124,252,45,230,255,194,0,236
407,9,74,4,162,242,80,128,133,89
407,10,15,140,30,35,200,195,103,97
407,11,212,95,215,190,146,216,208,65
407,12,37,234,173,183,227,72,45,172
407,13,196,23,48,193,163,201,246,62
407,14,15,42,79,174,227,99,237,33
407,15,234,43,212,118,84,186,10,211
407,16,226,206,103,21,193,128,8,107
407,17,3,206,205,86,138,169,240,12
407,18,149,210,70,21,151,211,189,231
407,19,251,60,185,155,126,159,129,80
407,20,13,230,236,45,0,252,6,255
407,21,89,74,242,133,105,4,163,162
407,22,216,15,140,30,200,35,12,238
407,23,215,95,212,190,59,116,216,201
407,24,234,128,173,157,37,233,205,153
407,25,48,41,163,97,23,30,26,193
407,26,174,42,89,15,218,79,203,206
407,27,234,84,118,22,7,5,43,186
407,28,226,206,249,193,168,167,82,9
407,29,3,205,240,50,12,88,185,138
407,30,70,189,21,149,211,210,90,162
407,31,251,185,155,159,181,5,60,129
407,32,148,131,91,109,126,144,94,246
407,33,38,248,250,189,132,238,171,3
407,34,45,171,44,109,209,70,240,180
407,35,161,145,123,236,20,153,4,185
407,36,115,139,39,142,120,42,202,147
407,37,100,83,175,101,228,87,45,97
407,38,61,167,3,149,254,196,39,87
407,39,197,163,220,91,251,66,190,179
408,0,179,113,197,166,249,135,108,101
408,1,34,26,11,132,118,199,59,117
408,2,164,17,4,59,88,40,210,227
408,3,42,211,234,31,37,90,146,84
408,4,161,17,167,241,131,82,251,30
408,5,6,14,5,104,186,161,204,190
408,6,178,9,167,123,243,142,255,50
408,7,228,40,210,41,29,146,4,91
408,8,89,13,252,43,33,207,28,45
408,9,39,231,94,29,105,13,80,236
408,10,140,142,130,200,7,15,30,216
408,11,95,203,212,216,190,20,65,94
408,12,234,233,12,37,183,45,227,173
408,13,97,30,48,23,41,196,181,15
408,14,79,42,15,33,89,251,227,141
408,15,43,118,234,84,236,10,239,65
408,16,226,206,103,90,249,168,8,211
408,17,3,205,169,138,172,61,133,86
408,18,21,206,210,90,189,178,70,231
408,19,5,155,129,185,159,181,130,251
408,20,13,230,236,255,33,184,113,252
408,21,39,242,231,89,133,94,236,105
408,22,15,142,200,35,140,62,153,130
408,23,203,95,212,42,94,190,65,216
408,24,234,12,37,233,181,45,63,183
408,25,48,41,163,30,43,23,196,18
408,26,174,42,89,15,79,33,206,99
408,27,84,118,234,65,43,7,186,22
408,28,226,206,249,168,167,5,8,21
408,29,3,240,205,50,138,213,172,12
408,30,70,189,211,210,21,90,231,149
408,31,251,185,155,130,159,181,106,5
408,32,148,91,96,131,113,186,126,94
408,33,190,248,38,232,238,3,58,171
408,34,88,45,171,70,180,161,196,146
408,35,161,145,123,153,236,100,20,4
408,36,207,139,181,42,41,8,0,120
408,37,83,31,87,84,45,210,228,37
408,38,167,15,44,3,162,39,71,14
408,39,241,220,9,68,61,252,145,16
409,0,181,82,6,107,251,83,39,246
409,1,117,199,158,250,112,191,118,242
409,2,198,64,239,134,87,127,238,243
409,3,90,234,169,227,121,214,219,245
409,4,17,254,74,82,19,118,249,229
409,5,5,174,68,18,159,42,118,190
409,6,166,178,193,198,134,9,50,164
409,7,40,210,84,41,1,91,146,4
409,8,13,248,252,43,45,201,207,236
409,9,105,231,217,4,236,89,151,96
409,10,68,228,15,140,30,62,161,175
409,11,64,95,203,215,132,212,27,190
409,12,234,233,183,37,45,132,197,181
409,13,164,48,196,23,163,41,62,246
409,14,174,15,79,42,33,89,251,141
409,15,234,118,43,22,84,7,211,5
409,16,226,206,90,103,249,128,123,180
409,17,240,205,3,26,138,50,36,169
409,18,70,210,231,149,206,189,211,178
409,19,251,5,237,155,185,159,181,129
409,20,230,236,13,255,201,163,248,134
409,21,242,89,231,133,217,4,236,43
409,22,15,68,140,228,200,107,7,252
409,23,64,212,95,190,203,230,94,101
409,24,234,181,233,132,37,219,173,183
409,25,48,164,163,41,30,249,193,196
409,26,174,15,89,79,42,238,206,14
409,27,22,118,7,43,234,84,211,9
409,28,226,206,21,222,249,8,128,123
409,29,240,26,3,205,101,50,12,138
409,30,55,70,210,231,149,189,178,211
409,31,237,251,185,155,159,5,46,126
409,32,224,42,243,91,126,197,176,94
409,33,179,201,38,156,217,248,171,185
409,34,217,49,196,70,235,213,171,188
409,35,224,161,210,100,214,73,123,236
409,36,255,24,42,139,239,244,57,41
409,37,50,83,14,87,210,45,147,158
409,38,146,167,15,44,244,3,162,39
409,39,13,177,85,220,61,62,14,252
410,0,47,109,55,152,24,151,203,31
410,1,67,236,226,8,178,175,42,85
410,2,3,221,58,193,157,77,5,116
410,3,234,66,215,63,197,243,167,13
410,4,243,169,30,137,178,125,194,73
410,5,5,91,66,187,217,115,6,16
410,6,115,49,149,25,134,178,161,193
410,7,1,220,167,210,130,246,77,83
410,8,124,184,13,68,236,230,43,207
410,9,4,242,89,162,133,43,105,14
410,10,15,228,143,81,107,140,103,168
410,11,212,59,95,208,94,113,190,93
410,12,234,210,181,227,37,236,190,170
410,13,48,230,196,193,173,41,62,30
410,14,174,79,238,33,42,89,251,15
410,15,234,118,22,43,84,9,211,71
410,16,226,206,90,21,190,167,123,128
410,17,205,3,50,240,206,31,138,36
410,18,70,231,190,178,238,211,210,250
410,19,251,155,5,85,71,185,103,181
410,20,13,230,124,184,149,236,248,201
410,21,89,242,4,133,236,91,231,14
410,22,15,228,143,252,35,140,107,242
410,23,212,95,85,190,113,94,208,59
410,24,234,181,7,132,210,155,190,170
410,25,48,230,41,30,18,193,196,111
410,26,174,89,79,42,190,14,238,206
410,27,118,84,7,22,43,234,9,239
410,28,226,190,206,21,167,83,249,90
410,29,3,240,205,50,206,31,21,138
410,30,70,231,90,178,11,250,210,190
410,31,155,251,185,71,5,60,218,58
410,32,22,85,76,48,176,246,94,91
410,33,181,11,38,139,56,102,68,185
410,34,72,94,64,175,70,240,146,171
410,35,161,123,185,2,85,131,191,111
410,36,202,142,139,67,79,246,195,42
410,37,83,60,43,87,161,174,193,126
410,38,167,234,201,3,119,44,157,163
410,39,215,183,92,220,61,1,244,246
411,0,96,226,247,171,93,128,214,243
411,1,67,236,175,104,2,8,169,117
411,2,254,55,116,190,105,141,173,224
411,3,188,221,234,105,122,134,170,2
411,4,119,60,20,169,82,105,30,243
411,5,61,5,194,6,92,66,225,187
411,6,16,115,134,49,84,9,178,172
411,7,1,220,210,84,167,146,0,77
411,8,112,184,124,13,68,248,159,255
411,9,4,242,206,14,133,89,162,43
411,10,15,228,229,163,143,107,153,103
411,11,18,212,69,130,95,208,94,207
411,12,234,106,236,37,227,181,170,72
411,13,200,48,193,196,62,82,30,173
411,14,79,33,174,238,15,237,89,251
411,15,43,118,211,241,22,234,84,9
411,16,226,206,90,21,83,8,123,149
411,17,205,240,3,102,31,138,133,36
411,18,70,231,238,210,178,190,7,206
411,19,5,155,251,71,1,250,21,0
411,20,230,112,236,13,201,248,124,181
411,21,242,89,231,4,206,133,163,43
411,22,15,163,143,107,140,97,128,153
411,23,18,101,94,212,69,208,230,113
411,24,219,107,181,172,234,67,133,227
411,25,48,249,200,30,193,122,18,181
411,26,79,174,89,235,251,168,152,14
411,27,22,118,135,9,43,241,209,211
411,28,226,21,222,167,149,83,8,231
411,29,240,31,102,56,236,3,173,188
411,30,231,70,210,178,165,6,238,221
411,31,38,71,251,155,51,233,60,40
411,32,89,176,17,94,194,61,243,199
411,33,214,94,23,185,38,68,248,12
411,34,187,173,70,182,19,54,146,28
411,35,123,161,131,40,111,4,98,255
411,36,253,0,139,8,42,116,193,210
411,37,84,220,87,164,83,90,45,37
411,38,167,14,157,22,3,136,75,244
411,39,145,16,61,220,23,36,254,146
412,0,181,82,107,251,255,39,119,83
412,1,131,89,166,9,175,35,237,31
412,2,211,55,116,224,105,197,190,39
412,3,105,188,169,49,166,109,150,45
412,4,133,82,7,182,61,191,19,39
412,5,174,5,92,116,118,68,252,134
412,6,149,16,129,115,49,108,134,189
412,7,220,1,77,84,0,146,150,237
412,8,68,112,248,184,124,236,230,13
412,9,242,4,206,133,162,196,236,14
412,10,15,68,228,153,254,140,143,107
412,11,64,212,207,69,18,240,190,94
412,12,106,210,234,37,45,236,67,95
412,13,230,48,164,200,193,249,196,62
412,14,238,79,174,33,251,89,15,152
412,15,241,118,22,43,234,9,211,135
412,16,226,185,90,149,21,167,206,211
412,17,26,205,240,188,31,138,36,206
412,18,70,238,231,165,55,63,190,178
412,19,206,237,155,5,71,251,21,28
412,20,112,236,230,13,201,248,68,124
412,21,206,242,89,196,43,231,133,236
412,22,15,68,128,107,143,239,81,85
412,23,64,94,207,212,18,230,240,190
412,24,172,107,57,250,132,139,106,133
412,25,48,200,164,249,30,192,51,18
412,26,152,89,79,235,251,174,38,129
412,27,241,22,118,9,209,135,17,239
412,28,226,222,21,149,241,90,185,167
412,29,26,240,31,232,180,173,155,128
412,30,165,231,70,55,235,238,28,189
412,31,237,38,216,155,179,60,71,40
412,32,224,176,89,199,171,197,32,94
412,33,201,179,156,38,117,12,185,171
412,34,49,217,173,28,47,213,70,58
412,35,224,255,40,161,123,73,210,34
412,36,255,24,57,210,244,139,116,42
412,37,50,87,14,102,37,83,158,90
412,38,146,157,244,167,75,3,126,14
412,39,85,177,13,61,220,14,62,181
413,0,55,109,151,24,177,224,70,139
413,1,42,226,236,22,117,70,105,190
413,2,211,3,221,5,55,116,120,185
413,3,234,16,7,215,66,44,167,166
413,4,30,178,243,169,137,82,61,194
413,5,116,252,5,48,82,16,68,232
413,6,108,104,172,84,189,48,115,146
413,7,1,220,38,130,146,77,83,95
413,8,68,236,248,124,13,230,149,181
413,9,242,43,4,196,52,162,133,91
413,10,15,181,146,119,153,143,103,67
413,11,212,94,37,240,100,190,231,131
413,12,107,172,234,57,61,37,250,36
413,13,48,19,193,122,249,30,207,196
413,14,79,174,152,89,33,251,129,192
413,15,22,118,9,43,142,209,239,201
413,16,226,90,167,53,21,123,206,222
413,17,240,206,214,31,205,232,7,147
413,18,70,238,231,190,165,178,219,151
413,19,251,5,155,71,21,247,85,184
413,20,13,236,121,248,201,230,68,149
413,21,242,89,196,4,133,80,190,43
413,22,15,216,146,107,239,143,128,228
413,23,201,212,94,37,231,59,190,164
413,24,234,11,7,172,128,181,107,190
413,25,48,230,41,30,249,18,19,196
413,26,203,174,89,79,251,218,14,152
413,27,239,22,118,7,9,84,234,43
413,28,206,226,21,222,167,82,249,128
413,29,3,205,240,206,50,21,62,90
413,30,70,90,11,231,189,211,178,210
413,31,251,185,155,99,71,5,216,247
413,32,22,246,48,85,62,91,144,176
413,33,68,38,107,171,139,185,224,132
413,34,48,175,240,64,94,28,171,70
413,35,161,85,236,2,117,185,20,73
413,36,79,202,142,246,195,152,67,139
413,37,83,60,161,174,43,196,87,135
413,38,201,234,44,132,119,167,9,30
413,39,246,215,1,92,250,183,220,44
414,0,242,234,2,152,31,27,188,103
414,1,100,71,43,3,251,232,66,56
414,2,110,23,230,150,86,92,107,161
414,3,155,234,7,66,215,63,116,218
414,4,169,82,12,94,30,71,239,164
414,5,5,6,115,217,81,66,116,253
414,6,115,235,9,178,92,108,146,25
414,7,243,1,220,210,151,40,41,146
414,8,124,13,201,248,149,12,207,67
414,9,96,4,89,5,14,199,242,133
414,10,15,7,218,107,212,143,31,35
414,11,116,95,114,212,153,103,208,2
414,12,234,181,95,132,61,206,190,227
414,13,48,38,196,246,247,163,62,249
414,14,174,15,42,206,79,33,76,251
414,15,234,118,22,43,239,211,123,84
414,16,226,206,21,128,90,88,180,103
414,17,206,240,3,205,197,50,138,218
414,18,70,188,231,11,190,238,189,211
414,19,251,5,185,60,155,181,71,159
414,20,13,46,230,255,201,248,68,236
414,21,242,89,96,236,4,231,133,199
414,22,15,140,7,0,252,107,35,212
414,23,95,212,230,190,116,208,114,113
414,24,234,233,181,37,95,61,183,132
414,25,48,163,38,41,23,196,30,140
414,26,15,174,42,89,220,79,141,93
414,27,239,234,118,43,84,7,248,9
414,28,226,21,206,78,128,249,222,230
414,29,3,206,205,240,128,49,138,90
414,30,189,70,211,231,149,151,210,69
414,31,60,185,251,155,71,181,28,1
414,32,86,91,246,120,195,243,94,109
414,33,36,38,171,97,37,250,181,248
414,34,28,90,109,212,255,171,209,238
414,35,49,73,44,161,20,145,100,111
414,36,147,234,227,39,139,11,202,115
414,37,193,15,83,27,45,78,220,16
414,38,139,215,44,39,255,3,126,157
414,39,158,224,72,15,36,220,23,122
415,0,242,96,187,27,52,12,133,50
415,1,209,206,96,40,183,166,117,253
415,2,35,161,148,243,105,136,235,52
415,3,234,155,7,63,218,247,127,241
415,4,55,82,180,12,164,94,71,182
415,5,5,66,6,217,3,116,187,225
415,6,115,178,9,92,235,142,108,123
415,7,228,243,1,220,210,151,167,146
415,8,124,13,201,46,248,12,68,252
415,9,96,4,236,242,14,5,105,133
415,10,15,7,107,140,81,153,35,209
415,11,95,212,116,190,8,65,216,94
415,12,234,183,37,227,250,45,233,181
415,13,246,196,23,62,48,30,82,193
415,14,15,174,42,79,33,89,251,218
415,15,118,43,234,84,239,211,9,10
415,16,226,206,193,128,21,90,211,8
415,17,3,205,138,240,206,169,31,90
415,18,70,210,231,189,44,21,211,151
415,19,5,251,155,185,129,159,181,71
415,20,13,230,255,236,46,68,14,134
415,21,242,89,231,96,236,133,4,199
415,22,15,140,216,7,35,0,107,200
415,23,116,212,95,190,230,94,216,8
415,24,234,128,181,205,233,7,37,183
415,25,48,41,97,23,30,18,19,163
415,26,174,89,15,79,218,14,203,206
415,27,9,84,22,7,118,142,234,43
415,28,226,206,193,21,196,222,249,167
415,29,240,49,3,88,205,61,21,206
415,30,50,70,162,231,211,189,190,210
415,31,251,185,155,60,28,5,181,216
415,32,157,86,179,91,246,131,125,62
415,33,104,36,38,117,171,97,132,248
415,34,182,28,44,171,238,212,90,70
415,35,161,148,20,49,74,190,73,236
415,36,147,234,115,227,39,202,139,42
415,37,83,27,15,78,193,60,174,87
415,38,44,215,167,119,126,169,3,39
415,39,158,75,220,179,36,122,165,252
416,0,166,97,113,142,205,150,123,215
416,1,34,26,59,187,118,199,132,117
416,2,35,227,252,24,243,26,103,30
416,3,211,31,146,46,135,37,234,84
416,4,161,167,65,13,30,251,14,82
416,5,6,5,104,161,204,66,3,10
416,6,178,167,115,9,108,174,123,134
416,7,1,210,228,91,29,220,146,83
416,8,33,13,124,201,184,89,248,207
416,9,39,4,94,29,242,89,133,13
416,10,15,143,130,107,7,35,81,216
416,11,20,212,95,94,185,65,190,230
416,12,234,107,26,227,63,181,37,250
416,13,48,196,246,62,43,30,29,59
416,14,174,79,89,251,33,42,218,206
416,15,22,118,9,43,65,135,84,234
416,16,226,206,90,167,21,123,222,211
416,17,240,205,50,3,31,61,138,36
416,18,70,190,231,148,238,211,178,187
416,19,251,130,155,5,28,111,68,71
416,20,201,13,33,124,184,248,236,120
416,21,39,89,4,242,29,94,196,102
416,22,15,143,107,35,140,7,130,81
416,23,20,212,94,103,95,230,208,113
416,24,181,234,7,132,26,63,172,160
416,25,48,249,43,51,30,123,29,18
416,26,174,89,251,14,79,206,241,15
416,27,65,9,22,7,118,142,135,234
416,28,226,222,21,96,206,167,188,237
416,29,240,172,50,3,205,206,31,90
416,30,148,70,190,231,187,211,178,189
416,31,130,251,185,155,5,28,120,58
416,32,99,113,62,91,238,131,176,246
416,33,190,232,38,224,104,41,248,143
416,34,88,161,97,34,171,70,55,62
416,35,161,39,20,2,123,236,131,99
416,36,207,49,202,139,193,42,117,116
416,37,15,83,90,60,87,193,241,161
416,38,44,167,71,80,234,126,86,3
416,39,72,36,220,69,244,92,61,183
417,0,2,115,223,41,6,133,242,152
417,1,42,117,191,153,118,12,213,245
417,2,198,76,87,110,133,230,157,24
417,3,234,66,156,7,155,63,247,16
417,4,149,169,30,118,180,164,194,93
417,5,6,66,225,116,5,187,92,115
417,6,115,136,114,245,25,104,108,134
417,7,220,1,91,151,2,41,243,150
417,8,124,242,248,13,230,201,255,154
417,9,4,133,91,242,199,89,162,5
417,10,117,15,253,17,103,143,153,140
417,11,113,209,208,103,100,212,151,142
417,12,234,236,95,55,61,37,181,173
417,13,48,193,196,249,100,247,136,62
417,14,174,79,33,206,40,152,89,119
417,15,22,7,234,43,123,142,118,211
417,16,21,226,206,83,86,90,222,227
417,17,206,240,143,205,78,31,50,138
417,18,190,70,238,178,231,237,148,7
417,19,251,5,155,28,71,185,250,70
417,20,230,242,13,248,124,149,236,67
417,21,242,4,89,133,91,190,162,128
417,22,117,15,253,17,140,107,35,143
417,23,208,209,113,151,116,212,100,21
417,24,181,234,61,236,172,37,227,95
417,25,48,249,193,22,100,196,30,247
417,26,174,89,79,206,14,93,251,13
417,27,7,22,9,142,234,43,118,207
417,28,21,226,222,83,206,167,19,212
417,29,78,240,49,206,50,3,205,31
417,30,70,148,231,237,178,238,190,50
417,31,251,60,185,155,28,5,58,71
417,32,75,176,94,91,177,62,40,57
417,33,161,38,162,185,5,104,6,12
417,34,227,109,146,70,44,55,171,28
417,35,161,123,131,20,148,151,58,39
417,36,139,193,39,116,55,41,210,42
417,37,83,87,241,15,228,37,97,27
417,38,44,167,126,3,250,157,14,39
417,39,220,61,165,15,179,125,52,251
418,0,49,51,153,22,247,214,85,243
418,1,206,10,227,169,12,248,177,223
418,2,235,16,227,105,124,151,108,83
418,3,98,76,97,27,238,146,160,234
418,4,167,14,135,30,82,4,65,240
418,5,67,66,6,225,5,235,254,131
418,6,245,136,115,114,134,193,108,198
418,7,220,44,1,2,41,151,91,95
418,8,33,124,248,13,201,230,242,184
418,9,132,4,201,98,133,5,89,14
418,10,253,117,15,216,192,167,143,248
418,11,36,20,113,208,151,132,90,248
418,12,234,95,181,154,236,37,61,227
418,13,33,48,100,142,249,247,62,193
418,14,147,174,79,40,206,251,89,119
418,15,22,118,9,234,7,142,5,207
418,16,21,167,13,156,90,206,226,222
418,17,110,240,31,50,143,206,205,102
418,18,190,238,70,231,112,178,128,165
418,19,251,5,120,155,71,28,58,68
418,20,33,201,13,124,248,230,236,181
418,21,132,242,89,4,133,190,196,43
418,22,117,15,143,248,253,107,134,254
418,23,101,208,36,20,113,94,100,212
418,24,181,107,172,95,132,61,7,236
418,25,48,33,142,249,18,123,193,30
418,26,174,89,79,251,14,206,152,147
418,27,22,9,142,7,207,135,118,234
418,28,21,222,226,156,167,231,206,83
418,29,110,206,240,50,31,3,205,56
418,30,190,70,128,112,231,238,221,178
418,31,120,251,155,185,71,170,107,111
418,32,238,113,176,158,62,102,40,94
418,33,73,38,41,224,185,12,168,248
418,34,34,97,161,70,55,171,173,146
418,35,39,161,123,131,99,20,151,111
418,36,139,49,193,181,210,239,117,41
418,37,83,15,90,241,87,193,37,209
418,38,44,126,86,167,250,3,157,244
418,39,72,220,36,61,15,203,62,125
419,0,2,115,152,55,26,177,242,223
419,1,173,70,105,117,52,109,42,245
419,2,235,76,16,61,17,93,83,108
419,3,234,66,2,213,218,63,243,76
419,4,149,30,203,169,135,180,164,93
419,5,66,6,225,116,187,5,33,217
419,6,115,136,19,245,108,114,134,25
419,7,1,220,151,95,0,77,150,84
419,8,124,248,13,7,236,230,201,217
419,9,4,242,133,89,5,162,43,91
419,10,15,117,143,103,216,153,192,239
419,11,212,113,136,208,103,94,132,151
419,12,234,115,181,95,37,61,107,227
419,13,249,48,193,62,247,246,82,241
419,14,174,79,251,206,89,152,76,33
419,15,22,43,9,211,118,234,142,7
419,16,21,226,206,90,140,167,222,193
419,17,240,205,206,50,3,78,138,147
419,18,70,190,238,231,178,206,211,237
419,19,251,155,5,249,185,28,250,71
419,20,13,46,201,248,236,230,124,149
419,21,4,89,242,133,236,43,196,231
419,22,216,15,117,107,35,143,168,239
419,23,212,208,113,116,151,136,94,190
419,24,128,181,115,234,227,107,7,61
419,25,48,97,249,19,30,41,163,246
419,26,174,89,79,251,206,40,42,14
419,27,22,234,9,7,84,118,43,239
419,28,193,206,226,222,21,196,167,82
419,29,240,88,61,3,78,205,49,21
419,30,70,50,189,162,231,211,243,237
419,31,251,185,155,249,60,28,216,181
419,32,179,91,125,131,246,75,176,177
419,33,161,38,104,171,248,132,143,5
419,34,227,44,28,171,109,238,235,43
419,35,148,161,20,190,73,74,236,145
419,36,39,115,202,147,227,55,139,19
419,37,27,83,78,16,169,186,85,80
419,38,169,186,119,215,96,206,61,158
419,39,231,158,179,117,223,67,109,224
420,0,229,7,242,216,249,196,105,123
420,1,225,231,118,244,27,93,150,117
420,2,163,227,100,103,4,241,53,214
420,3,133,187,235,152,234,231,212,77
420,4,142,13,251,30,236,167,102,222
420,5,6,104,5,193,41,186,204,253
420,6,153,167,178,9,115,245,123,108
420,7,1,210,29,146,83,23,228,145
420,8,234,184,201,13,43,89,28,207
420,9,231,105,4,29,94,13,164,89
420,10,169,130,216,81,143,35,15,140
420,11,189,212,95,94,103,161,145,10
420,12,234,181,107,63,26,133,250,227
420,13,147,43,30,48,41,196,97,82
420,14,42,79,33,251,89,174,124,15
420,15,118,84,234,43,239,81,22,9
420,16,226,206,5,249,123,9,90,8
420,17,205,3,250,138,76,172,169,61
420,18,21,206,135,178,211,189,210,179
420,19,5,155,130,181,185,251,159,129
420,20,234,13,184,230,255,236,190,207
420,21,231,164,29,94,89,242,133,13
420,22,169,15,35,130,200,153,81,85
420,23,189,95,212,42,94,107,161,65
420,24,234,219,63,45,74,227,26,233
420,25,163,41,43,147,181,30,196,48
420,26,33,42,15,79,99,89,32,174
420,27,84,43,236,118,200,81,239,234
420,28,226,206,5,133,249,168,24,9
420,29,169,250,3,138,205,76,172,50
420,30,210,179,189,21,211,187,70,178
420,31,185,159,129,251,155,181,130,109
420,32,131,91,98,186,126,134,99,96
420,33,248,38,183,238,3,232,126,86
420,34,84,171,207,180,96,209,101,62
420,35,236,145,20,161,57,153,92,100
420,36,181,70,120,42,139,202,211,248
420,37,31,83,65,193,58,190,143,45
420,38,148,92,95,3,71,162,15,18
420,39,2,38,243,69,217,220,189,252
421,0,177,47,132,158,115,235,125,141
421,1,182,244,93,118,155,197,233,213
421,2,93,123,57,100,103,82,29,140
421,3,234,133,117,190,187,233,235,40
421,4,142,236,102,144,128,30,54,95
421,5,5,193,90,47,65,43,127,135
421,6,153,60,206,138,196,22,250,173
421,7,29,23,117,210,83,123,64,147
421,8,234,239,180,116,13,28,77,104
421,9,164,13,191,239,2,105,89,113
421,10,169,185,198,125,35,130,65,36
421,11,189,95,128,206,161,108,107,62
421,12,128,93,74,107,234,63,26,15
421,13,134,147,43,97,175,41,30,48
421,14,51,148,124,16,251,32,42,137
421,15,22,162,84,200,81,87,58,118
421,16,233,133,5,249,43,206,123,196
421,17,250,76,87,205,0,50,3,147
421,18,21,179,211,135,163,50,134,206
421,19,109,116,155,20,205,106,160,181
421,20,13,239,234,184,116,201,207,190
421,21,13,164,191,89,231,94,105,43
421,22,169,35,125,198,81,236,85,185
421,23,189,128,95,94,42,107,62,212
421,24,219,74,93,234,220,15,63,26
421,25,134,48,147,41,6,30,43,182
421,26,32,42,51,89,61,148,178,124
421,27,84,118,200,234,87,58,88,81
421,28,206,249,133,5,43,226,9,90
421,29,205,3,250,169,76,87,0,172
421,30,179,21,210,189,211,187,163,70
421,31,155,116,185,251,181,109,159,106
421,32,119,91,131,134,186,126,96,247
421,33,248,38,183,93,238,3,232,86
421,34,171,82,207,180,84,209,96,62
421,35,236,145,20,100,92,161,57,220
421,36,181,70,120,42,202,139,11,211
421,37,193,31,104,83,190,58,143,182
421,38,148,27,71,92,15,95,162,3
421,39,69,110,243,38,12,220,217,252
422,0,242,185,152,186,2,40,66,65
422,1,42,118,242,117,226,112,202,19
422,2,58,133,60,255,49,80,185,219
422,3,234,44,156,19,215,218,177,66
422,4,30,139,118,169,55,88,194,63
422,5,5,232,14,223,147,225,118,116
422,6,183,9,42,3,115,174,68,50
422,7,77,210,146,101,1,133,83,84
422,8,252,13,230,201,68,207,43,236
422,9,231,156,105,19,163,133,236,4
422,10,142,154,200,7,140,163,15,168
422,11,95,212,93,69,68,190,94,10
422,12,234,37,233,183,155,219,250,45
422,13,48,181,168,30,196,41,23,82
422,14,79,15,33,174,89,237,42,251
422,15,118,43,10,84,236,239,234,208
422,16,226,206,90,232,8,103,211,180
422,17,205,138,169,3,31,55,36,155
422,18,210,135,206,70,178,189,21,36
422,19,5,155,185,46,159,181,129,1
422,20,13,230,68,236,190,45,255,252
422,21,231,89,242,19,163,133,181,80
422,22,200,142,140,153,35,15,7,81
422,23,212,95,94,195,69,93,107,68
422,24,219,234,155,183,191,37,233,45
422,25,48,181,41,220,163,193,30,23
422,26,79,89,174,141,15,237,33,227
422,27,118,236,10,84,43,40,211,239
422,28,226,206,8,90,199,181,211,232
422,29,169,138,3,205,55,128,62,155
422,30,210,90,70,109,189,21,159,36
422,31,159,155,185,46,126,129,196,251
422,32,157,126,148,91,243,175,247,116
422,33,248,117,3,132,253,38,23,161
422,34,45,28,209,175,171,182,206,146
422,35,236,100,92,161,85,7,220,2
422,36,202,42,67,139,245,246,195,0
422,37,43,83,45,220,60,95,210,87
422,38,15,201,163,162,14,167,234,39
422,39,23,215,220,246,1,75,223,197
423,0,127,18,85,49,214,146,233,112
423,1,158,118,17,117,29,43,223,232
423,2,64,102,70,94,160,177,169,26
423,3,116,234,20,171,214,137,55,51
423,4,12,17,30,105,215,74,80,82
423,5,5,232,249,225,169,3,21,14
423,6,42,9,182,174,136,73,115,27
423,7,146,77,40,210,56,83,1,84
423,8,120,13,252,35,230,201,207,240
423,9,231,105,13,163,133,236,14,242
423,10,24,200,252,46,218,140,15,114
423,11,130,114,212,95,93,197,94,10
423,12,219,234,183,37,35,233,250,133
423,13,48,38,30,82,41,181,29,73
423,14,79,89,251,33,237,174,37,157
423,15,118,84,135,43,10,236,9,22
423,16,226,8,90,211,206,123,181,158
423,17,230,205,218,138,169,31,3,36
423,18,135,210,152,178,206,21,70,164
423,19,5,155,46,196,185,1,71,177
423,20,236,13,190,45,35,230,194,120
423,21,231,89,163,242,43,216,74,181
423,22,200,37,252,140,81,218,97,153
423,23,114,212,94,130,107,240,230,10
423,24,219,183,234,133,250,155,107,37
423,25,181,193,48,163,152,196,23,30
423,26,79,237,89,141,174,15,251,33
423,27,118,236,40,43,10,84,7,135
423,28,226,90,129,8,199,206,197,211
423,29,169,218,138,55,3,205,12,174
423,30,210,70,4,190,36,109,178,231
423,31,46,196,155,159,71,185,126,129
423,32,126,221,243,247,195,94,91,102
423,33,248,121,3,168,38,94,217,185
423,34,81,209,206,146,54,208,19,70
423,35,92,100,161,123,111,39,98,236
423,36,42,139,0,223,8,49,84,195
423,37,45,210,87,220,83,7,48,15
423,38,14,15,162,167,39,3,114,44
423,39,220,23,61,72,252,16,89,68
424,0,136,78,14,241,89,56,18,68
424,1,126,117,29,63,221,6,240,17
424,2,64,236,68,70,102,94,189,194
424,3,234,20,53,153,255,5,65,203
424,4,253,37,35,254,12,187,227,30
424,5,5,174,225,118,142,181,202,116
424,6,27,25,9,201,42,50,115,134
424,7,83,210,77,146,63,1,202,240
424,8,157,201,88,124,13,207,230,252
424,9,231,105,163,47,234,4,43,162
424,10,68,81,12,200,187,140,143,97
424,11,64,94,212,10,106,130,225,197
424,12,219,107,234,121,205,35,133,125
424,13,42,48,41,30,175,110,124,226
424,14,37,251,235,186,61,178,89,60
424,15,22,135,250,118,61,9,84,142
424,16,8,167,161,90,123,211,233,206
424,17,230,205,130,201,17,147,56,7
424,18,135,222,12,211,9,21,165,30
424,19,111,155,106,175,21,38,40,42
424,20,201,88,13,190,186,28,236,124
424,21,231,192,89,234,47,43,105,13
424,22,143,81,187,73,68,159,91,12
424,23,80,94,64,212,17,106,240,113
424,24,121,219,107,234,133,181,171,173
424,25,48,42,30,181,226,124,82,122
424,26,251,37,61,89,178,168,98,235
424,27,118,236,84,164,22,250,9,219
424,28,8,226,90,206,247,199,123,197
424,29,185,169,138,205,174,3,55,23
424,30,72,210,70,183,135,4,243,84
424,31,196,46,155,185,129,126,159,66
424,32,224,126,197,243,94,61,91,32
424,33,63,248,156,3,38,18,12,185
424,34,152,209,54,213,188,206,146,70
424,35,92,100,123,98,161,111,220,131
424,36,251,42,24,239,139,223,84,255
424,37,50,45,14,210,87,83,7,48
424,38,14,146,162,15,167,39,3,44
424,39,177,85,13,220,61,252,89,52
425,0,36,134,2,65,136,1,152,86
425,1,42,117,221,254,126,165,84,118
425,2,182,139,77,194,201,236,211,97
425,3,234,156,202,19,215,218,44,214
425,4,30,253,149,169,63,35,4,3
425,5,213,5,225,31,202,116,148,115
425,6,27,18,25,9,115,42,201,50
425,7,146,61,77,210,83,202,84,1
425,8,157,135,201,252,88,13,230,248
425,9,231,105,14,163,133,4,225,242
425,10,12,200,251,140,98,252,143,17
425,11,72,212,158,54,156,94,252,68
425,12,219,234,157,166,35,37,95,227
425,13,42,48,181,41,30,67,163,173
425,14,79,174,33,237,37,251,89,119
425,15,118,116,76,43,9,142,84,236
425,16,226,8,206,90,211,138,158,199
425,17,230,138,169,205,185,101,162,23
425,18,135,72,210,44,152,70,178,30
425,19,155,5,196,185,46,159,206,129
425,20,157,190,13,236,194,45,230,201
425,21,231,89,163,216,43,242,181,240
425,22,200,12,17,187,81,140,143,111
425,23,72,156,212,94,209,158,101,10
425,24,219,183,234,107,133,166,250,157
425,25,42,48,222,181,163,226,193,30
425,26,237,174,89,79,227,251,141,33
425,27,236,40,118,10,43,51,76,22
425,28,226,8,201,129,138,199,90,206
425,29,169,162,55,138,78,174,185,205
425,30,72,210,4,70,130,237,183,135
425,31,196,46,185,155,159,129,66,126
425,32,126,197,75,116,243,61,91,94
425,33,248,161,206,18,5,59,3,38
425,34,152,227,209,11,206,213,146,23
425,35,92,100,123,220,111,98,161,236
425,36,251,42,139,48,223,239,148,84
425,37,45,210,14,7,248,83,87,162
425,38,14,124,15,162,20,167,3,39
425,39,220,177,13,252,77,61,203,89
426,0,55,134,31,152,177,70,20,217
426,1,101,15,42,116,254,247,84,6
426,2,97,96,182,3,143,180,201,71
426,3,234,72,16,213,63,44,215,136
426,4,169,44,1,35,30,10,253,137
426,5,225,202,181,5,116,187,118,213
426,6,25,201,9,27,74,39,70,18
426,7,77,146,83,130,84,202,61,31
426,8,190,135,124,48,13,157,45,230
426,9,231,163,73,105,54,107,34,133
426,10,200,111,81,12,187,98,242,140
426,11,72,212,10,158,197,54,94,169
426,12,219,157,234,183,107,233,35,33
426,13,67,42,48,30,181,82,226,41
426,14,89,237,174,79,37,251,119,33
426,15,118,236,10,157,133,43,250,40
426,16,8,226,190,90,206,199,211,158
426,17,162,169,230,205,138,3,23,201
426,18,135,210,72,44,70,19,189,21
426,19,196,46,155,129,185,85,1,5
426,20,45,190,13,194,236,106,157,230
426,21,163,231,216,89,43,224,73,181
426,22,200,12,98,242,103,140,111,67
426,23,72,212,197,158,94,240,65,68
426,24,219,234,183,157,107,7,133,119
426,25,48,163,42,67,193,30,196,23
426,26,237,89,174,79,227,251,168,141
426,27,40,236,118,10,135,7,43,211
426,28,226,129,8,90,199,206,190,147
426,29,169,55,162,185,174,12,240,205
426,30,210,72,4,70,19,183,151,50
426,31,196,46,155,185,60,126,159,129
426,32,126,109,243,123,61,76,176,18
426,33,3,248,59,95,68,38,102,11
426,34,72,209,146,240,183,23,125,11
426,35,92,98,100,123,161,111,131,220
426,36,42,139,223,176,84,196,130,251
426,37,45,7,87,210,83,48,9,11
426,38,14,162,167,15,114,3,157,39
426,39,220,252,61,165,89,146,52,15
427,0,96,226,80,171,247,198,128,11
427,1,247,15,12,8,175,178,131,90
427,2,254,114,137,96,180,97,141,182
427,3,188,221,234,180,215,72,63,137
427,4,169,35,119,10,82,253,80,225
427,5,225,202,181,61,213,5,116,118
427,6,16,201,25,9,27,70,39,94
427,7,77,146,84,61,31,83,212,202
427,8,157,45,112,124,48,194,201,13
427,9,231,163,206,105,216,181,80,162
427,10,81,200,111,187,140,12,103,229
427,11,10,18,94,212,197,240,158,65
427,12,219,107,234,106,125,157,183,205
427,13,82,110,48,200,67,30,226,193
427,14,251,79,237,37,174,89,33,119
427,15,135,118,250,236,22,157,84,9
427,16,8,226,158,211,90,123,66,199
427,17,230,205,31,169,138,201,240,45
427,18,210,135,70,44,21,231,17,30
427,19,46,196,155,5,129,245,159,102
427,20,45,236,13,194,190,106,230,217
427,21,216,163,231,242,89,80,43,65
427,22,200,15,97,67,103,140,59,204
427,23,212,94,18,240,101,190,80,10
427,24,219,107,183,121,7,234,133,172
427,25,48,163,67,196,30,249,122,193
427,26,237,89,174,79,168,33,235,251
427,27,236,40,211,118,135,7,43,22
427,28,226,129,8,199,90,206,222,147
427,29,55,169,12,240,174,138,3,205
427,30,210,4,183,70,72,231,6,135
427,31,196,46,155,60,129,185,159,126
427,32,89,126,243,17,61,197,199,176
427,33,3,68,214,248,185,38,23,94
427,34,182,209,187,146,54,19,213,152
427,35,92,98,100,123,161,131,111,242
427,36,253,139,42,223,176,130,0,84
427,37,7,45,210,87,164,48,83,90
427,38,14,167,162,15,114,136,3,22
427,39,252,220,145,61,16,52,15,13
428,0,177,70,55,151,224,178,152,217
428,1,253,42,70,17,153,131,48,117
428,2,114,137,211,160,39,180,3,141
428,3,234,215,134,137,3,247,63,44
428,4,44,169,89,218,30,80,180,63
428,5,202,181,225,5,252,118,165,187
428,6,201,9,27,25,70,39,18,134
428,7,38,83,130,146,77,72,228,202
428,8,190,48,13,222,88,124,236,28
428,9,231,105,163,65,43,234,34,236
428,10,81,200,12,111,242,187,140,138
428,11,10,197,94,212,218,37,158,72
428,12,219,157,234,107,183,205,133,173
428,13,30,48,226,181,67,110,41,82
428,14,37,89,251,237,79,174,33,119
428,15,118,236,250,10,84,135,142,43
428,16,226,8,90,211,199,206,197,82
428,17,230,205,201,138,3,169,21,31
428,18,135,44,210,21,70,151,189,219
428,19,155,46,85,196,1,129,5,66
428,20,13,45,190,194,236,106,48,222
428,21,231,163,89,216,73,181,224,43
428,22,200,242,12,146,103,111,35,67
428,23,197,212,94,218,201,59,37,107
428,24,219,234,183,11,157,128,233,119
428,25,48,163,71,41,30,19,196,23
428,26,174,89,237,79,227,15,141,251
428,27,40,118,236,10,7,84,135,211
428,28,226,206,90,199,193,8,129,190
428,29,169,12,21,240,205,88,3,138
428,30,210,50,4,70,44,19,189,63
428,31,185,46,155,126,159,196,251,18
428,32,126,179,144,131,125,246,85,243
428,33,3,248,104,185,139,102,38,132
428,34,240,44,209,67,171,48,146,70
428,35,92,236,161,98,100,220,148,74
428,36,42,115,202,39,139,142,223,49
428,37,45,83,7,87,210,48,174,16
428,38,15,167,162,14,114,61,39,234
428,39,75,220,252,117,61,163,179,223
429,0,166,97,113,142,205,123,150,213
429,1,34,26,187,118,59,117,132,62
429,2,164,162,90,210,146,156,180,169
429,3,211,31,234,37,146,46,84,135
429,4,65,161,167,13,30,14,214,136
429,5,202,5,181,104,225,161,6,130
429,6,9,27,167,201,42,62,39,34
429,7,91,210,146,83,29,2,202,23
429,8,13,207,33,212,190,48,42,44
429,9,39,231,13,105,29,94,163,181
429,10,12,200,81,130,140,187,111,7
429,11,20,212,197,95,10,72,94,107
429,12,219,234,157,35,133,183,205,233
429,13,30,48,41,29,97,43,239,241
429,14,89,251,79,178,42,237,174,157
429,15,118,65,135,84,9,236,10,43
429,16,211,226,206,90,8,147,249,96
429,17,205,3,169,230,36,138,240,31
429,18,135,210,148,44,21,70,189,17
429,19,130,155,46,5,1,185,196,129
429,20,45,13,190,236,33,194,106,124
429,21,39,163,231,89,216,29,242,80
429,22,200,15,31,83,140,103,35,253
429,23,20,190,212,94,101,68,240,230
429,24,219,183,234,7,67,233,133,172
429,25,48,163,23,196,29,30,67,41
429,26,174,237,89,227,79,235,15,33
429,27,40,65,118,236,7,211,135,10
429,28,226,96,206,199,90,237,129,211
429,29,169,12,240,55,138,172,205,3
429,30,210,148,4,187,70,190,189,135
429,31,130,46,196,159,126,185,129,155
429,32,126,99,113,243,246,254,238,102
429,33,190,3,248,232,224,38,41,205
429,34,88,161,97,209,64,55,34,70
429,35,92,39,98,161,236,99,220,100
429,36,207,49,42,139,202,152,176,130
429,37,15,45,7,83,210,193,87,90
429,38,15,14,162,167,80,234,71,114
429,39,72,244,220,252,183,36,92,250
430,0,242,2,152,234,186,31,144,188
430,1,191,27,231,42,117,35,118,68
430,2,110,198,76,87,150,86,180,92
430,3,234,155,215,180,63,81,66,243
430,4,239,169,164,118,30,149,136,194
430,5,202,225,5,181,118,243,165,187
430,6,9,136,201,27,74,92,77,3
430,7,161,77,91,243,131,146,237,210
430,8,190,194,124,45,13,222,214,48
430,9,163,231,105,73,216,144,89,34
430,10,140,200,253,111,207,30,12,103
430,11,212,10,230,116,142,146,94,240
430,12,219,183,234,233,55,173,133,107
430,13,48,100,181,67,23,163,82,30
430,14,227,89,79,237,174,42,251,15
430,15,118,40,10,236,234,133,212,248
430,16,226,206,8,211,199,90,103,147
430,17,169,205,3,138,49,55,234,12
430,18,210,135,189,44,84,109,70,21
430,19,60,129,1,185,155,46,159,126
430,20,45,13,194,190,236,252,248,48
430,21,163,216,89,231,224,144,105,34
430,22,140,200,253,0,30,204,7,103
430,23,212,116,190,68,240,95,142,10
430,24,219,183,234,233,37,45,173,133
430,25,163,23,48,100,181,67,193,30
430,26,89,227,174,237,79,99,42,218
430,27,40,236,118,10,7,135,43,212
430,28,199,206,226,8,230,173,90,129
430,29,169,49,55,138,12,205,3,174
430,30,210,70,189,109,148,84,149,190
430,31,60,159,46,185,126,129,54,155
430,32,86,109,126,146,243,247,91,174
430,33,181,36,248,97,38,3,250,189
430,34,90,206,28,109,255,212,238,209
430,35,49,92,148,100,236,220,242,190
430,36,147,227,234,168,42,39,139,115
430,37,15,95,193,83,78,45,7,27
430,38,215,139,44,162,14,15,126,39
430,39,158,72,224,36,15,252,220,203
431,0,2,115,152,214,218,41,86,133
431,1,13,206,40,132,253,42,11,230
431,2,44,35,224,148,114,252,9,23
431,3,192,234,247,215,180,63,211,191
431,4,180,239,169,164,123,136,55,84
431,5,225,67,66,118,202,254,115,187
431,6,114,9,245,43,27,200,115,77
431,7,161,243,41,77,146,210,131,250
431,8,242,45,124,194,13,190,255,252
431,9,231,163,144,216,89,4,105,14
431,10,140,200,30,117,182,17,15,253
431,11,212,151,116,230,209,10,190,211
431,12,219,183,234,233,181,55,29,232
431,13,163,48,100,181,30,23,67,193
431,14,237,227,79,89,42,174,15,99
431,15,40,10,118,234,212,236,7,43
431,16,226,206,211,90,103,8,199,21
431,17,169,205,3,12,138,55,234,49
431,18,210,237,44,149,189,151,70,109
431,19,129,126,159,60,185,155,46,5
431,20,45,13,194,236,242,190,252,248
431,21,89,216,231,163,144,74,242,162
431,22,140,200,17,30,216,117,35,15
431,23,116,151,212,190,209,95,230,68
431,24,183,234,219,233,128,45,173,29
431,25,163,48,23,30,100,41,67,196
431,26,227,89,174,237,79,99,15,141
431,27,40,10,118,236,7,211,212,239
431,28,226,193,206,199,90,239,8,103
431,29,49,169,78,138,12,88,55,128
431,30,210,50,162,109,70,237,189,151
431,31,159,60,126,185,46,129,155,18
431,32,75,179,126,125,86,243,91,131
431,33,161,248,5,104,36,3,38,132
431,34,44,227,238,28,209,90,206,109
431,35,148,100,92,190,236,74,49,161
431,36,147,227,115,39,42,139,55,234
431,37,95,27,193,78,83,15,45,87
431,38,215,15,162,119,139,251,14,167
431,39,158,231,72,224,220,252,75,27
432,0,229,249,7,216,123,196,242,105
432,1,225,118,231,27,62,117,150,155
432,2,17,227,162,4,235,163,210,0
432,3,133,31,187,234,152,235,84,37
432,4,167,142,102,13,251,30,236,136
432,5,104,5,202,6,181,193,204,186
432,6,9,167,27,201,178,153,245,134
432,7,83,29,146,210,77,23,1,161
432,8,234,190,13,28,83,207,89,201
432,9,231,29,105,94,13,163,164,237
432,10,169,130,200,81,12,140,216,187
432,11,189,212,10,94,95,197,185,107
432,12,219,234,63,133,205,26,107,35
432,13,30,97,43,48,41,181,147,29
432,14,89,251,37,178,157,42,79,124
432,15,118,84,81,135,9,250,88,236
432,16,206,90,211,249,8,5,196,226
432,17,205,250,3,61,172,230,169,56
432,18,135,21,50,189,211,187,179,57
432,19,155,130,181,251,46,1,185,42
432,20,234,13,190,194,207,184,45,106
432,21,231,29,89,94,105,164,13,163
432,22,169,130,35,81,200,187,198,85
432,23,189,95,212,94,107,197,225,42
432,24,219,234,63,26,74,205,160,183
432,25,48,30,43,41,163,147,97,59
432,26,174,42,89,32,124,79,61,178
432,27,118,84,236,234,81,40,239,135
432,28,226,206,5,133,9,249,90,199
432,29,250,169,172,76,205,12,3,240
432,30,210,187,179,21,70,189,211,205
432,31,130,155,185,251,46,159,181,205
432,32,98,131,126,99,134,186,91,243
432,33,183,248,232,238,3,38,126,86
432,34,84,207,180,171,34,96,146,209
432,35,92,145,161,153,98,236,57,100
432,36,181,42,120,70,139,196,202,11
432,37,31,190,58,182,45,83,87,210
432,38,71,148,92,162,95,15,167,114
432,39,2,69,38,189,220,213,252,61
433,0,107,82,32,83,181,221,246,106
433,1,117,118,132,84,73,242,112,122
433,2,255,121,80,243,154,238,165,28
433,3,219,119,131,169,227,234,73,214
433,4,118,242,254,79,245,89,136,255
433,5,174,5,147,243,202,130,118,237
433,6,183,77,164,149,166,90,42,231
433,7,210,2,195,101,237,52,1,77
433,8,234,13,207,190,45,201,28,48
433,9,13,217,231,151,105,163,47,89
433,10,68,228,161,62,111,187,35,140
433,11,64,195,27,69,95,181,106,191
433,12,219,234,155,35,191,14,197,181
433,13,164,48,22,41,168,30,142,67
433,14,174,89,213,251,79,238,42,119
433,15,118,135,84,22,120,250,9,40
433,16,206,90,211,226,167,158,8,14
433,17,26,205,3,230,55,240,36,11
433,18,135,210,70,159,189,21,190,211
433,19,46,155,237,251,185,5,230,106
433,20,45,13,236,190,194,124,184,234
433,21,163,89,216,231,242,217,4,80
433,22,15,68,228,200,103,35,30,140
433,23,64,190,212,27,195,113,94,68
433,24,219,183,234,155,191,29,7,250
433,25,164,48,163,22,196,23,30,41
433,26,174,237,238,89,79,227,13,235
433,27,118,40,7,211,135,236,10,186
433,28,226,206,199,90,8,211,167,129
433,29,26,12,240,169,55,3,205,174
433,30,210,55,159,4,70,109,11,231
433,31,237,46,196,126,155,185,251,159
433,32,42,224,126,243,199,197,176,91
433,33,179,201,156,248,38,3,185,217
433,34,49,217,196,146,209,213,173,70
433,35,92,210,100,224,98,161,123,220
433,36,255,24,42,139,57,223,84,196
433,37,50,14,210,158,45,87,83,7
433,38,14,15,146,162,167,244,114,97
433,39,220,13,85,177,252,61,62,52
434,0,55,177,70,31,109,24,217,152
434,1,42,226,236,22,117,84,70,204
434,2,3,58,221,77,222,157,254,229
434,3,234,215,197,167,63,44,18,32
434,4,243,169,63,136,244,30,73,35
434,5,181,202,225,118,5,187,91,116
434,6,149,201,9,27,70,25,253,74
434,7,38,77,83,130,210,146,65,246
434,8,13,48,45,190,124,216,68,194
434,9,231,163,105,65,216,43,236,89
434,10,228,200,103,242,67,140,111,15
434,11,164,197,212,93,10,218,190,68
434,12,219,234,183,107,155,197,35,136
434,13,48,168,163,67,19,22,30,230
434,14,237,213,174,79,89,251,33,119
434,15,118,40,135,10,236,7,211,43
434,16,226,90,206,211,158,199,190,8
434,17,205,55,12,174,240,3,138,31
434,18,210,135,70,4,90,190,21,231
434,19,46,155,196,85,251,194,185,5
434,20,45,13,236,190,194,124,106,144
434,21,163,89,216,231,80,242,224,133
434,22,228,200,15,242,103,67,146,204
434,23,93,197,164,218,190,212,240,68
434,24,219,234,7,11,155,183,35,172
434,25,48,22,230,163,196,41,23,67
434,26,237,174,89,79,213,241,235,13
434,27,40,7,135,118,186,211,236,10
434,28,226,206,237,181,90,211,199,167
434,29,12,55,240,205,3,169,132,174
434,30,210,90,4,190,70,188,11,189
434,31,185,46,155,126,251,196,159,5
434,32,48,126,144,22,102,243,85,18
434,33,139,3,224,185,38,248,107,102
434,34,175,70,240,64,94,171,209,67
434,35,92,161,98,85,94,2,236,242
434,36,195,42,139,67,202,246,142,79
434,37,83,43,7,60,45,87,210,161
434,38,15,167,201,162,234,132,14,44
434,39,252,220,215,246,1,92,183,61
435,0,127,18,85,49,131,15,146,112
435,1,232,107,117,43,29,118,57,90
435,2,169,9,156,66,164,23,39,229
435,3,116,20,171,51,55,234,3,245
435,4,12,215,136,82,126,183,185,228
435,5,249,181,169,225,130,5,202,118
435,6,136,149,42,166,182,27,73,9
435,7,56,210,161,40,220,84,146,77
435,8,120,45,13,207,216,186,214,28
435,9,13,231,163,151,14,105,133,89
435,10,24,218,114,103,200,140,15,182
435,11,114,195,93,230,212,197,113,68
435,12,219,11,234,183,35,155,197,136
435,13,48,38,22,168,67,41,163,29
435,14,237,174,79,213,89,251,33,14
435,15,118,135,40,22,7,142,9,84
435,16,226,90,211,167,158,123,8,206
435,17,55,205,12,31,240,174,218,23
435,18,210,135,70,231,190,4,188,17
435,19,46,194,155,91,196,5,185,58
435,20,45,120,236,13,190,124,230,248
435,21,163,89,242,216,231,80,228,224
435,22,15,200,24,103,218,31,140,117
435,23,114,190,101,212,240,68,94,113
435,24,219,183,7,172,234,58,29,72
435,25,48,67,196,163,23,38,249,193
435,26,237,174,79,89,13,33,227,251
435,27,40,7,211,118,186,135,236,10
435,28,226,21,90,129,137,237,206,199
435,29,12,55,240,218,169,138,174,3
435,30,210,4,190,188,70,231,183,178
435,31,46,196,28,71,185,155,159,126
435,32,221,102,126,243,201,94,62,156
435,33,121,3,168,205,224,248,38,185
435,34,81,70,208,55,209,95,146,64
435,35,92,39,161,98,99,242,123,100
435,36,49,139,42,130,195,117,176,223
435,37,15,193,7,90,83,45,210,87
435,38,14,167,15,162,80,114,86,3
435,39,244,72,220,252,36,183,61,15
436,0,177,2,115,152,223,133,203,242
436,1,155,29,197,42,5,126,56,223
436,2,23,212,157,202,236,12,73,169
436,3,234,215,63,66,243,218,18,2
436,4,169,149,93,51,30,194,164,63
436,5,225,187,202,181,116,115,66,5
436,6,136,245,70,115,201,25,27,219
436,7,84,77,130,83,220,1,250,95
436,8,45,124,242,13,7,194,248,193
436,9,163,224,231,4,80,216,137,133
436,10,15,117,200,140,30,103,204,67
436,11,190,212,230,113,151,216,146,94
436,12,219,234,183,217,32,37,72,181
436,13,67,48,163,196,191,193,23,100
436,14,237,79,174,89,13,33,251,99
436,15,135,118,7,40,186,211,43,22
436,16,226,21,90,206,211,82,167,123
436,17,55,12,240,205,31,190,206,49
436,18,210,70,190,151,231,36,4,238
436,19,46,155,251,5,185,58,126,254
436,20,45,13,242,7,106,250,248,101
436,21,163,89,80,216,91,224,133,231
436,22,117,15,216,30,140,103,200,174
436,23,190,151,116,212,113,59,208,209
436,24,219,234,183,128,7,119,217,172
436,25,48,163,67,23,196,41,19,30
436,26,174,237,89,79,227,13,218,99
436,27,7,40,186,211,118,10,234,135
436,28,226,206,21,82,193,90,196,167
436,29,12,78,49,88,55,61,3,240
436,30,50,210,70,4,162,238,243,231
436,31,185,126,251,155,46,159,60,5
436,32,120,126,179,144,131,91,243,75
436,33,250,104,3,38,161,5,248,185
436,34,227,109,44,70,238,146,28,5
436,35,161,148,92,236,190,220,98,123
436,36,39,115,42,202,227,147,139,11
436,37,83,45,27,193,87,7,15,78
436,38,15,167,162,14,114,3,169,40
436,39,252,75,220,179,61,224,117,158
437,0,166,113,97,142,205,150,67,215
437,1,26,34,187,59,117,118,87,132
437,2,235,242,227,176,17,202,35,215
437,3,211,146,46,31,37,135,84,76
437,4,167,161,65,14,251,30,13,246
437,5,6,104,181,66,161,225,5,130
437,6,245,136,167,115,9,62,61,27
437,7,91,210,29,84,83,1,220,77
437,8,33,45,13,124,7,207,193,248
437,9,39,94,231,163,29,13,132,4
437,10,216,200,15,140,248,214,130,195
437,11,20,212,151,94,190,197,230,216
437,12,219,234,183,35,99,107,133,7
437,13,48,67,33,191,30,163,23,82
437,14,237,79,251,174,89,235,168,147
437,15,135,118,65,22,186,7,84,40
437,16,226,90,211,158,167,123,8,21
437,17,31,12,240,205,55,23,90,36
437,18,210,135,70,231,148,190,17,21
437,19,130,46,155,5,194,58,185,251
437,20,45,33,13,236,190,124,248,106
437,21,39,163,89,216,242,231,224,132
437,22,15,200,31,248,83,103,140,182
437,23,20,190,212,113,101,94,240,230
437,24,219,183,234,7,172,29,58,217
437,25,48,163,23,196,67,33,41,43
437,26,174,237,79,89,13,227,147,99
437,27,65,7,40,211,186,118,135,10
437,28,226,206,96,156,199,196,21,167
437,29,12,55,240,172,61,205,169,138
437,30,148,4,210,187,70,190,11,128
437,31,130,185,126,46,251,159,155,120
437,32,113,99,126,238,243,131,102,62
437,33,190,232,3,224,41,248,104,38
437,34,161,97,70,88,34,55,67,146
437,35,92,161,39,98,145,236,99,123
437,36,207,49,42,202,139,130,152,246
437,37,15,83,193,45,60,7,161,87
437,38,71,15,167,162,80,234,14,3
437,39,252,244,220,72,69,183,92,250
438,0,115,2,152,223,41,224,64,29
438,1,42,191,117,105,70,118,84,153
438,2,198,76,235,157,110,202,139,230
438,3,234,18,197,63,215,155,113,192
438,4,169,149,30,73,136,118,63,180
438,5,225,6,202,187,66,181,91,5
438,6,136,77,70,245,62,115,134,27
438,7,84,77,130,220,91,1,83,0
438,8,124,45,13,255,194,19,201,48
438,9,163,231,4,224,80,43,137,133
438,10,15,103,200,67,140,117,253,30
438,11,212,146,113,190,6,65,240,230
438,12,219,115,55,234,107,72,236,172
438,13,67,48,196,191,193,100,163,22
438,14,174,237,79,235,13,89,33,251
438,15,135,7,118,40,211,22,186,66
438,16,226,21,82,83,90,154,211,140
438,17,55,240,206,12,31,190,174,36
438,18,4,70,210,11,148,231,253,238
438,19,46,251,5,155,185,58,206,60
438,20,45,13,47,106,248,101,124,236
438,21,163,80,89,216,91,224,220,133
438,22,15,103,253,140,67,31,216,117
438,23,146,116,190,212,113,37,59,151
438,24,219,115,47,72,236,183,234,172
438,25,48,67,196,23,193,22,100,163
438,26,174,237,89,79,13,218,168,235
438,27,7,40,211,135,118,186,10,43
438,28,226,21,82,83,206,227,212,199
438,29,55,49,12,78,174,240,206,3
438,30,4,148,210,70,238,178,231,50
438,31,185,60,46,126,155,251,58,5
438,32,144,126,26,248,86,179,243,176
438,33,185,161,38,3,250,248,36,103
438,34,249,227,238,109,28,44,80,146
438,35,148,161,92,136,220,123,190,46
438,36,148,147,42,227,39,130,139,115
438,37,196,83,193,7,214,162,78,27
438,38,87,52,15,14,162,167,3,132
438,39,252,197,251,220,164,77,158,61
439,0,17,52,128,247,209,234,145,54
439,1,146,12,93,247,173,145,134,77
439,2,181,74,150,139,86,110,220,198
439,3,155,234,63,177,18,2,215,66
439,4,169,239,73,63,149,93,30,194
439,5,6,225,187,202,181,115,66,156
439,6,136,123,92,19,178,115,87,9
439,7,161,84,243,77,131,130,212,220
439,8,124,45,7,13,255,242,214,101
439,9,163,231,224,80,137,242,133,16
439,10,15,253,103,117,140,67,48,200
439,11,212,190,230,116,113,65,153,6
439,12,219,115,234,55,107,72,217,236
439,13,48,67,196,100,191,23,124,22
439,14,174,237,79,235,89,251,13,33
439,15,135,118,7,22,40,44,43,211
439,16,226,21,211,90,167,193,82,206
439,17,49,240,12,235,31,206,55,190
439,18,210,4,70,11,135,151,190,253
439,19,46,38,60,155,5,58,185,1
439,20,45,13,106,236,124,248,228,154
439,21,163,89,80,96,216,190,242,155
439,22,15,216,31,253,0,103,140,182
439,23,116,151,190,212,113,59,136,238
439,24,219,115,128,7,234,183,29,72
439,25,48,23,196,22,100,67,19,193
439,26,174,237,89,79,13,235,101,168
439,27,7,135,40,211,44,118,22,186
439,28,226,21,212,193,230,82,83,206
439,29,49,55,12,240,88,173,138,78
439,30,4,148,210,70,238,50,231,178
439,31,60,185,46,28,155,126,159,58
439,32,86,126,179,176,243,94,177,146
439,33,36,3,38,104,250,185,97,161
439,34,109,238,28,44,227,255,146,173
439,35,161,148,49,123,92,220,190,98
439,36,147,227,42,39,115,139,148,11
439,37,78,27,193,15,83,7,87,45
439,38,215,15,167,3,119,14,162,114
439,39,158,252,72,220,224,75,61,197
440,0,242,117,185,18,133,187,128,96
440,1,206,183,13,230,96,40,209,117
440,2,74,181,235,35,242,220,124,65
440,3,192,170,221,122,234,76,109,2
440,4,139,239,55,123,82,8,63,169
440,5,6,225,181,187,66,142,82,35
440,6,3,114,136,123,115,202,9,178
440,7,84,161,243,220,19,0,77,1
440,8,45,124,112,248,193,7,252,101
440,9,19,163,206,216,231,144,4,133
440,10,30,163,15,140,103,253,197,182
440,11,113,18,142,116,190,173,212,211
440,12,219,67,183,29,95,232,234,144
440,13,67,200,48,163,196,193,100,23
440,14,38,174,237,79,13,227,235,89
440,15,7,40,241,103,211,135,118,10
440,16,226,232,21,149,78,199,90,206
440,17,155,55,240,12,173,138,234,128
440,18,210,4,162,70,216,243,231,107
440,19,126,46,185,251,5,155,34,18
440,20,45,68,13,112,101,193,7,106
440,21,163,206,19,216,89,144,80,224
440,22,30,163,182,15,140,253,103,197
440,23,142,190,18,156,68,113,101,212
440,24,219,67,183,29,72,45,37,234
440,25,67,196,163,48,23,200,193,136
440,26,174,38,237,89,227,235,79,13
440,27,7,40,10,103,211,118,135,252
440,28,226,232,199,206,239,78,103,21
440,29,155,55,12,128,240,138,174,3
440,30,210,4,6,70,109,84,178,181
440,31,60,126,155,159,185,46,18,71
440,32,17,37,126,243,210,89,43,177
440,33,63,117,23,214,94,38,248,3
440,34,58,28,187,12,209,177,146,54
440,35,34,92,220,242,161,100,7,236
440,36,57,253,42,11,196,139,0,8
440,37,158,164,7,45,210,220,83,87
440,38,136,14,15,162,3,114,39,167
440,39,23,16,225,252,68,220,41,47
441,0,181,82,107,39,251,255,221,83
441,1,179,117,119,89,228,82,237,166
441,2,237,243,13,155,129,28,203,161
441,3,109,132,139,105,134,85,227,3
441,4,82,227,210,246,35,97,49,159
441,5,225,174,232,181,142,3,114,118
441,6,114,186,3,115,77,27,16,9
441,7,84,77,136,195,237,52,250,72
441,8,68,45,248,124,217,101,112,193
441,9,163,43,231,209,63,155,210,71
441,10,78,144,176,187,243,68,81,23
441,11,42,94,56,135,64,225,110,10
441,12,107,205,219,132,121,35,133,18
441,13,30,48,18,175,110,161,41,51
441,14,251,186,75,178,235,61,37,169
441,15,22,192,135,113,142,61,9,84
441,16,167,90,74,233,161,123,46,211
441,17,130,7,56,50,17,147,92,191
441,18,12,165,222,115,211,9,103,30
441,19,111,106,175,68,102,155,21,107
441,20,201,186,88,28,13,184,69,124
441,21,192,234,145,43,89,105,13,47
441,22,143,91,160,73,35,222,85,92
441,23,80,106,94,17,147,103,3,154
441,24,121,107,65,181,132,84,133,19
441,25,48,30,156,51,123,18,124,70
441,26,186,178,61,75,251,39,37,89
441,27,22,87,207,113,219,192,49,142
441,28,74,233,55,8,90,167,21,249
441,29,150,26,191,23,173,231,50,92
441,30,180,70,61,193,55,30,12,211
441,31,154,237,155,38,112,251,185,191
441,32,224,37,210,197,126,175,243,127
441,33,179,201,117,156,63,248,38,185
441,34,58,49,217,177,209,213,28,12
441,35,92,34,224,220,242,100,161,133
441,36,255,57,24,42,11,139,196,176
441,37,158,7,45,50,14,210,83,87
441,38,14,146,162,15,37,39,167,3
441,39,85,252,13,177,41,220,47,203
442,0,109,55,152,177,31,151,24,224
442,1,226,236,190,42,117,74,143,154
442,2,237,13,71,5,155,45,77,185
442,3,132,234,247,180,63,218,241,18
442,4,180,169,243,73,63,30,93,27
442,5,225,187,14,232,3,118,66,82
442,6,57,114,123,243,9,186,74,115
442,7,84,223,77,212,209,57,228,89
442,8,45,124,68,193,255,7,13,101
442,9,163,216,231,137,144,4,224,133
442,10,30,15,103,200,182,140,19,197
442,11,212,190,230,68,211,28,173,152
442,12,219,234,183,99,233,181,255,12
442,13,67,48,163,196,23,30,191,100
442,14,174,79,237,89,227,251,13,33
442,15,135,118,7,40,10,22,186,43
442,16,193,226,211,90,21,206,50,82
442,17,12,205,173,240,55,174,164,213
442,18,70,151,210,4,216,50,190,239
442,19,46,155,1,251,185,254,5,87
442,20,45,13,68,106,124,223,193,190
442,21,163,89,155,80,216,137,220,190
442,22,216,30,15,127,253,103,182,200
442,23,151,190,201,116,212,230,59,113
442,24,128,219,234,183,7,115,29,32
442,25,97,48,23,41,19,67,163,196
442,26,174,89,237,218,227,13,79,235
442,27,7,40,135,186,211,10,118,84
442,28,193,226,196,212,206,82,90,199
442,29,88,61,12,164,21,240,205,49
442,30,148,210,162,70,50,4,232,244
442,31,185,155,126,251,159,46,28,234
442,32,179,104,126,125,131,109,157,86
442,33,132,104,234,248,38,3,95,36
442,34,44,70,238,171,240,67,28,20
442,35,148,92,161,236,74,190,145,220
442,36,227,115,39,147,202,142,42,187
442,37,27,78,83,16,169,193,15,80
442,38,169,215,119,15,95,162,167,96
442,39,231,158,117,75,179,252,220,109
443,0,229,249,216,242,7,123,196,105
443,1,225,118,231,117,27,150,244,93
443,2,17,4,163,227,162,26,146,103
443,3,133,31,187,152,235,234,84,212
443,4,13,167,142,251,236,102,30,222
443,5,104,6,5,193,130,186,224,181
443,6,167,153,9,27,245,123,115,219
443,7,83,29,210,23,146,1,84,77
443,8,234,13,89,7,28,207,201,212
443,9,231,29,94,105,13,163,164,16
443,10,169,130,216,81,200,140,187,195
443,11,189,212,94,95,10,197,185,107
443,12,219,234,63,26,35,107,128,133
443,13,43,30,48,97,147,41,156,29
443,14,89,251,124,51,178,235,79,157
443,15,118,84,135,81,22,9,162,142
443,16,5,90,206,196,211,158,8,123
443,17,205,250,61,172,230,3,76,56
443,18,135,187,179,21,50,211,57,70
443,19,130,155,109,205,46,251,160,42
443,20,234,190,13,207,194,184,45,48
443,21,29,89,94,231,164,163,13,105
443,22,169,130,35,81,200,187,198,143
443,23,189,212,95,94,107,42,230,225
443,24,219,234,63,74,26,15,183,45
443,25,48,41,43,30,147,163,67,97
443,26,89,42,174,32,61,178,124,148
443,27,84,118,234,236,81,200,40,239
443,28,206,249,5,226,133,9,24,168
443,29,169,205,3,250,76,172,50,138
443,30,21,179,210,211,189,187,135,81
443,31,155,251,181,185,106,130,159,129
443,32,98,91,131,134,99,126,186,96
443,33,248,38,183,232,238,126,29,3
443,34,171,84,207,180,96,209,252,61
443,35,236,145,20,92,57,218,153,161
443,36,120,181,70,211,202,42,139,176
443,37,31,143,83,190,182,58,65,184
443,38,95,148,71,92,241,162,44,3
443,39,2,69,38,189,217,213,220,252
444,0,254,191,120,32,214,16,149,177
444,1,153,214,167,118,143,255,125,215
444,2,187,223,58,240,60,5,170,7
444,3,234,184,108,32,56,173,57,196
444,4,178,198,118,194,88,117,26,162
444,5,24,5,118,46,113,36,130,89
444,6,250,223,183,254,21,217,191,141
444,7,210,38,83,130,149,1,9,146
444,8,202,207,13,184,19,28,234,201
444,9,105,89,43,13,192,252,231,243
444,10,73,92,35,42,228,20,91,168
444,11,154,95,70,254,27,195,230,94
444,12,84,234,219,18,181,191,155,107
444,13,48,30,41,168,22,67,19,163
444,14,42,178,61,89,251,79,156,75
444,15,84,203,118,22,234,88,101,239
444,16,206,226,161,249,9,90,167,211
444,17,205,3,50,23,165,10,169,56
444,18,135,189,21,211,210,159,243,71
444,19,181,155,185,251,106,159,129,199
444,20,13,45,184,190,194,202,18,236
444,21,231,89,105,236,4,224,163,148
444,22,35,140,73,200,92,24,30,7
444,23,95,154,212,230,94,65,113,210
444,24,219,84,234,233,181,45,191,155
444,25,163,48,41,30,67,22,23,140
444,26,42,89,178,61,99,174,32,227
444,27,234,84,236,43,239,118,203,40
444,28,226,206,161,249,8,9,24,167
444,29,205,169,214,3,50,138,231,10
444,30,210,189,211,21,243,71,206,149
444,31,185,181,155,159,251,129,91,199
444,32,91,131,48,201,243,94,177,26
444,33,248,58,225,38,107,151,96,3
444,34,56,171,175,252,120,209,226,163
444,35,236,20,85,218,92,161,9,242
444,36,195,246,211,152,202,42,139,176
444,37,67,143,83,174,56,161,45,135
444,38,201,234,9,44,30,162,39,3
444,39,246,1,250,92,215,183,220,252
445,0,234,242,186,144,155,76,152,27
445,1,252,35,58,215,118,239,255,117
445,2,230,191,150,15,92,86,40,33
445,3,155,234,215,180,44,156,19,81
445,4,169,112,94,155,98,63,80,93
445,5,225,5,202,144,115,187,118,66
445,6,43,9,142,92,250,178,27,201
445,7,228,210,77,181,243,58,146,72
445,8,45,13,194,252,190,124,255,214
445,9,231,105,163,236,89,181,4,133
445,10,207,140,200,35,111,30,101,85
445,11,153,95,212,230,164,216,190,65
445,12,219,234,233,183,181,37,29,173
445,13,67,48,163,23,30,140,41,168
445,14,42,89,227,174,99,79,178,33
445,15,118,234,84,248,236,10,40,43
445,16,206,226,249,103,90,230,168,8
445,17,205,3,169,197,138,230,206,55
445,18,135,189,210,21,211,70,243,71
445,19,129,185,60,159,155,181,1,46
445,20,13,45,194,190,106,252,193,184
445,21,89,163,216,231,105,236,181,4
445,22,140,200,0,35,207,30,7,85
445,23,212,95,153,190,230,65,15,98
445,24,219,234,183,233,45,181,205,37
445,25,163,48,41,23,30,67,196,181
445,26,89,42,174,99,227,83,61,15
445,27,234,84,118,236,10,40,248,43
445,28,206,226,230,249,24,8,199,168
445,29,169,205,3,138,12,50,236,36
445,30,210,21,189,211,69,149,243,70
445,31,60,185,159,155,251,129,126,181
445,32,91,86,195,146,126,243,199,109
445,33,38,248,181,37,97,36,198,3
445,34,171,212,109,255,28,90,209,187
445,35,49,236,20,92,100,220,161,145
445,36,147,227,0,42,234,11,8,139
445,37,220,83,45,193,84,15,115,180
445,38,44,15,162,39,126,139,3,35
445,39,23,241,175,220,127,68,15,224
446,0,165,110,57,56,59,9,67,90
446,1,40,96,183,209,206,57,166,158
446,2,191,238,35,224,148,44,172,19
446,3,200,234,70,232,192,247,3,41
446,4,138,156,164,136,35,216,98,169
446,5,202,19,225,5,249,118,181,130
446,6,9,201,27,43,34,77,74,178
446,7,77,228,83,210,146,65,84,0
446,8,13,190,222,207,230,194,124,201
446,9,231,105,148,163,234,47,216,89
446,10,81,200,111,187,140,46,91,35
446,11,10,93,197,212,95,94,210,3
446,12,219,234,107,35,205,194,133,233
446,13,30,48,41,226,181,67,82,59
446,14,37,251,89,178,119,61,73,235
446,15,118,135,250,84,9,22,239,236
446,16,8,158,90,211,206,123,249,226
446,17,230,205,201,17,3,45,169,147
446,18,135,21,152,211,30,44,222,251
446,19,155,42,177,227,225,66,1,172
446,20,190,13,194,201,222,48,106,236
446,21,89,163,231,148,13,43,216,107
446,22,187,111,81,35,143,200,46,127
446,23,94,212,107,93,210,225,197,116
446,24,219,234,121,205,58,107,181,232
446,25,48,71,30,41,161,163,226,10
446,26,174,89,61,178,42,24,251,98
446,27,118,84,135,236,203,250,234,40
446,28,206,8,24,199,193,249,168,226
446,29,205,3,169,88,49,12,50,138
446,30,210,189,21,50,211,162,70,243
446,31,185,251,155,159,181,129,60,126
446,32,91,86,131,179,246,126,243,125
446,33,248,38,96,104,36,3,154,189
446,34,171,28,44,238,209,90,206,70
446,35,236,20,148,49,190,92,100,161
446,36,147,227,39,115,42,139,11,202
446,37,27,83,78,193,15,45,143,95
446,38,215,44,39,162,15,119,139,126
446,39,158,72,15,36,220,197,75,122
447,0,117,171,185,226,242,122,187,96
447,1,13,117,223,111,183,158,96,81
447,2,35,107,252,191,196,44,102,160
447,3,170,234,255,192,247,122,153,14
447,4,139,8,55,2,35,123,60,63
447,5,225,202,5,118,66,181,6,81
447,6,16,114,9,3,43,27,92,200
447,7,228,210,41,19,243,44,146,72
447,8,45,13,194,207,252,193,124,112
447,9,239,178,231,105,4,236,19,89
447,10,140,163,30,207,200,35,7,15
447,11,212,116,142,95,18,230,130,216
447,12,219,67,234,181,183,233,37,29
447,13,163,48,200,140,23,41,67,213
447,14,38,42,89,79,99,227,174,15
447,15,234,240,103,212,236,84,118,22
447,16,226,206,21,249,90,8,179,180
447,17,205,155,3,50,138,169,12,36
447,18,210,135,189,211,243,70,21,71
447,19,185,251,159,129,181,155,126,46
447,20,45,13,190,194,18,154,124,193
447,21,89,239,178,4,231,220,216,236
447,22,163,140,30,200,35,182,15,107
447,23,212,190,142,113,208,230,18,95
447,24,219,181,67,234,233,45,183,37
447,25,163,48,30,41,18,67,196,140
447,26,89,174,38,99,42,227,206,178
447,27,234,240,236,84,103,118,40,212
447,28,226,206,21,249,8,179,239,167
447,29,205,155,3,169,138,50,206,12
447,30,211,210,243,189,70,238,190,103
447,31,185,251,155,159,28,102,107,71
447,32,17,91,177,194,243,126,61,89
447,33,248,38,23,214,94,217,12,117
447,34,171,54,58,12,187,188,19,209
447,35,196,100,236,20,92,242,151,161
447,36,0,42,253,11,139,193,239,8
447,37,83,220,84,164,158,45,241,90
447,38,136,44,162,126,250,39,22,15
447,39,23,16,220,15,145,36,62,61
448,0,181,82,107,251,255,39,221,83
448,1,31,135,117,53,168,237,210,220
448,2,115,56,178,81,201,209,176,78
448,3,9,158,73,169,143,227,195,234
448,4,133,92,145,3,157,57,35,139
448,5,174,5,225,118,114,202,66,9
448,6,186,16,27,9,114,115,3,149
448,7,41,253,19,210,146,240,228,220
448,8,45,124,68,252,193,13,184,194
448,9,239,4,231,14,105,236,178,43
448,10,140,68,30,200,15,209,168,107
448,11,64,207,208,156,212,142,113,230
448,12,181,67,234,219,95,233,183,184
448,13,230,164,48,163,100,41,155,30
448,14,40,38,42,79,218,156,89,206
448,15,240,234,22,136,212,103,142,84
448,16,226,21,167,206,90,119,14,249
448,17,50,26,205,155,12,143,138,23
448,18,238,210,55,190,70,135,189,211
448,19,237,185,102,251,181,159,155,71
448,20,45,13,124,184,201,194,18,190
448,21,89,4,231,239,220,216,236,228
448,22,68,30,182,140,200,97,117,35
448,23,64,208,113,230,212,190,156,207
448,24,219,181,173,45,95,67,107,233
448,25,163,48,164,18,51,30,196,231
448,26,89,174,99,40,79,206,42,227
448,27,240,234,236,212,142,113,22,84
448,28,21,226,206,167,249,8,179,99
448,29,26,205,206,50,169,138,155,101
448,30,55,238,190,210,243,70,211,103
448,31,237,251,102,185,28,159,155,107
448,32,224,91,197,177,61,62,243,126
448,33,179,201,248,38,156,12,217,122
448,34,49,217,188,58,171,213,12,209
448,35,196,236,224,20,100,214,92,161
448,36,255,24,239,42,193,139,11,84
448,37,50,83,241,14,45,158,57,37
448,38,44,126,146,162,250,39,86,15
448,39,85,13,177,62,220,181,15,203
449,0,109,203,177,76,24,20,55,161
449,1,236,3,251,226,71,100,42,37
449,2,115,221,148,5,77,157,7,178
449,3,234,66,197,215,101,2,15,87
449,4,243,93,169,30,60,51,63,194
449,5,66,115,5,2,237,52,195,225
449,6,114,186,245,200,25,9,115,134
449,7,167,1,253,41,210,130,19,239
449,8,124,242,201,88,190,207,13,69
449,9,231,14,4,5,237,163,234,11
449,10,117,140,143,168,222,253,114,241
449,11,103,209,208,207,59,212,155,230
449,12,181,95,219,19,234,210,7,99
449,13,48,230,18,30,100,163,41,75
449,14,40,42,75,79,89,218,251,156
449,15,22,113,84,142,9,207,234,118
449,16,21,206,90,167,249,226,188,136
449,17,50,205,56,7,78,92,206,189
449,18,238,190,211,70,189,12,103,210
449,19,28,111,254,251,71,68,107,155
449,20,124,13,201,242,69,88,184,207
449,21,89,14,231,237,43,4,234,80
449,22,117,253,143,35,216,241,51,140
449,23,208,207,103,94,59,85,21,84
449,24,181,95,107,219,132,19,7,157
449,25,48,230,18,51,75,30,163,123
449,26,40,146,89,75,79,93,169,218
449,27,9,142,207,113,135,219,234,22
449,28,167,21,190,226,8,99,79,206
449,29,130,56,50,78,169,7,23,92
449,30,238,63,222,70,9,211,103,250
449,31,28,40,71,254,155,151,251,107
449,32,76,18,61,91,217,40,203,28
449,33,11,56,248,12,54,38,133,6
449,34,5,149,72,94,101,171,109,220
449,35,127,185,145,60,206,20,236,153
449,36,84,202,211,49,193,42,142,39
449,37,126,83,93,37,84,174,15,45
449,38,80,126,59,162,250,44,228,119
449,39,9,244,146,72,165,122,183,227
450,0,96,247,226,171,80,107,243,90
450,1,81,236,2,16,195,169,251,3
450,2,115,148,208,63,118,173,75,136
450,3,188,221,122,2,170,234,66,216
450,4,105,60,123,119,180,181,30,55
450,5,66,114,61,6,194,5,93,235
450,6,16,186,114,115,245,200,3,134
450,7,253,1,167,41,210,220,131,19
450,8,124,112,35,242,120,68,88,207
450,9,14,206,231,178,240,11,5,4
450,10,163,140,216,229,114,168,143,253
450,11,18,142,207,208,103,248,130,21
450,12,67,95,181,7,219,234,19,132
450,13,200,48,18,100,163,111,41,116
450,14,40,38,146,218,42,79,75,89
450,15,142,22,234,9,136,241,140,113
450,16,21,137,167,226,90,206,194,20
450,17,50,206,102,205,7,56,31,92
450,18,238,70,190,165,211,135,210,189
450,19,71,185,21,107,251,181,40,111
450,20,201,184,124,13,248,112,144,45
450,21,231,43,80,162,206,234,89,14
450,22,163,140,223,97,143,241,200,182
450,23,101,18,208,142,94,207,200,66
450,24,219,107,181,133,147,67,173,222
450,25,48,75,51,18,163,181,82,122
450,26,40,79,146,89,251,75,186,36
450,27,9,142,219,234,236,113,43,135
450,28,8,21,167,226,79,231,90,233
450,29,130,169,56,7,155,23,92,31
450,30,238,222,70,9,211,189,243,210
450,31,40,7,91,185,181,107,254,71
450,32,89,61,17,91,217,203,194,32
450,33,168,214,12,248,23,124,94,212
450,34,149,187,12,182,54,19,171,56
450,35,127,60,206,92,236,126,20,100
450,36,253,84,0,42,210,8,193,211
450,37,220,37,84,164,83,45,139,241
450,38,59,126,136,228,162,44,97,22
450,39,23,16,146,125,52,15,68,145
451,0,136,78,241,89,18,56,68,37
451,1,166,131,6,117,35,186,165,240
451,2,211,115,5,237,177,246,75,148
451,3,188,234,105,229,85,3,9,48
451,4,253,30,123,133,60,82,227,101
451,5,114,66,174,139,6,149,63,230
451,6,27,16,129,25,115,189,71,96
451,7,253,1,41,85,67,19,167,202
451,8,157,124,120,112,248,201,35,88
451,9,231,14,5,162,11,4,236,206
451,10,68,140,12,223,97,200,241,254
451,11,64,248,208,207,130,104,230,240
451,12,219,95,67,147,154,181,107,173
451,13,48,42,163,122,200,75,30,207
451,14,40,79,42,218,146,38,89,251
451,15,142,9,22,128,234,118,140,136
451,16,21,137,167,226,194,20,90,206
451,17,185,50,102,205,130,206,31,7
451,18,238,70,135,211,189,165,222,251
451,19,40,185,181,71,227,251,107,21
451,20,218,190,201,184,144,236,248,13
451,21,231,43,80,234,162,89,34,224
451,22,12,223,68,97,140,143,241,200
451,23,64,208,101,94,240,248,230,200
451,24,219,107,147,181,173,121,133,222
451,25,75,48,42,122,181,4,51,18
451,26,40,79,251,89,146,186,27,36
451,27,9,219,142,101,166,113,128,22
451,28,8,21,79,167,226,123,222,233
451,29,130,185,169,56,23,191,7,92
451,30,72,238,222,9,70,25,243,211
451,31,40,7,107,254,185,155,227,245
451,32,224,61,217,197,89,91,212,203
451,33,63,168,12,124,248,156,212,38
451,34,152,149,54,55,47,173,213,214
451,35,127,60,206,92,39,100,126,217
451,36,84,251,239,24,193,42,123,210
451,37,50,37,14,241,139,97,87,105
451,38,59,146,228,126,44,162,97,244
451,39,177,181,85,13,52,62,15,125
452,0,139,36,134,55,47,177,211,81
452,1,92,120,254,42,149,101,9,8
452,2,3,182,157,211,194,42,229,115
452,3,234,16,66,44,243,197,63,61
452,4,30,51,253,178,169,113,212,134
452,5,149,63,228,24,139,5,48,1
452,6,25,128,71,9,62,129,27,103
452,7,253,130,85,38,67,95,128,1
452,8,218,124,201,88,190,236,230,68
452,9,231,218,65,43,192,236,0,5
452,10,223,92,241,119,140,85,73,12
452,11,248,154,37,231,208,84,94,157
452,12,107,147,181,133,84,219,119,19
452,13,75,48,51,4,82,123,122,30
452,14,40,79,146,218,251,42,186,89
452,15,142,9,128,22,113,234,118,207
452,16,21,79,233,8,167,206,204,90
452,17,92,71,205,50,206,130,7,191
452,18,238,70,211,222,189,165,28,42
452,19,144,227,247,1,71,181,40,254
452,20,218,190,13,158,124,201,144,114
452,21,231,80,218,236,43,89,234,56
452,22,241,223,12,92,140,73,97,85
452,23,154,37,212,208,248,200,157,26
452,24,84,219,107,181,119,57,133,87
452,25,75,48,51,163,4,181,82,192
452,26,40,79,146,251,218,89,93,141
452,27,9,236,128,142,118,234,43,113
452,28,8,79,233,226,161,21,167,82
452,29,169,214,185,92,17,71,7,205
452,30,189,50,28,211,210,209,135,151
452,31,144,91,181,185,40,227,71,199
452,32,91,18,203,179,32,144,61,245
452,33,248,151,104,68,107,38,11,250
452,34,48,56,109,171,240,252,28,44
452,35,114,127,20,236,218,92,99,100
452,36,211,152,84,246,202,42,39,49
452,37,174,67,83,161,45,143,37,27
452,38,126,9,30,234,44,87,162,101
452,39,250,92,72,15,244,203,125,197
453,0,242,234,155,186,152,31,27,13
453,1,232,42,117,84,239,66,100,198
453,2,230,150,86,31,107,15,212,110
453,3,234,155,19,66,63,215,44,156
453,4,112,94,169,71,30,63,93,194
453,5,81,5,115,168,66,96,61,118
453,6,3,128,200,9,92,250,27,62
453,7,131,181,253,243,146,95,128,67
453,8,124,218,69,190,12,230,158,43
453,9,231,14,236,218,237,4,105,89
453,10,140,85,9,207,7,200,253,241
453,11,153,207,212,142,26,190,248,130
453,12,219,95,181,255,133,233,67,84
453,13,48,163,75,4,100,67,81,200
453,14,40,79,42,38,237,218,174,36
453,15,142,128,234,9,248,118,236,241
453,16,226,21,79,167,8,204,206,90
453,17,92,189,102,50,12,236,205,7
453,18,238,70,210,189,211,222,42,243
453,19,71,185,245,46,227,1,181,40
453,20,218,144,201,45,13,190,48,158
453,21,231,80,234,56,43,89,236,163
453,22,241,200,140,97,0,85,9,107
453,23,153,15,101,207,26,130,240,142
453,24,219,107,133,255,181,89,222,45
453,25,75,4,48,51,163,82,193,200
453,26,79,40,251,146,89,237,141,174
453,27,128,9,236,118,248,166,142,135
453,28,8,79,226,54,230,21,231,90
453,29,169,92,236,7,102,232,56,206
453,30,238,69,222,70,243,36,210,164
453,31,60,227,71,40,185,196,46,170
453,32,203,195,146,162,126,32,194,61
453,33,124,248,12,97,94,181,37,212
453,34,187,212,19,54,47,255,90,137
453,35,127,100,92,49,115,123,30,223
453,36,84,0,42,8,234,210,32,196
453,37,84,220,139,37,83,97,241,56
453,38,126,228,22,162,14,97,3,44
453,39,16,23,146,145,15,224,181,52
454,0,78,89,136,18,241,56,118,214
454,1,166,40,183,6,117,222,209,186
454,2,19,209,128,166,115,125,191,132
454,3,247,153,137,234,229,4,9,190
454,4,253,156,184,35,133,69,218,182
454,5,174,19,118,5,35,139,116,130
454,6,27,9,25,201,189,172,16,150
454,7,253,249,146,202,77,67,95,243
454,8,157,218,124,112,201,230,114,190
454,9,231,80,218,236,14,56,7,163
454,10,68,12,140,241,200,97,219,85
454,11,64,130,248,207,212,26,240,208
454,12,219,133,255,154,107,95,106,89
454,13,75,42,48,4,82,193,198,200
454,14,40,79,251,218,119,146,237,36
454,15,9,128,142,118,241,22,135,236
454,16,79,21,226,137,8,20,90,204
454,17,92,185,102,7,71,205,73,31
454,18,238,222,70,135,165,42,252,189
454,19,71,227,1,40,206,46,185,155
454,20,218,201,190,236,13,144,48,158
454,21,231,43,80,234,56,163,89,218
454,22,241,12,68,200,97,140,143,107
454,23,64,101,94,207,240,208,248,26
454,24,219,107,133,222,19,181,173,89
454,25,75,42,4,48,82,51,122,181
454,26,79,40,251,89,146,27,141,36
454,27,9,128,236,118,142,166,135,10
454,28,8,79,226,147,21,231,129,90
454,29,185,169,92,232,7,31,56,90
454,30,72,238,222,36,70,221,243,210
454,31,227,40,60,120,71,46,185,196
454,32,224,197,203,126,61,32,50,101
454,33,124,63,12,248,156,168,217,18
454,34,152,54,47,213,188,55,214,70
454,35,127,100,92,39,115,214,223,123
454,36,84,42,24,251,239,196,32,210
454,37,139,37,50,14,97,83,90,241
454,38,126,228,146,162,97,14,86,44
454,39,177,85,13,15,181,62,52,220
455,0,55,177,36,31,47,134,203,152
455,1,3,71,251,255,254,68,21,42
455,2,148,3,182,136,7,157,213,118
455,3,234,16,66,61,44,63,197,215
455,4,169,253,51,30,93,113,194,216
455,5,115,52,228,139,48,5,19,96
455,6,25,201,27,71,100,253,9,29
455,7,202,130,95,4,253,38,85,150
455,8,218,124,201,190,88,114,102,36
455,9,231,80,163,0,218,43,56,34
455,10,241,85,12,140,200,81,146,138
455,11,248,26,240,94,197,212,103,208
455,12,107,133,255,219,205,89,119,132
455,13,75,48,4,30,191,122,51,253
455,14,40,79,251,146,218,89,27,119
455,15,142,136,118,22,9,135,128,113
455,16,193,21,167,90,226,8,233,79
455,17,50,7,205,92,78,125,71,56
455,18,238,151,50,165,111,190,70,222
455,19,111,1,155,71,68,158,227,178
455,20,13,201,124,88,21,218,73,28
455,21,89,231,43,0,68,213,56,192
455,22,216,12,35,208,242,143,214,217
455,23,201,94,59,103,166,248,230,208
455,24,128,234,205,107,181,7,89,177
455,25,48,97,41,30,18,19,75,123
455,26,89,40,251,61,218,32,75,119
455,27,84,135,118,234,22,140,136,41
455,28,206,193,249,7,196,226,9,167
455,29,205,88,3,21,169,61,50,138
455,30,50,21,189,211,210,70,135,162
455,31,185,251,155,159,181,106,129,46
455,32,131,91,125,179,126,205,120,161
455,33,248,38,132,133,104,198,238,3
455,34,171,44,5,240,20,209,253,173
455,35,92,145,236,20,100,161,57,74
455,36,115,39,120,42,19,93,11,139
455,37,27,143,83,101,16,165,190,45
455,38,61,169,162,180,196,112,35,96
455,39,231,117,179,220,163,67,223,252
456,0,229,216,249,196,123,7,105,242
456,1,225,118,231,27,244,117,93,150
456,2,103,4,162,163,227,176,17,196
456,3,133,234,187,235,152,31,84,212
456,4,142,251,13,167,30,102,236,222
456,5,104,5,193,186,6,253,202,130
456,6,9,167,250,153,245,27,59,142
456,7,210,29,253,83,1,23,146,41
456,8,234,13,184,89,207,124,69,180
456,9,231,29,94,13,105,164,89,4
456,10,169,130,140,216,81,35,207,200
456,11,95,189,212,145,94,185,107,3
456,12,234,219,205,181,26,63,233,35
456,13,30,41,48,97,43,140,147,67
456,14,42,178,89,119,79,251,61,157
456,15,118,84,234,22,9,239,81,236
456,16,206,226,249,9,90,8,5,211
456,17,205,230,3,250,193,172,56,169
456,18,135,21,189,211,179,50,204,187
456,19,155,130,1,109,46,205,185,251
456,20,234,13,190,184,194,45,106,207
456,21,29,89,94,13,164,163,231,105
456,22,169,35,81,187,130,198,111,200
456,23,189,95,212,42,94,107,230,145
456,24,219,234,63,26,74,181,15,220
456,25,48,41,30,43,147,163,29,166
456,26,174,89,32,61,178,42,251,124
456,27,118,84,135,162,81,234,200,250
456,28,206,5,133,167,199,90,9,8
456,29,205,250,3,172,76,169,50,230
456,30,179,21,187,70,211,135,189,210
456,31,251,155,130,185,106,46,66,181
456,32,98,126,131,91,99,186,134,96
456,33,183,38,238,248,232,126,73,28
456,34,84,207,171,180,96,70,101,196
456,35,92,145,236,100,153,20,220,161
456,36,181,120,203,70,42,242,187,139
456,37,31,65,190,48,83,182,45,58
456,38,71,162,148,97,15,92,39,113
456,39,2,69,38,189,217,220,252,78
457,0,32,107,181,82,83,221,246,245
457,1,117,118,132,84,112,242,73,122
457,2,255,80,243,121,238,165,154,10
457,3,119,219,131,227,234,169,73,229
457,4,118,242,254,79,255,245,187,89
457,5,5,174,147,159,118,130,68,229
457,6,183,164,166,40,149,77,208,110
457,7,210,101,1,2,221,90,237,41
457,8,234,13,207,201,184,28,45,190
457,9,105,13,217,231,151,163,89,156
457,10,68,228,161,62,111,187,35,168
457,11,64,27,69,95,195,230,181,106
457,12,219,155,234,35,191,197,107,94
457,13,164,48,41,22,168,30,120,70
457,14,174,89,213,119,251,238,14,79
457,15,118,135,84,22,250,136,9,63
457,16,206,90,211,158,14,8,167,199
457,17,26,205,230,3,137,59,36,147
457,18,135,70,159,21,211,190,210,251
457,19,237,155,251,46,102,106,230,42
457,20,190,13,194,45,124,19,236,48
457,21,163,89,107,216,217,192,4,231
457,22,68,228,35,111,204,187,81,143
457,23,64,212,94,191,27,195,113,107
457,24,219,234,155,121,181,191,107,35
457,25,48,164,163,30,22,41,161,124
457,26,174,89,238,178,14,61,168,251
457,27,118,40,133,7,135,236,84,22
457,28,206,199,8,226,167,211,90,21
457,29,26,205,3,12,169,174,55,230
457,30,210,70,55,159,4,135,211,189
457,31,237,251,155,46,185,66,196,230
457,32,42,224,126,91,197,243,199,50
457,33,179,201,156,38,248,217,3,185
457,34,196,49,217,70,213,171,146,209
457,35,210,92,100,224,236,161,220,214
457,36,255,24,42,203,139,193,57,242
457,37,50,14,48,83,45,210,158,147
457,38,146,162,15,97,14,39,244,167
457,39,85,177,13,220,252,52,62,78
458,0,55,109,47,152,31,177,203,237
458,1,236,42,226,100,85,219,117,245
458,2,3,19,221,58,77,166,115,157
458,3,234,215,44,248,243,63,218,18
458,4,243,218,169,51,63,80,93,44
458,5,202,5,165,225,81,52,228,181
458,6,149,134,115,161,25,82,70,232
458,7,130,83,210,246,220,58,41,146
458,8,124,190,194,13,28,222,68,19
458,9,163,105,231,47,34,4,216,89
458,10,111,81,204,228,103,143,187,138
458,11,212,191,94,10,59,231,37,93
458,12,219,234,107,121,35,210,133,84
458,13,48,30,226,230,125,175,41,219
458,14,89,174,251,37,178,238,235,69
458,15,118,250,135,84,133,63,101,22
458,16,90,206,8,211,199,167,82,158
458,17,205,230,174,137,130,3,36,56
458,18,135,190,211,90,17,70,21,87
458,19,102,155,85,251,106,96,46,151
458,20,13,194,190,124,19,45,236,28
458,21,89,107,163,192,216,4,220,14
458,22,228,204,35,103,143,182,242,146
458,23,94,212,191,59,93,113,218,231
458,24,219,234,155,121,11,7,35,181
458,25,48,30,22,41,230,163,71,19
458,26,89,174,178,203,14,168,206,241
458,27,118,135,7,84,40,71,133,22
458,28,167,206,90,181,199,190,237,21
458,29,50,205,3,21,206,132,174,36
458,30,90,190,70,211,188,189,81,11
458,31,251,155,185,46,71,230,106,18
458,32,48,91,126,22,162,85,102,144
458,33,181,38,224,139,56,68,248,205
458,34,175,171,64,240,94,95,70,109
458,35,92,2,85,220,94,20,236,16
458,36,202,195,67,203,246,142,187,193
458,37,83,43,60,161,174,7,48,97
458,38,44,201,162,163,97,234,15,39
458,39,246,1,215,183,252,92,220,149
459,0,127,49,18,85,146,112,214,233
459,1,232,117,29,107,57,43,118,90
459,2,169,39,128,23,19,69,250,122
459,3,171,116,51,55,20,166,234,244
459,4,12,215,228,159,136,79,126,6
459,5,249,169,5,202,82,130,225,150
459,6,136,149,42,182,115,134,61,44
459,7,220,210,56,161,41,40,90,1
459,8,120,13,124,207,193,48,75,214
459,9,107,13,163,14,4,89,105,137
459,10,24,218,204,114,81,182,111,133
459,11,114,191,113,212,92,55,208,230
459,12,219,35,234,11,136,95,197,155
459,13,48,38,41,191,30,29,22,168
459,14,174,89,251,14,168,206,235,219
459,15,135,22,118,84,63,219,250,9
459,16,90,167,211,123,206,158,8,161
459,17,130,205,143,56,137,174,191,141
459,18,190,135,70,17,243,12,211,9
459,19,102,155,106,28,251,111,46,175
459,20,124,13,120,194,201,242,236,19
459,21,192,89,220,4,216,163,107,11
459,22,143,24,73,31,117,159,218,35
459,23,113,114,94,17,101,191,212,208
459,24,121,219,7,107,35,181,234,65
459,25,48,30,163,38,22,29,111,124
459,26,174,89,168,178,206,235,14,146
459,27,7,135,40,118,22,219,207,133
459,28,21,167,199,90,206,226,237,137
459,29,218,50,174,206,205,55,3,12
459,30,190,243,210,70,188,238,4,135
459,31,251,28,71,185,155,102,46,230
459,32,221,102,126,91,50,201,62,61
459,33,121,205,38,168,224,248,12,3
459,34,81,55,208,95,70,171,64,34
459,35,39,92,99,236,220,20,80,151
459,36,49,195,203,193,117,84,202,67
459,37,83,15,90,193,7,241,220,97
459,38,44,86,39,97,162,80,15,14
459,39,72,244,36,15,252,52,220,183
460,0,223,78,177,120,234,89,50,162
460,1,244,93,126,245,1,178,7,221
460,2,23,157,228,212,39,230,194,86
460,3,234,16,155,215,166,66,58,2
460,4,169,149,63,93,30,239,126,164
460,5,225,115,66,6,202,181,52,129
460,6,136,245,25,76,27,62,105,115
460,7,41,220,237,130,203,150,161,1
460,8,124,47,194,193,7,19,45,13
460,9,107,4,220,216,100,137,163,89
460,10,117,204,182,111,103,30,143,15
460,11,191,212,113,229,146,208,240,103
460,12,219,107,181,234,95,55,173,121
460,13,48,163,228,193,82,191,30,100
460,14,174,206,14,89,251,168,98,156
460,15,7,22,207,133,118,135,63,142
460,16,21,206,199,90,167,138,8,123
460,17,206,174,205,78,49,143,50,137
460,18,190,70,238,135,243,209,211,87
460,19,102,251,230,60,185,155,65,70
460,20,194,13,124,45,19,242,193,248
460,21,107,4,89,216,220,128,163,162
460,22,117,204,216,30,182,140,17,143
460,23,113,208,151,212,146,59,209,116
460,24,219,181,128,7,121,107,119,234
460,25,48,163,71,30,19,125,247,117
460,26,174,89,206,14,168,98,13,156
460,27,7,40,207,133,234,22,135,63
460,28,21,206,199,82,167,90,137,212
460,29,78,49,50,174,205,206,88,3
460,30,50,70,151,238,243,251,211,149
460,31,251,185,60,102,155,230,28,107
460,32,26,91,126,92,179,120,50,62
460,33,250,38,162,104,12,103,181,248
460,34,227,109,44,249,171,70,80,55
460,35,92,136,220,148,236,20,80,151
460,36,21,138,39,203,115,147,193,42
460,37,214,83,241,7,97,15,37,127
460,38,156,149,44,87,39,73,15,250
460,39,251,66,83,15,209,5,252,149
461,0,52,80,194,87,98,240,209,5
461,1,93,244,7,179,185,100,105,90
461,2,171,212,69,73,139,39,23,93
461,3,234,63,219,155,60,250,58,13
461,4,149,169,164,239,93,30,4,63
461,5,202,66,225,6,165,130,181,115
461,6,245,27,77,9,25,115,232,105
461,7,130,83,1,41,237,43,239,208
461,8,124,201,88,28,7,19,190,69
461,9,47,105,192,237,234,4,231,146
461,10,81,91,111,143,187,73,85,35
461,11,94,42,106,212,191,17,3,56
461,12,121,107,219,84,205,234,125,132
461,13,48,124,30,175,110,41,51,173
461,14,251,235,178,186,61,89,75,60
461,15,22,135,61,84,9,142,219,239
461,16,167,161,123,233,90,249,211,8
461,17,130,50,147,56,17,7,205,92
461,18,12,222,211,165,9,115,56,28
461,19,106,175,111,102,155,38,68,42
461,20,201,88,13,28,186,124,207,202
461,21,192,234,89,13,105,145,43,4
461,22,73,143,92,159,47,160,31,85
461,23,80,94,17,154,147,106,212,113
461,24,121,107,84,65,18,234,7,181
461,25,48,124,30,192,122,207,41,13
461,26,186,168,61,178,235,89,251,16
461,27,245,22,219,239,84,101,118,87
461,28,74,90,8,167,233,200,249,206
461,29,150,173,50,191,23,147,75,205
461,30,50,9,70,243,151,211,61,189
461,31,251,102,155,154,38,185,28,106
461,32,91,126,75,179,102,177,46,50
461,33,104,38,162,5,161,248,103,12
461,34,227,109,44,70,171,55,34,238
461,35,92,39,80,220,151,236,148,20
461,36,39,49,203,193,115,11,84,147
461,37,83,241,15,90,7,27,97,193
461,38,44,39,97,250,15,126,113,162
461,39,75,52,15,36,220,125,252,188
462,0,166,113,97,142,205,150,215,213
462,1,26,34,187,59,132,117,118,227
462,2,235,242,35,227,0,197,130,73
462,3,211,146,46,31,37,84,76,135
462,4,167,161,65,14,30,251,246,13
462,5,6,66,104,161,5,82,130,235
462,6,245,136,167,115,62,142,9,61
462,7,91,220,237,29,210,1,41,2
462,8,33,13,124,7,193,19,194,45
462,9,39,13,94,132,29,107,4,89
462,10,216,182,204,248,111,192,130,214
462,11,20,191,36,212,94,185,112,113
462,12,219,234,35,181,107,121,58,7
462,13,48,30,33,29,41,82,156,175
462,14,89,235,251,206,174,178,168,147
462,15,65,135,22,207,250,118,84,63
462,16,90,167,206,211,123,21,8,158
462,17,50,205,174,137,191,36,130,243
462,18,135,190,148,70,12,211,243,222
462,19,102,251,155,130,111,106,65,120
462,20,124,13,33,194,19,45,236,201
462,21,4,39,89,107,132,216,192,220
462,22,117,143,204,182,248,15,30,83
462,23,20,113,101,36,94,212,208,191
462,24,219,121,181,107,7,58,35,95
462,25,48,163,33,30,125,67,29,142
462,26,174,206,89,14,168,98,147,156
462,27,65,40,133,207,7,234,22,118
462,28,21,199,156,167,96,206,226,249
462,29,50,174,206,205,12,139,55,3
462,30,148,190,128,210,135,70,149,243
462,31,120,251,185,130,102,107,230,155
462,32,113,238,99,91,126,158,50,62
462,33,190,41,232,224,38,248,104,12
462,34,97,34,161,88,70,55,171,64
462,35,39,92,99,236,80,20,151,16
462,36,49,207,203,193,202,181,117,42
462,37,15,83,90,241,193,97,48,45
462,38,44,86,39,97,80,126,250,15
462,39,72,36,244,183,15,252,69,220
463,0,2,242,41,152,223,6,234,21
463,1,100,49,145,191,180,173,228,245
463,2,76,139,110,198,150,230,93,235
463,3,155,234,215,66,63,2,218,18
463,4,239,149,169,93,30,63,164,51
463,5,115,81,66,202,165,225,52,150
463,6,245,136,25,115,77,19,134,232
463,7,161,41,130,220,91,243,43,121
463,8,124,194,19,242,13,7,48,45
463,9,4,107,100,105,225,216,14,163
463,10,117,31,204,111,253,35,143,250
463,11,212,103,151,191,94,84,209,240
463,12,219,115,181,234,107,133,55,95
463,13,48,30,226,156,163,125,207,175
463,14,156,235,206,89,168,251,42,199
463,15,22,250,135,207,234,84,63,118
463,16,21,206,90,211,167,8,249,193
463,17,206,50,231,49,205,23,78,56
463,18,135,190,211,238,73,12,189,222
463,19,251,155,181,111,71,102,159,179
463,20,13,242,124,194,19,201,43,236
463,21,4,89,107,105,216,163,43,102
463,22,216,117,204,17,35,31,253,143
463,23,151,136,116,208,59,113,212,209
463,24,219,181,115,128,119,95,234,7
463,25,48,163,19,30,22,97,41,156
463,26,174,89,206,14,156,168,61,218
463,27,22,207,250,84,135,234,7,40
463,28,193,82,206,212,21,196,167,90
463,29,78,88,61,49,50,205,12,3
463,30,148,50,70,135,243,211,238,162
463,31,251,249,185,155,60,230,28,23
463,32,91,179,126,120,131,50,246,104
463,33,250,104,38,181,248,161,5,36
463,34,227,44,109,171,238,67,55,28
463,35,92,148,16,46,236,145,20,74
463,36,202,39,115,203,49,147,227,187
463,37,83,27,15,48,101,60,241,193
463,38,44,39,97,15,162,250,126,169
463,39,75,179,252,220,224,125,15,8
464,0,166,97,142,113,150,215,149,205
464,1,59,64,34,87,26,227,139,177
464,2,235,35,128,252,242,0,19,200
464,3,146,211,46,76,31,234,37,162
464,4,167,161,14,30,67,81,65,240
464,5,224,66,6,235,130,104,5,237
464,6,245,136,54,115,142,167,62,9
464,7,91,1,83,220,210,41,161,237
464,8,33,124,201,19,13,7,28,88
464,9,39,132,47,13,105,192,29,231
464,10,81,187,216,91,111,143,73,248
464,11,20,94,17,36,185,106,136,212
464,12,121,107,219,35,205,132,234,125
464,13,48,124,30,41,175,51,18,110
464,14,251,235,178,89,186,16,146,60
464,15,22,135,84,207,9,219,192,65
464,16,167,161,90,211,123,3,233,249
464,17,130,50,56,92,147,7,191,205
464,18,12,165,142,190,222,9,17,147
464,19,106,111,175,28,155,65,102,42
464,20,201,207,184,13,33,124,28,217
464,21,192,39,89,13,132,102,237,22
464,22,143,31,73,159,35,81,92,85
464,23,20,94,107,113,67,250,17,212
464,24,35,121,234,181,7,65,132,219
464,25,48,30,51,41,123,22,50,29
464,26,174,89,218,235,251,14,168,75
464,27,65,135,84,118,88,71,22,7
464,28,167,206,188,90,156,199,21,237
464,29,50,205,172,110,174,147,3,139
464,30,148,190,70,187,243,128,211,103
464,31,251,120,130,155,185,102,203,230
464,32,113,238,99,91,126,62,50,131
464,33,190,232,224,38,41,248,104,205
464,34,88,161,97,34,55,67,171,220
464,35,92,39,145,236,16,20,99,2
464,36,207,49,202,203,152,193,246,211
464,37,15,83,60,174,161,241,193,90
464,38,80,44,71,97,234,39,30,9
464,39,72,244,183,36,92,69,250,252
465,0,242,2,31,6,188,66,152,155
465,1,42,117,118,191,84,198,213,105
465,2,110,198,76,86,235,150,230,92
465,3,155,234,215,218,63,76,141,247
465,4,239,164,63,30,169,118,218,149
465,5,202,165,225,5,81,52,66,181
465,6,136,19,92,3,62,115,9,232
465,7,161,91,2,243,41,210,220,131
465,8,124,194,13,190,201,48,217,214
465,9,14,105,47,231,4,107,163,216
465,10,253,81,161,111,218,85,204,114
465,11,116,142,191,212,195,10,3,66
465,12,219,115,35,181,234,67,95,7
465,13,22,48,41,219,142,30,38,100
465,14,156,235,89,38,174,206,14,37
465,15,250,103,135,118,22,248,236,234
465,16,90,8,211,206,199,147,167,96
465,17,49,231,230,205,174,197,218,137
465,18,135,148,210,189,190,188,70,243
465,19,155,71,102,46,159,91,185,251
465,20,45,194,13,190,236,124,19,35
465,21,216,89,4,163,107,231,236,14
465,22,253,218,0,200,204,97,140,85
465,23,116,212,15,190,94,113,240,142
465,24,219,181,121,7,183,35,95,67
465,25,163,48,22,30,249,100,196,219
465,26,174,89,168,237,206,227,22,156
465,27,236,40,118,234,103,135,133,22
465,28,199,226,8,206,90,21,167,230
465,29,49,12,138,55,169,205,231,173
465,30,210,135,4,189,148,84,243,149
465,31,196,185,251,159,60,71,46,155
465,32,86,146,91,126,61,162,243,50
465,33,189,248,36,97,38,6,3,181
465,34,238,28,255,90,212,209,146,171
465,35,92,49,100,220,236,123,148,16
465,36,147,227,234,203,42,187,139,39
465,37,78,193,83,45,15,27,48,7
465,38,215,14,15,162,44,139,39,167
465,39,158,252,220,72,224,165,36,61
466,0,96,226,117,243,185,68,187,171
466,1,209,230,13,166,183,96,94,117
466,2,39,169,196,149,128,226,81,135
466,3,166,170,234,75,195,246,221,17
466,4,55,239,182,8,139,123,159,228
466,5,223,202,225,181,165,130,81,239
466,6,3,114,232,77,76,136,16,115
466,7,161,243,43,237,41,220,19,121
466,8,124,194,193,190,19,214,68,201
466,9,19,206,107,216,231,100,137,4
466,10,163,111,253,103,81,204,59,187
466,11,130,191,18,116,212,142,94,113
466,12,219,67,107,234,95,181,35,144
466,13,200,48,100,22,193,226,120,67
466,14,38,174,89,14,168,156,251,206
466,15,103,135,250,118,22,54,133,241
466,16,8,90,199,232,206,211,21,167
466,17,155,174,137,230,205,231,218,23
466,18,135,4,70,87,251,210,243,190
466,19,155,102,251,46,230,196,96,132
466,20,194,13,45,236,19,190,124,112
466,21,216,89,19,206,163,107,4,231
466,22,163,103,253,15,97,200,182,204
466,23,18,212,130,142,94,101,113,240
466,24,219,107,67,121,29,45,181,37
466,25,163,48,196,67,30,125,207,200
466,26,89,174,168,237,38,33,183,79
466,27,103,236,40,118,135,211,133,7
466,28,226,8,232,199,129,206,90,21
466,29,155,55,174,138,102,12,205,169
466,30,4,210,6,84,70,243,87,211
466,31,196,46,155,233,185,71,251,129
466,32,175,17,37,126,61,243,194,91
466,33,214,23,248,117,94,185,38,3
466,34,58,187,54,209,19,146,182,28
466,35,92,7,100,123,98,220,161,236
466,36,245,0,203,42,139,253,35,8
466,37,164,84,220,7,83,210,90,45
466,38,14,136,15,162,167,22,44,39
466,39,16,252,145,220,23,36,61,52
467,0,122,115,152,2,41,104,55,151
467,1,153,42,28,117,105,48,190,154
467,2,47,39,185,95,115,125,139,36
467,3,234,166,63,197,82,81,218,78
467,4,180,149,30,233,169,63,136,110
467,5,202,82,223,225,130,165,181,73
467,6,76,77,114,70,25,27,232,115
467,7,130,1,220,43,237,83,32,95
467,8,124,194,201,19,193,68,13,45
467,9,216,34,137,4,65,73,107,43
467,10,103,111,204,15,143,187,59,67
467,11,146,212,191,113,240,37,94,229
467,12,219,107,48,234,166,181,58,36
467,13,196,48,67,193,163,117,191,125
467,14,174,79,237,14,89,13,251,168
467,15,133,40,118,135,236,9,22,18
467,16,226,8,199,129,90,21,206,82
467,17,55,174,138,118,240,12,23,206
467,18,4,135,210,66,70,243,84,178
467,19,196,46,47,230,155,251,206,1
467,20,45,236,13,194,106,190,149,124
467,21,216,163,89,242,80,65,128,231
467,22,103,15,67,109,253,200,154,244
467,23,146,37,212,197,240,190,65,113
467,24,219,45,37,166,58,157,119,107
467,25,196,48,222,193,0,67,163,213
467,26,174,237,89,168,33,183,79,13
467,27,40,236,79,211,118,7,18,135
467,28,226,129,138,228,199,82,8,206
467,29,55,174,138,78,12,106,169,3
467,30,4,210,66,151,70,183,209,84
467,31,196,155,46,60,99,182,177,185
467,32,144,14,126,61,197,28,243,175
467,33,185,103,161,248,3,38,12,198
467,34,143,18,11,209,227,146,125,103
467,35,92,100,123,7,98,242,200,159
467,36,148,139,42,245,35,55,48,242
467,37,7,196,210,162,45,36,59,121
467,38,14,162,167,132,15,124,52,113
467,39,197,252,77,220,52,66,89,61
468,0,13,178,55,47,177,151,134,152
468,1,44,206,70,42,202,15,235,80
468,2,74,245,181,24,47,185,48,215
468,3,145,234,197,63,232,173,72,189
468,4,44,221,169,180,63,99,113,148
468,5,202,201,223,165,181,60,225,3
468,6,70,201,114,9,253,76,25,186
468,7,130,38,246,83,237,220,43,146
468,8,194,124,190,48,13,45,19,214
468,9,231,163,65,216,34,4,16,105
468,10,103,111,204,15,200,67,81,216
468,11,212,146,197,220,10,240,65,37
468,12,219,107,234,157,133,45,48,183
468,13,196,48,125,163,222,193,67,30
468,14,174,89,237,79,168,251,33,14
468,15,135,118,236,40,133,22,142,186
468,16,226,193,90,199,8,206,211,82
468,17,174,55,12,205,230,21,231,23
468,18,4,135,210,151,70,17,216,190
468,19,85,155,196,46,251,230,5,185
468,20,13,45,194,124,236,149,144,201
468,21,163,216,89,231,242,107,4,181
468,22,15,216,253,103,242,67,146,200
468,23,197,201,212,220,190,37,116,222
468,24,219,7,119,128,234,11,157,45
468,25,48,196,163,249,41,19,23,71
468,26,174,89,237,168,13,14,203,235
468,27,40,135,211,7,118,186,236,22
468,28,226,193,199,90,206,190,82,167
468,29,12,88,240,55,21,61,174,138
468,30,4,210,70,50,11,148,162,63
468,31,218,159,46,185,230,5,251,155
468,32,179,109,126,18,85,167,246,62
468,33,102,104,11,139,132,185,3,250
468,34,70,240,67,44,109,64,220,171
468,35,161,92,2,148,236,4,145,74
468,36,202,142,39,115,139,49,152,41
468,37,60,83,27,161,45,174,135,7
468,38,15,167,234,44,113,162,119,80
468,39,252,220,244,179,183,92,122,158
469,0,165,49,233,85,22,227,9,110
469,1,203,232,158,66,117,133,169,223
469,2,169,107,39,164,22,74,59,185
469,3,55,234,166,171,76,92,75,146
469,4,122,65,228,82,164,30,72,159
469,5,249,181,130,225,223,6,161,61
469,6,90,27,115,9,70,77,198,108
469,7,131,44,220,210,1,237,84,2
469,8,45,13,124,248,65,212,193,184
469,9,217,96,231,14,4,80,98,216
469,10,15,62,103,253,216,204,107,182
469,11,142,20,212,173,207,113,197,191
469,12,219,67,234,35,45,7,160,136
469,13,48,100,196,163,67,191,29,41
469,14,174,79,13,213,237,89,14,251
469,15,135,118,40,211,22,7,133,186
469,16,226,147,90,211,167,206,199,21
469,17,12,55,240,174,205,143,11,90
469,18,4,210,190,70,135,17,148,178
469,19,230,46,251,5,185,155,196,211
469,20,45,13,120,236,124,248,149,33
469,21,163,217,216,89,80,242,96,231
469,22,15,253,24,62,103,31,67,204
469,23,190,142,20,212,250,101,236,17
469,24,219,7,183,45,67,236,37,132
469,25,196,100,48,23,163,249,41,191
469,26,174,89,13,33,237,241,14,168
469,27,40,7,211,135,186,118,22,96
469,28,226,237,199,206,21,128,167,96
469,29,55,12,240,104,174,50,206,138
469,30,4,11,210,188,70,190,7,253
469,31,225,199,185,251,155,230,5,159
469,32,48,18,102,126,201,246,221,167
469,33,11,107,121,224,38,3,28,248
469,34,175,70,64,208,95,171,101,220
469,35,161,85,2,94,92,236,4,20
469,36,195,202,246,152,67,139,42,100
469,37,83,60,161,43,45,174,135,7
469,38,234,201,15,167,9,44,30,162
469,39,252,246,215,1,92,220,250,183
470,0,127,63,111,188,172,202,118,71
470,1,203,133,85,117,198,118,7,255
470,2,89,23,169,110,22,117,15,134
470,3,55,116,171,234,20,166,214,109
470,4,12,215,228,71,82,63,30,65
470,5,169,249,130,225,181,253,5,171
470,6,90,235,27,115,73,134,108,192
470,7,131,56,220,84,1,240,210,44
470,8,45,65,13,207,124,214,201,248
470,9,96,239,231,14,4,105,80,16
470,10,15,24,103,153,253,218,31,140
470,11,142,114,207,250,190,173,212,113
470,12,219,45,183,67,234,95,132,37
470,13,196,100,48,163,191,38,67,23
470,14,174,235,79,13,237,33,89,251
470,15,135,211,44,40,7,186,118,22
470,16,226,147,211,90,21,180,199,167
470,17,12,240,55,197,138,190,31,174
470,18,210,4,188,70,231,11,178,190
470,19,5,46,230,185,251,159,245,38
470,20,45,13,120,7,149,236,101,248
470,21,163,80,216,96,242,89,239,133
470,22,15,24,31,140,253,103,51,218
470,23,114,190,101,142,250,212,216,113
470,24,219,7,236,183,45,37,132,72
470,25,196,100,48,23,67,38,31,111
470,26,174,13,33,89,237,241,168,79
470,27,7,211,44,40,186,135,118,22
470,28,226,128,21,237,199,222,206,211
470,29,55,12,218,240,206,138,190,174
470,30,4,210,11,188,70,178,7,190
470,31,71,159,5,199,185,38,87,46
470,32,221,18,48,246,126,102,167,201
470,33,121,107,3,224,38,248,28,96
470,34,81,70,208,64,95,173,209,171
470,35,196,161,92,2,4,94,236,98
470,36,195,246,152,202,139,130,67,42
470,37,161,60,83,7,45,43,135,174
470,38,201,234,167,9,15,162,44,30
470,39,252,246,1,250,92,183,220,72
471,0,234,242,186,2,152,144,41,84
471,1,231,27,35,221,144,150,198,42
471,2,110,23,150,89,230,201,86,224
471,3,234,155,215,66,218,7,2,15
471,4,94,71,164,169,63,30,12,73
471,5,253,130,225,187,82,202,115,5
471,6,178,123,235,115,92,70,35,142
471,7,4,131,84,243,237,1,220,202
471,8,45,124,7,38,242,193,252,101
471,9,96,163,216,220,16,225,4,14
471,10,15,103,117,204,31,182,153,174
471,11,216,116,153,212,190,230,113,250
471,12,219,32,37,217,234,72,45,29
471,13,196,100,48,191,23,67,166,124
471,14,174,235,79,13,237,33,89,72
471,15,135,40,211,7,44,118,133,22
471,16,226,211,21,199,90,128,147,206
471,17,12,240,55,49,190,197,206,90
471,18,4,11,210,70,188,190,135,178
471,19,230,60,46,5,251,155,185,159
471,20,45,13,242,38,7,176,149,248
471,21,163,96,89,80,216,14,242,220
471,22,0,15,103,140,31,253,182,218
471,23,116,190,151,216,212,59,114,186
471,24,219,7,37,72,236,183,95,128
471,25,196,48,100,23,38,111,249,67
471,26,174,89,13,237,33,14,218,72
471,27,7,40,44,211,248,135,5,37
471,28,226,230,21,199,206,83,82,128
471,29,55,49,12,240,174,206,120,138
471,30,4,70,11,50,210,162,190,151
471,31,60,28,185,230,18,71,155,38
471,32,86,126,146,179,176,195,177,167
471,33,36,181,97,38,185,104,37,250
471,34,109,212,238,28,255,173,44,146
471,35,49,92,190,220,148,161,242,123
471,36,147,227,234,42,39,130,139,254
471,37,15,78,7,27,83,87,193,228
471,38,15,167,215,14,162,44,119,75
471,39,252,158,72,220,36,61,224,165
472,0,117,96,226,233,171,80,125,90
472,1,206,96,183,40,13,120,209,57
472,2,224,35,148,242,12,0,205,227
472,3,192,14,91,170,216,76,234,128
472,4,55,71,180,123,119,63,82,239
472,5,225,253,3,187,181,202,66,232
472,6,178,123,90,92,235,115,35,70
472,7,181,220,4,131,243,84,1,237
472,8,124,45,112,120,176,248,193,7
472,9,96,19,216,240,178,163,80,220
472,10,163,15,103,218,153,182,204,7
472,11,18,116,142,130,216,186,250,212
472,12,219,206,67,95,37,234,29,45
472,13,196,100,200,48,193,142,23,191
472,14,174,38,33,237,79,13,14,72
472,15,99,40,7,96,135,211,221,133
472,16,226,78,21,199,211,13,86,128
472,17,55,12,240,174,102,138,190,206
472,18,4,11,188,70,190,210,238,62
472,19,230,251,5,185,46,71,74,155
472,20,45,176,13,112,149,248,120,101
472,21,163,216,80,19,89,96,107,242
472,22,103,15,163,204,140,218,182,67
472,23,18,101,113,142,130,191,190,146
472,24,219,236,203,37,45,183,58,29
472,25,196,48,193,23,21,136,67,213
472,26,174,237,13,33,79,89,14,108
472,27,7,40,99,211,221,10,37,118
472,28,83,226,199,21,206,231,222,129
472,29,55,174,102,206,138,232,12,218
472,30,4,70,6,238,190,210,178,87
472,31,185,28,71,60,230,251,155,120
472,32,17,89,126,176,194,245,102,177
472,33,105,185,12,214,38,168,94,117
472,34,146,187,58,34,54,19,12,70
472,35,92,123,161,220,7,132,131,98
472,36,253,0,42,130,139,8,254,193
472,37,7,83,164,220,84,87,37,90
472,38,14,136,162,15,44,167,22,126
472,39,16,252,23,220,61,145,15,36
473,0,78,136,241,67,89,56,44,194
473,1,166,95,6,165,190,119,117,186
473,2,13,112,159,35,95,224,125,242
473,3,192,14,111,153,76,109,216,239
473,4,253,123,55,82,180,182,63,30
473,5,225,3,174,181,202,130,6,123
473,6,178,129,25,70,115,133,35,77
473,7,220,84,4,0,195,1,243,89
473,8,157,124,45,176,248,101,120,13
473,9,216,210,155,80,225,100,163,232
473,10,68,103,15,12,127,78,144,204
473,11,64,130,113,11,94,212,208,65
473,12,219,107,234,181,172,95,206,37
473,13,42,48,255,196,149,82,191,30
473,14,174,251,14,244,89,16,186,79
473,15,22,135,9,118,207,142,84,63
473,16,90,74,123,167,233,21,206,222
473,17,50,7,92,191,56,147,205,130
473,18,12,222,165,11,70,9,238,190
473,19,106,68,111,155,175,65,28,21
473,20,201,13,7,124,28,88,184,69
473,21,192,89,145,43,105,190,220,234
473,22,31,68,143,175,159,35,51,85
473,23,64,94,113,80,250,212,208,103
473,24,132,121,107,7,181,217,234,219
473,25,42,48,156,30,192,123,51,254
473,26,174,89,33,39,237,186,13,244
473,27,7,40,211,22,118,221,99,205
473,28,199,21,226,83,247,222,206,90
473,29,55,185,174,206,138,232,133,12
473,30,72,4,70,190,238,253,210,221
473,31,251,230,120,185,155,60,28,71
473,32,224,197,126,102,176,167,61,245
473,33,63,185,12,156,38,168,3,105
473,34,152,55,54,70,146,213,188,171
473,35,92,39,161,220,123,100,34,7
473,36,251,239,24,42,139,130,193,254
473,37,50,83,7,90,37,14,241,87
473,38,44,146,14,162,126,86,15,167
473,39,85,252,220,13,15,177,61,36
474,0,134,55,36,139,177,47,20,31
474,1,245,254,101,7,42,113,203,130
474,2,13,182,3,95,201,147,112,47
474,3,234,197,16,243,18,66,215,167
474,4,30,253,169,63,93,51,173,180
474,5,225,202,139,171,3,115,52,66
474,6,25,70,115,186,178,105,62,35
474,7,220,84,1,4,85,130,0,253
474,8,124,176,45,7,248,201,193,236
474,9,220,216,4,163,14,80,43,5
474,10,103,15,117,204,12,17,107,66
474,11,146,208,103,248,113,216,209,94
474,12,219,95,181,107,166,234,133,47
474,13,48,42,196,193,191,123,67,100
474,14,174,251,14,79,13,34,40,205
474,15,7,40,22,135,118,221,211,142
474,16,21,247,226,199,20,222,206,86
474,17,185,206,55,174,78,240,12,36
474,18,4,238,70,190,209,11,253,210
474,19,230,251,206,247,71,254,28,158
474,20,45,18,13,201,176,124,47,236
474,21,163,220,89,216,128,80,43,190
474,22,103,12,15,117,204,194,107,17
474,23,248,208,146,103,113,151,209,156
474,24,47,219,119,166,95,183,181,141
474,25,42,48,196,193,169,23,155,187
474,26,174,93,13,40,237,14,33,218
474,27,7,40,142,99,9,5,221,118
474,28,21,199,56,226,83,138,137,222
474,29,185,55,206,174,78,126,157,3
474,30,209,4,238,70,72,130,66,151
474,31,247,60,185,230,251,71,155,28
474,32,144,126,14,92,16,26,191,176
474,33,185,12,102,181,38,54,103,68
474,34,249,80,152,146,18,72,28,209
474,35,114,185,92,220,161,20,123,136
474,36,79,42,44,37,254,11,139,147
474,37,196,83,214,87,126,7,162,37
474,38,52,87,132,162,14,15,167,44
474,39,251,66,252,77,61,220,15,44
475,0,52,80,194,17,209,128,247,136
475,1,113,7,219,203,87,232,37,39
475,2,176,147,83,51,29,225,27,145
475,3,211,234,146,66,164,63,58,243
475,4,149,253,169,93,30,63,4,194
475,5,225,213,66,115,52,139,6,217
475,6,25,245,115,178,186,134,70,35
475,7,220,1,84,130,253,0,4,150
475,8,124,176,248,7,45,201,13,184
475,9,220,216,80,4,14,43,163,89
475,10,103,117,15,12,204,17,107,66
475,11,208,209,103,146,113,94,248,212
475,12,166,219,234,95,181,107,132,179
475,13,48,42,196,191,67,100,72,193
475,14,174,14,13,251,79,40,244,205
475,15,40,7,221,135,211,118,5,52
475,16,21,226,199,247,206,86,138,128
475,17,185,55,174,206,240,12,138,78
475,18,4,11,70,190,238,253,210,188
475,19,230,206,251,185,254,70,153,5
475,20,45,176,13,242,236,248,106,193
475,21,216,163,80,89,107,242,128,91
475,22,103,15,17,117,67,12,204,182
475,23,146,209,101,113,151,208,65,112
475,24,219,236,45,203,37,183,166,119
475,25,196,48,23,193,42,67,179,21
475,26,174,237,13,33,89,108,79,227
475,27,7,40,211,221,136,99,10,133
475,28,138,83,199,226,206,21,222,40
475,29,55,78,174,185,232,3,138,240
475,30,4,70,253,237,72,210,238,221
475,31,60,185,247,155,50,230,251,71
475,32,75,126,197,14,176,144,16,245
475,33,185,103,5,12,38,63,161,198
475,34,227,152,109,146,11,55,47,209
475,35,92,220,123,7,100,161,242,131
475,36,48,251,42,254,24,130,139,239
475,37,7,162,14,83,37,87,9,45
475,38,14,15,162,124,167,44,126,157
475,39,252,220,13,61,77,15,177,203
476,0,115,2,55,152,50,41,242,177
476,1,44,203,206,101,42,245,10,254
476,2,235,176,242,192,51,199,12,13
476,3,213,234,146,63,243,197,66,132
476,4,253,44,149,30,180,169,63,221
476,5,225,3,6,172,66,202,187,82
476,6,178,70,129,25,115,186,123,152
476,7,1,220,4,130,84,83,57,150
476,8,124,45,7,194,19,214,13,248
476,9,43,216,137,220,242,231,163,225
476,10,103,15,216,204,12,107,117,67
476,11,146,212,113,94,240,65,26,191
476,12,219,234,107,119,181,45,177,32
476,13,48,82,196,117,67,156,21,193
476,14,174,251,79,97,237,33,89,14
476,15,7,40,22,211,135,118,221,142
476,16,226,193,211,199,21,90,206,222
476,17,12,55,240,190,205,138,174,169
476,18,4,151,11,70,210,66,135,190
476,19,230,155,5,251,185,46,49,249
476,20,13,45,7,124,207,194,176,106
476,21,163,89,80,216,181,107,190,220
476,22,216,103,15,81,182,67,140,30
476,23,116,212,146,151,201,59,94,250
476,24,219,128,234,7,32,119,115,183
476,25,97,48,19,100,41,23,30,83
476,26,174,89,171,203,235,14,237,143
476,27,40,135,7,44,118,211,254,5
476,28,193,196,82,206,226,199,167,224
476,29,88,173,12,61,240,49,21,78
476,30,162,50,4,210,70,7,11,14
476,31,185,34,155,18,38,159,230,251
476,32,144,179,125,86,126,176,131,104
476,33,104,185,102,161,132,38,3,36
476,34,238,44,28,173,109,206,227,103
476,35,148,190,92,220,161,74,228,98
476,36,148,227,39,147,115,42,187,142
476,37,78,27,196,193,83,169,101,95
476,38,215,119,169,52,132,15,162,87
476,39,158,252,231,220,197,179,251,44
477,0,229,249,123,196,7,216,242,105
477,1,225,118,231,244,27,93,150,117
477,2,163,100,227,103,4,12,151,162
477,3,133,187,152,235,234,212,31,231
477,4,13,142,236,251,167,30,102,210
477,5,104,6,193,130,202,5,186,224
477,6,167,153,245,9,250,27,178,54
477,7,83,29,210,23,1,146,202,4
477,8,234,7,13,201,207,89,19,190
477,9,29,94,13,105,164,231,47,163
477,10,169,130,81,216,187,103,143,111
477,11,189,94,212,106,95,10,250,107
477,12,219,234,107,35,26,63,121,74
477,13,30,48,43,41,147,175,124,156
477,14,235,178,89,251,60,37,124,61
477,15,135,84,118,81,250,22,63,9
477,16,90,211,249,206,167,8,161,5
477,17,205,250,56,230,130,201,17,61
477,18,135,179,21,211,204,50,57,187
477,19,155,130,42,106,109,160,251,205
477,20,234,190,13,194,207,201,19,28
477,21,29,89,94,164,13,163,47,107
477,22,169,130,35,187,81,198,143,111
477,23,189,94,191,106,212,107,42,95
477,24,219,234,63,26,74,15,35,121
477,25,48,30,43,147,41,161,97,134
477,26,61,89,32,178,124,174,251,24
477,27,84,135,162,118,87,250,81,88
477,28,206,133,5,167,9,90,249,136
477,29,205,250,172,76,3,50,230,223
477,30,179,211,135,187,81,21,70,84
477,31,251,155,130,106,96,205,66,185
477,32,98,131,134,91,99,126,186,106
477,33,183,38,238,232,126,28,116,73
477,34,171,207,84,180,96,34,101,173
477,35,145,20,92,57,153,236,218,80
477,36,120,181,70,203,211,202,119,98
477,37,65,31,190,182,58,143,83,229
477,38,148,92,71,95,10,202,176,61
477,39,2,69,38,217,189,227,78,11
478,0,47,177,158,132,115,235,125,141
478,1,182,244,93,118,155,197,117,233
478,2,93,123,57,100,103,82,29,145
478,3,133,117,234,187,233,235,190,230
478,4,142,236,102,144,128,45,54,95
478,5,193,5,90,47,65,127,43,79
478,6,153,206,60,138,250,22,196,79
478,7,117,29,23,210,83,123,64,147
478,8,234,180,239,116,13,77,4,104
478,9,13,164,191,239,2,89,105,197
478,10,169,88,198,125,35,185,130,195
478,11,106,189,128,95,206,108,107,62
478,12,93,74,128,234,220,107,254,63
478,13,134,147,41,175,30,43,48,97
478,14,51,32,148,137,124,61,89,251
478,15,162,84,87,22,200,165,58,148
478,16,233,133,5,206,43,249,123,9
478,17,250,87,205,76,0,17,3,147
478,18,135,21,211,204,179,170,163,13
478,19,109,116,155,20,215,205,42,167
478,20,13,239,190,234,186,115,116,201
478,21,191,13,89,164,47,94,43,2
478,22,169,35,88,125,187,198,91,143
478,23,128,106,189,94,86,95,206,62
478,24,219,93,234,74,107,220,15,54
478,25,48,134,147,112,30,41,182,43
478,26,61,32,178,89,37,51,159,24
478,27,87,165,84,162,22,88,250,118
478,28,9,43,233,90,46,249,133,158
478,29,201,0,87,205,250,76,5,3
478,30,163,170,211,30,21,81,179,135
478,31,116,155,106,164,215,20,39,66
478,32,134,119,106,90,191,131,91,2
478,33,93,183,220,116,29,38,83,129
478,34,82,207,86,171,1,26,225,85
478,35,57,145,42,22,72,80,206,92
478,36,120,14,70,83,181,134,66,171
478,37,190,104,229,31,182,83,123,2
478,38,27,71,95,148,75,92,243,202
478,39,243,154,69,38,110,12,217,254
479,0,238,43,95,200,112,173,206,89
479,1,118,182,70,117,140,146,11,42
479,2,8,49,133,60,11,121,36,167
479,3,106,234,236,199,226,117,110,233
479,4,45,30,251,129,88,118,165,235
479,5,44,5,202,69,88,65,165,146
479,6,65,22,182,68,142,31,42,14
479,7,83,117,210,10,123,2,105,101
479,8,190,239,13,88,186,201,115,180
479,9,13,47,69,180,105,156,191,169
479,10,88,157,91,125,35,194,187,27
479,11,39,106,188,191,95,94,99,108
479,12,219,107,234,220,155,85,181,18
479,13,48,30,112,41,103,175,220,107
479,14,61,178,37,32,89,251,235,159
479,15,87,135,22,84,250,88,118,172
479,16,90,8,233,249,211,123,206,161
479,17,201,205,5,17,230,56,7,50
479,18,170,135,211,222,21,115,197,204
479,19,167,155,215,109,106,66,111,42
479,20,190,186,201,239,13,88,19,194
479,21,13,156,69,89,105,47,191,43
479,22,91,88,35,157,143,187,73,81
479,23,39,106,94,254,188,212,128,191
479,24,107,220,121,219,65,155,84,54
479,25,48,30,112,226,124,18,207,175
479,26,37,61,178,24,89,159,251,32
479,27,87,22,84,88,113,250,172,219
479,28,233,46,90,9,249,136,167,111
479,29,201,5,7,205,173,23,130,17
479,30,170,81,30,211,163,9,21,28
479,31,106,38,164,155,66,181,39,20
479,32,134,106,60,191,90,142,119,201
479,33,116,220,183,92,83,29,33,229
479,34,225,86,82,93,116,171,34,235
479,35,22,145,59,63,57,60,80,30
479,36,120,14,70,145,2,134,66,29
479,37,190,104,83,37,182,229,184,58
479,38,75,27,213,95,71,148,92,228
479,39,254,243,110,15,69,38,154,12
480,0,191,110,157,242,120,66,152,236
480,1,118,42,117,32,191,124,185,86
480,2,133,188,248,60,79,255,21,139
480,3,234,44,81,58,82,236,17,66
480,4,30,88,194,149,169,218,132,51
480,5,202,44,60,24,88,213,165,203
480,6,158,77,250,142,69,17,187,68
480,7,37,83,1,130,10,95,239,202
480,8,190,201,186,222,88,28,157,13
480,9,156,237,105,192,47,231,14,234
480,10,91,194,73,143,187,81,223,168
480,11,94,27,10,106,99,208,200,154
480,12,107,155,65,121,219,205,22,194
480,13,30,48,226,82,110,18,175,75
480,14,37,61,24,178,251,89,186,218
480,15,87,22,250,84,219,88,135,9
480,16,90,233,8,249,46,9,123,158
480,17,17,201,56,205,130,7,71,147
480,18,211,135,9,113,165,30,251,45
480,19,151,106,155,66,111,107,215,206
480,20,186,201,190,13,28,88,222,236
480,21,156,192,237,43,89,105,234,128
480,22,91,73,143,194,35,223,92,72
480,23,94,99,200,208,106,27,188,69
480,24,65,121,107,155,219,106,22,18
480,25,30,48,51,179,148,18,202,203
480,26,178,251,37,89,61,186,62,218
480,27,219,87,84,88,101,113,22,118
480,28,90,233,46,200,9,40,123,55
480,29,130,7,201,56,32,23,173,211
480,30,9,81,237,165,30,222,158,211
480,31,164,106,102,71,155,107,175,111
480,32,191,106,75,32,134,8,201,217
480,33,161,116,29,12,92,103,5,18
480,34,149,86,109,227,61,34,171,108
480,35,22,206,60,80,145,20,79,30
480,36,14,120,193,117,84,136,251,134
480,37,37,83,58,241,184,220,115,97
480,38,92,59,95,228,126,44,213,250
480,39,15,189,213,2,61,52,254,129
481,0,2,191,120,55,12,41,139,180
481,1,206,118,117,42,60,230,105,88
481,2,129,77,235,132,223,245,106,99
481,3,234,58,213,44,19,66,163,63
481,4,30,149,101,194,206,169,212,223
481,5,24,63,168,149,64,213,88,44
481,6,142,195,158,198,69,71,250,156
481,7,130,217,166,37,1,83,95,55
481,8,186,201,124,190,68,202,28,199
481,9,192,156,128,14,43,237,105,11
481,10,73,223,91,143,92,194,159,42
481,11,94,154,208,17,147,254,110,40
481,12,107,121,65,166,19,155,18,132
481,13,20,48,30,18,203,124,70,244
481,14,235,218,251,186,178,37,89,16
481,15,22,113,192,135,101,219,84,142
481,16,46,90,167,161,233,10,40,123
481,17,130,7,56,206,71,92,205,147
481,18,237,165,9,12,211,238,222,113
481,19,206,106,155,71,111,21,175,144
481,20,186,201,28,202,13,124,88,190
481,21,192,43,156,89,102,128,65,252
481,22,223,73,159,194,143,92,31,17
481,23,94,151,154,208,200,109,209,2
481,24,121,107,65,101,155,47,22,55
481,25,48,30,148,20,203,155,192,18
481,26,251,178,186,218,89,61,119,37
481,27,79,22,219,18,142,101,118,113
481,28,233,90,200,46,21,123,138,10
481,29,130,126,32,7,232,206,56,213
481,30,237,165,9,238,30,70,222,12
481,31,106,102,71,164,155,144,107,175
481,32,191,19,32,217,106,101,14,43
481,33,161,116,12,29,103,225,185,115
481,34,227,249,149,61,18,171,57,222
481,35,22,206,60,20,114,30,80,34
481,36,148,14,251,193,55,117,48,84
481,37,37,196,83,162,14,58,87,184
481,38,132,92,124,59,228,95,126,213
481,39,15,166,189,213,77,61,197,2
482,0,134,55,69,139,151,116,239,250
482,1,137,206,133,105,230,157,119,69
482,2,99,4,54,113,129,77,203,1
482,3,234,19,66,44,58,199,107,113
482,4,30,44,169,221,194,113,51,2
482,5,24,63,149,44,168,203,46,228
482,6,142,69,128,158,250,117,59,251
482,7,130,217,37,83,95,1,38,239
482,8,186,201,124,88,236,28,207,68
482,9,192,156,14,128,43,105,196,162
482,10,73,92,91,223,194,143,85,35
482,11,94,154,208,147,17,113,212,254
482,12,121,107,65,18,84,125,147,155
482,13,48,30,124,122,244,51,203,20
482,14,251,186,218,178,235,89,16,169
482,15,22,135,192,113,142,84,219,118
482,16,90,167,46,161,233,123,211,55
482,17,130,7,92,56,213,205,23,147
482,18,12,165,9,222,211,238,70,113
482,19,144,106,155,111,102,175,68,71
482,20,186,201,13,28,202,124,88,190
482,21,192,43,105,89,252,220,14,234
482,22,73,92,223,143,194,159,91,35
482,23,154,94,212,255,113,151,220,2
482,24,65,107,121,84,155,148,248,199
482,25,48,30,101,20,148,18,156,192
482,26,251,178,218,61,89,37,32,186
482,27,87,84,22,88,118,239,219,113
482,28,233,46,90,9,200,167,55,249
482,29,214,7,205,10,32,173,71,211
482,30,81,211,197,165,50,99,115,9
482,31,164,144,155,181,106,39,251,71
482,32,191,106,134,19,28,201,148,111
482,33,116,151,29,225,92,139,119,90
482,34,48,171,86,61,57,240,28,6
482,35,114,145,20,22,80,79,30,60
482,36,14,39,120,134,136,211,29,142
482,37,190,229,184,193,123,83,145,37
482,38,95,92,149,242,143,18,168,213
482,39,75,197,129,189,15,37,218,163
483,0,242,108,79,249,135,197,179,48
483,1,118,97,62,70,105,117,239,75
483,2,133,88,17,40,198,4,87,64
483,3,129,59,37,211,234,110,146,199
483,4,241,30,129,161,251,131,108,102
483,5,44,88,149,24,104,46,65,63
483,6,69,250,59,142,128,156,42,255
483,7,37,83,10,1,91,105,23,95
483,8,186,190,201,13,88,69,222,28
483,9,13,29,69,39,156,105,237,47
483,10,91,73,194,169,35,92,70,187
483,11,94,106,154,99,10,107,42,189
483,12,65,205,107,121,220,22,155,219
483,13,30,48,18,160,226,43,20,175
483,14,37,32,178,218,251,61,89,119
483,15,87,22,84,88,250,192,135,219
483,16,249,233,90,161,9,8,167,123
483,17,17,201,205,56,7,250,71,193
483,18,211,170,197,113,135,12,21,57
483,19,155,106,107,111,40,215,66,109
483,20,186,190,13,201,239,88,69,28
483,21,13,237,156,89,47,105,39,29
483,22,91,35,70,73,198,72,143,187
483,23,94,106,86,174,154,107,189,128
483,24,65,155,107,121,219,205,220,181
483,25,48,30,18,43,147,220,175,20
483,26,32,61,178,89,37,218,251,75
483,27,87,23,88,84,250,65,165,101
483,28,136,9,249,206,90,167,233,200
483,29,211,205,201,50,3,0,147,223
483,30,170,211,115,163,21,220,85,135
483,31,155,106,251,130,164,66,96,215
483,32,134,192,91,131,191,106,148,66
483,33,126,92,38,183,210,253,190,28
483,34,91,171,180,45,88,33,101,207
483,35,145,153,72,92,20,80,221,252
483,36,2,120,207,202,203,119,83,14
483,37,65,229,72,31,48,190,83,43
483,38,168,93,196,95,134,71,176,191
483,39,241,9,228,10,68,129,225,95
484,0,158,141,132,115,208,235,47,125
484,1,182,118,62,117,105,244,70,155
484,2,95,248,87,129,109,88,198,29
484,3,234,37,236,187,235,59,128,230
484,4,251,142,30,102,222,129,15,95
484,5,88,44,5,193,65,47,90,6
484,6,69,31,250,142,22,60,138,156
484,7,117,37,10,83,64,23,123,29
484,8,239,190,13,180,186,234,83,116
484,9,191,13,239,2,164,203,38,47
484,10,125,91,157,198,169,35,88,27
484,11,106,108,86,189,128,206,188,99
484,12,93,220,234,219,54,107,151,74
484,13,220,30,134,48,29,41,112,175
484,14,32,37,89,61,178,51,159,251
484,15,87,250,84,22,88,135,165,172
484,16,233,9,43,90,206,249,8,211
484,17,201,5,250,205,17,0,193,87
484,18,170,197,163,211,15,115,135,21
484,19,116,109,167,155,215,20,106,42
484,20,186,239,13,190,201,4,88,19
484,21,13,191,47,89,203,239,2,164
484,22,35,125,91,169,198,143,187,157
484,23,106,128,94,86,189,42,62,107
484,24,93,220,65,107,54,74,234,151
484,25,48,30,220,147,134,107,182,175
484,26,32,61,37,178,89,51,149,159
484,27,87,165,88,84,22,172,162,250
484,28,43,90,46,233,9,136,167,249
484,29,0,250,205,87,50,5,7,201
484,30,81,163,211,21,170,197,30,179
484,31,116,164,39,20,155,106,181,109
484,32,106,134,119,90,191,192,131,91
484,33,93,183,116,238,49,129,86,38
484,34,171,82,207,180,86,96,93,1
484,35,145,57,153,22,20,42,80,40
484,36,120,14,70,181,211,192,203,83
484,37,190,113,31,229,104,83,143,145
484,38,243,27,71,95,18,148,213,92
484,39,69,243,38,154,110,12,217,46
485,0,238,43,200,206,95,30,112,173
485,1,118,117,70,182,140,105,146,213
485,2,49,133,8,11,219,222,61,167
485,3,236,106,234,233,129,224,117,82
485,4,244,251,30,129,88,45,58,235
485,5,44,69,88,5,65,46,152,218
485,6,69,68,31,22,65,14,169,203
485,7,37,117,83,10,105,123,64,90
485,8,190,239,186,13,115,180,83,201
485,9,13,191,69,180,47,239,2,156
485,10,157,91,88,125,27,194,240,35
485,11,106,39,42,107,95,94,99,27
485,12,220,107,65,205,18,121,22,85
485,13,30,48,18,41,156,103,110,138
485,14,251,178,75,235,186,61,32,218
485,15,22,87,88,84,113,135,207,192
485,16,167,233,90,249,161,46,123,211
485,17,50,56,5,17,7,205,92,147
485,18,12,170,165,197,211,222,21,103
485,19,111,68,106,155,175,167,40,107
485,20,186,201,239,88,13,184,28,69
485,21,13,105,203,192,145,89,191,156
485,22,91,35,73,143,72,236,114,159
485,23,94,42,106,147,39,154,107,17
485,24,121,65,107,220,84,155,132,46
485,25,48,30,18,124,123,156,51,226
485,26,61,251,178,37,32,75,186,89
485,27,87,22,88,84,113,239,49,219
485,28,167,46,90,136,233,211,55,249
485,29,50,250,173,7,23,5,205,231
485,30,81,170,21,211,28,30,70,179
485,31,39,106,164,181,91,175,251,68
485,32,106,134,60,119,201,191,96,90
485,33,183,116,58,232,238,92,190,86
485,34,82,171,86,207,93,116,180,34
485,35,22,145,57,20,153,218,80,60
485,36,120,14,211,70,2,181,117,202
485,37,190,104,31,143,145,182,83,58
485,38,27,213,71,75,148,92,95,18
485,39,69,243,110,38,12,15,217,254
486,0,110,127,157,40,147,22,236,106
486,1,117,118,42,105,226,19,72,191
486,2,133,188,60,58,255,49,219,11
486,3,236,234,19,214,58,117,171,202
486,4,122,30,88,172,118,139,251,194
486,5,147,44,18,11,88,114,46,100
486,6,69,147,142,42,117,68,250,65
486,7,37,10,1,83,95,101,239,2
486,8,122,201,186,190,88,214,207,69
486,9,156,217,105,178,13,14,98,231
486,10,142,91,62,72,114,51,194,168
486,11,27,69,247,236,255,66,94,107
486,12,155,65,132,43,22,133,107,121
486,13,48,30,18,81,110,226,22,1
486,14,37,251,218,24,89,75,61,186
486,15,22,120,88,84,135,71,118,250
486,16,46,90,167,55,119,249,211,136
486,17,50,56,205,17,7,92,248,88
486,18,158,135,165,211,30,159,162,113
486,19,34,119,155,71,66,181,111,38
486,20,186,201,184,13,236,190,207,28
486,21,217,105,14,156,237,231,178,196
486,22,72,142,62,114,81,7,91,51
486,23,69,27,247,94,255,147,10,66
486,24,65,155,132,219,147,133,107,19
486,25,48,1,30,18,51,113,22,59
486,26,251,37,218,178,89,61,157,241
486,27,120,88,171,239,84,118,101,135
486,28,46,90,119,211,55,136,99,167
486,29,188,7,173,23,92,56,90,206
486,30,158,135,81,159,211,30,142,70
486,31,71,91,106,181,68,66,175,251
486,32,106,201,96,42,91,186,32,116
486,33,151,58,11,116,28,232,248,49
486,34,12,56,95,180,171,45,101,205
486,35,145,153,99,218,20,22,236,85
486,36,211,117,212,14,172,202,181,126
486,37,31,174,83,220,143,67,84,37
486,38,195,101,213,196,126,44,205,157
486,39,241,9,15,146,68,223,10,67
487,0,110,69,57,165,98,140,127,250
487,1,135,117,35,222,118,105,137,63
487,2,113,101,81,179,240,133,181,224
487,3,70,42,171,234,107,19,85,63
487,4,122,58,254,172,74,30,17,138
487,5,144,24,11,169,147,88,18,114
487,6,147,69,142,87,198,73,42,243
487,7,37,56,1,10,95,83,146,237
487,8,201,122,186,214,184,69,88,190
487,9,105,148,217,14,231,192,156,237
487,10,73,91,142,72,24,92,114,51
487,11,210,154,94,69,255,147,27,247
487,12,65,84,155,121,107,132,12,133
487,13,30,48,124,1,110,81,18,175
487,14,251,178,218,186,89,235,37,169
487,15,22,203,113,84,239,192,101,71
487,16,167,46,161,55,90,211,249,123
487,17,56,92,7,130,50,23,191,213
487,18,12,165,222,9,162,158,30,113
487,19,111,68,119,175,106,34,155,71
487,20,201,186,184,88,13,28,107,69
487,21,148,105,192,145,14,102,89,196
487,22,73,92,114,24,31,51,91,72
487,23,210,147,154,255,94,69,109,84
487,24,65,84,132,107,121,155,12,57
487,25,48,30,1,156,148,18,51,59
487,26,251,37,178,186,61,218,75,156
487,27,203,171,239,22,113,88,84,219
487,28,161,46,167,211,90,249,99,55
487,29,188,214,23,7,50,92,17,173
487,30,158,135,71,81,211,30,28,60
487,31,91,199,71,181,251,68,175,66
487,32,106,201,91,221,48,32,18,212
487,33,96,58,151,116,107,121,248,253
487,34,208,95,12,56,175,171,252,108
487,35,99,85,22,218,20,236,132,92
487,36,211,117,195,246,202,152,172,14
487,37,56,161,67,174,143,83,158,60
487,38,195,101,234,201,9,30,213,44
487,39,246,15,1,215,250,92,183,125
488,0,228,102,84,14,127,80,21,176
488,1,29,135,118,65,117,251,111,105
488,2,101,15,113,179,108,133,141,240
488,3,171,116,42,20,199,234,70,38
488,4,112,74,58,30,215,172,79,12
488,5,169,144,11,24,18,88,44,216
488,6,147,136,142,73,42,174,69,243
488,7,37,56,10,95,1,217,83,172
488,8,120,186,201,190,214,88,13,103
488,9,105,14,148,231,192,237,156,128
488,10,142,24,114,91,72,7,51,73
488,11,210,114,69,147,236,154,247,66
488,12,155,65,84,206,132,57,121,12
488,13,48,1,30,81,18,70,67,113
488,14,218,37,251,178,119,61,42,186
488,15,203,22,239,84,21,118,61,71
488,16,46,90,167,211,249,136,55,161
488,17,188,197,50,56,7,205,23,88
488,18,158,165,211,162,28,73,135,12
488,19,91,181,34,119,155,38,71,111
488,20,186,184,201,13,120,28,107,236
488,21,105,148,14,192,231,4,89,236
488,22,114,24,72,7,142,31,73,85
488,23,210,147,114,69,94,154,247,212
488,24,65,206,84,155,57,132,147,219
488,25,48,1,30,113,51,18,22,38
488,26,251,37,178,61,218,83,89,119
488,27,203,239,118,234,88,101,22,84
488,28,161,90,46,211,13,249,136,167
488,29,188,7,23,206,231,173,17,56
488,30,135,158,28,30,211,165,189,60
488,31,91,71,251,181,185,66,175,155
488,32,221,201,91,106,32,212,18,61
488,33,96,121,151,116,168,107,58,248
488,34,208,81,56,95,15,171,28,45
488,35,99,218,20,80,236,22,39,92
488,36,211,117,195,49,202,212,152,246
488,37,193,67,174,161,143,83,15,45
488,38,101,9,234,30,213,44,126,39
488,39,15,250,92,72,244,183,223,115
489,0,186,144,84,242,234,155,188,92
489,1,29,251,111,198,42,118,126,117
489,2,101,212,15,150,230,86,236,84
489,3,42,155,44,20,234,107,19,58
489,4,112,94,30,71,98,218,194,58
489,5,144,165,81,18,168,52,96,202
489,6,147,136,142,42,172,84,128,200
489,7,37,243,146,181,10,13,83,95
489,8,184,190,201,235,48,186,214,50
489,9,14,105,231,237,54,224,128,81
489,10,81,85,142,91,114,187,7,72
489,11,10,153,147,145,3,69,94,116
489,12,219,155,65,84,12,147,205,181
489,13,48,30,113,1,110,175,81,70
489,14,37,251,178,156,119,89,218,42
489,15,203,250,84,118,22,71,239,146
489,16,90,46,211,249,226,167,66,161
489,17,56,205,197,188,74,50,88,71
489,18,135,158,30,211,73,165,189,177
489,19,71,91,119,155,34,38,111,181
489,20,184,186,201,13,190,159,236,88
489,21,14,105,231,237,89,57,156,43
489,22,0,85,114,81,72,142,152,187
489,23,147,15,94,153,212,10,69,93
489,24,65,205,219,12,155,132,84,106
489,25,48,30,1,113,124,51,18,59
489,26,83,218,251,37,119,178,89,61
489,27,248,118,22,135,84,88,21,171
489,28,90,46,230,66,211,233,41,249
489,29,188,7,173,56,201,74,230,206
489,30,135,158,69,30,28,81,60,211
489,31,71,60,66,251,38,106,68,155
489,32,162,195,86,148,201,106,146,91
489,33,189,97,37,116,36,6,248,38
489,34,212,90,45,255,28,171,203,187
489,35,49,22,92,20,66,145,80,17
489,36,234,0,147,172,117,39,151,14
489,37,220,84,83,207,25,250,165,37
489,38,196,8,197,10,36,222,67,61
489,39,23,45,224,241,235,115,15,198
490,0,157,212,250,110,57,218,33,198
490,1,166,40,234,209,222,96,206,105
490,2,39,128,120,238,135,200,129,106
490,3,42,166,44,234,105,153,247,132
490,4,98,30,180,138,156,136,194,74
490,5,178,144,165,31,19,250,236,202
490,6,147,42,84,142,136,178,59,172
490,7,37,10,90,83,208,155,243,13
490,8,157,201,190,120,184,214,186,50
490,9,14,105,54,231,148,237,57,224
490,10,81,46,142,187,68,85,91,72
490,11,93,10,147,94,64,212,3,210
490,12,205,219,121,107,194,65,133,132
490,13,30,48,124,110,175,164,59,122
490,14,251,37,186,178,89,61,235,75
490,15,135,22,84,118,9,250,88,71
490,16,167,211,249,90,46,123,8,3
490,17,104,56,201,213,17,92,50,66
490,18,135,21,142,222,165,9,12,30
490,19,225,155,38,106,40,253,111,175
490,20,201,207,186,88,13,28,190,236
490,21,231,105,237,192,89,43,148,13
490,22,81,7,85,72,31,159,107,143
490,23,94,10,147,93,212,225,116,2
490,24,65,219,205,107,133,132,57,121
490,25,48,30,124,219,140,164,110,59
490,26,251,89,37,235,178,218,157,73
490,27,135,239,9,118,84,87,101,22
490,28,90,211,46,55,167,8,99,233
490,29,173,104,7,88,23,49,169,235
490,30,81,28,162,158,165,73,142,50
490,31,225,38,68,39,106,40,111,71
490,32,148,106,201,86,246,46,32,157
490,33,116,132,18,6,36,58,238,113
490,34,45,171,28,44,180,90,217,238
490,35,145,22,20,153,148,80,190,30
490,36,120,39,227,211,14,115,255,85
490,37,190,16,27,143,250,232,95,101
490,38,196,75,61,67,36,21,206,8
490,39,75,10,15,117,91,163,139,223
491,0,97,166,113,142,205,123,10,210
491,1,199,34,62,26,85,118,105,59
491,2,117,39,120,64,162,129,35,252
491,3,42,211,31,37,234,135,84,166
491,4,17,161,251,167,131,30,105,170
491,5,178,144,14,10,44,204,165,236
491,6,147,42,142,136,243,84,172,167
491,7,37,40,91,83,10,146,27,1
491,8,201,190,214,203,50,184,120,35
491,9,39,14,105,217,13,231,156,224
491,10,142,114,91,72,81,62,1,31
491,11,203,147,236,109,66,10,20,250
491,12,65,132,205,155,35,133,22,12
491,13,18,30,48,113,160,124,1,12
491,14,37,251,218,178,101,186,89,75
491,15,120,22,65,88,146,71,84,61
491,16,46,90,167,211,55,249,35,135
491,17,56,50,92,213,7,173,17,132
491,18,165,90,30,135,73,142,12,9
491,19,38,68,155,111,71,119,34,40
491,20,201,186,35,184,88,13,28,236
491,21,105,14,145,39,192,237,217,196
491,22,62,72,114,31,51,159,143,142
491,23,203,94,147,42,66,109,101,200
491,24,65,132,133,107,121,19,155,22
491,25,48,30,18,51,29,22,156,123
491,26,251,178,186,241,218,75,37,89
491,27,120,88,22,192,65,113,207,142
491,28,46,90,211,99,167,136,233,55
491,29,7,173,92,23,56,50,90,206
491,30,81,142,222,103,12,165,73,9
491,31,68,91,106,130,71,111,39,181
491,32,106,201,96,148,186,32,62,134
491,33,116,190,58,232,238,28,86,151
491,34,88,180,45,34,171,95,56,207
491,35,145,22,153,218,20,80,30,151
491,36,120,14,207,211,117,181,202,193
491,37,190,31,143,37,174,84,161,83
491,38,213,44,71,126,196,75,250,67
491,39,241,9,15,146,68,72,125,61
492,0,57,110,6,56,127,147,191,165
492,1,242,118,112,158,199,250,191,73
492,2,33,64,133,198,239,134,117,87
492,3,70,171,19,121,153,189,194,90
492,4,17,74,122,254,30,251,138,83
492,5,144,24,44,11,169,100,178,10
492,6,142,42,147,73,84,69,59,198
492,7,40,37,56,1,10,91,83,95
492,8,201,186,207,190,69,184,88,222
492,9,148,105,217,13,192,14,156,237
492,10,73,91,24,114,72,92,252,46
492,11,210,147,154,94,236,66,203,17
492,12,121,107,84,132,65,133,155,18
492,13,48,30,124,110,173,18,175,226
492,14,251,178,235,186,89,218,119,61
492,15,203,22,192,135,101,61,9,142
492,16,167,161,90,46,123,249,233,55
492,17,130,50,56,214,7,92,191,205
492,18,12,165,222,9,28,211,21,113
492,19,106,111,175,155,68,15,144,40
492,20,201,186,207,88,13,28,184,202
492,21,148,192,105,89,14,102,145,4
492,22,73,92,252,143,114,72,91,24
492,23,147,210,154,94,17,93,203,255
492,24,84,65,121,132,107,181,19,190
492,25,48,30,18,51,124,156,137,148
492,26,251,178,75,61,241,186,37,218
492,27,203,88,22,113,84,239,207,192
492,28,211,167,90,161,46,136,249,99
492,29,214,7,50,23,56,173,206,92
492,30,81,103,222,211,12,9,165,73
492,31,91,68,175,181,71,39,251,107
492,32,201,106,221,62,48,212,91,32
492,33,96,58,116,121,151,107,28,205
492,34,226,208,95,56,175,171,70,34
492,35,22,85,218,99,20,80,151,236
492,36,195,211,117,1,14,246,202,152
492,37,161,67,56,174,143,83,60,43
492,38,195,201,234,9,44,30,213,101
492,39,246,1,250,15,92,215,183,37
493,0,84,186,127,242,63,144,188,157
493,1,29,111,198,117,65,118,185,255
493,2,133,33,15,64,134,230,240,104
493,3,214,70,116,171,58,234,44,20
493,4,74,112,71,98,30,94,194,172
493,5,254,253,100,144,169,44,18,88
493,6,42,73,142,147,117,198,135,56
493,7,40,56,10,1,37,7,190,95
493,8,65,186,69,201,184,207,38,49
493,9,14,145,105,192,128,148,237,231
493,10,114,24,51,72,91,85,73,246
493,11,114,236,147,210,156,66,250,207
493,12,132,84,206,65,190,155,35,19
493,13,48,199,137,30,38,18,1,81
493,14,251,218,241,220,235,186,169,178
493,15,203,44,113,88,22,84,9,239
493,16,46,167,211,90,55,188,119,136
493,17,197,50,7,92,56,23,132,205
493,18,12,222,165,135,73,142,103,113
493,19,68,71,178,111,119,175,181,65
493,20,201,186,65,13,207,43,184,88
493,21,145,14,105,192,148,96,89,57
493,22,114,246,51,0,24,85,72,73
493,23,147,114,210,94,15,156,154,207
493,24,132,65,206,121,84,190,133,19
493,25,48,30,51,199,156,18,137,38
493,26,186,251,218,241,178,169,199,220
493,27,203,44,239,113,192,207,186,219
493,28,90,99,161,211,46,249,167,13
493,29,7,206,23,56,92,90,50,191
493,30,103,81,222,165,215,69,12,73
493,31,71,68,91,111,179,175,107,181
493,32,201,195,106,221,62,246,32,191
493,33,116,58,96,121,107,37,6,97
493,34,95,81,90,208,56,212,171,255
493,35,8,22,49,20,132,218,236,80
493,36,117,0,211,234,14,195,202,39
493,37,220,84,83,161,174,143,56,87
493,38,213,44,126,234,35,201,101,39
493,39,15,23,241,125,248,1,127,246
494,0,84,110,57,165,250,56,157,59
494,1,120,40,92,185,96,32,209,144
494,2,142,236,33,234,101,94,214,240
494,3,214,44,70,234,194,123,121,58
494,4,112,138,71,74,30,98,156,164
494,5,253,236,144,81,169,202,165,35
494,6,42,142,73,126,200,147,198,59
494,7,10,243,40,83,1,95,202,7
494,8,65,186,69,201,88,207,222,43
494,9,145,14,105,148,192,237,128,231
494,10,46,85,114,91,246,158,51,143
494,11,94,147,114,93,210,236,250,116
494,12,132,65,155,133,206,205,121,107
494,13,48,199,30,137,18,110,82,143
494,14,251,199,156,186,169,89,42,178
494,15,22,113,203,84,44,9,239,13
494,16,167,233,90,123,99,46,249,224
494,17,50,191,23,7,56,92,197,104
494,18,12,222,21,103,73,165,28,56
494,19,111,68,181,175,179,71,155,119
494,20,186,65,201,13,207,28,43,69
494,21,105,145,14,148,162,57,89,4
494,22,246,0,46,114,85,51,72,107
494,23,147,94,15,116,93,210,208,114
494,24,65,132,206,190,121,205,133,57
494,25,48,18,30,137,51,224,199,229
494,26,218,251,89,156,169,220,186,199
494,27,44,203,84,88,146,239,49,38
494,28,90,46,99,167,233,55,211,193
494,29,7,206,23,92,90,88,56,49
494,30,81,50,103,165,69,73,28,21
494,31,71,68,106,111,179,38,39,107
494,32,106,201,86,125,62,191,131,32
494,33,116,96,6,36,104,97,193,115
494,34,90,95,44,28,171,238,20,96
494,35,145,22,148,190,8,49,20,80
494,36,39,120,14,227,147,115,117,103
494,37,190,27,193,15,78,83,250,16
494,38,215,213,75,196,197,35,18,61
494,39,231,15,197,158,117,224,179,235
495,0,242,123,249,229,196,105,7,216
495,1,118,225,231,105,27,62,150,117
495,2,4,17,162,129,179,236,210,117
495,3,133,187,31,152,37,84,234,235
495,4,30,167,251,222,142,13,85,170
495,5,104,236,253,44,88,204,144,178
495,6,142,42,167,200,59,178,107,61
495,7,29,37,1,10,83,169,239,95
495,8,234,186,69,201,207,88,190,89
495,9,13,29,94,105,145,237,14,231
495,10,169,1,91,85,114,72,130,246
495,11,147,250,189,94,236,95,103,185
495,12,65,132,133,35,205,26,121,155
495,13,30,48,43,18,124,160,59,137
495,14,251,61,218,178,89,32,37,186
495,15,22,88,87,84,113,239,9,146
495,16,46,233,90,167,249,123,211,9
495,17,50,17,92,56,7,213,205,61
495,18,50,12,222,21,187,165,113,103
495,19,130,111,155,68,40,119,39,181
495,20,186,201,13,207,234,88,69,4
495,21,105,145,29,94,89,13,14,192
495,22,72,169,246,114,91,35,130,143
495,23,189,94,147,250,42,106,236,95
495,24,65,132,26,63,121,107,128,133
495,25,48,43,30,18,147,29,124,51
495,26,32,178,156,218,124,251,89,186
495,27,87,88,84,81,22,239,192,49
495,28,90,46,5,167,211,136,99,133
495,29,23,7,250,172,50,173,90,17
495,30,81,28,21,187,179,222,9,103
495,31,130,179,181,106,175,39,38,68
495,32,106,134,98,201,99,96,246,186
495,33,232,183,116,58,28,238,126,248
495,34,34,84,171,180,207,86,235,56
495,35,218,145,80,20,236,153,22,63
495,36,211,120,14,202,117,181,70,193
495,37,190,143,174,87,161,31,83,45
495,38,213,75,71,92,44,148,95,39
495,39,2,189,15,69,38,213,61,217
496,0,57,110,32,56,127,157,165,147
496,1,117,118,73,242,105,86,72,161
496,2,133,33,255,222,238,80,121,10
496,3,171,70,119,121,123,139,153,107
496,4,118,74,244,122,30,242,254,89
496,5,144,24,169,44,88,159,249,130
496,6,183,142,42,198,117,87,98,164
496,7,2,56,10,1,95,237,44,37
496,8,216,186,207,201,69,88,214,120
496,9,148,217,105,13,145,156,14,192
496,10,24,73,114,161,72,91,92,168
496,11,210,147,154,27,195,94,236,250
496,12,155,132,84,65,121,107,212,22
496,13,22,48,30,18,124,226,115,110
496,14,251,218,89,186,235,156,178,42
496,15,203,22,239,84,219,113,9,120
496,16,90,167,123,224,249,46,233,6
496,17,23,50,191,92,56,7,205,90
496,18,21,222,28,12,165,9,73,71
496,19,175,181,179,68,106,111,155,216
496,20,236,13,43,201,207,186,28,69
496,21,105,148,162,192,145,234,231,4
496,22,85,97,24,7,246,143,114,73
496,23,94,210,147,101,225,95,240,154
496,24,121,57,132,107,43,65,84,12
496,25,30,22,48,226,219,124,163,18
496,26,251,157,156,199,152,42,178,89
496,27,239,203,236,9,118,84,209,49
496,28,8,161,90,226,249,211,241,46
496,29,169,23,214,17,90,7,138,205
496,30,189,28,21,71,81,135,73,159
496,31,91,179,181,199,129,185,71,120
496,32,201,221,106,91,48,246,212,243
496,33,96,58,248,121,107,151,116,28
496,34,56,208,175,226,171,95,252,34
496,35,85,218,236,20,80,99,92,98
496,36,211,195,246,117,193,202,42,152
496,37,87,174,161,67,143,45,56,83
496,38,201,234,30,9,101,195,44,39
496,39,250,246,1,92,215,183,220,15
497,0,186,242,144,234,188,84,152,92
497,1,198,111,117,118,105,42,11,59
497,2,230,150,86,92,133,15,33,157
497,3,155,58,44,215,234,202,70,116
497,4,112,94,30,71,98,73,169,107
497,5,253,144,118,168,35,187,225,169
497,6,142,9,126,200,59,178,212,42
497,7,243,146,77,181,237,202,210,95
497,8,207,186,236,201,43,124,252,88
497,9,231,105,162,14,4,145,237,242
497,10,140,85,207,7,15,158,91,97
497,11,153,212,10,216,94,147,114,240
497,12,65,133,155,233,172,173,234,84
497,13,140,22,41,48,30,207,181,38
497,14,199,141,220,251,42,79,152,37
497,15,248,22,239,84,44,118,236,9
497,16,90,226,46,249,8,233,123,224
497,17,90,197,169,206,23,232,7,138
497,18,189,21,231,71,135,222,28,210
497,19,71,179,181,185,253,129,155,159
497,20,236,13,186,207,201,65,43,0
497,21,231,162,105,14,242,89,43,234
497,22,0,140,7,97,85,246,200,114
497,23,15,153,212,147,10,94,225,95
497,24,65,155,12,173,233,132,190,172
497,25,48,22,30,163,124,174,207,140
497,26,141,218,89,220,251,199,83,157
497,27,248,239,44,236,118,9,142,84
497,28,90,8,230,46,249,226,241,21
497,29,169,206,7,23,90,205,56,3
497,30,189,69,231,21,70,28,149,81
497,31,60,71,179,185,181,68,196,106
497,32,195,86,91,201,176,106,32,62
497,33,248,36,116,97,37,217,250,38
497,34,90,109,212,28,255,187,239,171
497,35,49,100,145,20,92,236,111,44
497,36,147,0,234,42,8,139,193,117
497,37,220,193,87,84,83,45,37,95
497,38,14,162,15,3,44,157,126,244
497,39,23,241,224,220,61,15,89,52
498,0,110,84,165,57,59,56,245,221
498,1,209,40,96,166,57,105,206,183
498,2,178,238,234,232,125,114,19,155
498,3,247,70,44,234,155,153,179,111
498,4,138,164,156,218,98,169,30,35
498,5,202,19,253,249,35,165,118,84
498,6,9,27,142,126,59,201,204,150
498,7,77,243,146,202,83,4,130,208
498,8,201,186,207,181,88,236,124,19
498,9,231,148,105,162,43,234,237,14
498,10,140,46,81,91,85,97,7,187
498,11,10,94,93,212,216,210,197,225
498,12,205,219,65,107,172,173,233,133
498,13,140,30,48,110,41,181,207,226
498,14,37,251,73,141,199,42,119,157
498,15,239,118,44,84,22,9,142,135
498,16,90,8,226,249,123,224,233,211
498,17,90,169,104,201,232,230,7,206
498,18,135,21,165,222,189,73,164,53
498,19,66,21,179,40,71,155,175,151
498,20,201,13,236,207,186,190,154,12
498,21,148,231,105,237,89,43,196,10
498,22,7,46,140,107,127,85,81,200
498,23,10,210,94,116,212,93,225,2
498,24,65,205,107,219,57,139,12,233
498,25,48,30,140,124,241,70,249,207
498,26,141,89,251,218,152,42,1,172
498,27,239,203,209,9,118,236,146,44
498,28,8,90,241,226,222,55,250,224
498,29,128,169,49,173,180,90,206,138
498,30,231,189,28,21,70,69,235,73
498,31,179,60,71,38,185,216,40,181
498,32,176,86,246,91,106,201,171,243
498,33,96,36,248,116,38,104,189,177
498,34,90,28,44,238,235,171,47,225
498,35,49,190,255,148,100,20,40,201
498,36,147,39,227,115,234,117,42,172
498,37,193,27,83,15,87,78,95,45
498,38,75,215,139,157,44,213,126,39
498,39,158,72,224,15,197,36,220,61
499,0,242,96,117,187,171,133,121,122
499,1,13,117,111,209,96,57,105,40
499,2,178,82,125,212,238,234,196,114
499,3,247,170,234,215,122,192,44,179
499,4,55,119,180,182,169,82,8,60
499,5,3,253,225,118,35,52,181,19
499,6,9,59,27,126,142,92,87,200
499,7,243,133,146,77,181,83,210,95
499,8,236,43,186,207,201,13,124,252
499,9,19,231,105,162,242,14,206,196
499,10,140,163,7,85,207,15,97,107
499,11,18,116,212,10,94,240,95,2
499,12,172,233,205,57,133,139,173,67
499,13,200,140,41,48,207,70,30,110
499,14,141,152,199,251,79,38,192,42
499,15,241,118,239,22,99,9,142,44
499,16,226,90,241,8,78,149,123,222
499,17,180,232,90,155,128,31,236,206
499,18,231,189,21,6,70,28,165,222
499,19,179,181,185,71,155,129,233,216
499,20,236,68,13,112,248,207,43,227
499,21,162,19,242,196,52,231,43,105
499,22,7,163,239,140,15,85,154,181
499,23,18,212,131,94,240,10,101,190
499,24,172,65,233,107,173,57,36,67
499,25,48,200,249,30,124,207,174,70
499,26,152,38,141,89,1,251,199,218
499,27,118,209,241,239,17,99,252,103
499,28,90,241,8,222,149,30,233,226
499,29,232,180,155,128,90,3,206,7
499,30,231,6,70,189,165,235,28,238
499,31,71,216,179,16,60,185,40,155
499,32,175,176,17,37,171,199,32,91
499,33,117,214,23,116,105,94,12,38
499,34,28,47,58,187,235,182,54,70
499,35,7,40,255,100,201,73,161,30
499,36,245,0,253,57,42,31,8,25
499,37,102,87,220,84,83,164,37,221
499,38,157,244,44,136,75,15,5,39
499,39,23,61,220,16,15,252,14,52
500,0,181,82,107,251,39,245,221,255
500,1,166,89,237,117,220,119,9,148
500,2,125,185,95,9,191,209,102,196
500,3,255,158,73,227,41,121,3,65
500,4,182,227,82,35,19,210,247,188
500,5,3,174,142,232,223,83,118,225
500,6,108,9,104,27,149,189,174,115
500,7,133,146,94,130,243,195,63,95
500,8,68,236,43,201,186,207,248,9
500,9,43,162,196,105,52,19,231,242
500,10,154,68,181,239,128,85,140,15
500,11,64,94,212,240,216,10,6,110
500,12,172,107,133,36,205,57,139,170
500,13,110,41,140,30,164,156,48,39
500,14,251,152,169,199,186,192,153,235
500,15,22,9,142,113,61,230,135,239
500,16,55,90,74,167,241,123,233,224
500,17,7,92,50,90,147,56,191,6
500,18,165,12,222,9,103,70,56,21
500,19,111,68,175,170,155,21,106,113
500,20,201,88,28,13,184,186,124,68
500,21,145,192,43,105,89,11,4,234
500,22,143,85,160,31,51,7,91,158
500,23,80,94,103,255,2,202,64,147
500,24,65,132,107,121,57,222,19,133
500,25,48,30,51,123,156,164,124,18
500,26,251,186,89,152,169,156,101,178
500,27,22,239,118,209,9,142,49,113
500,28,90,241,8,123,55,30,222,233
500,29,26,180,232,128,155,101,173,231
500,30,231,70,55,235,189,28,165,238
500,31,237,216,179,16,155,185,40,18
500,32,224,176,171,175,197,37,126,199
500,33,117,179,201,156,12,38,10,248
500,34,49,28,217,47,235,58,213,70
500,35,40,224,7,255,201,30,100,73
500,36,255,24,245,57,42,25,84,116
500,37,102,50,87,14,83,37,221,158
500,38,157,146,244,44,75,15,4,39
500,39,85,177,13,220,61,15,252,62
501,0,109,55,151,177,24,217,211,139
501,1,236,226,42,190,117,22,105,70
501,2,185,125,47,3,95,13,221,143
501,3,234,247,44,167,16,18,7,63
501,4,243,180,30,169,82,178,137,1
501,5,3,232,223,118,139,35,133,5
501,6,108,9,59,123,104,198,149,126
501,7,133,146,38,130,95,83,243,94
501,8,236,68,43,88,201,186,183,211
501,9,43,105,231,162,196,52,242,234
501,10,154,85,140,7,181,15,239,97
501,11,212,94,240,216,37,190,26,10
501,12,172,57,107,133,233,205,139,36
501,13,140,70,19,48,30,41,207,110
501,14,152,141,251,79,199,192,42,89
501,15,22,9,118,142,239,84,209,230
501,16,226,90,241,211,8,123,53,224
501,17,62,90,180,214,31,232,7,128
501,18,21,231,165,189,70,222,151,30
501,19,179,181,175,71,21,38,227,155
501,20,236,201,13,68,207,88,43,186
501,21,105,196,231,162,89,242,14,10
501,22,85,7,154,31,15,146,216,107
501,23,212,94,201,95,116,2,10,164
501,24,65,205,12,119,11,128,132,46
501,25,48,124,22,140,19,41,30,71
501,26,218,251,89,172,152,186,168,156
501,27,239,22,209,44,146,84,9,49
501,28,90,193,8,224,241,46,99,211
501,29,173,88,62,180,7,23,235,231
501,30,28,50,21,189,81,162,165,73
501,31,38,40,179,68,181,71,251,216
501,32,86,106,171,176,179,212,91,246
501,33,68,116,104,132,38,10,36,139
501,34,225,28,44,235,238,48,171,240
501,35,148,63,190,80,20,255,40,145
501,36,39,227,147,145,115,202,211,79
501,37,27,193,78,95,83,87,15,9
501,38,75,215,157,44,213,139,39,119
501,39,158,72,254,197,231,15,36,61
502,0,242,117,171,185,128,18,96,245
502,1,13,232,117,158,43,81,236,66
502,2,70,26,107,125,90,116,254,146
502,3,234,170,221,5,153,156,122,200
502,4,139,55,8,82,180,182,239,60
502,5,3,232,253,35,114,142,181,217
502,6,16,9,3,114,59,108,174,126
502,7,228,243,146,133,19,131,77,41
502,8,43,236,112,207,186,201,190,124
502,9,19,105,206,231,162,178,14,237
502,10,163,140,7,85,97,207,181,128
502,11,142,18,116,212,216,94,2,240
502,12,67,133,233,205,57,172,65,173
502,13,200,207,48,41,174,140,30,163
502,14,38,141,199,152,235,42,89,251
502,15,103,241,22,239,44,118,209,236
502,16,179,90,8,241,211,226,167,149
502,17,155,180,128,90,232,23,231,169
502,18,189,28,6,21,222,162,231,70
502,19,179,181,216,185,155,106,71,233
502,20,236,13,68,207,112,190,215,43
502,21,19,244,162,89,206,105,43,231
502,22,163,128,181,85,97,7,154,200
502,23,131,18,212,142,94,10,240,147
502,24,65,67,57,233,172,107,36,133
502,25,48,200,30,122,207,163,124,249
502,26,38,89,152,141,199,178,251,250
502,27,209,103,118,241,22,239,10,236
502,28,241,179,90,8,30,46,185,149
502,29,155,180,128,232,231,23,3,169
502,30,28,189,231,6,70,21,157,235
502,31,216,179,71,185,155,16,63,40
502,32,17,89,171,176,243,199,137,91
502,33,117,214,116,23,94,10,38,171
502,34,28,58,187,47,12,235,54,177
502,35,255,201,73,7,100,20,184,40
502,36,57,253,25,42,0,58,31,244
502,37,102,164,87,220,84,158,45,37
502,38,5,157,136,244,15,39,75,162
502,39,23,14,61,16,213,220,146,52
503,0,181,82,107,39,251,245,221,255
503,1,119,166,117,237,220,168,89,148
503,2,177,13,26,156,127,155,99,1
503,3,109,5,114,158,85,253,102,28
503,4,82,182,120,30,189,227,249,35
503,5,172,174,232,142,114,3,225,118
503,6,108,16,9,174,104,114,3,58
503,7,228,146,94,19,130,95,207,133
503,8,68,236,43,207,186,201,112,248
503,9,19,105,244,162,52,196,43,222
503,10,128,68,154,97,181,140,85,7
503,11,64,212,240,94,207,68,115,131
503,12,57,233,172,107,67,12,36,66
503,13,164,230,207,122,200,174,48,30
503,14,152,141,38,42,89,1,235,251
503,15,22,103,241,209,239,118,9,84
503,16,179,90,241,8,30,123,167,149
503,17,180,26,231,191,232,23,128,155
503,18,28,189,222,21,231,157,109,162
503,19,216,179,181,237,155,175,106,185
503,20,236,13,68,43,227,211,9,6
503,21,244,162,111,236,19,43,242,89
503,22,181,128,97,68,154,200,85,197
503,23,131,64,212,68,94,240,101,190
503,24,233,57,172,107,36,65,67,231
503,25,207,122,164,200,48,30,163,249
503,26,141,152,227,89,1,250,199,38
503,27,209,10,118,239,222,236,103,252
503,28,241,8,30,179,222,90,149,232
503,29,128,26,232,155,3,189,180,231
503,30,231,189,55,157,28,70,235,109
503,31,237,216,179,185,18,155,63,46
503,32,224,171,243,176,197,37,126,199
503,33,179,201,117,156,10,171,38,12
503,34,49,217,28,58,47,177,213,235
503,35,224,201,73,255,7,100,40,131
503,36,57,255,24,42,244,58,25,84
503,37,102,87,50,158,45,37,14,83
503,38,157,146,244,5,15,39,162,114
503,39,85,13,177,14,61,220,52,89
504,0,109,55,151,152,24,225,86,2
504,1,226,190,117,42,236,154,213,119
504,2,177,13,5,26,185,221,112,95
504,3,234,156,167,44,63,66,180,5
504,4,180,243,30,169,204,194,82,80
504,5,172,232,225,3,118,142,30,14
504,6,114,9,108,104,174,149,25,3
504,7,228,146,94,133,41,95,130,61
504,8,236,68,43,9,186,124,215,211
504,9,244,236,105,111,162,144,242,17
504,10,154,197,97,181,140,128,85,7
504,11,212,201,68,240,94,2,190,252
504,12,233,57,12,231,234,173,171,172
504,13,207,184,30,163,48,226,122,136
504,14,141,1,42,89,251,199,152,227
504,15,209,239,234,118,22,9,142,186
504,16,241,179,90,30,8,222,46,123
504,17,180,128,231,3,101,90,232,189
504,18,189,28,21,70,157,231,222,237
504,19,216,179,181,185,155,71,237,206
504,20,68,13,236,43,215,248,207,157
504,21,244,162,105,89,236,111,43,144
504,22,154,181,197,128,85,97,7,30
504,23,212,131,2,94,190,68,156,201
504,24,65,57,233,12,234,231,173,200
504,25,48,30,230,155,207,122,163,249
504,26,89,250,141,1,199,218,235,70
504,27,209,118,79,10,186,239,234,44
504,28,179,90,8,30,241,201,222,232
504,29,128,101,232,180,231,3,155,62
504,30,157,189,231,28,109,237,70,21
504,31,216,179,60,71,185,155,18,181
504,32,157,243,171,176,91,126,86,37
504,33,161,171,10,116,185,103,59,117
504,34,94,28,72,177,47,235,44,48
504,35,201,73,8,255,100,117,7,40
504,36,79,57,42,58,39,244,223,251
504,37,196,87,45,102,210,83,9,162
504,38,244,124,157,132,15,75,114,162
504,39,14,224,77,61,89,27,220,44
505,0,80,96,226,168,198,15,128,171
505,1,236,88,131,158,117,89,195,180
505,2,177,13,137,83,203,237,24,160
505,3,221,188,180,234,239,170,222,153
505,4,180,169,182,119,82,243,35,55
505,5,172,232,61,225,142,3,118,75
505,6,108,9,16,174,104,86,58,186
505,7,146,94,133,237,189,41,228,95
505,8,68,236,43,112,9,211,186,248
505,9,244,206,19,111,162,236,105,144
505,10,154,181,97,128,197,163,140,85
505,11,18,212,68,94,240,2,201,90
505,12,233,106,57,12,231,173,172,171
505,13,200,207,48,122,184,241,70,226
505,14,141,119,152,1,70,38,89,250
505,15,241,103,209,22,142,9,10,118
505,16,149,78,90,66,241,30,179,46
505,17,232,180,128,155,45,191,234,231
505,18,189,28,157,109,70,235,162,6
505,19,216,179,71,155,185,233,126,21
505,20,236,211,13,9,112,68,215,186
505,21,244,206,19,162,139,43,111,89
505,22,181,128,154,85,163,97,239,107
505,23,131,18,212,94,207,101,240,68
505,24,65,57,107,36,106,230,233,67
505,25,200,122,48,30,244,207,241,249
505,26,89,38,250,152,251,70,141,1
505,27,241,118,209,222,49,10,103,9
505,28,90,30,149,8,241,81,46,185
505,29,232,155,180,128,169,23,90,3
505,30,6,157,70,231,28,189,235,165
505,31,216,71,60,179,185,63,16,155
505,32,89,171,199,243,17,176,126,32
505,33,117,116,214,23,171,94,10,12
505,34,28,182,187,177,47,58,235,59
505,35,201,73,255,100,7,40,30,159
505,36,57,253,42,244,58,31,0,25
505,37,102,220,87,164,45,37,210,84
505,38,5,157,244,136,15,114,39,162
505,39,23,14,61,220,16,89,213,252
506,0,181,82,107,39,251,221,255,245
506,1,131,89,9,166,175,35,117,148
506,2,177,211,137,203,99,26,138,191
506,3,86,222,239,131,204,237,161,68
506,4,227,82,35,21,97,64,184,133
506,5,174,142,232,200,215,172,225,234
506,6,108,104,9,199,190,129,189,71
506,7,130,146,83,95,213,195,194,63
506,8,201,88,236,28,68,43,186,207
506,9,43,192,105,162,231,234,196,213
506,10,85,91,81,143,140,68,176,73
506,11,42,94,56,64,106,225,212,250
506,12,132,205,121,65,107,19,133,7
506,13,18,48,30,140,51,41,156,124
506,14,251,75,169,37,218,186,61,235
506,15,22,113,192,61,9,84,88,71
506,16,55,167,74,90,46,233,123,249
506,17,50,7,92,17,56,191,115,147
506,18,12,103,165,71,215,222,30,115
506,19,111,68,175,71,155,106,102,119
506,20,201,88,186,49,28,184,13,69
506,21,145,11,43,192,4,89,105,234
506,22,91,143,222,51,160,63,35,114
506,23,80,255,94,106,147,103,3,236
506,24,65,132,19,107,181,121,133,59
506,25,48,30,156,76,123,51,18,41
506,26,186,75,251,61,169,89,178,39
506,27,207,113,22,192,87,84,88,9
506,28,90,66,167,249,55,204,46,233
506,29,150,26,92,23,205,232,18,173
506,30,55,70,157,231,235,165,30,238
506,31,237,216,154,155,16,179,14,118
506,32,224,197,171,243,126,101,176,199
506,33,179,201,117,156,171,12,10,38
506,34,49,217,28,177,213,47,235,222
506,35,201,73,224,255,100,7,40,184
506,36,57,255,42,24,58,244,31,84
506,37,102,87,50,14,45,210,37,158
506,38,146,157,244,5,15,114,162,39
506,39,14,13,85,177,220,61,89,252
507,0,55,109,177,31,152,24,178,151
507,1,226,236,42,22,85,105,34,253
507,2,211,3,177,143,83,222,137,160
507,3,234,247,63,44,61,131,215,16
507,4,243,169,30,180,194,11,113,117
507,5,232,142,252,89,3,48,228,75
507,6,9,108,104,58,129,174,71,201
507,7,38,94,130,146,83,95,246,228
507,8,236,68,9,211,43,227,106,192
507,9,111,244,52,105,43,196,162,144
507,10,154,181,128,85,242,197,97,241
507,11,212,240,94,201,70,68,115,157
507,12,57,233,12,107,133,172,234,22
507,13,207,30,122,19,48,41,184,226
507,14,251,42,89,141,199,152,235,1
507,15,22,239,209,9,142,84,186,118
507,16,167,90,30,241,8,233,46,249
507,17,191,23,231,180,214,7,62,50
507,18,222,28,21,189,165,12,70,231
507,19,175,111,106,216,181,68,155,179
507,20,207,13,201,186,43,236,124,211
507,21,105,192,89,43,236,234,4,162
507,22,85,128,154,181,97,242,146,143
507,23,212,201,94,131,93,147,197,70
507,24,57,65,128,11,121,12,234,233
507,25,30,48,124,230,41,19,140,222
507,26,89,218,172,156,199,235,168,203
507,27,22,245,118,239,84,49,209,44
507,28,90,193,8,167,224,30,46,211
507,29,173,88,62,180,231,23,61,21
507,30,50,21,28,189,81,162,63,157
507,31,38,40,216,181,253,251,179,155
507,32,106,70,179,86,123,171,144,109
507,33,116,104,102,132,68,139,181,10
507,34,44,235,28,48,225,238,240,171
507,35,190,63,148,20,40,80,255,145
507,36,39,227,115,147,145,79,244,202
507,37,27,95,78,83,193,190,169,9
507,38,75,215,157,213,44,169,244,119
507,39,158,254,231,75,72,14,197,15
508,0,123,242,249,229,105,196,7,216
508,1,225,231,118,117,27,150,105,207
508,2,90,4,162,227,17,163,146,70
508,3,133,187,152,31,234,235,84,231
508,4,167,30,222,142,251,13,16,191
508,5,104,253,186,6,204,193,88,224
508,6,167,9,142,174,126,59,108,153
508,7,83,146,29,10,228,133,95,202
508,8,234,207,186,89,201,43,69,88
508,9,94,29,105,13,231,237,43,14
508,10,85,130,169,140,91,7,207,81
508,11,94,189,250,212,147,216,10,95
508,12,133,205,26,63,65,57,121,107
508,13,43,124,48,30,140,97,51,137
508,14,199,251,37,235,42,89,218,141
508,15,22,9,239,84,44,81,135,142
508,16,90,249,46,8,167,211,196,123
508,17,7,61,205,56,250,172,213,90
508,18,50,187,57,135,21,189,222,142
508,19,130,68,119,155,181,111,179,253
508,20,186,201,234,13,207,69,43,212
508,21,105,29,94,89,13,237,227,231
508,22,130,169,81,85,72,143,91,246
508,23,189,94,147,225,212,10,107,42
508,24,65,63,26,128,205,160,132,74
508,25,43,48,30,97,147,124,18,41
508,26,32,124,89,251,37,178,218,20
508,27,81,88,84,87,200,22,9,207
508,28,167,90,5,133,46,211,99,136
508,29,50,250,173,172,76,7,23,205
508,30,81,21,179,187,211,70,189,73
508,31,130,106,251,39,68,181,40,38
508,32,106,98,134,99,201,131,91,46
508,33,183,116,232,238,126,38,58,86
508,34,84,171,34,207,180,235,225,86
508,35,145,80,20,153,22,63,57,218
508,36,120,14,70,181,211,117,217,202
508,37,190,31,145,143,58,182,83,37
508,38,213,75,71,95,92,148,228,157
508,39,2,69,189,15,38,213,254,217
509,0,57,110,56,32,127,157,6,165
509,1,117,118,73,242,72,161,105,170
509,2,33,255,80,133,10,121,165,243
509,3,171,70,89,119,72,191,131,92
509,4,118,74,244,242,254,122,30,138
509,5,169,144,24,44,5,130,88,249
509,6,183,142,42,117,164,198,19,166
509,7,2,56,221,10,237,95,210,44
509,8,216,186,207,201,234,69,33,13
509,9,105,148,13,217,156,145,192,231
509,10,24,161,73,114,72,91,69,168
509,11,210,147,27,195,154,95,66,236
509,12,155,212,84,65,132,121,133,7
509,13,48,22,30,142,41,18,124,168
509,14,251,235,42,89,178,218,241,186
509,15,203,22,84,239,9,113,207,88
509,16,90,167,249,46,224,161,119,123
509,17,50,23,56,205,7,92,17,191
509,18,21,222,12,211,28,159,135,189
509,19,68,181,111,175,155,106,119,179
509,20,186,13,207,201,69,236,216,124
509,21,148,105,4,89,14,145,43,192
509,22,24,143,114,72,73,81,35,85
509,23,210,94,147,27,154,225,212,195
509,24,84,65,132,121,155,181,133,138
509,25,22,48,30,142,18,41,51,163
509,26,156,75,89,251,37,241,178,157
509,27,203,9,84,239,207,22,113,234
509,28,167,249,211,161,90,8,226,99
509,29,50,23,169,214,7,17,205,231
509,30,81,189,21,211,159,28,103,135
509,31,91,181,251,179,68,120,185,107
509,32,201,91,221,106,212,48,62,46
509,33,58,96,116,121,151,248,107,38
509,34,226,208,171,56,95,175,235,252
509,35,80,85,218,20,99,236,151,22
509,36,195,211,117,1,246,202,152,193
509,37,67,143,161,56,174,83,95,45
509,38,201,195,234,9,30,44,101,213
509,39,246,1,250,92,215,183,15,37
510,0,84,228,102,14,194,250,176,67
510,1,118,117,29,72,65,111,42,255
510,2,80,33,133,15,240,104,108,69
510,3,171,116,70,20,137,19,203,214
510,4,74,112,30,215,118,163,6,85
510,5,169,144,44,24,130,88,100,83
510,6,42,142,136,183,73,198,117,17
510,7,56,37,90,1,10,83,95,217
510,8,207,120,186,201,190,69,13,214
510,9,105,148,145,192,13,14,128,156
510,10,24,91,114,72,161,7,73,69
510,11,114,210,147,27,236,66,195,208
510,12,155,65,132,84,206,133,121,181
510,13,22,48,30,18,38,142,168,155
510,14,251,218,61,241,178,42,89,37
510,15,203,22,84,88,239,135,207,113
510,16,46,90,167,119,249,136,161,176
510,17,50,56,205,197,7,130,92,23
510,18,165,222,28,12,21,211,159,9
510,19,91,106,181,175,111,155,40,68
510,20,186,13,201,120,207,28,184,124
510,21,148,105,4,192,14,89,145,234
510,22,72,24,114,143,73,35,85,31
510,23,210,147,114,94,154,208,27,17
510,24,121,65,155,57,132,84,181,46
510,25,22,48,30,124,18,51,29,156
510,26,178,89,156,251,61,206,186,37
510,27,203,22,219,84,207,49,118,113
510,28,90,167,161,8,46,249,211,176
510,29,173,50,7,231,23,218,56,206
510,30,81,28,21,165,9,211,189,70
510,31,91,38,175,181,251,68,71,106
510,32,221,201,106,46,212,174,91,102
510,33,116,121,96,168,151,172,38,58
510,34,208,95,81,15,56,171,131,206
510,35,80,99,20,39,218,54,151,63
510,36,117,145,49,195,211,202,193,88
510,37,107,193,15,95,192,67,83,174
510,38,44,213,101,75,63,234,126,9
510,39,72,15,244,36,254,183,92,250
511,0,3,1,157,218,180,65,212,2
511,1,117,126,29,42,221,111,118,105
511,2,212,236,33,57,194,230,157,133
511,3,0,44,234,58,19,199,7,113
511,4,30,37,178,180,194,112,32,169
511,5,144,1,59,168,63,213,66,197
511,6,136,42,142,33,174,250,178,198
511,7,217,155,16,1,61,31,95,83
511,8,207,186,88,201,124,28,222,135
511,9,192,14,245,128,11,105,43,145
511,10,159,31,47,98,114,143,85,110
511,11,147,94,11,109,199,17,169,48
511,12,121,155,33,107,65,97,132,84
511,13,124,48,22,38,30,41,143,51
511,14,251,235,218,186,89,119,178,101
511,15,51,22,135,219,52,203,192,118
511,16,167,90,22,123,46,58,66,55
511,17,173,130,213,191,147,7,56,50
511,18,165,62,9,12,28,162,21,222
511,19,38,106,91,155,175,134,217,40
511,20,13,186,201,28,207,25,135,88
511,21,192,245,89,160,234,185,14,43
511,22,47,159,31,98,110,73,139,114
511,23,11,147,94,109,169,199,113,115
511,24,121,65,33,107,155,119,97,46
511,25,124,48,22,30,122,226,143,59
511,26,89,143,186,251,218,178,168,249
511,27,51,52,219,245,22,118,209,41
511,28,22,90,58,233,167,8,123,66
511,29,173,235,23,7,162,191,14,49
511,30,62,9,19,50,21,208,28,25
511,31,38,134,169,217,71,155,175,102
511,32,174,142,212,56,106,129,217,147
511,33,152,165,186,247,116,172,240,178
511,34,233,183,241,131,129,206,173,28
511,35,80,54,63,192,51,120,30,148
511,36,145,39,88,251,107,13,231,115
511,37,248,81,255,151,193,27,107,205
511,38,20,52,75,13,48,215,8,47
511,39,29,240,55,254,15,149,197,74
512,0,239,136,69,1,250,116,19,102
512,1,42,15,91,253,105,117,116,131
512,2,183,212,22,180,31,189,97,137
512,3,0,44,234,19,58,90,239,242
512,4,30,180,178,80,194,52,32,169
512,5,1,59,168,144,63,89,203,14
512,6,136,250,174,62,67,33,42,178
512,7,217,130,16,83,95,1,210,61
512,8,207,88,186,28,124,201,236,13
512,9,192,43,234,14,65,128,185,11
512,10,159,47,31,98,139,244,85,92
512,11,94,199,169,109,115,84,17,154
512,12,121,107,33,12,97,18,84,36
512,13,124,122,48,143,226,94,214,207
512,14,249,235,251,186,89,178,168,119
512,15,22,51,245,219,119,231,84,239
512,16,22,167,90,6,224,123,66,118
512,17,213,191,173,130,23,162,56,50
512,18,19,12,21,28,9,222,165,25
512,19,38,175,106,102,111,155,65,169
512,20,13,28,25,124,207,201,186,236
512,21,192,185,160,89,234,43,105,213
512,22,47,159,98,139,31,73,110,85
512,23,169,199,94,109,147,175,17,120
512,24,121,33,249,119,65,97,107,7
512,25,48,124,94,214,143,30,22,126
512,26,218,89,186,143,249,178,168,146
512,27,51,22,245,219,207,119,231,49
512,28,167,90,22,233,66,193,8,46
512,29,173,7,23,162,61,88,191,49
512,30,50,19,81,28,21,9,12,165
512,31,175,91,102,106,38,71,251,40
512,32,106,212,83,201,179,142,217,91
512,33,247,116,104,152,240,132,237,111
512,34,183,197,44,28,225,241,206,235
512,35,80,148,20,190,63,145,54,151
512,36,39,145,251,211,115,202,227,193
512,37,248,27,83,193,190,78,15,101
512,38,75,20,44,215,251,169,52,213
512,39,254,158,231,15,75,29,197,240
513,0,242,196,105,229,249,216,7,123
513,1,118,225,41,4,231,116,27,117
513,2,180,4,97,50,183,218,17,227
513,3,133,187,152,234,231,84,235,37
513,4,167,30,142,222,251,10,13,190
513,5,104,1,224,44,89,144,6,88
513,6,142,42,167,136,250,33,62,178
513,7,217,29,83,10,16,1,210,37
513,8,234,207,186,201,89,88,33,28
513,9,13,94,29,192,105,14,11,145
513,10,159,31,169,85,72,130,91,143
513,11,147,189,17,94,248,250,154,109
513,12,121,155,65,26,35,119,33,63
513,13,48,30,124,43,51,22,175,97
513,14,251,178,89,218,61,235,186,37
513,15,22,135,118,84,219,239,9,71
513,16,46,90,161,167,211,249,123,22
513,17,213,130,56,50,205,173,61,7
513,18,12,165,187,28,222,211,9,50
513,19,130,106,111,175,155,102,65,68
513,20,186,201,234,13,207,184,28,69
513,21,192,29,94,13,89,145,105,234
513,22,143,169,72,159,73,130,31,35
513,23,147,189,94,17,42,107,154,174
513,24,65,121,63,26,155,132,57,160
513,25,48,43,30,124,22,18,147,156
513,26,186,178,218,61,89,75,206,32
513,27,22,219,87,207,84,81,88,113
513,28,167,90,46,5,211,249,99,136
513,29,23,50,7,172,250,173,231,191
513,30,81,9,187,12,21,179,70,28
513,31,130,106,175,251,181,68,91,40
513,32,106,98,99,201,134,212,217,91
513,33,232,116,183,238,126,58,190,28
513,34,34,84,207,180,171,235,225,70
513,35,145,20,63,80,153,151,60,57
513,36,120,211,11,181,70,202,14,117
513,37,190,31,83,58,182,143,67,37
513,38,213,44,71,75,92,95,148,250
513,39,2,189,69,15,38,213,254,217
514,0,57,110,56,32,157,127,6,165
514,1,117,118,73,161,72,130,41,105
514,2,222,133,33,255,61,10,80,121
514,3,171,70,131,217,121,139,96,17
514,4,74,118,244,242,122,254,196,174
514,5,24,144,169,44,224,72,88,83
514,6,183,142,97,98,250,42,198,110
514,7,56,217,2,10,1,237,210,44
514,8,216,207,186,201,88,28,214,69
514,9,148,217,105,192,13,145,14,11
514,10,24,73,161,114,91,72,92,143
514,11,210,94,154,147,17,195,75,106
514,12,121,107,84,212,132,18,155,7
514,13,48,124,41,30,18,226,22,207
514,14,251,186,235,75,178,89,156,61
514,15,22,239,207,113,84,219,203,9
514,16,167,161,249,90,2,123,46,6
514,17,50,191,56,7,23,130,92,147
514,18,12,222,21,56,103,215,165,211
514,19,175,106,111,102,68,155,107,65
514,20,201,13,124,28,88,186,69,25
514,21,192,145,148,4,234,105,89,11
514,22,143,24,73,85,51,158,114,91
514,23,94,210,101,147,154,84,17,208
514,24,121,132,107,57,7,84,181,65
514,25,48,156,22,30,51,122,123,41
514,26,186,75,156,178,206,39,89,235
514,27,203,22,207,113,239,219,84,49
514,28,167,161,249,99,90,211,8,21
514,29,50,23,214,7,56,17,191,231
514,30,81,28,211,12,103,189,9,222
514,31,91,175,181,251,120,68,107,179
514,32,221,201,106,212,91,48,217,62
514,33,96,58,116,121,151,107,38,248
514,34,208,226,56,171,95,175,34,235
514,35,85,20,99,218,151,80,236,94
514,36,211,195,117,246,202,1,152,193
514,37,67,174,161,56,143,83,87,60
514,38,201,195,234,44,9,30,213,101
514,39,246,1,250,215,92,15,248,37
515,0,84,228,102,14,194,67,250,176
515,1,29,118,117,72,111,255,105,65
515,2,80,222,133,33,15,240,108,61
515,3,116,171,70,137,203,20,19,131
515,4,244,74,30,215,196,112,6,118
515,5,169,144,44,24,88,72,95,157
515,6,136,142,42,19,183,73,193,97
515,7,217,56,2,10,1,83,95,16
515,8,216,120,186,207,201,190,88,28
515,9,192,148,105,14,11,145,13,156
515,10,24,114,161,72,73,91,80,143
515,11,114,210,147,75,195,236,74,66
515,12,212,155,121,115,65,84,206,132
515,13,48,22,142,38,124,33,18,30
515,14,251,218,186,89,213,147,178,241
515,15,22,203,219,113,118,207,192,239
515,16,167,90,46,156,176,233,137,66
515,17,50,130,7,56,191,205,23,147
515,18,165,12,28,222,9,211,190,21
515,19,91,106,175,111,102,155,251,181
515,20,186,216,13,120,201,124,236,207
515,21,4,192,89,14,148,234,105,145
515,22,143,24,114,85,73,72,35,158
515,23,210,114,94,208,147,113,101,212
515,24,121,181,57,107,65,132,155,7
515,25,22,48,30,142,18,249,33,156
515,26,186,206,156,178,89,251,199,218
515,27,22,219,207,203,113,239,84,118
515,28,167,8,90,21,161,249,99,46
515,29,50,23,7,231,206,218,191,56
515,30,28,165,12,9,222,103,189,81
515,31,91,251,175,102,120,181,68,179
515,32,221,217,212,201,91,62,102,106
515,33,121,96,168,116,151,224,58,38
515,34,81,208,95,56,34,55,171,70
515,35,99,20,39,151,218,60,80,236
515,36,49,117,211,193,195,202,84,123
515,37,15,193,67,83,174,241,143,161
515,38,44,213,234,9,126,250,30,39
515,39,72,15,244,36,92,183,250,125
516,0,50,2,152,180,242,223,177,157
516,1,29,221,35,3,42,11,59,118
516,2,212,33,82,236,15,230,93,133
516,3,58,234,66,155,44,202,101,218
516,4,30,239,51,93,37,169,194,212
516,5,66,144,115,27,52,2,168,33
516,6,136,172,142,128,245,19,73,250
516,7,1,239,10,83,95,161,101,217
516,8,207,7,186,88,43,201,28,242
516,9,14,145,128,4,11,234,105,237
516,10,114,143,117,222,51,158,174,91
516,11,103,208,94,209,147,114,84,212
516,12,181,132,121,107,7,155,217,133
516,13,48,156,30,38,41,22,229,226
516,14,75,186,251,42,89,218,169,199
516,15,22,207,84,219,239,71,192,113
516,16,167,90,46,21,249,233,66,118
516,17,50,206,56,7,205,23,191,78
516,18,12,190,222,211,238,165,70,21
516,19,111,91,251,68,71,175,107,102
516,20,7,201,13,186,88,43,69,25
516,21,145,14,4,89,234,105,11,43
516,22,114,143,51,117,0,216,35,158
516,23,208,147,94,103,116,84,59,209
516,24,181,65,121,132,155,107,7,128
516,25,48,156,22,30,123,51,38,155
516,26,206,75,186,218,89,169,156,39
516,27,207,22,84,192,113,219,142,123
516,28,167,90,21,99,249,233,46,55
516,29,7,50,56,49,78,206,23,88
516,30,81,50,12,165,103,70,222,211
516,31,71,251,68,91,111,107,51,175
516,32,106,201,217,91,86,212,179,62
516,33,6,116,54,104,250,162,38,58
516,34,227,109,44,28,171,235,238,5
516,35,145,148,20,190,153,49,151,48
516,36,39,227,147,115,14,120,211,19
516,37,27,126,190,193,15,83,78,16
516,38,215,213,44,169,196,75,35,8
516,39,231,158,197,15,9,179,72,226
517,0,242,123,249,229,105,196,7,216
517,1,118,225,231,27,150,117,62,244
517,2,235,227,242,4,163,17,35,129
517,3,133,187,152,31,84,146,235,231
517,4,167,30,142,251,222,13,85,16
517,5,224,104,66,44,6,88,193,236
517,6,172,142,167,136,245,61,42,200
517,7,1,29,239,10,83,37,217,95
517,8,234,207,7,186,201,88,69,28
517,9,94,29,13,145,105,14,11,237
517,10,169,130,216,91,143,114,72,85
517,11,189,94,103,147,84,17,250,185
517,12,121,107,132,7,26,63,181,115
517,13,156,48,30,43,41,124,29,229
517,14,61,75,251,178,186,89,218,37
517,15,22,207,87,84,239,219,88,113
517,16,167,233,46,90,249,196,5,66
517,17,50,56,7,61,17,205,250,213
517,18,12,50,187,21,211,222,57,165
517,19,111,130,106,175,68,155,181,107
517,20,234,186,13,201,88,69,207,7
517,21,29,13,94,145,192,234,89,105
517,22,169,130,143,91,72,73,35,158
517,23,189,94,42,147,106,107,17,250
517,24,65,121,26,63,132,107,181,74
517,25,48,156,43,30,147,29,107,22
517,26,186,178,32,75,206,124,61,89
517,27,87,207,84,219,22,81,88,49
517,28,167,90,5,46,99,211,136,133
517,29,50,23,172,250,7,76,191,56
517,30,81,187,9,179,12,21,211,222
517,31,130,106,175,251,68,181,107,111
517,32,98,106,134,99,217,201,96,186
517,33,183,232,116,238,58,126,29,190
517,34,84,34,207,171,180,61,235,86
517,35,145,20,153,60,57,159,218,126
517,36,120,211,181,70,84,14,117,202
517,37,190,31,37,184,143,182,83,87
517,38,213,95,71,92,148,75,228,59
517,39,2,69,189,15,38,213,217,61
518,0,57,110,56,32,157,127,165,6
518,1,117,73,118,161,72,242,90,179
518,2,222,33,133,243,121,255,10,61
518,3,171,70,76,89,217,254,96,181
518,4,74,118,244,254,242,122,30,174
518,5,144,169,24,224,88,44,72,185
518,6,183,142,89,165,98,198,19,97
518,7,1,56,2,210,10,37,217,44
518,8,207,216,186,201,69,7,88,33
518,9,217,13,148,105,145,156,14,11
518,10,24,73,114,161,91,72,69,143
518,11,210,147,27,94,154,57,195,106
518,12,212,121,155,107,7,84,154,132
518,13,48,22,41,156,30,142,18,33
518,14,251,186,75,61,147,235,178,156
518,15,22,207,84,239,113,203,219,9
518,16,167,90,46,249,233,224,211,123
518,17,50,191,56,23,17,7,92,205
518,18,12,21,222,165,9,103,215,28
518,19,175,111,68,106,102,120,65,155
518,20,201,13,7,186,88,28,124,207
518,21,192,148,145,234,4,105,11,89
518,22,24,143,85,73,158,114,51,91
518,23,94,210,147,84,101,27,154,106
518,24,121,132,57,65,107,181,19,84
518,25,22,156,48,30,142,143,51,122
518,26,186,206,178,249,156,75,89,251
518,27,207,203,22,219,49,239,84,113
518,28,167,161,99,211,249,90,8,2
518,29,50,214,23,7,17,56,191,205
518,30,81,28,211,103,12,9,189,21
518,31,175,91,181,107,251,68,120,199
518,32,201,221,106,212,217,91,48,62
518,33,58,96,116,151,121,107,38,28
518,34,226,208,171,56,175,95,34,235
518,35,85,99,20,218,151,236,22,126
518,36,211,195,246,117,1,202,152,123
518,37,67,174,161,143,56,83,87,60
518,38,201,195,234,9,44,30,213,101
518,39,246,1,250,92,215,15,248,183
519,0,250,84,10,93,228,242,102,14
519,1,117,42,118,111,72,29,105,65
519,2,133,33,230,15,80,87,240,150
519,3,19,214,234,44,155,70,177,137
519,4,112,30,74,71,94,122,118,194
519,5,169,144,44,100,254,88,5,18
519,6,73,142,172,183,42,19,198,69
519,7,1,10,239,83,2,101,79,7
519,8,159,186,184,207,201,13,103,28
519,9,14,105,128,156,145,13,11,217
519,10,114,72,222,91,161,62,51,143
519,11,66,247,147,236,27,114,195,153
519,12,155,132,65,7,35,181,43,19
519,13,48,22,142,18,30,111,38,41
519,14,75,186,218,251,241,89,206,119
519,15,22,207,84,71,88,110,9,219
519,16,119,167,46,90,136,249,211,55
519,17,50,7,197,56,205,23,132,92
519,18,12,190,103,222,21,211,9,165
519,19,111,68,65,175,102,71,107,155
519,20,186,201,184,159,13,25,207,88
519,21,145,14,105,217,89,11,192,4
519,22,114,143,51,62,158,72,222,85
519,23,66,94,147,208,27,247,84,255
519,24,121,132,19,65,181,206,107,155
519,25,48,22,156,51,30,123,143,18
519,26,186,206,75,39,251,169,241,178
519,27,207,22,219,113,192,84,9,186
519,28,167,99,55,90,211,119,46,136
519,29,7,50,56,191,23,139,92,206
519,30,81,12,103,159,165,222,211,70
519,31,68,175,106,91,111,71,107,251
519,32,106,201,96,217,62,186,212,195
519,33,58,6,116,189,97,238,37,29
519,34,212,180,95,171,255,70,101,9
519,35,153,145,20,151,218,60,126,184
519,36,211,117,234,84,193,202,120,14
519,37,84,190,87,220,143,37,31,174
519,38,213,44,250,126,95,228,157,75
519,39,241,9,146,15,125,61,68,52
520,0,110,57,250,157,56,127,5,165
520,1,79,222,63,67,81,117,228,57
520,2,123,120,33,84,222,251,173,65
520,3,70,20,171,148,134,236,111,85
520,4,172,119,122,254,213,74,138,244
520,5,169,250,144,24,88,44,100,207
520,6,142,73,107,147,198,172,42,251
520,7,1,56,10,239,83,217,222,89
520,8,186,207,184,201,159,43,69,103
520,9,105,14,148,145,217,11,192,128
520,10,24,114,72,51,222,73,91,143
520,11,66,210,247,147,236,250,94,208
520,12,132,84,121,35,155,7,43,65
520,13,48,137,22,41,30,173,111,156
520,14,251,186,75,218,235,89,241,206
520,15,203,22,207,84,219,239,186,9
520,16,167,90,46,55,249,211,136,119
520,17,50,7,56,205,191,23,197,130
520,18,12,222,21,211,9,103,28,56
520,19,175,111,68,102,65,181,106,179
520,20,186,25,201,13,43,236,69,7
520,21,145,105,192,148,14,4,11,234
520,22,24,114,143,85,51,158,174,73
520,23,94,210,66,147,208,247,255,84
520,24,132,121,65,206,19,181,57,107
520,25,48,156,51,143,22,30,137,207
520,26,186,206,39,241,249,251,75,199
520,27,207,203,219,113,22,239,186,231
520,28,99,167,55,90,161,211,2,249
520,29,7,56,206,23,50,191,214,139
520,30,12,103,81,165,222,9,211,186
520,31,91,68,175,107,102,111,71,251
520,32,62,217,201,221,212,48,106,91
520,33,58,96,121,116,107,151,21,38
520,34,95,56,208,70,175,226,171,34
520,35,85,99,218,151,20,22,94,60
520,36,211,195,117,246,202,152,1,193
520,37,67,174,56,161,143,60,83,87
520,38,201,234,9,195,44,30,213,101
520,39,246,1,15,250,215,92,183,248
521,0,186,242,144,234,84,188,111,92
521,1,198,61,117,111,42,164,65,76
521,2,120,33,86,15,230,84,150,101
521,3,155,58,44,70,234,214,20,116
521,4,112,94,71,30,74,213,194,98
521,5,253,169,144,35,168,250,52,116
521,6,91,107,147,142,73,126,200,42
521,7,1,10,239,146,243,181,83,77
521,8,65,186,207,201,69,43,124,88
521,9,14,145,105,4,237,11,231,192
521,10,114,143,72,85,246,158,140,211
521,11,153,147,208,114,15,94,250,210
521,12,132,206,35,65,7,121,155,84
521,13,48,137,213,199,155,38,22,41
521,14,220,186,251,235,39,218,169,89
521,15,44,207,203,123,113,22,18,9
521,16,167,90,66,2,46,249,123,233
521,17,197,50,7,206,191,56,92,23
521,18,12,21,103,222,9,190,165,215
521,19,111,68,71,175,107,45,102,155
521,20,65,186,25,88,69,7,201,13
521,21,145,14,227,192,105,11,89,234
521,22,114,0,51,143,222,158,85,246
521,23,94,147,15,208,114,153,122,103
521,24,206,65,132,19,121,107,217,181
521,25,156,48,143,199,137,30,22,51
521,26,186,39,220,75,169,89,206,249
521,27,123,207,44,192,142,219,113,231
521,28,21,2,90,99,167,211,46,55
521,29,7,206,191,56,139,23,92,50
521,30,69,103,12,165,81,190,222,186
521,31,71,68,175,111,107,91,211,243
521,32,195,62,201,217,106,86,40,32
521,33,217,37,97,116,12,21,6,36
521,34,90,95,212,188,70,255,187,28
521,35,214,151,49,20,60,145,126,196
521,36,0,117,234,193,8,239,230,60
521,37,220,84,250,241,83,144,90,185
521,38,44,213,126,250,196,86,36,228
521,39,23,15,241,68,224,125,16,52
522,0,136,78,89,241,18,14,56,54
522,1,40,120,92,96,6,61,228,63
522,2,173,209,250,57,178,94,125,181
522,3,15,254,195,234,44,217,255,173
522,4,253,156,37,71,112,30,159,227
522,5,253,174,35,144,52,168,139,142
522,6,91,25,147,107,142,126,200,178
522,7,167,146,239,1,243,85,10,67
522,8,201,157,69,186,207,7,124,43
522,9,145,14,11,227,4,105,237,232
522,10,12,143,222,68,158,114,246,85
522,11,64,208,94,130,250,147,122,153
522,12,107,217,132,7,121,172,35,133
522,13,137,42,48,156,41,173,82,199
522,14,251,186,199,152,169,220,235,89
522,15,207,22,113,9,219,186,84,142
522,16,2,167,233,90,55,123,249,46
522,17,7,50,191,56,23,92,185,206
522,18,12,222,9,21,103,215,56,165
522,19,175,111,68,107,106,71,181,155
522,20,201,7,25,13,28,88,186,69
522,21,192,105,234,145,43,89,11,227
522,22,85,143,12,158,51,246,91,73
522,23,94,80,84,64,147,216,208,255
522,24,65,132,121,57,107,19,18,133
522,25,156,48,30,122,42,173,41,124
522,26,186,89,178,220,39,168,251,249
522,27,219,239,207,22,44,123,113,84
522,28,90,6,2,167,21,211,8,99
522,29,185,150,7,206,23,56,180,191
522,30,72,28,165,9,12,222,103,21
522,31,71,68,175,107,181,179,111,251
522,32,224,217,62,197,32,61,212,43
522,33,63,12,217,156,21,18,116,212
522,34,152,95,90,188,70,54,55,155
522,35,214,151,20,60,39,184,126,196
522,36,251,239,117,24,193,160,244,172
522,37,50,14,241,83,57,37,147,90
522,38,146,44,126,213,250,86,47,67
522,39,15,177,85,13,181,62,125,52
523,0,134,36,175,55,152,151,250,199
523,1,254,42,49,101,76,105,164,40
523,2,173,182,95,236,120,201,94,209
523,3,247,44,15,234,148,66,213,214
523,4,180,253,30,51,37,194,93,231
523,5,236,253,144,27,2,19,81,250
523,6,200,107,142,147,91,172,178,245
523,7,239,10,167,83,1,95,205,55
523,8,7,69,201,186,207,88,43,28
523,9,14,145,105,227,128,237,11,146
523,10,143,114,12,51,222,158,9,72
523,11,103,122,209,94,147,250,236,59
523,12,132,217,121,107,65,19,133,7
523,13,137,48,156,173,30,70,143,41
523,14,186,169,251,89,235,75,39,36
523,15,207,84,219,44,22,60,113,13
523,16,90,46,249,2,167,211,55,233
523,17,50,56,7,23,206,78,191,205
523,18,12,222,215,103,56,211,9,21
523,19,68,71,111,175,155,107,178,45
523,20,25,7,13,88,69,186,28,201
523,21,14,105,145,89,11,227,192,234
523,22,12,51,114,143,85,216,222,0
523,23,94,208,103,147,85,116,59,122
523,24,65,132,19,121,217,128,181,107
523,25,48,156,30,22,42,137,143,19
523,26,186,89,218,169,75,39,235,220
523,27,207,44,123,219,142,192,84,239
523,28,90,2,167,99,211,193,190,21
523,29,7,88,56,23,173,206,185,78
523,30,50,165,28,81,162,12,9,72
523,31,175,71,68,107,111,38,181,106
523,32,217,106,76,201,86,179,246,62
523,33,6,116,104,181,56,95,11,36
523,34,44,28,72,90,109,238,56,240
523,35,218,148,190,20,145,60,185,151
523,36,39,211,202,115,227,123,193,147
523,37,174,126,27,143,161,67,83,87
523,38,234,101,30,9,44,75,213,215
523,39,92,250,15,72,231,197,125,158
524,0,188,242,234,186,13,111,157,144
524,1,232,133,198,42,83,66,117,43
524,2,107,242,150,75,173,230,110,6
524,3,14,155,58,44,234,15,148,53
524,4,112,94,164,55,71,30,12,172
524,5,168,61,253,114,236,35,27,81
524,6,3,174,114,142,200,136,178,107
524,7,243,228,146,181,217,1,10,4
524,8,186,65,207,43,69,7,201,25
524,9,105,14,145,96,244,192,236,237
524,10,7,85,51,114,31,159,253,97
524,11,207,153,250,94,142,2,147,79
524,12,132,57,7,65,206,121,67,19
524,13,48,143,30,156,137,41,140,76
524,14,186,89,235,251,42,178,152,249
524,15,239,22,44,219,84,207,209,203
524,16,2,90,167,224,249,46,211,6
524,17,50,23,56,191,88,7,92,197
524,18,28,12,173,165,222,215,9,214
524,19,175,71,68,91,181,111,179,106
524,20,13,9,28,186,236,25,43,65
524,21,14,192,105,227,24,145,234,212
524,22,85,7,0,51,114,128,143,246
524,23,15,94,207,147,153,84,79,109
524,24,57,65,121,132,107,206,19,36
524,25,48,156,30,143,122,226,51,195
524,26,186,249,152,220,178,83,89,39
524,27,239,219,44,231,209,106,207,248
524,28,90,2,249,30,21,241,8,99
524,29,23,7,191,56,206,180,17,114
524,30,28,165,9,235,215,222,173,103
524,31,71,175,68,91,181,216,179,106
524,32,86,162,201,246,217,171,195,62
524,33,36,116,97,117,37,10,6,49
524,34,90,28,212,255,95,155,171,203
524,35,99,49,255,20,71,22,184,60
524,36,147,234,227,39,172,117,211,244
524,37,193,15,83,27,87,221,220,78
524,38,139,157,215,101,213,75,126,44
524,39,158,15,224,72,146,61,218,14
525,0,212,110,157,218,250,242,96,133
525,1,92,96,40,42,13,63,206,120
525,2,95,94,236,128,252,125,183,75
525,3,44,148,247,234,19,111,127,218
525,4,180,55,182,188,30,112,37,2
525,5,3,178,232,168,14,144,253,94
525,6,174,142,178,126,42,243,172,200
525,7,133,146,83,243,217,10,1,128
525,8,201,207,186,28,43,236,88,69
525,9,105,14,192,145,234,196,237,162
525,10,85,7,128,181,51,46,154,158
525,11,94,93,250,84,147,79,115,240
525,12,57,7,107,121,172,65,205,12
525,13,122,30,140,156,226,48,41,124
525,14,152,249,251,186,89,156,199,235
525,15,239,22,84,219,231,245,222,207
525,16,2,90,6,123,118,167,224,249
525,17,191,23,7,50,189,56,114,180
525,18,28,12,173,222,21,165,9,215
525,19,175,68,211,216,111,106,7,181
525,20,13,9,124,28,121,186,49,215
525,21,192,234,145,105,43,89,227,14
525,22,85,128,7,51,158,143,216,97
525,23,94,93,84,116,201,131,212,79
525,24,57,65,7,217,132,107,205,12
525,25,48,156,30,122,76,137,41,81
525,26,186,249,89,39,152,218,156,206
525,27,207,106,22,231,239,9,219,113
525,28,193,90,2,99,167,30,224,45
525,29,88,7,61,23,191,62,180,104
525,30,50,81,12,28,165,215,162,222
525,31,175,68,225,252,106,111,216,71
525,32,106,86,179,157,201,125,217,62
525,33,116,132,104,36,6,96,58,10
525,34,28,44,238,90,171,155,177,20
525,35,148,145,190,20,218,255,40,151
525,36,39,227,147,120,115,211,172,202
525,37,27,190,193,78,143,67,169,15
525,38,215,169,213,75,67,158,119,61
525,39,158,231,197,15,179,72,133,56
526,0,242,123,249,229,105,196,101,216
526,1,225,118,231,150,27,244,117,93
526,2,4,163,227,103,162,17,54,117
526,3,133,187,152,235,31,234,84,231
526,4,30,222,167,251,142,13,85,16
526,5,104,224,88,193,253,236,44,186
526,6,107,167,142,172,147,61,123,200
526,7,29,1,239,10,83,37,4,217
526,8,7,234,69,201,207,186,28,13
526,9,94,29,105,13,145,14,237,164
526,10,130,51,169,72,114,222,91,85
526,11,189,236,147,94,103,250,122,17
526,12,132,19,65,26,217,7,121,63
526,13,48,30,43,156,143,173,208,137
526,14,186,75,178,89,251,124,169,61
526,15,207,22,239,84,71,219,231,81
526,16,167,249,46,90,196,233,5,55
526,17,50,56,7,61,23,205,250,191
526,18,50,12,187,57,222,21,190,179
526,19,130,68,111,175,155,181,107,106
526,20,234,186,13,7,69,88,201,207
526,21,29,94,145,89,105,13,4,192
526,22,130,169,51,158,143,72,85,35
526,23,189,94,147,106,216,42,84,103
526,24,65,26,217,63,132,128,121,19
526,25,156,48,43,30,147,97,22,41
526,26,32,186,75,206,124,89,39,218
526,27,87,207,81,22,84,88,200,219
526,28,167,5,99,90,46,133,55,136
526,29,23,50,250,7,172,76,61,56
526,30,81,12,187,179,9,70,103,205
526,31,130,68,106,175,251,107,111,252
526,32,98,106,134,99,201,217,131,96
526,33,183,232,116,238,58,126,29,190
526,34,84,34,180,207,171,61,235,70
526,35,145,153,20,60,255,218,151,184
526,36,120,181,211,70,117,244,193,14
526,37,190,31,87,143,145,221,37,193
526,38,213,71,95,92,250,148,157,75
526,39,2,69,189,15,213,38,217,61
527,0,57,110,56,127,32,157,165,6
527,1,73,117,118,242,161,72,86,90
527,2,133,33,255,121,80,243,10,165
527,3,171,70,89,194,111,72,217,96
527,4,118,74,242,244,122,254,188,183
527,5,24,169,144,44,88,185,159,230
527,6,183,142,98,198,165,164,89,42
527,7,2,56,10,1,101,37,210,222
527,8,207,186,216,234,201,69,7,13
527,9,13,105,217,148,145,156,192,14
527,10,24,161,114,72,91,73,62,69
527,11,210,27,147,236,195,95,66,106
527,12,155,212,7,132,65,84,121,19
527,13,22,48,156,41,142,30,251,168
527,14,186,178,235,251,241,89,61,75
527,15,239,203,22,219,84,207,87,88
527,16,167,90,46,249,161,211,224,156
527,17,50,56,23,7,191,205,17,92
527,18,12,21,222,159,28,9,211,148
527,19,175,111,68,106,120,181,199,155
527,20,186,201,13,69,207,88,124,25
527,21,148,145,4,105,192,89,13,14
527,22,24,114,73,143,51,72,161,85
527,23,210,147,94,27,84,154,101,106
527,24,121,57,132,65,19,84,181,155
527,25,22,156,48,30,143,142,51,29
527,26,186,206,75,39,156,178,241,249
527,27,207,203,22,219,239,84,231,113
527,28,167,161,99,90,249,2,211,136
527,29,23,50,214,7,56,191,231,139
527,30,81,12,103,9,159,211,222,28
527,31,91,175,107,68,251,120,181,102
527,32,217,201,221,62,106,91,48,212
527,33,96,58,121,116,151,107,38,160
527,34,226,208,56,171,175,95,34,70
527,35,85,20,99,218,151,236,22,60
527,36,211,195,1,246,117,202,152,193
527,37,67,174,161,56,143,83,60,87
527,38,201,234,195,9,44,30,213,101
527,39,246,1,250,248,15,92,215,125
528,0,250,10,84,93,228,102,242,14
528,1,117,42,118,111,72,29,255,213
528,2,133,33,230,15,80,240,222,150
528,3,214,19,234,137,70,177,58,155
528,4,244,112,74,122,30,71,94,118
528,5,169,144,44,88,100,254,18,69
528,6,73,142,183,172,42,19,198,147
528,7,1,10,2,101,83,239,79,44
528,8,216,159,186,184,207,201,35,103
528,9,14,128,105,156,13,217,145,151
528,10,222,114,161,62,72,91,51,24
528,11,66,247,236,164,147,195,27,114
528,12,212,155,65,132,19,7,35,43
528,13,48,22,156,142,30,111,137,18
528,14,75,186,241,218,89,119,251,169
528,15,207,88,22,84,71,113,186,192
528,16,90,46,167,55,249,136,233,188
528,17,50,7,56,132,92,139,205,197
528,18,12,103,222,190,56,114,215,165
528,19,111,68,71,120,178,51,175,155
528,20,216,201,186,7,159,13,88,69
528,21,145,14,217,11,105,89,43,156
528,22,114,51,62,161,143,222,72,158
528,23,66,94,147,255,84,247,27,42
528,24,19,132,65,212,121,206,107,181
528,25,156,22,48,142,51,123,30,33
528,26,186,39,75,206,169,251,241,89
528,27,207,192,142,113,22,219,57,88
528,28,55,99,167,90,2,136,118,21
528,29,7,56,23,50,92,139,191,206
528,30,12,81,103,159,222,165,9,186
528,31,68,120,111,91,252,175,106,71
528,32,96,201,106,217,62,186,40,195
528,33,58,116,6,238,189,97,37,232
528,34,180,212,95,34,171,70,101,255
528,35,145,20,153,151,218,255,60,184
528,36,211,117,234,193,202,120,181,244
528,37,84,31,241,87,190,220,83,143
528,38,44,250,213,126,244,157,228,59
528,39,241,9,146,125,15,61,145,181
529,0,110,57,250,157,56,127,5,165
529,1,79,222,63,67,81,228,237,57
529,2,123,120,33,84,251,222,173,65
529,3,70,171,20,236,148,105,134,139
529,4,119,254,172,122,244,74,213,138
529,5,169,250,144,24,88,185,159,230
529,6,107,142,147,73,198,42,230,19
529,7,56,1,10,239,222,188,89,179
529,8,186,207,216,201,7,69,184,88
529,9,105,14,148,145,217,11,192,237
529,10,24,114,51,222,73,72,161,158
529,11,210,236,66,147,250,247,94,208
529,12,132,212,7,19,84,43,217,121
529,13,48,22,137,156,142,173,143,30
529,14,186,251,39,235,75,89,178,206
529,15,207,22,203,219,239,231,113,84
529,16,2,90,167,249,55,46,211,224
529,17,50,7,191,56,23,92,42,67
529,18,12,222,165,9,215,173,114,56
529,19,111,68,175,120,71,211,102,65
529,20,201,124,7,216,13,186,25,120
529,21,145,148,14,234,192,4,11,105
529,22,51,143,24,114,85,158,31,7
529,23,210,94,84,147,66,103,208,101
529,24,132,19,57,65,121,206,181,107
529,25,156,48,22,51,137,142,30,123
529,26,186,39,206,75,169,241,199,251
529,27,207,203,142,192,239,22,219,113
529,28,2,99,161,167,90,21,55,249
529,29,7,206,56,50,214,23,139,92
529,30,12,103,81,222,165,9,186,28
529,31,91,68,120,175,107,199,111,71
529,32,62,217,48,221,201,245,212,40
529,33,58,96,121,107,151,116,21,38
529,34,95,208,56,175,70,34,226,171
529,35,85,218,20,99,151,94,236,60
529,36,211,195,202,117,246,152,1,193
529,37,67,56,174,161,60,143,83,87
529,38,234,201,9,195,44,30,126,213
529,39,246,1,92,215,250,183,15,125
530,0,84,228,194,67,14,102,250,176
530,1,29,118,117,111,72,255,65,57
530,2,120,33,101,15,123,108,84,251
530,3,116,20,171,70,203,137,186,96
530,4,112,74,172,215,183,213,159,12
530,5,169,250,144,24,88,159,83,185
530,6,107,136,73,142,42,147,19,172
530,7,1,56,239,217,10,89,95,179
530,8,120,186,201,207,88,69,25,216
530,9,14,105,11,148,145,192,4,128
530,10,114,24,51,222,72,7,174,143
530,11,66,114,210,236,147,208,250,94
530,12,206,132,19,155,65,7,84,121
530,13,48,137,22,38,142,156,229,30
530,14,186,251,206,169,241,218,39,75
530,15,203,207,22,84,219,239,61,186
530,16,90,167,2,46,249,118,123,55
530,17,50,7,56,197,191,23,92,205
530,18,12,165,222,9,190,215,103,173
530,19,91,111,68,175,102,71,65,106
530,20,120,201,186,124,7,25,13,88
530,21,145,14,11,148,4,192,105,234
530,22,114,51,24,143,158,85,174,199
530,23,210,114,147,94,66,208,101,84
530,24,206,132,121,19,57,65,181,107
530,25,48,156,51,22,137,123,30,143
530,26,186,39,206,251,169,75,89,156
530,27,207,203,142,192,219,113,22,239
530,28,21,167,99,90,161,2,118,55
530,29,7,206,56,50,92,191,23,218
530,30,12,165,103,222,81,238,9,70
530,31,91,68,71,102,175,111,107,120
530,32,221,62,217,102,201,40,212,246
530,33,168,121,96,151,58,116,224,12
530,34,95,81,56,208,70,55,34,15
530,35,99,218,151,39,20,60,161,80
530,36,211,117,195,49,202,193,152,246
530,37,174,15,193,161,67,83,60,143
530,38,234,44,9,126,30,213,250,101
530,39,72,92,15,250,125,244,183,36
531,0,250,84,180,242,122,102,186,144
531,1,117,29,111,42,126,221,198,188
531,2,120,212,15,33,84,101,236,230
531,3,20,44,155,19,214,116,70,148
531,4,112,71,94,37,98,30,74,12
531,5,169,250,144,35,81,27,168,18
531,6,107,142,136,174,73,147,42,200
531,7,56,1,10,239,217,83,146,243
531,8,186,201,207,65,103,7,43,69
531,9,105,14,145,215,4,96,148,192
531,10,114,24,51,7,174,72,91,31
531,11,247,114,147,255,236,210,250,66
531,12,132,43,65,155,206,7,121,217
531,13,48,22,137,156,38,30,229,142
531,14,186,218,42,241,199,169,206,251
531,15,203,186,22,84,207,239,88,219
531,16,55,90,249,46,167,66,2,123
531,17,50,7,197,56,23,205,92,191
531,18,12,222,165,9,56,173,28,21
531,19,68,111,71,175,181,65,211,155
531,20,186,201,7,13,25,65,43,69
531,21,145,215,14,105,4,192,234,89
531,22,114,51,24,143,31,85,0,174
531,23,255,147,247,94,114,210,109,84
531,24,132,206,65,121,57,133,107,181
531,25,48,156,51,22,30,137,235,143
531,26,186,206,39,199,251,169,156,218
531,27,207,22,186,203,192,142,239,113
531,28,55,21,99,90,161,2,167,249
531,29,7,206,56,23,50,191,92,67
531,30,12,222,165,103,81,9,70,186
531,31,91,68,71,175,107,111,251,65
531,32,62,217,162,201,221,195,91,212
531,33,244,36,58,96,116,107,121,97
531,34,95,56,70,81,28,212,90,208
531,35,99,20,218,151,132,60,49,85
531,36,211,234,117,202,147,193,246,195
531,37,193,161,174,83,67,60,220,143
531,38,234,44,139,126,9,213,30,101
531,39,15,224,125,72,92,165,1,223
532,0,14,93,228,80,96,102,98,69
532,1,120,221,63,82,29,188,92,171
532,2,236,33,0,172,15,65,189,101
532,3,20,214,116,65,139,49,148,70
532,4,112,37,71,119,254,98,172,55
532,5,169,144,27,250,18,35,194,254
532,6,107,142,147,73,174,136,172,200
532,7,56,1,10,181,239,83,217,146
532,8,186,201,207,103,69,7,43,13
532,9,105,215,14,145,4,192,237,148
532,10,24,114,174,51,158,85,58,143
532,11,255,247,94,147,210,250,114,249
532,12,107,43,132,121,217,133,65,172
532,13,156,48,173,39,207,30,110,41
532,14,251,152,186,199,169,249,16,206
532,15,22,186,197,9,207,113,84,219
532,16,55,90,167,2,249,118,222,224
532,17,191,50,7,23,56,231,190,92
532,18,12,222,165,9,21,173,231,215
532,19,175,111,68,106,65,211,71,102
532,20,201,186,13,124,7,184,28,88
532,21,234,4,43,192,145,215,105,89
532,22,143,85,51,24,114,158,31,174
532,23,94,80,84,101,103,255,113,247
532,24,132,57,65,121,107,217,181,206
532,25,48,156,249,51,30,122,173,133
532,26,186,206,39,156,251,89,169,218
532,27,22,207,186,142,219,239,113,192
532,28,21,2,90,55,167,99,222,161
532,29,206,7,56,23,50,240,92,218
532,30,12,222,165,70,103,9,231,11
532,31,91,71,68,175,107,251,65,111
532,32,89,221,62,217,201,40,91,17
532,33,105,244,58,107,121,96,116,253
532,34,81,70,95,56,208,171,12,34
532,35,20,132,218,99,151,85,60,161
532,36,211,202,246,195,117,253,152,193
532,37,174,161,67,83,60,158,143,87
532,38,234,44,9,126,201,30,213,101
532,39,246,1,15,250,248,92,125,220
533,0,242,144,186,234,210,84,122,188
533,1,198,42,117,29,163,79,95,221
533,2,236,159,230,13,150,86,84,0
533,3,155,44,213,214,58,234,148,156
533,4,112,94,71,30,98,155,194,37
533,5,168,144,18,35,240,66,27,169
533,6,142,123,172,107,178,147,73,198
533,7,1,181,4,243,239,146,83,10
533,8,7,201,186,43,207,38,28,25
533,9,215,145,14,105,231,4,234,237
533,10,114,51,143,85,246,158,174,7
533,11,255,153,216,94,147,103,114,208
533,12,132,65,133,217,121,206,107,84
533,13,48,156,30,22,137,38,207,110
533,14,186,169,251,220,152,206,199,89
533,15,203,22,186,219,197,239,207,84
533,16,55,90,21,249,2,167,46,123
533,17,50,197,206,56,7,23,191,92
533,18,12,222,9,165,173,215,114,168
533,19,111,68,71,175,65,107,106,211
533,20,201,25,7,38,13,28,186,65
533,21,145,215,192,14,43,4,234,105
533,22,143,0,51,114,85,140,158,5
533,23,94,153,255,15,208,216,84,103
533,24,132,206,65,121,107,133,181,57
533,25,48,156,51,30,122,123,143,38
533,26,186,220,206,39,251,89,178,156
533,27,219,207,22,192,142,113,186,123
533,28,21,90,55,2,99,167,118,6
533,29,56,206,23,7,92,191,50,114
533,30,12,165,222,103,9,70,69,215
533,31,71,107,68,111,106,102,65,251
533,32,217,195,62,86,40,201,61,91
533,33,198,217,97,37,116,36,6,94
533,34,90,188,212,28,255,187,95,149
533,35,49,20,145,214,60,196,22,64
533,36,234,0,117,147,193,11,172,8
533,37,84,220,184,241,83,37,93,193
533,38,250,44,95,213,126,241,228,59
533,39,241,23,15,146,224,68,213,52
534,0,110,57,212,157,59,218,180,201
534,1,96,40,209,206,183,166,13,53
534,2,112,205,227,242,204,75,51,33
534,3,111,70,155,103,14,122,44,193
534,4,138,180,71,55,155,30,60,94
534,5,19,144,168,66,24,115,33,35
534,6,123,142,200,115,198,172,204,107
534,7,239,1,243,4,95,83,139,129
534,8,201,124,186,28,88,7,207,25
534,9,148,145,5,4,14,11,215,105
534,10,143,51,114,5,158,7,174,107
534,11,103,210,94,147,216,79,84,255
534,12,217,132,107,121,133,65,95,32
534,13,48,156,51,123,30,110,133,195
534,14,186,251,169,206,39,152,156,16
534,15,203,22,207,197,186,192,239,219
534,16,21,55,90,2,167,33,123,118
534,17,50,206,7,56,191,23,92,197
534,18,12,165,222,11,215,238,9,190
534,19,111,71,91,68,175,211,178,65
534,20,201,7,124,88,184,13,186,38
534,21,14,11,148,43,145,4,215,234
534,22,0,143,51,140,114,216,5,158
534,23,103,116,210,208,147,94,216,255
534,24,65,132,217,128,206,57,107,95
534,25,48,156,51,123,22,137,30,76
534,26,186,39,206,169,218,220,251,93
534,27,142,192,203,207,22,239,113,186
534,28,21,90,2,55,167,193,233,99
534,29,7,88,56,206,49,23,173,61
534,30,50,165,70,12,162,238,28,231
534,31,71,68,60,111,107,251,170,216
534,32,86,201,176,40,62,179,106,91
534,33,104,96,36,116,6,198,12,248
534,34,28,44,90,238,206,171,70,77
534,35,148,20,190,161,255,49,114,145
534,36,147,39,227,115,234,117,193,211
534,37,27,193,78,15,83,87,16,233
534,38,215,44,157,126,213,139,75,250
534,39,158,231,197,72,15,179,125,61
535,0,68,185,226,117,96,133,171,243
535,1,13,111,96,81,202,183,117,57
535,2,112,191,212,205,242,136,75,233
535,3,111,137,122,14,170,221,216,53
535,4,55,60,119,139,180,8,30,2
535,5,19,66,223,3,35,33,168,52
535,6,123,3,142,200,172,115,147,198
535,7,243,1,239,146,95,139,220,83
535,8,201,124,88,68,207,13,112,186
535,9,19,4,14,206,215,145,5,105
535,10,163,7,143,85,158,51,114,174
535,11,103,18,255,94,116,84,208,147
535,12,67,132,217,7,133,95,206,65
535,13,200,48,156,81,51,137,123,30
535,14,38,251,39,186,152,206,169,156
535,15,103,22,241,207,239,123,209,186
535,16,21,90,2,55,167,232,123,13
535,17,50,206,155,191,236,23,7,231
535,18,12,165,238,222,70,6,231,28
535,19,71,175,216,111,91,211,155,21
535,20,68,124,201,13,112,215,9,236
535,21,19,4,43,206,236,162,14,242
535,22,163,85,128,143,15,140,51,158
535,23,18,208,84,101,207,94,103,142
535,24,57,65,67,107,132,181,121,36
535,25,48,122,249,51,200,156,207,30
535,26,186,152,206,156,39,38,89,251
535,27,22,207,103,142,209,219,231,118
535,28,21,222,90,30,232,241,2,167
535,29,206,155,7,56,231,240,23,236
535,30,70,165,231,238,12,28,103,222
535,31,216,71,107,179,251,60,68,111
535,32,175,17,176,37,40,194,217,91
535,33,117,23,214,116,12,94,171,38
535,34,58,28,187,182,70,12,54,235
535,35,7,20,255,161,201,73,100,151
535,36,245,0,42,193,253,117,8,57
535,37,84,220,164,87,83,241,45,97
535,38,244,136,44,250,157,126,15,39
535,39,23,252,61,15,14,16,220,52
536,0,82,181,107,122,251,39,221,255
536,1,89,9,202,166,237,220,28,176
536,2,185,125,191,112,47,99,205,9
536,3,137,111,121,14,3,147,189,158
536,4,7,227,188,30,82,120,182,133
536,5,174,3,223,142,232,35,134,68
536,6,108,172,149,9,71,41,25,174
536,7,1,146,237,220,133,94,243,13
536,8,68,201,236,124,43,88,186,184
536,9,4,43,5,19,145,14,162,105
536,10,68,181,154,15,7,158,85,143
536,11,64,94,212,249,240,208,207,80
536,12,107,57,172,36,132,125,133,66
536,13,122,164,48,82,249,70,30,128
536,14,152,251,199,249,16,89,141,42
536,15,22,9,209,239,186,207,230,118
536,16,123,90,167,21,2,241,118,222
536,17,191,231,50,23,7,232,26,206
536,18,70,222,12,238,231,165,28,189
536,19,216,175,181,71,155,21,179,111
536,20,236,124,13,43,201,248,184,9
536,21,43,4,162,111,236,244,242,52
536,22,68,128,85,15,97,181,143,194
536,23,64,131,212,94,84,101,240,207
536,24,57,107,36,66,172,173,65,181
536,25,249,122,164,48,207,193,241,84
536,26,152,174,206,156,89,141,39,119
536,27,22,5,209,9,142,118,222,7
536,28,222,21,241,30,8,232,90,233
536,29,26,206,231,240,232,180,7,56
536,30,231,70,55,238,165,157,4,235
536,31,237,216,71,251,179,185,80,245
536,32,224,176,175,197,171,37,243,206
536,33,179,201,117,156,12,38,171,10
536,34,49,217,28,58,70,235,188,34
536,35,7,224,40,255,20,73,161,201
536,36,245,255,24,42,193,57,58,239
536,37,50,83,14,87,241,147,45,97
536,38,146,244,44,250,157,126,39,15
536,39,13,85,177,252,61,62,220,15
537,0,109,55,24,151,152,177,175,203
537,1,236,226,42,8,178,190,49,175
537,2,185,221,47,3,112,193,13,93
537,3,66,234,197,243,44,14,63,111
537,4,30,243,51,180,169,194,93,204
537,5,33,3,223,66,168,52,5,81
537,6,149,25,172,108,49,123,243,9
537,7,1,146,95,167,239,220,130,133
537,8,68,201,236,88,124,38,183,181
537,9,4,234,196,145,14,162,105,43
537,10,143,117,15,154,85,181,107,158
537,11,103,216,212,94,59,84,207,79
537,12,107,57,181,32,132,172,133,217
537,13,48,230,122,207,123,30,156,110
537,14,152,251,39,186,169,206,156,174
537,15,22,239,207,118,197,142,209,234
537,16,21,2,167,90,30,123,222,233
537,17,231,206,50,7,191,23,56,92
537,18,238,12,70,165,190,231,157,222
537,19,71,111,107,43,251,216,80,175
537,20,201,13,124,88,38,236,7,248
537,21,4,43,89,196,190,14,236,234
537,22,216,51,143,117,146,15,85,194
537,23,103,59,201,94,79,231,84,212
537,24,65,217,57,128,7,181,107,132
537,25,48,230,156,19,81,30,97,123
537,26,206,218,39,89,169,186,156,119
537,27,22,207,142,192,197,71,9,76
537,28,193,167,2,90,21,190,233,55
537,29,88,7,61,56,71,92,173,206
537,30,50,162,165,70,63,238,81,28
537,31,71,68,251,216,43,38,227,28
537,32,86,125,179,106,85,76,62,176
537,33,104,116,56,161,250,68,132,11
537,34,44,109,28,94,238,72,240,5
537,35,148,190,185,145,20,74,255,58
537,36,39,227,115,147,120,142,19,172
537,37,27,190,78,193,16,169,126,83
537,38,215,169,119,75,96,158,35,213
537,39,231,158,197,15,179,122,117,72
538,0,242,123,249,229,196,105,7,216
538,1,225,118,231,27,150,117,244,148
538,2,4,162,190,227,210,103,163,176
538,3,133,187,152,235,231,31,84,234
538,4,30,167,142,222,251,13,16,85
538,5,104,224,6,193,88,186,44,204
538,6,167,142,123,172,200,107,153,147
538,7,1,29,239,10,83,37,23,95
538,8,201,234,207,7,88,186,28,69
538,9,94,29,105,13,145,215,4,164
538,10,130,169,216,51,85,7,158,143
538,11,189,94,103,255,216,147,84,236
538,12,132,65,217,26,121,63,107,57
538,13,30,156,48,43,51,147,137,41
538,14,186,75,178,206,251,124,169,42
538,15,207,22,71,84,81,219,239,192
538,16,46,249,167,5,196,55,233,90
538,17,50,56,61,7,250,172,23,213
538,18,12,50,57,187,179,21,222,56
538,19,130,111,68,175,106,155,119,211
538,20,234,186,7,88,13,207,201,69
538,21,145,29,94,164,105,89,13,234
538,22,130,169,91,51,35,143,158,222
538,23,189,94,147,106,255,236,17,216
538,24,65,26,128,63,217,132,74,205
538,25,156,43,48,147,97,30,123,41
538,26,32,75,124,20,178,186,61,169
538,27,87,81,88,200,207,84,22,192
538,28,46,55,5,133,136,99,167,90
538,29,50,250,172,7,76,61,23,205
538,30,81,179,187,12,211,9,103,115
538,31,130,68,106,181,39,175,251,111
538,32,98,106,134,99,131,201,217,186
538,33,183,116,232,238,126,86,49,58
538,34,84,171,207,180,34,61,235,62
538,35,145,218,22,57,20,153,60,30
538,36,120,14,211,70,181,117,202,28
538,37,190,143,31,145,182,58,37,184
538,38,213,95,71,148,92,75,241,126
538,39,2,69,189,38,15,213,248,217
539,0,57,110,56,32,127,157,165,6
539,1,73,117,118,242,161,72,86,90
539,2,133,255,33,80,243,121,10,165
539,3,171,70,89,131,121,111,217,123
539,4,118,74,242,244,122,254,89,30
539,5,24,44,144,169,224,88,231,83
539,6,183,142,165,164,133,198,208,96
539,7,2,1,56,10,37,101,222,237
539,8,207,234,186,201,216,88,69,33
539,9,13,217,148,105,156,145,192,43
539,10,161,24,91,72,114,73,62,69
539,11,27,210,195,140,147,106,95,236
539,12,65,155,84,107,212,7,121,22
539,13,48,30,22,156,41,142,18,33
539,14,32,178,61,75,186,251,89,37
539,15,87,84,88,22,207,239,135,219
539,16,249,46,167,90,233,211,161,123
539,17,50,56,17,205,7,166,201,23
539,18,12,211,222,21,159,135,115,56
539,19,111,106,120,68,155,175,107,199
539,20,201,186,234,88,13,69,207,190
539,21,13,148,105,145,47,89,237,231
539,22,91,72,143,81,24,35,114,73
539,23,147,94,106,210,27,3,154,195
539,24,65,181,84,121,19,133,132,155
539,25,48,22,156,30,29,142,41,51
539,26,37,75,186,61,178,251,206,32
539,27,203,207,192,84,113,22,88,250
539,28,167,136,249,161,99,46,90,55
539,29,50,23,214,17,7,56,205,139
539,30,81,12,159,103,211,9,71,115
539,31,91,68,175,107,181,251,120,111
539,32,201,221,106,217,91,48,212,62
539,33,96,58,121,116,151,107,38,215
539,34,226,208,171,56,175,95,34,252
539,35,85,218,20,99,151,22,236,60
539,36,211,195,1,246,117,202,152,193
539,37,67,174,143,161,56,83,60,87
539,38,201,9,234,195,30,44,101,213
539,39,246,1,250,92,248,15,215,183
540,0,84,228,102,14,194,67,250,176
540,1,29,117,118,72,65,255,111,90
540,2,80,133,33,15,240,69,108,104
540,3,116,171,137,70,20,203,214,19
540,4,74,244,30,112,215,118,183,163
540,5,169,144,44,88,24,134,130,83
540,6,183,42,142,136,73,165,133,217
540,7,56,1,10,2,89,37,217,239
540,8,120,207,186,216,201,88,190,214
540,9,105,148,145,13,192,14,128,11
540,10,24,161,114,72,91,69,168,7
540,11,114,27,210,147,195,236,66,95
540,12,155,65,212,132,84,206,181,121
540,13,22,48,38,168,142,30,18,41
540,14,241,61,186,213,42,218,251,178
540,15,203,22,84,239,207,88,113,219
540,16,46,90,167,119,136,249,66,161
540,17,50,197,56,23,205,7,130,92
540,18,12,159,165,222,21,28,9,211
540,19,175,91,111,106,181,68,102,155
540,20,186,120,201,13,69,124,207,25
540,21,4,148,145,105,192,234,89,14
540,22,24,143,114,161,72,91,85,73
540,23,210,114,147,94,101,27,208,84
540,24,121,181,57,132,65,84,107,155
540,25,22,48,156,30,142,249,51,226
540,26,186,206,156,178,75,61,39,89
540,27,203,22,207,219,113,84,239,49
540,28,167,249,161,8,90,99,46,136
540,29,50,23,7,17,56,218,231,205
540,30,12,81,9,28,103,211,222,189
540,31,91,175,181,68,107,251,102,111
540,32,217,221,201,212,106,91,62,61
540,33,121,96,116,168,151,58,107,38
540,34,208,56,81,95,171,15,55,70
540,35,99,218,20,39,151,60,92,80
540,36,211,195,117,49,202,193,152,123
540,37,67,174,143,15,193,161,83,165
540,38,44,234,9,213,101,30,126,250
540,39,15,72,92,244,250,183,36,125
541,0,144,242,186,84,234,180,155,152
541,1,29,117,42,198,126,111,118,84
541,2,230,33,150,86,212,133,15,92
541,3,155,44,234,19,214,58,156,66
541,4,112,30,94,218,71,194,98,169
541,5,144,165,202,52,5,168,81,96
541,6,42,142,136,126,59,174,200,198
541,7,181,37,243,83,10,146,155,1
541,8,201,207,190,222,186,88,214,19
541,9,105,14,47,231,128,237,54,234
541,10,91,81,72,85,114,187,140,111
541,11,153,147,10,95,114,3,94,250
541,12,155,219,65,181,194,132,206,84
541,13,48,38,22,113,168,30,140,219
541,14,37,156,119,251,61,89,218,24
541,15,250,203,22,248,84,239,88,135
541,16,46,90,136,249,167,8,253,66
541,17,197,56,50,17,201,205,23,7
541,18,135,12,71,21,251,211,165,222
541,19,111,71,181,66,107,68,91,155
541,20,186,201,190,13,207,222,124,194
541,21,105,14,231,237,234,89,47,4
541,22,0,72,81,114,187,85,143,91
541,23,15,153,10,147,94,225,3,212
541,24,219,65,138,132,155,181,133,194
541,25,22,48,140,30,51,219,113,155
541,26,37,251,156,83,89,24,186,61
541,27,250,248,9,239,192,84,113,22
541,28,90,249,46,136,230,8,99,66
541,29,17,201,56,230,7,23,173,139
541,30,135,103,69,81,28,12,189,21
541,31,71,66,68,111,60,107,51,181
541,32,86,195,162,106,201,91,146,217
541,33,189,116,37,97,6,36,217,248
541,34,90,212,255,28,171,95,187,188
541,35,49,20,22,92,44,3,145,151
541,36,234,147,0,227,39,117,193,14
541,37,220,193,48,83,84,37,145,75
541,38,44,126,75,97,139,213,250,3
541,39,241,224,23,15,125,146,52,218
542,0,157,212,110,57,218,33,59,133
542,1,40,209,96,166,222,13,94,206
542,2,39,128,238,33,36,234,80,20
542,3,44,234,166,4,217,75,105,179
542,4,30,159,156,138,74,112,194,98
542,5,178,144,19,165,31,202,236,250
542,6,42,142,126,59,136,92,178,200
542,7,243,10,37,1,208,155,83,55
542,8,207,157,186,201,190,222,88,69
542,9,14,47,105,54,231,237,4,148
542,10,81,114,72,91,187,46,85,68
542,11,93,3,10,94,250,95,212,147
542,12,219,205,65,194,155,181,132,133
542,13,30,48,164,113,140,173,226,22
542,14,37,83,251,178,89,42,61,156
542,15,250,146,22,84,239,135,109,71
542,16,249,46,90,8,253,167,211,136
542,17,56,104,201,50,17,230,7,23
542,18,135,12,73,71,21,222,28,165
542,19,225,111,38,68,155,181,119,71
542,20,201,186,13,190,207,88,236,222
542,21,105,231,237,148,14,89,163,43
542,22,81,72,7,114,85,159,182,187
542,23,93,116,10,94,147,225,64,17
542,24,219,65,205,132,133,7,19,121
542,25,140,48,30,51,22,164,219,123
542,26,251,37,75,89,156,186,24,241
542,27,239,9,113,192,207,250,84,22
542,28,55,90,99,249,46,8,250,136
542,29,173,104,7,49,139,56,50,92
542,30,135,81,50,103,162,28,12,232
542,31,225,68,38,111,107,71,252,251
542,32,86,106,201,91,62,40,246,32
542,33,36,116,18,6,104,248,96,132
542,34,90,28,238,44,217,171,235,95
542,35,148,190,151,20,92,49,61,218
542,36,227,39,147,255,211,202,193,117
542,37,27,78,193,15,83,174,143,48
542,38,215,44,75,126,250,213,251,97
542,39,158,72,15,125,254,197,224,52
543,0,233,46,63,157,40,110,22,121
543,1,13,223,117,81,85,42,111,197
543,2,107,117,39,252,35,169,22,236
543,3,214,55,202,234,75,166,255,92
543,4,122,139,30,105,228,251,89,74
543,5,114,144,236,178,100,165,10,18
543,6,59,114,42,142,126,200,136,198
543,7,10,44,37,83,1,79,239,95
543,8,35,207,69,201,186,88,103,190
543,9,217,178,14,13,105,237,47,145
543,10,114,81,72,91,62,222,63,163
543,11,236,147,42,142,20,10,250,116
543,12,67,132,7,205,65,59,222,19
543,13,48,140,30,113,18,168,22,175
543,14,37,241,38,75,186,156,218,251
543,15,120,113,250,84,22,88,207,192
543,16,249,90,46,136,167,253,99,188
543,17,56,50,17,23,7,92,205,88
543,18,12,135,103,232,9,71,211,222
543,19,111,107,68,155,71,178,175,252
543,20,201,69,186,13,88,184,35,207
543,21,217,145,178,237,105,14,43,89
543,22,62,114,81,72,143,51,91,31
543,23,42,94,207,147,84,236,66,255
543,24,222,65,19,132,138,181,133,67
543,25,48,51,123,30,156,29,140,18
543,26,75,186,206,169,156,241,251,178
543,27,192,207,113,120,250,88,71,22
543,28,99,167,90,55,136,46,249,211
543,29,50,7,139,56,23,92,17,255
543,30,81,12,103,9,211,159,205,70
543,31,106,68,111,107,251,91,71,102
543,32,96,201,106,217,186,91,40,62
543,33,58,116,238,232,11,38,151,29
543,34,171,180,207,205,95,61,56,235
543,35,145,20,153,151,218,60,80,30
543,36,211,120,181,117,193,29,202,14
543,37,190,31,143,67,250,174,83,37
543,38,213,44,182,95,75,58,250,59
543,39,241,9,15,146,213,68,72,125
544,0,57,110,56,157,127,191,165,67
544,1,222,79,179,137,228,203,119,237
544,2,5,33,81,202,154,251,144,62
544,3,70,171,121,178,194,75,17,51
544,4,122,254,21,74,159,150,183,89
544,5,144,24,114,169,239,130,230,159
544,6,90,230,76,142,42,89,164,77
544,7,237,1,56,221,239,242,210,217
544,8,207,201,88,69,186,184,35,216
544,9,217,148,105,145,14,11,192,200
544,10,24,114,91,73,72,143,69,51
544,11,210,207,147,236,66,94,154,193
544,12,132,84,19,65,154,121,43,107
544,13,48,30,18,41,156,22,51,124
544,14,178,251,186,75,235,169,61,37
544,15,192,22,135,207,84,203,113,88
544,16,167,161,90,249,46,211,118,123
544,17,50,56,7,130,139,17,92,205
544,18,12,165,103,211,222,113,249,96
544,19,111,68,106,175,119,155,178,199
544,20,201,184,88,186,13,207,69,28
544,21,148,145,237,105,89,192,14,102
544,22,73,91,92,143,24,81,114,51
544,23,210,147,94,154,17,207,255,84
544,24,84,65,19,121,181,222,132,107
544,25,48,30,156,51,123,148,18,59
544,26,75,251,178,186,89,241,61,206
544,27,203,192,207,113,88,84,22,250
544,28,161,167,99,90,55,249,211,136
544,29,214,50,23,7,56,139,17,92
544,30,12,81,103,211,71,159,9,165
544,31,91,68,107,251,111,199,102,175
544,32,201,221,48,106,91,62,217,212
544,33,58,96,151,121,116,107,38,253
544,34,208,226,56,171,95,175,34,70
544,35,85,99,20,218,151,22,94,5
544,36,211,195,117,1,246,202,152,193
544,37,67,174,161,56,143,83,60,37
544,38,201,195,9,234,44,213,30,101
544,39,246,1,250,215,92,248,15,37
545,0,84,186,102,228,242,14,63,234
545,1,117,42,111,29,255,84,198,118
545,2,5,33,15,230,80,134,133,108
545,3,116,19,70,214,234,155,66,137
545,4,112,71,30,94,74,21,98,194
545,5,27,169,144,18,2,11,168,33
545,6,172,142,73,198,243,42,44,230
545,7,1,239,242,56,237,10,181,83
545,8,201,69,186,207,88,222,103,65
545,9,145,14,128,105,4,227,237,234
545,10,114,91,24,143,72,51,9,222
545,11,247,207,255,147,114,210,236,153
545,12,43,222,132,59,65,181,84,7
545,13,48,18,30,140,38,51,116,22
545,14,37,186,119,75,156,241,218,206
545,15,203,113,192,250,22,207,84,239
545,16,46,249,90,253,54,99,136,33
545,17,50,197,56,17,23,7,92,205
545,18,12,103,71,135,232,211,113,165
545,19,111,107,71,68,175,181,228,66
545,20,201,65,184,186,69,13,88,207
545,21,215,145,237,14,105,231,4,47
545,22,114,81,91,143,0,72,51,24
545,23,247,147,255,94,208,84,114,153
545,24,222,65,206,59,181,19,132,43
545,25,51,48,140,30,123,228,18,72
545,26,75,251,186,156,37,206,178,169
545,27,192,113,250,142,203,207,9,123
545,28,99,55,249,21,90,54,136,116
545,29,56,7,139,206,17,92,23,50
545,30,103,12,71,81,135,165,9,211
545,31,91,111,71,107,68,113,106,181
545,32,195,201,91,106,40,62,221,32
545,33,244,6,116,58,96,97,37,107
545,34,188,95,56,212,255,171,81,149
545,35,218,196,145,20,22,61,214,30
545,36,211,0,234,117,193,202,8,232
545,37,220,143,84,174,161,67,37,241
545,38,126,44,234,250,213,30,9,101
545,39,241,23,15,125,92,146,68,52
546,0,80,98,69,136,93,14,233,226
546,1,120,171,92,160,57,91,234,187
546,2,84,56,33,225,189,142,54,141
546,3,148,105,70,51,116,143,21,33
546,4,112,37,71,254,98,119,172,30
546,5,27,144,169,11,194,18,250,68
546,6,142,172,52,198,73,59,200,90
546,7,56,1,239,181,242,237,83,37
546,8,201,69,207,186,88,222,190,184
546,9,14,105,145,215,4,128,234,47
546,10,24,114,91,5,143,72,81,51
546,11,247,255,207,249,210,147,236,103
546,12,43,132,181,59,222,219,65,133
546,13,140,48,30,18,116,123,51,41
546,14,37,156,186,251,206,169,75,42
546,15,250,22,192,207,113,203,84,71
546,16,253,42,249,90,123,46,8,167
546,17,50,56,7,17,92,139,205,254
546,18,12,103,135,71,165,211,190,222
546,19,111,68,71,107,155,199,42,113
546,20,201,184,88,186,13,69,190,124
546,21,237,215,145,105,231,14,89,47
546,22,81,91,24,114,143,7,31,5
546,23,255,210,94,147,10,3,247,103
546,24,43,222,65,132,181,219,19,84
546,25,140,48,51,123,30,18,228,117
546,26,251,75,37,156,61,186,178,153
546,27,192,113,203,250,142,207,99,71
546,28,249,161,55,116,54,99,90,33
546,29,56,17,206,139,7,218,92,23
546,30,103,71,12,135,165,211,81,222
546,31,91,111,107,199,68,181,71,113
546,32,221,89,91,201,62,40,106,32
546,33,105,244,107,96,58,116,121,49
546,34,56,95,81,208,171,12,252,102
546,35,132,218,20,22,61,99,151,127
546,36,211,246,202,152,253,117,193,195
546,37,174,161,143,67,158,83,60,37
546,38,234,44,9,30,101,126,213,201
546,39,246,1,250,15,248,92,125,203
547,0,210,144,250,242,186,84,50,188
547,1,198,95,79,217,42,160,91,128
547,2,84,56,159,92,150,75,33,13
547,3,148,155,66,234,44,239,158,214
547,4,112,37,94,30,98,71,194,158
547,5,2,18,27,144,9,194,52,66
547,6,172,142,52,59,73,154,198,42
547,7,1,239,181,83,10,37,242,95
547,8,159,201,184,207,88,186,69,103
547,9,14,145,237,215,105,128,47,11
547,10,81,114,91,5,143,51,222,9
547,11,255,145,3,147,153,66,236,103
547,12,132,59,222,65,181,43,205,84
547,13,140,48,30,18,175,116,51,113
547,14,75,186,251,37,61,89,169,119
547,15,250,203,84,113,88,71,22,192
547,16,46,253,249,90,55,136,167,33
547,17,56,50,17,197,7,92,205,139
547,18,103,12,71,135,211,9,165,113
547,19,111,51,71,228,155,68,107,178
547,20,201,159,184,186,107,13,88,28
547,21,145,105,237,14,89,215,102,47
547,22,114,81,91,143,31,0,51,72
547,23,66,255,94,147,145,3,153,103
547,24,65,206,132,59,19,133,222,121
547,25,48,51,30,140,123,18,199,156
547,26,251,75,186,169,61,178,119,89
547,27,192,113,233,88,71,207,142,219
547,28,55,99,90,46,167,136,54,116
547,29,7,56,115,139,92,206,23,255
547,30,103,12,81,165,142,69,9,222
547,31,111,51,71,68,107,91,106,170
547,32,106,201,195,96,86,40,186,217
547,33,6,116,58,49,97,37,189,238
547,34,212,95,90,255,180,171,101,173
547,35,145,153,22,49,20,218,80,190
547,36,234,39,0,211,117,227,193,14
547,37,145,220,84,27,250,190,143,37
547,38,215,213,0,44,75,126,250,35
547,39,241,23,15,146,9,197,72,125
548,0,165,233,157,85,49,93,110,227
548,1,203,134,81,40,222,234,16,96
548,2,84,120,108,159,33,173,101,69
548,3,214,148,85,236,188,55,105,45
548,4,122,119,172,112,98,30,105,254
548,5,250,144,114,178,2,236,18,61
548,6,172,142,90,52,107,73,42,59
548,7,1,239,101,37,79,237,10,83
548,8,159,201,207,88,184,186,69,103
548,9,217,145,14,105,237,215,47,128
548,10,222,114,62,81,91,5,51,72
548,11,66,255,145,207,147,236,247,3
548,12,132,59,19,222,65,43,205,181
548,13,18,48,30,116,140,137,81,123
548,14,75,186,37,119,251,169,24,218
548,15,113,192,22,207,84,39,88,219
548,16,46,249,90,167,253,55,188,99
548,17,56,17,50,92,7,139,88,205
548,18,12,103,165,9,135,211,113,71
548,19,111,51,71,68,170,178,102,106
548,20,201,186,88,184,159,28,13,107
548,21,145,217,14,105,102,237,192,89
548,22,62,114,31,143,51,73,81,222
548,23,66,255,94,103,147,84,42,101
548,24,65,132,206,19,59,107,121,133
548,25,48,137,51,18,30,123,72,199
548,26,251,186,75,178,169,83,241,119
548,27,113,192,142,219,22,207,239,120
548,28,55,99,90,167,13,211,118,46
548,29,7,56,92,206,23,130,139,147
548,30,12,103,165,81,222,9,215,142
548,31,111,71,91,68,225,106,175,107
548,32,96,201,106,186,40,217,62,91
548,33,58,116,11,238,232,28,49,12
548,34,180,95,207,171,149,56,101,196
548,35,145,20,153,218,80,60,22,132
548,36,211,181,117,120,202,193,172,8
548,37,31,190,84,220,241,143,174,37
548,38,213,44,250,75,126,95,228,59
548,39,241,9,15,146,254,72,125,68
549,0,110,57,165,127,157,56,221,59
549,1,203,85,137,63,113,7,117,79
549,2,120,89,165,84,117,169,33,28
549,3,70,85,171,105,19,237,131,188
549,4,122,254,30,138,17,172,74,21
549,5,24,250,144,18,44,169,114,11
549,6,107,142,172,73,128,59,42,90
549,7,37,1,56,83,239,242,10,103
549,8,201,88,69,184,186,190,222,214
549,9,148,237,14,234,217,105,192,145
549,10,73,91,92,24,114,51,72,143
549,11,154,210,94,207,147,66,255,236
549,12,121,84,65,19,107,132,133,147
549,13,18,30,48,137,51,175,173,226
549,14,186,178,251,37,75,61,89,169
549,15,22,203,192,113,219,101,61,84
549,16,161,167,46,90,249,123,55,211
549,17,130,92,56,7,191,214,147,50
549,18,12,165,9,103,222,113,11,246
549,19,106,111,175,71,68,155,119,225
549,20,201,107,186,28,184,88,202,13
549,21,148,145,192,14,105,102,89,43
549,22,73,92,24,114,143,31,51,107
549,23,154,210,147,94,255,84,93,250
549,24,84,65,19,206,132,121,107,181
549,25,48,137,51,30,18,123,76,148
549,26,251,186,178,75,169,61,119,241
549,27,203,113,192,207,219,22,142,239
549,28,161,167,99,90,211,46,249,55
549,29,214,7,206,56,92,50,23,139
549,30,103,12,81,165,222,71,215,211
549,31,91,68,111,71,107,199,175,181
549,32,201,48,62,106,18,221,91,212
549,33,96,58,107,116,151,121,28,253
549,34,95,56,175,208,171,252,64,34
549,35,85,218,20,99,94,61,22,2
549,36,211,195,246,202,117,152,193,172
549,37,161,174,56,67,60,143,83,135
549,38,234,201,30,9,195,44,126,213
549,39,246,1,250,92,248,215,15,183
550,0,228,84,102,14,127,80,176,57
550,1,29,251,171,111,117,65,118,3
550,2,15,120,179,141,89,165,135,108
550,3,116,20,171,70,203,38,51,47
550,4,74,112,215,172,30,12,21,179
550,5,250,169,144,24,18,11,76,151
550,6,107,136,142,42,73,128,117,172
550,7,56,37,1,239,10,217,83,95
550,8,120,201,186,69,88,190,184,214
550,9,14,105,148,145,237,11,234,192
550,10,24,114,51,91,1,7,73,81
550,11,114,207,210,66,236,224,147,200
550,12,206,132,84,65,19,133,121,181
550,13,137,18,48,30,51,38,81,76
550,14,186,178,37,251,218,119,61,42
550,15,203,22,113,239,192,219,84,9
550,16,46,90,167,161,249,99,211,21
550,17,56,197,92,50,7,23,205,206
550,18,165,12,103,9,222,211,142,113
550,19,91,111,71,175,106,102,68,148
550,20,201,120,186,107,184,88,13,124
550,21,145,14,148,4,105,192,11,234
550,22,24,114,143,51,73,85,31,91
550,23,114,210,154,147,94,255,84,224
550,24,206,65,132,84,19,59,181,57
550,25,48,137,51,38,18,199,30,123
550,26,251,186,119,206,178,75,241,169
550,27,113,192,203,22,207,239,219,142
550,28,21,161,90,99,167,13,186,118
550,29,206,7,56,92,218,23,139,50
550,30,103,165,12,222,81,190,9,28
550,31,91,71,111,68,102,107,175,181
550,32,221,201,102,62,217,40,106,212
550,33,121,168,116,96,151,224,58,12
550,34,81,95,208,56,55,28,15,64
550,35,99,39,20,218,60,61,151,22
550,36,117,49,195,211,193,202,172,14
550,37,193,15,174,161,67,241,90,83
550,38,44,213,234,126,9,30,250,101
550,39,15,72,244,183,36,92,250,125
551,0,180,46,65,212,218,110,63,250
551,1,29,251,111,42,117,126,255,221
551,2,15,212,141,136,120,89,239,84
551,3,214,19,66,20,194,234,44,228
551,4,30,112,37,12,215,194,74,126
551,5,254,67,100,144,250,18,31,169
551,6,107,136,142,42,73,174,128,115
551,7,4,56,1,217,37,239,10,83
551,8,201,186,120,88,69,207,28,43
551,9,14,234,240,145,105,192,11,237
551,10,24,51,1,31,7,114,143,91
551,11,250,114,207,17,236,109,94,147
551,12,132,206,65,121,84,133,181,19
551,13,137,18,48,51,30,124,81,76
551,14,186,251,178,218,169,37,101,119
551,15,22,113,203,192,219,142,239,186
551,16,186,167,46,90,21,99,237,249
551,17,56,157,50,92,7,197,191,23
551,18,12,165,103,9,11,188,215,142
551,19,91,111,71,178,68,175,119,102
551,20,201,186,107,120,88,28,124,13
551,21,14,145,240,192,4,11,105,234
551,22,114,31,143,24,51,85,17,107
551,23,109,114,156,94,103,210,113,147
551,24,206,65,132,181,59,19,107,57
551,25,48,51,137,38,18,30,123,72
551,26,186,251,206,220,178,119,156,169
551,27,113,192,22,142,219,239,207,118
551,28,186,21,90,99,167,13,161,118
551,29,7,206,56,157,92,23,191,139
551,30,12,103,165,222,70,81,9,28
551,31,91,71,111,107,102,68,170,175
551,32,221,116,40,102,201,217,75,91
551,33,116,182,168,121,224,58,151,96
551,34,95,28,81,205,55,208,56,149
551,35,99,20,39,60,218,132,236,206
551,36,117,49,211,193,202,195,147,172
551,37,193,15,220,83,174,161,241,67
551,38,44,213,126,250,234,9,30,101
551,39,15,72,244,183,36,92,250,125
552,0,110,165,157,84,50,212,250,58
552,1,29,126,221,111,157,206,79,37
552,2,132,173,212,183,112,94,15,136
552,3,194,213,214,44,66,76,234,202
552,4,30,37,55,138,112,2,180,164
552,5,144,3,178,232,168,195,14,33
552,6,42,107,136,174,142,115,44,128
552,7,4,37,1,240,146,242,83,10
552,8,201,186,43,88,190,69,124,28
552,9,14,234,105,237,192,196,145,5
552,10,7,1,51,91,85,143,114,81
552,11,94,103,93,250,147,84,17,116
552,12,65,121,133,57,132,181,205,84
552,13,48,51,30,137,18,124,207,122
552,14,251,186,178,42,169,37,61,152
552,15,22,113,239,118,142,84,192,9
552,16,186,167,90,46,99,21,211,249
552,17,56,7,191,92,23,157,50,147
552,18,12,165,103,9,222,11,173,142
552,19,91,111,225,71,175,106,68,178
552,20,201,186,107,88,68,13,184,28
552,21,14,145,105,192,234,89,220,11
552,22,114,7,31,85,73,51,143,0
552,23,116,103,147,94,255,212,84,113
552,24,65,128,59,132,205,57,181,133
552,25,48,137,30,51,140,222,81,18
552,26,251,218,178,114,186,101,169,61
552,27,192,113,142,239,22,118,171,39
552,28,90,193,46,99,186,21,55,167
552,29,88,7,56,61,49,92,173,157
552,30,50,165,81,162,12,103,28,70
552,31,225,111,91,71,68,170,38,181
552,32,106,179,157,86,201,125,40,91
552,33,116,104,6,132,96,36,182,49
552,34,28,44,238,171,20,95,62,173
552,35,148,190,40,145,20,236,74,63
552,36,39,227,120,115,147,211,202,14
552,37,190,27,193,78,16,169,145,250
552,38,169,215,75,213,196,96,158,202
552,39,231,158,15,197,179,163,129,75
553,0,123,249,242,229,196,105,7,216
553,1,225,118,231,27,244,150,93,148
553,2,4,227,163,162,103,100,17,229
553,3,133,187,152,235,31,231,234,84
553,4,30,167,222,142,251,13,165,127
553,5,104,193,6,224,88,44,204,186
553,6,107,167,142,172,42,174,153,59
553,7,37,29,4,239,1,10,83,23
553,8,201,234,186,69,184,88,89,207
553,9,13,94,29,237,105,145,164,234
553,10,130,91,81,169,51,5,72,143
553,11,189,255,145,236,103,147,94,250
553,12,205,26,65,63,59,132,222,19
553,13,43,30,48,18,51,140,147,97
553,14,186,37,178,75,61,251,42,124
553,15,22,113,84,239,81,207,88,219
553,16,249,46,90,233,196,5,167,99
553,17,56,17,50,61,205,250,7,172
553,18,12,50,57,187,179,103,211,9
553,19,130,111,155,68,107,119,39,252
553,20,201,234,186,88,13,207,69,184
553,21,29,94,237,13,145,89,47,105
553,22,91,130,169,81,72,143,222,51
553,23,189,255,147,94,106,42,236,103
553,24,65,26,63,128,205,74,19,160
553,25,43,48,30,140,147,97,156,29
553,26,32,61,75,124,169,251,178,186
553,27,87,81,113,88,192,84,207,200
553,28,46,99,5,90,133,136,167,55
553,29,250,172,7,76,61,115,255,92
553,30,81,187,179,103,12,211,142,205
553,31,130,111,106,120,68,181,252,164
553,32,98,99,106,134,201,91,131,217
553,33,183,232,116,238,58,126,49,190
553,34,34,84,207,171,180,97,161,56
553,35,145,20,22,153,218,57,61,151
553,36,120,211,181,70,14,117,202,172
553,37,190,145,143,58,31,67,193,174
553,38,92,71,213,148,95,126,250,44
553,39,2,69,189,38,248,213,15,217
554,0,157,165,233,32,106,33,66,110
554,1,86,203,112,117,242,73,118,113
554,2,133,121,255,222,10,219,60,58
554,3,214,236,55,219,171,234,17,75
554,4,122,118,244,30,67,74,242,119
554,5,250,44,31,178,114,88,69,18
554,6,107,42,19,142,90,172,183,73
554,7,2,44,1,37,10,239,95,79
554,8,159,216,186,201,33,122,35,184
554,9,217,156,13,14,132,145,47,151
554,10,161,114,62,253,72,91,51,222
554,11,66,195,27,236,36,247,145,20
554,12,155,212,65,43,132,19,154,115
554,13,22,18,48,142,137,33,116,30
554,14,186,241,75,147,37,169,178,218
554,15,113,22,192,39,88,207,219,142
554,16,46,90,96,188,167,186,13,99
554,17,56,50,92,7,17,132,88,23
554,18,12,148,103,165,142,190,9,113
554,19,111,51,120,71,178,225,170,107
554,20,201,186,88,216,107,13,69,28
554,21,217,145,14,11,105,192,4,102
554,22,62,114,31,143,51,253,222,72
554,23,66,255,36,101,103,94,42,84
554,24,132,65,19,59,206,181,155,121
554,25,142,51,22,48,33,123,18,137
554,26,251,186,178,169,75,206,114,101
554,27,113,192,142,22,207,219,120,197
554,28,99,90,21,96,55,186,118,211
554,29,7,56,92,206,23,139,130,90
554,30,103,12,81,222,165,159,9,148
554,31,120,225,111,106,68,91,71,170
554,32,96,201,186,106,40,217,62,91
554,33,58,116,232,11,238,28,121,151
554,34,180,95,34,207,171,56,196,101
554,35,145,153,20,218,85,2,60,132
554,36,211,181,202,117,120,193,172,67
554,37,31,190,84,174,220,143,241,60
554,38,250,44,126,95,213,75,123,228
554,39,241,9,146,15,213,68,125,61
555,0,110,165,57,127,157,221,56,39
555,1,203,85,113,137,179,7,63,117
555,2,117,89,165,194,133,234,62,243
555,3,70,214,171,58,121,234,236,227
555,4,254,122,74,244,172,17,138,30
555,5,24,250,144,169,88,18,114,44
555,6,107,19,42,142,73,198,193,147
555,7,2,56,1,37,10,44,52,83
555,8,201,216,186,88,184,159,69,214
555,9,148,217,14,105,237,213,234,145
555,10,73,24,91,92,51,114,161,253
555,11,210,154,66,207,147,94,236,255
555,12,121,212,84,65,132,155,115,19
555,13,18,48,137,142,30,51,22,75
555,14,186,178,251,156,75,169,37,89
555,15,22,113,219,203,192,239,84,207
555,16,167,161,90,46,249,123,186,211
555,17,191,56,7,92,50,23,130,147
555,18,12,103,11,165,9,222,246,190
555,19,111,175,68,120,106,119,102,71
555,20,201,107,216,88,69,186,28,13
555,21,145,148,4,14,192,234,11,43
555,22,24,51,143,114,31,85,73,158
555,23,210,154,94,84,255,147,103,250
555,24,65,132,84,19,181,206,59,57
555,25,48,51,137,76,22,18,142,30
555,26,186,206,156,251,169,75,178,101
555,27,203,113,192,22,239,207,13,142
555,28,161,99,167,21,66,237,90,249
555,29,214,7,206,56,92,23,191,50
555,30,103,12,222,165,81,71,215,211
555,31,91,120,111,199,68,71,107,175
555,32,48,201,221,40,91,62,18,217
555,33,96,58,107,116,151,121,28,49
555,34,56,95,208,175,34,171,252,64
555,35,85,218,20,99,94,61,22,2
555,36,211,195,246,202,152,117,193,248
555,37,161,174,56,67,143,60,83,43
555,38,201,234,30,9,195,44,126,213
555,39,246,1,92,250,215,183,15,248
556,0,46,84,127,63,186,202,172,110
556,1,65,111,29,185,32,92,171,251
556,2,15,89,147,117,134,165,179,104
556,3,116,171,19,214,132,55,228,20
556,4,155,112,74,30,71,251,179,215
556,5,253,254,169,100,250,144,12,18
556,6,175,107,142,73,18,42,198,19
556,7,56,10,1,37,239,83,95,4
556,8,38,49,186,201,69,7,65,88
556,9,14,145,105,237,148,96,234,192
556,10,24,51,114,1,91,72,253,222
556,11,79,114,210,236,207,250,147,216
556,12,132,84,65,155,19,43,115,206
556,13,22,48,76,142,137,18,30,156
556,14,186,169,251,235,178,75,218,42
556,15,203,44,113,207,22,76,84,219
556,16,167,90,186,46,249,211,55,13
556,17,197,56,114,50,92,7,23,205
556,18,12,215,214,222,9,165,103,142
556,19,68,111,71,175,199,178,119,211
556,20,201,49,186,7,38,69,88,13
556,21,145,14,105,192,240,4,96,11
556,22,51,24,114,143,85,158,31,69
556,23,79,210,114,94,216,101,255,147
556,24,65,132,206,19,84,43,133,181
556,25,48,156,195,76,51,30,137,142
556,26,186,251,39,206,199,178,220,75
556,27,207,44,192,142,186,239,76,203
556,28,21,161,249,90,99,2,211,167
556,29,7,206,114,56,50,23,92,67
556,30,215,222,214,12,103,81,165,71
556,31,68,71,91,181,175,199,107,251
556,32,221,62,139,201,91,32,217,246
556,33,58,121,116,96,107,182,244,212
556,34,95,81,56,208,70,171,15,34
556,35,20,218,132,151,85,236,99,126
556,36,211,172,202,252,195,246,117,152
556,37,174,161,56,67,83,60,143,87
556,38,234,44,9,30,195,126,201,101
556,39,15,127,125,248,246,92,238,1
557,0,228,102,14,93,84,21,136,194
557,1,185,105,32,148,37,39,92,120
557,2,142,147,233,134,171,179,15,67
557,3,85,244,28,49,124,12,162,27
557,4,155,30,97,174,251,246,23,21
557,5,253,25,12,162,143,144,57,200
557,6,175,142,107,174,18,104,254,42
557,7,1,130,83,37,56,10,4,95
557,8,201,88,28,236,186,43,49,207
557,9,105,145,43,192,196,162,213,14
557,10,243,127,150,24,91,247,176,185
557,11,128,42,160,94,206,56,12,135
557,12,107,65,18,128,208,145,132,121
557,13,134,175,118,156,154,182,30,48
557,14,251,16,148,32,169,186,51,75
557,15,22,87,207,192,148,113,84,58
557,16,233,74,133,123,249,229,167,55
557,17,50,56,147,7,92,205,71,73
557,18,12,222,165,21,215,9,190,70
557,19,68,111,155,106,251,218,175,20
557,20,201,7,13,28,88,186,19,124
557,21,13,145,43,89,192,234,105,102
557,22,143,160,35,51,31,158,222,120
557,23,80,94,208,106,216,103,200,250
557,24,132,107,65,22,217,181,121,221
557,25,156,48,30,41,13,123,254,117
557,26,186,16,89,39,169,251,95,160
557,27,87,157,22,207,192,84,219,113
557,28,233,21,90,2,167,123,249,99
557,29,23,7,150,50,206,56,114,92
557,30,222,215,12,70,214,165,103,238
557,31,68,175,91,181,71,120,107,251
557,32,221,62,139,217,91,246,89,40
557,33,121,96,58,116,107,244,212,49
557,34,95,81,56,70,208,171,15,34
557,35,20,218,132,151,85,99,236,126
557,36,211,202,172,246,195,252,117,152
557,37,174,161,83,67,143,60,87,37
557,38,234,44,9,30,201,126,101,213
557,39,246,1,15,250,248,92,125,220
558,0,242,186,234,144,84,188,155,92
558,1,198,42,117,105,37,157,79,111
558,2,147,230,150,15,86,101,212,142
558,3,155,44,66,234,19,58,156,213
558,4,112,94,30,71,194,169,155,158
558,5,253,12,168,35,144,5,98,33
558,6,123,175,142,18,107,94,1,9
558,7,243,146,4,1,181,84,77,95
558,8,49,43,124,7,201,186,236,69
558,9,145,14,4,105,231,237,162,96
558,10,140,51,158,143,85,114,15,7
558,11,153,216,79,122,208,94,190,212
558,12,65,132,206,217,84,133,173,22
558,13,48,156,195,76,30,137,51,163
558,14,220,186,199,169,251,39,42,178
558,15,207,22,186,123,142,113,203,239
558,16,21,90,167,2,249,233,20,123
558,17,206,197,56,114,50,7,92,191
558,18,12,222,215,165,238,11,214,70
558,19,68,60,111,71,91,65,175,21
558,20,201,7,49,25,38,13,43,88
558,21,96,145,4,14,11,43,105,162
558,22,0,140,51,174,114,143,158,107
558,23,103,79,208,116,94,216,15,114
558,24,65,132,181,206,133,107,217,95
558,25,48,195,156,76,51,155,30,140
558,26,186,206,220,199,169,218,251,39
558,27,186,207,142,192,44,113,123,76
558,28,21,90,99,249,233,230,2,55
558,29,56,206,114,7,49,88,23,92
558,30,50,12,215,222,165,162,70,214
558,31,60,71,68,251,185,107,175,111
558,32,86,62,139,91,195,217,179,106
558,33,36,116,104,37,97,6,181,248
558,34,28,90,212,44,238,255,109,62
558,35,44,190,148,20,145,49,121,255
558,36,147,39,172,227,234,115,120,14
558,37,27,193,190,220,145,169,78,16
558,38,215,169,196,35,96,158,18,75
558,39,231,158,224,197,23,15,226,179
559,0,242,249,229,105,196,7,101,123
559,1,118,225,231,27,150,244,62,93
559,2,147,242,227,215,17,163,162,4
559,3,133,187,152,235,84,37,31,146
559,4,167,30,251,142,222,13,67,170
559,5,12,6,104,253,224,66,35,204
559,6,123,175,107,167,142,18,1,200
559,7,4,239,10,29,238,1,84,83
559,8,49,201,234,124,88,43,186,69
559,9,145,29,94,11,4,14,234,105
559,10,51,1,143,140,169,114,7,0
559,11,103,79,189,250,94,147,190,236
559,12,132,19,65,115,59,121,133,32
559,13,51,30,48,18,137,133,76,156
559,14,186,169,178,206,251,75,119,235
559,15,113,207,22,192,84,186,219,239
559,16,167,90,249,46,186,118,99,123
559,17,50,56,61,7,191,92,206,114
559,18,12,50,57,187,103,215,190,11
559,19,111,130,68,155,102,119,175,211
559,20,201,234,88,186,107,49,25,13
559,21,145,29,94,234,89,105,164,11
559,22,130,169,51,216,91,114,143,222
559,23,189,79,255,103,94,147,236,84
559,24,65,205,128,26,132,63,19,59
559,25,97,43,48,140,30,156,147,18
559,26,32,124,75,169,89,186,218,61
559,27,87,113,81,207,84,88,171,200
559,28,46,133,99,5,90,196,55,167
559,29,172,61,250,76,7,23,115,50
559,30,81,179,187,12,103,211,205,9
559,31,130,111,68,39,106,181,252,120
559,32,106,98,134,99,201,131,91,185
559,33,183,116,232,238,126,86,49,58
559,34,84,34,207,171,180,62,252,96
559,35,145,218,22,20,153,57,61,151
559,36,120,14,211,70,181,202,172,117
559,37,190,143,145,31,58,174,67,182
559,38,213,71,92,148,95,126,75,122
559,39,2,69,248,189,38,15,213,154
560,0,157,165,233,32,106,33,66,110
560,1,203,86,117,112,73,118,113,242
560,2,133,222,255,121,61,76,10,219
560,3,236,214,55,219,171,75,252,255
560,4,122,244,67,30,118,119,242,6
560,5,224,12,44,250,114,31,88,100
560,6,107,19,142,42,175,172,18,54
560,7,1,2,44,10,37,176,239,95
560,8,159,216,186,33,201,88,184,69
560,9,217,156,13,132,14,145,115,47
560,10,161,62,114,51,91,253,222,72
560,11,66,36,133,236,20,195,147,145
560,12,65,212,115,155,132,19,59,43
560,13,22,33,142,18,48,137,30,104
560,14,147,75,186,241,218,119,178,169
560,15,113,22,192,207,88,39,84,219
560,16,156,46,90,55,13,186,167,81
560,17,56,110,50,92,7,17,205,88
560,18,12,103,128,148,165,215,9,142
560,19,120,111,51,71,178,68,102,41
560,20,201,186,88,216,107,13,69,33
560,21,217,145,14,11,105,89,156,132
560,22,62,114,143,51,31,161,72,248
560,23,255,36,66,94,42,101,103,84
560,24,132,65,19,59,155,181,206,121
560,25,142,48,51,33,22,18,123,30
560,26,186,75,169,147,251,206,178,241
560,27,113,192,142,22,219,207,13,120
560,28,99,156,90,46,167,212,55,186
560,29,56,7,92,23,139,115,206,110
560,30,103,12,81,165,222,9,215,159
560,31,111,120,91,225,68,107,106,71
560,32,96,201,217,186,106,40,91,62
560,33,58,116,232,11,238,151,49,121
560,34,180,95,207,34,171,56,196,235
560,35,145,20,218,153,60,151,61,85
560,36,211,181,117,202,120,193,172,101
560,37,31,190,143,84,241,220,174,83
560,38,44,250,213,75,126,95,196,123
560,39,241,9,15,146,125,68,254,61
561,0,110,165,57,127,157,221,56,39
561,1,203,85,113,137,7,179,63,117
561,2,117,165,89,194,222,243,133,62
561,3,70,171,214,236,121,227,85,246
561,4,254,122,74,244,138,172,130,120
561,5,24,169,12,144,250,85,253,13
561,6,107,19,193,198,142,73,42,96
561,7,56,37,1,89,2,136,235,244
561,8,201,216,186,88,49,69,181,236
561,9,148,217,14,145,105,213,11,192
561,10,24,73,161,51,114,92,91,143
561,11,210,154,147,94,74,236,238,66
561,12,212,84,65,121,115,132,154,155
561,13,48,142,18,137,30,22,33,51
561,14,186,178,251,235,169,156,147,89
561,15,22,113,203,207,219,192,239,84
561,16,167,90,224,161,123,46,55,186
561,17,191,7,50,23,106,56,92,213
561,18,12,165,11,103,222,9,215,190
561,19,175,111,68,120,106,102,71,119
561,20,201,69,13,107,88,216,124,186
561,21,145,148,4,234,14,192,105,89
561,22,24,143,114,51,85,31,195,73
561,23,210,94,84,154,103,74,255,147
561,24,132,65,84,19,57,181,206,59
561,25,51,142,48,18,137,123,22,30
561,26,186,206,156,169,75,251,178,241
561,27,113,203,192,22,239,207,142,219
561,28,161,99,21,249,167,90,66,237
561,29,214,7,56,206,23,92,191,50
561,30,103,12,81,222,165,71,215,9
561,31,91,120,111,107,175,199,68,181
561,32,201,217,221,48,91,40,62,106
561,33,96,58,107,116,151,121,49,28
561,34,56,208,95,175,34,171,252,235
561,35,218,85,20,61,99,94,22,236
561,36,211,195,246,202,152,117,172,193
561,37,161,174,67,143,56,60,83,135
561,38,201,234,9,30,195,44,126,213
561,39,246,1,250,92,183,215,15,125
562,0,242,186,234,144,84,188,155,111
562,1,198,111,42,65,118,117,255,29
562,2,15,89,150,86,230,133,117,242
562,3,155,44,19,234,66,116,214,14
562,4,112,30,94,71,194,166,218,74
562,5,253,168,144,169,35,12,33,2
562,6,172,142,107,178,84,73,19,42
562,7,169,239,1,146,10,181,83,37
562,8,201,186,88,43,184,65,159,207
562,9,14,145,105,231,237,5,234,162
562,10,7,85,114,51,9,81,143,1
562,11,153,114,66,250,94,145,210,103
562,12,132,65,206,84,133,155,115,7
562,13,18,48,137,30,22,142,51,38
562,14,186,251,169,220,156,178,218,42
562,15,44,22,239,113,203,84,142,192
562,16,90,167,46,21,211,249,55,99
562,17,197,206,50,23,92,56,7,191
562,18,12,165,103,71,222,9,231,69
562,19,111,71,175,181,68,91,106,178
562,20,201,65,184,88,186,159,13,107
562,21,145,14,5,11,4,43,234,105
562,22,143,0,114,51,85,9,31,107
562,23,15,153,114,94,66,208,103,255
562,24,206,65,132,59,57,107,181,19
562,25,48,51,123,140,30,18,38,137
562,26,186,156,220,169,206,251,218,75
562,27,192,113,44,248,142,22,219,13
562,28,21,99,90,167,46,54,118,123
562,29,206,56,7,23,92,139,236,115
562,30,103,69,12,165,215,238,190,70
562,31,71,111,107,68,51,170,91,113
562,32,195,40,217,201,61,146,62,91
562,33,37,97,217,6,116,12,36,58
562,34,90,188,212,95,255,187,102,54
562,35,214,196,20,49,60,3,61,40
562,36,0,234,117,193,239,8,172,147
562,37,220,84,241,193,57,83,37,147
562,38,250,126,44,213,86,97,59,244
562,39,23,241,15,62,52,181,145,68
563,0,136,89,78,18,56,241,14,227
563,1,40,234,117,6,67,96,228,237
563,2,94,120,178,224,172,101,2,65
563,3,50,111,85,15,255,153,1,109
563,4,253,30,156,37,71,227,218,162
563,5,253,174,142,168,19,250,35,144
563,6,172,84,25,178,142,174,107,108
563,7,169,146,239,243,1,167,22,95
563,8,157,201,88,186,43,124,207,28
563,9,14,231,145,5,105,162,11,227
563,10,12,68,85,140,7,114,81,143
563,11,64,130,212,250,94,208,145,66
563,12,65,132,206,7,157,155,118,22
563,13,42,48,18,137,30,81,22,51
563,14,186,251,218,220,156,169,157,89
563,15,22,113,239,44,231,118,197,142
563,16,21,90,167,20,99,55,46,207
563,17,23,185,191,7,206,50,92,197
563,18,165,12,71,231,173,72,103,9
563,19,71,175,111,216,181,106,107,43
563,20,201,65,13,157,28,184,88,124
563,21,14,5,43,145,4,11,234,192
563,22,143,12,114,68,85,51,128,140
563,23,64,94,208,103,255,84,156,15
563,24,206,57,65,132,59,181,107,95
563,25,42,48,123,51,122,18,30,140
563,26,186,156,206,220,169,251,89,178
563,27,113,192,22,142,219,44,207,123
563,28,21,20,99,90,118,123,66,167
563,29,185,206,56,7,92,23,139,191
563,30,72,12,103,165,238,70,190,69
563,31,111,71,107,170,68,113,216,251
563,32,224,40,217,197,61,206,62,43
563,33,63,12,217,156,18,206,40,116
563,34,152,188,90,95,54,102,149,213
563,35,214,196,20,60,100,3,127,40
563,36,251,24,239,193,117,57,129,210
563,37,50,14,241,57,37,147,83,97
563,38,250,146,126,44,244,86,59,97
563,39,177,85,62,13,15,181,52,61
564,0,36,134,175,55,199,1,151,157
564,1,254,42,234,165,213,221,117,49
564,2,94,120,84,95,201,182,101,178
564,3,15,247,66,148,214,234,42,58
564,4,30,253,37,194,180,158,231,227
564,5,253,27,19,2,236,31,142,33
564,6,172,142,174,107,84,178,200,42
564,7,169,239,243,10,37,167,83,210
564,8,201,88,186,103,28,69,207,43
564,9,14,145,105,5,227,11,162,196
564,10,114,12,7,51,1,8,9,85
564,11,103,94,250,255,85,84,2,147
564,12,43,132,65,206,7,59,84,157
564,13,48,18,137,199,30,140,22,51
564,14,169,186,251,119,156,178,218,89
564,15,44,113,22,192,233,203,239,207
564,16,90,55,99,167,46,21,188,249
564,17,191,50,7,23,56,92,206,197
564,18,12,71,165,103,11,222,9,215
564,19,71,111,175,68,102,181,178,155
564,20,201,88,186,69,13,65,28,107
564,21,145,14,4,105,146,227,11,5
564,22,114,143,0,85,51,7,31,12
564,23,103,255,247,85,94,238,147,84
564,24,206,65,43,132,59,107,181,57
564,25,48,140,51,199,123,137,30,133
564,26,186,220,169,93,206,156,251,119
564,27,192,142,239,113,44,13,22,16
564,28,21,99,90,13,249,118,55,161
564,29,206,56,7,92,23,139,115,191
564,30,12,103,165,50,215,71,72,70
564,31,111,71,91,107,68,170,181,175
564,32,201,40,76,18,217,62,91,246
564,33,6,95,244,116,11,58,107,104
564,34,95,56,90,72,28,252,182,171
564,35,20,191,218,132,61,236,49,196
564,36,211,202,147,117,39,152,251,246
564,37,161,193,174,83,126,143,60,67
564,38,234,44,30,126,9,215,196,147
564,39,15,165,158,92,179,197,72,125
565,0,80,226,233,93,69,117,198,96
565,1,134,120,133,241,92,157,77,2
565,2,0,63,75,101,201,94,52,149
565,3,148,15,188,28,122,221,91,53
565,4,119,254,37,172,253,55,105,20
565,5,61,27,253,142,194,250,2,144
565,6,172,90,142,174,154,200,107,178
565,7,181,56,169,239,83,146,1,97
565,8,201,69,88,28,207,112,186,103
565,9,145,14,105,178,11,5,234,237
565,10,51,24,7,85,163,229,114,5
565,11,94,18,250,255,103,247,84,208
565,12,43,132,65,84,7,121,107,59
565,13,18,48,30,140,137,123,82,51
565,14,251,169,186,156,178,218,206,89
565,15,113,22,239,192,233,207,84,16
565,16,167,99,90,13,123,224,54,21
565,17,191,7,23,50,88,56,92,102
565,18,12,165,103,11,222,9,190,71
565,19,111,71,175,102,216,108,68,181
565,20,201,65,184,124,13,88,112,69
565,21,4,145,43,11,234,14,162,178
565,22,143,5,24,51,163,85,114,140
565,23,101,94,84,103,247,255,208,18
565,24,43,181,57,206,132,65,107,59
565,25,48,51,123,199,140,249,18,228
565,26,206,186,156,169,220,251,75,153
565,27,22,192,113,142,99,239,16,207
565,28,21,54,161,99,90,249,118,231
565,29,206,56,7,23,92,231,139,236
565,30,103,12,165,70,71,222,211,231
565,31,91,111,71,107,199,251,181,68
565,32,89,40,91,17,217,62,201,221
565,33,105,244,107,58,116,49,214,253
565,34,56,95,81,12,171,252,208,235
565,35,20,218,132,61,236,99,60,126
565,36,211,253,202,246,152,117,193,195
565,37,161,174,158,67,143,83,60,135
565,38,234,30,9,44,126,213,101,39
565,39,246,1,250,92,248,15,125,203
566,0,144,234,210,186,242,92,111,84
566,1,198,79,95,42,217,163,37,255
566,2,92,13,150,159,86,84,0,75
566,3,155,188,66,148,28,15,255,234
566,4,30,60,94,112,71,158,98,156
566,5,168,33,253,61,81,194,27,66
566,6,154,172,142,200,92,59,107,23
566,7,239,1,181,95,243,169,217,220
566,8,201,88,186,28,124,25,222,207
566,9,237,14,11,234,5,192,145,128
566,10,143,5,51,114,85,9,8,252
566,11,153,255,103,84,208,94,207,147
566,12,59,121,19,178,132,107,65,7
566,13,18,51,48,123,137,173,30,140
566,14,186,169,156,75,251,206,178,69
566,15,113,22,207,192,219,203,197,44
566,16,21,99,167,118,90,42,204,233
566,17,206,50,56,191,92,7,23,197
566,18,12,103,238,9,165,190,71,11
566,19,111,71,91,107,175,68,178,113
566,20,201,88,13,124,25,242,28,69
566,21,14,11,43,145,234,4,192,237
566,22,143,0,114,51,85,5,9,158
566,23,208,153,103,255,84,15,94,200
566,24,65,59,19,132,181,95,107,121
566,25,51,48,123,249,18,140,155,30
566,26,186,156,169,83,206,93,220,75
566,27,113,192,22,142,207,248,219,71
566,28,21,99,167,118,90,233,222,54
566,29,56,7,206,23,236,92,231,191
566,30,165,70,12,103,238,231,69,222
566,31,71,216,111,107,170,68,251,51
566,32,40,86,195,217,176,91,201,61
566,33,6,116,97,198,37,12,94,49
566,34,212,187,28,90,255,235,109,70
566,35,49,20,255,145,100,60,214,131
566,36,0,193,42,234,117,8,57,210
566,37,220,241,87,83,84,97,37,147
566,38,244,44,250,126,157,75,39,97
566,39,23,61,241,15,52,14,252,220
567,0,181,82,107,251,39,255,245,246
567,1,206,40,183,166,39,243,176,31
567,2,173,186,204,84,168,69,132,51
567,3,89,49,122,229,105,111,134,227
567,4,60,156,30,71,101,98,227,182
567,5,194,174,19,33,27,168,232,68
567,6,172,154,200,149,108,92,142,86
567,7,1,243,220,239,95,37,146,173
567,8,68,201,88,248,186,124,236,184
567,9,14,5,145,234,43,4,237,196
567,10,143,68,140,85,15,114,51,158
567,11,208,64,153,207,94,103,26,200
567,12,19,107,59,95,172,106,139,132
567,13,164,18,51,48,123,200,70,30
567,14,169,186,152,156,62,251,129,75
567,15,22,113,207,142,241,192,219,230
567,16,167,21,99,90,118,149,204,13
567,17,50,206,191,26,23,7,56,92
567,18,165,12,70,238,231,103,190,222
567,19,71,111,216,175,237,91,68,107
567,20,201,112,124,248,236,88,13,184
567,21,4,43,162,145,14,196,234,242
567,22,143,68,128,85,15,51,158,241
567,23,64,208,101,207,84,103,94,18
567,24,57,107,36,59,19,65,172,181
567,25,249,51,164,48,122,200,241,123
567,26,152,186,206,156,169,39,89,174
567,27,22,142,113,207,209,9,241,118
567,28,222,21,241,149,30,167,118,233
567,29,26,56,206,7,240,231,23,232
567,30,70,238,165,231,55,12,103,190
567,31,216,237,71,251,185,179,111,68
567,32,224,176,40,199,206,101,217,91
567,33,179,201,12,156,38,171,105,117
567,34,49,217,28,70,235,90,188,34
567,35,224,214,20,40,100,131,255,60
567,36,24,255,57,193,42,239,210,84
567,37,50,83,14,87,241,147,97,37
567,38,44,146,244,250,126,157,39,86
567,39,13,177,85,15,61,62,252,181
568,0,109,2,41,86,55,152,177,115
568,1,236,226,63,42,85,105,245,137
568,2,221,173,84,77,139,120,193,56
568,3,66,44,234,247,197,63,89,218
568,4,30,243,149,51,169,93,180,222
568,5,33,19,168,213,66,250,81,194
568,6,172,149,25,108,245,48,49,58
568,7,1,146,220,167,239,95,130,148
568,8,68,88,201,124,248,186,183,236
568,9,4,14,234,145,196,128,43,162
568,10,143,117,15,17,128,85,114,168
568,11,103,212,94,219,208,84,216,26
568,12,107,59,181,57,19,32,132,95
568,13,48,18,123,230,122,51,30,70
568,14,169,206,156,186,152,251,129,119
568,15,22,207,197,113,142,192,219,79
568,16,99,21,167,118,90,42,233,2
568,17,231,206,50,7,23,191,56,92
568,18,238,12,70,165,190,103,251,157
568,19,71,111,107,43,216,206,102,21
568,20,201,88,124,121,13,106,242,184
568,21,4,14,190,43,145,234,89,11
568,22,216,143,51,117,146,85,194,17
568,23,103,201,59,208,151,231,84,94
568,24,59,65,128,11,181,7,19,132
568,25,48,230,140,51,123,18,19,81
568,26,169,206,156,218,186,93,220,203
568,27,113,22,207,142,192,71,13,76
568,28,99,193,21,167,90,186,233,82
568,29,88,7,56,61,206,92,115,23
568,30,50,165,162,12,63,238,103,215
568,31,71,111,68,28,170,251,107,227
568,32,86,179,40,62,106,125,18,144
568,33,161,104,5,116,250,11,6,36
568,34,44,28,94,109,238,227,90,240
568,35,148,190,20,145,185,49,74,255
568,36,39,227,55,147,115,142,251,202
568,37,27,193,78,169,126,83,16,15
568,38,215,169,119,44,250,75,126,251
568,39,158,231,197,72,75,15,122,179
569,0,166,97,113,142,205,150,213,215
569,1,34,26,87,187,59,105,132,39
569,2,235,165,197,176,229,0,138,17
569,3,211,46,146,135,84,138,76,37
569,4,167,161,30,65,14,240,181,82
569,5,104,235,66,6,186,161,253,30
569,6,172,200,167,149,142,154,245,107
569,7,239,91,1,220,37,29,217,10
569,8,33,88,201,186,68,124,207,69
569,9,39,132,11,145,14,94,29,4
569,10,143,216,117,114,51,130,85,5
569,11,20,103,255,94,84,36,250,219
569,12,59,7,65,132,19,121,107,178
569,13,18,51,123,137,48,30,43,133
569,14,75,169,186,156,206,178,251,89
569,15,22,113,207,65,192,71,219,197
569,16,99,167,90,46,237,55,224,196
569,17,61,7,50,191,56,115,92,23
569,18,12,50,57,148,11,187,103,190
569,19,111,130,102,71,68,119,41,178
569,20,33,88,201,186,13,107,69,207
569,21,39,14,145,29,94,89,11,132
569,22,216,114,130,143,51,222,5,1
569,23,20,103,255,236,94,84,36,250
569,24,65,128,59,132,19,205,26,63
569,25,48,140,76,51,43,22,137,97
569,26,169,218,75,206,186,241,89,156
569,27,65,192,113,207,13,142,171,57
569,28,99,90,46,167,45,96,196,233
569,29,7,61,172,115,56,50,139,92
569,30,148,81,50,103,12,187,165,215
569,31,130,111,120,28,68,71,107,252
569,32,106,99,113,201,238,40,158,62
569,33,190,116,232,104,41,49,58,38
569,34,34,88,97,161,171,62,28,56
569,35,145,22,74,20,218,151,61,60
569,36,39,207,120,14,211,202,227,117
569,37,27,190,145,143,83,193,15,67
569,38,71,44,213,126,139,250,75,196
569,39,15,72,69,241,139,244,158,183
570,0,22,106,6,18,153,88,51,66
570,1,117,223,250,112,118,191,84,60
570,2,198,121,87,235,59,22,133,108
570,3,146,98,97,160,27,214,234,238
570,4,14,167,118,30,65,67,251,242
570,5,67,235,10,254,100,44,253,12
570,6,167,172,142,200,107,147,154,122
570,7,66,44,91,2,1,239,10,169
570,8,33,88,186,201,69,107,49,207
570,9,132,240,14,145,13,156,11,94
570,10,114,253,51,1,72,5,143,248
570,11,20,49,36,236,255,103,195,79
570,12,203,65,59,7,160,19,132,155
570,13,33,142,48,18,137,51,123,81
570,14,147,169,241,75,218,186,206,156
570,15,207,113,22,192,88,166,13,171
570,16,156,119,90,46,99,167,55,188
570,17,110,50,7,92,56,115,139,88
570,18,112,12,128,103,215,71,190,148
570,19,111,120,178,71,68,119,107,113
570,20,33,88,201,186,69,13,107,49
570,21,14,145,132,240,4,11,217,89
570,22,114,51,253,143,248,72,62,222
570,23,36,20,49,103,236,255,94,84
570,24,203,65,19,59,155,132,181,43
570,25,142,48,33,51,123,140,70,18
570,26,169,206,147,75,186,218,241,39
570,27,192,207,113,142,22,57,13,171
570,28,156,99,119,21,90,167,96,46
570,29,110,7,92,50,56,206,139,23
570,30,112,12,103,81,128,71,222,165
570,31,120,111,91,68,107,71,170,12
570,32,158,238,113,62,201,40,91,217
570,33,73,232,41,116,58,107,122,215
570,34,34,97,161,56,171,252,95,9
570,35,218,20,145,22,151,153,99,61
570,36,211,181,120,202,117,246,193,152
570,37,190,174,161,67,143,145,83,60
570,38,234,44,126,213,30,201,9,250
570,39,9,125,15,241,1,248,246,92
571,0,185,117,242,186,18,133,12,171
571,1,79,117,98,230,60,242,179,84
571,2,76,108,113,16,133,179,220,72
571,3,214,146,234,245,66,32,179,58
571,4,242,30,133,251,139,118,60,249
571,5,254,100,67,31,12,44,66,35
571,6,19,114,142,107,122,147,3,154
571,7,44,66,2,91,19,1,10,56
571,8,33,186,103,201,88,47,106,207
571,9,240,14,156,132,145,13,128,11
571,10,114,253,161,51,72,17,84,5
571,11,49,238,236,195,255,20,36,156
571,12,203,59,178,19,155,115,65,132
571,13,142,48,33,18,111,81,123,137
571,14,241,75,169,147,218,38,186,206
571,15,207,113,22,192,13,57,171,71
571,16,119,237,46,90,99,156,96,188
571,17,110,50,7,102,56,88,139,92
571,18,12,112,103,190,215,71,148,165
571,19,111,120,178,71,68,113,107,102
571,20,69,201,88,33,13,103,35,186
571,21,240,145,14,4,11,132,89,43
571,22,114,253,143,51,62,72,222,31
571,23,49,156,20,103,36,208,238,255
571,24,203,43,181,95,19,59,132,206
571,25,142,48,51,33,18,123,70,72
571,26,206,75,169,186,119,241,156,218
571,27,192,113,142,207,13,22,76,44
571,28,99,21,119,156,42,249,13,167
571,29,110,7,206,56,92,139,50,23
571,30,103,12,112,71,81,165,128,113
571,31,120,111,91,107,68,71,158,170
571,32,116,238,62,158,40,75,91,201
571,33,182,232,58,63,41,107,116,6
571,34,34,205,56,97,9,161,12,171
571,35,20,218,132,34,61,99,95,85
571,36,253,211,246,202,117,138,152,57
571,37,174,158,161,220,67,164,143,60
571,38,136,126,234,44,30,9,195,213
571,39,23,15,125,127,223,146,27,246
572,0,250,10,102,69,194,228,14,98
572,1,79,230,117,42,242,98,154,118
572,2,76,108,113,16,133,24,194,179
572,3,214,146,234,58,211,75,51,218
572,4,242,30,133,251,118,194,219,122
572,5,67,254,100,44,12,31,88,253
572,6,19,142,154,172,167,147,107,122
572,7,44,66,91,2,1,56,10,37
572,8,33,186,88,201,69,35,103,13
572,9,240,132,14,145,156,11,128,13
572,10,253,114,161,5,51,24,143,240
572,11,49,238,255,20,36,236,195,208
572,12,203,59,115,154,178,7,43,19
572,13,142,48,18,33,123,81,140,72
572,14,169,241,75,206,147,156,186,218
572,15,207,22,192,113,96,197,171,234
572,16,237,99,42,156,90,119,167,13
572,17,50,110,102,231,7,56,92,191
572,18,12,103,112,190,71,165,238,215
572,19,111,120,71,68,178,107,175,91
572,20,201,88,69,13,184,124,33,35
572,21,145,4,240,14,11,43,234,132
572,22,114,143,51,253,24,195,140,85
572,23,49,208,103,84,36,101,200,238
572,24,43,181,203,19,153,59,95,132
572,25,142,48,51,18,33,70,72,123
572,26,206,75,186,169,156,220,147,153
572,27,192,113,142,207,22,234,123,13
572,28,21,99,156,249,42,161,167,186
572,29,110,206,56,7,92,23,50,139
572,30,103,12,112,165,71,222,128,70
572,31,120,91,111,107,71,68,199,170
572,32,62,116,40,158,238,91,75,217
572,33,232,58,182,41,107,244,116,168
572,34,97,34,205,56,161,95,171,9
572,35,20,218,132,61,145,85,22,126
572,36,211,246,202,152,181,117,193,195
572,37,161,174,67,143,158,60,83,220
572,38,234,126,9,201,30,44,213,101
572,39,1,246,92,250,125,248,15,9
573,0,242,186,144,234,188,152,111,131
573,1,79,49,178,131,126,37,175,105
573,2,76,45,72,150,113,92,177,230
573,3,155,66,44,213,53,148,234,162
573,4,94,112,30,71,178,51,93,158
573,5,168,81,115,18,33,253,52,194
573,6,19,154,172,142,200,44,107,170
573,7,66,181,239,243,4,1,217,83
573,8,88,201,43,28,124,186,13,207
573,9,145,14,234,162,192,196,4,43
573,10,5,7,51,253,9,85,114,143
573,11,153,103,238,84,255,94,219,116
573,12,115,59,132,178,203,133,107,95
573,13,51,18,48,72,140,142,123,30
573,14,169,186,206,251,156,171,218,199
573,15,22,113,197,207,186,239,76,192
573,16,99,237,21,186,90,167,249,123
573,17,50,88,206,23,7,191,78,56
573,18,12,165,222,103,238,215,231,112
573,19,91,71,111,178,68,175,65,113
573,20,201,88,13,69,124,25,186,28
573,21,145,14,4,234,43,11,96,89
573,22,0,114,51,9,5,31,85,253
573,23,238,103,153,15,208,84,116,255
573,24,95,203,132,59,115,65,205,178
573,25,48,72,140,51,123,18,199,117
573,26,206,186,218,220,83,93,169,119
573,27,192,142,248,207,113,16,22,76
573,28,21,230,99,186,78,13,90,167
573,29,206,7,56,92,23,173,236,49
573,30,165,12,238,69,103,215,50,222
573,31,71,111,68,170,60,107,113,91
573,32,86,195,40,146,62,245,91,201
573,33,97,6,75,36,37,181,94,12
573,34,212,255,28,90,187,5,235,70
573,35,20,49,151,145,127,161,3,60
573,36,147,227,234,0,39,193,211,202
573,37,193,220,84,83,241,27,78,250
573,38,44,126,215,250,139,196,134,75
573,39,241,23,125,15,197,158,68,170
574,0,110,165,57,56,59,54,9,227
574,1,96,206,40,158,10,166,183,57
574,2,160,238,136,112,252,132,116,113
574,3,53,111,70,229,14,122,138,119
574,4,138,164,156,180,71,60,30,216
574,5,81,236,35,19,249,134,33,30
574,6,172,19,108,200,142,154,1,123
574,7,66,243,1,239,4,219,228,95
574,8,201,88,68,43,124,236,5,7
574,9,148,145,14,4,43,242,5,196
574,10,46,143,90,31,85,51,15,158
574,11,103,93,219,94,210,238,216,116
574,12,107,59,132,203,121,115,32,178
574,13,156,30,123,51,133,48,18,110
574,14,186,169,251,206,156,235,16,178
574,15,22,207,219,113,197,71,239,186
574,16,224,167,118,90,99,123,55,42
574,17,191,7,23,50,231,56,213,147
574,18,12,165,222,21,50,231,238,9
574,19,175,111,102,68,211,106,43,65
574,20,201,88,13,25,124,28,34,19
574,21,234,145,192,43,4,11,89,105
574,22,85,143,31,51,216,160,158,246
574,23,80,94,103,84,250,236,95,210
574,24,65,132,57,7,121,205,217,107
574,25,140,156,97,41,48,30,76,18
574,26,186,200,89,169,206,249,156,16
574,27,171,22,113,207,219,203,192,87
574,28,193,90,196,99,224,167,46,55
574,29,61,88,173,119,94,115,255,49
574,30,50,81,162,12,165,99,9,76
574,31,249,111,39,68,106,252,87,225
574,32,106,86,125,179,217,131,201,66
574,33,96,116,132,104,177,36,49,90
574,34,44,28,238,20,90,171,158,40
574,35,148,190,20,145,225,181,248,127
574,36,39,227,120,19,14,115,147,172
574,37,27,78,190,169,16,193,229,180
574,38,215,169,61,35,119,196,158,75
574,39,231,158,197,117,179,15,129,163
575,0,101,242,108,249,135,197,196,216
575,1,118,70,244,93,97,225,213,117
575,2,100,74,88,17,219,145,163,29
575,3,235,129,77,187,130,37,133,234
575,4,142,30,222,128,241,102,108,251
575,5,193,88,44,104,41,47,6,253
575,6,107,167,153,142,172,54,61,147
575,7,29,37,83,1,10,239,23,105
575,8,234,201,190,207,186,88,69,19
575,9,164,29,13,94,105,237,77,47
575,10,169,91,130,216,198,72,143,85
575,11,189,161,94,147,107,255,106,103
575,12,65,205,26,107,74,63,121,132
575,13,30,147,43,48,18,175,51,156
575,14,178,32,37,61,124,186,75,235
575,15,81,87,84,200,113,88,22,192
575,16,249,233,5,196,90,133,46,167
575,17,76,250,56,205,50,61,17,172
575,18,50,179,57,187,12,0,211,17
575,19,109,155,111,20,130,68,106,39
575,20,234,186,88,13,201,239,69,28
575,21,164,94,13,29,47,89,237,145
575,22,130,91,169,35,198,222,81,69
575,23,189,106,94,161,128,86,95,125
575,24,65,74,26,63,205,128,44,234
575,25,43,30,48,147,97,41,156,18
575,26,20,32,61,124,148,37,178,251
575,27,87,200,81,84,88,250,22,113
575,28,133,46,43,136,5,249,90,9
575,29,76,250,172,0,87,205,7,211
575,30,81,179,187,211,163,135,89,12
575,31,39,111,106,68,181,155,66,109
575,32,106,134,98,90,181,131,185,119
575,33,183,126,116,92,238,86,49,129
575,34,91,207,84,171,180,96,74,34
575,35,57,145,72,218,22,153,20,160
575,36,120,14,2,70,192,211,181,134
575,37,190,65,229,113,145,182,143,31
575,38,243,168,18,95,46,176,134,63
575,39,2,38,228,243,154,141,248,134
576,0,141,158,132,47,177,115,235,125
576,1,182,244,118,93,155,213,197,70
576,2,248,29,93,100,57,123,95,27
576,3,235,133,187,234,233,230,59,128
576,4,142,128,30,95,222,102,236,251
576,5,193,88,47,5,90,44,65,127
576,6,153,60,215,22,206,31,142,138
576,7,29,117,10,83,23,64,210,123
576,8,234,239,190,180,13,201,19,116
576,9,164,191,13,239,2,169,116,38
576,10,169,198,125,91,36,35,185,65
576,11,189,106,86,161,108,206,128,95
576,12,93,74,65,128,63,26,107,44
576,13,147,134,30,43,97,48,175,41
576,14,32,51,124,61,178,89,148,86
576,15,87,200,84,81,22,148,88,135
576,16,133,43,233,249,5,9,90,196
576,17,76,201,250,205,17,0,172,87
576,18,179,50,187,211,163,115,21,57
576,19,116,109,155,20,106,205,42,215
576,20,234,190,239,13,186,201,88,28
576,21,164,191,13,47,94,89,126,29
576,22,169,35,91,125,130,198,187,73
576,23,189,86,106,128,161,94,62,95
576,24,93,74,44,63,234,26,219,107
576,25,48,30,43,147,134,182,6,41
576,26,32,61,37,148,178,51,89,124
576,27,87,200,84,250,81,31,88,22
576,28,133,43,46,9,136,233,249,90
576,29,211,0,76,205,250,87,201,172
576,30,81,163,179,211,21,187,135,89
576,31,116,155,39,106,109,164,20,205
576,32,106,134,119,131,90,181,192,91
576,33,183,93,116,92,238,86,129,38
576,34,207,171,82,180,96,61,34,84
576,35,57,145,22,20,42,218,72,153
576,36,120,14,70,211,192,181,83,167
576,37,190,229,104,113,143,31,182,145
576,38,243,95,27,148,213,168,92,71
576,39,243,38,154,69,110,248,12,15
577,0,43,200,238,206,95,30,112,173
577,1,118,70,117,182,140,46,213,224
577,2,49,8,133,11,60,219,167,248
577,3,234,236,233,106,224,129,26,94
577,4,30,251,235,88,244,129,45,205
577,5,88,44,5,69,65,127,152,216
577,6,60,68,22,65,31,183,203,153
577,7,37,10,83,117,210,145,95,105
577,8,239,234,190,186,201,13,207,19
577,9,13,191,69,180,2,239,47,164
577,10,157,91,125,240,88,27,72,115
577,11,39,106,86,95,133,189,249,47
577,12,65,93,54,18,107,220,212,155
577,13,6,30,168,48,103,22,107,41
577,14,32,61,37,178,251,89,186,60
577,15,87,88,22,84,135,219,239,9
577,16,46,249,90,233,167,161,43,136
577,17,17,56,50,5,205,166,193,57
577,18,12,159,170,222,179,165,211,21
577,19,111,155,109,205,106,68,167,39
577,20,234,186,201,239,88,13,190,207
577,21,191,13,89,145,105,47,94,192
577,22,91,72,143,35,236,169,114,81
577,23,106,42,189,94,147,255,39,140
577,24,65,155,132,84,107,121,44,19
577,25,48,6,30,18,22,107,29,156
577,26,37,61,32,178,186,251,169,75
577,27,87,88,113,84,22,192,181,207
577,28,46,136,55,90,99,167,249,5
577,29,250,172,76,17,23,5,50,7
577,30,81,179,187,103,211,12,9,170
577,31,181,106,111,107,39,68,164,175
577,32,106,134,119,201,217,60,96,98
577,33,183,116,49,238,232,58,93,86
577,34,82,207,171,84,180,116,34,93
577,35,218,22,145,20,153,57,60,151
577,36,120,14,211,70,2,181,202,117
577,37,190,145,143,104,31,182,58,174
577,38,213,27,71,148,92,95,75,126
577,39,69,110,243,248,38,12,15,154
578,0,186,157,120,127,191,236,147,16
578,1,118,117,19,124,32,185,86,211
578,2,133,60,49,188,11,255,79,219
578,3,234,214,171,116,58,44,94,100
578,4,88,155,98,30,118,251,112,126
578,5,44,88,12,254,100,169,11,24
578,6,183,175,142,73,68,198,52,117
578,7,37,56,10,1,239,83,2,95
578,8,38,49,186,201,69,7,214,88
578,9,156,105,145,237,128,13,14,231
578,10,91,72,24,51,114,73,7,69
578,11,79,27,255,210,247,236,98,114
578,12,155,65,43,84,59,181,132,22
578,13,22,168,48,30,18,76,70,140
578,14,241,251,178,186,61,218,169,75
578,15,113,22,203,84,88,171,207,192
578,16,46,90,249,136,161,119,55,167
578,17,56,50,92,197,7,114,205,23
578,18,12,215,214,103,30,211,159,222
578,19,111,68,107,71,175,181,106,155
578,20,186,201,38,88,49,69,13,28
578,21,156,145,14,105,4,11,192,89
578,22,72,114,91,51,143,24,69,81
578,23,255,79,94,27,247,147,101,208
578,24,65,19,132,155,181,43,59,84
578,25,48,30,156,76,51,22,195,123
578,26,186,39,169,251,61,75,178,241
578,27,207,123,192,88,113,171,22,239
578,28,46,99,249,161,90,55,136,119
578,29,7,114,56,206,23,17,50,139
578,30,215,81,214,12,103,211,222,71
578,31,68,91,175,107,181,71,111,251
578,32,139,106,201,62,91,221,217,61
578,33,116,58,182,244,121,107,96,170
578,34,12,56,95,171,81,208,70,15
578,35,218,20,132,151,22,8,236,85
578,36,211,252,172,246,202,117,152,195
578,37,174,161,56,143,67,83,60,87
578,38,195,234,44,101,30,9,126,3
578,39,15,127,125,115,92,190,246,205
579,0,69,98,80,240,93,136,14,87
579,1,185,32,105,2,144,37,120,117
579,2,133,15,179,147,142,134,214,99
579,3,116,214,100,204,171,137,58,123
579,4,155,98,30,251,174,246,88,96
579,5,12,44,88,254,200,201,32,234
579,6,175,142,183,18,52,73,200,198
579,7,37,56,1,239,235,10,83,95
579,8,201,38,49,186,69,88,214,7
579,9,105,156,237,145,231,192,14,196
579,10,91,24,85,73,51,7,240,72
579,11,94,255,79,98,210,42,95,10
579,12,84,65,107,205,43,121,172,133
579,13,140,30,48,18,41,122,110,207
579,14,251,178,169,37,186,156,218,42
579,15,22,113,239,84,71,135,9,88
579,16,167,90,161,46,55,249,123,253
579,17,56,7,92,191,23,213,50,147
579,18,12,165,71,11,222,9,5,103
579,19,111,175,106,68,119,155,41,71
579,20,201,186,13,184,88,28,207,124
579,21,192,234,89,4,145,105,231,43
579,22,143,85,51,91,31,69,81,24
579,23,255,94,212,80,84,101,113,79
579,24,65,132,57,181,43,107,121,59
579,25,48,30,156,122,249,51,195,76
579,26,186,156,206,39,178,89,169,251
579,27,22,207,113,219,239,192,157,9
579,28,90,99,21,249,2,8,161,46
579,29,23,114,56,7,206,50,191,231
579,30,215,222,12,214,103,231,28,211
579,31,175,181,91,107,68,251,71,111
579,32,139,217,62,106,221,61,91,201
579,33,116,244,58,121,96,107,105,248
579,34,12,95,56,81,171,15,208,70
579,35,218,20,132,151,22,236,60,99
579,36,211,252,172,246,117,202,195,152
579,37,174,161,67,143,83,87,45,60
579,38,101,234,44,9,30,213,126,3
579,39,246,15,250,1,92,248,125,9
580,0,186,234,242,84,50,250,144,157
580,1,157,37,44,230,79,227,198,117
580,2,15,147,86,150,134,133,142,101
580,3,214,155,234,202,100,20,19,44
580,4,251,98,112,155,30,94,71,141
580,5,18,12,27,88,194,66,168,9
580,6,175,142,200,59,198,18,52,183
580,7,37,239,1,10,83,181,235,146
580,8,38,49,201,186,69,65,7,88
580,9,237,145,156,105,14,178,128,231
580,10,51,114,7,91,72,9,158,85
580,11,79,153,255,247,236,210,66,98
580,12,43,65,155,59,132,84,181,206
580,13,48,76,30,18,22,140,156,81
580,14,169,186,251,241,218,119,178,220
580,15,113,22,171,207,203,239,192,84
580,16,186,46,249,90,55,167,21,42
580,17,50,7,197,56,206,92,23,114
580,18,12,215,214,103,222,165,30,56
580,19,111,68,71,107,211,178,175,181
580,20,201,186,65,88,69,49,7,124
580,21,145,43,4,14,234,237,156,11
580,22,51,143,114,0,62,140,158,85
580,23,153,255,79,94,208,103,247,84
580,24,65,132,206,181,59,107,19,121
580,25,48,156,51,76,195,22,30,123
580,26,186,220,39,206,169,199,178,251
580,27,207,123,192,142,22,113,219,239
580,28,21,90,166,2,99,249,46,55
580,29,56,206,7,23,114,50,139,92
580,30,12,215,103,70,214,165,222,81
580,31,68,71,111,107,251,106,91,175
580,32,96,62,106,139,201,40,217,195
580,33,198,116,6,58,97,37,244,12
580,34,12,90,95,212,70,196,180,28
580,35,20,145,151,49,131,60,214,161
580,36,172,234,117,0,193,202,147,211
580,37,193,220,87,84,241,83,37,97
580,38,250,44,126,244,157,3,95,228
580,39,241,23,61,15,125,68,220,252
581,0,181,82,107,255,251,246,39,245
581,1,40,21,135,166,163,15,89,55
581,2,159,147,204,112,7,191,101,238
581,3,14,109,227,134,153,131,89,123
581,4,156,98,37,199,251,172,30,71
581,5,174,12,18,9,15,19,35,66
581,6,149,175,142,172,108,18,164,200
581,7,37,1,239,88,146,79,95,243
581,8,49,186,68,7,88,201,38,184
581,9,145,14,4,105,96,237,5,242
581,10,68,228,15,51,114,158,72,239
581,11,64,208,79,212,190,94,236,66
581,12,65,132,155,43,181,57,7,68
581,13,76,164,48,249,30,156,195,18
581,14,169,218,251,39,152,199,241,89
581,15,22,207,142,171,120,239,197,186
581,16,167,90,46,2,119,186,166,21
581,17,50,206,7,26,23,189,240,56
581,18,231,12,70,215,190,222,214,30
581,19,71,111,216,68,181,251,245,211
581,20,124,201,236,43,186,7,13,65
581,21,145,4,43,162,14,217,234,89
581,22,68,143,228,15,51,158,140,85
581,23,64,101,208,94,84,69,212,207
581,24,181,107,132,57,65,172,36,19
581,25,249,164,48,51,156,122,195,241
581,26,186,206,39,152,169,220,174,251
581,27,207,22,142,186,9,123,209,113
581,28,21,222,2,8,167,241,186,90
581,29,26,206,56,23,240,7,231,50
581,30,70,12,231,165,238,222,103,55
581,31,216,237,71,111,179,251,107,68
581,32,224,176,42,217,40,101,62,61
581,33,179,201,156,12,217,171,38,212
581,34,217,49,196,70,90,235,149,188
581,35,131,224,60,214,151,100,73,201
581,36,24,255,193,57,42,239,84,244
581,37,50,87,14,241,83,37,147,57
581,38,146,244,44,250,157,126,3,59
581,39,61,13,85,177,62,220,252,181
582,0,109,115,203,24,177,47,152,77
582,1,236,226,21,163,42,215,252,95
582,2,221,147,157,141,77,93,63,118
582,3,66,234,167,44,243,248,63,58
582,4,30,243,51,93,169,178,155,194
582,5,66,168,33,115,12,235,5,19
582,6,172,49,149,175,25,82,18,48
582,7,1,239,167,95,130,146,220,83
582,8,88,201,7,49,28,68,124,207
582,9,234,145,4,105,128,14,237,43
582,10,117,143,85,51,228,158,5,174
582,11,103,84,94,59,216,79,72,212
582,12,217,210,107,68,59,65,57,121
582,13,156,51,48,76,230,195,173,30
582,14,186,169,206,251,152,39,156,89
582,15,22,207,239,197,219,113,192,231
582,16,21,2,90,167,46,118,233,42
582,17,50,206,7,56,231,23,114,92
582,18,12,238,190,215,165,222,70,30
582,19,111,71,211,68,178,107,175,43
582,20,201,88,7,121,13,38,49,186
582,21,145,4,14,234,43,89,11,190
582,22,51,143,146,228,216,174,5,117
582,23,103,208,84,79,231,59,94,93
582,24,65,181,206,132,217,11,19,59
582,25,156,48,76,195,51,230,123,22
582,26,206,203,39,186,169,220,75,93
582,27,207,142,192,123,22,76,113,197
582,28,21,2,99,233,186,90,45,249
582,29,206,7,114,56,92,50,139,71
582,30,12,215,70,214,238,165,103,11
582,31,71,68,111,251,107,170,91,199
582,32,62,102,139,40,18,246,201,28
582,33,198,107,116,56,244,250,224,161
582,34,109,95,64,70,240,94,28,56
582,35,20,2,85,185,161,94,151,236
582,36,202,246,195,172,152,211,67,117
582,37,161,174,83,60,43,87,126,193
582,38,234,44,9,126,30,201,3,213
582,39,246,1,250,248,92,15,125,220
583,0,242,234,186,188,144,89,13,214
583,1,232,198,143,43,105,42,162,182
583,2,147,212,150,23,110,86,92,242
583,3,155,66,14,58,89,234,63,157
583,4,71,30,94,12,93,169,82,60
583,5,35,81,66,12,6,19,93,33
583,6,235,142,175,115,123,149,200,1
583,7,243,1,239,181,95,146,84,37
583,8,88,124,186,201,49,7,68,12
583,9,4,14,96,145,5,237,215,128
583,10,51,158,114,15,140,9,218,5
583,11,153,103,208,255,216,26,116,94
583,12,68,95,59,206,217,181,132,65
583,13,156,216,195,48,76,51,116,123
583,14,169,39,206,186,218,156,251,75
583,15,207,192,22,123,142,216,113,171
583,16,21,2,90,42,233,180,46,249
583,17,206,50,71,197,190,114,7,88
583,18,12,238,222,30,70,215,214,113
583,19,71,68,111,178,65,41,60,151
583,20,201,88,186,7,49,13,69,12
583,21,14,145,96,4,43,237,11,162
583,22,140,0,114,51,15,5,158,143
583,23,103,153,208,255,79,15,113,216
583,24,65,181,206,217,132,95,59,205
583,25,48,156,51,195,76,216,116,70
583,26,220,206,39,186,199,93,218,169
583,27,142,207,123,186,192,7,22,248
583,28,21,2,90,226,233,249,99,46
583,29,206,56,7,114,90,92,181,23
583,30,69,215,12,214,70,165,238,222
583,31,60,71,68,111,58,106,251,185
583,32,86,195,62,40,91,146,201,217
583,33,36,37,97,189,116,248,217,12
583,34,90,212,255,28,30,95,187,235
583,35,49,145,44,20,111,131,161,219
583,36,147,11,234,172,0,117,8,227
583,37,220,193,84,83,87,145,241,82
583,38,44,126,3,250,213,139,230,39
583,39,241,23,15,224,68,146,61,41
584,0,110,165,57,221,214,37,59,245
584,1,40,206,209,166,183,96,179,105
584,2,162,23,209,78,147,115,224,173
584,3,70,12,122,51,14,247,53,192
584,4,138,60,71,30,156,164,82,180
584,5,35,19,24,66,68,144,12,6
584,6,123,235,175,142,115,1,146,9
584,7,243,239,1,37,95,133,141,84
584,8,124,88,7,49,201,186,68,12
584,9,148,4,145,14,237,11,105,5
584,10,51,114,158,7,5,73,143,85
584,11,210,79,103,255,216,116,208,94
584,12,65,59,217,107,121,205,109,132
584,13,51,156,30,76,195,48,90,133
584,14,186,169,178,206,251,156,75,89
584,15,207,22,113,203,192,171,219,84
584,16,46,90,21,249,193,55,99,42
584,17,50,206,56,7,88,23,92,191
584,18,12,50,215,222,190,71,238,11
584,19,111,211,68,41,71,178,107,146
584,20,201,88,186,7,49,69,13,28
584,21,145,148,11,234,4,14,43,89
584,22,216,51,114,140,5,0,174,143
584,23,255,116,210,79,147,103,94,236
584,24,65,128,217,59,205,132,181,32
584,25,48,97,76,156,195,30,216,140
584,26,218,169,206,186,39,89,119,136
584,27,171,203,192,207,142,76,113,87
584,28,193,46,90,99,233,55,21,2
584,29,114,88,61,7,214,49,56,206
584,30,50,215,81,162,12,214,165,103
584,31,68,60,71,111,252,106,227,107
584,32,106,86,201,139,62,40,179,217
584,33,96,36,116,104,6,177,151,12
584,34,90,28,44,238,171,95,235,108
584,35,20,49,148,190,99,145,44,161
584,36,147,39,227,172,115,14,11,120
584,37,193,27,83,15,78,190,45,186
584,38,215,44,126,3,213,250,75,139
584,39,15,158,231,72,197,224,36,220
585,0,123,242,229,249,105,196,216,7
585,1,225,118,62,231,27,105,117,155
585,2,162,4,17,147,210,179,129,78
585,3,133,187,152,31,37,84,235,234
585,4,251,167,30,142,222,13,102,191
585,5,104,12,6,44,88,204,236,66
585,6,175,167,142,200,123,172,52,61
585,7,37,239,29,1,10,83,95,23
585,8,234,49,201,186,7,88,69,28
585,9,13,94,29,145,4,237,105,156
585,10,72,91,130,51,216,169,114,158
585,11,79,189,103,255,236,84,94,147
585,12,59,65,26,19,132,155,205,63
585,13,18,43,30,51,156,48,140,123
585,14,186,169,178,75,61,124,89,156
585,15,113,87,192,22,88,207,84,219
585,16,46,90,249,233,196,5,55,99
585,17,61,50,56,17,92,7,205,23
585,18,12,50,57,187,103,71,113,165
585,19,111,130,39,155,68,178,252,107
585,20,186,201,88,234,13,69,33,207
585,21,145,29,94,156,13,237,89,11
585,22,91,72,169,130,143,114,51,248
585,23,255,189,106,94,42,236,79,103
585,24,65,26,63,59,19,132,155,128
585,25,43,48,22,140,30,123,51,18
585,26,32,169,186,124,251,178,218,241
585,27,192,87,113,88,171,81,142,207
585,28,46,99,90,5,55,136,249,133
585,29,172,23,250,56,7,92,139,76
585,30,103,81,187,12,179,211,9,222
585,31,130,111,107,181,68,175,91,252
585,32,98,106,99,134,201,217,91,61
585,33,183,232,116,238,126,58,86,107
585,34,84,34,207,171,56,180,252,62
585,35,218,20,145,22,236,61,153,111
585,36,120,211,14,181,202,193,70,117
585,37,143,190,174,161,31,67,58,87
585,38,92,213,234,71,30,148,101,44
585,39,248,2,69,189,92,15,38,213
586,0,186,144,242,66,111,188,32,106
586,1,198,42,242,118,117,86,105,220
586,2,133,86,255,60,219,121,150,188
586,3,155,66,214,44,234,202,14,205
586,4,30,98,94,112,118,194,88,59
586,5,12,18,168,44,88,11,194,169
586,6,142,200,183,52,117,73,40,198
586,7,37,4,181,56,239,95,146,179
586,8,65,186,201,88,69,222,103,43
586,9,156,231,145,105,237,4,234,14
586,10,7,91,114,85,140,72,9,161
586,11,153,255,15,98,210,94,109,84
586,12,155,65,84,206,59,133,172,121
586,13,22,140,18,142,30,48,70,207
586,14,156,169,186,220,119,218,251,178
586,15,113,22,203,142,239,171,192,219
586,16,186,21,46,90,47,42,249,99
586,17,206,197,23,56,92,191,157,7
586,18,12,103,71,231,165,5,30,222
586,19,111,71,181,175,107,245,43,216
586,20,65,201,186,88,13,69,35,124
586,21,4,231,156,145,234,236,43,11
586,22,0,143,140,114,85,81,91,97
586,23,153,15,255,101,84,94,109,113
586,24,59,65,181,57,107,206,132,101
586,25,22,51,48,140,142,18,30,122
586,26,156,186,220,206,169,251,89,178
586,27,113,192,142,22,239,9,219,123
586,28,186,21,8,99,46,90,42,249
586,29,23,56,206,231,7,191,92,157
586,30,103,69,12,231,135,165,189,206
586,31,91,107,71,111,181,245,216,175
586,32,195,61,91,217,201,106,86,40
586,33,36,217,37,116,97,248,6,171
586,34,90,212,188,255,235,56,28,95
586,35,20,100,196,73,236,218,60,131
586,36,0,234,211,193,42,147,223,117
586,37,220,87,193,45,143,83,84,97
586,38,39,44,126,234,97,250,162,30
586,39,23,224,15,92,61,89,220,241
587,0,82,181,107,251,255,39,246,221
587,1,40,96,237,220,209,89,9,92
587,2,173,209,132,44,206,213,183,112
587,3,138,134,14,109,227,76,48,65
587,4,156,98,37,30,216,71,20,60
587,5,19,174,18,194,168,9,118,98
587,6,149,52,142,200,115,204,50,108
587,7,4,37,243,146,239,1,95,220
587,8,186,201,65,68,88,69,236,124
587,9,231,145,14,105,4,5,156,236
587,10,68,140,81,7,85,91,241,207
587,11,64,98,212,94,153,26,255,190
587,12,65,172,107,205,133,59,80,173
587,13,164,140,18,48,30,207,230,122
587,14,156,251,79,169,119,218,220,186
587,15,22,113,9,142,118,197,171,239
587,16,186,46,90,8,167,21,253,47
587,17,23,206,26,191,231,189,56,92
587,18,231,5,70,12,157,103,189,30
587,19,245,71,237,216,111,181,43,21
587,20,65,236,43,13,46,186,227,9
587,21,236,162,242,231,111,4,43,234
587,22,68,140,97,85,200,15,128,143
587,23,64,101,212,240,94,84,190,153
587,24,72,107,59,173,57,65,66,172
587,25,207,164,249,122,48,36,18,51
587,26,220,156,141,152,119,76,89,174
587,27,222,236,142,113,5,22,9,118
587,28,186,222,8,21,241,233,90,30
587,29,206,26,189,23,232,240,231,169
587,30,231,70,157,69,189,165,55,103
587,31,237,245,216,71,179,60,185,196
587,32,224,243,80,199,176,101,91,217
587,33,179,201,171,217,248,156,12,10
587,34,90,49,217,235,59,188,28,196
587,35,100,73,224,201,214,196,1,131
587,36,255,24,42,223,57,84,244,193
587,37,50,87,210,14,45,37,83,59
587,38,146,244,162,39,3,126,14,157
587,39,89,177,85,13,61,220,14,52
588,0,109,55,70,24,177,224,175,161
588,1,226,42,236,22,245,117,105,85
588,2,173,221,193,132,3,56,209,157
588,3,138,247,44,66,234,197,14,76
588,4,30,243,178,169,180,194,20,51
588,5,19,217,66,33,75,139,5,48
588,6,149,108,25,9,50,27,86,115
588,7,146,95,4,130,38,149,60,246
588,8,236,88,46,68,201,227,186,43
588,9,111,43,236,4,231,145,234,5
588,10,241,15,181,140,107,97,242,103
588,11,212,94,240,146,197,190,208,68
588,12,107,80,72,172,57,36,50,179
588,13,207,122,70,226,249,140,75,19
588,14,251,174,119,129,76,141,42,250
588,15,142,5,222,236,9,113,22,239
588,16,222,186,90,21,233,82,234,8
588,17,206,232,191,92,71,36,19,231
588,18,70,238,189,231,116,4,30,5
588,19,71,43,181,251,111,21,185,179
588,20,236,46,88,121,201,186,43,13
588,21,111,43,236,145,89,190,162,14
588,22,146,15,140,85,194,242,241,97
588,23,212,190,197,94,59,218,240,93
588,24,65,206,59,11,155,72,200,205
588,25,48,22,230,140,51,207,249,18
588,26,203,76,141,169,220,89,218,22
588,27,5,113,142,9,236,22,171,234
588,28,186,21,99,222,90,233,239,8
588,29,206,7,71,169,199,189,240,92
588,30,50,70,189,149,165,103,231,157
588,31,71,43,185,245,91,60,179,159
588,32,86,80,85,243,91,106,102,18
588,33,198,36,116,248,224,139,104,171
588,34,90,28,59,240,95,94,235,64
588,35,236,196,99,39,1,201,161,100
588,36,49,147,202,55,42,79,223,117
588,37,193,45,15,83,210,87,196,161
588,38,39,44,126,162,234,132,15,114
588,39,72,244,15,183,36,224,197,231
589,0,242,13,152,234,177,69,186,224
589,1,232,117,105,197,236,42,5,155
589,2,173,212,30,19,23,150,110,86
589,3,76,155,247,7,234,66,63,105
589,4,30,94,169,164,71,82,103,63
589,5,19,81,217,6,66,131,187,98
589,6,136,86,108,9,123,50,235,142
589,7,4,146,243,95,1,220,37,60
589,8,46,236,88,248,201,124,43,227
589,9,96,111,145,5,236,4,14,231
589,10,15,140,85,168,241,31,66,143
589,11,116,212,190,153,255,26,240,94
589,12,68,72,59,46,107,65,22,80
589,13,140,207,122,196,48,30,18,249
589,14,76,119,251,169,79,129,42,174
589,15,142,22,113,197,9,5,239,222
589,16,186,21,90,222,99,46,249,47
589,17,206,23,92,191,56,231,7,71
589,18,70,12,238,71,231,165,30,103
589,19,71,43,111,41,178,91,60,181
589,20,88,201,186,121,13,46,69,43
589,21,145,14,234,4,43,105,190,236
589,22,0,85,216,140,114,31,15,241
589,23,116,103,84,15,212,255,94,59
589,24,65,205,59,128,155,46,200,181
589,25,48,140,22,18,51,30,97,19
589,26,169,218,119,156,89,203,95,206
589,27,113,171,192,142,9,22,13,207
589,28,99,186,46,193,90,233,21,42
589,29,88,92,7,49,56,23,61,206
589,30,50,162,103,81,12,165,70,28
589,31,111,252,43,60,71,68,227,107
589,32,106,86,162,125,146,179,201,91
589,33,181,116,36,104,250,97,189,198
589,34,44,109,90,28,238,235,212,5
589,35,190,148,145,20,44,236,49,127
589,36,39,120,227,147,115,14,234,42
589,37,27,190,78,193,169,15,101,16
589,38,215,169,75,251,95,196,158,119
589,39,231,158,197,75,179,15,117,163
590,0,242,249,123,229,105,196,216,7
590,1,225,118,231,27,62,150,117,105
590,2,17,162,4,35,227,252,215,30
590,3,133,187,152,84,31,235,231,176
590,4,167,30,142,222,13,251,191,85
590,5,104,224,6,204,44,235,131,193
590,6,167,200,142,9,123,52,59,108
590,7,37,4,146,29,239,95,83,10
590,8,234,186,201,88,43,69,33,28
590,9,29,94,145,13,105,237,156,231
590,10,85,169,91,130,216,248,7,72
590,11,189,255,84,94,98,103,250,185
590,12,59,65,26,205,107,121,133,57
590,13,43,51,140,30,18,33,75,207
590,14,186,169,156,251,178,119,129,147
590,15,113,22,84,81,239,219,197,142
590,16,46,90,186,249,5,196,233,99
590,17,61,56,23,191,7,92,50,172
590,18,12,50,187,57,103,165,71,246
590,19,130,111,120,71,68,155,181,175
590,20,186,88,201,234,69,13,33,205
590,21,145,29,94,234,237,11,89,156
590,22,130,169,248,85,143,72,91,114
590,23,189,255,94,84,103,36,236,95
590,24,65,26,63,128,59,19,205,132
590,25,48,43,18,22,33,140,97,51
590,26,169,186,147,32,218,156,124,119
590,27,113,192,87,9,142,22,13,81
590,28,46,99,5,90,212,156,55,133
590,29,172,56,92,23,7,250,61,76
590,30,103,81,187,179,12,211,222,9
590,31,130,111,39,181,107,252,120,68
590,32,106,98,99,134,201,217,91,40
590,33,232,116,183,238,126,58,86,190
590,34,34,84,207,180,171,56,252,235
590,35,218,145,20,22,236,153,61,60
590,36,120,211,14,181,202,70,117,193
590,37,190,143,174,31,58,161,67,182
590,38,213,71,92,148,126,234,30,95
590,39,2,248,69,189,38,15,213,92
591,0,165,57,56,157,32,127,110,106
591,1,73,117,118,86,242,112,243,132
591,2,238,255,133,234,121,10,243,80
591,3,171,214,55,76,70,219,131,32
591,4,118,74,242,30,138,254,122,82
591,5,249,44,231,131,24,88,10,12
591,6,164,183,117,198,42,90,217,239
591,7,2,56,109,37,95,10,1,9
591,8,186,88,120,201,46,248,207,227
591,9,148,217,96,145,156,13,105,151
591,10,46,24,72,114,161,15,155,91
591,11,210,195,93,236,27,203,66,208
591,12,155,65,132,22,138,68,179,19
591,13,22,18,48,116,30,207,249,75
591,14,213,169,241,251,218,76,119,79
591,15,113,22,142,9,192,197,13,118
591,16,99,90,46,167,186,42,119,95
591,17,50,92,23,56,104,7,132,90
591,18,190,12,70,114,103,246,165,232
591,19,111,71,21,252,178,68,216,146
591,20,201,88,186,120,43,13,46,69
591,21,234,145,148,237,151,14,11,196
591,22,46,114,24,143,72,51,107,15
591,23,210,84,94,93,103,236,27,200
591,24,65,222,19,155,132,138,206,107
591,25,51,22,18,48,123,81,30,249
591,26,169,241,75,251,213,89,218,186
591,27,113,192,142,9,203,207,22,13
591,28,99,167,90,188,222,21,119,237
591,29,104,7,92,50,56,206,139,90
591,30,81,190,103,70,159,12,165,188
591,31,252,111,71,68,170,107,146,39
591,32,201,221,102,48,106,62,40,217
591,33,121,96,224,116,107,143,58,168
591,34,208,95,175,64,34,235,220,171
591,35,85,2,94,5,236,20,99,61
591,36,195,67,202,117,246,152,131,104
591,37,56,60,161,43,174,83,135,87
591,38,234,201,195,163,44,30,9,126
591,39,246,1,138,92,250,215,15,125
592,0,122,102,194,228,84,57,14,88
592,1,117,29,118,72,255,37,65,90
592,2,234,238,80,133,243,134,240,171
592,3,171,116,214,20,203,51,234,55
592,4,74,30,12,118,79,215,247,183
592,5,169,11,44,249,88,130,131,239
592,6,42,61,183,142,136,73,164,166
592,7,56,10,1,95,37,2,89,188
592,8,120,186,88,201,207,35,13,214
592,9,151,145,148,105,156,13,14,231
592,10,46,24,72,114,91,171,69,161
592,11,114,210,236,27,195,93,180,208
592,12,155,206,65,132,138,19,22,46
592,13,22,18,48,38,30,249,216,142
592,14,241,218,169,213,251,61,89,75
592,15,22,113,88,84,71,192,9,207
592,16,46,167,90,137,119,99,136,249
592,17,50,197,56,7,92,23,205,104
592,18,165,190,103,12,246,159,70,114
592,19,111,252,39,71,68,178,91,102
592,20,186,120,201,88,13,124,69,43
592,21,145,151,14,11,234,89,237,148
592,22,46,114,72,143,24,63,51,69
592,23,114,210,208,84,103,94,236,27
592,24,206,19,65,132,138,155,107,59
592,25,22,51,18,123,48,38,81,30
592,26,169,241,114,186,251,119,156,89
592,27,142,113,192,9,207,22,13,110
592,28,99,137,90,20,21,167,188,119
592,29,206,7,92,104,218,56,139,50
592,30,103,190,81,70,12,165,238,159
592,31,252,71,111,170,68,107,194,113
592,32,221,201,102,40,106,62,217,21
592,33,121,168,116,224,12,96,205,122
592,34,95,208,55,81,15,64,235,102
592,35,99,39,20,151,127,236,161,3
592,36,195,49,117,67,202,193,42,131
592,37,15,193,90,241,220,83,37,145
592,38,44,126,213,250,80,86,139,234
592,39,15,244,72,36,183,241,92,125
593,0,181,180,82,107,251,68,39,245
593,1,126,29,221,8,117,92,102,175
593,2,234,238,194,243,98,236,241,196
593,3,214,203,227,20,105,169,166,41
593,4,37,74,12,30,79,7,254,183
593,5,174,194,114,18,5,85,142,131
593,6,42,62,149,61,100,115,136,108
593,7,85,1,220,109,95,239,10,2
593,8,120,88,186,201,35,68,46,207
593,9,151,14,5,145,105,244,4,156
593,10,46,114,68,218,63,72,143,171
593,11,248,64,236,195,156,208,93,200
593,12,155,206,138,132,19,95,22,59
593,13,18,22,48,164,116,38,230,78
593,14,169,241,251,218,83,129,186,76
593,15,113,22,142,9,192,39,197,5
593,16,137,99,167,90,20,21,46,222
593,17,101,92,26,56,7,23,104,50
593,18,238,70,165,190,12,231,103,246
593,19,71,111,237,14,216,21,252,68
593,20,201,120,88,186,43,46,13,236
593,21,234,14,145,196,237,151,162,43
593,22,46,68,114,143,241,15,107,218
593,23,64,248,84,103,208,156,94,200
593,24,222,206,65,132,19,107,138,181
593,25,18,51,164,48,22,249,123,207
593,26,169,186,251,114,75,241,218,206
593,27,113,142,192,9,22,5,230,207
593,28,20,137,21,99,222,90,167,188
593,29,101,26,206,7,92,104,56,50
593,30,103,238,70,190,55,165,12,81
593,31,237,71,111,170,14,107,68,227
593,32,224,40,102,101,217,206,21,62
593,33,179,201,12,156,168,116,40,122
593,34,49,95,55,217,188,235,102,213
593,35,214,39,224,127,20,99,131,100
593,36,24,255,117,193,239,42,129,210
593,37,50,14,241,90,57,37,83,147
593,38,146,126,250,44,86,244,213,97
593,39,177,85,15,181,13,62,52,10
594,0,109,24,136,65,46,212,218,233
594,1,221,85,226,42,63,82,236,22
594,2,234,194,221,83,77,238,212,236
594,3,214,202,66,234,166,58,30,218
594,4,30,37,243,215,74,79,159,183
594,5,31,18,213,11,33,100,194,178
594,6,62,18,61,42,100,142,136,149
594,7,85,169,239,1,10,61,95,83
594,8,88,157,186,201,207,103,13,120
594,9,14,145,151,240,5,231,105,128
594,10,114,46,51,72,218,171,63,84
594,11,248,236,156,93,49,195,176,72
594,12,132,65,155,138,95,206,19,59
594,13,22,18,48,116,38,51,123,81
594,14,169,241,119,83,218,251,186,114
594,15,76,113,22,192,142,116,197,39
594,16,99,137,90,46,167,186,21,188
594,17,101,92,23,56,7,50,104,88
594,18,12,103,165,238,190,70,114,246
594,19,71,111,178,14,252,107,216,68
594,20,201,157,88,186,69,13,43,46
594,21,14,145,151,240,237,196,11,234
594,22,114,46,51,143,17,63,220,107
594,23,156,248,84,103,94,247,72,207
594,24,206,222,19,65,132,59,181,138
594,25,51,48,123,18,22,249,81,38
594,26,169,251,114,186,241,75,218,206
594,27,142,76,113,192,9,22,230,5
594,28,99,21,222,90,20,137,201,167
594,29,101,56,7,92,206,139,104,240
594,30,70,103,12,238,215,81,190,165
594,31,71,111,170,107,68,14,227,113
594,32,116,40,75,217,197,101,102,176
594,33,59,18,12,182,206,179,116,11
594,34,95,188,55,205,152,235,196,102
594,35,214,39,60,127,131,100,20,99
594,36,251,24,117,193,239,172,42,255
594,37,241,14,37,50,90,57,83,97
594,38,124,126,250,44,86,244,213,162
594,39,15,177,62,13,181,52,61,220
595,0,250,50,151,55,134,194,175,102
595,1,56,37,236,101,221,126,42,105
595,2,201,177,83,234,147,71,72,236
595,3,214,213,202,234,15,189,66,53
595,4,37,30,215,44,243,122,116,231
595,5,31,18,236,131,33,5,178,12
595,6,18,62,42,61,149,100,142,136
595,7,169,85,1,239,109,10,95,66
595,8,88,201,186,207,103,13,65,184
595,9,14,145,151,5,231,4,240,217
595,10,46,114,51,143,63,218,72,24
595,11,248,93,236,85,103,208,195,94
595,12,95,206,132,59,138,19,7,22
595,13,22,48,18,116,51,30,249,123
595,14,169,241,119,83,218,186,251,206
595,15,113,76,22,192,142,197,9,207
595,16,99,167,186,90,21,137,46,42
595,17,88,101,92,50,56,23,90,7
595,18,12,63,190,70,103,114,165,231
595,19,71,111,178,14,252,170,151,227
595,20,201,88,13,43,69,46,184,186
595,21,14,145,151,237,196,11,162,89
595,22,46,114,51,220,143,107,63,15
595,23,248,84,156,103,85,207,94,158
595,24,206,222,19,65,132,59,181,139
595,25,51,48,18,123,22,81,249,100
595,26,169,251,186,75,218,241,119,114
595,27,76,113,142,192,22,230,9,5
595,28,99,167,222,90,21,147,186,33
595,29,101,7,206,92,56,139,90,50
595,30,103,70,215,81,12,165,190,188
595,31,71,111,170,91,252,68,107,146
595,32,18,201,40,116,48,62,106,102
595,33,59,11,95,116,224,58,107,253
595,34,95,64,240,28,72,235,101,56
595,35,191,2,145,39,99,236,20,85
595,36,202,49,117,172,39,251,142,195
595,37,193,161,60,15,174,126,83,43
595,38,234,126,80,30,44,9,250,213
595,39,9,244,72,15,92,183,250,241
596,0,165,85,49,233,157,227,22,9
596,1,133,203,232,104,16,236,157,169
596,2,247,201,89,83,71,218,238,234
596,3,55,171,214,15,228,189,53,234
596,4,122,79,30,164,37,228,254,65
596,5,31,61,18,236,249,169,194,11
596,6,18,62,235,90,100,42,61,142
596,7,131,239,1,169,56,95,109,85
596,8,201,88,186,65,103,207,184,120
596,9,96,14,217,145,4,151,5,231
596,10,46,114,24,62,63,51,218,143
596,11,248,207,236,247,93,210,103,142
596,12,222,43,154,132,59,139,179,95
596,13,116,48,18,249,123,51,75,22
596,14,169,251,186,119,152,174,156,206
596,15,22,142,5,113,192,239,39,234
596,16,222,21,99,167,90,186,33,241
596,17,88,50,231,92,56,101,7,23
596,18,70,190,231,165,232,238,12,103
596,19,71,111,21,151,178,216,179,251
596,20,201,88,236,46,184,43,248,13
596,21,237,162,14,96,145,234,196,43
596,22,24,15,46,5,114,143,51,81
596,23,84,103,94,101,208,247,212,240
596,24,222,206,132,43,57,65,147,66
596,25,51,48,18,100,249,116,207,238
596,26,169,75,246,153,174,251,186,76
596,27,113,142,22,76,9,192,5,230
596,28,222,99,21,167,33,90,161,118
596,29,206,101,56,7,92,104,90,114
596,30,215,103,70,190,188,165,12,81
596,31,71,111,199,170,91,225,107,68
596,32,18,48,201,40,221,102,62,246
596,33,107,121,224,11,58,116,143,253
596,34,95,208,175,64,235,56,171,220
596,35,85,2,94,132,20,236,5,61
596,36,195,202,67,246,117,152,172,211
596,37,43,161,60,174,56,135,83,87
596,38,234,201,9,126,163,30,44,195
596,39,246,1,138,92,250,215,15,125
597,0,186,242,234,250,84,144,111,194
597,1,133,198,203,85,255,42,164,61
597,2,89,247,110,150,23,147,201,230
597,3,116,155,66,15,213,132,228,234
597,4,164,30,12,71,94,37,231,60
597,5,27,236,33,2,115,18,169,61
597,6,61,18,62,142,42,157,235,136
597,7,169,66,239,131,95,109,1,10
597,8,201,88,186,106,103,28,176,69
597,9,14,145,151,96,128,5,43,11
597,10,46,114,63,143,51,218,72,9
597,11,103,248,236,114,209,116,94,158
597,12,59,19,132,65,138,222,155,22
597,13,18,48,22,123,30,38,51,78
597,14,169,186,241,83,251,119,75,156
597,15,113,76,22,192,207,171,13,157
597,16,99,90,46,167,233,123,21,188
597,17,88,101,92,50,191,23,56,7
597,18,12,103,114,190,238,165,246,63
597,19,111,71,252,178,68,148,39,155
597,20,88,201,186,13,69,242,43,28
597,21,14,145,151,11,234,89,96,43
597,22,46,114,63,216,143,51,0,72
597,23,103,116,236,84,208,94,248,255
597,24,65,59,19,128,132,56,95,222
597,25,48,22,18,123,51,222,97,30
597,26,169,218,89,119,75,186,114,156
597,27,113,76,192,142,13,22,171,230
597,28,90,99,193,167,233,21,55,46
597,29,88,101,49,7,61,92,216,56
597,30,50,81,165,162,215,12,103,113
597,31,71,111,170,252,227,51,43,68
597,32,106,201,18,86,40,125,179,203
597,33,6,116,104,97,181,205,59,113
597,34,44,28,238,235,95,212,255,171
597,35,190,148,145,20,63,127,255,128
597,36,39,172,227,115,147,14,120,234
597,37,27,190,78,193,126,16,169,15
597,38,215,169,75,119,213,196,126,35
597,39,231,158,197,15,72,122,179,163
598,0,101,242,108,249,135,197,196,79
598,1,118,70,244,93,62,97,225,75
598,2,17,88,74,145,100,4,109,227
598,3,235,133,129,187,77,37,234,130
598,4,30,142,128,222,241,251,108,85
598,5,193,44,88,104,41,6,5,216
598,6,153,167,142,61,107,42,18,175
598,7,37,29,83,10,23,239,216,1
598,8,234,201,190,186,88,83,69,19
598,9,164,29,13,94,105,77,6,119
598,10,169,91,198,130,72,194,216,70
598,11,189,161,94,106,95,86,255,177
598,12,65,26,107,205,74,63,22,19
598,13,147,30,43,18,48,97,51,41
598,14,32,178,124,61,186,89,251,51
598,15,22,87,113,84,81,200,88,207
598,16,133,249,233,5,196,90,9,46
598,17,76,205,250,61,17,56,50,7
598,18,50,57,179,0,12,187,89,163
598,19,111,155,130,109,20,68,106,39
598,20,234,186,88,13,69,201,190,115
598,21,164,94,29,47,13,89,237,145
598,22,91,130,169,198,35,70,222,72
598,23,189,161,106,86,94,125,128,136
598,24,74,26,63,65,205,44,128,160
598,25,43,147,48,30,18,97,41,61
598,26,20,32,148,37,178,124,61,119
598,27,87,200,84,22,88,21,250,25
598,28,133,46,43,136,249,90,9,233
598,29,211,201,76,205,0,250,172,7
598,30,89,81,179,163,211,187,170,21
598,31,39,106,155,66,164,181,116,109
598,32,106,134,181,90,191,98,13,217
598,33,92,183,116,126,29,83,86,129
598,34,91,171,61,84,207,34,96,26
598,35,145,57,22,20,30,206,60,80
598,36,120,14,2,134,70,192,136,83
598,37,65,190,184,182,229,113,123,72
598,38,95,243,168,213,8,148,151,70
598,39,38,2,15,129,243,228,190,69
599,0,141,158,132,115,47,125,235,177
599,1,182,244,118,93,155,62,213,105
599,2,248,29,123,57,93,145,129,27
599,3,133,235,187,233,128,234,34,35
599,4,128,30,142,95,251,222,144,236
599,5,193,88,47,5,44,65,90,127
599,6,60,206,153,215,22,31,142,165
599,7,29,83,117,10,23,64,37,210
599,8,234,239,190,180,13,104,179,77
599,9,164,13,191,239,2,169,36,116
599,10,169,198,125,91,130,35,36,185
599,11,189,161,106,86,108,128,206,95
599,12,93,74,65,44,63,26,107,54
599,13,147,97,30,43,134,48,41,175
599,14,32,124,178,148,251,89,61,37
599,15,84,81,22,135,200,87,239,88
599,16,133,5,249,196,90,206,9,211
599,17,205,76,172,250,17,56,61,201
599,18,179,50,57,0,21,135,187,211
599,19,116,155,109,106,20,42,107,68
599,20,234,190,13,239,201,88,186,28
599,21,164,13,94,191,89,47,163,29
599,22,130,35,169,198,113,187,81,91
599,23,161,189,94,95,86,106,128,62
599,24,74,219,63,234,93,26,44,205
599,25,43,48,147,30,41,134,182,156
599,26,32,20,178,148,89,61,124,51
599,27,87,84,200,81,135,118,88,31
599,28,133,206,9,136,5,249,43,167
599,29,205,76,0,3,211,201,250,172
599,30,135,211,89,179,163,21,81,187
599,31,116,155,66,106,251,109,181,205
599,32,119,134,106,181,91,131,126,90
599,33,93,183,38,29,238,92,116,220
599,34,171,82,207,61,180,96,26,34
599,35,57,145,42,92,20,153,206,22
599,36,120,14,192,70,83,185,242,134
599,37,190,229,182,104,31,113,184,83
599,38,243,27,148,95,168,71,213,92
599,39,154,69,38,243,110,12,176,15
600,0,43,238,206,200,95,30,112,173
600,1,118,70,117,182,140,46,105,213
600,2,8,49,133,11,167,219,60,248
600,3,236,234,233,106,26,103,129,224
600,4,30,251,235,45,244,88,129,58
600,5,88,44,5,69,224,127,216,152
600,6,60,22,68,31,65,183,203,165
600,7,37,10,83,117,145,105,210,95
600,8,239,190,234,186,201,179,13,83
600,9,13,191,180,69,239,2,164,38
600,10,91,157,125,27,88,72,35,240
600,11,39,106,86,47,133,95,108,189
600,12,65,54,93,212,184,18,44,22
600,13,6,168,103,30,48,11,107,33
600,14,32,37,61,147,178,24,89,226
600,15,87,22,84,88,219,135,239,113
600,16,46,249,90,133,43,200,156,233
600,17,17,56,205,201,211,5,50,160
600,18,89,170,179,211,222,163,187,113
600,19,106,155,66,111,107,254,116,109
600,20,190,186,234,201,239,13,202,28
600,21,191,192,156,252,128,89,43,116
600,22,91,73,35,72,42,143,125,169
600,23,189,94,86,106,254,39,200,47
600,24,18,107,93,44,155,65,121,219
600,25,30,48,18,6,118,107,182,241
600,26,37,178,32,61,24,251,89,186
600,27,87,113,88,84,22,219,239,250
600,28,46,200,28,9,249,43,136,233
600,29,211,32,201,130,7,56,76,5
600,30,89,170,81,179,9,165,103,187
600,31,106,111,107,39,181,155,68,164
600,32,134,119,106,191,90,217,60,181
600,33,92,183,116,83,29,232,220,93
600,34,82,61,34,116,171,207,93,84
600,35,22,145,20,57,80,60,206,79
600,36,120,14,70,2,134,211,185,181
600,37,190,104,182,184,83,37,143,58
600,38,27,213,95,148,168,92,71,126
600,39,110,15,69,243,38,12,129,154
601,0,242,186,58,238,189,101,108,197
601,1,118,70,124,97,191,117,86,42
601,2,133,11,49,8,248,60,219,188
601,3,211,234,117,199,58,94,87,236
601,4,129,88,30,165,251,118,194,54
601,5,88,44,5,69,73,203,86,127
601,6,22,65,68,31,60,75,142,250
601,7,10,83,37,237,2,208,14,229
601,8,190,186,83,19,201,222,80,214
601,9,180,13,156,170,6,105,192,193
601,10,91,157,193,88,125,39,73,187
601,11,39,99,106,47,254,108,94,29
601,12,18,140,65,54,107,121,133,209
601,13,30,103,48,117,220,107,175,138
601,14,32,37,178,61,89,53,251,24
601,15,46,87,219,135,84,172,101,88
601,16,200,40,90,9,249,123,158,161
601,17,211,201,130,46,32,205,5,56
601,18,89,170,9,122,25,211,222,85
601,19,106,167,155,151,220,66,121,174
601,20,202,190,186,201,13,28,239,19
601,21,180,252,192,156,43,89,117,163
601,22,73,42,223,35,193,150,88,92
601,23,39,254,94,106,99,200,191,188
601,24,18,107,121,140,65,133,22,219
601,25,30,112,118,244,48,124,18,203
601,26,178,37,251,89,186,61,24,188
601,27,87,219,46,101,188,135,22,172
601,28,200,233,28,46,40,90,123,215
601,29,32,211,130,201,10,56,232,7
601,30,89,170,9,165,127,30,85,81
601,31,106,155,102,111,71,38,164,107
601,32,149,191,8,134,106,13,217,212
601,33,29,92,116,220,126,232,183,190
601,34,61,116,34,114,149,6,171,93
601,35,30,79,145,80,22,60,206,34
601,36,31,2,120,29,14,63,134,84
601,37,184,37,190,4,182,58,83,220
601,38,95,241,92,228,168,31,148,213
601,39,2,15,129,69,189,38,213,52
602,0,254,191,120,208,16,222,149,244
602,1,214,167,153,143,255,118,125,191
602,2,188,133,187,5,95,223,177,60
602,3,234,108,184,173,189,51,168,49
602,4,88,198,165,30,113,178,194,129
602,5,24,46,44,73,203,113,88,149
602,6,254,250,223,21,158,162,8,80
602,7,130,83,119,37,149,38,154,102
602,8,202,28,19,88,201,186,190,207
602,9,252,192,117,43,234,200,193,34
602,10,73,42,20,92,201,91,241,87
602,11,154,254,94,70,56,106,71,40
602,12,18,107,84,65,121,140,125,234
602,13,30,244,118,48,51,19,122,240
602,14,178,89,251,235,186,16,60,61
602,15,101,135,219,95,245,84,35,22
602,16,200,90,161,123,46,40,167,233
602,17,10,130,32,214,7,56,205,92
602,18,9,127,220,25,30,12,222,165
602,19,106,118,155,47,111,149,15,175
602,20,202,186,201,28,13,190,19,207
602,21,252,192,89,43,117,142,234,220
602,22,73,42,20,70,92,35,194,143
602,23,254,154,94,99,70,43,71,118
602,24,18,121,65,107,140,119,84,155
602,25,118,244,30,48,203,124,51,82
602,26,89,218,251,219,178,190,196,186
602,27,95,188,219,87,245,22,35,101
602,28,200,233,90,40,28,123,215,9
602,29,10,32,173,214,232,170,7,211
602,30,127,9,89,50,81,209,116,165
602,31,38,118,155,16,99,63,175,106
602,32,191,28,13,212,209,8,106,26
602,33,225,29,116,133,197,250,151,4
602,34,6,191,163,120,61,57,173,28
602,35,9,80,59,30,79,159,63,20
602,36,29,39,145,31,134,136,14,18
602,37,184,95,109,37,229,101,192,137
602,38,95,242,75,131,195,88,168,228
602,39,75,219,197,129,115,254,132,218
603,0,79,242,179,149,108,135,197,48
603,1,118,239,70,117,139,97,111,62
603,2,88,133,40,17,164,74,219,153
603,3,59,37,235,129,234,77,130,230
603,4,15,241,142,128,129,102,108,222
603,5,73,46,107,149,88,44,24,103
603,6,250,22,8,75,254,21,223,60
603,7,83,37,64,29,216,10,123,130
603,8,190,234,202,239,83,201,13,28
603,9,164,13,77,29,2,105,191,69
603,10,169,198,91,42,113,130,73,35
603,11,161,189,106,94,95,254,58,86
603,12,107,205,74,26,65,133,63,44
603,13,30,97,147,43,48,41,134,51
603,14,32,178,235,124,251,89,61,186
603,15,135,84,81,22,88,250,9,219
603,16,133,211,90,249,5,196,8,167
603,17,250,205,56,201,76,172,61,17
603,18,50,57,0,135,179,17,21,211
603,19,106,155,109,68,42,130,163,20
603,20,13,234,190,201,28,202,88,115
603,21,164,13,89,47,94,192,29,191
603,22,35,130,73,169,198,81,42,113
603,23,161,94,189,106,174,212,191,95
603,24,234,219,74,63,26,205,44,65
603,25,30,48,43,147,41,124,97,156
603,26,32,20,89,178,148,124,61,251
603,27,84,87,135,88,118,200,81,23
603,28,206,133,9,136,167,5,90,249
603,29,205,76,3,250,50,0,172,173
603,30,211,135,179,21,220,70,189,81
603,31,251,155,106,96,181,66,185,38
603,32,131,91,134,126,181,186,119,98
603,33,38,183,126,238,28,248,232,29
603,34,171,91,207,84,180,61,34,82
603,35,145,92,20,57,80,206,60,153
603,36,70,120,2,181,203,242,196,211
603,37,65,31,190,182,95,48,58,184
603,38,95,148,92,176,228,70,18,61
603,39,243,38,228,2,218,46,254,217
604,0,158,141,132,208,115,125,235,81
604,1,118,182,244,62,117,93,70,239
604,2,29,248,95,27,109,129,74,179
604,3,234,235,233,187,128,59,133,35
604,4,128,142,95,30,251,15,129,102
604,5,193,88,5,47,44,65,127,79
604,6,60,22,250,206,153,31,215,138
604,7,29,117,83,23,10,210,64,37
604,8,234,239,190,180,116,13,77,104
604,9,164,239,13,191,2,105,116,170
604,10,169,198,125,185,130,65,113,35
604,11,189,161,108,206,128,95,86,106
604,12,74,93,107,63,26,128,44,234
604,13,134,147,97,30,43,41,175,48
604,14,124,32,51,148,251,16,137,61
604,15,84,22,81,200,162,181,148,118
604,16,133,5,196,249,206,233,43,123
604,17,76,250,205,172,87,50,61,3
604,18,21,179,50,211,57,135,187,0
604,19,109,116,20,155,205,106,68,181
604,20,13,234,184,201,239,190,28,116
604,21,164,13,89,191,94,105,231,29
604,22,35,198,130,169,81,113,143,125
604,23,95,189,128,161,94,62,212,206
604,24,74,234,63,93,26,219,181,44
604,25,48,147,30,41,43,134,156,6
604,26,32,89,51,148,61,178,124,42
604,27,84,22,200,87,234,118,81,88
604,28,206,5,133,249,136,9,167,43
604,29,205,3,76,250,50,0,172,87
604,30,211,189,179,21,70,187,135,163
604,31,251,155,181,116,106,185,109,205
604,32,91,119,131,134,186,181,96,111
604,33,38,93,248,183,29,238,154,28
604,34,82,171,207,180,61,84,149,70
604,35,145,92,100,20,206,60,57,236
604,36,70,120,181,42,196,139,203,211
604,37,104,31,182,190,83,95,184,58
604,38,27,148,95,71,228,92,44,3
604,39,69,38,110,243,12,217,78,154
605,0,120,238,43,78,89,177,147,148
605,1,143,117,118,19,1,167,240,125
605,2,60,133,187,219,58,228,222,11
605,3,234,249,108,174,1,94,63,184
605,4,88,198,244,118,30,246,32,194
605,5,5,24,127,44,149,46,88,248
605,6,68,250,183,22,223,40,208,117
605,7,210,83,38,1,130,137,101,119
605,8,202,13,47,207,234,19,28,190
605,9,105,13,89,43,252,199,4,192
605,10,35,73,42,92,228,20,221,109
605,11,154,95,70,164,254,27,118,184
605,12,84,234,18,181,107,191,121,155
605,13,48,30,41,168,160,115,19,59
605,14,178,42,32,61,89,75,251,186
605,15,84,22,88,203,101,9,239,135
605,16,161,206,9,249,136,90,200,167
605,17,205,50,3,56,214,10,193,147
605,18,211,135,21,189,159,249,12,190
605,19,251,155,181,106,185,68,111,42
605,20,13,184,202,201,190,194,124,45
605,21,89,4,105,13,231,236,252,43
605,22,35,73,92,42,143,140,24,85
605,23,154,95,94,212,254,230,118,195
605,24,219,181,84,234,233,155,191,12
605,25,48,30,163,41,156,59,6,22
605,26,42,89,178,61,32,206,174,75
605,27,234,84,22,88,118,239,203,236
605,28,206,249,161,9,136,167,226,8
605,29,205,3,214,50,10,169,231,7
605,30,189,211,21,243,135,70,206,90
605,31,251,181,185,155,91,199,144,106
605,32,91,58,131,48,201,28,202,246
605,33,225,38,248,58,151,147,107,29
605,34,171,226,6,56,175,120,163,103
605,35,236,85,20,9,218,92,94,95
605,36,211,202,246,195,152,134,196,31
605,37,174,67,161,83,143,184,56,60
605,38,115,44,234,50,141,39,101,95
605,39,132,164,5,83,141,219,101,251
606,0,129,167,98,54,132,244,53,156
606,1,143,255,214,182,3,167,153,215
606,2,223,187,5,222,240,170,188,60
606,3,234,51,108,94,173,147,184,121
606,4,198,178,244,194,30,117,88,113
606,5,24,5,46,149,113,203,52,139
606,6,250,254,223,162,112,21,158,128
606,7,38,210,130,83,149,18,217,119
606,8,202,207,13,28,19,201,216,190
606,9,105,43,192,89,252,23,234,13
606,10,42,35,73,92,240,255,140,228
606,11,95,154,254,42,70,94,164,212
606,12,84,107,18,234,133,181,219,121
606,13,48,30,41,59,140,15,175,110
606,14,251,178,42,37,61,186,89,75
606,15,22,84,113,9,88,239,135,118
606,16,161,249,211,90,123,167,206,226
606,17,205,50,56,7,92,23,17,130
606,18,135,12,165,9,211,21,81,222
606,19,106,111,155,68,240,38,228,119
606,20,201,13,184,88,28,207,190,69
606,21,192,89,13,105,145,102,47,49
606,22,35,31,159,73,92,222,51,81
606,23,80,94,147,154,250,236,95,106
606,24,84,132,234,121,7,19,65,35
606,25,48,30,148,156,41,124,51,123
606,26,61,89,235,251,178,75,60,32
606,27,135,84,88,207,22,118,57,234
606,28,206,167,136,161,249,9,211,90
606,29,205,3,50,10,214,169,23,7
606,30,189,211,135,21,243,70,206,210
606,31,251,185,181,155,91,129,199,159
606,32,91,131,48,201,111,246,221,62
606,33,225,248,38,58,151,107,96,28
606,34,171,56,175,120,163,6,70,103
606,35,236,85,20,9,218,92,94,99
606,36,195,246,211,202,152,117,42,196
606,37,174,83,161,67,143,56,45,60
606,38,234,201,44,9,30,39,101,126
606,39,246,1,92,250,215,183,15,219
607,0,186,234,242,144,188,111,31,92
607,1,5,87,239,118,117,178,64,175
607,2,230,150,86,40,15,133,6,212
607,3,234,155,19,51,218,116,63,66
607,4,112,94,71,169,30,63,194,134
607,5,5,66,6,169,115,81,253,144
607,6,250,9,142,128,115,200,44,170
607,7,210,1,41,243,83,146,181,72
607,8,184,207,13,159,124,201,28,12
607,9,4,89,105,133,236,231,162,80
607,10,35,143,140,7,85,114,50,168
607,11,95,153,212,114,230,208,145,137
607,12,181,234,84,219,233,191,155,229
607,13,48,30,38,41,168,160,241,163
607,14,42,89,61,174,178,75,156,251
607,15,84,234,22,203,248,88,118,9
607,16,206,9,249,136,90,21,226,167
607,17,205,3,50,197,206,56,230,231
607,18,211,189,70,135,21,190,243,249
607,19,251,185,155,181,230,60,91,159
607,20,184,13,201,194,159,190,45,124
607,21,89,4,236,105,231,163,220,14
607,22,35,0,140,143,85,7,81,114
607,23,95,212,153,208,94,145,147,114
607,24,219,181,234,233,45,95,227,84
607,25,48,30,41,163,156,59,228,175
607,26,89,42,174,83,61,178,156,206
607,27,234,84,118,22,248,207,71,250
607,28,206,249,21,167,136,8,90,78
607,29,205,3,50,206,128,56,49,7
607,30,211,189,21,135,70,69,243,210
607,31,251,155,185,60,71,181,51,106
607,32,91,86,195,201,131,126,94,109
607,33,38,97,6,181,36,37,250,248
607,34,52,171,212,28,255,109,90,33
607,35,49,92,20,145,100,236,73,44
607,36,147,234,203,227,39,115,193,95
607,37,83,193,15,48,45,98,84,127
607,38,139,44,126,99,39,236,233,10
607,39,224,127,165,158,179,41,15,90
608,0,96,242,187,117,243,93,133,198
608,1,209,96,206,40,222,94,117,183
608,2,52,173,120,19,55,168,151,200
608,3,237,247,122,234,216,68,14,212
608,4,119,112,55,71,251,98,60,213
608,5,5,66,232,42,6,81,118,217
608,6,9,84,250,142,172,200,198,115
608,7,1,210,41,90,181,146,83,243
608,8,112,184,207,13,159,193,251,144
608,9,19,89,105,4,231,236,206,133
608,10,163,35,229,111,108,140,219,81
608,11,18,95,212,145,230,153,130,3
608,12,219,106,234,181,154,233,45,183
608,13,48,200,30,41,2,15,163,241
608,14,174,42,89,61,119,251,178,79
608,15,241,118,84,22,234,103,43,9
608,16,206,226,90,149,199,167,136,36
608,17,205,3,230,50,236,43,138,146
608,18,135,211,70,189,21,210,181,4
608,19,155,251,185,42,46,106,230,96
608,20,190,13,112,184,194,201,19,45
608,21,163,89,231,19,107,102,236,237
608,22,35,111,187,81,163,143,200,140
608,23,18,212,191,94,95,153,102,5
608,24,219,181,234,106,14,68,45,154
608,25,48,30,200,163,59,138,51,176
608,26,89,83,174,61,178,235,38,251
608,27,241,118,250,135,22,84,234,133
608,28,206,149,90,8,185,167,199,21
608,29,205,3,230,56,201,65,236,128
608,30,135,211,189,70,84,220,210,243
608,31,66,155,251,96,233,71,185,51
608,32,17,91,199,126,89,50,32,195
608,33,38,23,94,214,117,248,63,105
608,34,187,28,58,171,33,235,177,173
608,35,92,100,20,49,16,145,220,214
608,36,57,203,0,253,242,8,193,42
608,37,48,220,37,83,97,84,158,164
608,38,97,44,162,244,15,39,228,3
608,39,23,78,68,241,16,52,220,252
609,0,181,82,107,251,39,99,255,83
609,1,117,9,237,89,168,55,176,248
609,2,120,173,168,243,237,151,155,1
609,3,237,109,50,234,134,105,132,179
609,4,157,35,213,69,210,92,246,156
609,5,5,174,250,232,202,121,142,42
609,6,9,84,27,108,172,134,115,50
609,7,1,146,41,210,84,195,77,202
609,8,184,68,13,127,207,190,201,157
609,9,231,105,236,89,4,190,80,43
609,10,68,140,35,200,111,129,15,96
609,11,64,212,95,57,51,197,181,102
609,12,219,234,183,133,181,35,233,154
609,13,164,48,30,163,23,41,181,230
609,14,251,79,174,89,37,209,42,178
609,15,118,135,22,9,84,142,239,82
609,16,211,90,167,8,226,3,161,74
609,17,56,7,230,66,213,130,205,147
609,18,135,165,17,142,21,9,222,12
609,19,106,38,68,155,111,42,40,21
609,20,201,13,207,88,28,124,19,184
609,21,192,89,231,13,237,43,102,105
609,22,159,31,160,73,81,143,92,187
609,23,94,80,17,212,64,109,10,250
609,24,121,7,107,219,234,65,132,181
609,25,48,30,148,124,164,192,51,123
609,26,251,89,235,178,168,75,16,61
609,27,135,118,245,250,9,84,22,219
609,28,90,8,167,74,206,123,224,200
609,29,26,150,130,173,205,56,201,36
609,30,135,55,70,238,211,121,9,84
609,31,237,66,155,106,251,206,96,107
609,32,224,126,91,197,50,199,32,66
609,33,179,201,156,38,248,12,117,212
609,34,49,217,28,213,171,33,173,177
609,35,92,224,100,214,60,16,220,244
609,36,255,57,24,203,239,242,193,42
609,37,50,48,14,37,158,83,97,241
609,38,146,97,162,44,244,15,86,3
609,39,177,13,85,78,62,220,252,52
610,0,55,109,24,70,76,177,31,175
610,1,42,117,236,226,118,22,84,190
610,2,120,3,221,71,13,237,193,77
610,3,234,247,132,215,44,218,179,66
610,4,243,30,51,169,63,218,192,159
610,5,5,165,202,250,236,225,19,146
610,6,84,9,172,57,134,149,142,42
610,7,1,223,83,210,43,41,38,225
610,8,190,124,68,13,193,69,194,19
610,9,47,14,107,231,89,163,105,73
610,10,81,111,187,19,35,242,204,143
610,11,93,191,212,95,94,3,218,106
610,12,219,234,35,181,107,133,12,132
610,13,48,30,175,230,2,41,59,18
610,14,89,251,37,119,178,174,61,14
610,15,84,22,250,135,118,9,88,71
610,16,167,90,211,206,136,249,8,190
610,17,205,230,56,104,50,3,7,164
610,18,135,190,211,238,70,115,21,244
610,19,42,155,251,111,68,96,71,107
610,20,13,124,201,207,184,19,190,88
610,21,89,47,107,237,13,102,14,163
610,22,35,187,81,143,111,242,222,182
610,23,93,191,94,212,218,85,106,201
610,24,219,181,234,11,7,205,128,132
610,25,48,30,41,230,19,71,163,18
610,26,89,174,206,75,251,14,61,203
610,27,84,22,118,135,234,250,207,71
610,28,206,167,193,249,136,90,21,190
610,29,205,3,50,164,88,21,173,139
610,30,70,211,21,189,50,135,162,63
610,31,251,155,185,96,181,106,38,18
610,32,91,131,86,85,179,125,123,126
610,33,38,95,234,104,248,132,102,189
610,34,171,28,44,240,94,70,238,173
610,35,20,145,92,148,190,236,100,161
610,36,39,115,227,202,147,203,142,19
610,37,27,83,193,78,15,169,190,95
610,38,215,169,44,119,39,75,3,88
610,39,231,158,179,122,252,15,75,244
611,0,123,242,229,105,249,196,216,7
611,1,118,225,231,117,27,62,150,155
611,2,162,249,39,90,109,146,210,226
611,3,234,133,31,187,37,84,235,152
611,4,251,167,142,30,102,13,222,72
611,5,5,104,6,236,204,66,165,202
611,6,84,9,167,142,172,200,250,59
611,7,1,210,29,41,83,23,10,79
611,8,234,184,207,13,193,19,83,89
611,9,13,29,94,89,105,4,231,107
611,10,169,35,182,222,130,81,114,143
611,11,95,189,145,212,185,236,208,147
611,12,181,234,26,132,219,7,35,63
611,13,48,30,156,160,29,117,41,43
611,14,75,89,32,251,178,186,156,93
611,15,22,84,207,88,9,113,135,192
611,16,167,90,249,136,9,188,211,206
611,17,205,50,56,193,7,250,139,36
611,18,190,12,211,21,9,165,142,135
611,19,155,111,130,68,251,42,205,106
611,20,184,201,13,234,124,207,88,28
611,21,13,89,29,192,47,94,102,237
611,22,35,169,81,51,143,222,236,31
611,23,189,94,42,236,107,106,147,95
611,24,181,234,132,26,63,65,121,7
611,25,48,30,43,147,29,123,156,41
611,26,89,75,32,251,61,178,206,174
611,27,84,135,22,88,207,118,57,234
611,28,167,206,136,5,90,9,133,249
611,29,205,250,50,172,3,76,7,173
611,30,211,70,81,179,187,21,243,189
611,31,251,155,130,106,181,185,38,205
611,32,91,98,131,134,99,186,106,96
611,33,38,183,232,238,126,248,116,29
611,34,171,84,207,180,34,173,70,102
611,35,145,92,20,153,80,100,60,151
611,36,181,120,203,70,11,42,193,139
611,37,31,190,58,83,95,182,241,97
611,38,71,148,92,44,97,250,3,75
611,39,2,69,189,38,217,213,220,252
612,0,107,82,181,83,32,246,221,245
612,1,117,118,132,84,73,86,242,122
612,2,255,133,121,80,243,10,165,28
612,3,219,234,131,169,214,227,119,166
612,4,118,242,30,79,254,74,89,245
612,5,5,174,159,147,68,42,255,44
612,6,183,166,149,164,84,42,115,134
612,7,1,2,210,237,41,47,220,101
612,8,13,207,234,184,193,216,201,214
612,9,151,13,89,217,105,156,4,107
612,10,68,228,161,35,62,96,114,182
612,11,64,27,95,195,69,57,181,208
612,12,155,234,181,219,132,154,35,191
612,13,48,164,22,30,41,168,230,228
612,14,174,89,14,75,42,251,213,241
612,15,22,118,84,135,120,9,234,207
612,16,167,136,206,90,119,211,14,21
612,17,26,50,205,7,143,3,147,56
612,18,190,70,211,135,159,165,12,238
612,19,251,237,155,42,111,106,68,38
612,20,13,184,201,124,207,19,28,88
612,21,89,47,217,4,192,102,220,13
612,22,35,68,228,143,81,187,15,107
612,23,64,27,94,195,191,113,69,208
612,24,181,219,155,138,234,132,121,7
612,25,48,164,22,30,163,18,123,51
612,26,174,89,238,206,75,251,14,61
612,27,22,207,135,118,250,84,234,9
612,28,167,206,136,21,90,211,8,188
612,29,26,205,3,50,147,7,206,101
612,30,70,55,211,243,159,220,135,190
612,31,251,237,155,96,66,185,107,106
612,32,224,42,91,126,50,206,199,197
612,33,179,38,201,156,248,12,217,171
612,34,49,217,196,70,171,102,235,173
612,35,92,210,214,100,224,60,73,16
612,36,255,24,203,42,193,11,57,239
612,37,50,14,241,147,83,57,48,37
612,38,146,44,97,162,244,250,39,86
612,39,177,13,85,62,220,52,181,252
613,0,55,109,177,47,24,151,152,31
613,1,42,236,226,70,202,72,117,101
613,2,221,3,58,77,157,193,185,228
613,3,234,16,197,63,66,243,153,44
613,4,243,169,30,51,63,80,100,178
613,5,202,5,165,181,60,116,195,225
613,6,149,25,70,9,201,115,134,253
613,7,38,130,246,1,83,146,43,210
613,8,124,194,45,68,13,190,19,214
613,9,216,4,163,231,220,242,137,134
613,10,15,103,228,140,204,111,200,67
613,11,212,197,146,190,37,93,240,94
613,12,219,234,183,107,155,45,181,180
613,13,196,48,22,193,23,163,230,67
613,14,174,79,237,89,33,13,251,42
613,15,135,118,40,236,133,211,186,22
613,16,226,90,211,206,21,199,167,8
613,17,12,55,19,205,240,169,138,174
613,18,70,210,135,4,190,11,17,90
613,19,251,155,230,46,185,5,85,71
613,20,13,45,124,194,207,190,201,230
613,21,163,89,216,107,80,14,242,224
613,22,15,228,35,103,140,204,67,146
613,23,212,197,93,190,218,37,94,164
613,24,219,155,7,11,234,181,45,183
613,25,48,22,196,230,163,155,30,41
613,26,174,89,13,241,14,213,237,33
613,27,135,7,118,22,40,211,84,234
613,28,206,226,167,21,199,181,90,211
613,29,205,12,3,19,50,55,7,240
613,30,70,4,210,90,190,11,188,211
613,31,251,185,155,230,18,46,199,96
613,32,48,22,126,91,102,246,18,62
613,33,139,224,102,38,107,185,248,250
613,34,175,94,70,64,240,72,171,195
613,35,2,92,85,161,94,185,236,20
613,36,195,79,202,67,246,142,203,152
613,37,83,43,196,60,161,135,174,45
613,38,201,234,15,44,167,163,9,162
613,39,246,1,215,92,252,183,220,44
614,0,242,188,111,234,127,172,186,63
614,1,232,198,117,118,63,43,66,255
614,2,23,110,164,230,169,150,51,15
614,3,234,116,155,177,55,218,20,121
614,4,71,12,30,94,82,215,169,194
614,5,169,5,254,249,66,11,225,217
614,6,73,115,235,149,142,42,166,61
614,7,1,56,210,220,84,40,41,79
614,8,184,159,13,45,201,207,103,124
614,9,96,14,89,4,133,13,231,105
614,10,114,15,24,218,51,222,35,204
614,11,66,114,247,236,95,212,208,203
614,12,181,234,219,132,7,206,11,35
614,13,48,38,22,111,163,196,41,228
614,14,174,251,14,13,79,89,241,206
614,15,22,118,7,9,142,135,84,40
614,16,90,206,21,167,226,136,211,188
614,17,205,50,197,143,206,3,240,55
614,18,190,70,4,188,11,238,210,211
614,19,251,230,155,185,5,71,91,46
614,20,13,201,120,184,124,45,159,19
614,21,89,96,14,4,107,220,163,102
614,22,15,35,24,140,114,107,51,204
614,23,66,114,208,212,94,247,101,156
614,24,181,219,132,7,234,206,183,233
614,25,48,163,51,22,111,38,18,30
614,26,174,89,251,13,75,14,206,241
614,27,22,7,118,234,142,135,9,84
614,28,21,206,226,167,249,199,99,90
614,29,206,205,3,7,50,218,240,139
614,30,70,4,11,190,211,188,210,149
614,31,251,185,155,230,71,68,159,91
614,32,221,102,91,62,201,126,246,48
614,33,168,38,224,121,6,107,97,248
614,34,81,95,70,171,208,52,64,55
614,35,161,92,20,236,39,99,132,2
614,36,202,49,234,195,152,246,117,187
614,37,83,15,161,60,193,174,43,45
614,38,44,234,15,39,167,9,126,97
614,39,15,165,252,72,220,244,92,36
615,0,102,233,15,80,131,21,117,228
615,1,63,120,228,92,67,8,247,241
615,2,101,173,116,141,23,233,65,120
615,3,234,134,50,20,105,253,214,166
615,4,119,12,254,71,37,159,172,30
615,5,169,5,254,217,250,130,82,181
615,6,235,115,9,73,27,147,178,84
615,7,1,56,210,84,41,220,0,83
615,8,184,201,45,124,13,248,214,159
615,9,96,4,89,14,242,220,80,105
615,10,15,24,182,107,133,140,103,218
615,11,212,208,66,95,8,94,102,247
615,12,219,181,234,11,95,183,173,139
615,13,48,163,196,23,82,38,228,116
615,14,174,251,79,13,42,14,33,89
615,15,9,118,142,22,7,40,211,234
615,16,206,226,21,90,211,199,128,123
615,17,205,3,206,50,197,12,240,55
615,18,70,4,190,11,188,210,238,135
615,19,251,230,185,155,5,71,42,46
615,20,201,13,124,184,45,120,19,248
615,21,96,89,107,14,4,102,242,220
615,22,15,140,24,35,107,204,103,81
615,23,66,212,208,191,229,102,94,113
615,24,219,181,132,43,234,233,45,183
615,25,48,163,51,18,196,30,123,228
615,26,174,89,13,251,75,14,206,220
615,27,22,7,234,118,142,40,5,84
615,28,21,206,226,199,249,167,222,161
615,29,206,205,3,50,7,240,55,90
615,30,70,4,11,211,189,188,190,149
615,31,251,185,155,199,230,71,238,159
615,32,221,91,89,62,102,17,246,126
615,33,105,38,107,121,248,244,224,3
615,34,81,171,70,95,208,64,56,220
615,35,132,85,92,161,20,236,94,2
615,36,202,246,195,152,253,67,42,203
615,37,83,60,161,43,174,135,67,45
615,38,44,201,234,39,9,15,30,126
615,39,246,1,248,92,252,15,250,220
616,0,242,186,234,177,55,144,210,152
616,1,149,9,89,8,70,198,175,255
616,2,150,110,230,157,86,23,17,101
616,3,234,155,66,213,215,63,243,241
616,4,169,94,71,12,63,30,164,194
616,5,6,115,225,66,81,5,217,52
616,6,115,92,235,9,147,142,25,84
616,7,243,41,220,1,84,3,181,248
616,8,124,248,13,201,45,241,176,101
616,9,96,4,220,89,5,14,216,107
616,10,15,103,107,140,30,204,218,66
616,11,212,153,116,113,229,146,103,230
616,12,219,181,234,95,179,173,107,108
616,13,48,38,196,193,163,70,228,82
616,14,174,251,79,206,14,42,13,89
616,15,9,7,22,234,118,142,5,84
616,16,21,206,226,90,199,128,8,167
616,17,206,205,3,50,240,138,90,181
616,18,70,4,190,238,211,149,188,210
616,19,251,60,185,230,155,5,71,43
616,20,13,201,124,45,248,194,67,0
616,21,89,96,220,4,14,107,43,80
616,22,15,0,140,35,107,216,30,103
616,23,116,212,208,113,103,59,95,114
616,24,181,219,234,95,128,45,183,108
616,25,48,163,38,41,30,22,196,228
616,26,174,89,251,206,75,93,13,14
616,27,5,234,7,22,118,84,9,10
616,28,21,206,226,167,230,249,222,199
616,29,3,49,205,88,206,128,181,240
616,30,70,50,162,211,189,238,4,243
616,31,185,251,60,155,230,18,28,126
616,32,91,86,179,109,126,195,246,62
616,33,38,104,36,250,97,37,181,248
616,34,28,44,238,212,171,90,255,109
616,35,49,148,190,92,20,161,74,145
616,36,147,227,39,115,234,187,11,42
616,37,27,78,83,193,15,241,177,37
616,38,215,44,119,139,39,126,251,169
616,39,158,72,252,231,15,122,36,125
617,0,242,117,187,133,185,186,96,27
617,1,13,183,117,40,206,96,42,81
617,2,35,197,66,107,85,17,178,19
617,3,234,7,247,170,221,192,2,122
617,4,55,82,180,139,8,30,71,60
617,5,214,6,225,66,217,232,81,3
617,6,3,115,114,9,123,134,108,35
617,7,243,84,41,1,220,248,151,150
617,8,124,45,248,68,13,112,201,187
617,9,19,4,96,220,178,89,206,216
617,10,15,163,140,30,107,103,7,204
617,11,116,113,212,18,142,208,229,68
617,12,67,219,181,234,95,179,108,45
617,13,48,200,163,196,249,137,193,70
617,14,174,38,13,42,79,251,206,99
617,15,103,234,7,118,40,5,22,241
617,16,78,21,226,206,232,222,90,149
617,17,155,240,205,3,138,55,206,128
617,18,70,4,210,6,162,243,189,190
617,19,251,185,230,155,159,46,5,71
617,20,68,13,45,184,112,46,194,149
617,21,19,89,236,220,4,216,178,163
617,22,15,163,140,66,7,107,200,30
617,23,212,207,18,142,190,113,101,65
617,24,219,181,67,45,72,233,234,95
617,25,48,163,196,249,30,200,228,67
617,26,174,89,38,206,76,251,79,13
617,27,234,103,5,118,236,22,241,7
617,28,206,78,21,226,167,222,8,249
617,29,3,155,205,240,128,56,231,236
617,30,70,189,243,211,4,6,238,210
617,31,185,251,155,230,60,106,216,46
617,32,17,91,37,243,194,199,176,126
617,33,171,38,117,23,214,94,248,154
617,34,28,58,187,235,171,70,19,173
617,35,73,100,1,20,92,161,7,151
617,36,57,0,11,42,253,8,244,193
617,37,83,220,84,210,164,87,45,90
617,38,44,162,244,15,14,39,136,86
617,39,23,252,220,14,16,61,68,175
618,0,181,107,82,251,39,255,221,119
618,1,88,180,119,237,184,89,220,117
618,2,78,137,160,81,82,99,213,191
618,3,99,107,158,65,245,222,134,234
618,4,82,145,35,210,141,180,191,189
618,5,214,174,232,225,3,5,217,142
618,6,9,115,134,27,108,16,186,3
618,7,84,1,220,41,0,17,3,248
618,8,68,124,248,45,13,46,201,112
618,9,4,236,220,19,242,89,216,80
618,10,15,68,154,140,66,103,200,107
618,11,64,207,212,65,8,190,113,68
618,12,72,234,67,106,233,95,181,179
618,13,164,48,249,230,196,200,163,36
618,14,174,38,89,76,42,79,251,111
618,15,234,103,5,22,241,118,120,236
618,16,206,222,90,78,140,21,226,149
618,17,240,3,26,231,155,205,36,138
618,18,70,4,157,189,162,231,211,238
618,19,251,155,185,237,216,159,181,230
618,20,46,13,68,112,230,248,236,154
618,21,236,43,89,19,4,228,133,250
618,22,15,68,200,66,140,154,97,107
618,23,64,207,212,190,101,240,18,94
618,24,72,219,233,36,107,234,46,37
618,25,249,48,164,163,122,193,196,200
618,26,89,174,76,79,38,111,119,22
618,27,5,118,236,234,43,22,7,241
618,28,222,206,8,226,78,129,149,140
618,29,240,3,26,205,128,155,174,231
618,30,70,55,4,189,157,231,206,211
618,31,237,185,155,251,216,60,196,46
618,32,224,243,197,37,91,199,126,176
618,33,179,201,171,38,117,156,248,185
618,34,49,217,28,235,58,213,70,177
618,35,73,224,100,1,161,92,40,201
618,36,255,57,24,42,239,130,223,245
618,37,50,83,14,45,87,210,90,37
618,38,146,44,14,15,162,244,39,86
618,39,85,13,177,252,220,14,61,62
619,0,109,55,177,151,152,203,47,31
619,1,236,27,231,226,245,8,101,35
619,2,78,221,228,160,185,137,115,148
619,3,234,16,197,247,63,66,99,7
619,4,169,243,30,93,63,194,103,111
619,5,214,6,225,81,217,66,115,5
619,6,186,243,27,115,9,25,82,108
619,7,41,220,1,84,167,146,130,138
619,8,46,248,47,124,68,45,13,227
619,9,4,236,220,162,89,80,242,17
619,10,15,140,66,107,109,103,204,200
619,11,212,207,146,240,190,65,68,8
619,12,72,166,234,47,150,219,200,181
619,13,230,193,196,48,249,122,213,82
619,14,174,76,79,89,111,42,251,119
619,15,5,178,234,7,22,118,125,236
619,16,222,21,206,154,90,140,179,129
619,17,3,206,49,240,231,36,205,174
619,18,70,4,238,149,157,189,231,206
619,19,60,251,185,155,43,206,198,230
619,20,46,13,47,248,45,218,230,36
619,21,236,89,43,4,242,80,133,10
619,22,15,140,200,17,107,66,97,154
619,23,212,209,207,190,151,240,146,59
619,24,72,166,47,173,234,27,219,210
619,25,48,230,193,196,163,213,36,82
619,26,174,89,79,76,141,111,15,119
619,27,5,118,234,7,236,43,22,178
619,28,222,138,206,232,8,226,179,21
619,29,3,78,240,205,128,174,231,199
619,30,70,189,4,55,157,231,211,149
619,31,60,185,155,237,251,216,196,18
619,32,248,120,243,14,91,197,162,126
619,33,171,103,38,250,176,179,248,201
619,34,249,94,109,80,227,235,11,28
619,35,44,73,100,136,1,176,121,92
619,36,126,21,42,57,130,223,79,11
619,37,214,83,210,45,87,14,244,37
619,38,156,14,162,244,87,15,39,141
619,39,251,66,209,83,14,252,224,149
620,0,52,209,17,220,198,247,234,80
620,1,222,231,27,13,8,236,163,67
620,2,150,148,251,224,86,51,221,115
620,3,234,155,66,63,2,7,247,87
620,4,149,169,93,243,30,194,82,103
620,5,6,213,214,66,115,225,81,5
620,6,186,115,9,243,82,50,25,27
620,7,146,138,41,1,9,130,220,95
620,8,46,248,124,13,68,236,9,252
620,9,236,4,220,111,80,17,242,162
620,10,15,66,103,107,154,204,200,117
620,11,212,207,190,240,94,146,65,53
620,12,72,166,234,150,200,219,107,12
620,13,48,230,193,122,196,30,249,82
620,14,174,89,76,79,42,251,111,119
620,15,118,5,234,236,22,43,186,84
620,16,206,222,90,140,30,154,123,21
620,17,3,231,240,49,205,36,199,23
620,18,70,157,189,4,231,206,21,149
620,19,251,155,185,237,245,216,60,206
620,20,46,13,236,211,248,55,230,43
620,21,236,43,89,250,228,242,111,80
620,22,15,200,97,66,181,140,241,17
620,23,212,240,207,209,190,101,68,65
620,24,72,166,219,234,36,173,150,200
620,25,122,193,213,192,196,249,48,30
620,26,89,76,174,79,111,15,141,42
620,27,236,5,118,43,234,10,7,154
620,28,222,138,8,129,206,140,226,30
620,29,78,3,240,205,199,231,128,174
620,30,70,157,189,4,109,55,231,237
620,31,60,196,185,237,155,216,251,245
620,32,162,197,243,14,126,91,120,37
620,33,171,103,38,201,179,248,154,5
620,34,227,94,11,235,213,109,59,28
620,35,73,100,1,201,92,224,7,123
620,36,48,57,24,42,223,130,255,245
620,37,210,162,45,87,83,14,50,59
620,38,14,244,15,162,124,114,39,157
620,39,14,13,252,220,177,61,89,77
621,0,55,177,78,20,13,217,151,12
621,1,163,236,243,21,117,1,42,215
621,2,228,42,157,168,235,3,126,199
621,3,16,234,63,23,18,7,66,144
621,4,169,44,103,30,82,93,125,63
621,5,214,225,181,6,118,217,142,139
621,6,50,27,25,201,108,9,253,70
621,7,138,146,130,137,212,248,246,9
621,8,46,47,68,252,9,124,248,13
621,9,236,111,43,65,4,17,231,134
621,10,109,200,15,205,103,66,97,140
621,11,212,197,240,37,190,68,146,65
621,12,72,234,47,107,233,150,200,219
621,13,122,196,230,36,193,30,48,67
621,14,76,174,144,89,42,119,111,79
621,15,236,112,118,234,5,22,239,178
621,16,140,206,90,222,30,82,129,10
621,17,231,3,240,205,245,206,174,199
621,18,70,157,4,189,216,231,206,243
621,19,155,251,185,216,245,1,196,181
621,20,46,13,47,236,55,230,208,248
621,21,236,89,43,134,250,4,122,162
621,22,109,15,200,146,216,154,97,66
621,23,197,212,190,37,240,222,65,53
621,24,72,47,234,150,233,55,37,107
621,25,230,48,70,196,213,155,19,30
621,26,89,76,174,144,111,79,6,42
621,27,5,236,118,112,234,22,194,10
621,28,10,206,222,129,140,8,82,190
621,29,3,126,240,199,19,128,205,245
621,30,18,70,109,209,157,189,151,63
621,31,185,196,155,55,60,216,219,37
621,32,28,248,92,243,26,58,78,229
621,33,171,198,176,185,38,248,250,12
621,34,249,80,164,94,59,48,115,146
621,35,77,100,176,73,1,201,185,131
621,36,79,228,21,37,130,42,126,17
621,37,196,214,110,83,226,160,244,210
621,38,63,149,156,195,141,18,24,43
621,39,66,218,5,86,209,112,151,136
622,0,156,17,52,87,150,129,209,53
622,1,243,163,83,21,215,61,11,8
622,2,168,204,12,222,214,51,250,161
622,3,45,16,234,139,63,89,228,157
622,4,169,30,194,44,82,206,93,80
622,5,5,48,118,91,217,214,228,3
622,6,201,9,27,50,25,253,186,70
622,7,146,137,138,130,38,9,246,220
622,8,46,236,68,9,47,91,227,13
622,9,111,236,43,162,4,105,231,89
622,10,15,200,181,140,154,109,97,103
622,11,212,240,197,190,94,37,146,68
622,12,72,234,46,107,233,57,200,12
622,13,122,196,30,226,249,207,48,193
622,14,76,174,42,89,79,22,251,144
622,15,236,118,5,239,234,22,84,222
622,16,222,90,206,140,30,123,129,8
622,17,231,3,240,205,232,23,36,43
622,18,70,4,231,157,189,21,116,206
622,19,155,216,181,251,245,43,185,244
622,20,46,13,236,211,43,227,47,218
622,21,236,111,43,89,242,210,34,244
622,22,15,97,181,200,128,85,238,146
622,23,212,197,240,222,94,190,201,233
622,24,234,72,128,66,47,46,200,107
622,25,84,249,192,122,230,48,101,207
622,26,89,174,76,22,141,40,119,111
622,27,5,118,236,239,22,178,84,112
622,28,222,206,193,190,8,82,30,90
622,29,3,128,240,88,205,9,180,231
622,30,63,50,189,157,70,28,151,209
622,31,155,216,185,219,239,18,60,251
622,32,248,78,243,80,179,91,66,246
622,33,171,198,167,38,104,176,185,68
622,34,164,249,94,80,48,59,235,44
622,35,77,176,185,1,73,100,117,121
622,36,79,228,37,21,42,130,131,126
622,37,196,214,244,210,83,226,137,127
622,38,197,24,141,156,18,204,55,149
622,39,226,66,83,209,136,91,22,86
623,0,159,198,52,17,209,240,220,5
623,1,80,243,183,163,232,10,222,70
623,2,168,244,22,12,90,19,200,36
623,3,234,45,105,89,197,66,63,7
623,4,169,221,148,30,82,44,180,243
623,5,214,5,82,217,3,187,131,91
623,6,9,243,186,149,134,108,201,253
623,7,146,1,220,63,83,210,41,246
623,8,46,13,68,248,252,176,124,144
623,9,236,4,105,231,89,181,242,43
623,10,15,154,216,66,140,103,85,200
623,11,212,220,201,190,65,95,94,197
623,12,234,72,219,233,46,181,12,57
623,13,48,30,196,213,70,41,59,82
623,14,174,42,89,251,76,79,14,206
623,15,22,234,84,5,118,9,236,132
623,16,206,193,88,90,222,226,158,211
623,17,3,205,240,50,231,111,213,138
623,18,70,50,4,190,151,211,21,189
623,19,251,155,230,181,10,32,185,139
623,20,13,184,201,124,207,44,217,144
623,21,89,4,236,13,190,231,43,141
623,22,216,35,43,15,143,130,107,154
623,23,212,95,201,94,123,116,230,102
623,24,128,181,234,219,205,45,7,5
623,25,48,41,97,30,19,156,22,18
623,26,174,89,75,251,206,42,32,61
623,27,84,22,118,234,135,207,88,9
623,28,206,167,193,196,249,90,9,36
623,29,205,61,3,88,50,21,62,255
623,30,211,50,70,21,81,205,250,162
623,31,251,155,106,205,185,181,38,230
623,32,131,91,125,186,109,85,106,134
623,33,38,132,238,198,102,104,181,95
623,34,171,173,44,240,20,180,96,207
623,35,145,20,148,92,153,190,80,151
623,36,39,120,115,227,19,202,93,203
623,37,190,27,16,169,58,101,83,19
623,38,169,75,61,196,92,18,180,67
623,39,231,189,163,179,254,11,128,67
624,0,123,242,249,229,105,196,7,216
624,1,225,118,231,27,117,150,93,244
624,2,162,17,103,4,168,227,210,26
624,3,133,31,187,234,152,235,84,231
624,4,13,167,142,251,30,236,82,210
624,5,6,104,5,193,224,186,253,204
624,6,167,9,115,153,134,27,84,123
624,7,1,29,210,83,23,41,10,46
624,8,234,13,201,184,19,124,69,164
624,9,29,94,13,4,89,164,105,231
624,10,169,130,35,140,15,216,81,107
624,11,189,212,95,94,103,185,208,161
624,12,181,234,26,219,63,107,74,132
624,13,48,30,43,147,156,41,175,18
624,14,251,89,75,42,178,32,124,51
624,15,84,22,9,88,81,207,118,135
624,16,249,206,90,5,167,196,211,123
624,17,205,50,61,250,56,3,92,76
624,18,211,50,190,179,187,12,21,57
624,19,130,155,251,111,68,205,109,42
624,20,234,201,13,184,28,124,88,207
624,21,29,13,89,94,164,47,237,102
624,22,35,169,130,143,222,81,51,236
624,23,189,42,94,95,172,62,236,107
624,24,234,74,181,26,63,15,132,65
624,25,48,30,43,147,41,156,123,134
624,26,75,32,89,61,251,178,124,51
624,27,84,88,81,135,200,118,22,207
624,28,167,206,136,5,133,90,9,249
624,29,205,50,250,172,76,3,7,87
624,30,211,81,179,187,21,70,189,135
624,31,251,155,130,106,181,185,205,109
624,32,98,91,131,134,99,186,106,96
624,33,38,183,232,238,126,116,73,58
624,34,171,84,207,180,173,96,34,86
624,35,145,20,153,57,92,80,151,218
624,36,120,181,70,211,202,203,217,14
624,37,31,190,58,83,143,182,95,37
624,38,148,92,71,44,75,95,250,97
624,39,2,69,189,38,217,213,254,78
625,0,57,56,127,110,32,66,157,106
625,1,117,118,145,112,73,180,161,100
625,2,238,80,234,121,255,243,60,133
625,3,70,171,234,19,217,89,219,73
625,4,118,254,74,242,157,224,183,138
625,5,5,169,24,144,249,138,237,130
625,6,183,250,164,221,137,63,142,191
625,7,210,1,56,180,41,83,9,221
625,8,234,207,13,184,19,201,202,69
625,9,148,105,89,13,217,43,4,199
625,10,24,161,35,73,48,11,211,114
625,11,95,210,27,154,195,51,93,57
625,12,84,181,234,191,18,154,155,99
625,13,48,30,168,41,22,84,241,142
625,14,42,178,61,89,75,251,156,32
625,15,84,203,22,88,239,9,234,118
625,16,206,161,249,90,9,226,167,220
625,17,205,50,3,56,43,175,17,23
625,18,135,211,189,21,159,12,206,243
625,19,251,181,155,106,185,111,228,107
625,20,13,184,201,190,234,194,207,124
625,21,89,148,4,231,236,105,192,13
625,22,35,24,143,73,81,236,161,140
625,23,95,210,94,27,212,154,147,195
625,24,219,181,234,84,233,191,121,227
625,25,48,30,163,41,22,156,59,51
625,26,61,89,42,178,174,206,75,156
625,27,234,203,84,22,118,88,236,239
625,28,206,167,161,249,136,9,8,168
625,29,205,3,50,214,169,231,7,23
625,30,189,211,135,21,243,81,159,71
625,31,251,181,155,91,185,199,107,228
625,32,91,221,201,131,48,246,212,106
625,33,96,58,38,248,151,121,107,28
625,34,171,56,208,175,252,95,226,102
625,35,85,20,236,218,92,99,94,80
625,36,195,211,246,202,152,117,196,203
625,37,67,143,174,161,83,45,60,56
625,38,201,234,44,9,30,39,101,195
625,39,246,1,92,250,215,183,15,125
626,0,242,234,186,144,155,84,92,111
626,1,117,118,111,42,251,198,239,3
626,2,15,230,133,234,150,86,148,33
626,3,234,19,155,214,116,66,30,44
626,4,112,94,71,30,98,216,74,60
626,5,5,169,144,2,253,69,18,66
626,6,172,142,183,250,42,73,178,84
626,7,1,210,83,101,10,4,79,239
626,8,207,184,159,201,13,186,28,88
626,9,105,89,14,13,128,47,192,4
626,10,114,35,81,143,9,101,222,168
626,11,66,153,95,114,147,145,3,250
626,12,181,35,155,132,234,84,191,121
626,13,48,30,38,168,22,18,41,160
626,14,235,75,89,251,178,186,156,146
626,15,22,135,88,84,203,219,113,9
626,16,167,90,211,136,185,249,161,123
626,17,197,50,56,205,229,7,193,236
626,18,12,165,135,9,211,222,159,190
626,19,155,106,111,42,251,51,71,178
626,20,184,13,159,201,207,28,88,186
626,21,89,192,14,13,4,102,156,220
626,22,0,81,114,35,143,72,85,159
626,23,66,147,153,94,145,3,27,236
626,24,121,65,181,155,84,35,132,133
626,25,48,30,22,124,51,123,156,41
626,26,89,206,83,178,251,235,75,156
626,27,135,22,88,44,84,245,248,207
626,28,167,90,136,211,8,224,249,21
626,29,173,7,56,23,50,147,205,231
626,30,165,81,28,21,70,9,211,12
626,31,38,51,106,71,251,175,155,40
626,32,195,212,201,86,91,106,146,142
626,33,6,97,37,116,75,38,189,49
626,34,212,173,171,225,255,187,95,235
626,35,63,20,80,49,145,92,218,60
626,36,0,211,234,8,145,193,244,39
626,37,84,220,83,145,87,175,143,184
626,38,75,44,244,59,39,97,3,190
626,39,23,254,241,68,61,16,52,252
627,0,233,165,85,157,93,49,110,10
627,1,203,57,117,40,183,96,234,84
627,2,112,120,173,94,39,101,2,84
627,3,214,234,55,194,236,216,19,109
627,4,122,119,112,30,172,98,254,60
627,5,5,250,114,31,144,69,178,169
627,6,142,42,56,172,73,90,198,107
627,7,101,1,210,83,10,79,4,46
627,8,207,159,184,186,13,88,35,157
627,9,217,14,105,13,89,47,192,231
627,10,114,62,68,81,46,35,222,155
627,11,66,93,236,145,106,156,95,109
627,12,35,132,138,234,181,155,191,46
627,13,48,164,30,41,160,124,22,18
627,14,83,235,89,241,251,75,186,178
627,15,135,88,22,118,84,120,110,9
627,16,167,211,90,136,185,161,209,149
627,17,104,56,130,229,7,205,173,50
627,18,165,135,9,17,162,142,81,63
627,19,225,38,106,155,111,71,40,175
627,20,157,13,184,159,201,207,186,28
627,21,14,89,192,217,148,4,206,220
627,22,159,68,246,46,143,31,85,114
627,23,93,64,66,94,109,147,113,17
627,24,46,65,121,132,35,57,181,107
627,25,164,48,124,137,30,200,249,156
627,26,172,89,168,83,251,178,206,186
627,27,245,22,116,44,219,241,135,207
627,28,167,90,8,201,224,21,211,149
627,29,104,173,235,7,206,23,50,56
627,30,165,28,238,21,70,9,12,222
627,31,38,225,40,71,251,106,175,102
627,32,224,197,212,142,61,91,201,217
627,33,18,156,38,237,206,116,12,63
627,34,217,225,49,173,235,149,28,152
627,35,63,80,132,214,20,60,224,92
627,36,24,255,251,145,57,193,239,244
627,37,14,50,37,87,83,241,57,147
627,38,75,44,124,244,97,228,250,59
627,39,254,177,13,62,181,15,61,52
628,0,250,55,65,1,178,223,60,71
628,1,85,203,42,101,117,153,154,118
628,2,120,117,3,89,234,112,101,13
628,3,234,194,19,66,44,167,214,113
628,4,30,190,44,74,51,180,194,178
628,5,250,178,14,81,5,236,195,254
628,6,42,142,56,174,172,25,44,49
628,7,1,16,83,210,146,10,130,239
628,8,207,186,68,28,43,222,184,13
628,9,105,14,4,234,128,145,231,192
628,10,159,31,85,246,114,155,143,72
628,11,93,109,94,250,212,95,147,225
628,12,46,132,35,57,155,12,121,107
628,13,48,124,30,137,41,122,160,249
628,14,235,83,89,172,42,178,251,156
628,15,22,239,135,245,84,44,88,186
628,16,167,22,90,224,211,136,190,185
628,17,104,213,173,50,56,235,23,229
628,18,28,165,21,222,12,162,211,189
628,19,225,40,38,181,111,175,106,155
628,20,13,68,207,28,190,107,201,186
628,21,105,14,89,4,200,13,192,98
628,22,159,246,85,242,31,47,143,211
628,23,93,109,94,85,212,147,17,218
628,24,65,46,132,35,11,57,155,121
628,25,48,124,137,30,22,19,149,156
628,26,89,172,235,218,119,146,168,178
628,27,44,22,245,135,84,88,239,118
628,28,167,90,190,193,224,211,8,32
628,29,88,173,235,213,104,50,7,21
628,30,50,28,81,21,165,70,162,63
628,31,38,225,251,155,40,106,71,175
628,32,86,142,106,179,76,201,131,91
628,33,237,95,104,132,38,116,139,6
628,34,225,28,173,44,240,238,72,171
628,35,148,191,63,190,20,145,80,255
628,36,227,39,115,145,147,202,142,120
628,37,27,95,192,78,193,15,83,107
628,38,75,215,44,119,126,169,139,8
628,39,158,254,72,231,15,36,197,75
629,0,242,249,229,105,196,216,7,123
629,1,225,118,231,27,150,93,117,244
629,2,117,127,4,162,64,109,17,90
629,3,133,187,234,31,235,152,90,84
629,4,167,30,142,222,251,190,102,13
629,5,250,236,104,178,5,253,204,161
629,6,42,142,172,167,56,178,107,2
629,7,1,10,83,210,16,29,79,23
629,8,184,207,234,13,35,186,159,28
629,9,13,29,94,14,105,89,98,192
629,10,169,31,114,159,130,222,72,81
629,11,42,189,236,145,147,250,93,95
629,12,35,132,26,7,46,155,121,234
629,13,48,30,124,160,41,29,43,156
629,14,235,89,178,75,251,186,60,146
629,15,88,135,22,84,219,207,9,192
629,16,167,211,90,249,161,136,123,185
629,17,50,56,213,7,205,193,229,250
629,18,12,222,211,21,190,17,9,142
629,19,130,111,155,68,106,205,119,251
629,20,13,184,201,207,234,28,186,69
629,21,13,29,89,94,4,192,145,105
629,22,169,246,159,143,81,31,85,222
629,23,42,189,94,236,147,17,106,216
629,24,65,121,7,132,26,35,181,63
629,25,48,43,30,156,124,29,147,22
629,26,89,206,32,75,241,178,168,251
629,27,207,22,84,88,245,135,57,81
629,28,167,90,136,211,5,224,96,249
629,29,173,250,50,172,7,205,23,255
629,30,81,21,28,179,187,70,211,9
629,31,130,106,38,251,155,40,175,181
629,32,98,99,106,134,201,212,142,131
629,33,232,183,116,38,126,29,238,237
629,34,34,225,173,84,171,207,180,86
629,35,63,145,153,80,20,59,57,151
629,36,120,145,181,70,211,202,193,14
629,37,190,31,182,107,58,95,192,83
629,38,75,71,148,92,44,213,95,228
629,39,2,69,254,189,38,213,217,15
630,0,57,56,110,127,32,165,66,157
630,1,118,117,73,145,112,161,180,100
630,2,222,238,80,255,133,243,121,151
630,3,70,171,19,219,107,90,32,217
630,4,118,244,74,254,30,122,242,89
630,5,169,24,5,144,249,42,44,250
630,6,183,250,42,56,142,89,107,191
630,7,1,2,210,56,10,44,180,83
630,8,207,184,216,234,13,186,201,120
630,9,148,217,13,105,192,156,89,14
630,10,24,73,161,114,211,92,35,42
630,11,210,154,27,195,147,95,66,57
630,12,84,121,18,107,155,57,212,234
630,13,48,41,30,22,124,122,207,118
630,14,178,249,89,235,251,156,188,186
630,15,239,84,203,219,22,245,231,101
630,16,224,161,167,6,90,249,200,123
630,17,191,130,23,50,213,56,32,7
630,18,21,9,12,28,222,165,25,173
630,19,175,106,111,38,155,102,68,181
630,20,13,28,207,202,201,184,69,9
630,21,192,148,105,89,234,252,145,227
630,22,85,73,159,31,24,92,143,42
630,23,210,147,94,17,154,212,27,109
630,24,57,121,84,12,132,18,7,65
630,25,124,22,48,30,41,143,156,122
630,26,89,178,186,249,235,61,168,157
630,27,239,245,203,22,84,219,207,231
630,28,167,161,224,8,6,249,90,211
630,29,214,50,23,173,205,191,231,7
630,30,28,81,21,189,211,159,115,9
630,31,91,181,175,251,120,155,199,38
630,32,201,212,91,221,48,246,245,106
630,33,96,58,151,121,38,116,107,28
630,34,171,208,56,34,95,175,226,173
630,35,85,20,80,218,99,236,108,251
630,36,195,211,202,246,117,152,156,1
630,37,67,174,161,143,83,60,95,45
630,38,201,9,234,30,44,195,101,75
630,39,246,250,1,92,183,215,15,125
631,0,242,234,186,144,155,111,84,92
631,1,117,111,198,251,118,42,239,3
631,2,15,133,230,222,234,150,239,148
631,3,19,234,155,214,66,116,32,44
631,4,244,112,30,94,71,216,74,98
631,5,169,144,5,253,69,18,194,2
631,6,42,142,172,19,73,56,183,200
631,7,1,210,10,101,83,2,181,79
631,8,216,184,159,207,186,201,13,54
631,9,14,13,128,89,105,156,43,118
631,10,114,161,81,35,72,143,222,253
631,11,66,153,147,164,114,145,195,74
631,12,212,35,155,115,132,7,181,121
631,13,48,22,142,30,18,41,124,38
631,14,235,75,89,251,147,186,156,241
631,15,22,135,88,84,203,166,219,207
631,16,167,90,211,136,156,249,101,206
631,17,50,197,56,205,7,229,110,186
631,18,12,211,222,165,21,135,190,112
631,19,51,111,106,155,251,71,120,68
631,20,184,216,13,201,159,207,28,69
631,21,4,89,14,13,43,105,102,192
631,22,143,114,161,81,85,35,211,0
631,23,66,94,147,153,101,212,113,145
631,24,181,57,132,65,121,133,107,46
631,25,48,22,30,142,156,29,124,163
631,26,206,89,178,156,75,174,251,186
631,27,22,207,84,234,239,118,233,9
631,28,167,8,249,90,21,211,206,224
631,29,50,23,231,7,205,56,173,3
631,30,189,70,28,211,21,12,243,81
631,31,251,51,106,181,120,38,107,185
631,32,91,195,212,201,62,194,217,61
631,33,6,38,97,75,248,37,49,58
631,34,212,171,255,70,56,34,187,173
631,35,80,20,218,236,145,151,100,92
631,36,211,0,234,193,202,42,8,117
631,37,83,145,143,174,87,220,67,161
631,38,44,39,234,75,30,250,162,9
631,39,23,92,220,250,254,61,68,125
632,0,181,82,107,251,39,83,255,246
632,1,234,117,40,248,237,222,184,220
632,2,120,112,28,245,101,181,173,39
632,3,194,109,105,217,90,153,50,212
632,4,172,30,156,60,227,246,195,216
632,5,250,174,5,68,194,114,42,159
632,6,56,42,172,89,149,110,49,28
632,7,1,210,146,13,16,239,83,220
632,8,207,184,68,201,159,88,28,43
632,9,105,14,4,43,200,104,145,192
632,10,68,143,114,140,15,85,246,155
632,11,64,212,130,250,208,94,66,177
632,12,57,154,132,35,121,181,46,107
632,13,48,164,41,230,30,22,207,249
632,14,235,42,89,178,156,174,251,206
632,15,22,239,84,207,120,209,118,186
632,16,167,249,90,224,206,222,8,30
632,17,50,26,23,56,231,191,205,7
632,18,21,12,28,222,211,165,190,70
632,19,175,251,68,111,181,106,237,40
632,20,13,7,69,124,201,43,236,207
632,21,4,89,145,105,192,24,234,162
632,22,68,143,158,85,35,15,97,31
632,23,64,101,94,208,212,17,84,113
632,24,57,181,121,132,107,46,7,12
632,25,48,164,156,30,249,41,122,149
632,26,186,206,89,174,75,199,168,178
632,27,22,207,239,209,84,118,219,123
632,28,21,8,167,249,206,90,222,224
632,29,50,26,23,205,206,3,231,56
632,30,70,189,28,211,238,55,12,243
632,31,251,237,179,185,107,40,102,181
632,32,224,91,62,217,61,197,206,176
632,33,179,201,38,156,248,12,212,217
632,34,49,217,70,188,171,28,149,235
632,35,80,214,224,20,100,60,151,184
632,36,24,255,193,239,42,57,139,11
632,37,50,83,14,241,87,147,57,90
632,38,44,146,250,86,126,244,75,39
632,39,177,85,13,62,220,61,181,52
633,0,109,24,177,225,115,152,203,47
633,1,228,236,226,42,241,3,83,252
633,2,221,120,157,93,182,77,5,193
633,3,234,66,58,197,215,87,44,243
633,4,30,243,51,93,194,169,53,212
633,5,66,115,250,168,5,235,93,27
633,6,49,245,25,172,142,115,200,149
633,7,1,239,167,130,83,210,95,220
633,8,124,207,88,69,7,28,201,236
633,9,145,14,11,4,128,237,5,105
633,10,117,222,143,158,51,114,97,35
633,11,103,208,94,84,59,209,113,137
633,12,210,121,107,19,181,7,132,95
633,13,48,230,123,30,51,41,137,156
633,14,75,235,39,89,186,169,251,178
633,15,207,22,84,113,219,192,18,231
633,16,167,21,2,90,249,118,224,123
633,17,50,7,206,56,191,78,139,143
633,18,12,238,190,103,56,211,215,222
633,19,102,111,68,251,107,175,71,178
633,20,124,69,88,13,201,242,28,207
633,21,11,89,145,192,14,4,43,47
633,22,117,216,143,158,35,222,51,209
633,23,208,103,59,94,84,231,113,232
633,24,121,7,181,210,132,19,128,155
633,25,48,230,123,137,156,51,30,155
633,26,75,39,89,206,169,186,235,93
633,27,207,123,113,22,192,142,84,210
633,28,21,167,190,82,99,90,224,2
633,29,50,78,206,7,173,56,139,205
633,30,238,12,50,63,70,165,211,103
633,31,251,102,71,106,107,111,68,170
633,32,76,18,91,40,62,57,28,120
633,33,11,56,54,38,133,250,6,104
633,34,28,72,109,94,5,44,171,173
633,35,80,20,185,145,148,60,151,2
633,36,202,39,211,115,142,227,193,147
633,37,126,83,241,27,60,174,84,16
633,38,44,250,119,126,75,80,215,234
633,39,9,158,165,244,122,146,125,139
634,0,96,226,247,214,171,107,80,11
634,1,236,81,228,169,232,16,2,57
634,2,208,242,75,63,118,83,12,254
634,3,188,122,221,234,2,66,170,162
634,4,60,30,105,119,181,172,20,93
634,5,66,250,61,27,93,5,194,6
634,6,16,49,245,107,172,61,200,115
634,7,1,239,167,79,210,220,95,253
634,8,112,207,124,68,7,69,88,201
634,9,14,206,145,11,105,5,19,178
634,10,222,229,163,143,158,114,117,51
634,11,18,103,208,207,142,21,66,209
634,12,7,121,132,210,67,106,43,95
634,13,48,200,137,41,123,18,156,51
634,14,235,75,39,89,186,169,156,218
634,15,241,207,22,84,219,113,233,120
634,16,167,2,90,224,149,249,13,188
634,17,50,7,56,191,130,23,88,206
634,18,12,238,165,21,103,190,162,6
634,19,102,175,111,68,71,106,40,38
634,20,112,124,69,13,88,201,28,207
634,21,192,206,11,145,89,14,43,24
634,22,163,143,159,31,73,158,100,47
634,23,18,208,207,94,101,84,142,113
634,24,121,132,67,19,181,107,7,147
634,25,48,123,51,200,143,124,30,122
634,26,186,75,169,83,38,168,89,178
634,27,207,219,241,22,113,245,142,192
634,28,167,21,90,149,118,224,99,185
634,29,173,155,23,191,130,236,56,7
634,30,165,9,6,238,12,103,70,28
634,31,175,38,106,102,71,51,111,91
634,32,89,212,40,91,17,46,217,199
634,33,214,23,94,68,38,172,211,159
634,34,187,182,28,171,173,149,19,233
634,35,80,54,20,60,63,192,214,75
634,36,253,0,145,8,211,84,193,168
634,37,84,220,95,164,107,241,83,192
634,38,136,250,75,44,126,22,228,39
634,39,23,146,254,16,145,62,181,52
635,0,110,57,59,88,180,26,54,56
635,1,131,166,180,145,89,35,253,190
635,2,211,238,75,242,245,199,176,12
635,3,70,19,105,3,234,21,85,147
635,4,133,60,227,30,138,172,213,46
635,5,24,174,144,250,66,252,5,63
635,6,129,16,49,115,245,200,172,134
635,7,129,1,239,217,167,210,41,179
635,8,68,124,207,112,69,7,28,242
635,9,148,192,14,11,5,145,105,206
635,10,68,73,143,97,158,31,223,92
635,11,210,207,147,208,94,154,113,57
635,12,121,84,132,95,19,181,106,107
635,13,164,48,41,124,137,30,51,143
635,14,235,186,178,89,249,75,251,188
635,15,203,22,219,207,241,245,84,231
635,16,167,161,90,224,149,2,123,16
635,17,26,191,130,50,56,7,217,173
635,18,165,12,162,238,21,9,28,63
635,19,106,175,38,206,111,102,155,71
635,20,13,112,28,201,68,124,207,88
635,21,148,192,206,89,11,220,252,15
635,22,68,159,143,73,47,31,223,92
635,23,210,147,207,113,64,94,154,208
635,24,121,181,132,107,84,18,65,179
635,25,164,48,124,30,200,51,122,192
635,26,89,186,178,235,38,168,206,146
635,27,203,245,219,22,241,207,231,82
635,28,21,167,90,149,224,161,6,8
635,29,26,173,191,155,23,101,56,130
635,30,165,9,238,243,12,70,211,173
635,31,102,38,175,106,251,185,107,60
635,32,224,89,212,91,217,197,40,46
635,33,177,96,156,38,12,117,84,159
635,34,49,217,28,233,173,213,188,155
635,35,80,214,224,54,60,20,192,51
635,36,255,24,11,193,57,239,84,145
635,37,14,50,107,83,57,241,158,37
635,38,146,250,44,126,228,75,39,97
635,39,85,177,181,62,13,254,15,125
636,0,180,55,139,152,177,203,81,192
636,1,111,42,239,117,245,105,65,22
636,2,211,193,77,157,199,212,235,13
636,3,66,234,0,19,197,44,243,185
636,4,30,243,178,51,93,190,180,194
636,5,168,144,14,252,1,172,89,5
636,6,129,48,245,49,172,2,115,107
636,7,217,129,1,130,167,239,253,95
636,8,68,207,88,124,28,201,242,13
636,9,192,11,14,145,128,213,43,105
636,10,159,31,143,85,216,47,117,18
636,11,147,94,17,109,84,103,201,151
636,12,121,107,132,7,210,19,84,12
636,13,124,48,137,122,41,51,30,143
636,14,235,75,186,178,89,249,251,39
636,15,207,22,219,245,79,84,63,239
636,16,167,2,90,224,161,249,219,118
636,17,50,213,7,56,191,130,214,23
636,18,12,165,222,238,190,21,9,56
636,19,175,111,68,102,106,155,144,65
636,20,124,13,207,88,69,201,28,242
636,21,192,145,89,11,4,98,105,14
636,22,216,143,158,159,31,73,35,47
636,23,94,201,17,147,109,151,154,84
636,24,7,121,128,84,132,181,19,65
636,25,48,156,19,30,41,123,137,124
636,26,75,89,186,39,206,178,4,218
636,27,207,84,22,219,113,56,210,192
636,28,193,167,99,224,90,249,212,82
636,29,88,50,255,61,21,62,213,173
636,30,50,12,162,70,211,115,238,250
636,31,252,251,68,175,91,102,111,106
636,32,179,91,62,76,85,212,131,125
636,33,104,102,132,161,56,177,181,38
636,34,44,28,240,109,171,48,173,64
636,35,20,148,151,145,218,114,190,2
636,36,202,39,115,211,227,142,248,193
636,37,83,174,67,27,143,145,241,60
636,38,44,250,119,169,61,126,234,10
636,39,75,179,125,163,149,92,218,166
637,0,166,97,113,142,205,150,213,215
637,1,34,26,187,118,59,87,132,39
637,2,4,227,210,54,242,127,162,176
637,3,211,146,46,37,135,31,84,234
637,4,167,161,65,30,14,13,39,251
637,5,235,104,66,6,89,161,250,5
637,6,167,172,245,107,56,200,42,142
637,7,1,91,239,210,217,29,129,2
637,8,33,207,7,88,69,124,201,13
637,9,39,13,11,94,29,145,14,132
637,10,216,222,158,143,248,31,114,130
637,11,20,103,250,17,36,147,236,84
637,12,7,121,35,132,26,217,181,210
637,13,48,156,137,41,43,29,30,124
637,14,75,235,186,89,178,39,206,93
637,15,207,65,22,84,88,219,113,57
637,16,167,2,90,249,224,211,196,188
637,17,50,56,7,61,229,166,205,23
637,18,12,148,21,222,190,211,56,187
637,19,68,111,130,175,107,102,251,252
637,20,33,124,69,13,201,207,212,7
637,21,39,145,4,11,29,89,105,227
637,22,143,158,35,85,73,222,51,69
637,23,20,208,94,84,101,103,183,236
637,24,181,132,19,121,7,84,65,222
637,25,48,123,51,30,156,43,29,41
637,26,75,186,61,156,39,178,89,147
637,27,65,207,84,22,113,123,239,192
637,28,167,249,156,99,21,96,212,118
637,29,50,139,172,23,7,56,205,206
637,30,148,12,103,187,211,70,190,128
637,31,130,251,68,91,102,107,120,175
637,32,62,113,99,238,91,40,212,217
637,33,190,232,41,38,58,104,116,151
637,34,97,161,88,34,171,70,56,102
637,35,20,151,218,145,236,99,60,39
637,36,207,202,211,193,49,42,8,11
637,37,83,241,174,67,161,143,60,145
637,38,44,250,234,126,71,30,80,9
637,39,92,125,244,69,72,183,250,149
638,0,181,82,6,107,251,195,39,83
638,1,191,117,250,118,248,86,55,136
638,2,76,198,121,87,108,61,133,127
638,3,76,146,164,75,53,194,185,89
638,4,118,65,30,67,244,81,242,61
638,5,174,250,194,159,5,66,85,6
638,6,19,49,42,172,115,134,97,28
638,7,1,91,2,44,220,210,239,129
638,8,33,207,216,68,88,184,157,124
638,9,132,14,145,4,11,5,217,89
638,10,68,161,253,114,143,158,168,22
638,11,64,36,177,208,130,20,57,133
638,12,115,154,210,212,7,132,95,181
638,13,48,33,164,142,230,22,137,41
638,14,147,235,75,186,39,89,169,156
638,15,22,207,219,84,113,239,120,166
638,16,167,90,2,156,13,224,249,118
638,17,50,26,56,191,23,7,110,231
638,18,12,148,238,222,21,165,190,56
638,19,175,68,111,120,237,102,107,251
638,20,124,69,13,201,7,28,33,184
638,21,4,145,192,89,11,43,227,234
638,22,143,68,158,161,85,117,253,236
638,23,64,101,208,84,94,238,36,103
638,24,121,132,181,57,19,107,7,222
638,25,48,156,164,33,22,123,51,142
638,26,186,75,39,249,206,156,89,147
638,27,207,219,22,123,239,113,231,84
638,28,21,167,249,118,156,99,20,231
638,29,50,26,23,206,191,56,139,110
638,30,12,103,238,70,190,9,148,55
638,31,251,107,237,120,102,68,175,111
638,32,224,62,217,91,206,197,40,238
638,33,179,201,156,38,12,159,21,212
638,34,217,49,188,70,34,155,171,102
638,35,151,214,20,60,224,3,100,236
638,36,24,239,193,255,210,84,42,11
638,37,50,241,83,14,90,147,57,37
638,38,44,86,250,146,126,97,39,244
638,39,177,62,181,13,125,85,52,61
639,0,109,55,175,31,24,177,152,242
639,1,42,226,255,236,105,117,22,84
639,2,221,76,3,157,193,186,77,5
639,3,66,234,19,177,44,58,157,96
639,4,30,243,51,93,194,60,186,212
639,5,2,66,115,236,168,5,250,52
639,6,49,19,200,172,25,82,115,149
639,7,239,167,1,67,210,79,95,83
639,8,159,88,207,201,69,124,184,28
639,9,14,11,145,237,128,105,5,47
639,10,222,9,253,143,158,114,51,161
639,11,66,103,207,94,247,85,106,21
639,12,7,115,210,19,132,181,121,95
639,13,48,123,22,41,230,30,51,156
639,14,75,186,39,235,169,89,251,241
639,15,207,113,22,192,84,88,219,210
639,16,167,2,118,90,13,99,45,249
639,17,50,56,7,139,191,92,23,147
639,18,12,103,215,165,190,56,238,222
639,19,111,71,68,102,175,51,178,252
639,20,159,201,124,88,69,13,28,184
639,21,145,11,14,89,192,217,227,43
639,22,143,62,51,222,31,158,9,114
639,23,66,103,84,208,94,101,153,42
639,24,132,121,19,181,107,7,88,59
639,25,51,48,123,30,156,22,137,41
639,26,186,169,75,39,156,206,89,251
639,27,207,192,142,113,57,22,13,219
639,28,99,167,55,21,118,90,45,31
639,29,7,139,206,56,191,92,23,50
639,30,12,103,165,81,238,205,148,222
639,31,68,111,102,252,51,71,170,91
639,32,96,40,217,76,186,62,162,201
639,33,75,6,58,56,11,238,116,95
639,34,180,101,72,171,155,102,173,95
639,35,145,153,20,151,61,184,255,60
639,36,193,98,211,210,202,84,163,225
639,37,84,241,126,87,83,37,143,250
639,38,250,44,126,244,157,96,255,39
639,39,146,125,165,14,61,52,252,179
640,0,165,85,93,49,233,110,227,69
640,1,203,81,236,133,16,232,57,169
640,2,186,173,120,75,65,191,84,2
640,3,236,188,122,85,55,14,234,19
640,4,122,119,105,30,172,60,254,20
640,5,250,69,194,61,2,236,5,114
640,6,172,90,200,49,107,19,73,142
640,7,1,239,79,210,131,101,167,83
640,8,159,207,88,69,201,103,35,184
640,9,217,14,145,11,105,223,89,13
640,10,62,222,51,114,143,158,253,63
640,11,66,247,236,207,94,103,106,250
640,12,154,7,19,132,43,107,121,139
640,13,123,48,51,137,41,76,30,226
640,14,169,75,186,39,251,235,152,156
640,15,22,207,113,219,239,197,231,142
640,16,99,118,167,90,13,45,2,249
640,17,50,191,7,56,23,92,42,139
640,18,12,215,165,103,222,238,190,173
640,19,175,111,68,71,102,216,252,21
640,20,124,13,201,88,49,9,159,215
640,21,145,217,11,43,227,192,14,89
640,22,51,62,85,143,158,128,31,236
640,23,66,84,94,42,101,255,103,208
640,24,57,132,19,107,121,65,7,59
640,25,51,48,156,123,137,76,122,30
640,26,186,169,249,39,156,152,89,251
640,27,207,142,113,192,22,239,120,57
640,28,99,55,167,45,21,90,118,249
640,29,7,191,56,23,92,206,139,50
640,30,103,12,165,222,205,173,159,238
640,31,175,68,111,102,91,71,252,107
640,32,96,42,186,62,40,217,212,201
640,33,11,58,238,232,212,116,12,159
640,34,180,155,196,207,101,70,171,102
640,35,145,151,20,153,255,218,126,60
640,36,193,211,181,84,210,8,0,244
640,37,84,241,87,31,83,143,174,220
640,38,250,44,126,244,157,228,86,234
640,39,9,145,125,62,146,181,241,242
641,0,57,110,56,115,71,127,165,154
641,1,203,79,137,222,7,113,145,243
641,2,238,120,89,84,173,2,234,243
641,3,70,19,171,105,85,188,75,53
641,4,254,172,122,74,138,157,30,176
641,5,250,24,144,169,114,249,61,5
641,6,107,73,172,90,147,200,250,88
641,7,1,239,56,217,89,210,83,95
641,8,88,207,159,201,69,184,65,186
641,9,148,11,145,217,14,105,192,237
641,10,24,73,51,114,222,143,158,46
641,11,210,207,147,154,66,94,84,232
641,12,121,84,107,19,132,43,7,18
641,13,48,51,137,30,41,123,226,76
641,14,186,249,251,235,169,75,178,156
641,15,203,22,207,219,113,84,231,239
641,16,118,2,90,161,99,167,249,45
641,17,191,50,23,7,56,130,92,122
641,18,12,165,173,222,9,215,103,21
641,19,175,111,102,68,106,71,7,155
641,20,124,13,201,9,19,186,215,28
641,21,148,192,145,227,234,43,14,11
641,22,85,24,51,143,73,114,158,92
641,23,210,84,147,94,154,101,66,103
641,24,57,121,19,132,84,107,65,206
641,25,51,48,137,30,143,156,75,18
641,26,186,249,156,169,39,89,251,75
641,27,203,113,207,239,142,192,219,84
641,28,99,161,167,55,90,21,45,118
641,29,7,206,214,191,23,56,92,50
641,30,103,12,165,222,71,81,215,9
641,31,91,102,175,68,111,199,170,71
641,32,62,48,221,40,201,217,102,212
641,33,96,58,151,107,121,116,224,253
641,34,56,95,208,175,171,252,102,155
641,35,85,218,99,20,151,61,94,127
641,36,211,202,195,246,152,193,117,248
641,37,174,67,161,60,143,83,87,56
641,38,234,126,30,201,9,44,101,195
641,39,246,1,125,250,92,215,183,15
642,0,46,63,202,127,110,84,233,214
642,1,165,111,117,109,251,63,203,52
642,2,15,120,89,101,234,80,174,113
642,3,116,171,20,55,70,19,137,188
642,4,112,215,172,30,74,254,79,224
642,5,27,250,169,144,253,18,83,5
642,6,107,154,73,172,142,147,200,88
642,7,239,56,1,10,95,83,244,217
642,8,88,201,69,186,65,207,184,49
642,9,145,14,11,215,148,227,105,68
642,10,24,51,114,222,158,143,4,1
642,11,114,247,255,147,210,207,236,103
642,12,43,7,178,132,59,19,65,84
642,13,48,137,81,51,123,76,30,41
642,14,169,186,156,39,251,75,218,249
642,15,16,203,207,22,113,142,219,239
642,16,13,90,99,167,2,118,21,45
642,17,7,191,56,50,23,197,92,206
642,18,12,215,165,103,238,222,71,173
642,19,71,175,111,68,102,199,21,216
642,20,201,13,65,124,88,69,184,49
642,21,145,215,11,14,4,192,237,89
642,22,51,24,143,85,114,31,7,158
642,23,247,84,255,103,101,94,210,114
642,24,57,43,132,19,107,181,65,121
642,25,51,48,123,30,137,140,207,76
642,26,186,169,156,39,152,220,206,249
642,27,16,142,192,113,207,239,22,13
642,28,99,21,55,118,161,90,249,167
642,29,206,56,7,191,92,23,218,139
642,30,12,103,165,71,222,70,215,231
642,31,71,91,111,170,68,199,107,175
642,32,62,221,40,217,91,201,48,32
642,33,244,121,107,96,58,122,212,105
642,34,81,56,95,208,252,171,102,239
642,35,132,20,218,61,151,236,99,126
642,36,202,211,246,195,152,193,248,117
642,37,174,158,161,60,83,143,67,87
642,38,126,234,30,9,44,201,157,101
642,39,250,246,92,1,125,248,15,203
643,0,242,234,186,144,84,155,27,35
643,1,215,2,195,95,42,79,68,37
643,2,92,150,57,159,230,157,86,147
643,3,66,155,234,156,202,101,63,218
643,4,94,30,93,112,158,51,194,169
643,5,115,168,144,2,33,194,133,1
643,6,154,107,92,200,142,172,235,48
643,7,181,243,239,95,1,219,130,218
643,8,88,124,201,28,186,49,69,43
643,9,145,14,5,215,196,11,162,237
643,10,9,158,51,143,85,246,114,107
643,11,103,153,255,208,84,94,147,207
643,12,178,59,107,132,95,139,206,7
643,13,51,48,123,76,137,140,179,81
643,14,169,152,186,251,39,156,199,206
643,15,123,22,16,142,207,113,230,209
643,16,21,118,45,99,90,167,2,241
643,17,206,191,7,56,236,50,92,78
643,18,238,12,165,215,222,103,231,70
643,19,71,111,216,175,68,102,170,179
643,20,201,88,124,13,215,49,43,183
643,21,145,215,162,4,14,43,11,237
643,22,0,85,140,9,158,5,51,143
643,23,103,153,208,15,84,94,101,255
643,24,107,59,95,132,57,19,65,106
643,25,51,48,123,200,249,76,140,122
643,26,169,186,152,39,220,156,93,206
643,27,142,192,16,248,207,113,22,230
643,28,21,54,118,230,99,45,90,55
643,29,56,206,236,92,191,7,23,240
643,30,12,165,238,69,103,70,231,222
643,31,71,111,170,113,60,216,102,107
643,32,40,195,86,176,217,146,194,199
643,33,97,37,94,181,75,12,36,122
643,34,212,187,5,19,70,90,255,54
643,35,49,151,255,214,60,20,126,145
643,36,0,193,210,8,234,84,57,239
643,37,84,220,241,37,87,83,57,147
643,38,44,250,126,157,22,244,86,228
643,39,146,23,145,16,125,62,181,61
644,0,107,181,82,255,39,251,245,221
644,1,40,183,96,209,248,206,237,220
644,2,213,209,191,165,206,250,81,7
644,3,216,111,217,255,122,192,173,4
644,4,156,227,20,60,30,82,56,135
644,5,174,19,194,35,240,142,134,139
644,6,154,123,172,108,211,149,32,48
644,7,243,219,1,95,94,130,153,239
644,8,68,88,201,124,236,181,227,43
644,9,145,196,162,14,5,43,244,111
644,10,68,158,181,239,128,85,143,107
644,11,64,94,208,2,255,103,240,207
644,12,106,107,57,139,172,36,132,19
644,13,164,51,70,48,195,207,226,249
644,14,152,169,251,129,186,39,199,89
644,15,241,22,222,142,209,230,239,186
644,16,167,90,222,21,118,241,149,123
644,17,191,7,26,92,206,232,114,90
644,18,165,238,70,231,222,12,214,215
644,19,216,71,175,237,14,21,179,111
644,20,236,68,201,124,112,43,13,9
644,21,43,196,162,4,52,190,19,139
644,22,68,128,181,85,158,239,143,15
644,23,64,207,101,131,84,94,208,103
644,24,57,107,36,230,132,7,19,172
644,25,249,51,164,122,200,48,207,123
644,26,152,206,156,39,186,89,251,199
644,27,142,22,209,9,207,186,241,118
644,28,21,222,241,30,20,149,118,78
644,29,26,240,206,56,90,191,232,231
644,30,238,55,165,70,231,12,221,235
644,31,237,216,170,71,111,14,179,102
644,32,224,176,40,206,199,197,171,217
644,33,179,201,156,12,217,40,117,10
644,34,217,49,28,70,47,213,90,188
644,35,224,255,214,151,40,60,244,131
644,36,255,24,57,210,239,193,84,129
644,37,50,241,14,87,37,147,83,57
644,38,44,146,250,157,244,126,86,228
644,39,177,13,85,61,62,181,125,14
645,0,177,55,31,152,155,175,74,109
645,1,236,226,202,72,42,215,245,241
645,2,193,221,157,77,3,240,141,93
645,3,66,234,243,182,197,247,61,87
645,4,243,30,51,93,194,204,11,169
645,5,66,115,168,19,133,93,33,52
645,6,172,48,123,82,25,49,108,149
645,7,239,167,1,130,146,95,228,83
645,8,88,201,68,7,28,215,124,183
645,9,145,196,234,162,43,11,236,237
645,10,117,158,143,85,7,128,174,181
645,11,84,103,94,59,216,207,79,232
645,12,57,107,217,210,32,7,132,36
645,13,230,51,156,195,123,110,48,122
645,14,152,186,169,156,251,206,39,16
645,15,22,239,207,197,222,209,219,142
645,16,167,90,21,99,2,118,123,30
645,17,191,50,7,231,56,23,114,78
645,18,238,12,165,190,70,215,222,250
645,19,111,175,71,211,68,216,83,247
645,20,121,38,201,88,7,13,124,49
645,21,145,4,14,190,43,234,11,89
645,22,216,51,158,146,117,5,85,143
645,23,103,79,59,231,84,201,94,93
645,24,132,57,7,128,59,11,210,217
645,25,230,51,48,76,156,81,19,140
645,26,169,156,39,206,220,186,153,203
645,27,207,192,142,13,113,22,76,123
645,28,99,193,21,190,167,45,90,82
645,29,88,7,56,61,92,21,50,206
645,30,63,50,238,12,165,162,56,215
645,31,28,111,68,170,252,175,71,216
645,32,86,179,62,40,76,18,125,246
645,33,104,133,56,11,75,36,139,5
645,34,28,44,94,5,238,72,240,195
645,35,148,190,185,20,255,74,151,61
645,36,227,39,202,115,147,142,211,225
645,37,27,78,193,126,241,16,169,127
645,38,215,80,119,250,126,44,169,157
645,39,158,244,72,9,125,75,179,122
646,0,97,166,113,142,150,205,213,215
646,1,34,26,187,59,87,177,118,181
646,2,210,146,26,176,35,103,163,240
646,3,146,211,46,37,135,31,142,84
646,4,167,161,14,30,65,67,39,81
646,5,224,235,104,6,161,66,186,204
646,6,167,123,154,107,172,200,149,211
646,7,239,91,29,1,219,83,23,95
646,8,33,88,201,89,69,207,28,49
646,9,39,145,94,29,132,11,14,215
646,10,51,216,158,130,248,143,1,114
646,11,20,103,255,94,84,236,36,79
646,12,7,132,59,26,178,63,107,121
646,13,51,43,123,48,156,30,33,137
646,14,186,169,75,206,156,235,39,124
646,15,207,65,239,84,22,219,113,197
646,16,2,99,167,196,249,45,224,90
646,17,50,61,7,56,23,191,114,172
646,18,12,215,148,187,57,50,11,56
646,19,111,130,68,175,119,120,218,178
646,20,33,13,88,69,201,124,207,49
646,21,145,39,94,29,11,132,14,89
646,22,130,216,51,222,4,143,158,31
646,23,103,20,94,84,255,236,95,36
646,24,132,128,205,7,19,63,26,59
646,25,48,43,51,97,30,33,41,140
646,26,169,75,39,147,156,89,218,186
646,27,65,207,113,13,192,84,142,81
646,28,99,212,156,249,167,196,2,5
646,29,50,61,172,139,7,255,205,56
646,30,148,103,12,187,211,56,81,128
646,31,130,68,111,120,251,107,91,252
646,32,99,238,113,131,62,91,40,158
646,33,190,41,232,58,104,38,116,215
646,34,88,97,34,161,62,171,56,252
646,35,20,218,145,151,61,3,60,74
646,36,207,202,211,193,49,39,120,248
646,37,174,67,161,143,60,27,241,83
646,38,44,234,71,126,30,250,9,80
646,39,69,92,125,248,250,72,241,149
647,0,165,6,85,233,106,66,157,22
647,1,203,191,250,86,112,117,223,113
647,2,76,198,87,121,61,222,59,133
647,3,236,55,214,171,146,234,122,92
647,4,122,244,118,119,30,67,105,65
647,5,250,161,114,69,224,194,31,249
647,6,107,19,90,142,42,172,73,198
647,7,2,91,44,1,239,10,210,131
647,8,216,159,33,88,186,201,207,103
647,9,217,145,13,14,132,156,11,98
647,10,161,253,62,114,222,51,168,4
647,11,66,20,36,195,247,236,133,49
647,12,212,115,43,7,132,19,154,59
647,13,22,33,142,48,137,123,81,29
647,14,75,147,169,39,186,241,93,89
647,15,207,113,22,192,166,84,219,13
647,16,13,90,99,167,45,2,156,55
647,17,50,7,56,110,92,139,23,132
647,18,12,215,148,103,190,56,165,71
647,19,111,120,71,68,178,175,252,107
647,20,201,88,33,124,13,69,186,216
647,21,217,145,11,14,4,132,237,89
647,22,62,51,143,161,114,31,253,222
647,23,42,66,20,101,84,103,255,36
647,24,132,19,181,121,57,65,59,107
647,25,51,48,142,33,123,22,137,18
647,26,169,186,156,75,39,206,241,251
647,27,192,142,113,207,13,120,22,57
647,28,99,55,167,45,90,21,96,227
647,29,7,56,139,23,92,50,191,206
647,30,12,103,148,81,205,165,159,70
647,31,111,120,102,175,68,225,107,91
647,32,96,40,186,217,62,201,238,91
647,33,58,11,232,238,116,121,12,122
647,34,180,34,207,196,171,101,155,102
647,35,145,20,153,218,184,60,61,255
647,36,211,181,193,202,120,84,210,98
647,37,84,31,241,87,143,174,83,67
647,38,250,44,126,244,228,86,157,234
647,39,241,9,125,146,145,181,62,68
648,0,57,110,56,115,71,127,23,154
648,1,203,85,137,113,7,79,243,179
648,2,89,165,238,234,117,222,243,84
648,3,70,171,19,85,105,92,75,236
648,4,254,74,122,244,172,30,138,17
648,5,24,250,144,169,249,85,114,51
648,6,19,107,90,73,133,42,230,96
648,7,56,1,239,2,210,217,44,89
648,8,216,88,201,207,69,186,184,49
648,9,148,217,145,14,11,105,192,88
648,10,24,161,73,51,114,253,46,143
648,11,210,147,154,66,238,94,207,255
648,12,212,43,121,132,115,107,19,84
648,13,48,51,142,22,137,18,41,76
648,14,186,169,251,156,39,235,178,75
648,15,22,207,239,113,219,84,197,203
648,16,90,99,2,45,123,167,224,249
648,17,191,23,56,50,7,231,114,92
648,18,12,215,103,165,222,28,9,71
648,19,175,111,106,102,68,120,181,107
648,20,201,49,13,124,88,207,184,19
648,21,148,11,145,4,192,234,248,43
648,22,24,143,51,85,73,114,211,31
648,23,210,147,84,94,103,255,154,238
648,24,57,132,181,19,121,43,206,65
648,25,51,48,137,142,18,22,123,30
648,26,186,156,206,169,75,39,241,220
648,27,203,113,192,142,239,207,13,22
648,28,99,161,217,167,90,55,66,21
648,29,7,214,50,56,206,139,23,92
648,30,103,12,71,81,165,215,222,112
648,31,91,120,111,102,68,199,175,107
648,32,48,62,40,221,201,102,18,217
648,33,96,58,151,107,121,116,253,224
648,34,56,208,95,175,171,252,34,102
648,35,85,20,218,99,61,94,151,236
648,36,211,202,195,246,152,193,248,117
648,37,174,67,161,143,60,83,87,135
648,38,234,201,30,9,126,44,195,97
648,39,246,1,92,250,215,125,183,15
649,0,46,63,202,127,110,84,233,214
649,1,165,111,117,109,203,251,52,42
649,2,15,89,234,113,222,80,239,108
649,3,171,116,20,55,70,214,19,137
649,4,244,112,30,172,74,215,254,224
649,5,169,27,144,250,253,18,85,249
649,6,107,154,19,73,142,147,133,42
649,7,56,239,1,2,10,95,207,181
649,8,216,88,201,186,69,207,65,49
649,9,145,14,215,148,11,237,227,105
649,10,24,161,114,51,253,11,158,191
649,11,255,247,210,114,147,238,140,207
649,12,43,212,178,115,154,132,7,59
649,13,22,48,137,142,81,116,123,18
649,14,186,169,39,251,156,147,75,218
649,15,16,22,113,203,207,219,192,239
649,16,13,90,55,99,45,167,118,2
649,17,56,50,191,7,23,197,92,231
649,18,12,215,165,103,71,222,238,9
649,19,175,111,71,120,68,102,107,199
649,20,201,65,124,88,13,216,69,184
649,21,145,215,11,4,14,237,192,43
649,22,143,24,51,114,85,5,31,161
649,23,101,255,247,103,84,210,94,114
649,24,43,57,132,181,107,59,19,212
649,25,51,48,142,123,140,33,30,251
649,26,186,156,169,206,220,39,251,75
649,27,16,142,192,113,22,239,207,203
649,28,21,99,161,249,118,55,231,90
649,29,206,56,7,92,23,218,139,231
649,30,103,12,165,71,70,222,238,215
649,31,91,111,120,71,107,199,170,68
649,32,221,62,40,217,91,201,102,18
649,33,244,107,121,96,58,122,105,116
649,34,81,56,208,95,252,171,34,102
649,35,20,132,218,61,99,127,3,236
649,36,202,211,246,195,152,248,193,117
649,37,174,161,60,158,143,83,67,135
649,38,234,30,126,9,44,201,97,250
649,39,250,92,1,246,248,125,15,203
650,0,250,102,84,14,194,69,228,15
650,1,135,165,117,109,254,221,29,208
650,2,57,15,124,159,212,234,240,101
650,3,171,116,20,70,55,21,51,203
650,4,112,215,37,30,12,172,199,182
650,5,169,18,27,144,168,253,76,33
650,6,154,107,19,73,136,142,147,200
650,7,56,239,1,217,161,85,181,243
650,8,120,88,201,186,69,65,124,49
650,9,145,11,14,215,237,5,192,148
650,10,24,114,51,143,7,158,85,5
650,11,255,210,247,114,147,66,208,207
650,12,178,206,115,59,132,95,19,43
650,13,51,123,48,81,22,18,142,137
650,14,186,169,39,251,156,69,249,206
650,15,16,207,113,203,192,22,219,13
650,16,118,99,45,90,137,21,2,55
650,17,197,191,56,7,50,86,23,92
650,18,12,165,103,215,190,238,9,71
650,19,91,111,102,71,175,107,68,28
650,20,120,124,201,88,13,65,69,28
650,21,11,215,192,14,145,43,237,4
650,22,143,223,114,85,24,51,0,117
650,23,103,84,114,101,210,255,208,94
650,24,206,107,57,121,19,59,181,132
650,25,51,48,123,18,122,207,142,38
650,26,186,156,169,220,249,251,39,206
650,27,113,142,16,192,207,219,22,13
650,28,21,99,137,118,55,20,90,167
650,29,206,56,7,191,92,218,139,23
650,30,103,238,165,12,190,222,70,9
650,31,91,71,102,111,170,107,68,28
650,32,102,221,217,40,62,212,201,21
650,33,168,12,121,224,244,96,116,151
650,34,81,55,95,208,149,56,34,102
650,35,99,39,60,61,206,20,127,110
650,36,49,193,117,84,210,202,195,42
650,37,15,220,241,193,37,90,83,87
650,38,126,250,44,86,59,80,228,97
650,39,244,72,15,36,183,125,23,61
651,0,181,82,67,107,255,251,39,245
651,1,188,126,221,31,248,29,63,210
651,2,212,159,236,194,57,124,186,101
651,3,148,203,109,166,107,134,114,72
651,4,37,30,199,12,79,2,156,172
651,5,18,174,144,1,168,194,63,149
651,6,154,62,136,107,149,100,147,132
651,7,85,239,217,1,128,95,67,169
651,8,120,201,88,124,186,68,28,69
651,9,14,5,145,11,192,215,237,196
651,10,68,223,143,51,114,241,158,85
651,11,64,255,248,207,147,94,208,84
651,12,206,178,95,107,132,19,154,59
651,13,51,164,48,230,116,140,123,137
651,14,169,186,39,249,251,188,40,129
651,15,113,22,142,16,203,219,207,26
651,16,137,20,45,21,118,90,99,167
651,17,191,7,56,206,92,26,23,101
651,18,238,165,103,173,12,114,222,9
651,19,71,175,91,237,111,102,14,21
651,20,120,124,201,88,9,43,13,28
651,21,43,11,192,14,162,234,196,145
651,22,223,68,143,241,85,73,194,114
651,23,64,248,84,103,101,208,94,255
651,24,107,206,57,19,59,65,132,95
651,25,51,164,18,48,123,122,207,110
651,26,186,251,169,152,188,220,156,40
651,27,113,142,9,26,192,16,219,22
651,28,21,137,20,99,118,90,222,45
651,29,101,26,206,130,191,56,92,7
651,30,238,165,103,55,70,12,222,190
651,31,237,71,102,14,91,170,111,107
651,32,224,102,101,217,40,62,197,176
651,33,179,201,12,168,156,40,212,159
651,34,55,49,217,149,95,102,188,47
651,35,39,60,206,224,127,214,20,255
651,36,24,255,84,239,193,210,42,117
651,37,50,241,37,14,90,83,87,57
651,38,126,146,44,59,250,228,86,244
651,39,85,177,13,181,15,62,125,61
652,0,55,139,109,177,152,31,24,2
652,1,226,236,42,85,22,221,245,164
652,2,212,221,194,237,236,147,3,159
652,3,66,234,16,58,213,44,167,197
652,4,243,30,51,204,93,194,169,207
652,5,149,63,1,168,115,24,52,33
652,6,62,25,154,100,128,136,149,245
652,7,85,130,128,95,83,239,167,220
652,8,124,236,88,68,201,186,158,28
652,9,14,5,11,145,43,162,237,192
652,10,223,158,241,117,143,75,73,85
652,11,103,248,84,208,94,255,209,15
652,12,95,107,178,59,19,172,206,72
652,13,51,122,230,123,70,48,226,207
652,14,169,39,249,186,251,188,156,114
652,15,22,142,113,192,123,207,231,16
652,16,21,20,45,118,99,90,167,137
652,17,206,191,7,56,92,122,130,78
652,18,238,103,12,165,215,130,173,56
652,19,71,111,91,102,144,170,175,107
652,20,201,124,88,158,69,12,13,49
652,21,11,237,145,43,162,14,5,192
652,22,223,51,191,158,85,194,143,216
652,23,103,248,84,208,255,59,94,209
652,24,95,59,107,19,119,65,57,132
652,25,51,48,230,222,123,155,137,122
652,26,169,186,93,39,188,220,114,251
652,27,142,192,113,16,231,219,9,207
652,28,21,45,99,118,190,233,90,167
652,29,56,206,92,191,7,101,130,78
652,30,238,165,12,209,103,70,50,130
652,31,71,144,170,111,102,216,247,91
652,32,101,40,86,176,217,76,171,62
652,33,12,68,181,104,6,151,161,11
652,34,72,28,94,48,44,55,47,227
652,35,114,255,145,20,148,151,60,126
652,36,39,84,193,210,147,227,15,79
652,37,241,37,196,83,87,126,84,27
652,38,250,126,196,59,157,44,228,96
652,39,146,165,166,61,171,125,91,141
653,0,96,226,247,80,128,52,198,171
653,1,236,76,171,61,164,2,195,232
653,2,21,208,83,250,43,62,75,136
653,3,188,221,122,19,170,66,229,228
653,4,119,30,60,243,105,2,93,101
653,5,149,61,1,63,194,93,2,27
653,6,154,16,62,25,136,100,128,107
653,7,85,128,239,130,95,243,181,83
653,8,124,112,68,201,88,236,186,158
653,9,206,14,5,43,145,11,162,196
653,10,223,158,9,163,51,85,143,241
653,11,103,18,248,84,255,208,94,26
653,12,95,59,178,19,107,132,106,7
653,13,51,200,123,48,76,137,81,226
653,14,169,39,251,152,186,156,114,249
653,15,241,22,123,207,113,192,142,230
653,16,21,45,118,99,13,167,90,20
653,17,191,236,206,7,38,92,155,56
653,18,238,165,103,12,215,231,6,70
653,19,71,216,111,14,102,91,175,21
653,20,201,112,124,88,236,68,43,9
653,21,206,43,162,196,145,11,111,237
653,22,128,163,85,223,158,5,143,97
653,23,18,101,84,103,207,208,130,94
653,24,107,57,95,59,7,106,19,67
653,25,51,200,48,122,123,199,249,207
653,26,152,169,186,156,38,83,251,39
653,27,142,241,113,9,222,230,22,209
653,28,21,54,149,30,222,118,241,185
653,29,236,56,191,206,232,155,7,92
653,30,238,165,6,70,12,231,103,222
653,31,216,71,111,170,14,51,179,102
653,32,89,101,40,176,199,171,17,194
653,33,68,12,94,214,23,10,117,171
653,34,187,28,182,54,47,19,177,235
653,35,255,214,151,7,73,20,100,49
653,36,0,253,57,8,244,84,210,193
653,37,84,220,241,37,87,164,57,102
653,38,250,244,157,44,126,136,22,86
653,39,23,146,61,16,52,14,145,213
654,0,110,57,59,88,180,26,44,54
654,1,131,166,253,180,145,89,190,35
654,2,211,21,238,241,250,43,191,99
654,3,70,229,19,75,45,72,217,232
654,4,133,184,227,60,30,101,138,20
654,5,174,24,144,252,1,63,168,85
654,6,129,16,200,154,100,62,115,7
654,7,129,239,85,128,237,243,217,95
654,8,68,88,201,124,12,186,112,44
654,9,5,148,145,43,11,14,162,190
654,10,68,143,158,73,191,223,128,241
654,11,210,84,103,207,26,147,208,200
654,12,95,107,19,59,153,178,121,22
654,13,164,70,51,199,48,226,123,137
654,14,169,186,251,39,218,156,38,152
654,15,203,241,142,22,192,113,219,207
654,16,21,45,118,90,20,204,167,66
654,17,26,206,191,7,92,122,56,50
654,18,12,238,165,103,215,214,9,222
654,19,111,71,175,21,102,68,170,206
654,20,201,88,68,112,124,13,236,19
654,21,148,11,43,145,206,192,248,162
654,22,68,128,143,11,85,5,158,140
654,23,210,103,207,84,101,147,94,64
654,24,95,59,107,19,57,121,181,132
654,25,51,164,199,48,123,70,200,226
654,26,186,169,251,206,220,39,156,114
654,27,142,203,192,113,241,207,231,22
654,28,21,118,66,20,149,90,204,161
654,29,26,206,56,23,92,191,7,101
654,30,12,238,165,103,221,70,222,9
654,31,111,102,60,170,71,113,107,216
654,32,101,224,40,197,217,206,89,61
654,33,177,96,12,156,40,84,117,122
654,34,49,217,28,90,213,70,102,188
654,35,214,224,255,151,244,60,20,3
654,36,255,24,193,57,239,84,244,210
654,37,14,241,50,57,37,83,147,87
654,38,126,250,146,44,244,86,157,228
654,39,85,177,13,181,62,125,61,14
655,0,180,24,41,136,225,109,2,23
655,1,253,166,111,239,165,190,42,60
655,2,211,21,191,43,232,181,31,77
655,3,19,137,229,70,217,75,45,66
655,4,133,30,180,149,184,194,138,227
655,5,213,144,174,24,31,252,168,194
655,6,129,200,154,115,16,62,58,128
655,7,239,129,85,95,167,128,243,237
655,8,88,157,68,201,124,25,203,186
655,9,5,148,145,14,43,11,190,196
655,10,158,143,114,68,51,232,191,128
655,11,210,103,84,207,147,255,26,248
655,12,178,95,59,107,166,19,132,121
655,13,51,164,48,70,123,137,76,199
655,14,169,186,39,251,156,114,16,218
655,15,203,22,192,113,207,116,142,219
655,16,21,45,118,99,2,167,90,138
655,17,206,191,7,56,50,23,122,92
655,18,12,130,238,165,103,215,214,173
655,19,71,111,175,21,170,68,91,102
655,20,201,88,157,68,124,49,13,19
655,21,148,11,145,43,192,14,162,240
655,22,11,143,17,85,5,158,128,51
655,23,103,210,84,101,207,147,154,156
655,24,95,107,59,19,181,245,57,121
655,25,51,164,199,48,123,70,226,76
655,26,186,251,206,169,93,220,39,114
655,27,203,142,192,113,207,116,22,16
655,28,21,118,20,66,161,201,204,123
655,29,206,56,157,92,23,191,7,26
655,30,12,238,165,130,103,70,221,222
655,31,111,170,60,71,102,113,107,216
655,32,101,40,197,206,217,116,224,175
655,33,177,12,96,84,18,40,59,122
655,34,49,28,217,90,213,102,11,177
655,35,214,151,255,244,224,60,114,7
655,36,24,255,193,239,57,84,210,11
655,37,14,241,37,57,50,147,83,87
655,38,126,250,44,244,124,86,228,157
655,39,181,13,62,177,125,52,61,85
656,0,180,177,203,55,47,115,175,152
656,1,111,178,175,131,215,68,8,219
656,2,141,77,212,191,24,199,211,174
656,3,66,137,19,243,72,63,234,197
656,4,30,51,44,93,243,137,158,194
656,5,168,115,66,235,33,144,81,252
656,6,172,25,200,123,48,49,129,185
656,7,129,239,1,130,95,167,146,217
656,8,88,201,68,124,236,19,183,28
656,9,43,145,234,236,11,196,162,4
656,10,143,117,85,158,232,5,128,241
656,11,103,84,59,164,94,216,147,54
656,12,107,57,178,59,121,19,217,32
656,13,51,123,226,173,48,156,110,122
656,14,169,186,156,251,206,16,152,39
656,15,22,192,207,219,197,113,239,142
656,16,193,118,99,90,2,233,167,45
656,17,7,191,231,56,23,92,50,78
656,18,238,12,165,151,190,31,130,215
656,19,111,71,68,10,211,41,175,102
656,20,121,88,201,13,19,124,49,106
656,21,145,43,4,14,89,190,248,11
656,22,216,51,143,85,146,158,11,117
656,23,103,201,147,84,59,231,94,79
656,24,128,115,7,59,132,205,56,65
656,25,97,51,76,48,19,140,123,81
656,26,169,39,186,203,206,218,156,171
656,27,207,192,113,142,13,57,76,22
656,28,193,99,196,45,224,90,82,167
656,29,88,61,255,21,7,73,119,50
656,30,50,162,12,141,21,250,165,215
656,31,68,111,252,249,155,191,251,106
656,32,125,131,92,179,86,144,120,106
656,33,133,250,132,56,104,54,5,177
656,34,5,44,109,28,238,20,164,240
656,35,148,190,145,74,20,185,114,128
656,36,39,227,115,124,19,93,147,120
656,37,27,78,169,16,185,19,250,80
656,38,169,215,119,61,196,75,18,35
656,39,158,231,117,179,139,163,235,11
657,0,229,7,249,196,216,242,123,105
657,1,225,231,244,118,93,27,150,155
657,2,163,103,100,4,162,227,214,190
657,3,133,187,152,235,234,231,212,77
657,4,142,30,13,222,236,167,251,170
657,5,104,193,186,6,5,112,224,90
657,6,107,167,172,153,54,200,61,245
657,7,239,1,29,23,10,210,83,79
657,8,234,88,201,207,89,69,13,186
657,9,94,13,29,164,145,11,14,89
657,10,130,222,169,216,51,158,143,1
657,11,189,103,94,236,147,250,84,17
657,12,26,63,7,132,19,107,121,128
657,13,156,43,51,48,30,123,147,124
657,14,235,124,75,186,169,178,89,39
657,15,207,81,22,88,113,84,192,9
657,16,167,196,5,90,2,249,188,211
657,17,61,50,7,172,250,56,205,139
657,18,12,57,50,187,179,190,215,246
657,19,68,130,111,119,218,155,205,106
657,20,234,13,201,88,207,69,184,124
657,21,29,94,145,13,164,89,192,237
657,22,130,169,51,222,35,31,158,127
657,23,189,94,42,236,147,17,250,106
657,24,26,132,63,74,128,65,7,160
657,25,43,48,147,156,97,30,41,123
657,26,75,124,32,20,169,51,89,178
657,27,207,81,200,84,57,88,22,239
657,28,167,224,5,133,90,249,136,99
657,29,172,50,250,76,61,173,205,7
657,30,187,81,179,21,211,12,205,222
657,31,130,68,251,155,106,181,175,38
657,32,98,131,99,134,106,91,186,212
657,33,183,232,238,126,38,116,58,73
657,34,84,207,171,180,62,173,34,96
657,35,145,218,153,20,80,57,151,251
657,36,211,120,181,70,202,241,217,160
657,37,31,190,143,182,67,58,174,83
657,38,71,148,92,95,8,190,75,198
657,39,2,217,69,38,189,213,15,140
658,0,57,110,56,127,32,66,165,154
658,1,118,112,73,161,242,145,117,250
658,2,80,238,255,243,133,186,234,151
658,3,70,171,19,219,73,32,217,234
658,4,118,74,254,242,89,30,224,255
658,5,24,169,5,144,249,248,130,161
658,6,183,164,250,208,137,191,140,118
658,7,210,1,56,221,101,2,222,237
658,8,207,234,216,13,88,184,201,69
658,9,148,13,217,105,43,89,145,156
658,10,24,161,73,114,35,11,211,219
658,11,210,27,154,95,195,147,41,66
658,12,84,155,212,132,181,191,7,121
658,13,48,22,41,168,142,30,156,18
658,14,235,75,178,186,89,213,241,251
658,15,203,88,22,84,207,113,192,219
658,16,167,161,90,249,136,211,220,119
658,17,50,7,205,56,139,193,92,130
658,18,12,159,222,21,211,165,9,103
658,19,68,106,111,155,119,175,218,102
658,20,13,184,201,207,69,88,28,124
658,21,148,145,13,89,192,105,14,49
658,22,24,35,161,31,51,222,73,114
658,23,210,27,147,94,250,154,236,195
658,24,132,84,19,7,155,181,191,121
658,25,22,48,156,30,123,41,142,51
658,26,75,61,186,241,178,89,206,39
658,27,203,207,22,88,84,239,86,250
658,28,167,161,249,136,206,211,90,224
658,29,214,50,205,23,7,17,139,56
658,30,81,211,135,159,189,103,71,21
658,31,91,251,181,155,120,68,107,175
658,32,91,201,221,245,212,48,62,131
658,33,96,58,151,121,38,248,107,116
658,34,208,171,56,175,95,252,34,226
658,35,85,218,20,236,99,80,151,251
658,36,195,211,246,202,152,156,117,106
658,37,67,174,143,161,83,56,60,82
658,38,201,9,234,30,44,195,101,126
658,39,246,250,1,92,183,215,15,125
659,0,242,234,186,144,155,84,111,92
659,1,117,111,251,198,118,239,42,3
659,2,15,133,230,234,150,148,7,98
659,3,19,155,234,66,214,116,32,30
659,4,112,30,94,71,244,74,216,98
659,5,169,144,5,194,253,69,18,2
659,6,42,172,142,73,183,19,250,140
659,7,1,101,210,239,83,10,181,79
659,8,216,184,159,207,201,88,35,186
659,9,13,14,89,128,105,47,43,156
659,10,114,161,11,81,222,35,9,143
659,11,66,153,133,114,147,145,3,164
659,12,212,155,35,132,181,191,7,234
659,13,48,142,22,168,38,41,30,124
659,14,235,147,75,93,89,186,251,241
659,15,22,84,166,88,207,135,113,219
659,16,167,156,90,136,212,211,101,249
659,17,50,56,197,7,110,205,229,92
659,18,12,222,21,211,165,190,17,159
659,19,111,120,155,68,51,106,251,178
659,20,13,184,201,159,216,207,28,69
659,21,89,13,4,14,145,192,105,43
659,22,161,143,114,35,31,158,81,0
659,23,66,94,147,153,101,106,195,145
659,24,181,132,212,65,121,133,7,191
659,25,48,22,142,30,156,41,29,124
659,26,206,75,89,186,178,147,61,156
659,27,207,22,84,239,9,234,250,44
659,28,167,249,211,224,8,90,136,212
659,29,50,23,7,205,56,173,17,231
659,30,211,12,103,21,70,189,81,222
659,31,251,181,51,68,120,107,106,175
659,32,91,195,62,201,217,212,194,146
659,33,6,97,248,37,38,75,58,49
659,34,171,212,56,255,70,252,34,187
659,35,20,218,236,151,145,92,80,60
659,36,211,0,202,193,234,42,8,246
659,37,174,83,143,67,145,161,87,220
659,38,44,234,9,30,39,126,75,162
659,39,250,92,23,125,220,72,61,241
660,0,242,186,234,144,188,152,155,27
660,1,198,42,79,117,11,153,59,90
660,2,230,120,86,150,92,84,112,94
660,3,155,44,234,66,19,156,58,215
660,4,112,30,94,98,71,169,51,194
660,5,168,5,250,35,18,144,118,81
660,6,107,142,126,9,200,59,82,172
660,7,181,146,243,210,1,41,83,95
660,8,207,43,124,236,69,88,186,201
660,9,105,231,14,162,4,237,145,242
660,10,140,85,7,207,97,158,15,143
660,11,153,212,147,95,207,208,216,94
660,12,233,7,181,173,155,84,133,234
660,13,41,48,140,163,137,207,30,181
660,14,220,42,199,235,141,178,89,186
660,15,22,84,248,239,203,142,234,9
660,16,8,249,90,167,224,206,226,211
660,17,23,197,205,56,206,50,7,231
660,18,189,21,211,222,28,135,231,164
660,19,181,185,68,71,40,155,179,251
660,20,13,236,207,190,43,65,69,124
660,21,231,105,162,89,4,242,14,234
660,22,140,0,7,97,85,200,246,35
660,23,153,15,212,95,94,225,10,147
660,24,219,173,233,106,181,12,65,205
660,25,48,30,41,163,181,124,174,22
660,26,141,89,199,83,220,157,178,251
660,27,248,118,236,84,239,234,9,22
660,28,8,226,230,90,249,206,224,167
660,29,169,205,3,236,138,206,23,106
660,30,189,69,21,210,211,70,231,135
660,31,60,185,71,251,179,196,181,129
660,32,91,195,86,162,199,126,243,176
660,33,248,36,97,37,217,38,94,12
660,34,90,109,212,28,187,255,171,239
660,35,49,100,92,20,145,236,98,161
660,36,147,0,234,8,42,139,193,223
660,37,220,87,193,45,37,84,83,95
660,38,14,162,15,3,44,244,167,114
660,39,23,220,224,61,241,16,89,252
661,0,181,82,107,255,251,39,221,246
661,1,40,209,96,12,166,8,248,53
661,2,178,125,209,243,82,7,205,232
661,3,179,247,109,153,111,234,192,195
661,4,156,35,82,98,182,180,30,248
661,5,19,174,5,35,118,225,98,181
661,6,9,149,27,59,123,50,92,126
661,7,243,146,210,4,41,77,228,83
661,8,236,43,207,181,124,201,68,88
661,9,231,105,162,14,237,145,43,37
661,10,140,68,97,7,85,200,207,15
661,11,64,212,216,10,94,240,197,93
661,12,106,205,234,107,133,172,173,183
661,13,164,41,30,230,48,140,181,161
661,14,235,251,178,73,89,157,186,79
661,15,22,84,135,9,118,245,142,239
661,16,90,8,167,224,211,226,249,123
661,17,26,169,56,204,106,7,245,104
661,18,135,21,55,17,175,210,164,104
661,19,237,206,21,68,155,40,119,106
661,20,201,13,207,190,157,28,236,106
661,21,231,89,105,237,163,43,140,80
661,22,68,200,81,140,127,85,7,107
661,23,64,93,212,94,10,225,17,197
661,24,219,65,205,234,106,107,173,7
661,25,164,30,48,181,200,23,163,59
661,26,141,251,89,157,79,235,83,37
661,27,236,118,10,239,9,84,241,43
661,28,226,8,149,90,197,185,206,224
661,29,169,26,138,205,3,65,246,90
661,30,210,69,189,55,231,164,183,109
661,31,60,237,196,46,185,179,155,66
661,32,224,243,126,197,199,91,176,61
661,33,248,179,201,217,156,12,38,3
661,34,90,49,217,28,209,235,213,239
661,35,100,92,224,30,123,98,49,111
661,36,255,24,42,147,139,193,223,57
661,37,50,87,37,45,14,83,210,97
661,38,146,162,14,3,15,244,44,114
661,39,85,177,13,220,61,52,89,252
662,0,55,109,31,152,24,47,192,151
662,1,226,42,236,5,70,197,22,117
662,2,178,221,3,215,82,251,146,112
662,3,234,44,247,63,16,197,167,66
662,4,30,243,169,180,113,80,194,137
662,5,19,5,139,118,30,181,228,35
662,6,9,27,201,25,149,204,104,253
662,7,38,77,146,130,83,202,228,4
662,8,236,201,124,43,181,88,230,19
662,9,231,162,105,43,242,4,234,196
662,10,140,200,97,242,85,7,81,15
662,11,212,70,197,93,216,240,94,10
662,12,107,172,205,173,133,234,50,233
662,13,41,181,19,161,207,30,48,110
662,14,141,251,119,79,42,37,199,152
662,15,118,142,22,239,84,9,236,245
662,16,8,226,90,102,224,249,233,167
662,17,214,169,90,205,232,7,21,17
662,18,135,21,209,189,116,210,231,17
662,19,185,85,129,46,40,181,179,155
662,20,236,13,121,207,230,201,45,124
662,21,231,89,242,105,163,162,43,80
662,22,140,200,7,242,97,127,85,146
662,23,197,212,93,95,218,70,164,94
662,24,11,233,205,173,234,183,65,57
662,25,48,41,30,163,140,23,71,19
662,26,141,89,42,199,203,15,251,218
662,27,239,118,234,84,236,22,209,9
662,28,8,206,226,241,249,224,222,90
662,29,3,169,205,128,90,88,138,21
662,30,189,50,21,231,149,70,210,211
662,31,185,179,251,60,71,155,129,159
662,32,86,91,176,109,179,144,246,243
662,33,248,36,38,102,104,139,171,95
662,34,28,90,44,171,238,240,94,235
662,35,49,190,20,236,255,100,148,201
662,36,147,227,39,115,79,42,202,139
662,37,193,27,83,15,78,45,87,9
662,38,215,44,139,157,75,39,15,119
662,39,158,72,224,36,220,75,15,61
663,0,171,117,185,226,128,187,133,242
663,1,13,232,223,117,236,133,43,81
663,2,146,90,107,44,178,164,215,85
663,3,247,234,170,44,221,122,215,200
663,4,139,8,55,35,2,180,82,182
663,5,19,118,5,81,181,225,116,84
663,6,16,9,3,114,27,59,126,92
663,7,44,243,131,146,77,210,41,19
663,8,43,112,236,207,0,201,124,13
663,9,239,231,178,105,14,162,19,4
663,10,140,163,7,97,15,85,143,200
663,11,142,212,116,18,2,208,232,130
663,12,67,173,233,181,7,205,234,133
663,13,48,41,200,163,207,149,140,30
663,14,38,141,42,199,220,89,235,218
663,15,240,22,103,84,207,234,38,9
663,16,167,206,90,21,249,8,226,224
663,17,50,155,7,205,56,23,206,90
663,18,189,211,21,12,190,135,70,238
663,19,251,68,181,185,155,111,71,179
663,20,13,124,236,69,207,201,43,0
663,21,4,239,89,231,178,162,14,105
663,22,163,143,140,35,7,97,85,15
663,23,208,142,212,94,18,130,101,225
663,24,181,132,67,7,173,219,19,107
663,25,48,163,30,41,18,51,22,156
663,26,89,75,199,141,38,178,156,61
663,27,240,207,234,22,84,9,113,239
663,28,21,206,249,8,226,167,179,90
663,29,50,205,155,206,3,169,23,56
663,30,189,211,70,238,103,190,149,243
663,31,251,185,71,68,107,155,179,102
663,32,17,91,62,217,194,61,40,89
663,33,248,23,38,214,217,94,12,117
663,34,171,58,188,12,187,54,19,28
663,35,196,20,236,151,100,228,214,3
663,36,0,193,253,239,117,8,160,42
663,37,83,241,84,220,164,90,37,45
663,38,44,250,126,136,86,39,22,162
663,39,23,16,15,145,52,68,125,36
664,0,136,78,241,89,56,18,37,33
664,1,31,6,135,117,53,168,119,166
664,2,115,81,178,56,201,209,196,181
664,3,153,234,73,179,158,9,195,109
664,4,253,133,139,35,92,3,57,126
664,5,5,174,66,6,225,118,35,116
664,6,16,114,186,27,9,115,25,3
664,7,41,19,1,210,146,77,220,106
664,8,157,124,43,0,13,236,207,252
664,9,4,239,14,231,105,89,162,178
664,10,140,12,68,30,143,15,202,97
664,11,208,64,130,212,142,207,232,156
664,12,181,67,95,173,234,233,7,136
664,13,42,48,41,163,100,149,207,174
664,14,38,42,61,141,218,89,75,199
664,15,22,240,207,84,234,9,142,113
664,16,206,249,247,90,21,8,167,226
664,17,50,185,205,7,56,206,23,231
664,18,211,12,190,189,238,70,21,56
664,19,251,68,111,181,107,185,155,40
664,20,124,13,69,201,236,43,157,88
664,21,4,89,231,239,43,145,162,105
664,22,143,12,35,140,68,117,15,158
664,23,208,64,101,94,212,156,225,21
664,24,181,107,219,121,132,19,173,95
664,25,48,42,30,163,51,18,123,41
664,26,89,61,75,141,156,199,186,178
664,27,207,240,22,9,234,84,113,142
664,28,21,206,249,8,226,179,167,20
664,29,185,205,206,50,3,169,231,138
664,30,72,211,70,189,238,149,190,103
664,31,251,185,107,155,68,102,40,111
664,32,224,91,197,62,217,61,206,40
664,33,63,248,38,156,12,217,18,122
664,34,152,188,171,54,213,239,206,58
664,35,196,20,236,100,214,228,151,3
664,36,251,239,24,193,42,160,11,117
664,37,83,50,241,14,90,37,45,97
664,38,44,250,146,126,86,39,162,97
664,39,177,15,13,85,62,52,203,220
665,0,36,134,55,203,177,47,152,151
665,1,163,243,21,254,101,221,215,42
665,2,115,178,201,182,56,3,237,254
665,3,234,15,16,247,44,66,197,18
665,4,253,30,169,180,51,93,157,11
665,5,66,6,5,81,168,91,80,173
665,6,186,114,115,9,25,243,142,134
665,7,41,1,167,210,19,239,146,240
665,8,207,124,69,13,88,28,201,222
665,9,4,14,89,105,128,237,143,145
665,10,143,35,12,253,222,85,168,15
665,11,208,212,95,103,94,207,59,113
665,12,181,234,107,7,173,121,205,132
665,13,48,41,30,42,100,18,226,174
665,14,61,75,42,89,178,156,186,169
665,15,22,207,84,234,9,240,88,113
665,16,21,206,249,167,90,8,45,233
665,17,50,206,7,205,56,231,3,185
665,18,211,238,12,190,189,70,56,249
665,19,251,68,111,155,107,40,71,181
665,20,13,124,69,88,207,201,236,248
665,21,4,89,14,128,43,237,105,162
665,22,143,35,12,216,253,85,140,114
665,23,208,212,94,59,113,103,116,95
665,24,181,157,7,128,132,234,107,205
665,25,48,30,42,41,222,18,163,19
665,26,61,89,75,203,178,218,206,156
665,27,207,234,22,84,240,113,71,250
665,28,206,21,249,193,167,190,82,8
665,29,205,185,88,3,50,7,206,21
665,30,211,50,189,70,238,162,243,72
665,31,251,185,155,181,107,68,60,71
665,32,91,179,76,131,18,62,246,125
665,33,38,104,198,11,132,139,56,189
665,34,28,171,44,72,240,249,109,238
665,35,185,20,236,148,196,190,151,74
665,36,202,39,147,115,142,79,227,49
665,37,83,193,27,174,15,78,196,143
665,38,44,80,39,169,215,87,119,250
665,39,158,75,244,179,183,15,227,109
666,0,166,97,113,142,150,205,215,213
666,1,34,26,187,59,87,118,177,199
666,2,162,146,242,168,176,51,90,155
666,3,146,211,31,46,135,84,37,234
666,4,167,161,65,30,14,251,13,67
666,5,6,104,5,186,161,204,66,253
666,6,9,167,59,142,107,200,186,126
666,7,91,210,1,146,41,29,83,239
666,8,33,207,69,89,13,124,43,186
666,9,39,94,105,13,29,231,4,14
666,10,140,216,85,143,130,158,7,248
666,11,20,95,212,147,208,250,94,216
666,12,7,181,205,234,26,63,57,173
666,13,48,41,43,30,140,33,97,156
666,14,235,178,42,61,186,89,199,75
666,15,84,22,239,207,65,88,142,9
666,16,249,167,224,90,8,196,2,211
666,17,7,50,56,61,23,213,205,172
666,18,21,211,148,135,189,187,56,12
666,19,68,130,181,111,155,107,119,106
666,20,13,124,33,69,201,207,43,88
666,21,39,231,105,89,29,237,4,94
666,22,143,35,85,130,81,158,222,51
666,23,20,94,95,106,208,225,236,212
666,24,181,132,7,19,219,205,26,63
666,25,48,30,51,43,41,29,156,18
666,26,75,61,89,178,156,37,251,32
666,27,65,207,84,250,9,113,22,239
666,28,249,99,167,96,136,206,90,211
666,29,50,205,139,172,7,56,23,17
666,30,148,211,103,187,12,189,81,70
666,31,130,251,91,68,181,107,185,111
666,32,91,99,62,113,131,238,201,217
666,33,190,232,38,248,58,41,104,224
666,34,171,88,97,161,34,56,55,252
666,35,20,218,236,99,145,151,39,60
666,36,207,202,49,211,193,246,248,152
666,37,83,67,174,161,143,15,241,27
666,38,44,234,9,30,71,126,39,250
666,39,92,250,72,69,244,15,183,36
667,0,6,78,89,56,241,238,136,18
667,1,117,191,118,6,250,186,86,228
667,2,198,76,87,121,61,108,222,133
667,3,146,234,109,90,166,89,246,245
667,4,118,253,244,30,65,242,6,126
667,5,5,6,174,66,249,68,116,142
667,6,19,186,115,25,9,27,114,142
667,7,2,91,1,41,210,85,44,240
667,8,157,120,33,216,124,207,201,69
667,9,4,132,89,14,156,105,13,5
667,10,253,12,68,161,143,114,140,35
667,11,64,208,156,20,248,195,36,142
667,12,181,155,115,234,95,55,7,212
667,13,42,48,22,41,100,33,142,29
667,14,61,218,83,40,241,75,42,147
667,15,22,207,84,9,113,234,142,168
667,16,137,119,21,96,206,90,167,249
667,17,185,50,7,206,56,205,104,23
667,18,148,238,12,190,211,165,70,251
667,19,251,68,111,40,107,71,155,181
667,20,124,13,69,201,157,120,88,33
667,21,4,89,145,11,14,47,237,43
667,22,143,253,12,68,35,158,140,91
667,23,208,64,248,20,101,94,103,156
667,24,181,222,132,19,107,121,67,155
667,25,48,42,22,51,123,18,30,142
667,26,75,89,61,156,39,186,206,37
667,27,207,123,142,9,113,22,84,250
667,28,21,20,137,249,167,8,206,118
667,29,185,206,50,56,7,139,104,205
667,30,238,148,72,103,190,12,211,70
667,31,251,107,40,111,71,68,170,113
667,32,224,91,62,197,102,40,61,217
667,33,63,12,168,156,38,18,248,40
667,34,152,55,188,171,54,102,95,34
667,35,214,20,3,39,60,80,100,151
667,36,239,193,24,251,84,210,160,117
667,37,50,241,83,14,37,90,97,57
667,38,44,126,250,86,146,97,39,33
667,39,177,13,15,52,62,85,181,125
668,0,55,36,134,175,152,31,242,177
668,1,254,42,101,97,7,49,113,203
668,2,182,76,3,201,71,157,194,237
668,3,234,66,44,58,89,61,63,94
668,4,253,30,51,93,169,118,194,44
668,5,115,66,236,5,81,168,52,93
668,6,25,19,62,115,59,200,232,142
668,7,167,41,85,1,2,239,210,220
668,8,124,69,13,88,207,201,28,222
668,9,4,14,5,89,105,237,145,234
668,10,143,253,12,222,140,9,35,158
668,11,85,248,208,93,103,195,59,212
668,12,181,95,7,138,210,234,132,173
668,13,48,22,100,41,42,163,30,123
668,14,83,61,42,218,69,39,89,186
668,15,207,22,9,113,84,234,142,250
668,16,190,167,21,249,188,90,8,206
668,17,104,7,56,50,206,205,23,229
668,18,238,190,211,12,251,103,56,148
668,19,68,40,107,111,251,71,225,252
668,20,124,69,13,201,159,88,207,43
668,21,14,89,4,234,11,237,145,102
668,22,143,253,12,158,35,91,3,51
668,23,85,248,208,103,94,21,225,30
668,24,181,222,19,132,7,107,95,138
668,25,48,22,123,51,42,30,18,100
668,26,75,89,39,241,220,61,186,93
668,27,207,9,123,113,142,84,192,22
668,28,21,190,167,249,137,118,99,90
668,29,206,56,50,185,139,7,147,205
668,30,238,103,12,148,190,72,165,211
668,31,107,170,71,251,111,68,252,113
668,32,76,40,62,91,18,217,102,109
668,33,181,11,56,95,68,12,6,224
668,34,72,240,171,102,95,44,28,194
668,35,191,185,151,20,61,39,80,60
668,36,193,49,147,202,39,84,210,34
668,37,241,15,126,84,83,193,27,37
668,38,44,250,126,80,86,97,33,215
668,39,244,125,72,165,52,9,36,146
669,0,96,226,247,171,93,214,54,133
669,1,254,169,203,7,81,134,53,117
669,2,254,12,19,27,149,213,208,29
669,3,188,221,234,66,15,170,122,4
669,4,60,253,93,119,30,169,181,226
669,5,61,194,66,93,81,114,159,225
669,6,16,25,62,115,59,200,100,27
669,7,167,85,41,1,239,220,67,228
669,8,69,124,112,201,159,248,181,222
669,9,5,206,14,4,11,237,120,234
669,10,143,253,222,163,158,35,229,9
669,11,18,248,208,103,130,142,66,85
669,12,181,7,95,222,154,19,67,132
669,13,48,200,116,22,41,18,123,30
669,14,75,186,37,42,39,61,169,38
669,15,22,113,207,9,84,142,39,239
669,16,13,21,249,90,54,188,99,8
669,17,56,7,50,206,23,205,17,102
669,18,238,12,56,211,165,103,190,70
669,19,68,111,40,107,71,251,181,155
669,20,124,69,201,13,112,159,88,19
669,21,145,4,237,11,43,89,206,105
669,22,143,91,163,158,140,117,81,35
669,23,208,18,101,94,103,66,225,84
669,24,222,181,19,132,107,121,98,95
669,25,51,123,48,18,30,226,116,156
669,26,37,186,75,156,89,251,61,220
669,27,113,9,142,207,22,192,123,84
669,28,21,249,118,20,231,90,99,55
669,29,56,206,7,139,50,23,155,92
669,30,238,103,12,221,190,165,211,222
669,31,107,111,170,102,71,113,68,251
669,32,89,40,62,17,91,194,217,61
669,33,68,214,23,12,94,38,40,159
669,34,182,188,187,54,102,19,34,171
669,35,20,214,61,3,151,60,110,80
669,36,253,193,239,0,210,84,8,117
669,37,241,84,83,164,37,57,220,90
669,38,126,44,250,86,136,97,33,22
669,39,62,181,145,125,52,15,242,16
670,0,50,177,203,55,237,214,152,242
670,1,35,32,185,245,253,144,153,131
670,2,211,55,224,19,193,136,194,157
670,3,66,234,247,197,243,173,188,246
670,4,30,51,93,180,155,169,194,178
670,5,66,252,115,5,93,168,81,2
670,6,129,200,25,59,82,62,139,115
670,7,167,1,239,83,130,85,95,41
670,8,69,124,7,88,201,38,28,43
670,9,145,234,237,5,4,43,14,128
670,10,117,143,158,222,91,9,192,35
670,11,103,248,208,59,209,94,122,216
670,12,181,222,19,107,7,132,173,234
670,13,48,123,140,51,30,41,156,207
670,14,186,169,75,39,199,251,42,89
670,15,207,22,113,84,9,192,123,219
670,16,21,249,90,99,167,188,45,2
670,17,50,56,7,206,78,205,92,147
670,18,238,12,56,211,190,103,222,165
670,19,68,111,71,251,107,151,40,155
670,20,69,124,201,13,88,38,28,7
670,21,145,237,89,11,4,43,14,190
670,22,216,117,158,143,91,35,222,140
670,23,103,208,59,248,94,116,21,30
670,24,181,128,119,19,222,132,205,7
670,25,48,51,123,41,156,222,19,30
670,26,75,93,89,186,220,39,169,218
670,27,207,113,84,9,123,192,142,22
670,28,21,193,249,82,190,99,206,90
670,29,88,56,50,7,61,78,205,255
670,30,238,50,165,12,56,70,148,211
670,31,251,111,170,68,107,71,252,40
670,32,76,91,179,40,62,18,125,176
670,33,104,56,54,75,181,6,11,38
670,34,5,44,28,72,238,109,171,240
670,35,148,185,20,190,74,145,151,236
670,36,147,39,227,115,202,142,193,210
670,37,126,27,78,83,241,193,15,16
670,38,80,215,250,126,44,119,169,75
670,39,158,244,146,125,72,15,179,183
671,0,96,117,242,187,185,243,198,250
671,1,81,169,232,2,16,133,195,117
671,2,55,224,242,148,246,63,149,142
671,3,221,122,216,188,66,14,234,170
671,4,55,119,60,105,180,30,139,155
671,5,61,194,66,93,35,81,5,114
671,6,3,200,59,114,62,129,9,25
671,7,167,1,239,181,243,85,67,41
671,8,112,38,69,7,124,201,88,207
671,9,145,19,14,237,234,5,178,223
671,10,163,158,222,9,253,143,5,140
671,11,18,103,142,248,208,216,79,122
671,12,67,19,95,222,7,181,106,132
671,13,200,48,123,116,156,140,41,51
671,14,38,39,169,75,186,218,199,129
671,15,207,241,22,123,113,142,84,9
671,16,78,13,21,90,249,99,188,118
671,17,50,56,7,206,236,92,205,90
671,18,238,12,165,56,215,70,6,214
671,19,68,71,151,111,40,251,107,216
671,20,112,201,38,124,69,13,7,88
671,21,145,43,19,4,89,196,237,178
671,22,163,158,143,51,5,140,91,85
671,23,18,208,207,103,101,142,94,84
671,24,19,132,181,107,121,222,67,57
671,25,51,123,48,156,200,30,249,195
671,26,186,39,75,251,169,38,206,89
671,27,207,142,192,22,123,9,219,113
671,28,21,2,118,55,167,90,78,249
671,29,56,236,7,50,206,139,92,130
671,30,165,238,12,103,70,214,9,215
671,31,71,111,170,51,68,251,107,106
671,32,17,40,194,62,217,89,176,61
671,33,23,214,94,12,105,38,117,159
671,34,187,70,28,19,58,177,102,149
671,35,151,60,80,214,20,255,110,145
671,36,0,253,193,57,210,8,84,244
671,37,84,241,220,57,37,83,147,87
671,38,44,250,126,244,86,59,157,136
671,39,23,125,68,146,16,61,241,52
672,0,181,82,107,39,255,251,119,83
672,1,166,89,31,248,9,176,237,220
672,2,246,213,209,248,191,102,197,67
672,3,216,5,99,158,65,105,217,4
672,4,20,23,227,82,188,69,49,92
672,5,174,194,159,5,35,106,114,56
672,6,172,108,9,123,134,12,211,186
672,7,1,195,146,220,253,67,221,167
672,8,68,7,38,201,181,248,124,236
672,9,145,43,190,14,196,4,5,223
672,10,68,158,15,143,239,140,107,133
672,11,64,207,132,94,208,212,79,21
672,12,107,154,95,106,19,172,36,57
672,13,48,164,230,156,195,249,70,30
672,14,152,169,39,174,42,186,251,129
672,15,22,142,118,207,239,209,84,9
672,16,167,90,21,13,222,118,78,2
672,17,50,7,26,206,231,23,114,56
672,18,70,238,165,231,12,215,56,214
672,19,216,68,71,237,251,175,155,181
672,20,124,201,13,236,68,112,248,7
672,21,4,43,196,89,145,236,190,162
672,22,68,158,128,15,143,51,181,239
672,23,64,207,208,101,84,94,212,103
672,24,57,132,181,107,19,46,36,7
672,25,249,164,48,156,51,122,30,207
672,26,152,39,186,174,89,206,199,220
672,27,22,207,142,118,9,209,239,123
672,28,21,222,241,30,167,2,118,90
672,29,26,206,231,50,7,240,56,3
672,30,70,238,231,165,55,190,235,221
672,31,237,216,251,179,71,185,68,170
672,32,224,176,206,62,197,40,171,199
672,33,179,201,156,12,38,40,117,10
672,34,49,217,28,70,188,213,177,173
672,35,224,214,255,151,40,60,20,244
672,36,24,255,57,239,210,193,84,244
672,37,50,241,83,14,57,87,90,37
672,38,44,146,250,244,86,126,157,75
672,39,177,13,85,181,62,61,125,14
673,0,109,2,41,86,24,136,65,55
673,1,226,42,151,39,236,72,117,165
673,2,221,139,193,77,246,13,157,182
673,3,66,234,101,218,202,177,58,63
673,4,30,149,243,169,93,82,51,194
673,5,213,115,5,93,225,66,33,195
673,6,108,149,48,25,172,129,186,115
673,7,1,219,146,167,130,95,61,220
673,8,68,201,88,183,124,242,157,236
673,9,196,14,43,5,145,162,242,52
673,10,117,17,181,15,158,143,239,251
673,11,103,207,151,212,94,208,209,68
673,12,166,139,107,95,57,172,19,132
673,13,48,230,123,51,195,249,226,70
673,14,152,169,174,251,39,186,129,1
673,15,22,142,118,209,230,116,239,192
673,16,21,167,90,241,222,138,118,122
673,17,206,7,92,78,50,231,90,56
673,18,238,70,165,231,237,157,190,12
673,19,71,216,206,237,170,21,111,179
673,20,201,242,68,236,124,13,88,248
673,21,196,43,190,242,89,52,14,145
673,22,17,117,158,181,128,143,15,51
673,23,209,103,207,151,58,208,212,84
673,24,107,57,166,181,7,139,210,172
673,25,48,230,249,123,51,156,122,70
673,26,152,93,89,174,39,251,186,169
673,27,142,118,22,209,230,207,9,7
673,28,21,222,241,138,30,118,167,90
673,29,78,206,56,90,92,7,240,3
673,30,238,237,70,165,231,55,235,12
673,31,216,170,71,237,68,185,251,18
673,32,176,75,197,40,14,62,171,206
673,33,103,161,179,38,12,201,5,10
673,34,227,94,47,11,28,70,249,188
673,35,255,136,151,214,40,161,131,20
673,36,48,251,210,57,24,239,193,55
673,37,241,14,87,83,162,37,57,147
673,38,44,157,250,124,244,126,87,93
673,39,251,177,75,77,61,62,252,181
674,0,166,113,97,150,142,205,215,213
674,1,101,34,59,26,87,10,227,39
674,2,235,131,138,0,83,183,65,26
674,3,5,46,178,41,169,76,138,232
674,4,167,161,240,30,4,82,14,22
674,5,66,213,225,6,142,200,51,33
674,6,108,245,25,115,48,149,104,58
674,7,91,1,220,219,95,94,150,173
674,8,68,33,124,201,181,248,88,242
674,9,39,132,196,43,14,5,145,242
674,10,117,216,118,15,239,128,93,143
674,11,20,207,36,103,208,212,30,167
674,12,166,95,154,139,107,7,172,234
674,13,48,33,230,123,100,142,249,195
674,14,152,169,39,147,129,174,186,119
674,15,22,65,142,207,230,118,192,9
674,16,154,21,167,90,13,222,147,2
674,17,7,50,92,206,110,56,38,90
674,18,238,70,165,12,190,231,56,215
674,19,206,71,170,216,68,120,251,111
674,20,201,33,124,236,248,13,88,7
674,21,196,39,43,132,4,145,89,242
674,22,117,158,143,51,15,128,181,239
674,23,20,101,207,208,103,58,84,36
674,24,181,19,7,57,107,132,172,139
674,25,48,51,156,249,123,33,142,100
674,26,152,186,39,251,174,199,89,75
674,27,207,142,22,230,65,118,192,9
674,28,21,222,147,118,167,241,99,2
674,29,206,50,7,56,92,110,90,240
674,30,70,128,190,238,103,231,12,148
674,31,120,68,107,170,251,71,216,91
674,32,113,238,62,176,40,158,91,217
674,33,190,41,12,63,38,224,179,161
674,34,34,97,88,161,70,47,152,188
674,35,39,151,20,255,60,99,40,161
674,36,207,193,239,210,84,24,55,251
674,37,83,241,87,37,90,15,50,14
674,38,44,126,250,157,86,244,39,124
674,39,15,72,61,125,252,203,36,62
675,0,2,223,41,177,152,86,242,65
675,1,202,191,42,35,144,72,245,185
675,2,63,76,147,235,131,93,182,183
675,3,66,234,202,101,243,213,218,215
675,4,149,155,30,93,51,203,169,194
675,5,66,115,213,33,63,5,93,52
675,6,245,48,108,18,172,175,25,185
675,7,1,239,95,220,91,167,68,173
675,8,201,88,38,124,68,7,248,183
675,9,196,43,14,237,145,223,190,234
675,10,117,143,158,15,232,216,241,17
675,11,103,209,207,79,208,94,84,137
675,12,166,32,115,117,139,19,95,107
675,13,48,51,123,156,230,100,30,249
675,14,169,39,186,114,251,152,16,89
675,15,22,207,192,230,142,113,118,9
675,16,21,167,154,90,2,222,118,99
675,17,50,92,78,206,7,56,49,147
675,18,238,70,165,231,12,56,190,215
675,19,206,71,237,170,68,216,151,249
675,20,201,88,248,236,124,13,38,215
675,21,196,43,190,237,14,89,11,145
675,22,117,17,216,158,51,143,15,181
675,23,209,103,208,207,79,58,94,136
675,24,166,172,107,117,115,19,139,95
675,25,48,230,70,249,123,122,51,253
675,26,152,93,89,251,174,141,220,119
675,27,118,142,230,116,22,209,9,17
675,28,222,21,138,241,30,90,118,20
675,29,78,92,232,56,240,90,31,3
675,30,70,238,231,165,55,235,189,130
675,31,216,237,170,249,227,71,155,251
675,32,176,197,14,75,40,171,126,206
675,33,103,54,179,201,12,5,38,133
675,34,227,47,5,94,11,28,213,235
675,35,255,40,214,136,224,244,131,73
675,36,48,210,57,24,251,84,193,42
675,37,14,87,162,241,37,83,221,102
675,38,157,244,44,126,250,124,4,185
675,39,177,13,61,77,62,181,14,252
676,0,55,177,152,81,47,243,211,222
676,1,42,60,101,70,206,236,44,105
676,2,235,3,183,131,75,192,247,244
676,3,66,234,243,63,0,213,78,14
676,4,44,30,243,178,82,169,180,212
676,5,5,232,33,133,48,52,195,245
676,6,48,108,245,25,104,9,149,32
676,7,1,38,95,146,130,219,220,150
676,8,68,88,201,236,183,124,248,9
676,9,43,196,52,65,242,145,162,234
676,10,216,15,181,146,158,241,154,143
676,11,212,37,94,231,103,190,2,240
676,12,107,57,19,172,234,139,36,205
676,13,19,48,195,51,70,207,156,30
676,14,152,169,251,129,42,89,1,174
676,15,22,142,239,209,118,9,84,186
676,16,90,167,193,53,161,21,241,233
676,17,214,7,62,92,50,90,56,31
676,18,70,238,165,231,151,12,222,246
676,19,68,21,170,155,85,227,71,111
676,20,201,88,13,236,181,248,106,121
676,21,196,43,89,190,52,242,237,145
676,22,216,146,158,15,154,181,92,85
676,23,201,94,212,154,59,79,103,197
676,24,128,7,11,205,19,65,234,107
676,25,97,230,48,156,41,19,30,51
676,26,89,218,75,152,251,169,199,129
676,27,84,9,207,22,113,239,118,32
676,28,193,90,249,167,82,224,196,99
676,29,88,61,62,50,21,255,7,56
676,30,63,50,70,211,162,165,238,189
676,31,68,181,227,111,251,216,170,252
676,32,125,131,176,179,18,144,28,246
676,33,68,11,104,139,151,132,38,102
676,34,28,240,44,94,48,171,253,20
676,35,148,255,190,20,145,74,117,40
676,36,39,202,115,147,142,227,211,19
676,37,193,27,169,16,78,83,186,80
676,38,169,215,119,157,80,196,61,75
676,39,231,158,244,179,117,163,67,139
677,0,229,7,249,242,216,196,123,105
677,1,225,231,244,118,27,93,150,155
677,2,103,163,100,162,227,4,214,26
677,3,133,187,152,235,234,231,212,77
677,4,142,13,30,222,236,251,167,102
677,5,104,5,6,193,186,224,112,253
677,6,167,153,59,9,107,200,142,245
677,7,29,1,210,23,83,239,10,95
677,8,234,69,207,89,13,201,88,105
677,9,13,94,29,164,105,145,237,228
677,10,169,130,216,143,222,158,85,51
677,11,189,161,250,147,94,95,103,177
677,12,7,26,63,107,205,132,74,121
677,13,43,147,48,156,30,51,97,124
677,14,235,20,124,178,89,186,75,251
677,15,207,22,81,84,113,88,135,9
677,16,167,196,5,90,249,211,2,113
677,17,61,172,56,7,50,250,76,205
677,18,57,50,187,179,12,246,56,17
677,19,68,130,119,155,111,205,106,109
677,20,234,13,201,89,88,69,124,207
677,21,164,94,29,89,237,13,105,145
677,22,130,169,51,35,222,85,143,198
677,23,189,94,161,147,17,250,236,61
677,24,63,74,26,128,132,65,7,205
677,25,48,43,147,97,30,156,41,124
677,26,20,32,124,148,75,89,251,51
677,27,200,81,84,207,88,22,57,135
677,28,133,167,90,5,136,249,196,224
677,29,76,250,172,50,205,61,7,173
677,30,81,179,187,211,21,205,12,7
677,31,130,155,68,106,251,38,181,205
677,32,98,131,134,99,106,91,186,212
677,33,183,232,238,126,116,38,194,28
677,34,84,207,171,180,62,173,96,34
677,35,145,57,153,20,151,80,251,218
677,36,120,181,70,211,217,14,241,191
677,37,65,190,31,182,58,145,143,144
677,38,148,92,71,213,75,128,25,18
677,39,2,217,38,69,189,213,97,15
678,0,47,177,115,158,132,235,141,125
678,1,182,244,93,118,155,197,211,233
678,2,123,93,57,100,103,82,29,27
678,3,133,234,187,117,190,235,233,40
678,4,142,236,30,144,222,95,102,45
678,5,193,5,90,47,88,65,127,43
678,6,153,60,206,138,250,22,54,196
678,7,29,117,23,210,10,83,1,123
678,8,234,180,116,239,13,77,207,104
678,9,13,164,191,239,89,2,113,197
678,10,169,35,198,185,130,125,238,195
678,11,189,95,128,206,161,62,86,106
678,12,74,26,93,128,63,107,234,44
678,13,134,147,43,156,97,30,48,175
678,14,32,124,75,51,148,178,61,16
678,15,22,84,81,200,148,58,88,162
678,16,133,5,196,249,233,9,206,43
678,17,250,76,205,50,87,61,0,172
678,18,179,211,21,50,187,12,57,163
678,19,109,116,155,20,205,68,111,106
678,20,234,13,201,239,116,4,184,28
678,21,164,191,13,94,89,105,29,43
678,22,169,35,130,198,125,185,236,143
678,23,189,128,95,62,42,206,94,86
678,24,74,93,26,234,63,181,132,15
678,25,134,48,147,6,43,156,41,154
678,26,32,51,148,124,88,61,89,178
678,27,84,200,58,22,87,81,88,181
678,28,206,133,5,249,9,43,167,136
678,29,205,250,0,76,87,3,172,50
678,30,211,187,163,179,21,189,81,135
678,31,116,251,181,155,106,185,109,205
678,32,91,119,131,134,106,186,181,96
678,33,183,38,93,238,49,129,232,248
678,34,171,82,207,173,180,84,96,86
678,35,20,145,57,236,92,151,153,160
678,36,120,181,70,211,14,217,202,139
678,37,31,190,104,182,143,145,83,58
678,38,148,27,71,92,75,213,95,44
678,39,69,38,110,243,217,12,254,78
679,0,57,56,110,127,43,238,66,157
679,1,118,19,242,117,145,161,180,100
679,2,80,255,49,60,238,133,234,219
679,3,70,171,19,234,92,219,107,227
679,4,74,118,254,88,242,224,30,138
679,5,5,169,24,147,144,249,42,44
679,6,183,250,208,164,68,137,118,65
679,7,210,1,221,56,101,83,9,180
679,8,207,234,13,184,216,201,69,88
679,9,148,105,13,217,89,70,43,199
679,10,24,73,35,161,114,92,211,11
679,11,95,210,27,154,93,195,181,147
679,12,84,181,234,191,155,212,18,132
679,13,48,168,30,41,6,22,241,15
679,14,42,178,61,89,75,251,186,32
679,15,84,203,22,239,88,9,118,113
679,16,206,249,161,90,226,9,136,162
679,17,205,50,3,56,17,63,23,43
679,18,135,211,21,189,159,71,206,249
679,19,181,155,251,106,68,111,185,107
679,20,13,184,201,190,234,45,194,236
679,21,148,89,231,105,4,236,13,88
679,22,35,24,161,143,73,236,81,85
679,23,95,210,27,212,94,154,147,195
679,24,219,181,234,84,191,233,227,155
679,25,48,30,163,41,6,22,156,168
679,26,42,61,89,178,174,156,32,206
679,27,234,203,84,22,118,88,239,250
679,28,206,249,161,167,9,136,168,8
679,29,205,3,214,50,169,231,23,230
679,30,189,211,135,21,159,243,71,81
679,31,181,251,91,185,155,199,107,46
679,32,91,221,131,201,48,246,111,94
679,33,96,58,38,248,151,121,107,28
679,34,171,208,56,175,252,95,226,34
679,35,85,20,236,218,92,99,151,94
679,36,195,211,246,202,152,117,139,196
679,37,174,67,143,83,161,45,60,48
679,38,201,234,44,9,30,39,195,101
679,39,246,1,92,250,183,215,15,220
680,0,84,127,63,111,186,242,188,214
680,1,118,117,198,111,145,239,42,29
680,2,15,80,133,234,166,230,98,134
680,3,214,116,171,234,20,55,19,51
680,4,74,112,215,30,136,79,27,126
680,5,169,5,144,253,11,24,130,207
680,6,183,42,73,142,250,41,56,166
680,7,56,210,1,10,240,83,101,239
680,8,207,69,186,88,13,65,201,44
680,9,105,239,13,148,145,14,89,4
680,10,24,114,35,73,161,72,51,168
680,11,210,114,236,147,95,195,250,27
680,12,155,84,132,7,191,35,181,121
680,13,48,41,22,168,30,38,124,156
680,14,235,241,178,186,89,75,213,251
680,15,203,44,84,22,88,239,113,207
680,16,167,90,211,136,249,161,2,224
680,17,50,7,229,197,56,205,132,139
680,18,159,12,135,21,222,165,215,9
680,19,68,119,155,106,111,175,181,178
680,20,184,13,201,69,207,28,186,88
680,21,105,145,14,192,148,89,239,231
680,22,24,51,114,31,85,81,73,35
680,23,210,147,94,114,236,216,27,154
680,24,132,84,65,7,155,19,181,133
680,25,22,48,30,156,124,51,41,168
680,26,241,75,186,156,251,178,61,206
680,27,44,203,207,88,84,239,22,113
680,28,167,161,211,136,249,90,224,99
680,29,50,7,23,17,56,139,205,214
680,30,103,81,135,211,12,222,159,9
680,31,91,68,181,107,175,111,71,199
680,32,221,62,201,91,212,217,106,48
680,33,96,58,121,107,116,151,28,38
680,34,56,208,95,81,171,252,173,70
680,35,218,196,20,80,151,99,85,132
680,36,195,211,246,202,152,117,193,123
680,37,67,174,161,143,83,60,48,87
680,38,9,234,30,201,44,101,126,97
680,39,250,1,246,92,183,125,15,72
681,0,242,234,186,144,84,2,155,152
681,1,221,42,117,198,29,111,118,255
681,2,230,150,15,201,94,86,33,133
681,3,234,155,19,66,214,44,177,30
681,4,112,94,30,71,37,155,98,194
681,5,253,144,5,169,168,2,33,27
681,6,142,18,178,172,42,73,123,200
681,7,1,10,4,210,239,79,83,181
681,8,38,184,207,159,201,88,7,186
681,9,14,105,145,231,128,89,4,237
681,10,114,51,222,81,35,9,143,1
681,11,153,236,79,250,114,216,95,66
681,12,7,132,155,181,217,32,84,35
681,13,48,38,30,22,156,168,76,41
681,14,241,235,75,89,186,251,206,218
681,15,22,44,135,76,88,84,203,207
681,16,167,211,90,136,249,188,2,3
681,17,197,7,50,56,205,114,139,92
681,18,215,135,12,214,211,9,190,165
681,19,119,111,155,71,107,178,42,218
681,20,184,38,13,201,159,207,49,186
681,21,14,89,105,231,146,4,192,102
681,22,51,81,0,114,143,72,31,85
681,23,79,147,153,94,66,236,216,103
681,24,132,65,181,7,84,133,121,155
681,25,48,22,30,156,76,195,51,38
681,26,206,241,75,83,251,156,186,89
681,27,44,135,88,207,22,84,248,76
681,28,167,136,90,211,249,21,99,2
681,29,7,114,56,50,23,173,139,205
681,30,81,215,214,211,12,103,165,69
681,31,51,71,107,68,251,106,111,203
681,32,195,86,201,91,106,139,217,62
681,33,6,97,116,37,58,181,49,28
681,34,212,255,171,95,109,187,90,188
681,35,49,145,20,218,151,153,3,92
681,36,234,0,39,211,8,117,227,193
681,37,145,220,84,143,83,48,241,27
681,38,44,75,250,97,126,213,215,3
681,39,241,23,125,68,15,52,254,78
682,0,57,110,56,67,115,169,160,59
682,1,206,81,40,230,183,48,79,145
682,2,120,101,112,84,147,222,238,173
682,3,14,70,171,19,85,234,111,216
682,4,122,119,254,138,172,244,30,112
682,5,250,144,24,253,169,114,2,5
682,6,18,175,142,172,178,107,200,73
682,7,1,239,210,4,10,56,79,83
682,8,184,159,207,38,49,88,201,186
682,9,14,217,148,105,145,89,231,11
682,10,114,51,24,222,143,81,73,1
682,11,66,210,236,79,145,207,147,250
682,12,7,132,181,84,43,19,155,65
682,13,48,76,41,195,137,30,156,59
682,14,241,75,251,218,235,169,89,186
682,15,203,22,88,84,96,207,142,192
682,16,211,167,90,136,188,249,186,123
682,17,7,56,50,139,205,92,114,197
682,18,215,135,12,9,142,165,17,222
682,19,111,119,71,155,68,106,218,107
682,20,201,184,13,69,207,186,28,88
682,21,148,14,105,231,89,217,192,145
682,22,81,24,51,114,143,85,31,222
682,23,66,210,94,147,79,236,207,154
682,24,65,132,181,84,133,19,206,121
682,25,137,48,30,51,76,195,156,142
682,26,251,241,89,83,206,235,186,75
682,27,203,207,9,239,135,84,44,118
682,28,211,90,167,161,99,249,8,224
682,29,7,23,114,17,56,169,50,214
682,30,215,135,81,103,9,214,12,222
682,31,91,71,68,107,175,199,102,181
682,32,201,221,18,212,62,48,217,91
682,33,96,58,151,107,121,116,248,28
682,34,56,95,175,208,252,171,70,102
682,35,85,218,20,151,99,92,236,251
682,36,211,195,246,152,172,202,117,193
682,37,67,161,174,143,56,83,48,60
682,38,234,30,9,201,44,195,101,126
682,39,246,250,1,92,215,183,125,15
683,0,84,127,63,111,186,50,188,169
683,1,111,198,145,117,29,255,118,173
683,2,15,120,222,112,101,147,234,108
683,3,116,171,214,20,70,55,14,234
683,4,112,244,74,215,30,172,71,126
683,5,169,250,144,253,12,24,5,97
683,6,107,142,73,178,42,18,175,172
683,7,56,240,1,10,242,239,210,4
683,8,216,65,207,184,201,49,69,88
683,9,239,14,105,145,231,148,192,11
683,10,24,114,51,1,143,73,140,81
683,11,114,210,207,236,66,147,250,130
683,12,132,35,7,84,121,181,19,133
683,13,48,137,41,124,51,76,72,195
683,14,235,251,241,89,186,218,169,73
683,15,203,44,135,22,118,142,9,84
683,16,211,167,90,188,136,185,123,224
683,17,7,56,197,130,23,92,146,50
683,18,135,9,12,17,222,142,165,215
683,19,71,111,119,68,106,175,107,155
683,20,65,201,13,69,88,184,28,186
683,21,239,14,231,105,148,192,237,145
683,22,24,81,85,143,51,114,7,246
683,23,210,114,147,66,94,207,17,154
683,24,65,132,181,19,84,206,133,7
683,25,137,48,51,30,123,219,124,76
683,26,83,251,235,186,89,75,206,156
683,27,44,203,9,207,213,239,135,250
683,28,90,211,161,13,167,249,8,224
683,29,7,23,56,169,17,206,114,50
683,30,135,215,103,12,71,9,165,214
683,31,91,71,111,107,68,199,40,102
683,32,221,62,201,18,212,217,246,91
683,33,96,58,121,107,248,151,28,116
683,34,56,81,95,208,252,171,102,70
683,35,196,218,20,151,92,236,3,132
683,36,211,195,172,246,152,202,193,117
683,37,174,67,161,143,83,48,87,60
683,38,234,30,9,201,44,101,126,97
683,39,250,92,1,246,183,125,15,72
684,0,242,186,84,234,144,188,155,157
684,1,117,198,221,111,42,29,79,32
684,2,15,201,230,120,101,147,94,150
684,3,155,214,15,116,234,19,66,85
684,4,112,71,30,94,189,98,194,74
684,5,169,81,250,253,144,35,18,12
684,6,107,142,73,42,200,178,18,175
684,7,1,239,10,243,242,181,210,240
684,8,65,69,186,88,207,201,49,43
684,9,14,145,105,11,237,146,192,4
684,10,114,51,1,46,85,143,9,158
684,11,114,147,153,250,93,207,122,236
684,12,132,35,19,138,7,84,206,65
684,13,199,137,48,51,76,41,124,195
684,14,235,83,241,251,186,169,156,119
684,15,44,135,203,88,9,207,22,192
684,16,211,167,90,188,136,185,249,64
684,17,88,197,56,7,104,229,205,146
684,18,135,142,215,113,63,214,9,222
684,19,71,119,178,91,68,225,111,45
684,20,65,13,186,107,69,201,207,28
684,21,14,105,237,89,231,57,113,102
684,22,0,114,85,51,246,81,143,222
684,23,15,147,236,79,93,207,94,114
684,24,65,132,7,206,35,133,205,19
684,25,137,48,30,195,22,199,76,156
684,26,83,235,89,9,251,218,75,4
684,27,44,76,84,135,88,207,248,9
684,28,90,167,211,13,224,249,2,99
684,29,7,114,56,23,206,169,49,17
684,30,69,215,214,81,50,103,165,28
684,31,71,68,107,40,91,251,111,45
684,32,195,201,86,91,106,61,217,18
684,33,6,97,217,37,116,36,58,49
684,34,90,95,212,171,255,81,28,188
684,35,8,49,20,3,145,251,151,22
684,36,172,0,234,117,103,193,8,241
684,37,220,84,83,241,68,45,37,250
684,38,44,126,139,93,43,250,196,35
684,39,241,23,15,68,201,224,125,223
685,0,110,165,57,54,59,56,157,221
685,1,120,40,92,96,185,32,171,221
685,2,142,94,101,236,189,183,214,75
685,3,14,214,234,15,123,53,44,228
685,4,138,71,112,30,37,156,164,74
685,5,236,253,81,144,35,250,221,168
685,6,107,142,42,178,200,198,73,126
685,7,243,10,1,83,210,239,95,242
685,8,65,69,88,207,186,201,43,222
685,9,14,105,145,148,237,231,4,146
685,10,46,1,85,51,114,143,140,158
685,11,93,116,94,210,250,147,122,95
685,12,7,35,132,133,205,121,57,138
685,13,48,51,137,30,41,156,72,124
685,14,235,83,251,199,186,42,89,157
685,15,9,118,84,113,22,135,239,71
685,16,211,90,226,167,8,249,123,188
685,17,56,104,7,31,90,205,23,17
685,18,135,142,21,50,17,231,9,189
685,19,119,225,155,181,71,68,253,153
685,20,13,207,184,121,201,89,43,186
685,21,105,231,14,237,89,148,163,57
685,22,46,85,127,81,31,7,51,0
685,23,116,93,94,17,147,236,210,79
685,24,65,205,132,7,133,35,11,46
685,25,48,137,30,97,124,76,195,41
685,26,235,218,75,251,89,156,241,206
685,27,44,76,135,57,84,22,207,75
685,28,167,193,211,90,196,99,224,2
685,29,88,173,61,114,7,49,50,255
685,30,50,81,162,215,214,165,21,211
685,31,38,251,155,68,225,252,106,71
685,32,86,106,131,125,201,179,91,62
685,33,96,6,104,36,116,132,28,38
685,34,44,28,238,171,90,20,173,95
685,35,190,145,148,151,20,21,153,74
685,36,39,227,115,120,19,172,147,93
685,37,27,190,15,95,78,16,169,193
685,38,169,215,75,44,67,8,143,61
685,39,231,158,179,192,254,163,117,56
686,0,242,229,123,249,216,7,196,105
686,1,225,62,118,231,27,150,155,148
686,2,162,17,4,109,210,179,214,227
686,3,133,31,187,235,152,37,84,234
686,4,30,167,251,142,222,13,102,144
686,5,104,236,253,204,5,6,186,44
686,6,107,167,142,178,18,175,200,172
686,7,1,29,4,10,210,239,83,23
686,8,184,234,69,201,207,7,13,88
686,9,94,29,14,13,105,145,4,237
686,10,51,81,1,169,222,130,114,143
686,11,189,236,79,95,94,216,147,145
686,12,7,132,181,32,133,26,217,205
686,13,48,51,30,43,156,41,124,76
686,14,75,89,251,206,42,178,73,235
686,15,22,84,88,44,207,9,192,81
686,16,211,167,90,249,196,136,188,5
686,17,61,50,205,172,56,250,7,139
686,18,50,215,135,211,12,187,57,142
686,19,130,119,155,111,218,68,107,178
686,20,184,13,201,234,207,49,69,28
686,21,29,94,105,89,13,14,146,231
686,22,51,169,130,81,237,31,114,35
686,23,189,79,94,147,236,216,42,250
686,24,132,65,63,26,181,7,217,133
686,25,48,156,43,30,22,97,41,81
686,26,75,206,251,32,241,218,89,124
686,27,207,135,88,22,57,81,84,113
686,28,167,136,99,90,5,196,211,188
686,29,7,61,250,50,172,173,76,205
686,30,81,187,12,179,205,211,103,70
686,31,130,155,68,106,251,111,252,120
686,32,98,99,131,134,106,201,186,96
686,33,232,183,238,126,116,58,190,28
686,34,84,207,34,180,171,173,62,70
686,35,145,153,151,20,80,57,3,60
686,36,120,181,70,210,211,202,193,217
686,37,190,31,58,95,241,145,182,227
686,38,250,71,92,148,44,126,213,75
686,39,2,189,69,38,213,217,15,125
687,0,22,66,106,46,110,32,6,157
687,1,118,117,112,86,242,60,42,84
687,2,121,133,10,255,60,219,80,58
687,3,214,146,234,98,97,160,14,228
687,4,118,30,242,251,14,167,67,74
687,5,67,100,254,44,10,12,5,88
687,6,167,107,142,147,18,175,122,42
687,7,44,66,2,10,1,210,79,4
687,8,33,186,184,49,7,207,13,234
687,9,240,13,156,132,14,94,145,98
687,10,114,51,72,161,253,62,222,35
687,11,49,236,36,20,195,79,216,99
687,12,203,155,7,32,35,132,181,19
687,13,48,33,142,156,76,22,81,51
687,14,75,241,147,206,235,218,89,251
687,15,88,22,207,84,44,120,96,192
687,16,156,119,90,211,167,96,136,188
687,17,110,50,7,139,205,132,92,229
687,18,215,142,112,12,128,190,159,211
687,19,178,120,119,218,111,68,155,228
687,20,33,184,201,13,186,69,49,207
687,21,240,14,89,132,13,105,156,217
687,22,114,51,81,31,72,222,253,62
687,23,49,236,36,20,216,94,79,147
687,24,155,203,181,132,138,19,65,217
687,25,48,142,33,156,30,51,81,228
687,26,75,241,147,206,218,251,89,235
687,27,207,192,57,135,22,113,88,44
687,28,119,156,167,211,136,99,90,96
687,29,110,50,7,139,173,56,92,23
687,30,81,112,12,128,159,103,211,142
687,31,120,68,155,111,91,106,170,251
687,32,238,158,201,96,113,62,40,106
687,33,232,73,58,41,116,238,28,38
687,34,34,97,9,161,171,180,207,95
687,35,145,153,151,20,218,99,22,85
687,36,181,120,211,117,14,193,202,11
687,37,190,145,156,83,31,143,15,67
687,38,44,126,139,123,213,8,43,101
687,39,72,241,113,15,9,183,174,146
688,0,250,157,110,136,46,102,65,218
688,1,230,79,42,118,117,211,242,213
688,2,113,76,108,133,16,101,179,10
688,3,214,234,146,113,101,211,118,202
688,4,242,30,251,122,172,118,215,219
688,5,100,254,44,67,88,12,147,5
688,6,147,19,142,122,42,73,129,166
688,7,66,10,44,1,79,2,210,101
688,8,33,186,35,13,207,201,103,88
688,9,240,156,14,13,151,128,132,89
688,10,114,161,222,51,62,72,253,35
688,11,49,236,238,66,247,27,195,125
688,12,203,155,35,132,138,7,191,19
688,13,48,142,111,33,156,72,30,123
688,14,75,241,147,169,218,93,206,251
688,15,96,207,88,22,192,57,135,120
688,16,136,90,167,188,156,211,119,237
688,17,139,110,50,92,7,205,132,102
688,18,142,12,190,112,215,205,211,159
688,19,178,120,111,68,218,155,119,228
688,20,201,184,35,13,69,88,7,186
688,21,240,14,89,13,145,156,217,4
688,22,114,51,31,62,222,81,72,161
688,23,49,236,66,94,42,216,247,238
688,24,203,181,132,19,138,155,133,121
688,25,142,48,156,51,33,123,111,30
688,26,75,241,206,251,235,186,147,169
688,27,207,192,9,135,113,142,22,120
688,28,99,119,167,136,211,156,90,21
688,29,7,50,110,139,56,92,255,23
688,30,12,81,112,103,159,211,238,165
688,31,120,68,170,111,91,106,107,251
688,32,96,116,40,201,186,238,62,91
688,33,182,232,58,116,238,205,41,151
688,34,9,205,34,180,171,207,95,97
688,35,145,153,151,132,20,218,60,80
688,36,181,11,211,193,210,202,120,8
688,37,84,31,220,83,241,227,143,250
688,38,126,250,44,128,95,40,123,196
688,39,241,9,75,146,125,15,68,72
689,0,97,166,113,10,67,210,205,215
689,1,79,62,230,34,158,59,135,151
689,2,101,108,113,64,72,0,68,76
689,3,211,214,146,213,234,194,236,135
689,4,161,17,251,122,172,30,105,118
689,5,100,254,44,88,67,12,5,147
689,6,147,19,142,42,198,73,44,65
689,7,91,66,10,2,79,19,1,44
689,8,33,186,35,201,13,103,88,207
689,9,39,156,13,14,151,240,132,145
689,10,62,142,114,222,253,72,121,51
689,11,49,66,236,238,69,27,73,195
689,12,203,132,155,7,138,19,35,181
689,13,142,48,123,111,156,72,149,33
689,14,241,75,169,235,251,147,186,206
689,15,192,207,120,22,96,9,135,113
689,16,167,90,211,188,99,136,123,237
689,17,92,50,139,56,7,132,205,110
689,18,12,142,135,215,165,190,17,112
689,19,111,178,120,68,155,218,119,107
689,20,184,201,13,88,69,7,28,49
689,21,39,14,105,89,145,217,146,4
689,22,81,51,31,114,142,62,143,222
689,23,94,216,69,73,42,236,238,49
689,24,181,132,121,219,155,19,7,133
689,25,48,142,51,156,123,228,72,30
689,26,75,206,241,186,169,251,235,156
689,27,207,192,65,120,113,44,22,142
689,28,119,99,167,136,224,96,21,188
689,29,50,7,173,255,139,56,92,45
689,30,12,81,103,112,159,165,148,238
689,31,120,130,68,111,170,91,106,155
689,32,96,201,134,40,106,186,91,238
689,33,232,190,238,58,116,41,38,28
689,34,34,88,207,171,161,180,97,173
689,35,145,153,151,20,80,218,60,63
689,36,207,181,120,211,202,49,11,193
689,37,190,15,31,241,83,143,193,67
689,38,44,126,71,250,215,213,75,139
689,39,72,241,9,15,125,183,36,146
690,0,185,6,68,226,117,106,171,66
690,1,117,191,79,242,202,118,84,158
690,2,101,76,108,133,113,64,58,198
690,3,214,234,148,173,134,195,221,24
690,4,139,30,17,172,55,8,105,182
690,5,223,147,114,100,5,254,18,14
690,6,42,19,3,147,114,243,198,142
690,7,19,91,1,2,66,79,210,239
690,8,201,207,186,184,68,69,88,103
690,9,14,206,19,156,145,5,11,105
690,10,142,163,114,253,222,31,51,62
690,11,69,109,27,156,238,66,236,18
690,12,95,132,155,181,138,7,203,67
690,13,48,142,72,123,81,137,111,228
690,14,241,75,235,169,251,203,39,206
690,15,103,120,192,207,22,96,9,135
690,16,232,119,167,90,211,188,237,99
690,17,155,50,139,92,56,7,212,188
690,18,12,162,165,142,190,238,135,215
690,19,178,111,71,68,155,218,113,107
690,20,184,201,68,13,124,88,7,69
690,21,206,4,14,19,145,89,146,178
690,22,142,31,163,51,143,140,85,159
690,23,69,207,94,216,109,18,27,84
690,24,181,132,67,121,7,46,12,95
690,25,48,123,51,228,156,30,72,124
690,26,206,38,186,156,75,251,169,168
690,27,103,207,22,192,142,120,113,44
690,28,232,119,21,167,224,90,211,249
690,29,155,173,188,50,56,206,92,23
690,30,165,238,12,158,103,6,70,159
690,31,38,111,71,68,107,175,170,251
690,32,175,37,42,17,40,62,91,217
690,33,117,23,214,94,38,122,116,12
690,34,58,12,173,28,182,187,70,206
690,35,7,151,80,20,63,99,60,61
690,36,245,0,193,8,211,239,210,145
690,37,84,164,241,220,95,83,227,90
690,38,136,44,250,126,86,75,244,22
690,39,23,16,68,125,254,241,145,52
691,0,122,110,57,88,59,180,56,26
691,1,28,190,202,180,89,145,166,119
691,2,185,47,238,99,125,78,113,67
691,3,70,42,121,19,234,114,5,245
691,4,139,133,74,30,202,60,247,2
691,5,223,24,174,144,114,5,3,147
691,6,243,42,147,3,115,19,114,35
691,7,129,19,1,239,217,210,41,91
691,8,68,201,184,124,69,207,88,13
691,9,148,11,4,14,145,19,206,5
691,10,142,68,114,222,143,73,168,253
691,11,210,69,208,207,93,147,238,21
691,12,181,95,7,84,132,155,12,121
691,13,164,48,72,41,30,123,228,156
691,14,75,241,206,235,39,251,169,186
691,15,203,22,207,192,120,84,103,113
691,16,232,167,90,211,249,122,224,123
691,17,26,50,7,92,56,188,155,139
691,18,12,165,238,162,190,222,211,21
691,19,111,68,175,155,106,102,71,65
691,20,201,184,124,13,69,68,28,88
691,21,4,148,145,192,11,89,206,14
691,22,68,31,142,143,85,158,51,174
691,23,210,69,207,94,101,64,84,208
691,24,181,132,57,7,121,12,84,95
691,25,48,164,156,51,124,72,30,123
691,26,206,186,156,39,75,235,89,38
691,27,203,22,207,192,113,239,142,44
691,28,21,232,224,161,167,20,90,249
691,29,26,155,50,206,173,188,56,23
691,30,165,238,12,103,158,222,70,9
691,31,111,102,175,38,107,113,91,68
691,32,175,224,37,40,62,42,91,212
691,33,177,96,117,156,12,122,38,40
691,34,28,58,49,217,173,12,70,206
691,35,7,151,80,224,20,60,214,61
691,36,245,24,255,239,193,34,11,210
691,37,50,241,14,83,57,90,227,147
691,38,146,44,126,250,86,75,244,97
691,39,85,62,177,13,181,125,242,52
692,0,180,151,55,250,134,122,178,139
692,1,111,190,154,42,117,239,245,49
692,2,185,47,212,33,125,234,101,5
692,3,42,66,234,101,19,121,15,132
692,4,30,180,243,60,105,194,93,74
692,5,223,144,14,66,3,5,52,254
692,6,243,115,42,114,147,142,200,136
692,7,1,129,239,19,210,83,79,66
692,8,184,201,68,159,124,207,69,13
692,9,11,14,4,5,89,146,237,145
692,10,142,222,154,114,143,81,174,232
692,11,103,66,231,147,236,94,210,238
692,12,181,7,155,95,84,203,132,19
692,13,48,72,228,123,111,22,51,81
692,14,75,241,206,251,39,89,186,203
692,15,207,203,22,192,96,135,9,84
692,16,232,167,90,211,136,180,188,237
692,17,139,50,56,7,187,92,205,206
692,18,12,165,190,142,103,238,211,215
692,19,178,111,68,170,113,218,155,42
692,20,184,201,13,159,68,124,69,28
692,21,14,11,89,4,146,220,145,102
692,22,142,140,51,31,143,81,154,107
692,23,147,231,103,66,216,210,113,94
692,24,181,84,132,7,133,19,152,155
692,25,228,48,220,155,51,111,123,156
692,26,206,75,251,241,186,39,220,156
692,27,192,207,142,123,9,135,22,110
692,28,232,21,167,224,99,146,211,119
692,29,50,62,206,7,139,173,92,56
692,30,165,238,12,103,90,219,158,81
692,31,170,68,91,111,113,71,251,107
692,32,148,85,40,62,91,37,175,18
692,33,177,132,139,68,6,96,151,116
692,34,45,28,249,173,48,171,240,56
692,35,44,114,185,191,20,145,7,80
692,36,39,79,245,202,37,115,211,142
692,37,196,126,56,83,174,67,27,143
692,38,132,44,87,250,126,215,234,119
692,39,75,125,44,179,251,139,245,235
693,0,166,97,113,142,150,205,215,10
693,1,158,34,59,199,62,26,64,111
693,2,64,127,146,173,130,26,203,237
693,3,236,211,42,124,146,59,234,135
693,4,105,17,161,251,30,131,213,167
693,5,14,254,223,144,100,67,5,69
693,6,243,147,42,19,115,73,142,107
693,7,1,40,91,239,129,210,79,19
693,8,184,201,159,69,207,35,13,88
693,9,39,14,13,11,4,146,156,89
693,10,142,222,114,62,253,143,51,174
693,11,66,236,203,103,238,247,147,250
693,12,7,181,19,95,203,155,132,152
693,13,48,142,228,123,111,72,81,51
693,14,75,241,251,235,206,39,186,169
693,15,22,207,96,9,192,57,135,88
693,16,211,167,90,136,188,237,249,99
693,17,50,139,7,56,92,132,187,205
693,18,12,215,142,190,135,165,56,222
693,19,111,68,178,218,107,170,42,113
693,20,201,184,13,124,69,28,88,35
693,21,14,39,89,145,105,146,217,11
693,22,51,81,62,222,31,114,143,140
693,23,66,236,238,216,94,203,103,42
693,24,181,19,203,132,121,219,133,84
693,25,48,51,220,111,142,72,156,228
693,26,241,251,75,186,39,169,43,156
693,27,142,192,207,57,9,123,135,65
693,28,99,211,167,21,237,136,249,90
693,29,7,50,56,139,92,206,173,141
693,30,12,103,81,11,165,71,222,56
693,31,68,91,170,120,130,111,71,106
693,32,96,148,62,40,186,201,91,113
693,33,190,58,232,238,28,116,107,253
693,34,88,180,45,173,56,101,171,34
693,35,145,153,218,151,20,80,85,60
693,36,207,181,202,211,124,8,193,120
693,37,31,84,174,143,67,83,241,250
693,38,126,250,44,97,95,206,75,191
693,39,241,125,9,68,146,61,15,254
694,0,57,6,110,56,66,115,127,60
694,1,158,199,73,180,145,250,191,161
694,2,64,238,234,222,198,239,120,203
694,3,70,171,19,194,32,107,246,217
694,4,254,17,74,122,138,172,244,30
694,5,24,144,169,5,249,100,250,97
694,6,147,73,42,19,206,115,107,243
694,7,56,1,40,188,239,210,66,10
694,8,184,201,69,216,207,88,13,159
694,9,148,14,217,145,105,11,4,47
694,10,24,252,114,222,73,51,37,69
694,11,210,66,236,154,238,147,203,90
694,12,181,7,84,19,203,43,155,132
694,13,48,51,228,72,142,137,30,123
694,14,75,241,251,235,206,186,156,39
694,15,203,192,207,22,113,96,9,135
694,16,211,90,167,161,249,136,123,188
694,17,50,7,139,56,92,122,205,147
694,18,12,215,222,211,103,56,142,135
694,19,111,68,199,178,155,107,42,113
694,20,201,184,13,69,124,49,28,88
694,21,148,14,145,89,105,11,192,146
694,22,24,252,51,31,114,222,81,143
694,23,210,216,66,236,94,147,154,238
694,24,84,181,203,19,132,43,133,7
694,25,48,51,111,142,228,156,72,220
694,26,75,251,241,186,156,39,235,206
694,27,203,207,192,123,142,113,9,135
694,28,161,21,99,167,249,211,237,136
694,29,214,7,50,139,206,56,92,218
694,30,103,71,12,81,222,165,211,56
694,31,91,120,199,68,170,71,107,111
694,32,62,221,48,201,40,91,245,18
694,33,96,107,58,121,151,28,253,212
694,34,56,208,95,175,252,34,171,70
694,35,85,218,20,99,151,236,94,251
694,36,202,211,195,152,246,117,248,100
694,37,174,161,67,83,143,60,135,56
694,38,234,9,126,30,44,201,195,97
694,39,125,246,92,250,1,215,183,15
695,0,84,127,63,111,186,202,188,102
695,1,198,111,117,145,118,29,255,180
695,2,15,64,234,239,134,113,166,108
695,3,116,171,20,214,55,51,70,32
695,4,112,215,74,244,172,30,254,183
695,5,169,144,253,5,250,97,207,24
695,6,73,147,42,142,107,19,178,198
695,7,56,1,40,66,10,210,239,188
695,8,216,69,65,184,201,207,186,88
695,9,14,239,145,148,105,4,11,57
695,10,24,252,114,222,51,1,55,84
695,11,236,114,210,66,238,147,250,203
695,12,7,203,181,155,132,19,84,35
695,13,48,142,38,137,72,51,111,228
695,14,241,75,235,251,218,206,39,156
695,15,44,203,96,207,192,57,135,22
695,16,211,167,90,237,136,180,13,146
695,17,197,7,139,50,92,56,132,102
695,18,12,142,56,215,222,135,211,103
695,19,68,111,178,107,119,42,113,199
695,20,201,184,65,69,13,124,88,28
695,21,14,105,148,145,239,146,102,89
695,22,24,81,252,114,51,140,222,31
695,23,216,114,210,236,94,66,238,101
695,24,203,181,219,132,133,19,43,107
695,25,48,51,228,38,72,156,142,111
695,26,251,75,186,241,156,39,206,157
695,27,44,123,207,142,192,9,203,135
695,28,21,161,211,249,99,167,231,90
695,29,206,50,7,218,139,56,169,23
695,30,12,103,71,165,222,135,11,238
695,31,91,68,71,120,170,199,111,107
695,32,221,62,40,91,201,245,217,246
695,33,96,121,107,58,212,28,248,253
695,34,81,208,56,95,252,70,171,102
695,35,196,218,20,151,99,132,236,85
695,36,195,211,202,152,246,117,193,248
695,37,174,161,67,83,143,60,135,87
695,38,234,9,126,44,201,30,97,101
695,39,250,92,125,183,1,246,72,15
696,0,242,186,234,144,2,84,214,237
696,1,197,155,208,5,221,42,144,223
696,2,230,150,86,201,92,15,147,212
696,3,155,66,234,44,156,218,15,58
696,4,94,112,30,71,169,93,98,158
696,5,168,253,144,35,115,66,33,5
696,6,142,92,200,9,126,178,147,107
696,7,243,1,181,239,4,146,95,41
696,8,201,124,88,190,236,43,69,28
696,9,231,14,145,4,5,237,105,242
696,10,140,252,7,81,207,85,51,143
696,11,153,216,212,208,103,94,238,114
696,12,133,132,7,107,181,173,233,95
696,13,48,140,72,38,137,228,41,51
696,14,251,235,169,241,186,39,220,79
696,15,123,22,142,44,207,135,9,84
696,16,21,211,90,226,249,224,180,20
696,17,197,50,7,206,139,56,90,23
696,18,12,238,135,215,165,222,56,71
696,19,68,111,60,71,107,113,178,42
696,20,201,124,38,13,184,69,88,7
696,21,14,4,146,105,89,231,11,43
696,22,140,0,252,7,81,51,143,114
696,23,103,153,216,15,94,208,238,147
696,24,181,133,95,132,203,107,65,19
696,25,48,72,228,51,38,140,156,111
696,26,83,75,220,186,206,251,93,39
696,27,142,123,192,207,44,135,248,9
696,28,21,230,90,167,211,2,99,249
696,29,56,206,236,139,7,50,169,23
696,30,12,238,69,165,103,222,70,215
696,31,60,71,111,68,170,51,113,38
696,32,86,195,40,144,91,62,199,32
696,33,97,36,37,94,217,12,181,250
696,34,212,90,255,187,173,28,188,102
696,35,49,214,151,3,145,20,60,251
696,36,147,234,0,8,193,129,210,227
696,37,220,84,241,193,227,37,57,83
696,38,44,250,126,97,75,244,86,176
696,39,241,23,68,125,254,78,52,61
697,0,110,165,57,59,56,90,9,201
697,1,40,96,209,206,183,166,57,253
697,2,215,85,238,176,186,144,234,12
697,3,111,70,3,192,40,138,153,60
697,4,138,156,30,164,248,35,71,19
697,5,19,35,236,253,144,24,168,66
697,6,9,142,123,92,200,147,178,27
697,7,243,4,1,239,77,146,95,83
697,8,201,69,124,43,88,190,252,7
697,9,231,148,14,145,5,4,105,146
697,10,46,140,81,7,51,85,207,143
697,11,216,93,210,116,212,94,208,103
697,12,133,107,205,132,7,173,233,219
697,13,48,140,41,72,156,51,30,110
697,14,235,251,186,83,169,79,178,199
697,15,22,118,142,9,135,123,239,84
697,16,226,211,90,21,249,186,167,224
697,17,7,50,104,90,56,206,122,169
697,18,135,12,215,238,222,165,231,56
697,19,68,71,111,107,60,181,155,21
697,20,201,184,13,38,124,68,69,88
697,21,148,231,14,105,89,145,146,4
697,22,46,140,7,81,51,85,0,143
697,23,210,116,216,93,103,94,208,15
697,24,181,133,132,95,7,65,203,19
697,25,48,72,51,156,140,30,228,76
697,26,75,218,206,251,186,93,89,156
697,27,123,142,207,44,192,135,22,9
697,28,21,99,167,90,224,193,211,78
697,29,49,88,206,173,50,104,7,139
697,30,50,165,238,12,162,70,103,56
697,31,60,28,71,68,170,111,38,107
697,32,86,40,62,179,91,176,246,102
697,33,36,96,104,6,248,198,38,97
697,34,28,44,238,90,173,206,171,70
697,35,190,148,49,74,20,151,44,255
697,36,147,227,39,115,234,202,193,11
697,37,193,27,15,78,83,95,241,227
697,38,215,44,139,126,75,119,251,250
697,39,158,72,36,15,231,125,197,224
698,0,242,117,187,122,133,185,96,186
698,1,13,117,111,96,209,42,183,252
698,2,85,215,176,242,196,125,35,112
698,3,247,156,170,192,14,66,122,111
698,4,55,180,248,139,119,30,8,82
698,5,214,225,19,114,3,35,232,253
698,6,9,3,123,114,16,108,200,115
698,7,243,1,146,133,161,4,210,95
698,8,124,43,68,201,112,252,190,69
698,9,19,231,14,178,206,4,242,236
698,10,163,140,7,15,128,200,85,197
698,11,116,18,212,103,216,190,142,130
698,12,67,7,95,233,133,181,203,132
698,13,48,200,140,72,156,41,163,207
698,14,38,218,39,89,169,235,156,186
698,15,123,22,103,142,207,118,135,44
698,16,21,78,211,167,90,2,224,226
698,17,7,50,206,139,102,23,155,56
698,18,12,238,165,135,56,70,190,215
698,19,71,111,68,107,113,155,245,70
698,20,124,13,201,68,69,88,112,35
698,21,4,19,11,145,89,146,231,178
698,22,140,163,85,143,7,51,15,31
698,23,18,103,101,207,84,142,94,212
698,24,181,132,67,219,59,95,57,107
698,25,48,72,51,228,123,30,200,122
698,26,206,156,186,89,39,38,75,220
698,27,142,22,207,103,123,192,113,239
698,28,21,78,224,90,8,167,231,226
698,29,155,206,23,236,56,139,50,191
698,30,238,12,70,165,103,231,222,135
698,31,71,107,111,38,60,251,245,68
698,32,17,40,194,61,91,37,62,174
698,33,23,117,214,94,12,248,212,38
698,34,206,58,187,173,28,54,19,70
698,35,214,92,7,100,63,80,20,151
698,36,0,253,250,42,145,193,239,8
698,37,95,84,220,87,164,57,241,83
698,38,244,75,44,136,22,162,250,126
698,39,23,254,16,145,61,62,181,220
699,0,55,152,177,31,175,222,50,73
699,1,153,42,49,245,105,163,117,190
699,2,71,78,160,137,82,13,201,47
699,3,247,234,66,44,63,61,16,58
699,4,180,169,30,93,51,248,82,35
699,5,214,3,225,115,181,187,5,213
699,6,57,25,9,114,123,186,108,243
699,7,223,61,77,133,167,146,1,232
699,8,124,157,45,242,201,68,252,236
699,9,231,14,5,4,242,80,216,145
699,10,140,15,154,200,19,220,153,239
699,11,207,103,54,212,190,113,158,151
699,12,95,183,12,181,157,233,7,37
699,13,48,42,123,100,228,249,196,191
699,14,230,206,235,39,186,218,169,156
699,15,123,22,142,207,135,192,33,44
699,16,21,211,226,122,78,90,167,224
699,17,206,50,7,92,139,90,56,23
699,18,12,238,165,11,70,72,190,135
699,19,71,111,70,113,107,68,43,245
699,20,201,13,124,157,88,242,68,45
699,21,4,11,89,120,192,145,220,43
699,22,140,31,143,19,220,15,158,85
699,23,103,101,207,151,158,113,84,94
699,24,181,132,7,59,121,95,219,107
699,25,48,123,72,51,156,228,30,249
699,26,186,206,39,156,93,75,89,235
699,27,207,142,192,22,33,113,123,250
699,28,21,190,78,167,118,226,201,2
699,29,56,23,191,164,139,50,162,92
699,30,12,238,103,70,231,222,165,251
699,31,107,111,71,60,102,113,251,38
699,32,40,61,109,217,76,91,177,62
699,33,198,234,95,102,206,59,122,68
699,34,206,72,173,155,70,183,235,19
699,35,151,161,184,92,63,100,98,191
699,36,193,42,251,139,196,34,129,239
699,37,84,241,87,57,147,45,83,9
699,38,250,44,244,126,3,162,167,97
699,39,220,61,165,242,125,89,52,252
700,0,80,96,146,226,171,247,243,214
700,1,163,243,228,215,2,21,134,71
700,2,71,254,233,160,183,249,204,137
700,3,221,188,240,234,15,180,170,247
700,4,119,180,30,82,169,20,93,35
700,5,214,225,213,181,3,194,61,93
700,6,16,57,25,9,186,108,123,134
700,7,84,61,1,167,146,77,232,150
700,8,157,124,45,112,248,68,201,242
700,9,4,14,231,206,242,19,5,80
700,10,140,15,229,220,200,153,163,158
700,11,18,207,212,190,113,130,158,103
700,12,154,106,7,67,133,181,12,172
700,13,48,200,123,140,156,72,207,249
700,14,186,75,235,39,156,206,89,38
700,15,22,207,123,219,241,192,135,239
700,16,21,224,167,90,78,13,211,249
700,17,50,191,7,56,23,102,139,147
700,18,12,238,165,222,9,11,56,135
700,19,111,175,68,71,106,43,107,102
700,20,124,13,201,28,69,88,112,157
700,21,4,145,192,89,120,234,11,43
700,22,143,85,31,140,158,117,163,15
700,23,101,84,207,94,18,103,95,212
700,24,132,181,57,7,107,121,12,46
700,25,48,72,122,156,51,249,123,124
700,26,206,186,156,39,89,249,152,174
700,27,22,207,113,186,219,239,231,142
700,28,21,231,222,8,167,118,249,123
700,29,23,231,191,56,50,206,240,173
700,30,231,70,103,238,221,12,165,222
700,31,107,111,245,251,38,102,40,43
700,32,89,61,40,176,217,91,17,194
700,33,214,23,206,12,94,248,40,122
700,34,235,34,187,173,188,182,206,54
700,35,214,63,151,123,161,100,244,20
700,36,253,42,239,193,139,0,196,104
700,37,84,241,87,57,147,45,83,164
700,38,250,44,244,75,126,86,3,162
700,39,62,181,61,145,242,220,52,254
701,0,55,178,50,222,223,177,152,31
701,1,245,185,32,42,253,153,131,144
701,2,211,233,193,204,192,160,247,26
701,3,66,240,234,197,243,247,215,44
701,4,30,51,137,180,93,158,194,169
701,5,168,115,252,66,96,33,81,228
701,6,200,25,129,172,245,59,197,123
701,7,128,167,239,1,130,83,146,217
701,8,124,88,28,201,69,68,190,236
701,9,145,192,234,11,43,237,14,5
701,10,117,85,232,222,143,8,9,158
701,11,84,103,59,231,94,209,30,137
701,12,107,19,210,12,59,7,132,121
701,13,199,51,48,226,30,207,192,140
701,14,186,156,249,39,169,235,188,89
701,15,22,207,113,197,239,84,219,231
701,16,224,99,21,90,167,249,2,118
701,17,191,23,50,7,56,206,92,78
701,18,12,238,222,103,165,5,9,11
701,19,111,175,68,71,43,102,181,247
701,20,13,124,88,69,201,28,158,34
701,21,145,11,4,234,192,89,43,213
701,22,216,85,117,146,158,143,31,80
701,23,231,84,103,59,94,85,208,201
701,24,128,7,88,57,210,181,132,107
701,25,48,19,84,41,123,72,51,192
701,26,186,93,156,39,89,206,218,169
701,27,113,22,207,231,192,13,84,142
701,28,212,21,193,82,118,224,99,179
701,29,88,56,23,191,50,231,92,78
701,30,50,12,238,103,222,70,165,250
701,31,111,107,102,251,245,43,170,68
701,32,40,179,76,57,217,62,61,91
701,33,181,162,56,104,139,12,11,122
701,34,44,235,28,70,34,240,195,109
701,35,151,148,185,20,60,161,190,184
701,36,39,115,193,142,125,42,227,210
701,37,241,27,126,84,57,83,87,147
701,38,250,44,126,244,75,3,119,39
701,39,125,61,52,242,179,220,89,197
702,0,51,49,22,153,85,247,119,227
702,1,223,169,232,84,177,184,77,87
702,2,16,214,242,38,146,90,142,200
702,3,98,97,146,27,238,160,107,85
702,4,14,167,30,181,65,67,240,82
702,5,235,67,252,66,214,6,82,181
702,6,129,200,245,167,96,215,9,41
702,7,44,239,1,167,220,66,28,176
702,8,33,124,201,68,69,88,7,13
702,9,132,11,145,4,14,5,223,190
702,10,248,216,158,140,143,222,220,154
702,11,36,20,103,84,94,207,158,212
702,12,7,154,19,132,181,12,121,75
702,13,33,48,123,156,140,51,72,41
702,14,147,186,39,75,169,235,206,26
702,15,207,22,192,113,240,120,197,166
702,16,156,13,224,167,21,2,90,99
702,17,110,50,7,56,191,102,23,92
702,18,12,128,112,238,11,165,222,56
702,19,120,111,68,71,175,107,12,113
702,20,33,124,201,13,69,28,88,25
702,21,132,4,145,11,120,43,192,234
702,22,248,143,85,158,117,31,140,174
702,23,36,101,84,20,94,103,208,207
702,24,181,132,57,107,95,121,19,7
702,25,33,142,48,156,51,123,122,249
702,26,206,147,186,156,39,89,75,93
702,27,22,207,113,192,239,219,142,186
702,28,21,156,212,118,231,167,249,123
702,29,110,56,50,23,191,231,206,139
702,30,128,12,103,112,238,70,222,165
702,31,120,107,111,102,251,170,216,245
702,32,238,113,158,40,62,91,61,217
702,33,73,41,12,122,38,40,212,159
702,34,97,34,161,235,70,188,19,173
702,35,151,20,214,161,60,80,63,123
702,36,181,193,239,42,253,84,210,57
702,37,84,241,57,147,83,87,14,55
702,38,250,44,126,244,75,86,3,39
702,39,62,181,61,145,242,220,125,52
703,0,152,55,223,242,2,31,222,177
703,1,153,245,42,100,71,3,49,173
703,2,76,193,93,16,157,208,211,142
703,3,66,234,197,44,243,63,15,125
703,4,30,51,203,93,158,194,149,169
703,5,81,115,168,252,56,66,214,228
703,6,19,25,129,172,200,241,245,185
703,7,239,167,128,1,146,130,217,83
703,8,124,88,68,201,28,222,236,207
703,9,4,43,145,236,105,11,192,146
703,10,117,85,31,143,232,8,250,138
703,11,103,84,136,59,94,209,231,212
703,12,7,115,46,57,107,12,59,132
703,13,199,48,30,51,140,122,41,123
703,14,156,235,39,169,186,206,89,251
703,15,22,207,84,197,239,192,113,142
703,16,167,224,88,90,2,249,211,99
703,17,7,50,213,23,56,191,139,92
703,18,12,238,11,151,165,190,130,222
703,19,111,68,249,155,43,71,175,178
703,20,124,13,121,88,201,69,207,34
703,21,89,145,4,146,11,14,98,105
703,22,216,31,51,85,154,143,158,1
703,23,103,136,201,236,84,94,59,233
703,24,128,7,132,181,65,205,115,32
703,25,48,97,140,81,41,156,19,72
703,26,75,203,206,89,169,39,218,156
703,27,44,207,192,142,57,22,197,113
703,28,193,99,196,224,21,90,82,167
703,29,88,61,21,119,255,173,50,7
703,30,50,162,12,232,250,165,238,63
703,31,249,68,111,252,38,170,218,155
703,32,86,179,125,131,40,62,85,76
703,33,132,181,104,56,95,5,36,133
703,34,44,240,28,238,173,20,195,171
703,35,190,148,145,74,20,151,191,218
703,36,39,227,115,202,142,147,211,248
703,37,27,78,16,143,169,15,83,194
703,38,169,215,119,126,80,75,44,250
703,39,158,231,179,244,75,125,163,72
704,0,229,249,216,196,7,242,123,105
704,1,225,231,118,27,244,93,150,155
704,2,103,4,17,162,163,109,227,210
704,3,133,187,235,152,31,234,212,37
704,4,30,142,167,13,251,236,222,102
704,5,104,5,193,6,186,253,112,204
704,6,167,147,153,200,123,107,142,172
704,7,29,1,239,210,83,23,10,66
704,8,234,201,69,7,13,89,88,207
704,9,94,29,145,164,13,105,14,11
704,10,169,130,51,222,1,216,158,31
704,11,189,103,236,216,94,250,147,136
704,12,7,26,63,181,107,132,203,32
704,13,156,48,43,30,147,51,123,228
704,14,186,75,235,169,124,206,251,178
704,15,22,207,84,81,88,44,192,142
704,16,196,249,90,167,5,211,2,188
704,17,61,50,172,250,7,56,139,205
704,18,50,187,57,12,179,142,215,211
704,19,130,111,155,119,68,205,178,107
704,20,234,184,201,13,69,88,207,28
704,21,29,94,164,13,89,105,145,21
704,22,130,169,51,81,35,222,143,100
704,23,189,94,236,147,42,250,79,161
704,24,63,26,74,128,132,65,32,217
704,25,48,43,97,147,156,30,41,18
704,26,32,75,124,148,51,20,169,89
704,27,81,200,84,22,88,207,135,57
704,28,167,133,136,5,196,99,90,249
704,29,172,250,50,76,61,205,7,255
704,30,81,187,179,205,211,21,12,70
704,31,130,155,106,251,252,68,109,205
704,32,98,131,99,134,106,91,186,201
704,33,183,232,238,126,38,116,73,28
704,34,84,207,171,180,173,62,34,96
704,35,145,153,57,20,218,80,151,60
704,36,120,181,70,211,217,98,14,119
704,37,190,31,65,182,58,143,145,83
704,38,148,92,71,75,213,250,95,206
704,39,2,69,189,38,217,213,78,254
705,0,115,158,132,47,235,177,141,125
705,1,182,244,93,118,155,197,233,213
705,2,57,123,93,121,145,103,29,82
705,3,133,117,187,234,190,235,233,128
705,4,142,236,30,222,102,251,128,95
705,5,5,193,90,88,44,47,65,127
705,6,153,60,206,138,22,142,196,250
705,7,23,29,117,210,10,83,64,147
705,8,234,239,180,13,77,116,207,4
705,9,164,13,239,191,89,2,105,113
705,10,169,35,130,198,185,125,240,11
705,11,189,95,161,128,206,86,62,108
705,12,74,26,93,63,128,234,107,132
705,13,156,147,30,43,48,97,134,41
705,14,32,124,75,178,186,51,251,42
705,15,22,84,81,207,113,88,148,200
705,16,133,249,196,5,206,9,233,90
705,17,205,50,250,76,61,56,87,193
705,18,211,179,21,50,12,187,222,76
705,19,109,155,116,68,111,205,251,181
705,20,234,13,201,239,184,4,88,28
705,21,164,13,94,191,89,105,29,231
705,22,169,35,130,198,236,143,125,185
705,23,189,95,128,42,94,62,206,172
705,24,74,234,26,63,93,181,44,15
705,25,147,6,134,48,43,156,30,41
705,26,32,51,148,124,61,178,42,89
705,27,84,200,22,81,181,87,88,58
705,28,206,133,249,5,9,136,43,167
705,29,205,3,76,250,172,50,87,0
705,30,211,179,189,187,21,135,163,81
705,31,251,181,155,116,185,106,109,205
705,32,91,119,131,134,186,106,181,111
705,33,183,38,93,238,248,232,49,29
705,34,171,207,82,84,180,96,173,86
705,35,20,145,57,92,236,153,151,160
705,36,120,70,181,14,211,202,217,98
705,37,31,190,104,143,182,83,58,145
705,38,148,27,71,92,95,75,3,213
705,39,69,38,110,243,12,217,78,254
706,0,57,56,110,127,43,238,157,66
706,1,118,19,242,145,161,117,180,124
706,2,80,255,49,238,60,133,234,219
706,3,70,171,19,234,92,107,32,219
706,4,74,118,254,88,30,242,224,255
706,5,5,24,169,144,147,44,249,159
706,6,183,137,164,68,118,250,191,65
706,7,210,221,1,56,145,101,83,9
706,8,207,234,13,216,184,69,201,28
706,9,105,148,13,89,217,199,43,231
706,10,24,35,73,11,92,140,161,46
706,11,95,210,27,154,93,41,92,195
706,12,84,181,234,191,155,133,219,18
706,13,48,168,30,41,6,22,140,15
706,14,42,178,61,89,32,251,156,99
706,15,84,203,22,239,88,118,234,9
706,16,206,249,226,161,90,9,8,168
706,17,205,50,3,17,56,169,43,23
706,18,135,211,21,189,71,159,206,210
706,19,181,155,251,107,159,106,185,129
706,20,13,184,190,201,45,234,194,19
706,21,148,231,89,105,4,236,13,234
706,22,35,24,140,143,236,73,81,85
706,23,95,210,212,27,94,154,195,147
706,24,219,181,234,84,233,191,227,43
706,25,48,30,163,41,6,181,22,168
706,26,42,61,89,178,156,174,206,32
706,27,234,203,84,22,118,239,236,88
706,28,206,249,161,167,8,168,9,226
706,29,205,3,214,50,169,231,23,17
706,30,189,211,135,21,243,159,71,206
706,31,181,251,185,91,155,199,129,107
706,32,91,221,131,201,48,246,94,111
706,33,96,248,38,58,151,121,107,28
706,34,171,208,56,175,252,95,226,209
706,35,85,236,20,218,92,99,94,5
706,36,211,195,246,202,152,117,42,139
706,37,174,143,67,83,161,45,48,60
706,38,201,234,9,44,101,30,39,195
706,39,246,1,92,250,215,183,15,220
707,0,242,234,186,144,84,111,188,92
707,1,118,239,117,111,198,163,255,21
707,2,230,15,150,86,133,234,80,98
707,3,234,155,214,116,19,92,51,177
707,4,112,94,98,30,71,224,86,134
707,5,169,5,144,66,207,112,30,51
707,6,183,142,73,9,250,84,42,200
707,7,1,210,41,146,243,145,222,83
707,8,184,207,13,159,201,194,19,190
707,9,105,89,236,231,4,13,102,133
707,10,35,7,81,114,140,9,48,94
707,11,95,153,145,212,114,27,210,230
707,12,181,234,191,155,219,84,233,136
707,13,48,168,30,38,41,22,160,6
707,14,42,89,61,178,32,174,156,251
707,15,84,22,203,234,88,118,239,248
707,16,206,249,90,136,9,167,116,226
707,17,205,50,3,197,56,17,231,43
707,18,211,135,189,70,21,159,165,206
707,19,155,251,181,111,185,68,216,106
707,20,184,13,201,159,124,68,190,248
707,21,89,236,105,231,4,220,13,43
707,22,35,0,143,161,85,9,81,7
707,23,95,212,153,94,145,27,147,195
707,24,181,234,219,233,57,191,132,72
707,25,48,30,41,163,36,249,254,51
707,26,89,174,42,178,61,251,156,22
707,27,22,118,84,234,239,248,236,9
707,28,206,8,249,167,90,168,136,222
707,29,205,3,56,23,231,50,206,218
707,30,211,189,69,70,21,135,243,206
707,31,155,251,185,181,60,216,51,106
707,32,91,86,195,201,126,94,146,243
707,33,38,97,198,37,6,36,189,171
707,34,52,171,212,255,28,90,102,95
707,35,49,20,145,22,183,92,73,100
707,36,147,234,227,117,68,39,193,49
707,37,15,83,193,45,153,220,219,145
707,38,139,47,215,44,39,126,162,3
707,39,158,72,224,15,36,27,244,203
708,0,96,242,250,50,52,133,117,187
708,1,195,234,96,62,40,63,12,117
708,2,120,173,84,109,101,212,124,15
708,3,234,66,247,113,155,89,63,132
708,4,98,55,112,180,30,213,251,159
708,5,5,81,66,232,144,250,110,253
708,6,9,84,142,200,115,174,43,172
708,7,146,1,210,41,243,83,95,252
708,8,184,13,68,207,43,201,12,159
708,9,236,89,105,231,4,14,19,244
708,10,35,108,128,7,85,94,101,197
708,11,212,95,153,145,2,116,68,147
708,12,234,181,57,233,72,133,219,95
708,13,48,30,36,41,122,140,59,168
708,14,42,89,61,251,174,178,156,199
708,15,22,118,84,239,234,88,186,9
708,16,206,90,249,167,136,211,78,207
708,17,205,3,50,231,23,56,7,92
708,18,211,189,70,165,157,28,12,21
708,19,181,251,155,216,68,111,245,107
708,20,68,184,13,201,124,43,107,69
708,21,236,89,231,19,4,105,43,55
708,22,35,128,143,0,85,220,108,7
708,23,212,94,95,145,153,147,219,116
708,24,181,234,57,7,219,233,132,133
708,25,48,30,41,36,51,156,59,122
708,26,89,174,61,42,251,178,119,156
708,27,22,118,84,234,207,71,9,248
708,28,206,167,78,90,8,21,249,30
708,29,3,205,231,56,23,50,128,206
708,30,189,211,70,157,28,165,21,69
708,31,216,155,60,251,71,185,181,106
708,32,86,157,91,195,171,17,61,66
708,33,117,38,171,23,36,94,10,97
708,34,28,52,171,187,212,90,177,19
708,35,73,145,49,7,255,20,184,161
708,36,244,234,8,0,57,147,58,193
708,37,220,83,45,87,84,90,102,9
708,38,244,44,162,3,157,126,136,15
708,39,23,14,220,16,68,241,61,52
709,0,181,82,107,39,251,255,119,221
709,1,158,88,184,166,117,228,237,220
709,2,120,160,26,28,173,13,48,0
709,3,132,232,234,247,216,124,237,50
709,4,180,156,98,55,56,35,22,249
709,5,232,5,174,3,142,250,225,48
709,6,84,9,58,108,174,27,115,20
709,7,146,138,1,243,133,202,41,210
709,8,68,184,13,112,207,157,43,190
709,9,236,19,105,206,231,89,244,17
709,10,128,68,154,108,181,7,163,85
709,11,212,64,95,57,18,94,68,87
709,12,234,106,57,233,181,35,219,107
709,13,48,164,30,122,41,36,200,230
709,14,89,251,174,129,42,119,229,156
709,15,22,118,84,239,113,222,241,219
709,16,167,90,211,30,249,6,206,149
709,17,7,26,23,50,205,3,56,231
709,18,165,157,12,70,190,222,28,231
709,19,216,155,111,106,68,175,181,245
709,20,13,68,124,201,207,184,88,43
709,21,236,89,19,4,231,17,228,43
709,22,128,68,85,143,181,35,158,51
709,23,64,94,212,250,93,207,219,68
709,24,57,7,219,234,107,132,121,72
709,25,164,48,30,122,36,200,51,156
709,26,89,174,235,232,251,186,152,39
709,27,22,118,222,241,236,135,84,209
709,28,30,149,8,90,206,21,123,167
709,29,26,231,3,23,232,174,205,128
709,30,157,70,28,55,165,189,231,238
709,31,216,237,155,46,245,60,185,251
709,32,224,197,199,171,243,126,37,175
709,33,179,171,117,201,156,38,10,12
709,34,49,217,28,58,213,70,235,47
709,35,73,224,7,255,201,184,100,161
709,36,255,24,244,57,42,239,58,245
709,37,50,90,87,45,14,83,102,9
709,38,146,244,44,86,162,3,157,15
709,39,85,14,177,13,220,61,181,62
710,0,109,24,55,67,151,70,152,31
710,1,226,42,236,117,190,22,85,154
710,2,160,120,3,13,26,246,45,221
710,3,234,132,247,232,63,44,222,216
710,4,180,243,169,30,51,56,194,178
710,5,232,5,228,250,3,48,14,252
710,6,84,9,58,174,149,134,201,108
710,7,146,138,83,38,133,1,202,210
710,8,68,13,236,207,158,190,28,246
710,9,236,17,105,231,244,4,89,111
710,10,128,154,242,108,85,181,197,7
710,11,212,93,68,95,201,94,218,190
710,12,234,57,233,107,181,72,121,133
710,13,30,48,122,19,36,41,193,59
710,14,89,42,119,251,232,174,178,156
710,15,118,22,84,239,222,236,135,9
710,16,90,30,206,167,190,8,123,211
710,17,62,3,205,231,214,23,180,56
710,18,157,70,28,189,231,165,211,21
710,19,216,181,155,245,85,106,251,175
710,20,13,68,124,201,190,43,207,158
710,21,236,89,231,17,4,43,98,13
710,22,128,242,154,35,181,108,85,143
710,23,212,93,94,201,218,68,59,95
710,24,11,57,234,7,219,181,72,128
710,25,48,30,230,36,41,71,19,122
710,26,174,89,119,232,14,61,251,218
710,27,22,118,84,234,135,207,71,236
710,28,167,206,90,193,8,9,249,30
710,29,62,205,3,50,231,88,21,23
710,30,70,211,50,157,189,63,21,81
710,31,216,251,155,185,181,230,106,107
710,32,86,91,131,123,179,109,246,85
710,33,38,171,132,95,104,68,139,11
710,34,44,240,171,28,238,94,48,52
710,35,73,145,148,190,20,191,100,151
710,36,227,39,115,147,142,202,42,79
710,37,27,83,78,16,169,15,45,145
710,38,169,215,119,44,162,244,61,96
710,39,231,179,14,122,163,158,129,75
711,0,242,123,229,249,216,7,105,196
711,1,62,118,225,231,27,117,150,155
711,2,90,26,162,146,70,109,210,4
711,3,31,234,133,187,37,84,152,235
711,4,251,142,102,167,30,13,222,157
711,5,5,104,204,6,232,66,161,253
711,6,84,9,174,142,167,200,42,59
711,7,146,210,1,83,29,41,23,138
711,8,184,234,13,207,89,201,159,69
711,9,13,29,94,105,236,89,231,102
711,10,169,35,81,108,7,128,85,143
711,11,95,212,145,189,42,185,219,147
711,12,234,181,35,57,133,233,132,26
711,13,48,30,41,160,36,59,156,140
711,14,251,42,89,229,186,169,174,241
711,15,22,118,84,113,88,9,239,207
711,16,167,90,206,136,211,249,123,161
711,17,50,205,56,7,3,23,193,92
711,18,12,190,211,70,165,215,222,189
711,19,111,155,68,251,130,216,106,107
711,20,201,124,13,184,234,88,107,49
711,21,29,13,89,236,4,94,231,102
711,22,169,143,51,35,236,222,128,62
711,23,42,94,189,236,250,212,145,147
711,24,7,181,132,234,26,65,19,155
711,25,48,123,30,51,156,43,29,81
711,26,174,89,251,39,169,186,75,241
711,27,22,207,118,57,88,84,113,135
711,28,167,5,90,206,8,136,99,211
711,29,250,205,172,3,23,50,231,7
711,30,70,157,179,187,189,211,81,21
711,31,130,216,155,185,251,106,245,46
711,32,98,99,134,131,91,126,96,186
711,33,171,232,183,38,238,126,248,49
711,34,34,207,84,180,171,70,52,173
711,35,100,73,145,92,153,131,161,20
711,36,42,181,70,120,196,223,139,193
711,37,31,45,193,87,190,58,210,145
711,38,244,162,92,71,15,3,148,97
711,39,2,189,220,14,38,69,61,252
712,0,107,82,181,83,32,246,221,60
712,1,117,118,132,84,73,243,200,242
712,2,255,121,133,10,80,243,154,238
712,3,234,131,169,219,119,214,166,246
712,4,118,242,254,79,255,74,210,159
712,5,5,174,147,159,42,255,68,190
712,6,164,84,166,183,149,89,108,42
712,7,146,2,1,210,138,101,195,220
712,8,13,184,248,207,176,68,234,201
712,9,236,105,217,231,151,13,244,43
712,10,68,228,62,128,219,71,96,140
712,11,64,27,212,95,69,57,68,94
712,12,234,155,154,181,72,107,35,57
712,13,48,164,22,30,122,230,41,36
712,14,174,89,42,251,238,213,206,119
712,15,22,118,84,222,197,120,9,239
712,16,167,90,206,186,30,211,140,2
712,17,26,23,50,205,231,102,3,7
712,18,70,157,231,190,165,189,12,11
712,19,216,245,237,251,155,181,46,71
712,20,13,124,35,45,43,6,46,201
712,21,236,89,231,217,43,4,228,162
712,22,68,228,97,128,200,143,181,236
712,23,64,212,101,68,94,240,27,69
712,24,72,155,219,57,107,234,7,233
712,25,164,122,48,36,22,163,30,207
712,26,174,238,89,232,79,14,235,39
712,27,22,118,236,166,222,43,234,186
712,28,8,140,21,30,206,226,90,167
712,29,26,231,23,3,174,205,169,240
712,30,70,157,55,206,189,231,159,238
712,31,216,237,245,185,46,251,40,196
712,32,224,42,126,243,61,197,91,199
712,33,179,171,201,156,38,217,12,248
712,34,217,49,188,196,235,70,28,34
712,35,73,100,92,224,214,210,161,131
712,36,24,255,42,239,57,196,139,223
712,37,50,45,14,87,90,210,83,241
712,38,146,244,162,86,3,44,15,97
712,39,13,220,177,85,14,62,61,52
713,0,55,177,175,31,109,20,152,162
713,1,226,42,236,70,163,22,204,245
713,2,3,221,58,157,228,126,216,143
713,3,234,16,197,63,44,249,18,79
713,4,243,169,51,113,212,63,35,30
713,5,202,225,181,5,228,48,139,142
713,6,25,201,168,253,189,58,27,108
713,7,146,138,130,83,38,246,107,150
713,8,236,46,190,9,227,211,218,183
713,9,111,231,236,34,225,162,65,153
713,10,81,109,111,200,97,187,165,128
713,11,240,157,212,94,197,70,37,225
713,12,219,107,194,80,66,133,57,172
713,13,226,230,122,30,13,207,238,36
713,14,89,7,73,37,156,251,249,36
713,15,239,22,109,236,118,84,9,135
713,16,8,90,82,30,167,253,123,211
713,17,230,191,231,201,19,23,232,7
713,18,135,5,231,116,21,222,28,189
713,19,43,245,247,253,181,193,155,177
713,20,190,13,47,236,43,211,74,227
713,21,236,224,111,231,89,34,24,153
713,22,81,228,146,109,85,200,111,187
713,23,212,157,37,197,94,59,240,70
713,24,219,46,155,234,50,107,7,57
713,25,230,48,249,67,30,155,22,0
713,26,89,174,22,235,196,156,172,218
713,27,236,118,112,35,130,109,18,135
713,28,8,206,186,90,190,12,211,56
713,29,19,3,169,205,230,231,23,62
713,30,209,135,90,63,70,189,84,210
713,31,185,155,38,251,245,46,196,181
713,32,173,126,92,22,109,18,91,48
713,33,198,189,171,248,38,11,28,250
713,34,175,94,249,48,28,64,173,67
713,35,92,2,185,73,94,100,85,236
713,36,202,79,196,67,37,125,228,42
713,37,196,214,43,48,45,83,60,110
713,38,149,132,156,141,162,87,244,254
713,39,66,251,5,175,44,77,14,142
714,0,159,220,17,52,13,70,174,178
714,1,222,209,236,80,97,208,73,163
714,2,39,71,104,3,12,108,146,204
714,3,234,215,63,89,44,78,86,94
714,4,169,221,194,113,51,1,243,218
714,5,202,165,5,228,96,84,52,181
714,6,201,57,27,25,253,9,177,50
714,7,146,223,83,130,38,138,128,163
714,8,236,190,124,9,13,68,222,43
714,9,231,236,224,111,105,110,34,153
714,10,19,200,81,228,85,242,187,97
714,11,212,197,94,157,220,240,70,37
714,12,219,234,233,107,180,133,35,157
714,13,48,230,16,67,30,163,41,240
714,14,89,156,79,42,251,235,157,174
714,15,130,118,33,236,22,135,84,239
714,16,90,167,8,226,186,211,45,82
714,17,23,205,164,7,12,230,3,231
714,18,135,90,70,12,157,215,238,21
714,19,245,155,181,46,85,111,43,119
714,20,13,190,124,80,207,121,201,45
714,21,231,89,224,236,4,73,14,105
714,22,19,228,200,81,146,242,187,85
714,23,212,197,37,94,220,59,250,218
714,24,219,7,155,234,11,128,233,132
714,25,48,22,30,230,81,67,163,16
714,26,174,89,203,235,156,241,157,39
714,27,118,33,236,22,135,207,84,197
714,28,206,167,8,90,226,212,211,99
714,29,164,3,205,169,21,50,7,23
714,30,70,90,189,63,135,210,188,190
714,31,185,251,155,71,46,38,181,245
714,32,48,126,91,18,123,246,22,57
714,33,234,189,38,224,171,248,11,95
714,34,240,28,64,175,72,173,48,171
714,35,2,92,85,236,94,73,20,161
714,36,202,142,39,67,196,195,115,246
714,37,43,60,83,193,48,45,161,174
714,38,201,234,44,30,119,163,9,162
714,39,183,92,1,215,250,246,75,231
715,0,146,127,18,49,85,233,243,227
715,1,232,117,43,107,118,29,90,77
715,2,169,249,164,90,232,73,39,51
715,3,116,234,20,51,171,55,75,245
715,4,12,215,35,30,82,126,79,246
715,5,5,169,202,249,130,225,181,134
715,6,57,136,149,42,27,9,201,182
715,7,146,56,40,138,83,220,210,202
715,8,120,13,124,207,186,45,65,252
715,9,231,236,105,4,14,13,224,16
715,10,24,140,218,19,200,114,15,7
715,11,114,212,197,203,95,190,174,236
715,12,219,234,35,160,11,155,233,7
715,13,48,38,22,41,30,67,163,36
715,14,89,241,174,42,251,156,213,218
715,15,22,118,135,84,33,197,142,186
715,16,167,90,211,206,45,180,237,226
715,17,23,7,50,12,205,197,11,143
715,18,135,188,190,215,12,11,70,165
715,19,245,91,119,155,111,68,43,216
715,20,120,124,13,190,201,45,207,88
715,21,231,89,236,4,14,224,228,163
715,22,24,31,51,218,81,114,200,140
715,23,114,212,250,94,236,101,84,68
715,24,219,7,132,234,72,181,46,107
715,25,48,67,38,22,30,51,18,163
715,26,174,89,241,156,39,157,237,14
715,27,118,236,22,135,207,197,142,186
715,28,21,8,90,211,206,137,167,226
715,29,218,169,206,12,3,50,7,205
715,30,135,70,190,188,210,238,189,4
715,31,71,245,185,251,193,28,46,155
715,32,221,102,126,62,91,201,243,50
715,33,121,168,224,248,205,28,38,171
715,34,55,81,208,64,28,95,70,206
715,35,39,99,92,236,151,161,20,73
715,36,49,195,196,202,117,42,242,152
715,37,193,15,90,45,83,48,87,241
715,38,44,162,86,80,234,9,97,30
715,39,72,244,36,183,220,92,250,15
716,0,152,2,242,177,31,50,155,133
716,1,5,87,42,126,221,117,178,64
716,2,110,230,212,23,86,150,157,236
716,3,234,155,44,63,215,66,75,218
716,4,169,239,164,212,93,35,80,51
716,5,225,5,202,115,84,130,23,73
716,6,136,9,92,201,39,25,77,44
716,7,161,146,243,237,138,77,83,131
716,8,124,13,194,236,190,251,252,247
716,9,231,236,4,22,224,143,105,17
716,10,140,200,7,218,85,207,251,220
716,11,116,212,54,230,68,114,190,137
716,12,219,233,234,72,183,173,55,170
716,13,67,48,38,163,37,36,30,41
716,14,89,205,42,237,232,174,156,157
716,15,118,236,22,10,248,197,135,142
716,16,8,206,90,226,21,199,180,211
716,17,23,169,206,205,231,3,12,36
716,18,135,188,157,189,70,210,231,238
716,19,245,60,181,185,155,216,71,43
716,20,13,190,251,45,194,124,252,80
716,21,231,236,89,224,163,4,14,80
716,22,140,0,200,251,218,7,181,108
716,23,212,116,68,114,15,54,190,59
716,24,219,233,7,234,72,183,128,196
716,25,48,67,163,38,36,30,181,111
716,26,174,89,237,227,218,235,157,156
716,27,118,236,10,40,22,239,197,248
716,28,8,226,206,21,199,90,230,12
716,29,49,169,3,128,206,12,23,205
716,30,189,210,70,157,50,28,206,243
716,31,60,185,28,71,245,216,155,46
716,32,109,86,126,146,243,91,179,174
716,33,36,171,97,38,248,181,104,116
716,34,28,90,255,109,206,212,238,44
716,35,49,44,73,92,220,100,148,236
716,36,147,227,42,234,39,115,196,139
716,37,15,193,83,45,78,27,209,87
716,38,44,215,162,15,139,3,14,119
716,39,158,72,36,224,15,220,14,203
717,0,2,223,152,12,29,214,86,41
717,1,206,13,40,209,117,230,253,183
717,2,44,232,9,137,35,114,19,20
717,3,247,234,200,192,180,73,2,9
717,4,180,169,55,239,164,123,30,35
717,5,225,3,232,19,202,5,118,66
717,6,114,9,136,3,108,142,25,202
717,7,146,243,161,138,77,41,95,133
717,8,242,124,251,12,68,13,236,194
717,9,231,236,4,14,144,242,162,105
717,10,140,251,197,200,7,15,30,117
717,11,116,212,151,68,230,190,211,2
717,12,233,219,234,72,183,55,181,57
717,13,48,67,163,36,193,196,181,122
717,14,174,156,89,205,42,218,232,79
717,15,118,197,22,236,10,222,142,239
717,16,21,8,90,226,206,167,193,178
717,17,23,206,12,231,169,205,3,7
717,18,237,157,135,231,70,11,189,210
717,19,245,216,71,43,155,185,181,46
717,20,13,242,68,124,251,45,190,43
717,21,231,236,89,224,242,4,80,14
717,22,216,251,200,17,31,140,235,128
717,23,116,212,151,250,68,209,94,190
717,24,219,128,7,234,233,132,170,57
717,25,48,97,30,163,67,36,19,249
717,26,174,89,156,237,218,157,235,101
717,27,118,236,197,135,22,207,10,186
717,28,193,226,206,12,212,8,90,196
717,29,49,88,169,78,61,12,3,205
717,30,50,70,237,210,162,135,189,157
717,31,185,245,251,60,155,216,38,46
717,32,179,126,75,91,86,157,131,125
717,33,161,171,104,38,248,132,185,143
717,34,227,28,44,238,62,173,70,171
717,35,92,161,148,190,73,151,145,100
717,36,202,39,147,115,196,55,42,242
717,37,48,27,83,193,45,78,15,97
717,38,162,97,75,44,169,15,244,3
717,39,75,158,179,220,252,14,61,27
718,0,97,166,113,142,205,150,213,10
718,1,26,34,187,118,180,117,227,59
718,2,235,227,203,26,131,35,17,0
718,3,211,46,37,31,135,234,84,146
718,4,167,161,65,14,30,13,251,191
718,5,104,6,5,225,161,202,142,66
718,6,9,167,136,245,27,39,178,241
718,7,146,91,83,29,210,138,161,133
718,8,33,124,13,89,242,207,251,28
718,9,39,231,94,236,29,4,13,105
718,10,130,140,85,216,7,248,81,200
718,11,20,212,94,190,197,84,151,68
718,12,219,7,233,26,234,63,57,107
718,13,48,43,30,36,41,97,33,51
718,14,156,89,251,169,39,174,157,42
718,15,22,197,118,113,142,65,239,84
718,16,167,90,211,45,2,8,186,123
718,17,23,7,61,50,56,205,191,92
718,18,12,135,190,187,222,165,5,148
718,19,111,130,71,119,68,155,175,245
718,20,124,33,13,201,88,190,69,222
718,21,39,231,89,4,236,94,29,132
718,22,130,81,85,51,31,248,143,251
718,23,20,212,84,236,36,94,250,103
718,24,219,7,26,160,63,132,234,181
718,25,48,43,33,30,67,163,22,18
718,26,174,89,156,147,39,124,235,157
718,27,65,118,236,22,197,135,207,81
718,28,226,8,96,156,212,206,21,5
718,29,172,169,12,23,230,205,50,3
718,30,148,187,70,135,210,190,81,4
718,31,130,245,251,185,120,155,12,46
718,32,99,113,126,238,62,91,131,254
718,33,190,232,248,224,41,38,171,143
718,34,97,88,161,55,34,206,70,173
718,35,92,39,161,2,145,100,73,236
718,36,207,49,196,202,42,242,139,203
718,37,48,15,193,90,60,220,45,95
718,38,97,71,44,162,80,30,86,234
718,39,72,244,92,36,183,69,78,220
719,0,242,2,234,66,152,6,27,31
719,1,191,117,42,198,118,112,255,213
719,2,198,76,110,87,61,230,86,150
719,3,234,155,202,156,66,113,180,218
719,4,239,118,30,169,164,35,194,63
719,5,202,225,5,181,84,118,165,52
719,6,136,9,19,3,235,92,27,134
719,7,161,91,146,243,2,131,77,237
719,8,124,190,251,13,80,212,252,103
719,9,231,14,4,236,5,96,242,254
719,10,253,140,200,161,218,15,9,251
719,11,130,142,116,212,195,68,208,190
719,12,219,234,7,67,35,233,95,183
719,13,48,22,67,100,41,86,142,116
719,14,156,89,205,38,235,218,174,37
719,15,22,135,118,250,109,197,33,84
719,16,167,90,211,147,21,8,226,45
719,17,230,23,7,50,229,49,191,218
719,18,135,238,165,12,190,70,148,222
719,19,71,43,111,245,151,155,42,175
719,20,190,13,124,80,207,201,88,35
719,21,89,231,24,14,73,4,224,47
719,22,81,187,253,85,31,218,140,0
719,23,130,212,101,142,3,15,84,94
719,24,219,7,46,132,67,194,133,107
719,25,48,51,18,30,22,124,100,81
719,26,235,156,39,89,172,174,93,169
719,27,250,109,207,135,248,22,113,142
719,28,21,8,167,54,12,211,90,230
719,29,230,49,139,56,236,206,23,216
719,30,135,238,103,69,70,148,190,251
719,31,71,60,111,106,51,245,107,43
719,32,146,195,86,126,194,40,62,91
719,33,97,189,36,212,6,217,94,12
719,34,206,255,212,173,235,90,19,188
719,35,92,49,214,151,44,184,145,63
719,36,234,203,242,196,0,250,34,193
719,37,48,87,90,84,241,95,83,9
719,38,44,79,97,86,244,75,126,250
719,39,165,78,224,36,61,254,252,242
720,0,80,96,226,98,171,23,117,69
720,1,209,183,96,230,117,2,222,13
720,2,102,224,9,148,26,39,135,44
720,3,170,255,50,166,234,200,192,3
720,4,119,239,55,60,8,123,228,139
720,5,202,225,194,130,181,5,142,118
720,6,16,77,241,27,235,9,247,90
720,7,146,237,83,43,77,161,107,171
720,8,112,124,236,35,207,80,222,190
720,9,231,47,239,4,192,178,19,110
720,10,81,163,187,229,111,85,220,143
720,11,130,18,3,212,94,158,84,250
720,12,219,107,46,234,154,133,194,67
720,13,48,200,122,124,41,226,207,30
720,14,156,235,89,36,249,37,251,168
720,15,22,239,109,84,219,250,240,113
720,16,8,167,90,253,222,211,45,224
720,17,191,230,23,231,7,17,232,50
720,18,135,5,231,238,222,28,251,70
720,19,43,245,71,193,177,66,175,151
720,20,190,236,43,227,183,13,9,211
720,21,111,34,24,153,242,162,224,234
720,22,81,85,246,165,111,163,187,239
720,23,101,3,240,130,106,18,212,94
720,24,46,66,219,57,80,172,7,133
720,25,249,207,48,122,226,238,18,124
720,26,172,22,152,36,37,89,5,218
720,27,186,159,109,209,239,118,222,250
720,28,222,8,211,21,231,116,241,12
720,29,189,230,240,236,90,17,231,56
720,30,231,135,221,70,222,238,190,1
720,31,179,51,71,245,43,198,40,251
720,32,17,176,89,194,206,126,70,62
720,33,217,94,214,23,212,12,40,38
720,34,187,188,235,54,19,173,33,206
720,35,40,92,214,184,151,63,196,201
720,36,0,203,239,253,196,242,8,84
720,37,48,90,87,220,241,147,84,57
720,38,44,86,79,22,244,97,75,126
720,39,145,62,78,16,61,181,242,23
721,0,55,152,175,31,177,217,224,20
721,1,42,84,153,117,49,143,245,74
721,2,71,3,143,201,115,157,56,211
721,3,234,94,44,15,82,215,66,16
721,4,51,218,192,169,194,35,93,30
721,5,202,165,52,84,115,96,150,86
721,6,39,25,57,232,126,241,177,247
721,7,83,223,146,246,171,167,130,43
721,8,190,124,236,222,28,201,13,207
721,9,47,231,105,110,234,34,236,24
721,10,19,81,187,242,85,111,246,220
721,11,3,15,225,59,212,94,85,158
721,12,157,219,46,194,107,35,234,186
721,13,48,30,41,124,226,122,175,207
721,14,89,235,156,37,251,22,73,172
721,15,22,135,250,109,84,33,239,159
721,16,167,211,90,8,190,224,249,45
721,17,230,164,201,191,229,7,213,235
721,18,135,12,211,72,5,222,238,21
721,19,43,71,38,155,85,111,42,253
721,20,190,13,207,124,201,28,80,159
721,21,89,47,14,224,73,34,24,192
721,22,81,187,242,19,85,159,31,111
721,23,85,212,106,94,3,59,250,218
721,24,7,219,46,157,234,11,132,128
721,25,48,124,30,81,41,100,19,51
721,26,89,235,156,39,22,172,146,218
721,27,250,207,135,33,22,146,71,118
721,28,190,167,211,147,90,21,224,8
721,29,164,173,230,139,21,56,50,7
721,30,135,250,63,50,70,115,190,11
721,31,38,96,43,251,106,71,155,28
721,32,76,18,123,126,91,62,179,86
721,33,11,234,189,95,56,75,104,224
721,34,72,240,67,173,44,220,235,64
721,35,191,185,92,2,151,148,20,161
721,36,142,202,39,203,49,227,114,147
721,37,48,15,126,78,27,87,174,83
721,38,80,30,44,119,234,215,75,97
721,39,244,92,9,72,183,158,122,250
722,0,146,185,242,187,117,171,214,125
722,1,133,232,169,81,107,13,117,66
722,2,71,249,125,107,254,169,39,90
722,3,221,234,166,15,170,75,188,202
722,4,60,192,119,55,105,218,2,123
722,5,61,165,236,202,52,69,81,250
722,6,90,3,232,56,59,241,57,177
722,7,131,83,1,210,43,239,240,146
722,8,112,159,207,124,212,13,184,28
722,9,47,14,206,231,120,178,19,234
722,10,163,81,19,187,229,143,9,85
722,11,18,3,142,130,106,207,66,250
722,12,7,35,67,107,219,194,157,234
722,13,48,200,41,100,30,122,226,222
722,14,156,89,235,218,75,38,206,186
722,15,22,241,84,239,33,207,166,113
722,16,167,90,211,45,8,249,224,2
722,17,102,7,191,23,17,155,50,56
722,18,222,135,238,5,12,251,231,165
722,19,71,51,43,245,111,175,107,70
722,20,112,190,35,159,43,13,236,227
722,21,111,162,24,47,120,242,234,4
722,22,163,81,85,91,143,246,165,239
722,23,101,66,18,106,3,142,130,240
722,24,46,67,66,107,172,7,57,36
722,25,249,48,207,122,238,51,199,200
722,26,152,172,22,89,218,36,141,199
722,27,186,166,209,222,118,239,5,159
722,28,222,8,211,241,54,231,233,90
722,29,189,240,236,90,232,31,155,56
722,30,231,70,48,6,222,1,149,212
722,31,179,51,71,198,245,43,40,216
722,32,17,176,194,89,70,243,199,80
722,33,214,23,94,212,21,38,12,199
722,34,70,235,187,19,54,34,47,59
722,35,40,184,201,131,1,63,247,161
722,36,253,104,0,58,114,84,223,239
722,37,87,147,84,83,45,17,90,9
722,38,157,244,75,22,44,86,39,12
722,39,145,61,62,220,16,89,252,181
