step,layer,experts...
26,0,177,47,235,187,115,81,132,192
26,1,250,112,11,224,172,233,129,75
26,2,10,100,158,145,93,109,179,123
26,3,225,6,199,25,214,37,117,244
26,4,222,142,102,154,15,195,108,163
26,5,158,153,65,193,218,151,251,127
26,6,138,79,153,196,60,167,143,22
26,7,36,117,185,184,76,147,64,35
26,8,164,224,133,72,191,220,52,123
26,9,95,161,255,2,164,198,197,239
26,10,198,169,65,247,234,125,130,91
26,11,189,128,107,206,3,145,160,108
26,12,39,74,1,93,63,26,65,128
26,13,47,147,43,93,154,134,219,66
26,14,137,51,52,224,124,160,148,64
26,15,147,148,165,204,242,58,87,200
26,16,130,252,28,51,5,43,134,229
26,17,35,64,250,115,20,87,89,0
26,18,43,13,126,197,57,192,179,134
26,19,75,36,20,116,30,109,26,195
26,20,191,23,224,56,72,239,220,234
26,21,95,2,164,197,44,255,207,29
26,22,198,65,169,124,125,234,243,91
26,23,206,128,108,189,107,204,160,86
26,24,1,221,93,74,242,102,39,63
26,25,182,93,134,47,78,147,202,66
26,26,137,148,103,51,160,32,124,12
26,27,165,58,147,242,87,162,183,181
26,28,130,229,80,43,252,152,205,133
26,29,248,0,64,87,20,89,76,250
26,30,43,134,163,197,179,226,13,203
26,31,20,116,4,109,36,205,75,162
26,32,112,119,90,181,134,192,178,185
26,33,127,43,93,92,86,183,83,16
26,34,26,1,85,51,82,96,92,207
26,35,84,42,203,57,72,174,204,22
26,36,20,83,70,120,221,73,188,174
26,37,39,182,104,190,124,58,72,31
26,38,209,151,249,148,27,71,92,173
26,39,154,110,38,243,69,78,12,186
27,0,77,75,37,138,238,173,184,232
27,1,112,250,214,172,224,147,129,97
27,2,49,217,219,158,11,153,29,60
27,3,6,69,224,196,25,159,87,225
27,4,163,90,200,233,195,129,140,28
27,5,65,251,71,158,188,153,110,222
27,6,143,169,138,203,22,133,60,254
27,7,184,125,185,35,229,39,117,78
27,8,224,133,191,72,99,98,141,151
27,9,255,2,243,161,198,36,95,170
27,10,157,65,243,247,185,125,198,234
27,11,89,150,204,206,128,108,160,143
27,12,145,60,221,192,189,209,220,193
27,13,89,202,93,182,66,243,212,32
27,14,28,103,189,137,125,51,88,214
27,15,229,185,165,244,58,242,46,148
27,16,60,163,35,28,252,134,38,130
27,17,248,208,5,89,167,87,35,64
27,18,43,213,134,203,197,124,217,2
27,19,36,195,121,201,167,20,56,30
27,20,224,173,191,23,175,99,61,116
27,21,18,255,2,170,95,221,243,200
27,22,65,243,185,125,247,35,176,150
27,23,16,150,160,89,128,206,239,193
27,24,60,145,221,193,0,127,235,53
27,25,243,89,182,202,185,134,20,78
27,26,103,12,88,28,137,214,229,189
27,27,229,185,165,242,46,58,204,183
27,28,163,229,238,28,92,205,35,75
27,29,22,241,248,15,87,167,208,46
27,30,43,134,126,15,197,124,201,161
27,31,36,121,201,26,20,167,24,204
27,32,112,53,150,250,2,95,160,90
27,33,127,52,92,164,9,43,83,72
27,34,63,186,26,85,1,92,132,105
27,35,43,42,72,84,57,174,86,97
27,36,45,14,20,201,75,83,120,221
27,37,72,39,23,138,182,206,65,190
27,38,209,103,120,249,151,248,18,104
27,39,238,222,162,21,190,10,159,228
28,0,81,115,140,206,95,235,192,86
28,1,112,94,172,224,250,147,19,33
28,2,153,41,106,217,129,11,29,49
28,3,230,26,199,117,25,233,6,69
28,4,195,58,154,165,108,90,235,219
28,5,65,158,43,127,153,135,188,79
28,6,138,143,79,60,196,65,22,169
28,7,117,36,70,185,184,35,123,125
28,8,104,239,107,224,99,72,133,175
28,9,2,36,203,95,116,191,255,161
28,10,65,247,198,185,125,234,243,157
28,11,108,128,206,160,62,204,86,107
28,12,74,221,93,220,39,208,145,1
28,13,134,138,47,93,182,154,202,147
28,14,137,52,148,64,32,51,160,167
28,15,162,165,148,58,242,147,229,87
28,16,229,43,252,28,130,170,51,35
28,17,89,64,248,115,0,87,35,20
28,18,43,197,192,126,203,134,13,204
28,19,116,20,36,109,75,30,167,201
28,20,175,23,239,99,224,116,191,72
28,21,2,203,95,207,116,255,44,191
28,22,65,198,36,243,125,234,150,231
28,23,108,206,128,160,162,51,239,215
28,24,102,68,221,93,254,220,193,199
28,25,78,182,234,93,134,212,89,202
28,26,137,103,12,88,229,32,214,166
28,27,183,165,242,153,87,58,147,229
28,28,229,35,28,130,163,205,152,80
28,29,248,241,87,22,64,69,89,124
28,30,134,197,43,163,126,203,213,111
28,31,36,75,116,20,121,167,26,207
28,32,112,119,90,252,2,53,192,184
28,33,127,92,93,43,83,52,39,164
28,34,105,26,85,1,231,132,63,86
28,35,42,84,72,57,203,135,86,112
28,36,75,20,221,83,70,45,222,120
28,37,39,138,72,23,182,104,40,190
28,38,249,209,151,27,104,148,176,238
28,39,38,154,110,205,222,69,217,173
29,0,106,66,238,218,43,212,157,236
29,1,112,19,224,86,33,124,147,250
29,2,11,217,49,133,188,60,153,106
29,3,214,19,199,159,6,25,225,30
29,4,195,154,74,88,54,98,192,152
29,5,158,110,218,251,153,147,178,44
29,6,143,138,65,79,196,68,22,36
29,7,36,229,14,184,185,78,35,147
29,8,99,77,191,180,4,23,173,224
29,9,161,255,2,59,197,243,170,200
29,10,65,247,196,185,243,157,198,125
29,11,160,206,27,107,128,108,239,204
29,12,145,193,60,221,199,220,1,223
29,13,89,182,154,134,66,93,202,47
29,14,137,189,103,32,51,64,125,148
29,15,165,58,185,242,229,148,87,162
29,16,28,163,252,60,134,229,205,130
29,17,248,89,64,87,35,0,22,5
29,18,155,43,197,203,13,134,126,93
29,19,225,20,30,121,207,109,201,167
29,20,224,116,99,237,239,56,220,23
29,21,156,2,255,197,95,243,67,189
29,22,247,65,243,176,185,125,196,157
29,23,206,27,128,160,9,150,107,239
29,24,60,145,221,192,164,254,23,199
29,25,89,78,182,134,202,138,20,66
29,26,88,103,137,12,189,71,28,32
29,27,165,229,242,58,204,185,87,153
29,28,163,229,152,205,252,75,60,150
29,29,22,241,248,15,87,20,16,0
29,30,126,155,43,161,134,163,195,203
29,31,207,20,75,36,121,201,225,39
29,32,192,112,252,185,150,53,237,160
29,33,127,43,72,9,164,92,16,52
29,34,9,63,105,85,86,92,133,26
29,35,22,84,43,72,135,42,112,174
29,36,45,221,14,75,73,83,212,55
29,37,72,56,88,219,23,165,138,141
29,38,120,195,209,193,43,190,104,173
29,39,162,107,45,98,114,222,27,37
30,0,93,210,228,14,84,88,57,102
30,1,195,33,251,182,29,3,193,100
30,2,217,49,11,133,64,60,153,106
30,3,214,19,70,246,225,20,116,202
30,4,195,74,79,154,88,54,58,98
30,5,158,147,110,11,88,44,178,218
30,6,143,65,138,97,196,226,137,183
30,7,78,35,229,184,203,14,155,147
30,8,173,180,4,61,191,23,99,116
30,9,255,59,156,161,171,197,200,198
30,10,196,65,247,185,243,133,157,177
30,11,27,160,107,239,89,78,108,150
30,12,193,199,60,16,99,145,221,1
30,13,89,44,182,243,171,146,3,202
30,14,191,103,71,230,29,236,177,41
30,15,153,229,191,183,196,117,83,82
30,16,163,88,126,205,144,93,75,60
30,17,248,167,15,35,208,86,241,64
30,18,155,217,201,126,43,134,124,213
30,19,201,173,207,221,195,121,36,186
30,20,223,17,237,11,224,116,235,127
30,21,156,18,194,246,127,45,55,210
30,22,243,203,48,249,185,95,65,192
30,23,89,150,160,226,239,88,193,204
30,24,60,0,167,16,76,99,145,199
30,25,89,243,44,78,255,167,171,57
30,26,71,230,12,229,189,88,140,236
30,27,183,137,225,82,153,204,53,191
30,28,205,166,126,163,245,152,75,252
30,29,241,248,15,33,167,22,247,20
30,30,174,126,155,43,201,161,203,94
30,31,201,207,41,75,36,194,195,19
30,32,150,68,112,38,160,192,184,71
30,33,9,72,127,71,43,0,144,96
30,34,63,105,9,204,92,15,113,199
30,35,43,22,119,72,174,124,84,135
30,36,221,110,75,45,201,14,73,186
30,37,72,23,55,245,165,219,8,62
30,38,120,209,173,193,249,176,88,103
30,39,162,222,10,106,107,166,235,205
31,0,136,180,14,78,241,56,238,68
31,1,234,94,107,127,172,147,16,158
31,2,217,153,1,172,41,233,179,20
31,3,246,216,255,196,12,48,3,225
31,4,195,28,253,79,89,154,58,90
31,5,0,153,22,210,120,158,174,243
31,6,12,102,26,212,30,151,32,249
31,7,175,185,30,183,96,154,184,225
31,8,53,148,72,121,59,133,195,123
31,9,99,1,134,32,3,28,251,95
31,10,146,116,233,77,156,176,148,229
31,11,37,97,204,141,32,134,71,60
31,12,50,10,2,38,163,116,208,238
31,13,34,0,212,13,47,19,208,145
31,14,44,132,161,17,167,54,214,67
31,15,206,147,12,139,3,195,74,238
31,16,59,234,102,130,191,53,112,172
31,17,69,60,8,4,220,89,115,64
31,18,77,116,209,66,127,52,13,192
31,19,48,137,59,35,67,124,14,47
31,20,53,148,171,133,72,161,220,152
31,21,99,207,95,134,32,251,117,214
31,22,116,160,176,20,42,122,106,229
31,23,80,204,141,56,71,146,107,157
31,24,244,50,163,1,39,87,251,221
31,25,34,208,202,95,0,13,130,47
31,26,78,132,17,138,161,54,214,252
31,27,139,206,26,100,195,12,3,74
31,28,74,191,130,234,37,173,165,72
31,29,161,150,60,9,165,220,69,35
31,30,77,122,52,13,192,127,116,183
31,31,137,67,14,248,95,125,132,124
31,32,33,151,101,104,175,8,219,47
31,33,192,81,67,203,63,4,127,146
31,34,16,247,211,169,114,120,246,181
31,35,79,202,167,36,171,11,194,103
31,36,188,10,110,153,78,154,235,134
31,37,103,89,124,219,21,26,7,35
31,38,120,103,209,236,177,111,223,233
31,39,120,67,10,134,255,109,223,148
32,0,134,36,124,151,175,188,231,62
32,1,245,113,33,254,101,118,7,85
32,2,64,237,150,182,153,117,94,106
32,3,25,159,199,202,87,225,246,214
32,4,154,24,89,253,192,79,127,250
32,5,158,251,155,81,110,178,218,2
32,6,143,138,98,65,226,82,79,112
32,7,35,155,229,184,191,208,221,159
32,8,224,61,98,173,92,191,20,133
32,9,255,243,59,198,200,161,197,183
32,10,196,133,185,243,80,65,247,95
32,11,78,160,239,89,213,75,150,143
32,12,99,193,76,16,232,145,189,88
32,13,44,89,149,243,171,182,132,84
32,14,189,71,103,166,12,0,125,140
32,15,229,225,69,244,149,150,42,70
32,16,245,205,163,247,14,144,126,252
32,17,248,15,86,208,96,125,33,241
32,18,126,201,94,124,43,199,155,174
32,19,207,201,173,41,221,44,19,194
32,20,50,17,224,217,18,220,92,175
32,21,232,155,58,45,255,127,209,122
32,22,133,185,95,203,247,249,243,231
32,23,78,150,226,89,73,143,213,4
32,24,167,76,208,99,127,193,145,68
32,25,89,44,78,171,243,255,114,149
32,26,71,12,166,97,88,189,137,229
32,27,225,137,183,229,132,242,150,204
32,28,205,247,14,152,166,163,57,252
32,29,241,15,248,125,22,64,247,20
32,30,94,155,126,174,43,161,134,51
32,31,75,207,201,36,41,173,194,195
32,32,150,38,112,128,250,95,15,162
32,33,72,9,164,127,52,184,241,68
32,34,105,63,231,204,113,186,219,26
32,35,43,84,102,135,185,112,119,22
32,36,75,221,45,212,125,201,110,73
32,37,55,72,219,23,206,77,126,202
32,38,120,173,209,0,184,91,87,132
32,39,10,211,235,114,106,190,206,201
33,0,199,13,204,175,151,231,174,134
33,1,16,253,49,234,254,162,209,10
33,2,108,123,252,173,120,19,106,153
33,3,236,188,166,199,25,79,159,132
33,4,195,213,154,253,89,165,92,229
33,5,158,81,110,251,88,86,2,144
33,6,65,138,143,79,112,226,196,84
33,7,35,184,229,78,147,191,36,155
33,8,224,173,61,50,133,98,20,207
33,9,255,243,200,221,59,198,189,104
33,10,196,133,162,247,185,199,211,65
33,11,78,239,89,160,150,192,107,143
33,12,193,99,16,76,145,60,189,23
33,13,89,44,149,182,212,171,3,194
33,14,12,97,0,166,189,103,71,140
33,15,229,244,150,42,225,6,70,165
33,16,205,60,14,163,88,57,203,28
33,17,248,86,15,208,96,144,167,125
33,18,126,199,124,155,94,43,201,174
33,19,201,207,173,19,194,30,121,75
33,20,50,235,224,173,217,17,172,8
33,21,127,58,232,55,209,243,221,255
33,22,185,247,133,182,95,65,249,176
33,23,150,160,78,239,92,173,148,16
33,24,167,76,145,254,68,100,193,23
33,25,78,89,44,149,138,255,26,243
33,26,97,71,12,137,166,193,103,88
33,27,229,242,70,165,150,108,149,58
33,28,205,57,152,252,88,229,203,163
33,29,125,15,20,247,241,248,144,96
33,30,94,126,155,134,43,44,161,13
33,31,75,201,207,41,26,194,20,36
33,32,15,150,52,112,68,192,237,252
33,33,72,127,9,95,164,184,52,231
33,34,63,231,85,26,204,105,9,1
33,35,43,84,135,42,191,72,210,57
33,36,73,221,201,45,186,83,75,110
33,37,72,219,55,184,205,109,126,144
33,38,120,0,209,151,249,193,241,173
33,39,106,129,222,179,107,206,185,37
34,0,101,35,197,242,79,11,108,135
34,1,146,27,155,97,11,16,231,62
34,2,117,20,90,75,109,43,253,252
34,3,236,225,119,37,199,117,25,53
34,4,154,195,142,102,108,222,89,251
34,5,158,205,110,43,236,188,251,127
34,6,65,79,143,196,138,36,133,254
34,7,35,36,76,147,185,229,158,14
34,8,116,107,239,61,224,4,77,35
34,9,197,203,207,161,198,255,85,44
34,10,234,247,196,65,198,169,185,40
34,11,239,42,160,204,107,111,12,128
34,12,39,208,145,220,116,193,134,3
34,13,219,93,47,45,145,66,138,154
34,14,52,137,167,64,51,54,231,204
34,15,147,165,162,148,242,204,213,92
34,16,170,252,72,51,80,172,32,152
34,17,89,115,20,64,69,109,1,248
34,18,204,43,197,192,138,77,139,203
34,19,30,212,75,122,226,88,26,109
34,20,133,72,195,23,148,107,180,116
34,21,207,95,2,197,203,251,44,1
34,22,234,160,116,122,165,196,156,65
34,23,80,60,107,111,128,108,147,3
34,24,39,193,1,163,220,221,145,24
34,25,219,93,66,13,221,211,47,130
34,26,137,167,214,106,67,231,71,52
34,27,147,165,242,177,228,150,206,203
34,28,130,74,229,80,170,72,252,0
34,29,248,150,89,20,64,87,35,124
34,30,44,155,134,197,126,43,13,94
34,31,75,207,204,20,154,173,36,121
34,32,112,53,98,150,90,15,127,95
34,33,127,231,164,184,9,126,92,32
34,34,85,26,116,1,105,231,63,16
34,35,84,42,112,72,57,174,135,86
34,36,221,73,45,20,83,75,201,22
34,37,72,138,182,219,39,65,205,233
34,38,209,103,120,151,249,255,91,232
34,39,238,162,38,159,148,21,190,236
35,0,132,81,158,115,177,235,47,208
35,1,217,155,233,11,182,146,250,118
35,2,121,167,43,123,153,255,20,217
35,3,119,117,236,41,190,37,225,199
35,4,154,54,195,222,58,142,236,102
35,5,110,158,43,135,188,65,251,79
35,6,65,138,196,143,36,79,153,254
35,7,117,185,35,229,23,158,36,14
35,8,116,239,99,4,180,224,133,23
35,9,2,255,239,161,197,191,36,59
35,10,65,247,185,243,125,198,196,169
35,11,160,206,128,108,107,12,204,111
35,12,145,93,193,221,74,60,220,208
35,13,154,182,134,93,138,66,202,47
35,14,137,64,52,51,167,148,32,189
35,15,148,58,242,162,165,87,185,229
35,16,229,51,134,252,28,43,170,35
35,17,89,87,211,0,64,35,115,198
35,18,43,134,197,163,13,127,192,204
35,19,116,20,109,36,30,121,173,195
35,20,116,175,23,4,180,220,239,72
35,21,255,2,239,197,63,95,194,117
35,22,65,125,176,243,247,150,185,36
35,23,206,128,9,160,254,143,34,239
35,24,235,221,145,93,192,164,254,151
35,25,182,134,93,78,89,154,138,105
35,26,88,137,214,103,32,229,12,51
35,27,242,87,165,58,181,195,185,183
35,28,229,238,75,205,163,35,150,93
35,29,0,87,124,64,16,248,241,153
35,30,43,163,195,134,161,226,197,13
35,31,75,20,116,36,26,154,109,121
35,32,252,112,119,90,53,150,95,134
35,33,127,184,93,92,129,210,16,43
35,34,85,26,1,82,231,132,133,92
35,35,42,57,72,84,86,174,203,135
35,36,83,221,75,20,73,45,70,22
35,37,182,138,39,104,72,40,219,88
35,38,209,151,120,27,249,224,144,236
35,39,162,38,127,42,222,164,110,205
36,0,238,43,252,25,205,95,147,112
36,1,250,217,140,224,112,182,146,147
36,2,49,11,217,20,167,106,121,153
36,3,117,236,119,38,130,225,199,41
36,4,54,195,58,154,235,89,213,163
36,5,158,110,43,188,205,90,79,65
36,6,65,138,143,79,97,196,36,157
36,7,229,117,35,142,203,78,184,191
36,8,116,104,239,173,99,61,224,110
36,9,171,2,255,59,197,104,200,198
36,10,65,196,247,185,157,125,243,173
36,11,160,107,72,78,128,39,206,108
36,12,193,199,220,60,145,249,221,15
36,13,182,154,134,44,149,32,89,138
36,14,125,137,103,51,189,52,167,0
36,15,165,162,58,148,238,243,232,229
36,16,245,28,252,205,35,134,60,0
36,17,5,87,15,20,89,0,16,153
36,18,155,43,226,124,134,197,203,13
36,19,30,20,109,167,226,201,116,36
36,20,239,237,224,116,127,99,180,23
36,21,127,191,2,197,255,239,55,95
36,22,65,247,157,125,243,185,35,196
36,23,128,160,206,39,72,111,239,107
36,24,145,93,1,220,199,60,193,192
36,25,182,134,44,154,89,149,138,32
36,26,88,137,229,86,51,103,52,28
36,27,165,242,58,162,181,87,172,204
36,28,43,252,152,229,170,93,163,150
36,29,241,5,20,0,87,15,248,22
36,30,43,226,163,155,203,134,197,170
36,31,20,167,75,30,36,121,109,116
36,32,112,223,150,192,119,90,178,252
36,33,231,72,9,83,16,32,127,92
36,34,186,241,1,85,21,26,63,116
36,35,84,135,42,72,22,160,57,167
36,36,221,45,248,83,98,70,20,75
36,37,72,62,229,58,48,182,143,39
36,38,120,209,147,249,173,166,8,151
36,39,238,127,162,222,105,167,95,164
37,0,209,43,30,206,95,104,105,147
37,1,155,11,146,217,118,62,33,47
37,2,49,20,52,217,167,43,153,106
37,3,117,119,199,236,226,225,233,25
37,4,154,195,58,54,87,20,144,90
37,5,158,153,0,251,58,50,198,22
37,6,12,102,65,79,254,26,212,21
37,7,142,185,199,175,158,183,39,30
37,8,53,148,72,133,59,161,41,151
37,9,99,1,229,134,90,207,166,203
37,10,245,116,132,176,148,197,217,23
37,11,42,239,111,32,97,194,223,2
37,12,10,2,116,50,21,38,88,208
37,13,34,208,158,58,0,45,170,14
37,14,132,173,130,44,17,239,143,21
37,15,74,90,206,139,12,122,145,0
37,16,74,191,172,234,24,158,26,125
37,17,69,161,244,60,204,233,4,210
37,18,77,67,58,143,92,138,98,26
37,19,208,67,115,95,180,62,219,25
37,20,53,148,195,116,100,161,72,118
37,21,99,143,74,233,95,214,135,229
37,22,160,245,178,116,174,132,149,34
37,23,80,111,32,242,40,141,105,194
37,24,244,116,10,111,229,13,201,87
37,25,34,158,208,130,91,50,45,136
37,26,132,130,252,21,78,17,248,153
37,27,74,206,139,145,122,170,100,92
37,28,74,191,158,172,37,24,173,125
37,29,161,150,204,190,69,1,244,58
37,30,77,4,119,64,146,122,11,91
37,31,95,67,61,45,115,59,203,25
37,32,33,236,178,252,101,7,20,47
37,33,192,21,146,196,91,72,75,81
37,34,16,70,211,246,247,230,98,222
37,35,202,11,235,167,194,36,220,68
37,36,188,78,110,235,154,119,89,43
37,37,103,163,238,199,177,131,22,7
37,38,103,191,202,239,158,147,67,8
37,39,238,225,120,237,223,10,105,109
38,0,32,206,238,95,168,30,181,255
38,1,140,182,33,201,192,146,193,86
38,2,49,52,20,11,153,218,253,167
38,3,199,225,118,113,6,129,214,117
38,4,154,54,129,195,88,233,28,163
38,5,158,110,43,188,218,65,153,251
38,6,143,138,254,65,196,12,22,79
38,7,185,36,78,142,158,175,184,76
38,8,53,72,148,133,23,224,123,116
38,9,99,1,255,207,161,95,229,44
38,10,247,176,243,156,116,65,25,134
38,11,204,60,9,12,42,56,135,128
38,12,163,39,208,145,125,189,116,250
38,13,212,34,208,93,219,145,118,130
38,14,167,132,106,54,64,44,146,96
38,15,206,147,92,139,165,204,12,110
38,16,59,74,130,40,229,252,170,110
38,17,211,69,89,229,8,220,35,242
38,18,77,127,91,191,138,13,16,119
38,19,30,137,59,14,35,11,132,125
38,20,148,53,133,72,171,220,224,161
38,21,99,207,95,117,255,198,248,214
38,22,160,116,234,176,119,59,42,108
38,23,80,204,157,9,56,60,141,254
38,24,163,68,125,18,239,222,192,39
38,25,93,208,66,118,95,219,132,145
38,26,106,159,167,214,138,67,54,146
38,27,206,139,195,100,204,242,26,82
38,28,74,72,80,108,110,40,158,191
38,29,89,150,161,242,69,200,211,248
38,30,77,195,177,191,219,91,127,240
38,31,137,14,11,30,204,125,132,239
38,32,33,47,104,219,175,101,117,65
38,33,192,81,75,241,178,5,181,95
38,34,16,105,107,251,141,181,211,182
38,35,202,167,10,36,198,104,89,79
38,36,188,153,10,74,110,198,245,196
38,37,124,105,219,21,103,89,35,55
38,38,103,120,177,191,233,112,35,67
38,39,238,120,42,223,56,175,67,249
39,0,238,88,112,200,95,43,173,140
39,1,33,181,155,233,140,128,118,152
39,2,49,52,20,218,11,72,253,217
39,3,113,119,106,117,236,199,226,214
39,4,165,195,54,235,154,193,5,171
39,5,158,110,188,160,43,215,230,198
39,6,143,65,138,97,7,193,98,122
39,7,142,185,76,35,117,158,203,78
39,8,116,173,239,61,224,104,133,99
39,9,197,161,207,255,198,200,2,115
39,10,196,247,243,215,157,122,65,10
39,11,239,160,42,181,111,78,107,204
39,12,193,39,62,199,145,134,220,254
39,13,219,93,154,44,182,66,149,138
39,14,167,64,52,54,137,231,214,51
39,15,147,165,206,162,242,148,139,71
39,16,170,32,252,229,72,80,74,189
39,17,89,69,8,115,211,229,16,64
39,18,77,203,91,22,166,127,204,138
39,19,59,30,75,183,226,88,117,124
39,20,148,53,133,72,220,207,180,195
39,21,99,207,117,251,143,95,1,229
39,22,160,234,116,165,132,59,42,78
39,23,80,56,107,111,204,12,60,255
39,24,39,116,81,223,18,244,163,1
39,25,219,208,93,113,95,92,66,118
39,26,167,231,67,96,156,214,179,132
39,27,206,100,3,71,147,110,139,177
39,28,74,170,72,167,95,80,250,0
39,29,150,89,200,69,248,1,36,165
39,30,77,155,177,16,135,191,91,166
39,31,30,14,226,137,207,191,124,204
39,32,33,127,47,178,50,65,101,184
39,33,192,81,5,74,138,40,105,16
39,34,16,141,105,21,251,231,252,149
39,35,10,167,198,214,218,66,130,197
39,36,75,74,68,214,232,245,188,233
39,37,104,124,58,21,143,105,48,153
39,38,148,27,92,151,209,173,84,101
39,39,110,38,243,248,78,12,242,69
40,0,186,40,236,185,172,144,120,191
40,1,124,245,33,167,252,128,118,86
40,2,49,60,188,11,92,139,217,133
40,3,159,199,155,25,56,189,225,6
40,4,98,88,195,154,192,146,176,89
40,5,158,214,71,198,110,215,32,2
40,6,254,143,65,21,199,230,226,14
40,7,142,188,241,213,132,194,165,106
40,8,53,148,72,91,59,47,225,184
40,9,99,90,28,134,229,166,233,207
40,10,172,245,176,134,42,148,109,217
40,11,42,135,117,223,134,225,97,254
40,12,10,196,116,14,244,250,2,9
40,13,34,208,83,165,145,130,14,120
40,14,132,21,204,44,225,163,54,191
40,15,1,139,227,74,235,28,147,206
40,16,191,74,160,209,172,104,183,169
40,17,69,161,44,209,192,98,1,217
40,18,77,176,152,241,223,233,138,209
40,19,95,122,207,83,115,219,133,212
40,20,53,148,72,195,161,139,246,150
40,21,99,95,1,225,143,214,117,254
40,22,160,148,172,108,245,254,217,78
40,23,80,121,32,117,40,223,204,34
40,24,244,14,213,48,87,173,10,188
40,25,34,208,136,83,146,145,47,91
40,26,132,163,204,21,248,54,130,17
40,27,139,1,235,141,92,74,145,147
40,28,74,191,209,172,158,183,37,130
40,29,161,150,69,192,1,36,44,98
40,30,77,152,156,64,176,52,31,45
40,31,95,180,212,122,155,206,125,133
40,32,33,255,236,32,229,219,139,157
40,33,192,189,95,51,110,131,102,24
40,34,16,246,254,249,123,89,122,10
40,35,53,14,202,171,95,38,106,44
40,36,188,154,110,153,252,148,21,80
40,37,92,240,244,238,214,119,243,226
40,38,120,132,43,88,37,136,177,185
40,39,175,127,5,166,209,109,223,93
41,0,210,14,93,228,240,50,241,239
41,1,128,118,16,195,58,252,233,124
41,2,217,49,188,60,11,92,150,253
41,3,159,219,25,225,189,11,119,177
41,4,98,94,154,192,112,54,88,195
41,5,2,194,158,110,251,188,136,155
41,6,14,65,138,79,52,143,156,230
41,7,229,35,171,76,142,181,111,78
41,8,116,184,159,61,224,207,173,180
41,9,104,198,156,197,98,59,255,161
41,10,196,122,157,247,9,185,199,215
41,11,3,145,239,153,27,111,78,107
41,12,193,169,16,60,199,39,191,189
41,13,154,243,149,3,138,182,20,44
41,14,125,229,52,51,167,189,137,47
41,15,162,165,148,248,58,243,45,204
41,16,205,252,170,245,134,28,93,0
41,17,15,158,89,241,236,248,142,108
41,18,155,226,192,203,100,177,124,217
41,19,75,226,30,19,201,51,228,221
41,20,159,116,237,224,184,180,23,4
41,21,156,155,207,151,120,127,197,198
41,22,215,157,247,185,9,122,211,82
41,23,153,107,239,145,111,66,27,3
41,24,145,208,254,199,1,164,16,39
41,25,138,243,78,154,66,20,255,149
41,26,137,52,88,28,229,167,106,51
41,27,242,162,58,248,204,153,233,54
41,28,205,152,51,252,163,170,93,150
41,29,241,15,158,248,20,89,142,211
41,30,203,155,226,192,43,177,176,217
41,31,75,226,173,51,36,201,30,151
41,32,150,178,146,19,195,112,206,162
41,33,74,75,72,37,97,127,198,81
41,34,63,255,105,212,21,251,181,141
41,35,43,84,22,136,104,197,135,10
41,36,214,234,221,74,194,69,106,73
41,37,58,28,124,205,21,48,145,105
41,38,120,87,209,92,47,148,212,22
41,39,2,189,23,175,222,16,106,166
42,0,139,192,72,223,211,28,191,13
42,1,98,48,153,245,171,33,234,16
42,2,120,108,193,3,253,106,129,123
42,3,188,199,159,197,232,19,25,11
42,4,154,192,58,195,250,123,2,213
42,5,24,250,63,218,153,251,165,149
42,6,128,226,172,14,250,59,56,84
42,7,32,35,14,229,38,76,120,171
42,8,224,220,61,4,16,222,164,23
42,9,54,161,198,189,197,243,255,47
42,10,73,92,122,165,211,91,196,187
42,11,106,154,3,85,47,218,160,19
42,12,193,84,134,60,147,208,194,39
42,13,66,154,44,74,89,32,99,151
42,14,189,61,28,6,137,125,103,51
42,15,148,250,203,165,243,242,58,88
42,16,252,28,161,134,46,51,205,130
42,17,15,17,198,158,241,64,35,108
42,18,155,203,177,13,93,126,166,130
42,19,75,144,226,201,30,199,114,173
42,20,237,224,191,56,61,220,185,23
42,21,155,47,54,197,198,161,227,73
42,22,91,122,92,247,211,44,73,157
42,23,181,154,107,106,93,228,3,111
42,24,1,84,145,216,167,254,208,210
42,25,20,127,151,137,221,66,32,149
42,26,28,137,52,189,109,211,61,54
42,27,242,54,233,71,250,162,204,203
42,28,152,161,205,150,170,252,130,163
42,29,241,158,214,17,20,201,230,62
42,30,203,226,130,192,155,115,197,177
42,31,144,226,75,247,201,30,91,121
42,32,19,123,14,85,206,235,162,47
42,33,84,72,74,139,225,40,177,151
42,34,11,48,105,63,18,21,251,191
42,35,114,43,244,214,86,10,135,167
42,36,125,44,129,214,26,106,48,73
42,37,58,28,48,57,162,21,14,219
42,38,120,92,47,132,209,79,84,87
42,39,189,44,2,242,77,78,197,99
43,0,13,188,199,124,204,155,175,144
43,1,251,111,239,3,245,232,23,33
43,2,200,31,120,15,212,106,108,3
43,3,197,199,25,159,19,137,28,166
43,4,192,154,148,44,146,221,51,250
43,5,250,218,165,27,236,251,144,2
43,6,59,56,128,84,172,49,226,107
43,7,32,35,14,120,171,108,229,36
43,8,224,61,220,237,98,222,23,133
43,9,198,54,161,227,189,197,47,41
43,10,211,122,81,165,91,196,234,9
43,11,3,106,85,160,89,93,59,19
43,12,193,175,208,39,104,199,60,84
43,13,66,44,99,151,89,154,20,74
43,14,28,61,125,52,189,64,32,137
43,15,148,250,165,242,88,243,162,233
43,16,252,28,150,46,190,205,166,134
43,17,17,108,15,64,241,104,248,158
43,18,155,203,177,126,13,93,250,115
43,19,75,201,226,30,114,173,56,228
43,20,237,224,191,185,61,56,220,159
43,21,155,198,209,47,26,171,248,227
43,22,122,91,247,44,211,242,157,29
43,23,85,181,107,106,220,93,228,111
43,24,216,175,199,1,145,224,39,192
43,25,20,204,32,209,243,206,66,127
43,26,137,28,52,86,189,106,12,211
43,27,242,162,217,165,204,153,54,149
43,28,152,252,150,205,213,163,170,130
43,29,241,158,20,21,15,201,166,242
43,30,155,197,250,203,226,192,161,137
43,31,75,201,195,20,36,30,125,191
43,32,19,123,146,192,76,12,162,150
43,33,72,189,74,56,139,75,95,9
43,34,105,1,191,63,195,113,72,240
43,35,43,136,86,185,174,97,191,135
43,36,106,75,19,125,221,73,186,165
43,37,205,229,16,61,175,66,194,126
43,38,0,193,120,87,209,35,176,62
43,39,106,107,197,179,235,10,105,225
44,0,79,35,34,101,179,197,48,30
44,1,155,62,97,16,47,146,75,107
44,2,120,84,90,210,109,200,43,31
44,3,37,236,230,199,26,166,118,148
44,4,15,154,102,200,54,222,241,142
44,5,158,250,236,43,188,218,165,220
44,6,14,157,79,84,133,196,172,138
44,7,14,23,171,229,35,36,184,147
44,8,237,116,184,61,35,4,239,180
44,9,203,197,161,59,29,198,2,47
44,10,196,211,157,247,122,185,198,65
44,11,107,128,111,160,42,19,106,108
44,12,60,193,220,128,254,199,39,145
44,13,154,32,182,74,134,89,44,202
44,14,125,137,189,28,32,103,47,64
44,15,243,148,165,242,58,204,162,172
44,16,134,60,28,252,51,35,202,150
44,17,198,87,0,250,89,241,248,15
44,18,197,43,155,134,203,226,170,204
44,19,20,109,36,56,116,24,167,30
44,20,237,239,99,224,116,23,180,173
44,21,203,2,171,47,255,197,161,26
44,22,176,247,198,125,243,65,185,157
44,23,107,128,206,106,111,160,9,42
44,24,145,235,193,199,254,85,220,151
44,25,134,182,32,171,154,20,105,78
44,26,88,137,86,103,229,47,52,28
44,27,165,242,87,172,181,162,58,4
44,28,150,152,75,43,163,229,238,252
44,29,0,87,250,15,124,241,20,5
44,30,197,155,43,163,195,170,161,226
44,31,20,36,75,109,205,121,4,167
44,32,192,252,90,53,150,98,134,112
44,33,126,92,184,72,127,164,83,210
44,34,1,26,116,85,113,96,91,86
44,35,72,84,42,57,135,174,86,160
44,36,75,221,83,45,2,70,103,225
44,37,72,65,182,200,23,88,219,138
44,38,193,91,209,73,182,151,140,177
44,39,228,222,173,162,10,237,106,2
45,0,141,81,235,115,208,192,253,221
45,1,62,217,155,182,146,152,11,70
45,2,95,106,109,217,153,10,128,167
45,3,117,119,219,37,199,236,158,237
45,4,54,102,165,222,142,58,95,154
45,5,43,135,158,188,90,65,205,110
45,6,138,14,133,65,79,143,196,157
45,7,229,117,23,78,14,184,35,123
45,8,116,99,239,237,224,104,173,57
45,9,255,116,191,2,161,59,171,197
45,10,65,247,125,185,157,196,243,88
45,11,160,128,206,108,107,150,57,19
45,12,254,145,93,199,220,60,193,134
45,13,154,182,89,66,74,32,44,134
45,14,189,125,137,47,103,32,28,64
45,15,243,148,242,165,58,185,87,62
45,16,134,60,51,28,202,252,35,238
45,17,198,0,89,87,211,250,16,241
45,18,43,134,163,155,127,197,33,13
45,19,116,20,36,121,109,56,195,19
45,20,237,116,99,239,173,4,224,23
45,21,255,161,191,116,2,169,117,170
45,22,176,125,65,243,247,185,150,36
45,23,193,206,9,128,160,86,254,16
45,24,145,235,85,93,193,151,134,254
45,25,154,182,89,134,32,185,78,93
45,26,88,17,47,137,103,149,214,86
45,27,181,165,242,87,4,58,31,147
45,28,150,75,93,43,238,152,182,74
45,29,0,87,16,124,250,76,5,144
45,30,195,43,163,161,134,13,226,217
45,31,20,116,36,75,154,121,109,167
45,32,252,112,119,33,90,53,218,223
45,33,184,210,92,16,93,129,43,127
45,34,85,26,1,82,231,133,92,132
45,35,42,84,135,72,57,204,108,160
45,36,83,221,222,75,192,22,20,70
45,37,182,138,39,88,72,104,229,244
45,38,151,120,64,209,193,27,168,125
45,39,186,154,162,190,108,222,205,19
46,0,38,167,238,54,193,112,30,94
46,1,140,62,217,182,122,152,33,117
46,2,217,121,106,11,153,167,127,158
46,3,91,128,26,199,34,35,230,117
46,4,205,54,90,163,129,58,6,154
46,5,65,152,218,205,182,188,71,222
46,6,65,31,138,14,22,122,169,196
46,7,49,229,117,14,32,185,123,184
46,8,99,180,133,224,4,239,116,164
46,9,255,161,239,116,191,2,170,59
46,10,125,65,157,247,196,243,185,88
46,11,206,160,39,19,128,150,108,86
46,12,134,145,151,221,93,208,128,220
46,13,74,182,66,154,103,32,78,134
46,14,189,137,28,103,125,47,64,52
46,15,148,242,165,243,87,58,238,185
46,16,134,60,252,28,61,51,35,43
46,17,198,0,89,87,64,5,37,35
46,18,43,134,163,197,170,13,155,203
46,19,116,20,166,121,36,109,56,167
46,20,237,99,239,224,173,116,133,41
46,21,239,116,191,2,255,161,197,170
46,22,125,157,247,65,243,176,198,150
46,23,19,128,86,107,206,39,111,9
46,24,145,151,93,85,220,193,254,54
46,25,103,182,134,138,32,105,78,185
46,26,88,137,86,149,103,52,57,226
46,27,165,172,162,242,87,58,31,181
46,28,43,152,150,229,61,252,163,205
46,29,5,87,0,250,20,241,171,248
46,30,155,197,163,170,43,226,203,201
46,31,116,20,167,109,166,75,205,30
46,32,119,223,90,178,252,53,192,134
46,33,32,83,93,129,72,92,220,86
46,34,186,1,26,85,113,82,132,105
46,35,84,57,42,72,235,160,218,197
46,36,70,75,74,83,196,120,153,248
46,37,58,229,124,105,219,115,34,24
46,38,151,92,252,148,254,18,104,202
46,39,2,189,217,22,235,106,248,127
47,0,238,112,140,43,200,95,173,30
47,1,62,217,140,146,155,70,182,33
47,2,217,11,121,72,106,167,49,43
47,3,117,236,26,230,199,233,226,194
47,4,54,58,165,245,45,61,24,205
47,5,43,90,188,135,65,205,158,182
47,6,65,14,138,157,122,143,182,15
47,7,229,70,117,49,23,78,15,22
47,8,173,239,35,99,116,180,179,237
47,9,171,191,255,113,197,180,2,116
47,10,125,157,88,211,196,247,39,65
47,11,19,39,181,111,42,107,47,224
47,12,193,220,151,16,154,93,134,104
47,13,149,44,103,138,112,134,182,29
47,14,52,86,47,125,137,229,51,189
47,15,162,172,165,46,148,36,166,213
47,16,252,181,231,134,170,243,174,205
47,17,5,226,241,20,64,198,87,89
47,18,197,126,170,155,203,192,177,226
47,19,75,109,226,51,229,204,167,30
47,20,239,237,191,35,224,133,116,238
47,21,116,191,203,171,209,198,210,113
47,22,247,236,157,88,65,91,125,243
47,23,181,39,107,106,111,239,42,188
47,24,193,220,154,145,93,254,39,16
47,25,138,32,134,206,112,66,6,219
47,26,86,118,137,54,52,88,51,167
47,27,162,172,165,139,206,120,217,181
47,28,43,152,170,150,72,51,252,80
47,29,5,89,20,248,87,250,17,241
47,30,197,170,155,203,226,139,192,71
47,31,167,226,109,30,137,33,20,229
47,32,223,178,119,47,90,158,192,206
47,33,83,81,190,32,72,86,232,74
47,34,116,1,186,252,21,56,33,181
47,35,167,36,10,218,202,235,197,89
47,36,70,74,153,181,129,188,120,68
47,37,58,124,67,143,229,48,105,64
47,38,92,148,71,118,101,127,212,94
47,39,2,248,189,38,69,92,78,70
48,0,200,88,67,238,140,95,43,112
48,1,140,192,33,181,47,70,146,152
48,2,49,153,11,8,72,43,20,188
48,3,106,236,117,226,233,199,150,224
48,4,193,54,235,165,58,199,146,24
48,5,43,135,110,47,188,230,90,158
48,6,65,14,122,143,193,237,137,173
48,7,176,47,229,78,117,180,143,144
48,8,237,116,239,179,104,52,93,111
48,9,69,122,180,171,113,169,84,45
48,10,76,157,247,88,196,177,243,125
48,11,239,39,181,111,160,143,19,183
48,12,169,220,62,113,213,134,104,193
48,13,251,44,103,3,112,93,130,219
48,14,52,64,106,159,167,254,118,54
48,15,72,147,165,228,148,70,204,162
48,16,243,252,170,80,229,72,74,39
48,17,89,115,64,20,35,1,242,69
48,18,77,13,192,169,226,43,138,91
48,19,229,75,122,30,226,212,26,59
48,20,195,72,133,191,148,17,233,237
48,21,207,69,198,122,229,1,251,127
48,22,234,165,156,116,255,59,160,43
48,23,60,80,172,107,204,108,181,215
48,24,39,193,145,24,220,238,71,16
48,25,13,219,221,93,206,211,66,130
48,26,181,167,166,106,137,67,109,96
48,27,228,153,83,183,70,147,117,101
48,28,72,130,61,39,163,89,152,210
48,29,248,158,5,89,26,242,161,200
48,30,170,226,192,155,44,77,32,139
48,31,166,226,167,132,137,122,173,206
48,32,223,60,178,47,206,158,119,50
48,33,74,81,83,40,32,229,72,190
48,34,82,116,1,213,34,181,141,186
48,35,244,224,214,36,167,202,10,89
48,36,129,70,74,239,153,188,10,24
48,37,104,124,58,57,21,147,105,14
48,38,27,92,148,79,212,94,118,127
48,39,110,243,38,78,12,242,69,70
49,0,70,124,222,199,151,175,55,191
49,1,245,32,193,124,33,185,118,167
49,2,193,3,60,49,188,216,11,157
49,3,243,56,199,25,197,196,224,69
49,4,152,154,134,175,88,28,200,90
49,5,251,136,218,153,0,164,60,58
49,6,168,12,14,209,102,159,161,26
49,7,185,132,35,32,76,175,36,120
49,8,148,53,72,224,133,59,16,171
49,9,99,134,207,161,1,61,229,44
49,10,122,232,109,165,242,132,157,116
49,11,218,60,111,231,204,85,59,32
49,12,116,137,208,3,250,47,163,39
49,13,19,145,208,34,212,219,149,2
49,14,132,204,54,244,252,200,96,238
49,15,206,139,235,112,147,238,233,195
49,16,190,53,59,10,72,185,102,170
49,17,19,69,158,126,60,248,89,8
49,18,77,219,130,192,176,91,138,141
49,19,99,137,59,247,122,14,197,191
49,20,148,53,72,133,171,195,161,1
49,21,99,207,134,251,198,61,229,156
49,22,109,157,116,122,242,119,195,156
49,23,204,231,99,157,194,60,218,107
49,24,47,166,210,101,137,39,155,163
49,25,155,202,149,130,219,208,145,0
49,26,53,54,244,52,106,67,252,138
49,27,206,28,139,233,18,215,112,204
49,28,59,56,152,10,130,72,111,53
49,29,19,158,126,89,248,69,60,1
49,30,219,192,77,226,18,130,63,197
49,31,247,157,99,137,14,59,30,83
49,32,85,19,209,47,123,14,18,173
49,33,81,74,72,11,59,32,203,205
49,34,191,249,195,18,11,107,181,166
49,35,8,202,167,43,36,191,185,154
49,36,26,37,188,125,153,79,44,226
49,37,196,58,162,30,126,186,80,21
49,38,132,92,0,127,217,185,94,254
49,39,99,189,44,77,107,197,134,26
50,0,159,204,13,174,69,62,116,199
50,1,104,193,162,185,32,23,49,141
50,2,169,39,3,122,196,131,125,145
50,3,166,243,197,242,36,167,199,100
50,4,221,175,200,152,134,148,154,44
50,5,251,136,153,0,77,58,164,71
50,6,12,161,102,209,14,171,26,125
50,7,185,199,132,175,38,183,246,32
50,8,53,148,72,133,59,123,63,107
50,9,99,134,207,1,161,44,229,28
50,10,242,122,116,132,146,165,232,234
50,11,111,204,218,85,59,60,97,220
50,12,208,3,116,39,157,239,250,163
50,13,219,19,145,208,20,212,130,34
50,14,252,54,204,167,96,132,106,138
50,15,147,233,206,139,238,213,195,92
50,16,190,53,59,170,185,252,72,102
50,17,158,19,60,89,69,242,115,248
50,18,192,77,130,250,219,141,72,226
50,19,85,137,14,75,247,59,30,197
50,20,148,72,133,53,171,121,107,195
50,21,207,99,251,98,229,0,198,61
50,22,157,242,122,116,165,124,156,146
50,23,107,218,59,85,111,231,194,99
50,24,39,11,3,15,155,210,220,137
50,25,219,20,19,202,155,130,101,137
50,26,86,53,52,54,67,118,167,131
50,27,28,206,172,139,162,100,155,149
50,28,111,152,190,102,72,134,163,130
50,29,21,89,158,20,19,242,60,200
50,30,197,250,63,77,115,192,122,16
50,31,167,137,30,229,59,67,228,33
50,32,123,19,85,47,254,136,2,77
50,33,95,139,81,74,220,205,56,203
50,34,1,191,195,240,169,181,72,194
50,35,202,79,191,167,43,36,11,58
50,36,188,153,10,26,136,124,142,119
50,37,58,229,124,89,22,103,16,175
50,38,92,0,212,127,118,180,94,14
50,39,189,197,129,252,188,253,70,182
51,0,35,101,79,34,179,197,9,242
51,1,155,47,97,62,146,75,123,27
51,2,210,38,130,109,164,90,43,169
51,3,230,26,37,211,226,118,233,236
51,4,200,15,102,54,241,142,87,61
51,5,43,90,188,236,220,235,251,218
51,6,14,182,157,161,196,79,156,209
51,7,36,23,185,199,229,64,76,169
51,8,239,35,179,116,57,237,180,110
51,9,197,203,180,161,198,85,207,131
51,10,157,88,196,122,247,165,124,34
51,11,111,107,194,42,85,239,99,143
51,12,39,193,220,3,16,128,15,1
51,13,112,29,219,154,211,204,20,2
51,14,52,86,54,125,47,64,106,161
51,15,213,172,36,162,155,148,147,165
51,16,243,181,170,137,252,134,32,92
51,17,242,89,226,198,60,20,5,166
51,18,170,197,220,192,131,183,155,176
51,19,229,75,137,233,51,167,109,30
51,20,239,237,35,179,53,171,72,161
51,21,180,203,251,99,207,228,69,0
51,22,88,116,157,247,151,124,249,156
51,23,39,107,188,181,204,141,50,106
51,24,251,3,16,125,220,39,145,254
51,25,112,13,219,204,206,208,202,130
51,26,78,118,86,54,64,146,183,149
51,27,172,139,206,166,155,36,100,80
51,28,165,96,72,173,152,163,61,129
51,29,161,5,102,60,248,89,242,69
51,30,170,77,122,13,197,176,183,91
51,31,67,229,137,95,248,59,143,167
51,32,158,98,151,47,149,99,194,122
51,33,126,81,190,220,72,232,108,4
51,34,116,247,169,211,181,1,246,176
51,35,202,11,167,36,79,103,56,224
51,36,188,10,153,70,136,166,78,235
51,37,219,89,124,103,58,21,22,26
51,38,92,127,212,118,205,14,148,128
51,39,2,189,252,213,38,70,45,63
52,0,29,120,115,28,223,75,41,72
52,1,251,14,167,193,71,153,1,100
52,2,228,139,216,188,58,143,170,187
52,3,154,249,196,201,16,56,108,23
52,4,152,134,216,175,38,149,28,4
52,5,0,210,153,56,75,207,77,22
52,6,102,12,168,212,237,32,11,152
52,7,213,30,6,183,96,142,225,166
52,8,53,148,59,72,171,63,166,214
52,9,99,134,3,28,32,90,207,229
52,10,233,245,109,103,146,116,229,148
52,11,37,146,97,237,229,24,141,71
52,12,50,10,23,2,166,13,176,149
52,13,34,0,13,208,185,158,136,194
52,14,17,132,44,34,143,49,21,227
52,15,206,221,139,74,6,97,12,0
52,16,234,191,169,158,60,197,82,59
52,17,161,69,60,244,4,151,10,204
52,18,77,4,66,116,209,195,64,233
52,19,48,67,244,47,208,49,248,24
52,20,53,72,148,172,161,144,118,195
52,21,99,32,143,95,221,233,214,122
52,22,109,245,103,233,148,135,194,20
52,23,146,37,173,135,32,204,105,97
52,24,244,50,10,173,23,111,41,158
52,25,34,208,0,203,158,194,136,13
52,26,17,132,21,248,252,78,196,130
52,27,139,18,206,35,12,100,195,188
52,28,234,59,191,56,158,10,105,130
52,29,161,126,170,4,9,60,245,232
52,30,209,77,143,4,116,66,18,141
52,31,83,67,157,55,47,118,37,229
52,32,19,144,173,92,101,120,28,78
52,33,203,161,81,185,47,72,67,250
52,34,249,166,15,247,18,109,121,181
52,35,202,106,11,44,36,117,198,8
52,36,148,188,55,92,153,10,78,79
52,37,196,219,89,244,214,55,199,208
52,38,52,242,132,197,92,180,177,156
52,39,173,252,189,224,174,66,197,142
53,0,128,79,135,87,108,149,164,243
53,1,12,144,251,1,71,100,51,139
53,2,24,74,124,48,148,18,207,242
53,3,37,154,161,192,216,196,212,3
53,4,134,240,152,129,84,4,221,43
53,5,0,244,129,201,210,56,77,131
53,6,102,12,168,212,190,21,26,249
53,7,193,104,225,132,137,142,213,183
53,8,53,148,121,72,22,161,118,59
53,9,99,90,134,28,3,32,22,97
53,10,245,233,197,109,176,116,123,217
53,11,42,237,97,146,216,167,71,135
53,12,10,50,2,116,21,38,110,23
53,13,34,0,208,148,174,158,201,145
53,14,132,17,239,173,162,34,143,247
53,15,74,90,206,139,0,145,223,170
53,16,74,191,234,195,4,24,37,62
53,17,161,244,69,210,190,8,58,204
53,18,77,58,119,98,67,11,26,143
53,19,208,125,59,67,129,186,115,248
53,20,53,7,100,148,118,161,144,85
53,21,99,143,214,207,134,32,195,74
53,22,160,245,178,174,5,194,207,176
53,23,80,111,170,97,242,8,40,180
53,24,244,48,2,229,10,116,87,111
53,25,34,158,208,50,250,91,130,252
53,26,153,248,132,17,78,252,21,130
53,27,139,74,206,122,100,216,145,60
53,28,74,191,62,128,234,195,158,239
53,29,161,150,190,244,204,8,117,151
53,30,77,4,64,11,119,52,118,98
53,31,67,95,137,211,241,125,61,45
53,32,33,7,101,252,156,219,30,178
53,33,192,21,161,5,81,198,4,72
53,34,16,15,70,211,247,230,98,109
53,35,202,167,11,108,79,106,151,56
53,36,188,148,110,78,119,235,55,154
53,37,92,196,104,103,21,7,105,58
53,38,132,20,103,242,92,136,27,185
53,39,224,110,252,99,55,175,243,219
54,0,50,115,69,29,159,220,13,98
54,1,173,12,154,253,94,209,144,44
54,2,24,74,61,148,145,161,245,124
54,3,163,216,196,149,22,69,166,37
54,4,134,221,175,206,28,208,203,43
54,5,77,0,56,64,244,210,131,173
54,6,195,102,12,212,11,168,249,91
54,7,166,183,252,193,6,225,175,213
54,8,53,148,72,121,63,172,59,171
54,9,32,99,134,1,28,3,221,79
54,10,146,217,233,176,116,229,26,148
54,11,237,37,97,71,141,173,167,146
54,12,50,23,10,2,38,158,166,184
54,13,34,0,13,194,185,180,158,212
54,14,17,44,252,132,78,34,21,143
54,15,12,6,206,238,151,3,74,195
54,16,234,59,169,102,82,60,191,53
54,17,161,60,69,144,220,4,9,8
54,18,195,116,77,66,209,146,119,171
54,19,48,248,94,239,67,47,137,208
54,20,53,172,171,148,161,72,50,100
54,21,32,99,207,134,221,122,143,58
54,22,20,137,116,176,106,146,102,109
54,23,71,204,141,173,37,146,70,25
54,24,50,244,48,158,166,213,119,116
54,25,34,0,158,208,13,101,194,203
54,26,17,78,132,196,21,252,248,161
54,27,139,12,206,100,35,129,122,6
54,28,234,59,53,56,191,102,114,243
54,29,161,9,60,4,170,220,69,241
54,30,116,77,143,66,151,209,13,64
54,31,83,67,248,47,157,247,229,85
54,32,143,19,144,173,151,14,101,120
54,33,203,167,81,47,84,67,185,72
54,34,128,18,247,109,191,121,15,181
54,35,202,121,44,101,11,97,79,114
54,36,188,148,10,44,153,48,103,79
54,37,196,109,144,103,194,21,162,137
54,38,242,92,87,185,205,180,217,186
54,39,219,99,189,77,44,173,198,141
55,0,70,159,174,69,13,231,62,230
55,1,166,206,80,253,44,235,15,13
55,2,74,24,48,145,215,205,148,207
55,3,216,146,196,163,164,212,86,149
55,4,221,175,134,148,28,206,152,38
55,5,77,0,244,58,201,56,243,131
55,6,12,102,212,195,11,8,26,171
55,7,38,175,185,225,183,199,246,39
55,8,53,148,72,63,121,59,133,152
55,9,99,1,134,44,28,32,149,79
55,10,146,116,242,148,137,26,156,233
55,11,97,204,220,222,174,32,37,141
55,12,50,10,208,38,2,116,239,163
55,13,34,13,0,20,19,208,130,101
55,14,44,132,252,17,105,21,54,204
55,15,147,12,206,139,92,235,238,74
55,16,59,102,234,53,172,191,82,72
55,17,21,69,161,60,62,4,248,185
55,18,77,209,116,138,66,13,176,83
55,19,48,99,85,137,35,67,59,14
55,20,53,148,72,133,195,171,121,161
55,21,99,32,251,95,134,207,117,1
55,22,137,116,148,242,146,156,20,12
55,23,174,220,222,204,218,70,107,37
55,24,50,119,11,163,2,238,157,39
55,25,101,13,0,20,208,71,130,19
55,26,196,54,78,132,204,252,64,214
55,27,139,28,206,12,130,26,147,35
55,28,59,102,193,219,72,53,243,158
55,29,94,21,62,60,88,161,19,89
55,30,116,77,63,91,151,197,162,143
55,31,137,59,85,95,99,14,132,229
55,32,109,19,254,47,140,123,144,125
55,33,203,139,81,102,68,166,250,47
55,34,169,191,240,44,48,195,121,67
55,35,202,79,167,187,36,190,11,74
55,36,134,188,142,153,26,115,10,39
55,37,65,124,103,16,101,194,80,78
55,38,102,119,35,212,93,252,202,61
55,39,117,129,58,122,219,235,252,70
56,0,27,35,79,166,101,108,135,133
56,1,11,139,123,26,132,216,75,0
56,2,164,40,175,210,90,88,50,25
56,3,37,146,211,106,29,46,226,80
56,4,14,65,240,15,129,160,214,90
56,5,161,10,235,153,120,142,103,46
56,6,255,215,102,246,12,209,14,8
56,7,199,2,185,36,108,76,132,168
56,8,148,53,72,179,133,59,171,52
56,9,241,180,99,207,161,143,83,1
56,10,137,77,116,70,88,26,196,148
56,11,174,39,20,107,14,97,99,204
56,12,160,119,3,50,163,39,15,251
56,13,178,20,29,13,219,112,130,208
56,14,44,105,161,167,252,54,146,106
56,15,147,12,206,213,36,155,92,139
56,16,96,59,32,243,185,152,189,102
56,17,94,60,89,69,225,8,124,220
56,18,148,170,77,220,13,209,192,191
56,19,130,67,137,48,75,14,35,197
56,20,53,72,148,171,133,161,117,237
56,21,180,241,99,251,207,0,143,252
56,22,137,77,83,116,88,215,59,156
56,23,39,174,20,107,141,204,7,56
56,24,251,67,2,3,15,113,189,163
56,25,178,20,208,219,98,204,118,174
56,26,78,54,200,183,67,252,45,138
56,27,206,139,155,100,26,188,215,27
56,28,164,96,173,165,72,158,37,73
56,29,161,94,60,220,69,89,165,117
56,30,77,85,170,122,148,220,64,240
56,31,248,67,94,130,137,95,14,132
56,32,99,254,60,158,47,151,101,30
56,33,203,33,81,190,166,232,41,220
56,34,82,169,161,97,247,211,55,231
56,35,202,79,24,167,11,36,103,39
56,36,188,134,10,207,153,78,154,166
56,37,104,219,103,124,199,21,89,61
56,38,102,27,135,71,198,205,212,128
56,39,110,243,12,69,58,63,252,247
57,0,120,148,254,191,75,217,195,78
57,1,71,1,100,167,51,28,251,3
57,2,188,175,187,170,223,37,228,216
57,3,56,196,108,69,154,22,201,126
57,4,134,28,210,129,157,233,189,152
57,5,0,56,244,153,129,243,22,71
57,6,12,102,255,212,51,249,32,151
57,7,137,30,132,3,96,225,183,142
57,8,53,148,59,72,22,161,171,1
57,9,99,207,137,229,90,28,122,3
57,10,77,109,245,233,116,123,103,20
57,11,118,97,141,146,134,82,214,33
57,12,2,10,47,50,163,244,116,176
57,13,34,208,178,0,145,14,166,130
57,14,132,44,34,21,248,161,58,162
57,15,206,90,74,139,12,111,145,3
57,16,191,74,195,234,26,24,4,158
57,17,161,244,60,69,8,83,141,210
57,18,77,119,64,147,233,67,26,200
57,19,208,54,152,219,171,95,59,62
57,20,53,161,171,148,118,225,185,100
57,21,99,143,122,207,85,153,214,134
57,22,178,160,77,245,173,180,234,44
57,23,111,80,97,242,204,24,56,159
57,24,244,116,81,111,48,51,237,28
57,25,158,208,250,178,130,50,82,37
57,26,252,52,161,59,84,78,179,132
57,27,139,206,100,122,177,129,233,157
57,28,10,105,74,107,244,59,191,169
57,29,126,150,54,60,94,161,165,117
57,30,18,77,209,143,61,219,85,30
57,31,15,55,47,154,219,118,83,67
57,32,202,58,235,120,121,78,173,248
57,33,203,147,176,47,81,191,7,67
57,34,226,166,185,169,211,191,158,121
57,35,202,24,101,79,11,103,36,106
57,36,188,10,228,134,153,59,136,148
57,37,156,244,219,89,103,109,199,124
57,38,204,50,197,102,141,52,198,55
57,39,198,101,141,226,112,83,19,58
58,0,8,94,38,167,26,45,164,244
58,1,71,56,100,208,251,3,155,177
58,2,243,175,42,161,148,37,245,170
58,3,163,196,22,149,251,154,69,126
58,4,206,134,175,152,28,216,121,75
58,5,0,77,64,56,22,58,71,103
58,6,195,102,255,12,212,249,11,99
58,7,166,185,39,183,175,62,33,38
58,8,53,148,72,59,121,249,133,63
58,9,32,99,134,1,28,3,221,251
58,10,77,146,116,148,217,233,156,176
58,11,97,237,141,204,37,33,32,134
58,12,50,10,2,23,38,163,251,213
58,13,34,0,178,212,101,130,194,19
58,14,17,44,132,196,144,113,252,161
58,15,12,206,147,238,6,195,129,139
58,16,59,234,105,191,102,53,172,56
58,17,94,54,161,69,4,220,198,21
58,18,116,77,209,66,143,138,127,229
58,19,37,48,94,67,137,47,35,83
58,20,53,91,148,72,171,133,143,225
58,21,99,32,251,207,134,143,117,229
58,22,77,137,116,20,146,148,233,135
58,23,118,19,174,141,204,167,99,146
58,24,50,163,244,55,119,238,251,2
58,25,178,0,208,101,34,71,204,252
58,26,144,196,78,132,17,204,54,149
58,27,12,139,206,112,188,195,18,35
58,28,105,59,53,234,102,191,165,219
58,29,54,94,60,161,170,69,9,19
58,30,116,77,143,209,18,151,66,13
58,31,37,219,55,49,47,83,157,195
58,32,235,78,202,120,92,58,151,125
58,33,203,47,167,176,90,81,250,146
58,34,185,128,191,121,166,143,164,181
58,35,101,202,121,24,36,11,254,103
58,36,103,228,138,188,134,153,10,78
58,37,244,100,181,156,214,109,137,62
58,38,197,50,236,141,55,204,18,242
58,39,141,40,83,198,112,219,101,247
59,0,48,51,145,179,91,79,197,249
59,1,123,139,87,64,216,5,0,174
59,2,175,164,111,25,40,243,37,88
59,3,59,146,211,142,37,3,124,110
59,4,131,241,240,191,129,230,181,15
59,5,103,0,252,244,99,56,153,120
59,6,255,102,12,209,151,51,212,196
59,7,185,199,33,38,183,132,175,39
59,8,53,148,72,59,121,133,162,89
59,9,99,69,134,44,1,207,228,28
59,10,116,77,146,26,137,148,132,156
59,11,174,204,97,32,60,134,107,197
59,12,10,50,163,116,238,38,39,157
59,13,34,45,47,145,212,83,13,219
59,14,204,132,44,167,54,64,88,67
59,15,147,235,98,165,92,12,139,206
59,16,172,59,112,191,160,234,72,117
59,17,69,44,1,161,21,62,152,233
59,18,77,138,176,92,204,192,226,127
59,19,122,212,115,59,75,95,26,88
59,20,148,195,72,53,133,161,118,162
59,21,99,1,69,95,207,117,251,154
59,22,148,116,234,160,156,132,165,77
59,23,80,204,32,107,60,157,248,239
59,24,163,239,3,39,50,48,1,145
59,25,13,130,208,145,219,45,161,20
59,26,204,132,54,55,64,200,214,96
59,27,139,147,23,98,206,177,28,26
59,28,72,193,102,59,53,152,243,250
59,29,94,161,62,21,88,89,1,69
59,30,63,77,162,91,197,44,64,151
59,31,132,59,137,85,14,248,95,229
59,32,254,47,235,140,179,125,9,19
59,33,139,126,81,203,47,90,252,132
59,34,195,240,191,44,185,48,67,238
59,35,202,167,148,101,190,36,74,97
59,36,2,188,153,142,102,47,9,39
59,37,65,101,78,124,137,16,242,2
59,38,18,252,254,182,176,61,117,8
59,39,117,218,228,253,95,144,174,235
60,0,141,235,115,208,81,190,253,221
60,1,155,11,182,93,47,46,62,197
60,2,34,164,88,40,210,17,145,38
60,3,37,187,235,133,199,231,118,230
60,4,102,142,15,236,222,214,95,108
60,5,193,90,186,153,65,99,47,188
60,6,153,196,167,12,79,209,246,102
60,7,185,36,199,29,23,76,64,108
60,8,116,89,72,57,180,133,239,234
60,9,161,116,94,191,164,197,29,126
60,10,198,169,130,137,247,196,125,132
60,11,174,107,189,128,248,60,111,19
60,12,39,63,93,134,160,74,128,15
60,13,219,43,154,66,147,32,93,134
60,14,64,137,167,51,52,124,88,106
60,15,162,147,165,148,213,242,81,4
60,16,5,243,252,170,32,28,80,51
60,17,89,250,64,115,198,35,226,172
60,18,13,57,179,197,192,187,126,77
60,19,75,109,116,20,130,30,137,26
60,20,239,234,237,191,180,116,179,133
60,21,29,116,207,164,126,161,94,191
60,22,198,169,247,130,137,165,65,116
60,23,189,107,174,111,128,176,60,204
60,24,74,15,63,26,3,160,39,93
60,25,147,43,134,219,13,130,93,210
60,26,118,137,51,86,124,148,167,53
60,27,200,162,81,181,206,165,23,191
60,28,43,133,5,152,210,134,72,23
60,29,87,76,172,250,0,57,89,248
60,30,163,179,187,44,201,155,104,226
60,31,116,109,20,205,12,4,132,191
60,32,178,119,223,181,90,47,131,77
60,33,93,129,83,81,32,210,39,108
60,34,82,132,130,96,105,74,108,107
60,35,27,72,36,96,203,167,28,33
60,36,222,103,75,165,191,192,28,224
60,37,24,229,202,54,120,141,77,219
60,38,140,64,117,239,252,25,104,176
60,39,186,162,190,173,235,208,237,148
61,0,38,167,54,193,112,238,94,30
61,1,46,47,105,122,246,140,58,188
61,2,128,158,121,217,145,34,53,10
61,3,26,230,233,117,118,119,78,210
61,4,67,81,144,245,91,163,248,45
61,5,109,43,90,188,47,248,214,158
61,6,60,215,143,173,153,138,36,12
61,7,176,117,229,54,52,70,22,23
61,8,116,239,104,237,179,73,52,57
61,9,171,126,191,116,113,197,198,30
61,10,157,167,151,182,36,248,115,211
61,11,233,133,36,112,181,224,162,74
61,12,93,212,144,44,85,134,193,224
61,13,33,138,3,44,6,104,2,142
61,14,147,86,52,53,57,47,51,106
61,15,213,162,191,127,92,166,46,147
61,16,243,156,151,252,170,134,174,181
61,17,5,20,242,110,89,226,57,127
61,18,131,192,128,226,176,203,126,93
61,19,75,229,120,12,72,226,30,109
61,20,239,33,191,72,116,133,35,237
61,21,116,191,126,207,198,120,155,239
61,22,236,157,161,247,165,65,248,136
61,23,140,111,181,36,121,107,106,39
61,24,154,93,39,220,3,145,235,144
61,25,6,33,138,219,37,206,93,142
61,26,118,52,54,86,67,147,96,106
61,27,233,177,206,162,139,80,121,215
61,28,43,72,156,152,170,20,26,51
61,29,5,89,158,20,1,57,248,28
61,30,192,226,91,139,77,128,170,16
61,31,59,167,12,122,137,226,120,33
61,32,223,47,178,206,119,158,255,247
61,33,74,81,83,93,190,40,73,41
61,34,116,186,82,1,181,213,21,246
61,35,167,36,244,202,224,214,10,89
61,36,129,70,153,188,74,239,10,203
61,37,58,124,62,229,147,22,21,104
61,38,92,148,65,118,252,212,127,117
61,39,238,189,70,38,2,243,242,95
62,0,140,112,238,43,200,30,173,58
62,1,46,47,188,137,249,246,155,181
62,2,20,217,72,186,167,121,140,128
62,3,117,233,103,26,119,230,183,130
62,4,193,144,145,245,20,120,246,140
62,5,145,239,85,106,158,207,0,255
62,6,12,102,212,230,254,26,207,21
62,7,142,104,225,185,183,199,132,3
62,8,53,148,72,59,85,22,41,161
62,9,99,28,1,134,79,179,3,150
62,10,245,23,176,116,147,217,96,43
62,11,42,239,32,97,111,237,223,121
62,12,10,50,2,21,137,116,38,111
62,13,34,208,58,170,158,145,45,14
62,14,132,173,17,44,34,162,191,239
62,15,74,12,206,147,90,195,145,235
62,16,191,172,74,234,24,202,59,112
62,17,69,161,233,44,210,244,109,220
62,18,77,138,92,224,58,176,54,146
62,19,115,180,95,208,122,67,219,212
62,20,53,195,148,72,85,150,161,233
62,21,99,1,143,214,74,233,122,195
62,22,160,149,116,147,245,207,217,132
62,23,32,80,204,111,63,40,146,184
62,24,244,13,161,21,195,116,10,48
62,25,34,208,45,58,158,170,136,248
62,26,132,130,78,21,252,17,63,204
62,27,74,206,139,235,147,98,170,92
62,28,74,191,172,37,165,158,228,166
62,29,161,150,69,233,1,44,209,204
62,30,77,176,122,4,92,175,138,52
62,31,95,115,180,122,203,212,67,59
62,32,33,255,241,178,236,212,104,47
62,33,192,110,146,50,91,196,81,199
62,34,16,211,246,123,218,247,254,155
62,35,202,194,235,236,220,167,11,53
62,36,188,78,110,154,153,10,15,118
62,37,163,103,58,21,104,147,124,22
62,38,92,148,79,27,118,127,212,94
62,39,238,242,70,243,38,78,2,189
63,0,88,67,200,140,238,206,173,95
63,1,47,181,46,192,140,152,33,118
63,2,20,62,160,21,197,82,186,165
63,3,233,117,106,103,150,194,119,226
63,4,193,62,20,9,235,114,61,120
63,5,230,145,237,160,85,239,109,207
63,6,118,12,89,140,98,96,110,207
63,7,145,176,195,142,3,72,52,225
63,8,148,53,239,72,195,59,237,233
63,9,99,53,126,1,143,207,69,229
63,10,76,115,215,93,183,122,167,240
63,11,183,111,51,181,28,41,74,224
63,12,102,88,213,62,116,212,4,144
63,13,34,208,145,205,130,171,251,164
63,14,132,204,44,21,161,54,200,191
63,15,147,74,206,235,139,195,2,237
63,16,191,172,74,160,72,112,210,88
63,17,69,44,1,8,89,161,140,209
63,18,77,171,176,138,91,166,22,127
63,19,122,59,115,95,137,88,212,219
63,20,148,195,53,72,133,161,192,143
63,21,99,1,207,117,251,143,34,124
63,22,116,160,132,234,156,165,78,217
63,23,80,204,60,134,56,32,239,141
63,24,116,238,48,163,39,244,87,71
63,25,208,13,145,219,88,204,91,20
63,26,132,204,96,146,248,214,54,44
63,27,139,206,74,177,26,147,98,182
63,28,72,20,26,173,191,160,201,210
63,29,161,1,158,89,26,101,5,69
63,30,77,91,97,45,192,170,226,221
63,31,59,122,137,166,120,70,95,88
63,32,223,60,47,206,158,255,178,89
63,33,74,81,190,41,206,40,33,83
63,34,82,116,213,246,34,181,49,97
63,35,36,167,244,202,224,214,89,10
63,36,129,153,188,70,239,74,10,255
63,37,104,124,58,147,103,22,14,57
63,38,92,27,118,79,148,127,212,94
63,39,110,243,38,70,242,12,78,69
64,0,124,222,175,211,62,224,199,231
64,1,60,49,124,14,193,245,167,153
64,2,71,3,193,60,143,254,188,77
64,3,243,22,56,199,167,201,177,87
64,4,152,200,134,154,175,90,43,29
64,5,81,153,0,58,115,251,236,50
64,6,39,57,12,157,102,14,161,26
64,7,223,185,132,32,183,187,199,175
64,8,53,148,72,195,59,133,162,171
64,9,99,207,134,28,1,137,195,229
64,10,19,242,122,165,132,217,167,26
64,11,111,59,85,218,194,158,225,97
64,12,116,208,39,3,157,21,239,2
64,13,199,145,208,37,212,165,130,132
64,14,132,204,54,21,73,252,96,200
64,15,147,177,206,74,139,33,235,170
64,16,190,26,72,172,183,160,191,252
64,17,69,164,1,44,20,8,158,89
64,18,176,77,250,108,171,192,130,91
64,19,122,85,59,70,137,88,75,125
64,20,195,148,53,72,121,171,133,161
64,21,207,99,98,229,1,131,9,151
64,22,242,19,165,157,122,132,116,124
64,23,85,111,59,218,194,158,231,60
64,24,39,3,116,210,11,220,157,15
64,25,37,13,19,20,145,155,211,208
64,26,86,52,53,118,96,203,54,204
64,27,28,177,33,206,172,139,233,169
64,28,190,152,72,147,47,111,102,26
64,29,164,21,1,158,20,89,69,132
64,30,197,250,63,91,115,204,77,139
64,31,59,228,30,33,229,183,167,137
64,32,123,19,47,18,76,85,159,247
64,33,234,95,56,74,11,81,75,205
64,34,191,240,72,1,64,195,220,10
64,35,167,191,36,202,235,43,185,10
64,36,49,142,153,188,26,74,248,125
64,37,58,229,22,124,115,175,126,78
64,38,92,0,80,118,119,127,212,88
64,39,189,244,122,197,129,70,183,44
65,0,35,34,101,197,79,179,9,48
65,1,47,155,97,62,146,75,171,123
65,2,38,249,20,130,210,252,109,149
65,3,226,26,211,230,233,236,37,228
65,4,200,15,102,61,241,245,144,105
65,5,188,236,90,220,43,235,239,198
65,6,157,182,14,57,39,79,196,156
65,7,36,199,185,23,112,47,76,204
65,8,35,239,179,52,148,72,237,57
65,9,203,180,197,207,143,99,198,169
65,10,88,157,167,19,208,182,122,26
65,11,111,183,42,188,50,107,74,34
65,12,39,220,3,116,193,238,144,253
65,13,112,29,37,219,99,204,138,154
65,14,52,86,229,161,54,64,106,200
65,15,213,177,172,36,147,162,166,204
65,16,243,26,152,252,174,189,181,134
65,17,20,242,89,226,115,243,198,5
65,18,170,197,171,97,176,192,131,77
65,19,229,75,122,167,233,51,137,125
65,20,35,195,239,72,191,148,237,179
65,21,180,203,207,136,155,99,169,228
65,22,88,165,157,116,167,240,124,247
65,23,39,188,50,172,111,34,181,205
65,24,39,3,251,238,43,253,22,220
65,25,13,112,37,211,206,204,5,210
65,26,118,86,64,54,149,204,132,41
65,27,166,172,139,177,206,126,74,182
65,28,72,96,152,165,243,173,61,160
65,29,102,161,1,5,69,89,204,244
65,30,77,170,176,91,97,175,169,171
65,31,95,59,229,122,130,88,137,167
65,32,158,98,255,47,149,99,194,236
65,33,126,190,220,81,232,4,146,41
65,34,116,34,10,246,169,161,1,97
65,35,202,167,36,11,235,14,93,129
65,36,188,153,78,70,166,207,154,10
65,37,163,58,22,115,103,199,219,124
65,38,92,118,148,127,71,212,189,93
65,39,2,189,70,38,69,248,213,25
66,0,144,188,92,62,155,4,186,211
66,1,198,202,14,72,193,167,124,118
66,2,188,193,79,187,216,92,170,143
66,3,56,22,197,243,201,182,69,156
66,4,134,175,94,152,28,147,98,132
66,5,60,0,164,58,71,83,237,77
66,6,12,113,30,82,125,152,249,69
66,7,142,246,75,183,175,132,39,3
66,8,53,148,72,59,195,240,121,85
66,9,99,134,1,28,97,254,3,154
66,10,207,217,149,26,245,190,147,233
66,11,97,32,44,153,204,223,59,137
66,12,21,38,2,50,10,13,208,244
66,13,34,13,180,211,0,208,130,170
66,14,132,21,113,44,73,204,173,54
66,15,74,147,206,90,92,235,170,139
66,16,230,172,191,82,37,183,7,234
66,17,69,161,225,233,44,8,209,244
66,18,77,176,108,129,98,143,116,171
66,19,48,208,129,115,59,95,122,125
66,20,195,148,53,72,121,85,143,118
66,21,99,32,143,207,195,154,124,233
66,22,116,233,146,207,135,217,149,245
66,23,37,204,70,32,63,44,99,252
66,24,50,21,38,238,244,157,116,131
66,25,211,0,13,208,20,130,240,183
66,26,196,132,64,54,248,73,161,162
66,27,139,74,130,35,206,12,126,147
66,28,243,102,230,219,59,254,56,151
66,29,225,161,1,19,69,94,244,21
66,30,176,77,143,108,116,171,225,66
66,31,157,49,149,229,95,59,88,122
66,32,146,12,57,19,92,255,6,78
66,33,162,61,146,47,181,56,133,137
66,34,249,121,191,166,169,195,143,182
66,35,136,202,129,11,36,235,171,38
66,36,78,153,188,32,160,136,7,4
66,37,163,214,199,22,101,103,243,175
66,38,87,198,46,93,242,61,118,225
66,39,75,251,129,189,235,253,70,127
67,0,142,166,97,150,113,215,205,210
67,1,87,34,26,5,139,177,40,64
67,2,252,125,35,40,164,25,37,240
67,3,46,146,27,255,98,153,37,84
67,4,14,161,67,240,167,201,181,15
67,5,235,83,58,71,0,191,175,130
67,6,215,129,113,125,12,82,102,255
67,7,176,185,91,187,225,2,132,199
67,8,33,53,148,195,59,72,174,85
67,9,132,99,39,207,126,1,28,83
67,10,248,70,126,26,132,137,213,76
67,11,36,174,111,14,63,32,34,188
67,12,160,242,21,116,238,39,239,3
67,13,33,13,20,112,145,130,211,45
67,14,147,204,161,54,106,132,214,44
67,15,147,65,177,98,213,235,74,34
67,16,156,151,152,172,26,243,72,174
67,17,110,44,69,20,57,233,149,225
67,18,128,77,97,176,226,192,171,13
67,19,12,229,122,120,115,125,137,10
67,20,195,33,174,148,205,185,72,253
67,21,132,126,207,44,39,141,177,229
67,22,116,165,248,168,124,126,41,240
67,23,36,136,252,172,251,50,249,188
67,24,242,238,39,69,87,239,3,253
67,25,104,13,33,20,210,37,206,130
67,26,147,64,50,209,107,118,200,95
67,27,97,65,92,72,27,154,139,182
67,28,255,151,243,156,84,165,66,143
67,29,57,161,110,29,127,165,149,186
67,30,128,176,77,171,169,105,98,132
67,31,12,191,229,122,95,208,234,188
67,32,238,158,255,113,11,52,230,132
67,33,41,190,137,67,241,17,88,223
67,34,88,97,34,169,161,108,243,0
67,35,46,202,97,11,235,194,130,106
67,36,78,188,60,207,92,94,106,55
67,37,163,92,219,59,121,137,61,80
67,38,239,92,198,31,205,180,159,93
67,39,189,2,253,63,140,173,22,190
68,0,188,191,144,62,32,137,92,4
68,1,173,191,185,32,255,167,144,198
68,2,125,61,76,223,205,240,170,56
68,3,22,247,201,192,109,121,153,69
68,4,203,134,175,140,208,43,221,38
68,5,0,60,58,83,164,71,77,111
68,6,12,113,125,30,82,123,102,249
68,7,4,228,183,132,225,142,39,246
68,8,53,148,59,38,72,85,233,161
68,9,99,134,28,1,3,254,97,101
68,10,26,207,149,233,245,190,217,135
68,11,216,136,61,97,44,32,204,37
68,12,21,38,13,50,115,2,244,239
68,13,34,13,0,180,158,208,21,20
68,14,132,21,113,34,44,171,173,17
68,15,74,97,206,90,170,0,139,145
68,16,234,191,172,195,82,37,24,166
68,17,69,161,8,244,233,140,210,169
68,18,77,116,176,54,129,141,143,98
68,19,48,129,208,24,115,99,124,125
68,20,195,53,148,121,85,72,143,233
68,21,32,99,207,143,233,183,229,135
68,22,116,233,207,146,245,135,26,122
68,23,136,37,133,32,70,204,180,216
68,24,242,50,238,244,115,38,21,116
68,25,0,13,20,240,208,130,183,45
68,26,132,92,171,196,50,153,161,17
68,27,130,206,97,139,74,189,92,35
68,28,151,243,255,230,212,59,102,219
68,29,119,94,161,21,1,88,244,27
68,30,77,176,105,99,91,225,151,129
68,31,23,249,229,191,49,59,149,157
68,32,146,19,57,12,6,109,255,11
68,33,162,133,90,56,61,81,137,108
68,34,109,191,166,169,246,10,195,121
68,35,46,202,167,235,8,79,11,36
68,36,188,153,78,176,136,93,149,154
68,37,163,58,103,22,199,234,19,101
68,38,92,118,127,61,189,198,131,31
68,39,75,189,129,70,235,163,11,139
69,0,150,142,166,97,113,215,123,205
69,1,87,139,64,177,5,216,12,247
69,2,252,205,35,214,55,128,7,37
69,3,27,146,46,204,153,98,192,142
69,4,14,67,161,240,167,201,181,81
69,5,224,235,0,85,58,214,191,25
69,6,54,12,125,30,129,212,215,106
69,7,176,185,4,225,104,183,132,187
69,8,33,53,148,72,174,195,59,107
69,9,132,99,39,126,28,207,1,228
69,10,248,26,167,100,116,76,132,61
69,11,36,136,204,111,20,174,14,74
69,12,242,160,21,144,238,39,239,213
69,13,33,13,104,34,205,20,130,208
69,14,147,50,113,132,161,44,171,204
69,15,65,189,166,147,213,74,206,34
69,16,156,151,243,134,72,255,152,252
69,17,110,119,44,69,57,226,149,242
69,18,128,176,77,171,192,131,13,112
69,19,229,12,120,122,115,72,125,208
69,20,33,195,148,53,174,72,161,100
69,21,132,207,126,99,39,229,143,177
69,22,248,165,116,240,124,41,126,132
69,23,36,20,140,34,50,136,204,134
69,24,144,242,39,22,116,3,43,238
69,25,13,33,104,210,20,208,142,206
69,26,118,147,50,132,64,96,204,54
69,27,206,139,65,97,72,170,166,74
69,28,156,72,243,151,255,47,145,250
69,29,1,57,110,222,244,204,161,119
69,30,77,128,91,148,175,176,171,225
69,31,12,229,59,122,120,95,137,191
69,32,158,238,113,47,255,194,236,99
69,33,190,41,81,136,220,108,146,232
69,34,88,161,97,169,34,246,10,19
69,35,202,46,167,11,79,235,36,103
69,36,188,207,78,153,160,154,239,176
69,37,163,103,58,22,199,115,59,200
69,38,92,127,118,239,198,189,159,205
69,39,189,213,2,70,69,248,16,129
70,0,120,148,191,217,16,207,211,78
70,1,251,191,3,71,1,167,173,100
70,2,76,205,228,61,79,170,91,7
70,3,201,249,161,22,155,56,216,192
70,4,216,134,203,152,147,46,29,38
70,5,0,18,210,83,129,71,56,23
70,6,92,12,19,125,82,72,102,43
70,7,4,225,132,137,187,142,140,158
70,8,53,148,225,59,72,171,249,161
70,9,99,207,90,134,81,209,28,143
70,10,109,116,250,207,233,190,245,122
70,11,186,15,32,165,97,153,134,14
70,12,21,47,115,38,50,244,10,2
70,13,13,34,20,210,208,215,16,170
70,14,171,132,44,161,220,196,73,162
70,15,130,74,35,147,206,60,170,37
70,16,172,243,230,56,191,120,10,255
70,17,115,233,44,69,126,8,19,158
70,18,77,92,112,13,192,138,53,129
70,19,229,59,60,115,180,48,88,240
70,20,47,195,121,53,85,148,72,100
70,21,99,207,44,143,229,6,174,166
70,22,109,122,116,146,233,165,70,135
70,23,70,99,238,32,136,44,14,37
70,24,47,50,115,242,210,20,103,157
70,25,13,20,0,183,210,240,87,137
70,26,171,196,144,132,64,204,50,73
70,27,35,112,178,130,74,139,206,170
70,28,10,56,59,243,230,105,72,53
70,29,126,19,119,1,157,245,149,244
70,30,18,77,143,151,66,98,176,91
70,31,55,157,99,83,249,229,37,59
70,32,58,248,19,173,12,120,78,229
70,33,176,81,133,250,108,137,146,74
70,34,15,249,80,166,143,169,121,211
70,35,106,202,95,79,194,11,103,46
70,36,21,228,188,17,92,78,153,138
70,37,244,214,163,103,243,92,110,200
70,38,43,141,135,52,177,239,198,195
70,39,37,5,209,112,77,127,243,66
71,0,241,54,156,244,50,132,15,16
71,1,251,208,3,195,71,100,197,14
71,2,148,136,7,192,92,213,76,223
71,3,201,216,22,155,16,23,163,180
71,4,216,134,152,175,147,94,206,203
71,5,0,64,77,58,56,164,71,210
71,6,82,195,92,72,102,212,12,30
71,7,4,142,183,166,158,246,175,225
71,8,148,53,47,72,59,121,85,22
71,9,99,134,32,3,90,229,101,97
71,10,233,207,116,245,250,146,109,117
71,11,202,170,97,59,186,137,237,134
71,12,50,2,10,21,38,208,111,47
71,13,34,13,0,185,208,174,19,136
71,14,132,162,44,17,34,153,247,173
71,15,206,90,74,139,145,151,60,122
71,16,230,191,56,37,82,195,169,102
71,17,244,8,161,19,210,69,27,4
71,18,77,250,26,146,98,116,66,143
71,19,60,59,129,208,248,48,240,44
71,20,53,47,148,121,161,171,100,85
71,21,99,122,32,74,207,134,143,174
71,22,207,233,245,146,116,122,5,135
71,23,59,134,186,231,70,33,170,97
71,24,244,50,58,210,21,47,116,10
71,25,34,208,0,13,101,183,140,203
71,26,153,132,196,252,78,73,171,248
71,27,178,206,74,139,60,35,146,112
71,28,230,56,105,191,234,102,82,59
71,29,19,9,69,204,161,244,1,119
71,30,116,77,143,151,217,64,66,98
71,31,37,157,249,59,95,229,60,43
71,32,248,78,12,19,162,28,92,140
71,33,133,250,198,74,176,162,167,108
71,34,249,15,5,191,166,80,195,164
71,35,121,136,202,106,77,46,176,167
71,36,21,188,138,228,78,92,160,153
71,37,214,110,244,113,103,53,137,109
71,38,156,149,185,141,197,177,166,198
71,39,209,251,83,5,66,142,235,127
72,0,209,240,17,210,52,93,159,198
72,1,68,195,215,197,208,251,183,71
72,2,148,136,150,191,7,215,92,137
72,3,216,87,22,201,155,204,182,192
72,4,216,134,175,152,203,221,94,104
72,5,0,164,77,210,58,64,23,130
72,6,82,125,12,19,92,43,123,178
72,7,4,183,225,185,246,142,132,108
72,8,53,148,59,72,121,91,85,162
72,9,134,99,3,28,79,90,44,229
72,10,207,116,233,190,245,250,132,8
72,11,59,220,97,170,32,134,222,19
72,12,21,38,210,115,50,2,208,244
72,13,34,13,208,130,170,145,174,165
72,14,132,44,161,171,162,34,128,252
72,15,147,74,206,139,90,145,60,170
72,16,172,191,56,230,168,82,195,189
72,17,115,69,19,21,8,44,233,244
72,18,77,250,192,138,92,13,98,53
72,19,44,115,59,60,85,48,88,208
72,20,121,195,53,148,85,72,161,118
72,21,99,207,44,143,131,229,161,85
72,22,116,165,146,132,207,122,137,147
72,23,220,59,32,136,238,222,201,44
72,24,50,115,242,210,116,11,157,39
72,25,101,13,130,0,183,19,208,219
72,26,171,96,204,196,132,167,50,44
72,27,169,206,28,177,98,130,249,146
72,28,193,219,102,72,59,82,230,190
72,29,94,19,1,119,88,21,61,89
72,30,91,77,162,250,232,116,63,225
72,31,249,59,157,183,88,34,43,137
72,32,162,12,19,125,47,254,146,179
72,33,56,181,81,162,75,139,167,133
72,34,195,5,191,44,246,10,143,73
72,35,202,167,235,11,210,46,103,236
72,36,188,78,153,92,10,160,115,248
72,37,163,113,103,22,65,78,16,86
72,38,135,243,118,127,119,92,35,169
72,39,129,243,252,117,70,44,158,189
73,0,141,235,190,115,81,208,61,253
73,1,155,93,47,244,182,46,11,197
73,2,38,17,88,252,210,40,164,145
73,3,37,235,187,231,133,77,152,142
73,4,102,142,15,236,222,214,128,13
73,5,186,193,90,235,6,153,224,58
73,6,54,167,196,153,246,79,156,125
73,7,185,199,36,29,23,76,108,116
73,8,53,89,72,116,148,234,57,133
73,9,94,164,29,99,207,161,228,197
73,10,198,130,169,70,207,132,116,137
73,11,136,189,174,107,111,204,161,134
73,12,39,242,160,63,74,26,128,134
73,13,219,13,43,47,147,154,130,210
73,14,50,137,64,51,124,52,171,106
73,15,147,177,81,162,165,148,213,200
73,16,5,243,152,252,196,72,170,189
73,17,119,115,89,250,35,64,61,172
73,18,57,13,179,192,77,126,50,187
73,19,75,109,130,30,249,20,229,26
73,20,234,191,56,33,72,107,239,180
73,21,207,29,126,164,94,161,197,131
73,22,198,130,169,165,234,113,70,116
73,23,136,189,161,107,174,34,54,206
73,24,242,74,63,160,26,15,39,3
73,25,147,13,43,61,134,130,210,97
73,26,20,124,137,50,118,148,51,64
73,27,200,81,162,189,181,206,139,58
73,28,43,133,72,5,151,152,210,243
73,29,119,76,172,89,87,250,57,1
73,30,179,163,91,187,77,139,201,16
73,31,116,109,12,132,59,30,205,226
73,32,119,223,178,47,181,131,184,90
73,33,93,81,83,129,215,86,72,22
73,34,82,181,130,96,107,132,105,62
73,35,167,36,202,89,160,235,245,197
73,36,222,102,153,203,74,103,75,80
73,37,24,54,141,124,175,51,160,6
73,38,64,252,117,237,180,159,11,82
73,39,186,173,190,95,208,67,223,133
74,0,38,54,167,193,244,112,44,94
74,1,46,47,58,105,188,122,249,246
74,2,128,145,53,140,158,245,156,98
74,3,26,230,233,78,117,118,103,143
74,4,67,81,144,245,91,45,248,95
74,5,90,188,43,47,224,109,193,214
74,6,60,54,215,153,143,173,138,140
74,7,176,117,229,36,70,221,54,23
74,8,116,239,104,179,57,73,237,33
74,9,126,191,171,116,113,197,30,198
74,10,248,167,36,182,211,212,238,82
74,11,233,162,140,133,36,112,74,73
74,12,93,144,74,44,193,242,39,134
74,13,33,134,154,147,6,61,3,138
74,14,147,50,51,86,52,64,106,137
74,15,213,162,189,148,177,204,243,127
74,16,156,243,151,134,252,170,174,152
74,17,5,110,20,57,242,226,89,76
74,18,131,128,179,203,192,126,187,13
74,19,120,12,75,229,72,30,109,226
74,20,239,33,191,80,234,224,185,61
74,21,126,116,191,47,198,207,73,164
74,22,248,161,247,236,157,91,165,240
74,23,140,36,181,111,47,106,189,3
74,24,93,39,44,154,3,253,193,145
74,25,6,33,142,204,66,32,206,93
74,26,118,147,86,52,54,106,167,109
74,27,162,233,200,250,204,54,72,181
74,28,156,43,152,170,151,133,47,253
74,29,5,57,230,158,89,142,20,76
74,30,226,192,135,203,128,139,177,251
74,31,226,12,30,120,167,33,108,59
74,32,223,178,206,47,119,158,159,181
74,33,74,83,81,40,93,73,72,41
74,34,21,116,82,1,186,181,141,34
74,35,167,244,214,10,36,224,212,89
74,36,129,70,74,203,239,153,181,248
74,37,58,124,104,62,21,229,147,48
74,38,92,148,117,252,147,65,245,180
74,39,238,78,189,95,38,243,67,223
75,0,140,112,43,238,200,173,30,58
75,1,46,47,188,137,249,181,39,20
75,2,20,186,140,128,165,53,72,217
75,3,117,103,233,119,26,183,230,78
75,4,193,81,245,145,144,120,249,140
75,5,85,106,145,239,255,224,158,111
75,6,12,254,230,124,21,207,206,26
75,7,142,225,185,199,175,88,106,158
75,8,53,148,72,59,85,195,161,151
75,9,99,134,1,207,229,179,28,53
75,10,176,23,116,43,245,78,26,134
75,11,42,111,56,204,110,239,214,97
75,12,10,2,21,111,50,116,244,202
75,13,34,158,208,205,174,130,14,95
75,14,34,132,173,44,17,161,162,239
75,15,206,90,74,12,122,145,60,129
75,16,191,74,234,24,172,125,195,171
75,17,8,244,69,220,232,58,210,204
75,18,77,54,98,143,58,64,84,92
75,19,208,124,129,219,115,112,118,67
75,20,53,148,100,161,185,116,150,118
75,21,99,143,74,32,195,233,207,214
75,22,160,245,116,178,26,207,78,30
75,23,80,111,204,242,146,56,180,141
75,24,244,51,195,116,204,111,173,229
75,25,34,158,208,37,252,95,130,183
75,26,132,78,248,130,161,17,252,153
75,27,206,74,139,100,122,145,177,170
75,28,74,191,173,165,37,171,26,125
75,29,161,150,204,244,1,51,8,165
75,30,77,4,64,118,84,91,122,98
75,31,59,137,61,124,63,203,67,95
75,32,33,47,178,236,7,151,30,240
75,33,192,81,16,75,227,146,74,196
75,34,16,246,141,211,247,98,61,10
75,35,202,167,194,36,11,235,68,7
75,36,188,235,10,110,89,153,78,119
75,37,124,21,104,89,147,58,105,35
75,38,92,148,79,127,27,118,212,94
75,39,238,242,78,243,38,70,2,189
76,0,88,67,200,140,238,206,173,59
76,1,47,181,46,192,140,152,36,33
76,2,62,20,82,186,160,197,165,21
76,3,233,117,103,106,150,119,76,194
76,4,193,62,9,20,235,114,120,199
76,5,230,85,239,237,160,145,13,189
76,6,118,96,89,140,193,110,12,199
76,7,176,145,221,72,142,225,47,52
76,8,239,53,148,195,72,59,237,111
76,9,126,53,99,113,201,143,69,122
76,10,215,231,93,76,115,183,227,129
76,11,181,51,224,41,28,111,162,196
76,12,102,212,88,213,154,62,4,144
76,13,142,6,34,251,208,5,205,145
76,14,204,132,147,106,161,54,200,211
76,15,147,206,117,191,139,195,237,235
76,16,72,170,252,203,172,250,243,191
76,17,69,89,1,8,44,161,248,20
76,18,77,91,192,138,171,166,226,127
76,19,122,59,115,88,212,137,26,4
76,20,195,148,53,72,133,161,11,233
76,21,99,207,1,143,229,208,210,117
76,22,234,132,116,165,160,156,34,78
76,23,80,60,111,140,162,204,134,193
76,24,116,39,144,3,193,10,71,163
76,25,145,208,219,130,93,45,204,5
76,26,204,96,167,52,181,132,54,154
76,27,206,139,147,228,101,177,56,255
76,28,72,156,152,20,210,250,170,80
76,29,1,158,5,89,26,101,230,200
76,30,91,192,128,226,77,139,203,135
76,31,120,59,122,226,137,12,30,132
76,32,223,206,47,178,60,158,50,65
76,33,81,41,74,190,40,72,33,83
76,34,82,116,181,213,34,97,21,141
76,35,244,167,214,36,224,10,202,89
76,36,129,70,74,239,153,203,24,188
76,37,104,58,124,147,57,21,14,22
76,38,92,27,148,79,127,118,212,84
76,39,243,110,78,242,38,70,12,69
77,0,70,124,62,222,231,175,73,211
77,1,245,124,42,204,14,33,163,118
77,2,3,193,60,143,49,157,5,158
77,3,197,25,199,159,243,167,225,36
77,4,154,200,152,175,192,121,250,132
77,5,153,251,136,165,0,120,94,50
77,6,161,102,14,171,52,209,100,213
77,7,185,120,32,76,35,38,175,158
77,8,133,16,148,224,23,72,53,171
77,9,207,99,1,161,229,255,137,61
77,10,59,242,165,122,132,116,119,225
77,11,194,60,59,141,218,231,191,85
77,12,208,39,116,176,3,193,239,238
77,13,219,93,145,212,45,13,19,66
77,14,96,167,67,44,106,204,53,231
77,15,12,147,54,215,71,213,92,204
77,16,190,53,252,243,170,189,72,46
77,17,89,62,20,158,115,69,200,1
77,18,219,250,203,139,201,91,177,130
77,19,226,85,132,247,30,99,229,59
77,20,133,224,148,23,72,171,61,233
77,21,207,251,229,1,198,137,197,161
77,22,59,242,122,157,116,136,225,156
77,23,194,85,141,60,59,218,231,181
77,24,3,39,145,189,210,224,15,115
77,25,93,13,219,20,25,239,98,204
77,26,86,53,67,118,171,96,107,106
77,27,28,172,215,80,130,54,229,206
77,28,163,152,190,72,111,47,50,210
77,29,89,62,21,20,158,19,93,18
77,30,201,197,250,139,91,63,219,16
77,31,132,167,33,36,226,229,61,183
77,32,85,123,19,151,47,136,237,50
77,33,81,139,95,68,205,72,74,198
77,34,191,181,195,105,1,194,72,114
77,35,43,36,191,167,71,14,89,185
77,36,26,99,61,101,125,85,191,10
77,37,89,124,24,16,66,229,194,175
77,38,0,8,180,147,35,61,31,21
77,39,63,173,189,197,146,182,67,24
78,0,34,35,101,79,197,179,30,9
78,1,47,97,62,146,155,107,171,151
78,2,130,38,174,109,155,210,80,14
78,3,226,26,233,166,230,211,236,3
78,4,200,15,245,61,72,144,102,241
78,5,43,94,188,109,153,112,220,165
78,6,14,182,161,76,157,171,36,79
78,7,36,76,120,185,43,229,35,237
78,8,35,239,179,61,80,224,133,52
78,9,180,203,161,197,198,207,73,18
78,10,59,88,157,196,187,167,182,212
78,11,81,47,42,205,39,50,191,34
78,12,193,39,145,3,192,220,189,224
78,13,112,29,3,219,20,239,204,121
78,14,236,229,52,8,118,87,128,57
78,15,213,172,36,153,168,243,2,17
78,16,243,134,174,252,228,210,152,46
78,17,198,89,168,20,242,226,137,94
78,18,170,13,197,201,203,177,37,139
78,19,229,132,75,226,204,201,233,30
78,20,191,237,11,224,133,235,61,197
78,21,155,251,180,207,232,222,1,252
78,22,59,88,136,170,215,199,93,249
78,23,39,141,188,205,173,253,172,181
78,24,189,145,192,193,70,175,251,16
78,25,13,204,206,93,57,112,119,20
78,26,107,200,64,209,159,102,9,254
78,27,172,187,80,215,184,153,150,126
78,28,163,152,72,210,89,134,108,50
78,29,89,137,102,161,18,242,35,168
78,30,201,170,85,13,139,122,77,24
78,31,204,132,229,36,201,61,143,33
78,32,151,158,47,149,13,98,237,175
78,33,72,81,126,190,241,82,108,220
78,34,116,181,105,114,153,37,107,108
78,35,36,14,104,167,97,198,71,202
78,36,102,60,245,7,10,136,153,64
78,37,89,36,124,24,137,130,194,80
78,38,254,31,180,62,73,112,77,191
78,39,63,173,2,146,189,22,67,95
79,0,81,222,254,208,139,203,60,70
79,1,51,149,9,89,153,167,193,191
79,2,184,223,80,188,153,216,194,130
79,3,166,36,196,243,154,69,56,212
79,4,233,175,90,160,61,140,132,195
79,5,153,77,251,0,50,60,58,218
79,6,171,12,102,168,209,76,177,26
79,7,185,175,38,76,35,245,24,39
79,8,148,53,72,133,16,59,23,63
79,9,99,1,207,44,251,255,229,161
79,10,59,132,146,156,217,20,116,234
79,11,37,60,141,71,204,201,32,44
79,12,208,163,116,145,39,48,161,176
79,13,212,13,93,45,145,47,19,219
79,14,204,231,44,64,167,106,214,96
79,15,147,12,95,165,238,204,98,242
79,16,53,59,102,51,112,189,72,252
79,17,89,69,62,1,152,248,35,214
79,18,77,138,91,43,229,66,204,13
79,19,212,47,122,30,59,75,35,26
79,20,148,133,72,195,53,23,220,41
79,21,1,251,99,229,207,161,44,255
79,22,59,116,156,234,20,132,170,146
79,23,60,71,141,37,70,204,201,107
79,24,50,39,163,119,116,145,157,20
79,25,13,93,0,219,145,212,45,130
79,26,204,196,214,67,96,106,167,64
79,27,12,35,147,79,95,98,130,206
79,28,72,193,53,243,152,219,102,82
79,29,89,62,1,94,88,152,54,21
79,30,139,91,197,201,66,162,151,77
79,31,247,212,229,47,183,59,33,88
79,32,144,47,19,151,125,179,255,173
79,33,47,84,81,132,139,82,72,203
79,34,103,128,191,181,166,44,143,37
79,35,36,14,167,10,9,202,58,97
79,36,153,188,74,44,115,39,93,10
79,37,124,89,65,101,22,16,66,80
79,38,212,175,118,242,191,61,35,16
79,39,219,129,70,117,174,197,189,77
80,0,141,190,81,208,115,235,221,253
80,1,47,155,93,182,46,244,235,197
80,2,80,4,184,111,130,162,164,156
80,3,187,37,235,231,133,77,152,119
80,4,142,15,102,236,222,128,95,87
80,5,153,193,109,94,73,71,120,90
80,6,171,36,196,76,79,153,12,167
80,7,36,76,185,23,29,229,35,64
80,8,116,133,89,224,234,57,164,23
80,9,161,164,116,94,198,197,29,207
80,10,59,169,130,196,198,187,247,165
80,11,189,174,107,60,128,160,255,185
80,12,39,63,74,26,193,208,134,93
80,13,219,93,43,66,154,47,147,13
80,14,64,167,137,51,52,106,159,124
80,15,162,165,147,213,148,242,4,81
80,16,252,170,243,80,5,51,152,46
80,17,89,20,64,115,250,35,87,172
80,18,43,179,57,177,13,203,197,126
80,19,75,109,30,226,26,20,130,116
80,20,234,191,56,207,239,180,33,133
80,21,164,126,29,207,94,161,197,73
80,22,198,234,169,130,247,199,207,165
80,23,189,161,107,128,206,172,171,177
80,24,74,63,26,15,39,193,160,3
80,25,147,43,61,13,134,93,210,211
80,26,148,137,124,51,209,20,118,64
80,27,200,81,181,162,69,242,217,58
80,28,43,133,5,151,152,243,170,213
80,29,76,172,57,87,250,89,20,119
80,30,179,187,155,163,135,201,139,16
80,31,116,109,12,205,30,226,4,122
80,32,178,119,223,181,47,131,159,184
80,33,93,83,81,86,215,72,207,74
80,34,82,21,1,130,33,96,201,141
80,35,167,36,235,197,10,160,164,76
80,36,222,153,70,248,74,129,103,245
80,37,24,118,6,58,229,175,54,86
80,38,64,252,159,237,104,117,65,180
80,39,186,190,173,127,223,91,20,67
81,0,38,54,167,193,112,44,94,244
81,1,46,47,58,122,105,188,246,201
81,2,156,128,140,53,241,74,245,98
81,3,26,230,233,78,118,143,117,103
81,4,81,144,67,245,213,91,248,45
81,5,109,90,188,43,47,224,78,193
81,6,215,60,143,36,131,76,12,187
81,7,176,117,229,54,52,22,221,70
81,8,116,239,104,245,73,57,33,237
81,9,126,116,191,171,113,30,155,198
81,10,248,191,182,151,212,238,115,211
81,11,140,233,36,133,112,162,205,224
81,12,93,144,193,134,44,175,74,254
81,13,33,6,3,44,61,138,104,251
81,14,147,50,86,125,189,51,211,52
81,15,189,162,148,213,243,204,127,254
81,16,156,151,134,243,174,252,170,141
81,17,110,5,20,57,226,166,242,200
81,18,203,128,131,177,179,126,192,226
81,19,120,75,12,229,72,30,226,109
81,20,239,33,80,191,185,224,61,234
81,21,126,116,191,47,198,73,207,155
81,22,161,91,247,248,157,236,165,187
81,23,140,36,181,111,106,47,3,189
81,24,93,39,44,154,145,192,253,3
81,25,6,33,127,204,66,206,142,13
81,26,118,147,52,86,106,167,54,28
81,27,233,250,162,54,200,204,121,217
81,28,156,43,152,170,151,253,20,252
81,29,5,57,230,158,142,17,200,20
81,30,203,226,135,192,128,251,177,139
81,31,226,12,30,167,120,228,108,42
81,32,223,178,119,206,159,181,158,47
81,33,74,93,83,40,73,81,72,41
81,34,21,116,82,186,1,141,34,251
81,35,214,167,244,10,212,224,36,61
81,36,129,70,74,239,198,181,248,68
81,37,58,62,104,229,105,48,124,57
81,38,92,148,147,166,245,65,180,252
81,39,238,189,38,78,95,50,243,190
82,0,140,112,43,200,238,30,173,58
82,1,46,47,188,137,39,181,249,147
82,2,186,156,140,204,51,165,20,241
82,3,103,117,233,38,119,26,183,78
82,4,81,245,145,193,144,120,213,61
82,5,145,85,106,239,132,255,158,56
82,6,12,26,230,102,209,124,21,254
82,7,175,185,245,142,5,81,227,88
82,8,53,148,72,133,23,59,195,151
82,9,99,1,207,179,63,229,255,251
82,10,217,116,176,156,134,132,148,23
82,11,204,60,42,32,12,239,56,33
82,12,10,163,116,161,176,250,238,2
82,13,34,212,208,145,58,45,83,248
82,14,132,204,44,21,17,164,67,54
82,15,235,147,139,74,98,227,206,12
82,16,191,172,74,104,112,117,59,234
82,17,69,44,192,161,1,109,233,152
82,18,77,138,92,152,224,175,64,176
82,19,212,115,180,122,95,101,114,246
82,20,148,53,195,72,161,133,118,248
82,21,99,1,214,252,95,229,143,117
82,22,148,160,172,147,217,156,223,254
82,23,80,32,204,193,63,60,239,74
82,24,161,239,163,173,10,244,176,116
82,25,34,208,45,58,212,145,136,248
82,26,204,132,55,17,21,252,0,78
82,27,98,139,147,235,206,92,69,1
82,28,74,191,172,158,104,26,112,117
82,29,161,69,150,1,192,44,152,45
82,30,77,138,92,4,44,225,140,175
82,31,212,122,95,180,115,59,143,125
82,32,33,255,241,104,236,178,175,117
82,33,192,110,74,95,50,146,234,203
82,34,16,246,244,123,254,211,10,116
82,35,202,53,14,11,206,36,79,220
82,36,188,153,154,110,244,118,78,160
82,37,104,238,58,52,219,57,147,103
82,38,148,92,79,27,84,118,127,94
82,39,238,243,78,38,242,70,2,46
83,0,88,67,200,140,238,206,59,173
83,1,47,181,46,192,152,140,249,33
83,2,62,186,165,197,82,160,51,241
83,3,233,103,117,106,150,76,38,194
83,4,193,62,61,235,120,9,199,20
83,5,230,109,145,239,237,160,85,189
83,6,118,140,89,96,97,239,110,12
83,7,176,145,52,47,72,221,34,207
83,8,239,80,245,19,237,106,53,73
83,9,53,126,113,1,99,34,69,229
83,10,215,93,231,115,76,227,129,183
83,11,183,51,181,28,224,41,73,205
83,12,154,102,212,214,62,39,4,189
83,13,219,251,93,142,212,145,208,6
83,14,204,106,167,231,54,161,214,67
83,15,147,206,139,195,3,117,80,169
83,16,170,72,74,252,32,250,45,172
83,17,89,69,8,229,211,1,200,124
83,18,77,91,138,22,203,166,191,127
83,19,59,30,137,122,183,88,115,124
83,20,53,148,133,72,220,195,171,207
83,21,207,99,251,117,1,198,73,161
83,22,234,116,160,165,132,78,191,42
83,23,80,60,56,204,170,255,102,254
83,24,163,39,116,125,18,144,71,62
83,25,219,93,208,113,76,95,145,20
83,26,167,96,231,67,179,138,214,156
83,27,206,3,71,139,110,100,26,147
83,28,72,170,80,20,0,108,210,74
83,29,89,158,26,1,150,161,200,230
83,30,91,128,203,155,177,221,201,226
83,31,120,166,226,30,59,229,173,12
83,32,223,206,60,178,158,47,237,50
83,33,41,74,190,81,40,72,33,93
83,34,82,116,213,21,34,97,141,251
83,35,244,214,167,10,224,36,212,3
83,36,129,239,70,198,74,24,153,203
83,37,104,58,147,57,124,48,105,21
83,38,92,27,148,79,84,118,127,212
83,39,243,110,78,38,242,12,70,69
84,0,41,86,212,29,65,218,236,2
84,1,124,255,186,118,33,144,233,240
84,2,139,60,77,193,118,49,79,255
84,3,30,25,159,177,199,225,118,95
84,4,216,149,154,200,54,192,152,160
84,5,213,115,251,23,153,155,165,218
84,6,157,14,135,79,171,148,52,56
84,7,61,32,76,120,36,35,185,14
84,8,157,61,220,224,80,110,133,52
84,9,240,198,161,197,120,73,98,207
84,10,122,165,17,234,157,111,81,220
84,11,186,49,111,3,209,47,143,195
84,12,191,166,39,138,193,157,128,134
84,13,142,6,113,219,168,154,99,111
84,14,106,52,231,96,28,131,167,189
84,15,116,213,37,240,204,250,71,233
84,16,243,252,170,46,119,152,156,32
84,17,157,20,110,17,230,78,158,243
84,18,203,177,112,192,72,108,135,130
84,19,228,75,30,229,226,120,201,77
84,20,157,185,80,191,35,61,224,107
84,21,240,198,73,156,47,151,207,120
84,22,17,157,91,165,187,122,161,81
84,23,49,209,156,3,111,195,106,181
84,24,191,39,166,192,210,15,186,194
84,25,6,127,21,113,13,20,209,66
84,26,52,106,118,167,28,37,54,109
84,27,116,250,54,204,71,37,206,121
84,28,201,138,20,152,170,253,163,252
84,29,157,158,78,230,17,142,200,20
84,30,203,237,130,135,226,108,251,221
84,31,226,30,241,228,96,108,145,167
84,32,19,75,116,206,197,237,14,162
84,33,5,103,18,74,133,59,206,182
84,34,227,11,191,188,141,213,251,21
84,35,214,244,43,136,10,167,3,36
84,36,48,129,251,198,74,148,24,239
84,37,58,14,57,48,147,162,105,21
84,38,92,79,124,0,84,185,97,120
84,39,189,242,78,197,77,44,2,203
85,0,124,134,199,175,50,155,231,62
85,1,230,49,101,44,3,251,33,16
85,2,192,3,83,56,247,177,77,71
85,3,25,159,150,194,199,30,213,197
85,4,44,192,216,154,200,43,152,148
85,5,27,115,2,236,153,218,251,155
85,6,157,52,14,135,148,172,79,196
85,7,120,32,76,36,167,35,185,171
85,8,220,224,61,171,52,133,4,222
85,9,198,227,197,161,207,98,61,73
85,10,9,165,122,157,91,234,111,52
85,11,85,186,247,111,59,106,3,49
85,12,39,191,210,157,128,193,59,43
85,13,219,6,113,142,111,168,99,154
85,14,52,179,28,131,64,189,106,59
85,15,148,37,213,250,204,71,171,242
85,16,46,243,152,252,170,190,150,32
85,17,157,17,20,241,127,101,200,108
85,18,203,250,197,177,126,201,13,155
85,19,75,228,30,226,201,229,252,167
85,20,35,191,185,237,239,80,52,224
85,21,47,198,73,215,161,151,227,156
85,22,91,157,9,247,88,242,118,44
85,23,85,106,111,49,3,47,133,247
85,24,253,15,39,220,191,3,145,192
85,25,206,6,20,204,13,112,21,117
85,26,118,86,52,28,106,179,167,109
85,27,172,250,217,37,87,54,71,162
85,28,152,47,170,253,46,55,243,163
85,29,230,17,20,5,142,200,242,157
85,30,197,250,135,203,71,177,251,192
85,31,167,30,229,228,226,151,42,96
85,32,123,159,19,237,76,6,235,146
85,33,75,95,56,220,74,86,205,139
85,34,1,191,252,21,240,51,72,56
85,35,218,212,167,191,10,136,196,61
85,36,248,211,99,140,70,98,74,85
85,37,58,48,143,229,209,175,67,98
85,38,92,0,101,148,237,30,31,254
85,39,189,248,197,235,22,92,78,188
86,0,34,35,101,197,79,179,30,9
86,1,47,155,16,62,97,146,20,75
86,2,43,84,109,75,210,130,149,38
86,3,226,236,233,26,211,230,148,37
86,4,200,15,105,102,144,241,245,61
86,5,220,188,236,90,69,43,218,73
86,6,157,14,52,182,79,196,133,135
86,7,36,76,176,23,229,204,14,185
86,8,35,239,110,52,61,57,159,164
86,9,203,197,180,198,161,47,169,207
86,10,88,157,231,124,240,196,247,122
86,11,42,106,255,49,111,39,3,249
86,12,39,191,220,154,193,43,134,62
86,13,142,6,219,112,29,138,113,2
86,14,52,106,167,64,118,231,131,159
86,15,213,37,166,204,147,148,250,121
86,16,243,170,252,46,134,152,80,174
86,17,230,242,20,5,115,17,243,35
86,18,192,170,177,197,131,169,135,126
86,19,229,228,30,167,75,51,177,226
86,20,80,191,185,239,107,237,10,152
86,21,203,207,47,73,180,198,35,177
86,22,91,234,236,240,124,187,165,81
86,23,3,39,106,49,47,91,238,111
86,24,39,43,253,251,209,220,194,154
86,25,13,206,66,93,210,21,127,204
86,26,106,118,167,64,86,159,37,52
86,27,250,217,172,213,206,54,72,254
86,28,152,243,47,170,253,46,252,54
86,29,5,230,17,242,142,201,89,200
86,30,135,170,71,203,177,251,192,91
86,31,229,30,228,226,199,191,167,130
86,32,98,158,223,178,47,194,50,159
86,33,190,126,232,244,136,107,72,81
86,34,116,252,56,21,161,1,188,34
86,35,212,167,218,10,22,235,36,61
86,36,70,181,239,74,152,198,207,188
86,37,58,209,48,67,143,105,124,163
86,38,92,148,101,30,71,84,9,254
86,39,2,248,189,38,92,78,69,36
87,0,144,92,188,172,186,106,66,111
87,1,195,182,143,255,198,124,128,233
87,2,92,188,255,150,84,230,110,158
87,3,25,159,148,11,177,30,199,202
87,4,94,98,112,192,43,160,154,152
87,5,153,165,251,155,136,62,2,158
87,6,59,79,52,92,171,209,55,154
87,7,76,36,181,171,185,108,37,35
87,8,159,107,220,224,72,61,164,53
87,9,207,47,120,198,161,44,73,197
87,10,234,165,91,81,9,207,99,111
87,11,3,153,145,98,255,111,137,50
87,12,39,208,194,65,189,157,116,239
87,13,13,219,66,93,47,127,154,113
87,14,106,231,167,52,159,64,61,189
87,15,248,213,250,242,54,147,71,148
87,16,243,80,46,252,170,51,253,152
87,17,230,20,115,17,89,35,236,242
87,18,192,177,69,226,135,203,13,108
87,19,229,228,30,51,75,226,243,70
87,20,159,107,191,185,224,80,220,72
87,21,44,207,47,197,161,73,255,156
87,22,234,0,9,91,165,187,122,124
87,23,3,153,145,15,111,238,255,99
87,24,39,106,205,65,186,194,238,239
87,25,13,210,93,66,130,243,140,206
87,26,167,106,64,52,118,231,83,171
87,27,248,233,177,217,206,250,54,213
87,28,243,230,54,170,185,152,130,47
87,29,236,242,89,230,200,142,20,115
87,30,69,192,91,131,77,97,135,177
87,31,229,51,30,233,137,191,226,59
87,32,146,195,6,199,86,178,194,47
87,33,75,97,136,94,37,189,81,49
87,34,212,187,255,19,54,141,90,169
87,35,49,167,202,244,11,66,136,130
87,36,8,234,188,0,7,153,166,129
87,37,103,22,175,145,250,59,220,3
87,38,22,127,79,118,177,252,35,254
87,39,16,23,145,30,68,116,130,70
88,0,181,107,82,251,39,68,246,83
88,1,234,16,183,40,222,92,96,209
88,2,253,120,39,191,28,55,238,129
88,3,173,150,232,188,105,45,228,216
88,4,172,195,23,20,156,150,21,66
88,5,174,250,153,151,68,159,183,21
88,6,49,149,79,209,157,110,236,53
88,7,195,185,199,76,204,251,36,132
88,8,53,148,107,72,59,159,194,85
88,9,207,99,120,85,44,67,115,166
88,10,68,234,63,132,178,116,99,229
88,11,64,111,145,42,3,194,56,134
88,12,116,2,10,210,3,163,18,81
88,13,34,164,13,208,230,158,47,219
88,14,52,167,161,132,214,252,44,200
88,15,206,233,122,147,139,90,124,129
88,16,170,26,73,191,185,205,51,195
88,17,115,26,60,69,8,64,89,220
88,18,192,77,204,226,22,55,13,119
88,19,117,4,171,237,59,124,35,30
88,20,53,107,171,161,148,185,100,157
88,21,207,85,99,143,131,233,122,44
88,22,234,68,122,116,178,63,132,229
88,23,80,64,111,56,134,242,145,194
88,24,39,244,116,68,65,237,2,81
88,25,37,164,13,208,137,130,158,219
88,26,52,167,67,252,106,64,161,231
88,27,206,233,177,116,100,241,254,85
88,28,243,149,185,130,20,72,23,26
88,29,26,242,89,101,1,186,243,200
88,30,55,192,77,131,91,105,24,155
88,31,237,229,191,234,137,35,72,59
88,32,224,6,47,206,197,178,199,105
88,33,179,201,136,156,81,217,62,188
88,34,49,217,213,169,141,196,246,10
88,35,224,202,11,167,244,66,254,197
88,36,255,188,24,7,78,10,176,153
88,37,50,103,3,22,163,185,137,175
88,38,146,127,79,118,173,36,189,254
88,39,85,13,34,30,116,120,177,130
89,0,109,231,62,24,124,175,211,74
89,1,71,100,236,193,3,226,251,14
89,2,193,157,221,3,216,42,120,253
89,3,22,243,201,87,197,182,251,209
89,4,134,152,175,243,36,216,38,70
89,5,0,164,58,23,60,136,77,245
89,6,82,12,102,195,125,212,168,30
89,7,246,142,4,183,166,132,158,30
89,8,53,148,121,59,72,161,63,41
89,9,99,32,134,3,90,221,44,130
89,10,245,207,233,146,242,116,250,135
89,11,97,2,59,237,111,32,223,137
89,12,50,21,38,2,10,111,116,58
89,13,34,13,0,208,130,185,158,47
89,14,17,49,44,252,132,130,78,173
89,15,74,6,139,12,206,90,151,122
89,16,234,56,230,82,24,191,183,172
89,17,60,161,69,19,4,21,244,233
89,18,77,116,209,250,54,92,192,143
89,19,48,60,208,129,180,83,85,55
89,20,53,121,148,195,72,133,172,171
89,21,99,32,44,122,134,143,207,74
89,22,122,146,233,116,245,132,135,207
89,23,37,70,204,32,218,194,134,14
89,24,50,210,166,116,20,55,244,38
89,25,0,13,34,208,230,37,137,130
89,26,196,252,130,58,132,160,167,64
89,27,35,206,130,28,112,177,233,139
89,28,243,56,59,53,130,82,102,230
89,29,19,115,1,99,9,200,204,242
89,30,192,143,151,77,116,55,63,131
89,31,157,229,60,247,85,83,35,72
89,32,173,14,12,109,146,120,144,123
89,33,133,56,181,136,75,102,162,198
89,34,166,5,18,94,195,73,11,121
89,35,185,136,202,187,97,44,17,66
89,36,44,7,79,26,92,125,149,9
89,37,109,3,61,162,86,185,80,180
89,38,173,252,254,62,52,35,17,65
89,39,99,44,120,77,198,22,235,139
90,0,174,13,62,231,124,161,211,159
90,1,49,162,141,80,236,10,193,23
90,2,207,35,252,158,122,38,161,40
90,3,192,182,251,11,201,218,215,206
90,4,148,152,134,44,43,243,221,104
90,5,153,120,250,115,0,81,151,236
90,6,161,49,149,102,157,125,79,209
90,7,185,199,132,108,158,187,76,32
90,8,53,148,107,72,152,59,194,85
90,9,207,44,99,85,161,233,166,61
90,10,234,178,132,116,8,242,99,63
90,11,220,111,85,59,222,3,174,194
90,12,208,116,210,160,39,35,3,65
90,13,13,47,137,219,230,208,130,210
90,14,167,52,231,64,214,106,161,252
90,15,233,147,206,181,130,169,213,54
90,16,170,190,72,102,189,80,51,152
90,17,115,21,89,225,8,69,242,60
90,18,192,250,77,226,22,13,91,204
90,19,117,59,30,171,85,124,14,4
90,20,121,107,53,148,207,171,159,42
90,21,44,207,131,85,99,161,115,166
90,22,234,122,137,242,165,49,63,116
90,23,220,85,222,111,201,3,59,231
90,24,39,11,50,210,58,65,20,38
90,25,13,101,210,230,137,130,19,47
90,26,167,137,52,64,160,196,203,231
90,27,233,28,130,35,54,250,217,71
90,28,243,190,193,170,102,219,82,130
90,29,88,21,230,242,20,200,115,89
90,30,63,250,162,192,151,131,135,50
90,31,229,30,34,228,42,72,96,28
90,32,85,123,86,179,76,6,109,173
90,33,198,95,56,136,139,68,36,102
90,34,240,238,44,195,72,94,90,108
90,35,190,148,191,167,49,185,97,212
90,36,227,142,147,26,125,9,39,149
90,37,3,78,61,126,186,123,193,226
90,38,252,169,220,70,192,17,49,139
90,39,158,235,122,253,165,22,20,222
91,0,226,117,185,11,68,171,128,187
91,1,13,81,169,66,236,202,133,43
91,2,149,208,122,130,169,158,35,107
91,3,221,188,170,228,216,21,9,89
91,4,8,139,55,123,105,152,228,182
91,5,223,250,61,153,151,120,183,235
91,6,3,114,49,79,149,157,92,161
91,7,108,185,19,76,36,199,131,140
91,8,107,194,159,112,152,184,80,61
91,9,206,19,47,207,44,85,198,73
91,10,163,234,207,40,178,81,63,124
91,11,3,111,18,116,145,142,174,191
91,12,39,160,67,65,11,208,116,134
91,13,13,47,219,210,200,137,130,154
91,14,52,167,106,231,214,64,159,137
91,15,181,147,206,233,54,195,71,174
91,16,170,80,51,232,250,72,189,73
91,17,89,115,69,200,8,230,225,124
91,18,77,192,22,204,226,13,91,138
91,19,117,4,59,124,171,30,88,197
91,20,53,148,195,72,133,185,220,56
91,21,207,206,99,131,44,85,143,229
91,22,234,132,34,116,122,156,147,178
91,23,3,111,80,60,17,32,224,98
91,24,39,38,116,81,58,108,160,238
91,25,93,130,13,113,66,114,45,37
91,26,106,167,204,231,52,159,160,155
91,27,217,254,250,131,103,54,177,206
91,28,232,243,170,166,152,252,50,236
91,29,155,230,201,242,200,173,89,127
91,30,6,135,177,203,131,251,191,77
91,31,229,30,72,77,191,42,96,125
91,32,175,37,17,50,11,63,170,97
91,33,23,117,214,136,72,16,88,138
91,34,182,58,28,12,54,169,194,187
91,35,7,212,106,167,10,128,86,17
91,36,245,0,59,144,55,172,199,8
91,37,84,164,209,105,240,98,153,12
91,38,136,177,37,173,252,17,254,112
91,39,23,235,106,222,37,100,22,16
92,0,122,151,50,250,124,199,62,223
92,1,154,153,28,190,33,253,32,245
92,2,47,107,185,93,158,39,253,252
92,3,25,188,154,159,218,228,177,11
92,4,180,164,231,43,154,123,192,34
92,5,250,115,2,223,153,67,151,251
92,6,79,114,52,245,157,213,209,171
92,7,76,171,108,185,36,19,116,35
92,8,242,159,107,220,72,152,61,53
92,9,44,207,47,161,198,99,85,73
92,10,234,17,117,165,40,171,81,178
92,11,3,151,209,111,145,50,116,137
92,12,39,208,239,65,116,237,157,94
92,13,13,47,219,210,66,113,154,130
92,14,167,106,231,52,159,64,160,131
92,15,71,54,233,250,242,213,121,147
92,16,170,51,80,243,252,138,193,46
92,17,115,230,20,35,242,78,200,64
92,18,192,13,237,130,177,226,2,77
92,19,228,30,229,226,75,177,35,26
92,20,242,80,107,220,185,152,159,56
92,21,44,47,207,197,255,198,73,67
92,22,234,17,122,216,187,117,40,210
92,23,3,151,209,116,111,59,149,201
92,24,39,65,205,188,115,20,128,239
92,25,13,210,130,66,97,224,167,19
92,26,106,64,171,137,167,231,52,159
92,27,250,217,171,54,254,131,139,191
92,28,193,243,152,170,252,130,82,80
92,29,88,21,78,230,49,94,200,20
92,30,162,135,237,192,177,232,251,99
92,31,30,34,183,201,42,96,229,77
92,32,125,179,170,75,86,11,105,76
92,33,5,161,132,104,181,166,133,16
92,34,238,44,6,20,227,162,108,8
92,35,190,148,74,86,21,8,48,97
92,36,227,19,39,115,93,171,245,85
92,37,78,65,27,169,16,61,3,34
92,38,169,215,119,61,18,143,251,209
92,39,158,117,179,129,122,80,22,235
93,0,132,141,158,81,190,125,115,235
93,1,155,244,93,197,188,182,11,233
93,2,145,29,210,57,109,100,17,103
93,3,187,133,37,235,130,117,34,77
93,4,236,142,102,95,222,128,214,15
93,5,90,193,47,158,78,65,186,88
93,6,79,153,138,196,60,107,54,167
93,7,36,117,29,23,229,64,35,147
93,8,116,234,57,77,180,239,99,61
93,9,164,239,161,197,191,2,59,255
93,10,169,198,130,65,196,247,125,234
93,11,189,128,160,206,107,108,19,86
93,12,134,74,39,128,63,93,26,160
93,13,154,32,43,147,134,74,66,47
93,14,137,64,51,52,124,50,106,189
93,15,148,242,165,162,81,200,58,4
93,16,134,51,5,252,196,174,28,133
93,17,250,198,64,87,35,0,76,115
93,18,13,179,57,134,43,0,50,163
93,19,116,109,20,75,195,36,205,26
93,20,237,234,239,99,56,191,207,116
93,21,164,239,29,197,191,161,94,47
93,22,198,169,130,247,234,125,196,150
93,23,206,189,128,107,108,136,111,86
93,24,74,63,26,242,93,160,15,209
93,25,134,147,182,43,154,32,78,206
93,26,137,148,88,20,124,51,50,32
93,27,58,165,200,181,162,81,87,242
93,28,43,133,152,5,134,252,170,150
93,29,87,0,76,250,20,172,69,119
93,30,163,43,179,155,134,226,201,31
93,31,116,20,109,205,4,36,75,201
93,32,119,181,150,112,252,53,90,178
93,33,184,93,43,129,9,164,236,83
93,34,82,96,85,26,231,113,1,105
93,35,84,42,72,174,57,160,203,135
93,36,22,222,221,83,75,70,20,102
93,37,182,138,72,88,229,39,104,144
93,38,151,64,120,193,140,115,209,249
93,39,162,186,190,154,11,253,237,106
94,0,238,43,252,25,147,95,42,59
94,1,250,224,46,172,147,129,103,112
94,2,29,49,20,27,119,74,100,82
94,3,233,26,230,117,119,40,130,4
94,4,81,92,248,224,229,9,193,95
94,5,43,78,158,188,90,110,127,65
94,6,60,138,143,68,173,206,36,101
94,7,117,65,229,142,111,42,35,237
94,8,116,104,239,173,99,237,180,61
94,9,171,160,2,255,224,104,197,113
94,10,157,65,185,196,125,173,247,115
94,11,181,206,128,47,108,193,112,160
94,12,199,249,44,60,74,220,93,134
94,13,44,134,243,154,182,6,149,32
94,14,137,125,189,51,167,52,148,32
94,15,148,162,165,58,46,243,200,204
94,16,134,0,252,205,133,170,43,51
94,17,15,5,89,87,142,76,20,108
94,18,226,124,203,179,177,155,192,43
94,19,30,109,226,19,205,191,75,243
94,20,237,239,207,116,224,180,234,137
94,21,191,155,164,2,207,127,239,113
94,22,247,157,236,185,125,234,196,65
94,23,181,206,128,111,189,239,249,162
94,24,93,220,39,74,145,208,254,235
94,25,6,134,154,138,182,32,66,93
94,26,137,51,88,52,167,86,148,106
94,27,165,162,181,58,200,46,242,54
94,28,43,170,133,51,252,0,152,80
94,29,5,87,158,76,20,142,241,166
94,30,226,192,43,179,135,163,177,77
94,31,167,30,109,228,226,12,116,39
94,32,223,181,178,119,159,90,206,192
94,33,9,83,231,74,129,93,72,40
94,34,241,1,21,186,252,85,116,141
94,35,160,167,218,22,183,61,84,212
94,36,248,70,129,98,221,68,211,74
94,37,62,58,143,72,145,105,229,124
94,38,147,117,176,8,10,62,112,180
94,39,238,223,95,237,45,245,105,106
95,0,209,206,104,30,43,105,95,147
95,1,47,155,46,188,197,118,156,33
95,2,20,217,172,41,251,49,85,171
95,3,119,117,130,225,244,183,199,216
95,4,195,154,20,87,187,184,150,5
95,5,158,153,251,120,111,145,0,32
95,6,79,12,102,237,254,209,30,143
95,7,185,142,199,175,158,76,36,78
95,8,53,148,72,133,239,195,35,59
95,9,99,203,207,85,1,166,233,229
95,10,132,234,245,116,178,23,207,176
95,11,42,111,204,98,12,239,97,145
95,12,10,116,2,21,50,208,220,244
95,13,34,208,158,45,112,174,183,47
95,14,130,132,34,252,44,173,162,113
95,15,139,74,90,147,206,166,38,122
95,16,74,191,26,172,195,183,24,176
95,17,69,233,60,244,204,210,41,223
95,18,77,97,176,64,204,92,84,54
95,19,95,55,117,208,122,212,180,88
95,20,53,148,195,72,247,85,23,118
95,21,99,1,143,233,229,255,74,219
95,22,245,160,149,197,132,34,147,207
95,23,80,32,111,2,221,72,223,63
95,24,116,244,21,51,159,127,10,204
95,25,34,208,45,37,174,211,170,114
95,26,130,252,132,204,78,122,134,58
95,27,206,139,177,147,74,166,20,212
95,28,74,191,172,26,158,173,24,176
95,29,150,69,1,161,233,204,244,41
95,30,77,122,176,132,97,185,64,52
95,31,95,67,61,59,139,180,240,25
95,32,33,87,255,236,188,178,242,47
95,33,192,161,5,220,57,198,185,146
95,34,16,247,246,211,177,10,243,146
95,35,202,220,11,236,14,19,254,194
95,36,188,110,176,78,119,121,154,118
95,37,163,199,103,226,59,131,196,7
95,38,103,191,121,205,233,111,120,82
95,39,238,228,247,223,245,120,253,105
96,0,32,206,168,238,95,181,30,255
96,1,140,201,46,176,182,122,137,77
96,2,20,233,52,153,172,49,41,144
96,3,117,119,183,12,244,178,237,222
96,4,184,150,87,20,195,66,246,97
96,5,32,207,0,158,143,21,239,25
96,6,12,212,102,254,7,151,230,207
96,7,142,158,104,193,4,69,11,228
96,8,53,148,22,161,90,143,27,102
96,9,99,90,134,3,32,144,229,79
96,10,245,197,233,96,186,172,226,176
96,11,42,118,97,135,211,146,223,218
96,12,10,2,50,116,131,38,21,159
96,13,34,0,148,208,136,174,96,185
96,14,132,130,21,239,158,34,162,227
96,15,90,28,74,235,139,10,1,32
96,16,74,191,169,201,62,197,125,209
96,17,161,69,210,204,244,128,217,192
96,18,77,64,209,225,45,146,140,109
96,19,95,115,24,248,144,18,127,151
96,20,53,148,72,202,248,195,59,161
96,21,99,214,90,229,233,252,95,143
96,22,160,245,172,223,226,197,92,148
96,23,80,154,211,73,223,252,248,40
96,24,10,244,239,188,147,173,4,94
96,25,34,208,148,136,91,190,234,139
96,26,21,132,130,252,188,17,248,239
96,27,139,74,90,219,92,106,145,206
96,28,74,191,158,176,89,6,197,169
96,29,161,150,204,69,130,32,244,215
96,30,77,9,30,174,180,176,156,173
96,31,95,221,248,144,166,125,191,155
96,32,33,127,64,219,183,252,212,7
96,33,192,95,189,74,46,7,105,77
96,34,16,116,211,136,76,63,85,185
96,35,202,11,130,183,114,53,97,36
96,36,188,153,70,129,148,68,23,196
96,37,104,58,105,143,21,182,157,124
96,38,148,92,27,84,209,127,79,151
96,39,238,243,38,248,2,78,252,242
97,0,88,140,95,112,238,200,173,43
97,1,181,47,152,33,127,172,147,118
97,2,20,218,62,197,52,49,82,135
97,3,117,76,150,119,233,190,178,194
97,4,193,9,62,0,5,199,219,163
97,5,158,230,43,68,160,189,239,13
97,6,118,7,124,53,230,137,160,143
97,7,142,185,47,145,76,136,35,57
97,8,239,116,237,72,133,173,106,148
97,9,255,53,207,1,197,203,99,198
97,10,115,196,234,215,76,122,231,157
97,11,181,42,111,239,51,183,160,204
97,12,62,220,199,39,193,53,116,145
97,13,219,93,212,138,44,154,66,145
97,14,52,167,64,106,204,137,231,214
97,15,147,165,162,242,181,98,148,92
97,16,170,252,32,51,229,80,231,172
97,17,89,69,115,5,20,64,16,1
97,18,77,204,43,138,197,226,192,203
97,19,30,75,212,59,122,88,109,4
97,20,195,72,148,133,180,239,220,116
97,21,207,99,251,203,131,1,229,161
97,22,234,236,116,122,165,196,132,207
97,23,80,60,107,111,239,181,147,204
97,24,220,39,193,116,163,199,254,145
97,25,219,93,66,113,145,6,45,32
97,26,137,167,52,67,231,214,106,204
97,27,165,147,110,162,206,177,181,169
97,28,170,72,24,0,80,47,51,167
97,29,5,158,89,69,200,20,1,142
97,30,226,77,192,91,177,155,135,139
97,31,30,167,166,228,124,137,14,226
97,32,223,178,206,47,158,60,194,119
97,33,74,190,9,81,40,244,65,105
97,34,116,21,1,82,252,85,141,88
97,35,167,202,183,218,244,22,36,10
97,36,70,248,129,188,68,239,74,153
97,37,104,58,143,124,105,182,21,153
97,38,148,27,92,212,84,127,94,79
97,39,110,38,243,248,12,78,69,252
98,0,70,86,41,236,16,2,89,211
98,1,124,211,118,33,234,245,19,242
98,2,60,49,139,217,255,193,253,11
98,3,219,177,30,11,25,199,159,119
98,4,154,192,149,54,88,152,89,43
98,5,115,213,2,251,158,153,155,188
98,6,157,14,79,156,39,138,183,209
98,7,76,32,35,171,185,199,142,158
98,8,116,157,164,61,220,171,173,224
98,9,197,120,207,5,98,198,99,84
98,10,122,234,17,196,157,63,165,178
98,11,111,181,209,3,27,85,101,47
98,12,191,193,166,39,237,220,199,15
98,13,113,154,219,168,6,44,35,28
98,14,167,52,106,93,54,131,51,47
98,15,116,162,110,195,233,206,33,54
98,16,170,231,0,205,32,181,252,152
98,17,89,158,15,78,142,101,166,8
98,18,226,192,77,130,159,204,203,205
98,19,4,30,228,226,75,59,19,137
98,20,157,53,171,237,148,4,180,220
98,21,151,207,120,156,5,99,73,229
98,22,157,17,122,63,234,165,247,78
98,23,209,111,195,181,27,3,107,145
98,24,39,191,220,166,145,138,116,208
98,25,6,113,35,219,208,155,154,138
98,26,52,167,106,67,137,214,131,54
98,27,116,110,206,233,162,100,177,122
98,28,201,170,138,20,51,152,72,0
98,29,158,78,20,89,28,166,142,200
98,30,237,130,226,192,77,91,221,159
98,31,30,14,137,226,124,237,59,228
98,32,75,178,206,19,197,116,47,14
98,33,5,103,74,161,18,81,59,40
98,34,227,141,11,213,63,21,107,249
98,35,244,214,167,43,202,36,44,10
98,36,129,48,251,188,148,239,153,10
98,37,58,147,57,14,21,105,162,124
98,38,124,92,79,127,84,212,94,148
98,39,189,2,242,213,78,77,252,188
99,0,199,134,69,124,151,62,155,231
99,1,234,16,49,245,211,33,101,157
99,2,56,71,83,43,75,3,49,77
99,3,105,159,25,213,199,11,39,118
99,4,154,44,54,250,192,152,43,5
99,5,2,115,153,251,236,120,155,158
99,6,157,79,14,39,57,161,209,49
99,7,199,223,76,185,35,158,32,229
99,8,159,220,53,133,224,72,171,148
99,9,207,197,99,255,198,98,61,5
99,10,234,19,122,165,9,8,242,232
99,11,85,111,59,3,47,231,209,158
99,12,39,208,193,3,116,210,220,189
99,13,219,113,154,28,93,145,25,6
99,14,167,52,106,231,131,93,252,214
99,15,33,110,233,162,54,177,71,206
99,16,170,190,0,252,231,185,205,32
99,17,164,158,89,78,15,60,149,200
99,18,192,250,130,226,77,204,177,203
99,19,30,4,70,228,75,14,226,85
99,20,159,171,4,220,184,207,180,53
99,21,151,207,5,197,47,198,131,0
99,22,157,122,19,234,242,63,9,165
99,23,85,111,59,3,145,231,220,107
99,24,39,220,191,210,15,81,145,208
99,25,113,154,32,19,6,20,219,155
99,26,167,52,106,86,137,67,231,131
99,27,33,162,233,100,110,177,181,54
99,28,190,170,51,111,167,80,252,152
99,29,164,158,21,166,200,20,89,78
99,30,250,226,192,63,197,177,16,135
99,31,30,228,226,14,183,252,137,51
99,32,76,123,19,18,85,178,47,77
99,33,234,74,95,56,11,81,9,68
99,34,72,191,240,195,21,63,141,1
99,35,191,97,43,185,167,79,202,10
99,36,142,98,248,125,26,49,188,74
99,37,126,58,21,78,124,105,175,16
99,38,92,88,212,119,94,80,127,118
99,39,189,129,165,252,122,244,188,44
100,0,11,226,146,96,93,247,171,128
100,1,16,2,169,234,81,133,195,107
100,2,71,253,83,249,43,254,208,75
100,3,188,221,170,150,228,95,240,148
100,4,105,154,60,119,8,20,5,152
100,5,61,120,2,183,236,198,153,155
100,6,16,157,49,14,156,79,39,57
100,7,199,76,35,108,158,185,204,32
100,8,112,159,53,184,61,148,157,59
100,9,206,120,197,207,5,99,0,19
100,10,229,122,163,234,19,63,196,178
100,11,18,111,85,142,3,14,145,143
100,12,106,193,67,210,220,237,3,39
100,13,200,219,28,113,205,208,20,114
100,14,52,167,252,146,106,138,131,105
100,15,241,110,206,233,122,100,56,33
100,16,149,185,170,37,203,181,231,32
100,17,60,158,236,229,89,226,155,69
100,18,6,192,77,226,204,63,158,115
100,19,14,4,137,233,124,30,197,59
100,20,112,53,171,148,161,237,72,100
100,21,206,207,99,143,134,251,67,0
100,22,122,229,163,116,157,234,63,178
100,23,18,111,56,142,204,181,25,141
100,24,106,244,2,48,251,67,87,39
100,25,200,208,114,146,158,219,82,202
100,26,78,52,138,229,252,38,146,167
100,27,100,206,241,139,233,110,215,122
100,28,149,185,54,72,203,165,51,50
100,29,158,161,155,236,242,60,165,89
100,30,6,77,13,192,91,137,226,17
100,31,137,67,233,51,14,191,229,124
100,32,89,17,194,199,47,178,219,101
100,33,214,23,81,74,94,68,117,72
100,34,182,187,247,54,19,58,211,181
100,35,202,167,11,103,79,194,36,7
100,36,188,253,10,153,8,235,136,78
100,37,164,219,103,89,124,58,21,22
100,38,92,136,22,127,212,205,118,189
100,39,16,189,2,252,213,63,70,146
101,0,29,28,115,72,151,41,75,120
101,1,14,153,251,167,71,193,1,100
101,2,216,228,139,211,187,193,223,253
101,3,154,249,196,201,16,56,251,22
101,4,134,152,216,175,38,29,36,28
101,5,0,153,210,120,77,56,207,21
101,6,102,12,168,212,129,32,209,159
101,7,30,142,6,96,213,132,183,187
101,8,53,148,59,171,63,161,72,166
101,9,99,134,3,90,207,32,229,137
101,10,233,109,245,146,103,116,205,229
101,11,146,70,37,97,71,229,92,237
101,12,50,10,23,2,166,47,38,179
101,13,34,0,13,208,185,158,136,96
101,14,132,34,17,21,252,200,44,58
101,15,74,206,139,2,111,122,221,0
101,16,191,158,234,26,169,197,4,176
101,17,161,60,69,151,244,210,223,44
101,18,77,4,225,64,66,233,84,97
101,19,48,67,95,25,24,208,115,133
101,20,53,72,195,148,85,161,118,144
101,21,99,1,143,233,225,252,32,229
101,22,148,109,172,245,34,103,160,190
101,23,80,121,105,32,223,117,194,44
101,24,244,50,38,116,10,173,14,176
101,25,208,34,45,158,183,145,136,0
101,26,132,204,17,130,252,248,21,158
101,27,139,98,1,104,206,134,147,177
101,28,191,26,158,172,234,74,10,59
101,29,150,161,126,1,158,60,167,152
101,30,18,4,209,77,143,38,166,82
101,31,83,55,67,47,154,37,157,118
101,32,19,144,92,173,28,58,101,120
101,33,161,203,185,250,67,47,68,176
101,34,166,249,15,143,247,18,109,80
101,35,106,202,117,11,198,44,8,176
101,36,148,188,55,79,92,37,235,10
101,37,196,219,244,214,89,110,55,226
101,38,52,132,242,197,92,191,17,180
101,39,173,189,252,174,197,66,224,253
102,0,128,79,135,61,108,87,75,164
102,1,12,144,71,251,1,247,100,232
102,2,24,74,48,124,148,156,1,158
102,3,161,216,12,162,3,37,124,192
102,4,50,240,134,141,97,31,211,84
102,5,0,201,244,200,143,21,25,20
102,6,139,102,211,127,190,254,78,212
102,7,213,142,193,185,137,148,104,183
102,8,53,148,161,22,90,102,72,118
102,9,99,90,3,134,32,28,144,229
102,10,245,197,233,176,229,123,186,172
102,11,42,97,135,118,241,211,146,237
102,12,10,50,2,110,116,179,244,111
102,13,34,208,0,148,174,158,250,96
102,14,132,17,173,162,130,34,21,239
102,15,74,0,90,206,139,145,111,223
102,16,74,191,4,234,195,169,158,239
102,17,161,244,210,69,190,141,100,117
102,18,77,67,58,147,64,119,233,225
102,19,208,152,54,98,248,125,27,135
102,20,53,247,118,148,22,161,100,49
102,21,99,143,195,134,214,153,90,124
102,22,160,245,28,180,194,178,176,77
102,23,80,97,111,223,170,241,242,55
102,24,244,48,111,13,10,241,213,116
102,25,34,158,208,194,180,50,119,250
102,26,17,248,252,21,78,132,243,222
102,27,139,122,151,206,74,202,14,223
102,28,191,74,171,235,125,240,169,37
102,29,161,150,244,151,117,69,60,204
102,30,77,4,64,1,67,98,156,119
102,31,98,248,67,208,95,241,238,17
102,32,33,64,101,252,247,16,32,156
102,33,192,203,72,161,196,245,123,13
102,34,16,211,15,247,29,239,144,246
102,35,202,11,167,184,36,108,97,220
102,36,188,148,110,2,78,160,154,118
102,37,196,103,237,104,7,58,92,21
102,38,132,103,242,92,185,20,173,136
102,39,252,224,110,99,27,55,219,175
103,0,50,69,115,159,29,220,116,72
103,1,173,12,253,154,209,144,94,208
103,2,24,74,61,145,161,148,124,245
103,3,163,216,37,22,149,69,196,154
103,4,206,134,175,221,28,233,203,43
103,5,77,0,64,56,244,131,210,173
103,6,195,102,12,212,168,129,32,11
103,7,166,252,193,183,142,213,6,30
103,8,53,148,63,121,172,59,72,161
103,9,32,99,134,221,3,1,28,58
103,10,146,176,26,233,229,116,162,217
103,11,237,37,97,71,141,173,146,70
103,12,50,23,10,2,158,13,166,116
103,13,34,0,194,13,185,158,180,19
103,14,17,252,44,78,132,21,34,58
103,15,6,12,206,122,117,151,100,221
103,16,234,169,59,60,102,191,82,53
103,17,161,60,144,69,220,4,117,47
103,18,195,77,116,209,146,66,4,119
103,19,248,48,94,239,47,67,137,208
103,20,53,172,50,171,148,161,72,100
103,21,32,99,134,207,221,58,214,143
103,22,20,176,137,122,102,106,229,77
103,23,71,173,204,141,181,242,56,237
103,24,244,50,48,158,116,166,2,111
103,25,158,34,208,194,0,101,252,203
103,26,17,78,132,21,252,248,161,196
103,27,139,206,12,100,122,129,35,6
103,28,234,59,53,191,37,56,203,102
103,29,161,9,60,158,4,165,170,69
103,30,116,77,143,204,66,192,226,13
103,31,248,47,83,67,157,137,247,94
103,32,143,173,19,144,14,151,101,26
103,33,203,167,47,81,74,84,67,4
103,34,128,143,18,247,191,185,163,109
103,35,202,101,97,167,121,11,9,79
103,36,188,103,44,148,10,153,48,118
103,37,196,58,144,109,103,162,21,55
103,38,242,92,87,0,185,132,205,127
103,39,219,189,99,77,44,252,141,197
104,0,70,159,13,5,174,116,231,62
104,1,166,206,80,253,14,69,44,141
104,2,74,24,48,145,205,215,161,242
104,3,163,216,146,86,196,164,161,22
104,4,221,175,134,206,152,148,28,141
104,5,77,0,244,56,201,131,243,198
104,6,57,102,195,11,12,212,129,209
104,7,223,199,38,175,185,183,213,30
104,8,53,148,63,121,72,59,133,152
104,9,99,1,134,32,28,44,3,79
104,10,146,116,19,26,137,242,122,233
104,11,174,204,97,220,141,237,37,201
104,12,50,10,2,208,239,163,251,116
104,13,34,0,19,13,208,130,126,212
104,14,44,132,252,17,105,193,161,78
104,15,12,206,147,122,139,3,92,238
104,16,59,102,53,234,191,185,37,114
104,17,60,161,21,69,220,164,8,4
104,18,77,209,116,66,90,83,99,119
104,19,48,137,248,197,59,85,4,14
104,20,53,148,171,72,161,133,220,233
104,21,99,32,207,221,134,251,252,122
104,22,137,19,122,116,242,146,20,205
104,23,174,201,70,220,204,164,71,107
104,24,50,11,2,244,229,116,137,163
104,25,101,0,208,71,158,19,137,13
104,26,52,196,132,252,78,138,231,17
104,27,206,139,12,100,33,122,28,26
104,28,59,102,193,53,26,111,224,170
104,29,158,164,21,62,161,88,60,35
104,30,197,77,192,204,116,226,119,232
104,31,191,4,30,248,137,124,59,252
104,32,109,19,144,123,254,140,90,77
104,33,234,203,74,166,132,102,68,81
104,34,240,191,1,48,20,98,195,44
104,35,97,79,202,21,190,187,148,78
104,36,19,142,165,124,225,76,9,226
104,37,229,16,58,66,61,73,80,51
104,38,0,92,35,176,180,61,159,112
104,39,189,117,129,197,107,179,235,223
105,0,101,35,34,197,79,179,9,48
105,1,155,62,75,123,27,97,151,20
105,2,164,210,249,40,88,109,158,59
105,3,37,230,226,235,26,236,211,130
105,4,102,15,142,241,154,222,108,87
105,5,186,120,236,153,188,158,235,43
105,6,157,57,14,79,196,156,39,209
105,7,199,23,185,64,129,108,147,76
105,8,35,239,83,57,116,53,179,164
105,9,203,29,207,99,197,131,85,0
105,10,19,137,196,122,26,178,63,116
105,11,42,107,111,174,204,56,85,14
105,12,220,163,3,116,10,56,39,193
105,13,208,34,219,50,130,28,145,29
105,14,132,44,34,252,248,161,146,58
105,15,206,139,74,90,122,3,145,12
105,16,191,74,195,24,172,116,169,234
105,17,161,60,244,8,69,210,141,117
105,18,77,119,67,68,225,233,226,64
105,19,59,4,115,208,88,171,84,157
105,20,53,161,148,171,100,85,143,72
105,21,99,85,143,207,153,124,233,134
105,22,160,178,234,34,132,86,52,245
105,23,111,80,107,242,97,204,134,159
105,24,244,116,48,2,229,5,87,111
105,25,158,208,34,250,165,67,252,109
105,26,252,132,52,248,78,161,21,84
105,27,139,206,122,100,177,233,129,195
105,28,191,74,37,158,169,170,26,203
105,29,161,150,8,60,151,117,158,69
105,30,77,192,64,204,119,226,68,97
105,31,248,137,124,94,14,241,67,79
105,32,33,178,247,64,148,122,7,101
105,33,192,81,95,126,234,74,245,75
105,34,16,211,247,1,141,116,230,98
105,35,202,167,56,79,36,108,11,197
105,36,188,110,119,78,23,43,2,153
105,37,65,103,35,234,200,61,113,58
105,38,103,88,209,191,233,177,211,111
105,39,228,10,2,113,206,223,252,141
106,0,141,235,208,115,81,221,253,125
106,1,62,155,217,182,152,70,197,146
106,2,109,95,43,167,154,210,128,106
106,3,117,219,119,230,118,237,26,190
106,4,165,102,15,54,142,222,45,144
106,5,43,90,188,135,65,158,127,198
106,6,157,14,79,156,182,138,196,173
106,7,117,199,23,229,76,64,185,123
106,8,116,239,35,180,57,164,4,52
106,9,203,197,116,191,2,255,131,41
106,10,196,157,88,198,122,185,125,65
106,11,111,42,128,206,108,233,107,62
106,12,193,220,93,128,39,74,15,3
106,13,134,29,154,74,219,182,32,112
106,14,167,52,51,47,86,137,125,64
106,15,162,172,148,165,181,147,242,58
106,16,170,32,231,5,0,150,134,43
106,17,250,89,87,198,0,166,16,5
106,18,197,170,204,226,192,43,161,77
106,19,109,4,116,205,20,30,75,167
106,20,239,180,4,237,164,179,116,207
106,21,203,191,116,239,207,127,2,131
106,22,198,157,247,88,125,169,167,65
106,23,111,128,107,42,39,189,206,62
106,24,220,93,74,54,15,39,235,3
106,25,134,112,147,154,32,138,182,253
106,26,86,52,51,137,88,167,214,106
106,27,165,172,162,181,58,206,31,122
106,28,43,5,150,170,111,51,238,134
106,29,5,87,250,0,60,161,69,20
106,30,197,77,170,163,226,155,179,205
106,31,109,116,167,4,205,20,248,191
106,32,119,90,223,178,254,247,134,47
106,33,93,81,83,86,238,129,183,215
106,34,1,82,132,247,96,211,207,186
106,35,202,167,57,160,36,27,11,197
106,36,188,222,70,119,153,78,10,248
106,37,229,58,39,103,124,234,199,2
106,38,64,92,148,180,67,254,202,16
106,39,186,190,189,252,38,11,91,58
107,0,38,54,167,193,238,112,44,94
107,1,62,217,140,105,122,117,103,201
107,2,167,154,217,43,153,106,127,54
107,3,26,230,12,233,91,130,183,229
107,4,144,120,20,159,174,130,210,184
107,5,239,0,255,160,198,158,220,230
107,6,12,157,212,102,21,219,237,254
107,7,199,142,158,225,104,30,3,196
107,8,53,148,35,161,59,143,239,214
107,9,99,134,90,28,1,3,229,79
107,10,245,183,229,26,76,240,96,197
107,11,42,111,239,41,24,173,97,194
107,12,10,2,220,213,116,3,88,50
107,13,34,158,112,208,185,130,180,174
107,14,132,252,21,113,34,130,179,248
107,15,206,122,139,90,120,36,92,129
107,16,169,191,158,234,181,37,125,176
107,17,161,60,69,117,100,244,158,47
107,18,77,67,119,100,123,226,141,4
107,19,248,94,98,99,122,125,4,208
107,20,53,161,148,195,171,72,116,233
107,21,99,214,134,153,143,207,229,90
107,22,157,236,176,162,88,217,173,194
107,23,111,80,239,173,181,242,204,42
107,24,244,48,116,13,251,220,16,189
107,25,158,34,208,112,250,136,252,180
107,26,21,252,132,86,248,78,52,161
107,27,139,122,206,100,195,129,151,124
107,28,191,37,169,158,171,125,203,247
107,29,161,60,5,151,204,158,69,8
107,30,77,226,64,197,4,192,204,97
107,31,248,94,167,137,95,59,124,61
107,32,223,178,64,158,247,254,90,119
107,33,81,190,245,93,74,86,220,83
107,34,211,1,116,186,247,55,246,82
107,35,202,167,36,56,11,197,254,79
107,36,188,70,78,119,153,181,154,10
107,37,58,103,31,22,199,35,26,90
107,38,92,148,127,118,189,76,71,230
107,39,189,38,2,252,69,70,78,154
108,0,140,238,43,112,200,173,95,30
108,1,62,217,146,140,155,70,181,39
108,2,167,43,217,121,72,154,106,11
108,3,117,236,233,26,226,230,130,169
108,4,54,45,193,144,245,165,120,61
108,5,90,188,43,135,87,230,65,158
108,6,14,65,157,182,143,138,89,122
108,7,70,199,117,176,22,229,23,254
108,8,239,35,179,104,116,173,52,237
108,9,191,197,203,169,171,255,116,180
108,10,157,88,183,196,238,126,39,211
108,11,111,39,239,42,181,82,224,143
108,12,220,3,16,193,154,62,0,93
108,13,112,29,138,44,103,145,205,208
108,14,86,252,52,132,167,161,54,106
108,15,206,36,122,162,166,172,139,110
108,16,181,231,169,170,191,96,26,37
108,17,60,5,161,166,69,8,158,243
108,18,77,197,226,170,204,119,192,141
108,19,4,167,51,59,109,248,205,122
108,20,239,53,148,161,179,171,35,72
108,21,99,116,143,134,191,203,207,233
108,22,157,236,34,88,205,65,86,60
108,23,111,39,42,107,239,181,204,134
108,24,244,220,48,116,2,3,251,189
108,25,208,158,138,112,34,136,29,250
108,26,86,132,252,21,78,248,52,84
108,27,139,206,122,100,172,162,129,165
108,28,43,191,169,37,173,195,72,125
108,29,161,60,5,151,69,8,204,1
108,30,77,64,197,170,226,4,91,119
108,31,248,167,59,95,137,94,109,124
108,32,223,254,158,178,119,247,90,98
108,33,190,81,232,83,86,238,41,183
108,34,116,1,211,247,55,246,10,180
108,35,202,167,39,36,56,11,254,103
108,36,188,70,181,119,10,78,49,153
108,37,58,103,22,31,35,199,90,26
108,38,92,127,148,118,71,230,76,189
108,39,189,2,38,252,69,70,138,213
109,0,40,212,218,65,66,157,236,58
109,1,242,128,124,73,19,143,86,240
109,2,188,49,255,58,60,11,238,79
109,3,55,92,177,202,30,156,95,191
109,4,254,152,88,242,43,68,255,29
109,5,147,31,213,23,0,18,226,249
109,6,166,241,14,12,219,183,102,212
109,7,199,61,132,185,187,225,3,183
109,8,53,148,157,59,161,22,41,152
109,9,99,90,151,156,229,166,207,134
109,10,220,228,26,245,183,205,132,250
109,11,27,158,107,54,156,69,64,97
109,12,13,3,2,10,116,48,91,244
109,13,34,164,208,185,29,112,158,180
109,14,180,132,21,252,213,248,130,115
109,15,139,116,206,90,122,141,238,249
109,16,169,158,181,37,191,162,173,125
109,17,161,47,216,60,100,69,151,244
109,18,77,67,100,4,64,140,45,225
109,19,248,94,207,24,59,95,114,4
109,20,157,53,172,148,161,171,195,100
109,21,214,99,217,134,233,229,143,90
109,22,220,157,228,111,217,245,108,86
109,23,40,27,64,173,239,181,4,50
109,24,13,244,91,116,189,106,175,16
109,25,180,34,208,158,119,252,164,136
109,26,252,21,132,248,228,34,130,238
109,27,139,151,122,133,206,1,223,116
109,28,169,191,37,201,197,171,158,235
109,29,161,216,204,60,151,69,47,65
109,30,77,64,4,225,45,91,123,72
109,31,248,207,95,114,59,203,88,94
109,32,116,42,64,197,236,251,31,224
109,33,59,206,18,118,182,72,81,108
109,34,211,205,196,152,234,246,175,10
109,35,202,5,129,11,210,94,220,36
109,36,188,251,154,78,153,10,110,118
109,37,55,165,22,103,219,43,213,36
109,38,124,127,118,173,93,111,8,191
109,39,45,114,252,177,10,237,7,34
110,0,70,134,151,139,207,211,177,55
110,1,101,22,193,116,91,14,85,88
110,2,3,143,72,71,254,58,234,96
110,3,243,167,22,42,72,56,161,180
110,4,134,175,44,132,29,233,152,140
110,5,164,0,60,58,136,130,82,243
110,6,12,241,152,39,240,30,212,102
110,7,38,246,183,75,3,104,142,132
110,8,53,148,59,72,133,121,63,233
110,9,99,134,28,58,1,221,97,90
110,10,242,220,172,228,245,148,226,162
110,11,218,158,253,97,237,32,4,211
110,12,10,13,2,50,91,208,116,38
110,13,34,180,19,26,208,185,119,212
110,14,132,21,17,57,252,204,35,213
110,15,28,141,139,150,235,92,238,74
110,16,191,158,169,183,37,176,172,190
110,17,161,69,47,144,209,192,44,60
110,18,77,83,209,99,199,195,72,90
110,19,248,207,85,24,99,114,94,144
110,20,53,195,148,172,72,50,133,171
110,21,99,214,1,228,229,32,58,221
110,22,148,172,242,220,86,228,78,102
110,23,218,158,40,4,32,92,173,239
110,24,91,244,11,232,175,116,158,126
110,25,34,208,119,71,180,136,0,45
110,26,132,252,213,21,204,17,248,200
110,27,139,28,1,206,235,141,151,150
110,28,158,191,169,181,26,102,37,197
110,29,161,216,69,204,151,1,47,132
110,30,77,4,64,90,225,188,204,91
110,31,248,207,59,95,85,199,88,240
110,32,109,48,236,123,247,255,251,64
110,33,118,139,107,72,151,253,205,95
110,34,175,67,240,10,211,64,246,56
110,35,94,5,202,129,85,220,2,187
110,36,188,195,142,246,154,78,67,26
110,37,43,22,55,103,95,199,135,36
110,38,163,201,93,127,118,119,189,251
110,39,138,246,1,252,122,215,92,250
111,0,127,49,85,18,153,146,227,84
111,1,43,17,29,107,66,57,158,249
111,2,169,225,164,226,68,31,189,232
111,3,116,20,171,55,161,51,134,203
111,4,215,12,228,182,219,146,79,152
111,5,249,169,0,82,11,142,255,207
111,6,241,166,136,12,39,182,125,219
111,7,199,56,161,40,185,85,187,132
111,8,120,53,148,59,65,35,213,95
111,9,99,229,143,90,101,207,28,233
111,10,24,218,220,26,49,132,205,11
111,11,114,158,54,107,40,97,230,211
111,12,11,3,10,2,91,116,244,201
111,13,34,208,38,29,158,145,37,205
111,14,180,132,252,21,213,34,158,200
111,15,141,36,139,206,28,238,223,158
111,16,169,158,181,137,191,37,173,125
111,17,161,47,216,218,69,60,125,86
111,18,77,188,100,4,140,123,64,67
111,19,248,91,59,94,24,114,238,233
111,20,53,120,148,172,176,171,161,72
111,21,214,99,228,134,233,143,229,90
111,22,24,103,218,245,220,111,44,34
111,23,114,40,61,50,223,5,173,72
111,24,91,244,13,213,116,3,175,201
111,25,34,119,208,158,180,136,5,38
111,26,21,252,132,130,78,248,63,204
111,27,139,206,151,141,1,122,133,36
111,28,169,26,191,158,37,137,197,171
111,29,161,204,218,216,125,151,1,244
111,30,4,77,188,64,225,199,44,88
111,31,248,194,207,238,240,59,95,25
111,32,221,102,236,64,31,133,254,7
111,33,168,121,72,224,205,118,108,87
111,34,81,208,211,10,55,67,246,29
111,35,202,39,11,220,99,129,254,197
111,36,49,188,154,78,10,254,195,153
111,37,15,22,219,199,103,193,55,175
111,38,127,93,139,118,80,239,106,189
111,39,72,244,252,183,45,36,203,68
112,0,46,218,212,63,65,157,122,202
112,1,126,29,63,221,255,17,143,251
112,2,236,110,212,23,217,15,169,194
112,3,55,20,134,177,166,226,30,137
112,4,215,37,228,12,123,146,152,132
112,5,67,254,0,31,18,100,11,237
112,6,241,136,182,39,12,240,166,219
112,7,66,56,61,225,169,187,158,161
112,8,53,148,120,59,85,35,161,214
112,9,99,240,229,58,60,137,90,179
112,10,44,49,182,245,26,212,118,60
112,11,58,92,241,213,49,5,247,25
112,12,203,10,213,6,3,2,11,8
112,13,34,185,158,57,119,208,37,38
112,14,21,252,132,180,130,110,191,34
112,15,141,93,16,139,0,166,206,36
112,16,169,158,26,191,162,183,37,171
112,17,161,47,100,69,125,60,194,244
112,18,77,100,4,67,123,140,188,58
112,19,248,24,94,91,233,114,95,207
112,20,120,53,172,148,171,161,176,195
112,21,240,214,99,233,134,229,90,143
112,22,245,103,26,220,88,218,24,86
112,23,40,49,114,223,241,247,81,156
112,24,244,213,13,149,116,201,48,232
112,25,34,208,112,119,158,211,180,136
112,26,21,252,132,130,248,78,34,177
112,27,139,141,166,0,36,104,177,151
112,28,169,158,191,142,13,183,125,171
112,29,161,102,204,69,151,216,244,99
112,30,4,77,64,199,225,188,97,155
112,31,248,207,194,61,95,25,240,233
112,32,116,221,158,75,136,102,133,236
112,33,182,72,168,87,118,121,108,220
112,34,205,29,211,81,10,55,246,208
112,35,202,11,39,220,254,129,103,142
112,36,188,49,154,78,254,60,10,77
112,37,199,15,219,103,7,22,193,1
112,38,93,239,121,106,189,32,14,139
112,39,252,72,247,45,114,244,27,25
113,0,29,223,115,207,72,41,211,28
113,1,14,221,251,126,71,193,170,100
113,2,194,143,212,72,139,228,24,236
113,3,22,201,154,112,243,23,251,137
113,4,134,149,152,216,175,36,37,29
113,5,0,164,225,95,136,58,173,56
113,6,12,136,237,62,102,195,212,241
113,7,13,166,75,183,213,158,3,252
113,8,53,148,59,72,121,171,233,166
113,9,99,221,134,3,32,28,58,90
113,10,103,245,233,217,146,67,148,162
113,11,241,146,24,37,121,73,237,224
113,12,50,10,23,2,213,13,149,153
113,13,34,185,0,211,158,119,180,208
113,14,17,132,44,21,34,143,49,252
113,15,74,139,97,221,0,6,206,16
113,16,234,191,169,158,60,63,4,176
113,17,161,69,225,244,60,144,4,210
113,18,66,4,77,225,64,233,58,195
113,19,48,94,49,248,186,47,114,239
113,20,53,172,72,148,50,176,144,100
113,21,99,32,143,214,229,58,134,84
113,22,245,103,233,26,135,86,190,148
113,23,146,241,224,237,173,223,61,5
113,24,244,50,149,213,10,158,173,201
113,25,34,119,208,0,211,194,158,136
113,26,21,17,132,248,130,252,162,34
113,27,139,79,0,16,195,6,221,122
113,28,158,169,191,234,183,162,235,144
113,29,161,225,244,69,125,60,223,49
113,30,4,77,66,151,99,161,225,166
113,31,61,83,95,248,49,114,194,152
113,32,144,57,92,140,28,7,31,236
113,33,162,185,161,203,72,250,87,47
113,34,211,109,29,166,143,227,249,121
113,35,220,11,202,106,129,143,60,254
113,36,148,60,254,92,143,160,42,63
113,37,59,244,88,196,237,127,55,207
113,38,93,197,239,121,159,186,25,23
113,39,235,129,252,237,222,173,208,165
114,0,51,22,247,18,153,88,128,170
114,1,87,169,177,227,5,223,12,206
114,2,24,74,114,148,50,164,48,235
114,3,98,27,97,160,238,146,46,3
114,4,14,67,240,167,201,81,72,219
114,5,67,0,235,58,139,181,225,173
114,6,136,241,62,240,27,125,129,106
114,7,66,44,11,3,132,106,187,75
114,8,53,33,148,59,85,161,144,174
114,9,132,99,240,90,229,220,233,60
114,10,245,103,26,190,28,220,86,1
114,11,36,241,174,97,158,40,121,173
114,12,242,203,10,160,173,213,244,149
114,13,185,208,37,33,119,250,183,222
114,14,132,34,21,130,252,248,84,115
114,15,139,177,141,0,16,145,28,249
114,16,169,183,26,158,191,209,4,197
114,17,161,47,60,110,151,125,44,209
114,18,4,128,44,77,100,97,123,225
114,19,248,94,238,25,114,12,249,208
114,20,53,72,148,171,33,195,176,194
114,21,214,132,99,143,225,233,229,28
114,22,245,86,103,148,34,190,118,115
114,23,40,173,36,223,224,136,202,92
114,24,213,244,3,116,10,173,242,201
114,25,119,208,145,158,209,183,37,165
114,26,132,252,21,254,163,34,204,248
114,27,139,127,141,206,151,40,0,238
114,28,169,158,151,235,156,162,183,134
114,29,161,119,110,125,99,60,151,216
114,30,4,128,151,99,67,225,112,19
114,31,248,12,238,114,197,94,249,234
114,32,238,230,251,104,126,236,158,105
114,33,41,73,185,87,137,32,108,113
114,34,29,211,97,34,113,130,161,99
114,35,11,220,195,202,30,222,197,78
114,36,188,254,165,60,130,143,63,186
114,37,59,25,207,55,234,237,80,179
114,38,239,191,93,173,159,186,161,112
114,39,113,252,120,222,45,235,226,151
115,0,29,115,223,194,67,151,104,50
115,1,173,14,154,98,105,126,91,79
115,2,24,61,76,16,113,74,148,161
115,3,22,201,243,216,154,112,161,86
115,4,203,134,219,149,152,84,175,164
115,5,0,131,244,56,136,164,58,243
115,6,12,62,136,237,11,54,102,212
115,7,66,252,75,13,165,85,132,183
115,8,53,148,121,59,72,63,161,50
115,9,99,58,134,221,3,32,28,229
115,10,245,121,233,103,229,162,104,11
115,11,173,136,73,237,241,224,5,92
115,12,203,213,50,184,242,10,23,149
115,13,34,119,185,194,255,0,158,57
115,14,17,132,21,34,252,215,254,143
115,15,141,6,97,139,117,221,0,55
115,16,169,63,158,234,191,162,197,60
115,17,161,144,60,47,69,119,125,249
115,18,123,195,99,4,66,77,44,67
115,19,248,239,6,238,114,94,249,48
115,20,172,53,50,116,72,176,171,100
115,21,214,99,32,58,221,143,233,71
115,22,245,121,231,191,103,118,227,26
115,23,173,224,61,73,40,92,237,5
115,24,213,158,244,91,175,189,184,201
115,25,119,34,194,158,208,0,180,136
115,26,17,21,252,248,34,132,50,188
115,27,139,6,117,122,79,151,206,223
115,28,169,151,235,191,162,158,171,37
115,29,161,9,125,94,119,60,99,69
115,30,99,77,4,64,0,123,67,225
115,31,114,248,95,249,4,207,98,194
115,32,104,254,161,144,140,125,179,64
115,33,132,161,185,118,137,108,90,203
115,34,44,109,211,227,62,238,103,166
115,35,202,195,11,220,187,148,190,74
115,36,148,115,160,93,188,124,39,55
115,37,101,59,169,16,25,212,78,234
115,38,169,191,186,176,134,61,25,111
115,39,117,231,17,235,81,151,129,252
116,0,141,235,61,190,221,253,115,208
116,1,155,93,47,244,68,62,46,197
116,2,17,210,4,88,164,145,103,59
116,3,37,235,187,152,31,133,84,231
116,4,142,236,102,15,222,13,67,167
116,5,186,90,193,47,6,104,204,188
116,6,167,241,153,54,62,12,125,136
116,7,199,23,29,185,176,64,66,187
116,8,53,89,116,148,234,33,179,239
116,9,99,94,29,126,116,228,191,85
116,10,169,130,248,198,26,125,39,86
116,11,19,189,107,185,233,174,161,97
116,12,63,93,26,15,3,74,116,134
116,13,43,147,208,29,134,95,130,33
116,14,86,124,252,105,54,132,20,161
116,15,81,206,122,200,139,147,129,162
116,16,5,169,196,151,191,195,183,156
116,17,60,161,250,172,69,61,8,166
116,18,77,179,57,187,0,119,161,163
116,19,116,248,109,4,12,20,161,130
116,20,239,179,53,33,161,63,234,171
116,21,126,116,191,29,99,94,164,27
116,22,169,198,248,86,113,130,247,65
116,23,111,189,36,173,19,128,42,107
116,24,93,244,63,74,48,15,26,3
116,25,158,208,147,43,33,134,82,104
116,26,86,252,132,20,147,21,248,148
116,27,139,122,200,206,162,81,223,158
116,28,43,151,191,156,133,5,158,202
116,29,161,151,87,76,250,57,172,5
116,30,77,64,163,119,179,30,4,205
116,31,116,109,248,95,12,59,4,205
116,32,223,119,247,178,181,90,64,254
116,33,93,129,86,83,238,227,108,215
116,34,82,211,1,132,96,189,207,180
116,35,202,167,36,160,57,11,248,134
116,36,188,222,119,70,78,23,160,154
116,37,58,234,39,175,36,163,237,24
116,38,64,239,180,78,92,202,111,77
116,39,186,190,237,81,208,189,67,91
117,0,38,54,167,193,94,44,244,112
117,1,46,105,47,122,58,137,25,20
117,2,121,128,53,19,54,156,145,98
117,3,26,230,233,143,78,210,48,117
117,4,67,144,81,245,179,211,145,163
117,5,90,47,188,109,78,176,43,255
117,6,215,60,153,118,167,143,173,122
117,7,176,199,117,70,23,185,165,123
117,8,239,33,179,116,73,104,173,57
117,9,126,191,116,85,113,99,169,154
117,10,115,166,248,157,76,212,13,182
117,11,233,133,28,111,149,181,74,112
117,12,3,93,213,212,175,253,164,137
117,13,33,208,34,205,142,121,29,158
117,14,252,132,147,86,34,180,21,57
117,15,206,139,122,166,120,141,223,151
117,16,169,156,151,181,158,191,142,125
117,17,161,5,60,57,117,244,47,69
117,18,67,77,128,123,4,64,29,119
117,19,248,12,98,120,167,208,238,94
117,20,53,239,161,148,116,172,171,204
117,21,126,99,134,116,143,214,90,195
117,22,248,161,236,157,162,245,229,21
117,23,140,173,111,181,42,36,48,50
117,24,244,13,48,3,213,116,220,212
117,25,158,208,34,180,33,6,136,250
117,26,21,132,252,248,86,130,34,228
117,27,139,122,151,223,133,206,90,221
117,28,191,235,169,158,37,171,125,156
117,29,161,5,151,204,69,60,244,57
117,30,77,4,64,123,146,67,109,225
117,31,248,98,95,167,12,255,61,203
117,32,223,96,251,236,186,64,158,247
117,33,190,118,232,238,86,73,93,146
117,34,211,116,1,246,180,10,196,186
117,35,202,153,36,11,220,224,103,254
117,36,188,70,78,154,181,153,10,23
117,37,58,158,22,103,31,213,199,55
117,38,92,148,127,239,118,198,230,225
117,39,238,189,2,38,252,70,237,95
118,0,140,112,43,238,173,200,67,58
118,1,46,47,137,181,249,136,188,20
118,2,121,140,186,54,165,20,53,156
118,3,233,26,117,230,236,210,78,252
118,4,245,144,246,179,62,145,199,249
118,5,220,239,230,145,85,255,56,106
118,6,118,96,230,98,89,12,160,199
118,7,142,109,165,176,195,22,225,199
118,8,53,148,239,59,100,166,161,35
118,9,99,214,126,53,229,60,28,88
118,10,76,166,240,183,115,29,11,43
118,11,42,41,181,92,253,173,73,74
118,12,213,2,10,117,4,212,3,91
118,13,34,208,158,185,205,174,136,50
118,14,132,252,21,34,130,248,58,239
118,15,139,206,90,122,120,74,111,133
118,16,169,158,191,234,162,4,142,37
118,17,161,60,244,69,117,47,249,100
118,18,77,67,123,64,119,4,236,195
118,19,98,248,94,54,125,208,95,18
118,20,53,116,161,50,148,171,204,182
118,21,99,134,214,90,195,122,143,153
118,22,245,176,111,180,248,217,162,108
118,23,173,80,140,181,97,111,42,40
118,24,244,13,48,213,111,3,5,156
118,25,34,158,208,180,112,194,252,136
118,26,21,248,252,17,132,130,86,228
118,27,139,122,151,133,92,223,221,206
118,28,191,235,169,158,197,171,125,60
118,29,161,204,69,151,5,60,249,244
118,30,77,4,64,123,67,156,1,70
118,31,98,248,95,61,167,255,32,94
118,32,223,96,158,64,251,247,236,98
118,33,190,72,118,232,238,196,108,146
118,34,116,211,246,196,180,1,10,97
118,35,202,11,36,153,224,220,103,129
118,36,188,70,78,154,181,23,119,10
118,37,158,58,22,103,55,213,31,199
118,38,92,148,127,118,189,230,71,239
118,39,189,2,38,70,252,69,78,213
119,0,29,70,62,211,191,224,236,139
119,1,14,193,71,118,100,153,167,245
119,2,58,193,188,60,143,3,228,79
119,3,22,243,56,197,180,201,23,182
119,4,175,134,132,140,233,152,29,189
119,5,164,0,58,60,136,232,173,56
119,6,152,12,125,240,43,237,168,212
119,7,246,38,142,225,132,85,106,228
119,8,53,148,59,121,118,72,63,98
119,9,99,134,3,90,1,28,229,101
119,10,226,197,245,233,228,26,205,223
119,11,97,218,17,211,253,241,44,121
119,12,10,2,13,116,50,244,38,111
119,13,34,180,0,208,211,185,148,183
119,14,21,132,130,34,252,113,63,173
119,15,221,79,90,139,206,74,122,133
119,16,169,88,201,158,191,235,183,37
119,17,161,69,100,47,244,194,113,128
119,18,67,77,123,225,100,119,140,58
119,19,248,98,144,94,85,24,125,99
119,20,172,171,53,148,72,143,50,254
119,21,99,214,32,229,233,134,228,143
119,22,245,26,233,228,217,21,86,101
119,23,40,72,37,237,159,154,35,223
119,24,244,13,158,201,229,111,149,10
119,25,34,194,208,0,158,180,183,184
119,26,21,132,17,248,34,188,228,101
119,27,139,0,90,79,28,74,223,39
119,28,235,191,158,181,88,102,142,197
119,29,161,204,244,69,151,225,128,132
119,30,4,77,225,64,188,90,147,67
119,31,152,114,98,95,85,144,83,25
119,32,109,48,57,19,123,236,7,157
119,33,139,162,68,118,61,224,84,102
119,34,175,121,64,67,10,191,249,240
119,35,5,44,94,202,85,220,11,2
119,36,188,79,78,67,195,154,92,160
119,37,43,22,55,103,196,59,199,165
119,38,163,132,93,254,87,143,191,189
119,39,138,252,99,166,237,246,215,1
120,0,127,49,85,18,153,11,146,128
120,1,29,232,17,30,43,123,66,239
120,2,176,164,52,146,43,254,200,48
120,3,116,161,180,51,55,171,20,203
120,4,12,228,215,79,181,120,82,171
120,5,249,0,142,56,232,58,226,146
120,6,182,219,135,136,125,12,14,207
120,7,56,85,40,108,199,161,185,225
120,8,120,53,148,59,85,65,95,213
120,9,99,229,90,214,192,233,143,207
120,10,218,24,26,197,245,226,223,132
120,11,114,40,17,241,230,154,203,253
120,12,11,10,2,3,160,28,244,201
120,13,34,211,38,208,29,183,158,136
120,14,180,34,21,132,130,252,213,188
120,15,221,90,36,139,206,223,254,122
120,16,158,169,191,137,171,181,37,235
120,17,161,69,113,101,244,218,117,125
120,18,67,100,77,188,4,119,225,140
120,19,91,248,98,194,153,208,24,190
120,20,120,53,171,143,122,148,118,145
120,21,99,214,233,143,135,229,228,195
120,22,245,24,218,26,32,11,21,52
120,23,114,40,5,72,173,159,90,241
120,24,244,48,201,110,13,87,149,213
120,25,34,208,158,180,38,183,205,184
120,26,21,34,132,110,248,130,188,24
120,27,139,221,0,122,223,92,40,151
120,28,235,158,191,171,137,62,134,37
120,29,161,69,244,125,204,218,249,151
120,30,4,77,225,188,67,30,123,64
120,31,194,98,238,152,248,95,25,125
120,32,221,102,236,7,219,101,133,32
120,33,168,121,224,87,205,72,108,196
120,34,81,208,55,67,64,10,98,211
120,35,39,202,99,220,11,129,254,60
120,36,49,188,195,78,254,160,153,29
120,37,15,193,22,115,59,7,92,103
120,38,93,139,106,189,14,32,127,80
120,39,72,244,252,36,203,45,183,220
121,0,218,46,212,65,122,63,172,121
121,1,126,29,255,63,14,215,193,221
121,2,110,23,52,236,233,176,136,189
121,3,30,55,161,180,177,19,156,240
121,4,12,215,228,164,152,37,134,219
121,5,254,67,100,0,31,11,18,56
121,6,241,136,166,219,207,182,125,135
121,7,56,40,161,158,85,185,187,225
121,8,53,148,120,59,85,98,249,65
121,9,99,90,207,229,240,58,214,192
121,10,26,24,220,218,206,118,250,213
121,11,247,114,109,90,241,173,92,40
121,12,11,6,10,2,239,213,110,244
121,13,34,38,211,208,119,183,209,165
121,14,180,132,191,130,34,222,21,188
121,15,221,93,90,139,206,74,151,55
121,16,169,186,158,191,195,162,37,142
121,17,161,69,216,244,47,125,218,101
121,18,188,77,100,67,225,4,123,119
121,19,248,91,194,24,114,152,153,233
121,20,120,53,143,171,248,85,176,148
121,21,214,99,233,240,143,134,135,141
121,22,245,17,220,26,255,24,44,206
121,23,173,40,5,247,114,92,224,34
121,24,244,6,91,173,177,213,211,149
121,25,34,119,208,38,184,136,252,91
121,26,132,34,21,177,191,248,81,188
121,27,139,93,221,141,151,255,55,254
121,28,158,191,235,13,186,134,169,57
121,29,161,216,69,244,99,204,68,249
121,30,4,77,30,225,161,166,64,99
121,31,194,98,238,248,95,61,114,25
121,32,116,221,136,236,7,75,102,32
121,33,182,72,168,87,121,108,224,7
121,34,205,81,211,98,55,146,29,208
121,35,202,39,11,220,194,129,195,254
121,36,49,188,254,78,160,25,77,29
121,37,59,15,121,247,219,178,137,207
121,38,93,106,239,139,191,14,161,173
121,39,45,114,72,252,237,235,103,22
122,0,223,50,29,115,72,131,62,4
122,1,14,126,221,17,193,29,230,105
122,2,183,212,194,52,189,236,143,225
122,3,22,201,213,180,243,154,112,255
122,4,134,149,164,152,36,171,29,189
122,5,0,164,58,225,173,136,82,131
122,6,12,136,241,62,237,207,11,212
122,7,13,3,183,75,193,142,225,155
122,8,53,148,121,59,72,249,161,171
122,9,99,134,3,229,28,90,58,101
122,10,245,233,103,229,223,197,121,1
122,11,241,216,146,237,37,173,248,17
122,12,110,149,2,10,184,6,32,50
122,13,34,0,194,180,119,162,158,208
122,14,143,34,17,132,21,130,239,173
122,15,79,221,139,0,223,6,111,117
122,16,158,191,169,234,173,4,202,235
122,17,161,69,244,125,210,249,225,144
122,18,66,4,151,123,77,99,67,64
122,19,194,6,49,98,248,208,239,47
122,20,50,172,53,89,106,85,41,38
122,21,99,32,71,127,143,214,58,135
122,22,245,50,233,191,206,127,102,49
122,23,173,224,237,249,5,92,61,116
122,24,244,91,6,149,113,10,158,110
122,25,119,34,0,52,194,184,208,158
122,26,17,34,21,132,248,63,81,228
122,27,139,79,117,221,6,223,92,0
122,28,158,235,140,193,191,202,177,50
122,29,161,9,249,94,69,49,88,61
122,30,99,4,0,30,77,67,225,162
122,31,114,98,194,95,152,58,32,125
122,32,144,161,3,140,179,125,118,230
122,33,161,185,132,108,203,90,137,166
122,34,109,211,227,103,166,44,62,130
122,35,11,202,195,194,190,209,220,222
122,36,148,93,29,55,85,235,92,124
122,37,101,65,36,33,234,172,169,16
122,38,186,191,25,239,143,159,134,61
122,39,117,235,237,151,81,210,180,253
123,0,141,235,190,221,208,61,253,115
123,1,47,93,155,244,46,197,182,11
123,2,17,4,210,74,88,162,215,145
123,3,235,37,152,187,231,133,84,77
123,4,142,236,15,102,13,128,222,167
123,5,186,193,224,104,6,204,41,56
123,6,167,241,153,62,136,93,18,83
123,7,29,23,185,199,108,225,4,3
123,8,53,148,89,59,234,33,168,105
123,9,94,228,99,29,126,164,229,77
123,10,130,169,1,245,248,197,216,26
123,11,189,241,17,248,161,97,185,107
123,12,63,26,10,149,32,110,2,116
123,13,34,43,208,97,162,147,50,183
123,14,20,124,34,132,248,21,113,222
123,15,81,221,122,90,139,206,74,200
123,16,191,196,5,169,195,151,158,142
123,17,161,69,172,250,61,244,44,210
123,18,77,0,57,119,187,67,179,225
123,19,12,98,248,208,152,130,163,115
123,20,53,72,85,148,106,234,24,33
123,21,126,99,29,94,143,135,124,164
123,22,169,198,23,113,245,190,130,86
123,23,161,173,189,36,178,241,159,90
123,24,149,74,63,48,229,26,44,244
123,25,158,61,147,43,104,117,82,33
123,26,20,86,21,248,50,184,34,147
123,27,139,200,189,122,223,154,133,128
123,28,151,158,255,43,235,62,191,204
123,29,161,57,194,34,76,246,69,249
123,30,30,77,163,3,179,64,123,146
123,31,98,116,12,248,163,255,208,32
123,32,223,119,54,64,247,251,196,161
123,33,93,32,227,210,108,231,137,83
123,34,211,82,132,130,98,199,74,223
123,35,195,234,11,134,30,194,203,19
123,36,222,29,190,60,205,80,219,165
123,37,36,234,200,24,120,54,2,245
123,38,239,25,165,140,64,210,177,241
123,39,186,162,190,237,19,81,91,148
124,0,38,54,167,193,44,112,94,244
124,1,46,47,105,122,58,25,249,20
124,2,128,156,54,53,245,176,186,140
124,3,26,230,233,78,48,143,103,210
124,4,81,67,144,245,179,213,211,234
124,5,90,224,188,47,78,109,176,255
124,6,215,60,153,167,187,83,54,180
124,7,176,199,70,117,231,23,185,42
124,8,239,33,179,53,116,57,73,105
124,9,126,191,116,85,99,113,132,131
124,10,248,166,115,182,76,212,157,191
124,11,133,233,74,36,140,111,112,28
124,12,3,93,213,253,87,144,74,44
124,13,33,29,34,208,61,158,121,205
124,14,147,86,252,132,34,248,161,21
124,15,122,166,206,189,139,90,151,223
124,16,169,156,151,191,158,202,181,142
124,17,161,57,5,69,110,244,117,60
124,18,77,67,128,64,4,119,236,107
124,19,98,12,248,120,208,167,161,125
124,20,53,239,161,148,204,50,248,171
124,21,126,99,134,116,143,135,90,195
124,22,248,162,21,245,161,229,236,176
124,23,140,36,173,42,48,181,171,223
124,24,244,13,48,213,212,3,111,116
124,25,34,208,158,33,6,180,136,119
124,26,21,248,132,34,130,86,228,147
124,27,139,133,122,223,151,90,206,221
124,28,191,235,125,171,158,151,156,62
124,29,161,57,204,5,151,244,69,100
124,30,4,77,64,123,67,51,1,193
124,31,98,248,61,12,95,208,167,125
124,32,223,96,64,186,236,219,122,247
124,33,72,238,86,73,190,232,146,93
124,34,211,116,241,186,180,246,1,10
124,35,202,153,220,129,36,11,57,60
124,36,188,70,181,78,154,119,23,153
124,37,31,58,7,103,213,199,22,62
124,38,92,239,148,230,189,127,118,14
124,39,238,189,252,38,2,196,70,237
125,0,140,112,43,238,173,200,67,58
125,1,46,47,181,249,137,136,188,20
125,2,186,140,156,54,82,200,245,165
125,3,233,26,230,117,103,236,210,78
125,4,245,144,179,62,246,193,249,213
125,5,239,85,56,255,230,220,106,224
125,6,118,96,98,12,207,230,110,89
125,7,176,142,237,22,188,195,213,206
125,8,53,148,239,59,230,100,192,249
125,9,99,126,53,60,229,7,28,88
125,10,166,115,104,183,11,231,93,240
125,11,253,183,181,149,41,74,51,28
125,12,212,10,213,117,2,4,92,144
125,13,34,208,158,142,33,205,136,201
125,14,132,34,252,21,147,130,248,173
125,15,90,139,122,206,120,74,223,145
125,16,169,158,151,156,191,37,62,125
125,17,161,244,57,100,69,110,47,117
125,18,77,67,123,64,4,236,100,107
125,19,98,12,248,125,120,95,94,54
125,20,53,148,50,116,248,204,57,161
125,21,99,195,229,143,134,126,90,214
125,22,21,245,248,176,162,161,217,229
125,23,173,140,42,237,171,181,223,48
125,24,244,13,48,212,213,201,156,5
125,25,34,208,158,180,119,252,57,194
125,26,21,132,248,228,252,130,17,63
125,27,139,0,223,133,92,221,122,90
125,28,235,191,158,142,125,171,197,183
125,29,161,204,151,69,244,249,5,65
125,30,77,4,67,123,64,225,1,128
125,31,98,248,95,61,12,240,125,208
125,32,223,96,236,64,7,219,247,114
125,33,190,72,232,196,41,146,7,238
125,34,116,211,246,196,10,180,97,161
125,35,202,129,153,220,11,36,197,142
125,36,188,181,70,78,154,153,119,23
125,37,31,58,22,7,103,219,55,199
125,38,92,148,71,239,118,189,230,127
125,39,2,189,252,38,69,70,213,196
126,0,218,212,65,40,66,157,46,236
126,1,124,242,215,128,255,73,186,19
126,2,79,58,60,255,188,76,219,139
126,3,55,30,177,92,219,123,112,156
126,4,254,152,132,74,79,134,215,29
126,5,31,213,18,0,147,23,237,11
126,6,166,241,12,219,183,135,207,19
126,7,61,187,158,142,185,199,225,132
126,8,53,148,157,59,85,161,247,22
126,9,99,207,90,156,151,214,229,233
126,10,220,228,26,161,162,255,245,180
126,11,27,253,158,40,156,183,241,54
126,12,2,13,91,10,116,244,179,152
126,13,34,119,208,205,136,142,121,174
126,14,132,180,130,21,34,252,248,179
126,15,139,116,90,206,111,133,122,141
126,16,169,158,191,142,186,37,162,125
126,17,161,216,244,100,117,47,69,249
126,18,123,67,77,195,64,107,4,100
126,19,98,238,248,95,24,125,18,135
126,20,157,53,172,148,50,161,118,248
126,21,99,214,90,229,233,195,143,134
126,22,220,21,245,255,228,231,161,217
126,23,173,4,40,181,27,158,211,156
126,24,13,91,244,127,106,116,201,4
126,25,119,34,180,208,57,194,252,184
126,26,21,132,248,34,130,63,228,252
126,27,139,133,90,92,223,0,151,122
126,28,191,201,235,142,158,171,169,197
126,29,161,216,204,69,65,151,1,244
126,30,77,64,67,4,123,225,45,98
126,31,98,248,95,240,114,208,61,125
126,32,116,64,236,197,42,31,7,219
126,33,59,206,182,18,118,196,72,146
126,34,211,205,196,246,11,10,152,213
126,35,202,129,210,220,11,36,142,103
126,36,188,251,78,153,154,119,89,118
126,37,22,55,7,103,219,199,93,158
126,38,124,14,127,239,118,45,230,189
126,39,45,42,252,34,120,13,114,27
127,0,211,151,62,70,231,163,134,73
127,1,21,101,163,22,14,255,215,193
127,2,189,3,143,71,254,97,183,247
127,3,22,243,20,180,201,167,147,16
127,4,175,44,134,79,132,152,140,29
127,5,0,164,95,58,136,232,173,82
127,6,152,241,39,240,125,57,135,12
127,7,223,4,38,246,225,228,240,132
127,8,53,148,59,72,63,121,22,161
127,9,99,134,90,58,3,229,101,207
127,10,197,245,233,220,19,131,226,26
127,11,211,241,158,4,97,218,216,2
127,12,2,91,10,244,13,116,12,111
127,13,34,208,119,148,0,194,136,185
127,14,132,21,34,17,252,1,130,248
127,15,221,0,90,6,139,206,97,111
127,16,191,169,158,171,201,125,197,235
127,17,161,69,164,244,216,72,47,217
127,18,123,195,32,77,67,107,209,58
127,19,238,98,144,99,94,248,24,48
127,20,53,172,148,116,98,50,246,72
127,21,99,32,214,58,229,233,195,134
127,22,245,231,220,233,19,228,101,217
127,23,4,237,40,92,158,173,211,181
127,24,91,244,50,13,158,201,175,10
127,25,34,119,180,194,208,0,136,252
127,26,21,132,17,248,63,34,252,228
127,27,139,0,6,221,33,90,133,223
127,28,191,235,158,169,234,181,183,102
127,29,161,216,164,69,204,9,21,249
127,30,77,123,99,90,67,64,225,51
127,31,114,98,248,95,85,152,67,59
127,32,22,109,236,254,144,64,48,7
127,33,198,234,118,196,87,250,162,59
127,34,211,246,240,10,175,109,72,67
127,35,202,129,14,220,142,103,11,5
127,36,188,78,154,142,10,153,89,134
127,37,199,170,93,22,219,103,224,194
127,38,175,239,102,225,243,135,189,46
127,39,58,252,129,235,99,117,247,70
128,0,27,35,101,166,135,133,242,108
128,1,26,11,139,132,123,216,146,34
128,2,249,210,189,164,146,204,51,48
128,3,211,106,37,226,29,46,161,146
128,4,14,65,240,15,167,146,129,242
128,5,142,161,10,235,0,181,191,237
128,6,241,39,255,215,240,135,27,219
128,7,2,199,85,69,132,187,106,225
128,8,53,59,148,35,179,248,95,70
128,9,241,180,99,90,83,229,143,6
128,10,228,220,88,19,226,197,26,251
128,11,20,69,39,158,241,211,97,40
128,12,2,160,91,244,116,10,28,229
128,13,34,178,37,208,29,136,119,148
128,14,21,238,34,132,1,130,252,228
128,15,36,90,221,139,0,133,223,111
128,16,96,158,191,235,169,164,201,171
128,17,161,94,216,60,217,128,69,244
128,18,123,148,170,67,77,107,209,32
128,19,98,238,130,95,18,94,254,126
128,20,53,148,98,50,161,246,143,150
128,21,241,99,180,214,229,233,90,228
128,22,83,245,34,88,231,194,220,108
128,23,20,39,69,4,173,25,40,223
128,24,91,244,13,67,116,149,251,201
128,25,34,119,178,208,180,255,252,136
128,26,21,132,248,238,228,63,34,252
128,27,139,0,166,36,221,223,90,133
128,28,191,96,235,158,164,169,183,197
128,29,161,94,69,249,1,216,204,102
128,30,77,170,148,123,225,85,64,91
128,31,130,95,98,240,67,59,88,61
128,32,60,158,254,99,236,7,133,238
128,33,33,190,41,232,196,205,87,118
128,34,211,82,161,97,246,10,34,113
128,35,24,129,202,14,142,11,220,36
128,36,188,207,78,154,153,10,134,60
128,37,104,199,22,219,103,224,93,158
128,38,175,239,135,27,71,118,127,45
128,39,110,243,12,69,58,252,70,96
129,0,254,191,120,75,236,211,217,195
129,1,91,187,167,14,28,191,193,252
129,2,37,170,188,175,32,42,79,91
129,3,22,69,163,201,126,93,112,154
129,4,134,233,175,28,121,206,155,29
129,5,0,58,60,173,64,77,164,95
129,6,173,12,195,255,210,212,72,237
129,7,39,166,104,132,175,225,158,30
129,8,53,148,38,59,121,72,172,1
129,9,99,32,134,90,3,101,221,229
129,10,245,233,217,77,103,226,197,42
129,11,241,216,63,237,105,19,223,118
129,12,149,10,50,13,32,38,2,158
129,13,34,204,178,208,0,180,158,45
129,14,132,21,17,191,173,34,163,248
129,15,221,6,0,206,90,139,74,93
129,16,191,234,57,197,176,169,158,56
129,17,161,69,94,46,210,144,209,58
129,18,32,195,58,77,209,123,116,66
129,19,219,24,37,48,115,94,95,239
129,20,53,148,172,116,72,38,50,162
129,21,32,99,233,229,214,228,58,195
129,22,77,245,233,132,103,217,135,194
129,23,99,63,118,19,105,4,146,223
129,24,50,244,149,119,116,10,158,166
129,25,34,178,208,0,204,194,119,45
129,26,17,132,21,248,228,204,239,63
129,27,139,221,79,0,12,206,18,145
129,28,191,234,56,235,197,158,219,183
129,29,161,94,54,69,249,60,1,9
129,30,116,77,66,209,225,143,83,97
129,31,55,219,49,37,95,83,157,118
129,32,235,28,92,26,14,78,236,22
129,33,250,47,162,87,251,146,198,229
129,34,185,164,121,18,246,143,166,191
129,35,24,202,101,129,220,11,194,142
129,36,188,78,154,103,92,148,10,153
129,37,199,103,22,113,162,93,238,208
129,38,243,239,118,45,127,175,189,52
129,39,141,77,99,70,116,40,252,219
130,0,48,70,139,174,69,211,161,178
130,1,80,91,30,206,141,187,14,44
130,2,225,111,207,48,24,81,176,134
130,3,164,147,189,22,14,121,161,139
130,4,44,148,134,221,175,152,29,50
130,5,0,164,58,201,230,130,180,185
130,6,173,51,240,57,18,39,12,140
130,7,38,223,225,246,3,183,104,85
130,8,53,148,59,95,7,98,38,171
130,9,99,58,134,90,229,221,28,101
130,10,245,19,242,226,166,255,179,195
130,11,241,220,216,218,173,174,183,222
130,12,119,149,10,32,91,251,213,0
130,13,34,119,178,26,208,183,1,100
130,14,132,21,35,34,173,230,162,1
130,15,221,93,0,124,55,53,139,79
130,16,57,158,191,235,219,169,197,203
130,17,161,94,175,21,164,69,214,60
130,18,123,195,151,58,99,77,32,225
130,19,238,24,98,85,144,94,99,246
130,20,148,53,172,50,246,98,162,235
130,21,214,99,229,58,233,98,45,228
130,22,19,137,242,132,245,34,78,253
130,23,173,174,220,34,218,44,159,158
130,24,149,119,50,10,128,116,11,32
130,25,101,178,34,119,0,183,222,208
130,26,132,203,44,21,228,252,63,231
130,27,139,28,33,221,223,169,0,55
130,28,235,219,57,158,102,191,181,190
130,29,94,164,161,21,60,216,151,99
130,30,4,90,63,64,225,77,99,166
130,31,238,98,152,85,59,95,58,18
130,32,123,109,22,48,236,15,245,230
130,33,234,95,162,132,118,64,203,142
130,34,175,240,67,211,64,20,98,10
130,35,24,94,5,85,187,2,11,202
130,36,142,188,225,67,143,29,51,165
130,37,100,43,113,169,127,80,101,16
130,38,88,239,119,143,159,169,191,96
130,39,40,235,163,129,139,237,122,17
131,0,51,145,91,249,179,146,79,242
131,1,139,64,87,59,216,123,75,106
131,2,249,164,225,146,34,88,54,114
131,3,59,142,211,124,146,37,46,135
131,4,131,241,230,15,240,170,191,151
131,5,186,142,139,0,13,175,252,103
131,6,51,241,39,255,240,135,57,173
131,7,40,68,223,225,108,199,106,4
131,8,53,148,59,89,161,100,144,95
131,9,99,69,90,229,228,233,195,101
131,10,245,220,19,26,197,255,226,228
131,11,241,216,158,211,203,174,97,136
131,12,2,10,149,91,160,32,11,116
131,13,34,119,21,208,211,148,37,158
131,14,132,21,173,34,130,162,248,17
131,15,221,0,139,90,111,206,28,79
131,16,158,191,235,169,162,197,219,171
131,17,161,69,94,244,117,68,216,214
131,18,123,32,195,58,67,4,77,107
131,19,238,98,24,37,144,153,95,219
131,20,116,120,148,53,50,235,161,246
131,21,69,214,99,229,233,228,173,45
131,22,245,231,19,103,220,86,217,78
131,23,4,173,40,203,25,123,61,133
131,24,91,244,149,13,189,160,0,201
131,25,34,119,180,208,194,184,158,252
131,26,21,132,248,63,34,228,252,203
131,27,139,23,221,0,223,133,33,252
131,28,158,235,191,181,134,169,125,120
131,29,161,216,249,164,69,204,244,151
131,30,4,77,123,67,64,188,236,90
131,31,98,238,248,114,207,95,152,240
131,32,236,48,245,64,102,31,213,7
131,33,234,126,107,118,224,196,72,87
131,34,211,175,240,64,67,98,164,10
131,35,94,5,202,11,220,195,85,129
131,36,188,78,195,99,143,142,43,67
131,37,43,226,59,93,232,215,231,22
131,38,93,163,159,96,8,21,239,191
131,39,252,246,235,237,45,1,248,245
132,0,49,127,85,153,18,58,227,146
132,1,228,43,66,123,30,223,107,29
132,2,169,189,68,249,136,34,225,70
132,3,20,116,171,55,51,161,141,3
132,4,12,215,228,79,246,120,164,106
132,5,249,169,255,0,239,237,142,13
132,6,241,166,136,39,219,57,135,182
132,7,40,56,161,225,106,206,85,108
132,8,53,120,148,59,65,250,95,249
132,9,99,214,229,233,151,90,195,67
132,10,220,24,255,218,192,19,26,245
132,11,114,173,241,40,158,90,203,183
132,12,91,11,2,10,28,6,201,147
132,13,34,119,38,21,136,184,208,121
132,14,180,34,21,132,130,223,1,227
132,15,221,139,0,90,36,202,206,33
132,16,158,169,171,137,57,191,235,162
132,17,161,216,117,218,69,244,68,151
132,18,123,188,4,32,67,100,58,77
132,19,238,98,91,153,248,24,95,99
132,20,120,53,148,50,98,118,248,176
132,21,214,228,99,233,210,143,134,135
132,22,245,21,103,255,218,231,166,24
132,23,114,173,25,40,181,233,38,223
132,24,91,244,13,149,201,69,110,139
132,25,34,119,158,208,180,184,252,91
132,26,21,132,34,248,63,81,130,228
132,27,139,221,0,133,206,223,117,122
132,28,191,158,235,137,171,173,57,134
132,29,161,249,216,69,68,218,99,125
132,30,4,77,67,225,166,123,236,30
132,31,238,98,248,194,61,114,95,152
132,32,221,236,102,118,245,133,31,64
132,33,168,121,224,72,87,205,196,223
132,34,81,55,211,208,98,67,10,29
132,35,39,202,11,195,99,220,129,142
132,36,49,188,186,143,78,254,5,60
132,37,15,226,63,59,98,179,178,55
132,38,93,45,106,173,32,159,239,161
132,39,72,45,252,244,114,120,206,235
133,0,29,223,115,50,4,72,62,104
133,1,14,126,221,193,105,29,170,204
133,2,212,194,236,225,23,139,143,189
133,3,22,201,243,112,154,69,180,23
133,4,134,149,164,152,29,75,146,4
133,5,0,136,164,58,225,13,173,50
133,6,136,241,62,237,12,212,11,240
133,7,155,141,85,165,158,183,225,88
133,8,53,148,59,121,72,100,161,166
133,9,99,134,58,229,3,90,101,137
133,10,245,233,103,104,229,1,220,162
133,11,241,216,173,164,146,237,37,158
133,12,2,110,149,174,91,32,10,92
133,13,34,119,251,222,194,255,0,208
133,14,132,21,34,223,17,130,143,162
133,15,221,117,247,79,0,139,206,111
133,16,158,101,169,191,171,234,63,4
133,17,161,249,216,244,144,117,47,69
133,18,123,99,66,151,4,67,100,58
133,19,238,98,6,239,49,248,194,24
133,20,172,50,53,38,89,216,84,116
133,21,214,53,32,158,210,58,45,99
133,22,231,227,245,103,50,21,95,233
133,23,173,25,224,40,92,61,4,90
133,24,91,158,174,244,149,117,113,175
133,25,119,34,194,184,158,0,180,216
133,26,17,21,132,34,228,248,63,223
133,27,117,139,221,6,247,223,79,55
133,28,235,158,162,191,44,63,140,193
133,29,249,161,9,99,94,61,49,69
133,30,99,77,4,0,30,123,67,225
133,31,114,238,98,95,248,173,152,218
133,32,144,104,161,125,236,179,64,254
133,33,161,132,185,104,118,137,113,90
133,34,109,227,211,44,103,166,62,20
133,35,195,148,11,190,74,64,202,78
133,36,148,93,85,115,124,99,163,143
133,37,101,169,65,16,232,86,98,240
133,38,159,25,61,186,134,96,169,165
133,39,117,235,237,48,151,210,180,223
134,0,141,235,61,190,221,253,115,208
134,1,47,93,155,244,46,197,68,182
134,2,17,74,4,210,145,215,162,88
134,3,235,187,152,231,37,133,77,84
134,4,142,236,13,102,15,128,222,144
134,5,186,193,224,104,6,204,41,90
134,6,167,241,153,62,54,18,93,135
134,7,29,199,23,185,225,196,187,216
134,8,53,89,59,148,234,100,105,95
134,9,94,99,228,29,164,126,90,116
134,10,130,169,248,1,220,198,26,245
134,11,189,161,241,97,136,185,140,107
134,12,63,26,10,74,149,32,242,28
134,13,208,43,34,147,50,61,158,97
134,14,20,132,50,34,124,252,248,222
134,15,189,122,139,81,206,90,200,111
134,16,169,196,191,151,158,142,5,195
134,17,161,172,119,250,57,61,76,60
134,18,0,77,179,57,67,119,187,132
134,19,12,98,248,23,152,6,208,79
134,20,53,63,161,100,36,106,148,179
134,21,126,99,153,29,158,27,124,122
134,22,113,198,23,169,130,231,86,137
134,23,161,173,136,74,189,243,97,174
134,24,242,63,74,149,48,44,26,244
134,25,158,147,61,43,254,70,34,136
134,26,50,20,86,171,92,124,148,132
134,27,189,139,200,122,97,81,56,89
134,28,151,43,255,204,158,235,134,62
134,29,161,57,246,249,175,76,215,194
134,30,30,60,163,38,201,67,161,0
134,31,98,116,191,208,255,123,238,32
134,32,223,119,161,181,54,64,196,172
134,33,93,227,231,210,27,32,64,137
134,34,211,82,17,234,210,132,137,228
134,35,203,195,234,102,134,194,33,30
134,36,222,22,101,191,205,29,80,219
134,37,24,36,165,234,202,2,54,4
134,38,239,140,165,241,64,25,180,202
134,39,186,162,190,237,81,19,148,235
135,0,38,54,167,193,44,112,94,244
135,1,46,47,105,58,122,25,201,249
135,2,128,53,156,245,54,140,186,145
135,3,26,230,233,78,143,103,48,210
135,4,81,144,67,245,213,179,234,91
135,5,90,224,188,47,78,193,255,109
135,6,215,60,153,54,167,206,83,187
135,7,176,199,70,117,23,231,42,185
135,8,239,33,179,116,57,73,53,100
135,9,126,116,191,85,113,132,131,99
135,10,248,115,166,36,182,212,213,206
135,11,133,233,140,36,74,243,111,213
135,12,3,93,44,144,74,175,253,87
135,13,33,61,147,29,6,158,174,205
135,14,147,86,252,132,34,50,161,162
135,15,189,122,206,166,139,223,129,100
135,16,156,151,169,158,191,212,142,202
135,17,161,57,5,117,110,69,60,244
135,18,67,77,128,64,236,107,147,29
135,19,98,12,248,120,208,167,152,161
135,20,53,239,204,161,247,50,148,57
135,21,126,99,116,134,90,143,135,233
135,22,248,21,162,245,161,229,236,166
135,23,48,140,36,42,181,173,214,35
135,24,244,13,48,179,92,156,213,2
135,25,208,158,34,6,33,180,218,61
135,26,21,248,132,34,130,86,228,63
135,27,139,122,133,223,189,206,151,90
135,28,191,171,182,235,158,203,17,125
135,29,161,57,100,249,5,151,68,204
135,30,4,77,64,67,51,123,236,1
135,31,98,248,61,95,167,12,81,94
135,32,223,64,96,219,122,186,236,196
135,33,86,238,73,146,72,118,93,190
135,34,241,186,180,1,116,211,207,10
135,35,202,153,36,220,57,129,16,235
135,36,188,78,70,181,119,154,98,23
135,37,58,31,199,103,7,22,213,55
135,38,92,239,148,230,127,118,189,198
135,39,238,189,252,38,2,196,186,70
136,0,140,112,43,238,173,200,67,30
136,1,46,47,181,249,137,188,74,213
136,2,186,140,82,245,156,200,54,85
136,3,233,26,117,103,230,236,210,78
136,4,245,144,246,62,179,249,213,81
136,5,230,85,255,239,224,56,220,83
136,6,118,96,239,98,160,124,89,140
136,7,176,109,237,206,225,199,112,15
136,8,53,239,148,59,100,230,199,192
136,9,99,126,53,113,60,214,229,7
136,10,166,115,104,231,240,11,21,183
136,11,253,41,133,28,173,51,181,149
136,12,212,117,213,2,41,4,92,99
136,13,34,158,208,142,33,6,50,136
136,14,132,147,252,34,21,130,248,223
136,15,206,139,122,90,120,166,74,223
136,16,169,158,151,156,191,142,37,125
136,17,161,57,244,117,100,110,69,5
136,18,67,77,64,107,236,4,128,123
136,19,98,12,248,120,208,125,95,152
136,20,53,204,247,148,50,161,116,122
136,21,99,126,90,134,214,217,143,195
136,22,21,245,248,162,161,229,144,236
136,23,140,173,48,42,181,155,253,205
136,24,244,13,156,48,201,179,111,212
136,25,34,208,180,158,218,6,106,252
136,26,21,248,130,132,34,228,134,63
136,27,139,122,133,90,223,151,145,206
136,28,235,191,171,62,142,60,125,100
136,29,161,100,204,244,151,249,65,5
136,30,4,77,67,64,51,236,123,107
136,31,98,248,95,61,240,208,255,167
136,32,196,96,219,223,236,128,74,64
136,33,190,72,238,146,118,7,86,73
136,34,116,180,196,246,211,10,207,186
136,35,202,153,36,129,220,11,57,16
136,36,188,181,70,78,119,154,118,120
136,37,31,58,22,55,199,7,103,93
136,38,92,148,239,71,230,127,118,189
136,39,2,189,38,252,69,70,213,36
137,0,106,40,22,127,66,236,157,18
137,1,72,124,242,73,128,226,86,193
137,2,58,60,255,79,188,219,49,80
137,3,92,30,55,177,219,189,117,112
137,4,122,139,118,228,172,88,152,254
137,5,147,11,114,18,0,161,130,56
137,6,166,147,183,90,14,12,135,208
137,7,101,158,187,172,109,185,196,225
137,8,122,53,148,59,85,161,98,214
137,9,99,217,178,156,207,229,85,233
137,10,62,142,26,245,11,161,104,163
137,11,69,27,247,241,195,253,35,40
137,12,116,10,13,2,191,28,124,48
137,13,34,208,1,158,168,50,250,142
137,14,132,21,34,130,248,134,252,162
137,15,120,0,139,74,90,206,122,223
137,16,169,158,191,181,142,4,62,235
137,17,161,244,188,100,69,117,47,151
137,18,158,67,77,64,58,236,147,4
137,19,98,34,208,186,152,248,233,125
137,20,122,50,53,172,204,148,57,144
137,21,217,99,178,214,143,229,134,135
137,22,245,62,142,26,21,229,13,217
137,23,69,237,241,27,247,48,42,253
137,24,244,13,106,92,48,51,23,201
137,25,34,208,180,1,194,162,158,252
137,26,21,248,130,132,35,34,228,134
137,27,139,120,90,223,133,0,122,156
137,28,142,191,235,62,171,60,158,125
137,29,161,69,244,188,65,204,100,144
137,30,158,77,64,4,67,123,30,161
137,31,98,95,34,186,240,248,25,152
137,32,96,42,7,236,186,64,31,71
137,33,151,11,118,58,72,232,49,87
137,34,12,211,196,45,180,246,10,234
137,35,153,202,11,129,60,131,156,195
137,36,212,188,154,119,78,8,254,166
137,37,219,165,199,31,55,121,22,115
137,38,93,239,58,173,205,159,252,233
137,39,68,241,9,252,16,23,45,237
138,0,136,78,56,89,241,14,18,68
138,1,135,35,222,79,134,6,186,166
138,2,58,101,113,240,224,181,108,179
138,3,42,107,85,92,147,153,194,217
138,4,253,17,254,172,58,122,92,152
138,5,174,11,18,0,147,237,226,173
138,6,147,194,166,145,152,12,219,178
138,7,13,109,225,188,132,195,187,106
138,8,53,157,148,59,122,85,214,98
138,9,99,217,214,90,207,229,143,233
138,10,12,68,245,228,142,76,93,26
138,11,64,69,241,27,92,40,87,205
138,12,2,10,13,6,12,244,116,213
138,13,34,42,1,208,205,148,158,164
138,14,132,34,173,17,21,162,143,248
138,15,74,90,139,0,206,170,120,141
138,16,191,158,247,169,4,235,62,234
138,17,161,244,185,190,69,188,204,210
138,18,77,158,67,72,58,236,64,75
138,19,186,208,248,34,98,125,151,207
138,20,157,7,53,50,172,148,204,118
138,21,99,214,143,217,135,90,232,206
138,22,12,245,76,68,142,228,229,179
138,23,64,69,40,152,73,5,122,215
138,24,244,106,13,4,243,23,5,229
138,25,34,1,208,42,148,106,236,80
138,26,21,130,248,166,132,1,228,134
138,27,139,92,219,0,122,196,223,90
138,28,247,191,142,201,235,175,197,158
138,29,161,185,69,204,244,65,99,188
138,30,72,158,67,77,4,64,75,30
138,31,98,248,186,240,173,95,125,25
138,32,64,224,42,7,236,219,197,212
138,33,63,18,156,206,118,7,72,217
138,34,211,152,196,234,175,246,10,29
138,35,210,202,129,11,60,220,194,195
138,36,251,188,212,78,148,154,160,123
138,37,219,50,165,62,55,121,59,22
138,38,146,239,93,205,173,14,32,118
138,39,114,45,85,252,177,134,120,185
139,0,36,70,134,139,55,177,175,211
139,1,254,22,101,14,193,91,42,187
139,2,3,58,182,143,101,201,113,77
139,3,167,42,22,243,56,107,32,14
139,4,253,134,175,29,152,199,27,44
139,5,164,0,130,58,189,24,226,136
139,6,12,147,152,240,145,41,212,30
139,7,38,13,225,183,3,104,246,132
139,8,53,148,59,111,249,98,95,118
139,9,99,134,28,90,58,101,229,221
139,10,242,228,12,245,226,162,172,199
139,11,218,35,154,205,87,213,215,69
139,12,13,10,2,92,83,167,229,142
139,13,34,1,242,180,148,19,26,42
139,14,132,166,35,57,34,21,200,173
139,15,28,150,141,74,90,139,124,196
139,16,247,158,169,191,37,190,126,162
139,17,161,244,125,194,69,185,214,144
139,18,158,77,64,67,72,100,195,107
139,19,98,186,248,144,85,207,94,114
139,20,172,53,50,148,171,98,72,202
139,21,214,99,232,58,229,101,221,143
139,22,245,12,21,76,242,102,142,26
139,23,237,218,73,173,40,213,154,5
139,24,244,13,4,182,105,99,5,201
139,25,34,242,208,1,194,180,106,148
139,26,21,166,130,132,248,34,57,228
139,27,139,0,28,150,90,219,122,223
139,28,247,142,191,235,158,175,100,177
139,29,161,69,99,244,204,185,186,214
139,30,158,4,77,67,30,188,72,64
139,31,98,114,152,186,85,248,194,207
139,32,123,64,109,48,236,22,18,31
139,33,139,118,151,95,224,107,253,72
139,34,175,211,64,240,67,29,10,239
139,35,94,85,202,11,129,219,60,187
139,36,188,254,195,29,206,16,225,186
139,37,43,59,165,219,237,115,207,25
139,38,93,163,239,140,205,131,196,96
139,39,138,252,235,246,201,237,185,222
140,0,49,127,85,18,153,146,227,84
140,1,43,133,29,17,66,232,57,251
140,2,225,169,181,226,54,161,113,101
140,3,42,116,20,171,55,107,51,161
140,4,215,12,182,146,219,228,253,92
140,5,11,169,0,56,207,249,240,189
140,6,136,147,166,12,219,135,128,243
140,7,56,161,75,106,225,13,108,172
140,8,53,120,148,59,214,144,85,95
140,9,99,229,233,28,90,143,214,101
140,10,142,24,245,12,49,26,182,44
140,11,114,69,241,213,40,5,122,35
140,12,10,11,2,6,244,120,12,179
140,13,34,1,208,121,188,148,184,211
140,14,34,132,180,130,166,21,173,248
140,15,141,74,0,139,90,106,120,206
140,16,158,169,191,235,142,125,37,4
140,17,161,244,188,86,125,65,151,60
140,18,67,158,64,77,4,188,100,58
140,19,98,91,186,34,208,233,248,58
140,20,120,53,148,122,161,144,204,50
140,21,99,214,143,228,229,90,135,134
140,22,245,26,44,24,142,12,13,21
140,23,114,237,5,69,241,213,73,48
140,24,244,13,23,182,243,201,179,195
140,25,34,208,1,242,180,252,158,106
140,26,21,130,34,132,248,166,228,134
140,27,139,0,223,133,219,90,122,106
140,28,142,191,235,158,175,137,171,125
140,29,161,69,244,204,68,74,125,174
140,30,4,158,67,77,180,9,30,161
140,31,194,98,186,95,254,248,61,112
140,32,221,64,218,148,102,217,230,7
140,33,168,121,205,224,87,253,72,118
140,34,81,211,55,29,208,45,192,64
140,35,39,202,11,99,60,129,220,195
140,36,49,188,254,186,77,51,78,29
140,37,165,219,59,15,92,206,121,55
140,38,93,239,204,140,88,173,161,236
140,39,45,114,252,235,237,222,120,185
141,0,223,29,50,115,72,207,122,151
141,1,221,126,14,251,71,29,105,3
141,2,212,236,194,225,143,136,161,14
141,3,22,201,42,112,154,161,23,240
141,4,134,149,152,29,146,175,36,75
141,5,0,164,225,173,136,58,150,122
141,6,136,12,147,237,62,212,102,195
141,7,13,75,193,183,252,166,213,237
141,8,53,148,121,59,72,171,161,249
141,9,99,221,134,3,32,28,58,90
141,10,245,233,103,1,142,217,96,199
141,11,241,237,146,24,48,37,223,122
141,12,10,110,2,50,149,13,23,158
141,13,34,1,0,211,148,180,208,194
141,14,17,173,143,132,248,166,34,21
141,15,79,74,0,139,90,221,6,97
141,16,191,158,4,177,169,234,175,235
141,17,161,244,69,210,188,190,125,100
141,18,66,77,64,158,58,67,4,121
141,19,186,98,48,208,49,248,240,152
141,20,172,53,50,144,72,204,148,118
141,21,99,214,143,58,32,135,221,84
141,22,245,26,233,142,102,12,166,76
141,23,237,241,116,5,40,203,82,173
141,24,244,23,158,201,5,13,173,10
141,25,34,208,194,242,1,0,148,241
141,26,21,248,17,130,34,162,132,134
141,27,139,79,0,90,6,39,16,184
141,28,235,175,158,191,142,144,162,4
141,29,161,244,49,125,99,69,249,151
141,30,4,64,67,30,51,99,90,158
141,31,186,98,114,152,95,240,248,218
141,32,148,247,217,96,186,7,64,140
141,33,132,161,72,118,185,250,68,102
141,34,45,109,211,227,103,166,10,236
141,35,60,202,129,153,11,220,86,187
141,36,119,148,188,123,160,172,254,143
141,37,93,55,101,59,169,7,115,178
141,38,239,93,251,173,205,96,31,59
141,39,75,252,235,237,179,222,117,196
142,0,97,166,142,113,205,150,123,210
142,1,199,34,26,59,132,187,62,168
142,2,227,59,164,50,24,161,242,162
142,3,42,211,31,135,46,37,107,142
142,4,17,161,131,167,251,102,19,179
142,5,10,161,14,204,6,240,56,0
142,6,147,167,243,136,135,62,178,27
142,7,40,91,172,108,187,225,13,185
142,8,53,89,148,59,85,213,114,144
142,9,39,99,94,229,233,207,29,83
142,10,245,142,26,1,12,13,208,11
142,11,241,203,122,17,24,174,173,40
142,12,10,12,110,2,11,160,148,244
142,13,34,1,211,148,208,109,158,250
142,14,21,132,173,130,34,248,239,252
142,15,65,139,0,74,90,39,133,223
142,16,169,158,181,62,142,191,235,4
142,17,161,244,100,151,117,194,216,132
142,18,64,90,67,77,236,58,20,147
142,19,98,152,186,125,208,248,240,151
142,20,53,50,204,57,148,172,122,144
142,21,99,39,214,217,229,134,22,90
142,22,245,62,142,166,108,26,21,180
142,23,203,237,241,173,42,48,36,40
142,24,244,13,48,91,105,23,156,111
142,25,34,208,194,180,162,136,91,57
142,26,21,130,248,34,134,222,132,228
142,27,139,65,90,0,39,219,53,36
142,28,235,191,158,62,142,13,169,144
142,29,161,244,249,151,65,100,204,132
142,30,51,64,77,4,142,67,97,123
142,31,98,186,240,95,248,152,25,130
142,32,96,148,247,7,186,236,217,64
142,33,190,72,232,118,238,86,58,67
142,34,88,196,211,45,180,10,246,31
142,35,202,153,60,11,129,220,197,36
142,36,188,119,207,181,123,160,201,8
142,37,93,219,213,31,199,55,7,158
142,38,239,93,59,189,173,14,205,230
142,39,241,68,9,252,23,120,45,16
143,0,46,212,218,66,63,157,40,202
143,1,242,128,189,191,158,73,165,250
143,2,58,134,198,64,87,238,239,96
143,3,30,55,92,214,177,178,123,219
143,4,17,254,215,172,152,74,138,43
143,5,18,31,213,67,254,100,23,11
143,6,241,166,135,125,106,39,27,219
143,7,61,40,66,158,4,225,89,228
143,8,53,148,157,247,85,59,122,100
143,9,99,240,22,214,90,58,233,229
143,10,220,245,228,104,123,175,96,197
143,11,173,158,183,54,49,156,241,82
143,12,190,10,2,144,105,13,110,179
143,13,34,148,119,37,208,136,201,185
143,14,130,21,132,110,200,239,34,134
143,15,139,196,177,116,90,111,141,55
143,16,158,162,169,235,191,201,62,4
143,17,161,216,244,69,65,100,151,194
143,18,97,67,77,123,64,4,107,58
143,19,98,151,135,238,248,186,125,94
143,20,53,157,148,172,50,247,248,68
143,21,214,99,240,58,229,217,143,233
143,22,245,104,220,249,255,166,229,228
143,23,173,40,82,156,183,181,158,22
143,24,244,91,105,13,4,41,106,187
143,25,34,119,208,194,136,184,57,227
143,26,21,130,248,132,34,134,110,219
143,27,139,90,83,0,219,151,196,140
143,28,191,201,158,142,235,175,162,169
143,29,161,216,99,204,65,249,244,151
143,30,97,77,45,64,4,67,51,9
143,31,98,95,248,240,254,114,152,25
143,32,116,42,236,22,31,7,217,219
143,33,206,59,182,18,118,72,146,108
143,34,205,211,196,11,175,10,246,31
143,35,202,210,5,60,129,36,11,220
143,36,188,251,78,154,201,254,51,123
143,37,93,55,213,158,22,103,7,219
143,38,124,59,239,93,22,173,136,189
143,39,23,16,224,114,252,45,113,185
144,0,57,88,56,59,157,110,180,170
144,1,85,79,88,101,165,113,126,157
144,2,72,238,234,96,246,97,48,21
144,3,72,70,134,20,213,95,19,194
144,4,215,74,138,123,133,104,254,49
144,5,174,24,249,18,0,245,31,232
144,6,241,240,39,106,166,128,194,135
144,7,129,66,61,40,225,4,15,11
144,8,53,148,157,59,111,125,144,205
144,9,148,99,214,90,192,229,233,22
144,10,68,104,226,245,197,228,30,46
144,11,210,173,158,40,183,93,149,154
144,12,10,105,2,106,244,53,91,144
144,13,34,164,148,119,208,255,37,227
144,14,110,132,239,130,26,21,227,34
144,15,90,141,139,74,196,69,117,247
144,16,191,158,201,203,175,125,235,16
144,17,161,26,99,244,69,204,128,217
144,18,77,64,97,225,109,140,67,45
144,19,24,238,95,186,207,115,244,144
144,20,53,148,157,72,59,171,161,248
144,21,99,214,148,67,233,45,248,36
144,22,245,68,223,229,108,220,255,30
144,23,210,173,158,64,40,181,25,223
144,24,91,244,174,10,41,144,105,247
144,25,34,164,208,119,136,37,2,198
144,26,21,132,130,219,248,252,110,26
144,27,139,203,141,90,53,83,240,219
144,28,158,191,89,16,235,201,177,197
144,29,161,249,26,216,99,204,65,73
144,30,97,77,45,67,9,180,236,123
144,31,95,98,240,254,248,221,246,144
144,32,224,197,22,7,236,42,217,219
144,33,177,96,84,206,156,72,59,118
144,34,49,196,217,211,10,213,246,11
144,35,210,60,202,224,129,11,5,220
144,36,188,255,154,78,254,201,51,251
144,37,158,93,55,213,199,121,237,22
144,38,239,59,124,211,146,173,88,14
144,39,114,185,252,120,85,10,151,237
145,0,211,180,62,139,138,76,55,72
145,1,22,111,193,14,204,239,121,25
145,2,72,234,143,96,221,48,3,194
145,3,22,243,201,167,180,72,182,23
145,4,243,132,134,175,152,44,29,180
145,5,164,0,63,23,232,58,136,82
145,6,39,152,240,241,12,57,125,128
145,7,129,223,38,246,66,225,142,217
145,8,53,148,59,111,247,249,121,233
145,9,99,192,229,90,134,58,101,28
145,10,245,226,19,233,197,228,220,104
145,11,158,218,154,183,226,223,211,186
145,12,10,2,244,91,13,242,4,111
145,13,34,148,119,37,185,208,49,136
145,14,110,132,21,17,130,239,34,35
145,15,141,97,139,90,177,187,74,196
145,16,158,201,169,191,175,177,235,197
145,17,161,249,164,47,144,216,244,194
145,18,123,77,97,67,194,99,195,64
145,19,238,144,186,98,94,248,24,239
145,20,53,50,172,148,17,246,98,12
145,21,214,99,58,135,233,45,71,229
145,22,245,104,231,11,255,191,249,166
145,23,40,183,173,92,25,224,126,226
145,24,91,244,174,0,92,41,105,232
145,25,34,119,189,194,227,2,148,255
145,26,21,17,110,34,223,132,35,130
145,27,139,141,0,6,184,219,117,90
145,28,158,235,191,142,14,162,177,218
145,29,161,249,99,216,164,244,204,132
145,30,4,51,97,188,67,99,123,9
145,31,98,238,152,114,144,85,248,173
145,32,48,245,82,217,123,115,64,236
145,33,234,118,224,177,102,151,95,32
145,34,175,240,64,211,67,72,29,2
145,35,5,94,85,114,11,202,60,2
145,36,195,188,160,254,67,165,5,29
145,37,43,59,55,207,247,93,172,115
145,38,163,93,201,189,72,196,32,239
145,39,246,252,122,1,215,226,27,17
146,0,49,85,127,146,18,153,176,227
146,1,228,43,29,251,232,17,66,57
146,2,189,249,169,9,15,232,97,22
146,3,116,20,171,55,51,141,137,72
146,4,12,215,228,101,79,106,49,126
146,5,169,249,63,237,214,0,29,149
146,6,39,136,241,219,170,182,106,44
146,7,40,56,129,161,213,66,108,225
146,8,120,53,59,148,214,65,100,247
146,9,99,214,192,143,237,229,91,233
146,10,24,220,245,218,52,252,1,19
146,11,158,114,40,241,154,54,183,122
146,12,190,11,10,2,28,111,244,48
146,13,34,148,192,38,37,21,82,119
146,14,34,132,21,200,239,130,223,173
146,15,139,141,90,177,74,219,206,0
146,16,158,169,235,62,142,191,4,140
146,17,161,216,244,100,249,117,113,121
146,18,67,64,97,236,77,4,107,188
146,19,98,238,186,248,135,152,91,94
146,20,120,53,50,247,248,148,204,100
146,21,214,99,135,143,210,233,229,195
146,22,245,255,11,231,24,1,123,21
146,23,114,40,241,173,224,24,90,205
146,24,244,91,110,5,141,174,111,156
146,25,119,34,5,184,91,208,148,241
146,26,21,26,34,110,223,162,248,239
146,27,139,141,117,184,0,247,219,163
146,28,158,235,177,140,142,191,162,171
146,29,249,161,244,99,216,100,125,194
146,30,4,67,51,9,99,30,97,98
146,31,238,98,152,123,114,58,144,248
146,32,221,245,230,64,217,32,102,184
146,33,168,121,67,224,137,118,7,87
146,34,81,211,29,146,159,208,98,55
146,35,39,11,134,19,202,220,60,219
146,36,49,254,160,51,165,206,63,130
146,37,165,59,15,172,247,37,121,92
146,38,93,239,159,204,173,191,161,32
146,39,114,45,252,120,222,235,72,237
147,0,223,29,115,50,104,4,2,72
147,1,14,221,126,105,193,29,170,204
147,2,212,194,236,189,132,61,23,104
147,3,22,201,243,112,154,180,69,195
147,4,134,146,149,152,164,29,4,75
147,5,0,51,225,173,164,136,58,122
147,6,136,241,62,237,39,11,152,212
147,7,213,90,225,183,165,193,155,88
147,8,53,148,59,121,111,214,161,72
147,9,99,58,229,134,3,137,28,221
147,10,245,233,229,103,231,1,227,104
147,11,241,216,126,158,146,183,48,25
147,12,110,2,174,248,10,149,213,32
147,13,34,119,189,148,192,174,57,194
147,14,34,132,21,173,17,239,130,162
147,15,117,247,139,97,0,141,79,237
147,16,158,177,169,191,62,18,142,168
147,17,161,249,244,144,216,100,210,125
147,18,99,77,67,151,64,123,195,66
147,19,98,6,239,238,186,125,248,94
147,20,50,172,53,18,89,216,38,41
147,21,58,135,32,53,127,99,214,210
147,22,231,50,227,191,21,245,44,104
147,23,173,237,126,224,40,61,4,74
147,24,244,158,213,91,248,174,92,164
147,25,119,34,194,57,35,243,255,180
147,26,17,21,248,110,34,215,154,254
147,27,117,139,247,6,141,184,45,39
147,28,235,162,158,177,196,193,191,171
147,29,249,161,9,94,99,61,244,88
147,30,99,0,30,4,67,64,51,119
147,31,98,114,218,135,152,208,242,173
147,32,161,254,125,104,140,143,7,179
147,33,132,161,118,81,67,220,13,245
147,34,211,247,44,62,29,20,227,109
147,35,202,11,167,194,30,249,165,36
147,36,188,119,23,78,110,115,130,160
147,37,7,103,59,101,97,219,22,21
147,38,135,239,205,210,189,128,76,230
147,39,252,129,117,243,197,206,122,235
148,0,27,35,101,135,166,108,133,169
148,1,26,11,139,132,216,34,136,75
148,2,210,74,59,50,17,215,242,48
148,3,146,211,37,106,29,226,46,80
148,4,65,14,242,167,118,240,146,211
148,5,10,161,6,186,204,191,51,237
148,6,167,215,241,255,123,135,107,180
148,7,2,199,108,240,4,187,106,231
148,8,89,53,148,179,59,115,85,247
148,9,241,180,94,99,83,22,195,229
148,10,245,130,1,13,28,220,50,11
148,11,20,241,39,54,183,99,158,185
148,12,26,63,2,110,116,10,190,244
148,13,34,178,29,208,43,97,198,158
148,14,34,21,20,132,222,179,130,239
148,15,139,36,206,0,122,90,249,74
148,16,158,169,96,164,142,196,191,79
148,17,161,244,94,61,172,117,100,69
148,18,77,170,148,64,67,57,119,236
148,19,98,130,152,208,67,248,125,94
148,20,53,148,50,182,100,161,171,204
148,21,99,180,241,143,134,195,233,124
148,22,83,113,88,245,194,180,178,193
148,23,20,39,174,97,241,181,38,242
148,24,244,48,13,67,141,87,160,5
148,25,208,34,158,178,82,80,29,241
148,26,21,248,252,132,34,162,130,78
148,27,139,206,36,122,90,100,223,39
148,28,96,191,235,62,158,164,195,171
148,29,161,249,244,94,100,60,117,151
148,30,170,4,85,64,77,148,119,142
148,31,98,61,130,218,135,240,208,241
148,32,60,99,158,247,254,7,96,213
148,33,33,190,232,41,220,81,146,57
148,34,82,211,161,247,97,34,116,98
148,35,202,24,153,11,167,30,36,56
148,36,188,207,119,23,78,160,123,130
148,37,104,7,103,59,22,206,37,199
148,38,135,189,239,230,71,27,127,205
148,39,252,243,110,12,69,45,237,70
149,0,65,66,218,46,157,40,56,6
149,1,91,187,191,28,86,242,163,128
149,2,87,121,188,134,147,194,22,133
149,3,30,177,214,189,19,92,55,146
149,4,155,118,242,152,101,177,251,132
149,5,18,31,213,11,12,237,0,221
149,6,18,175,51,166,241,135,114,118
149,7,2,240,61,44,158,19,187,66
149,8,38,49,157,53,148,85,59,213
149,9,156,99,239,207,120,233,90,229
149,10,1,253,26,220,51,161,245,50
149,11,79,195,64,156,173,241,130,99
149,12,32,206,244,43,190,138,2,94
149,13,34,22,178,76,208,142,116,57
149,14,21,132,34,180,222,130,254,179
149,15,76,139,39,0,206,90,171,74
149,16,158,169,13,96,142,195,191,164
149,17,161,244,114,83,216,100,69,117
149,18,214,77,64,156,32,186,67,4
149,19,98,248,99,208,135,125,211,152
149,20,38,53,49,157,148,247,172,7
149,21,99,239,143,214,134,156,22,135
149,22,245,220,21,255,108,174,253,194
149,23,79,40,99,253,156,173,181,241
149,24,244,13,213,48,91,116,5,190
149,25,34,208,178,180,158,252,162,195
149,26,21,248,130,162,132,134,34,228
149,27,139,53,90,76,205,223,133,0
149,28,62,191,235,201,13,169,158,142
149,29,161,244,100,204,114,190,249,69
149,30,4,64,214,77,156,215,121,45
149,31,98,240,61,135,208,248,95,94
149,32,139,116,7,64,197,196,101,75
149,33,182,206,59,217,21,18,72,57
149,34,152,211,188,205,213,70,10,236
149,35,202,11,196,220,129,210,16,56
149,36,188,172,252,251,119,130,78,160
149,37,7,206,219,59,55,103,22,37
149,38,124,14,189,106,239,205,230,127
149,39,45,114,252,120,201,13,36,203
150,0,1,212,218,3,136,65,157,44
150,1,37,134,101,53,157,79,230,91
150,2,147,201,134,101,225,96,139,24
150,3,15,189,14,213,95,113,218,201
150,4,155,251,152,134,180,43,116,104
150,5,23,213,12,31,18,0,237,13
150,6,18,175,39,241,240,219,135,51
150,7,61,240,88,11,84,158,253,169
150,8,53,49,247,157,148,59,22,85
150,9,22,99,160,90,207,229,233,192
150,10,220,228,251,21,245,162,229,253
150,11,54,158,79,241,183,156,40,173
150,12,13,91,2,111,244,190,110,179
150,13,34,208,195,148,37,121,22,136
150,14,21,134,132,130,34,248,143,222
150,15,139,249,116,90,111,53,206,177
150,16,158,169,142,62,191,37,4,235
150,17,161,244,100,216,114,65,117,177
150,18,214,64,67,77,72,236,32,184
150,19,98,248,135,208,18,125,152,99
150,20,157,247,49,172,38,53,50,100
150,21,160,22,99,214,143,90,135,134
150,22,245,229,21,220,102,108,162,28
150,23,40,79,4,237,253,48,158,54
150,24,244,91,13,106,48,229,201,4
150,25,208,34,180,194,162,252,80,195
150,26,21,248,130,162,132,26,34,228
150,27,139,53,51,133,90,223,92,140
150,28,175,201,191,62,158,144,235,169
150,29,161,162,244,100,69,204,114,65
150,30,4,77,64,97,51,45,72,214
150,31,98,248,240,61,95,135,208,152
150,32,7,116,139,64,197,128,101,217
150,33,206,152,59,18,118,72,67,182
150,34,211,241,152,183,11,205,196,246
150,35,202,129,11,210,196,16,220,60
150,36,251,188,172,252,78,160,23,143
150,37,248,219,7,55,103,59,158,206
150,38,20,14,124,189,106,239,230,127
150,39,55,45,252,120,114,27,240,203
151,0,136,1,41,29,239,134,2,65
151,1,101,41,116,95,6,15,2,88
151,2,48,147,96,118,201,180,183,139
151,3,15,22,72,180,201,243,189,218
151,4,149,180,188,134,132,152,10,155
151,5,23,12,213,0,13,148,115,237
151,6,240,152,18,39,175,241,135,2
151,7,88,61,240,11,132,158,84,178
151,8,53,247,49,148,157,22,59,161
151,9,99,22,90,218,229,207,233,101
151,10,250,245,31,11,197,131,159,233
151,11,241,54,109,158,79,2,183,226
151,12,91,166,110,2,13,244,118,111
151,13,34,195,208,148,37,218,76,194
151,14,134,143,21,130,132,248,34,17
151,15,139,64,90,116,249,0,111,177
151,16,158,191,169,62,142,235,4,125
151,17,161,244,100,134,49,51,114,69
151,18,64,77,141,67,214,236,72,121
151,19,98,248,208,18,94,135,186,83
151,20,157,247,172,53,49,148,50,100
151,21,99,214,22,143,135,221,90,134
151,22,245,102,233,250,220,28,166,17
151,23,158,2,196,40,54,79,241,211
151,24,244,91,157,48,4,166,111,116
151,25,208,34,194,195,162,165,80,184
151,26,248,21,162,130,26,132,228,223
151,27,139,53,90,79,133,196,223,116
151,28,201,175,138,158,191,235,169,62
151,29,161,244,249,100,162,204,151,99
151,30,4,141,64,77,97,45,214,67
151,31,98,95,240,114,25,248,83,61
151,32,7,139,197,75,64,120,236,217
151,33,59,103,206,5,18,133,54,118
151,34,5,227,11,211,152,246,10,29
151,35,202,220,129,210,11,254,249,16
151,36,251,188,48,254,172,78,160,187
151,37,7,219,55,59,103,22,158,37
151,38,14,124,189,25,106,93,230,32
151,39,114,45,252,120,27,167,77,185
152,0,29,151,134,207,72,41,115,28
152,1,101,14,44,251,71,17,170,3
152,2,205,183,143,218,239,94,180,139
152,3,22,72,201,15,138,23,9,197
152,4,149,134,29,188,4,216,145,152
152,5,0,173,225,12,58,95,164,139
152,6,152,2,39,240,241,25,212,129
152,7,88,213,240,38,13,193,183,246
152,8,53,148,121,59,49,72,106,171
152,9,99,3,90,137,28,134,229,234
152,10,245,233,103,250,229,244,158,146
152,11,241,158,146,24,164,48,54,37
152,12,2,110,166,244,217,50,179,91
152,13,34,195,148,0,208,194,37,174
152,14,17,143,26,21,34,132,134,248
152,15,0,139,79,74,221,111,53,97
152,16,158,191,234,4,169,235,62,197
152,17,161,244,69,190,4,51,49,151
152,18,77,66,64,172,4,236,143,67
152,19,98,208,49,48,47,186,135,125
152,20,53,50,172,72,247,100,144,148
152,21,99,32,135,143,214,58,22,90
152,22,245,233,103,28,80,95,109,146
152,23,158,24,241,146,37,221,164,222
152,24,244,91,88,157,166,217,111,158
152,25,0,208,34,195,146,148,115,225
152,26,26,248,17,162,132,239,134,21
152,27,139,79,53,82,90,117,219,16
152,28,158,235,175,191,56,197,219,138
152,29,161,244,204,114,249,4,162,69
152,30,66,64,151,4,214,97,143,67
152,31,83,98,135,95,157,85,25,18
152,32,7,120,14,144,139,87,140,92
152,33,59,161,185,103,250,47,203,67
152,34,11,18,109,227,211,143,121,246
152,35,129,220,202,11,24,210,249,60
152,36,148,188,172,48,44,92,147,160
152,37,162,244,178,196,55,93,59,215
152,38,197,87,186,132,78,14,205,239
152,39,77,252,99,27,224,235,151,169
153,0,70,151,139,31,116,55,177,178
153,1,12,206,44,80,254,91,144,14
153,2,74,24,48,205,50,148,161,218
153,3,22,216,90,14,192,180,161,86
153,4,44,134,29,221,148,188,175,84
153,5,0,164,12,244,63,13,58,131
153,6,240,39,2,152,175,18,241,212
153,7,88,38,223,240,213,11,4,104
153,8,53,49,148,247,22,213,111,59
153,9,99,22,90,233,101,253,3,229
153,10,245,1,250,19,251,242,95,31
153,11,79,241,220,54,173,158,218,24
153,12,91,2,32,217,244,190,111,10
153,13,34,208,119,241,37,185,148,141
153,14,34,248,21,132,239,134,17,130
153,15,139,53,0,90,206,122,100,249
153,16,169,158,142,62,193,191,234,195
153,17,161,244,249,51,69,21,94,83
153,18,77,151,64,67,236,119,99,107
153,19,98,85,208,94,248,152,6,125
153,20,50,100,53,204,121,49,182,205
153,21,99,135,210,143,214,158,32,22
153,22,216,245,194,1,52,180,174,11
153,23,220,79,241,97,201,173,96,40
153,24,244,119,128,115,48,91,50,5
153,25,178,101,208,0,19,80,241,158
153,26,248,87,162,17,171,95,21,84
153,27,139,53,190,47,28,39,128,158
153,28,235,158,193,219,62,220,191,102
153,29,94,161,164,249,21,88,114,244
153,30,64,156,99,162,30,119,250,214
153,31,98,135,95,208,85,34,79,173
153,32,140,139,161,123,109,7,87,125
153,33,234,67,132,95,227,59,113,77
153,34,44,240,238,20,211,40,28,234
153,35,202,220,24,148,190,187,210,134
153,36,172,147,227,188,142,252,39,115
153,37,78,193,100,169,27,178,127,101
153,38,169,251,215,119,173,96,191,143
153,39,158,40,122,129,252,235,117,163
154,0,145,51,91,249,179,197,101,9
154,1,64,139,59,87,216,227,199,106
154,2,249,147,146,17,161,34,225,114
154,3,59,211,77,146,142,152,235,37
154,4,108,241,128,15,131,230,142,13
154,5,186,13,104,6,12,41,193,253
154,6,175,18,51,167,153,241,135,240
154,7,29,88,23,240,187,196,216,108
154,8,53,89,247,59,234,49,22,100
154,9,99,29,94,164,228,90,22,77
154,10,130,169,245,1,23,180,250,113
154,11,161,189,241,97,79,170,185,35
154,12,63,26,28,2,74,10,116,32
154,13,34,43,208,147,50,97,158,67
154,14,20,34,132,124,50,248,252,222
154,15,122,81,139,206,200,90,129,145
154,16,158,196,5,191,169,195,142,94
154,17,161,172,250,76,244,61,60,119
154,18,77,0,179,119,57,236,67,64
154,19,98,152,6,161,208,248,171,163
154,20,53,234,204,209,205,100,63,161
154,21,126,29,99,164,143,153,85,94
154,22,113,130,198,169,23,178,248,104
154,23,161,172,189,97,136,196,184,243
154,24,44,48,242,244,74,63,112,92
154,25,158,61,147,43,70,104,82,241
154,26,50,20,86,148,81,34,248,21
154,27,139,189,200,122,81,206,128,190
154,28,203,255,151,43,158,191,204,94
154,29,161,249,106,57,215,95,30,246
154,30,30,3,0,67,156,141,24,93
154,31,98,208,32,12,238,191,161,204
154,32,64,161,223,181,98,43,213,103
154,33,126,137,67,227,99,113,77,115
154,34,211,91,228,234,40,108,229,20
154,35,203,134,195,234,33,221,17,30
154,36,22,191,119,219,29,101,165,85
154,37,65,137,25,2,19,160,207,98
154,38,239,182,25,177,5,140,43,252
154,39,228,237,10,81,208,17,235,226
155,0,141,235,221,115,208,190,253,61
155,1,93,47,155,244,46,68,197,182
155,2,34,145,103,57,17,53,74,210
155,3,235,187,231,133,152,77,12,37
155,4,142,236,222,128,13,15,102,211
155,5,193,90,47,186,41,224,104,65
155,6,153,167,51,215,60,18,175,135
155,7,29,23,199,185,64,78,216,176
155,8,53,116,234,89,57,59,239,180
155,9,126,94,164,116,99,29,85,191
155,10,169,130,198,248,36,113,216,210
155,11,161,189,233,107,133,185,128,86
155,12,74,63,93,26,15,134,3,128
155,13,147,43,134,130,61,97,95,208
155,14,20,50,124,161,86,54,51,252
155,15,200,81,206,122,189,162,147,129
155,16,5,196,133,156,151,43,134,7
155,17,76,172,250,60,69,61,57,255
155,18,77,179,187,0,57,105,128,119
155,19,12,109,116,4,171,191,20,120
155,20,239,179,53,237,30,63,234,18
155,21,126,116,191,85,164,143,27,29
155,22,104,248,198,247,169,178,36,113
155,23,36,161,111,189,128,172,88,184
155,24,93,242,74,44,244,63,3,48
155,25,158,147,104,61,134,33,43,82
155,26,50,86,148,51,147,20,132,124
155,27,139,200,206,189,122,162,81,181
155,28,43,151,133,255,5,156,204,203
155,29,161,57,87,76,0,246,106,5
155,30,30,163,77,119,3,179,60,105
155,31,116,109,12,205,4,167,191,208
155,32,223,119,181,161,178,247,64,90
155,33,93,83,129,86,238,215,32,227
155,34,211,82,132,1,96,199,189,130
155,35,134,33,202,160,57,19,27,108
155,36,222,119,113,22,196,160,191,140
155,37,234,36,111,2,54,66,221,86
155,38,64,239,180,134,140,177,5,202
155,39,186,190,162,235,237,118,81,222
156,0,38,54,167,193,44,112,94,244
156,1,46,47,105,58,122,20,117,201
156,2,145,53,140,200,82,245,57,186
156,3,26,230,233,103,78,117,48,118
156,4,81,144,213,245,91,67,45,179
156,5,90,188,47,224,78,193,43,109
156,6,60,215,153,206,221,167,54,239
156,7,176,199,70,117,23,231,42,229
156,8,239,116,73,179,57,33,104,173
156,9,126,113,116,191,85,30,131,56
156,10,248,115,166,36,157,238,191,129
156,11,133,233,140,36,155,213,112,149
156,12,44,93,175,3,253,195,164,212
156,13,33,6,61,34,158,205,206,117
156,14,147,86,34,252,50,132,21,161
156,15,189,206,122,166,139,100,223,129
156,16,156,151,158,169,212,191,244,255
156,17,161,57,244,5,110,117,60,69
156,18,67,77,128,64,29,236,119,233
156,19,98,12,208,161,120,248,152,167
156,20,53,204,148,161,22,144,239,50
156,21,99,126,143,134,195,90,116,153
156,22,248,162,245,21,229,161,173,28
156,23,36,42,140,173,214,48,223,253
156,24,244,13,48,111,92,185,2,41
156,25,34,158,6,208,119,180,33,194
156,26,248,21,50,86,17,34,132,35
156,27,139,189,151,122,206,223,133,120
156,28,191,203,156,235,151,43,182,60
156,29,161,249,100,5,106,57,151,117
156,30,77,51,64,67,4,236,161,1
156,31,98,95,248,167,152,3,61,81
156,32,223,64,96,186,247,119,82,7
156,33,73,86,72,238,232,190,93,32
156,34,116,241,1,211,180,186,207,82
156,35,202,153,57,129,160,184,220,134
156,36,188,181,70,23,78,119,110,160
156,37,31,219,58,103,115,62,163,39
156,38,92,239,148,230,159,32,83,205
156,39,238,189,38,2,252,237,114,196
157,0,140,43,112,173,238,200,30,58
157,1,46,47,137,181,249,188,213,20
157,2,140,186,82,200,53,165,245,85
157,3,233,26,117,230,236,103,78,210
157,4,245,144,213,246,179,62,249,120
157,5,230,85,220,239,56,255,145,224
157,6,118,96,206,230,98,160,239,124
157,7,176,109,165,142,22,221,225,88
157,8,53,239,148,59,230,100,111,192
157,9,99,126,53,113,60,7,88,214
157,10,115,166,21,183,11,240,93,211
157,11,253,41,133,42,181,87,28,51
157,12,212,117,2,213,41,10,4,83
157,13,34,158,6,142,208,33,201,50
157,14,34,132,147,21,130,252,239,248
157,15,206,90,122,139,74,120,163,151
157,16,158,156,169,151,191,4,37,48
157,17,161,244,57,110,117,60,69,83
157,18,67,77,64,119,147,107,123,29
157,19,98,12,208,54,120,248,161,152
157,20,53,204,247,144,59,148,50,22
157,21,99,143,195,126,214,90,217,153
157,22,162,248,245,21,28,236,176,179
157,23,42,173,97,253,223,36,61,41
157,24,244,13,185,48,111,92,127,156
157,25,34,119,158,180,208,194,255,243
157,26,248,17,21,35,252,228,243,193
157,27,139,151,122,90,138,198,145,223
157,28,191,235,169,203,14,140,142,158
157,29,161,249,5,100,65,151,106,204
157,30,51,77,64,67,4,1,156,236
157,31,98,95,248,81,3,243,208,240
157,32,64,96,223,98,186,247,7,82
157,33,190,72,73,86,232,238,126,118
157,34,116,211,196,180,207,1,88,144
157,35,202,153,129,184,57,116,56,11
157,36,188,181,70,23,78,160,123,118
157,37,31,219,58,103,7,55,213,182
157,38,92,148,71,239,151,230,32,189
157,39,2,189,69,38,252,114,45,237
158,0,218,40,212,65,157,66,4,110
158,1,128,242,124,165,14,143,86,191
158,2,255,58,60,188,79,219,80,134
158,3,30,177,55,92,118,95,217,19
158,4,254,152,132,54,43,88,134,79
158,5,18,31,213,147,0,23,11,226
158,6,166,241,183,219,152,77,12,135
158,7,61,187,196,132,199,225,158,142
158,8,53,157,148,59,161,22,98,95
158,9,99,90,207,151,156,101,229,97
158,10,220,228,161,26,21,250,180,162
158,11,27,253,158,40,156,230,54,143
158,12,13,91,2,244,28,116,10,111
158,13,34,208,26,158,142,168,185,164
158,14,180,132,21,130,34,179,248,252
158,15,139,116,90,206,122,111,133,249
158,16,158,169,191,142,212,37,181,4
158,17,161,216,244,100,117,83,113,69
158,18,67,77,64,107,123,195,9,4
158,19,98,207,248,95,125,135,18,152
158,20,53,157,172,50,148,161,204,22
158,21,99,214,143,217,90,134,229,195
158,22,220,21,245,228,162,229,179,101
158,23,40,173,27,64,158,181,69,2
158,24,91,13,244,185,111,106,127,201
158,25,180,119,208,34,26,194,218,252
158,26,248,21,35,228,132,110,238,233
158,27,139,151,90,223,255,198,133,122
158,28,191,201,235,169,60,17,158,134
158,29,161,216,65,204,100,249,69,244
158,30,77,180,67,51,64,1,123,176
158,31,98,95,248,114,207,208,240,94
158,32,116,64,42,197,7,75,128,22
158,33,59,206,182,18,118,72,57,123
158,34,234,211,152,196,205,11,213,246
158,35,202,129,210,56,220,184,5,254
158,36,188,251,78,110,23,160,239,118
158,37,55,219,103,50,22,7,121,199
158,38,124,173,230,32,127,189,239,14
158,39,114,45,120,177,185,252,13,166
159,0,211,134,151,70,62,55,199,178
159,1,101,89,149,37,14,22,9,49
159,2,143,3,183,71,189,201,248,254
159,3,22,243,42,15,201,167,112,180
159,4,134,44,175,152,29,132,79,180
159,5,0,164,23,142,232,58,81,237
159,6,241,240,152,39,12,125,135,174
159,7,246,145,142,166,33,187,169,38
159,8,53,148,59,246,161,150,22,50
159,9,99,90,58,134,221,101,3,207
159,10,220,228,197,242,245,226,21,162
159,11,2,158,218,4,211,97,253,92
159,12,91,2,185,10,175,13,244,116
159,13,34,119,185,208,194,37,180,174
159,14,132,21,130,1,17,248,35,134
159,15,139,90,206,111,28,122,249,133
159,16,158,169,191,190,37,142,173,48
159,17,161,216,244,103,47,106,69,100
159,18,195,77,123,99,180,64,250,97
159,19,98,207,85,248,239,83,18,135
159,20,172,53,50,57,247,118,143,68
159,21,99,214,143,90,32,84,58,195
159,22,220,102,21,228,231,242,104,82
159,23,4,40,2,158,61,97,218,211
159,24,91,244,185,48,92,13,111,158
159,25,119,208,194,180,184,188,34,218
159,26,248,35,17,228,21,233,130,162
159,27,139,6,138,151,90,198,122,55
159,28,158,191,190,169,235,78,17,162
159,29,161,216,128,69,204,151,99,68
159,30,51,99,64,77,67,180,1,90
159,31,98,114,95,85,152,248,240,3
159,32,22,64,246,87,109,7,76,140
159,33,95,118,139,102,234,56,11,59
159,34,72,175,240,211,67,73,236,10
159,35,202,5,187,191,94,2,129,254
159,36,188,26,142,147,67,78,138,160
159,37,219,199,109,55,43,54,103,237
159,38,239,139,191,131,125,169,196,96
159,39,165,185,146,158,99,120,80,222
160,0,117,171,185,96,242,226,187,128
160,1,133,169,2,81,66,232,13,104
160,2,189,90,183,254,71,66,248,26
160,3,28,221,180,53,166,201,170,188
160,4,180,8,55,56,119,105,152,134
160,5,0,61,23,142,232,18,95,160
160,6,241,16,240,3,39,125,174,90
160,7,228,131,133,187,4,69,33,196
160,8,53,112,148,59,161,22,247,246
160,9,19,99,206,90,178,22,221,229
160,10,220,163,228,197,82,7,229,10
160,11,18,2,158,69,25,40,142,253
160,12,91,106,175,185,2,67,244,148
160,13,200,34,119,179,185,121,148,180
160,14,130,1,238,35,132,34,21,26
160,15,241,103,139,90,206,55,198,141
160,16,78,149,179,158,169,191,175,171
160,17,161,65,128,216,117,155,100,69
160,18,6,180,162,67,77,45,64,100
160,19,98,233,18,151,248,207,254,125
160,20,53,112,50,172,143,171,68,145
160,21,214,19,99,206,143,90,229,134
160,22,163,229,10,82,21,197,245,220
160,23,61,18,4,40,25,173,92,2
160,24,91,244,106,13,185,105,175,111
160,25,119,180,208,34,200,5,188,218
160,26,35,248,228,21,1,130,31,34
160,27,139,241,90,223,103,151,252,122
160,28,191,78,179,149,158,169,17,185
160,29,161,128,65,204,69,216,68,249
160,30,77,6,123,180,64,51,45,67
160,31,98,248,95,240,233,94,19,152
160,32,64,137,89,17,199,7,87,128
160,33,23,118,214,94,117,72,57,221
160,34,211,187,54,58,246,10,110,234
160,35,202,129,254,220,103,11,247,7
160,36,188,253,8,78,92,57,29,143
160,37,219,158,164,55,103,199,213,22
160,38,136,239,22,173,93,14,83,37
160,39,16,23,68,222,146,237,169,252
161,0,136,78,241,89,56,14,68,227
161,1,119,166,190,88,6,186,165,168
161,2,13,177,189,26,156,246,127,1
161,3,28,114,9,53,86,153,127,50
161,4,253,123,133,56,171,182,82,134
161,5,172,174,0,142,232,106,3,160
161,6,16,240,194,129,241,152,118,12
161,7,228,133,188,142,145,61,217,195
161,8,157,53,148,59,112,70,161,100
161,9,99,214,19,90,201,58,206,71
161,10,10,68,12,154,226,192,189,82
161,11,64,187,61,58,78,24,92,45
161,12,91,251,2,126,10,244,106,213
161,13,34,208,119,42,174,255,130,165
161,14,132,34,21,162,248,73,239,173
161,15,74,90,206,122,145,139,111,60
161,16,74,191,24,195,158,4,234,37
161,17,161,244,8,69,190,210,141,204
161,18,77,64,11,58,98,26,119,186
161,19,208,129,59,240,211,152,34,54
161,20,53,148,7,85,118,100,144,72
161,21,99,143,214,207,85,134,233,90
161,22,245,160,26,207,178,174,132,12
161,23,80,111,180,2,204,72,241,186
161,24,244,116,12,229,10,48,4,2
161,25,34,208,158,211,50,183,130,165
161,26,132,153,248,161,59,84,73,52
161,27,206,74,216,139,157,122,190,100
161,28,74,158,191,26,247,179,162,239
161,29,161,150,185,204,244,51,99,69
161,30,180,72,77,94,174,75,9,67
161,31,98,154,195,95,254,32,173,24
161,32,224,64,197,7,1,82,137,127
161,33,63,156,18,206,118,117,57,188
161,34,211,152,213,246,54,29,10,43
161,35,129,202,194,11,220,254,103,184
161,36,188,251,29,92,78,24,154,212
161,37,219,50,55,62,213,7,165,103
161,38,146,239,173,14,47,83,230,32
161,39,85,45,114,177,134,13,185,120
162,0,36,134,70,139,151,55,177,175
162,1,254,14,22,101,190,91,193,42
162,2,13,3,143,182,5,237,177,71
162,3,167,243,28,132,114,22,9,180
162,4,253,175,134,29,171,56,180,137
162,5,172,0,164,232,3,82,160,252
162,6,240,12,152,174,199,119,118,129
162,7,38,228,133,142,145,3,33,159
162,8,53,148,50,59,161,100,111,214
162,9,58,99,221,90,214,134,97,101
162,10,10,214,189,213,12,82,242,162
162,11,213,187,218,28,92,112,82,102
162,12,91,175,99,100,184,120,148,251
162,13,119,26,34,236,64,42,114,148
162,14,166,57,35,1,154,205,21,119
162,15,126,90,141,139,28,55,150,196
162,16,247,179,158,162,169,191,175,190
162,17,161,125,185,128,144,194,69,217
162,18,72,195,99,77,45,67,100,123
162,19,248,98,144,114,239,18,94,246
162,20,172,50,53,127,171,100,161,63
162,21,214,71,99,58,232,143,210,97
162,22,10,12,182,213,118,245,214,231
162,23,213,28,237,61,40,187,25,171
162,24,91,244,4,88,99,105,201,13
162,25,119,34,236,194,216,26,180,208
162,26,166,35,57,130,248,1,17,110
162,27,139,126,6,223,90,55,122,141
162,28,247,191,78,179,162,177,158,169
162,29,161,128,99,69,249,216,204,246
162,30,77,51,99,67,123,236,64,47
162,31,98,248,114,85,95,240,221,173
162,32,64,104,137,246,87,82,7,31
162,33,118,162,139,95,132,36,151,203
162,34,211,228,240,206,43,29,229,10
162,35,202,129,220,187,17,250,60,114
162,36,188,147,78,43,160,26,123,143
162,37,55,93,103,109,59,7,169,37
162,38,239,173,32,196,83,169,159,180
162,39,165,122,129,237,158,252,99,114
163,0,117,233,226,128,11,51,96,80
163,1,169,133,232,43,120,158,104,13
163,2,70,225,90,164,226,107,14,189
163,3,98,180,255,170,27,28,53,91
163,4,119,123,55,180,67,253,152,182
163,5,0,172,232,61,142,3,23,112
163,6,240,174,241,90,12,129,128,178
163,7,133,181,131,129,228,187,142,75
163,8,53,112,148,161,247,59,22,144
163,9,19,99,90,132,22,229,207,240
163,10,197,163,220,12,7,245,226,228
163,11,2,36,18,213,40,158,69,187
163,12,91,2,198,244,189,10,111,12
163,13,34,200,208,179,148,33,57,184
163,14,1,132,21,130,238,34,35,248
163,15,99,90,141,139,241,206,196,198
163,16,78,158,169,191,149,16,37,247
163,17,161,128,65,69,244,204,47,249
163,18,6,128,67,180,77,154,9,44
163,19,98,248,18,151,221,233,207,254
163,20,53,112,50,143,172,183,171,59
163,21,99,214,19,143,132,90,134,97
163,22,163,245,21,229,121,203,197,10
163,23,61,213,18,40,36,25,5,2
163,24,91,244,185,13,106,120,201,105
163,25,119,34,114,180,26,208,200,194
163,26,35,248,154,1,166,228,21,130
163,27,139,99,90,184,241,145,151,223
163,28,191,78,158,169,142,17,177,162
163,29,161,128,65,216,68,249,204,151
163,30,51,67,77,6,123,199,64,47
163,31,98,221,248,95,240,173,125,67
163,32,64,31,82,17,137,7,87,115
163,33,105,94,214,118,23,72,117,180
163,34,211,187,54,19,58,29,155,12
163,35,129,202,220,7,236,161,13,165
163,36,188,253,8,0,57,78,160,130
163,37,219,158,164,7,103,55,22,224
163,38,136,239,22,14,127,59,189,230
163,39,16,23,68,252,241,145,114,146
164,0,88,57,59,56,110,157,180,170
164,1,95,166,165,190,63,82,98,60
164,2,238,13,125,159,234,76,95,246
164,3,70,132,41,255,53,55,137,65
164,4,133,123,138,19,49,182,0,7
164,5,174,24,3,172,232,0,226,63
164,6,174,240,194,129,241,178,16,128
164,7,129,133,217,228,225,253,61,66
164,8,53,59,148,100,144,95,68,161
164,9,148,99,214,90,58,192,143,229
164,10,10,68,226,118,197,154,182,214
164,11,210,187,112,40,5,213,28,92
164,12,91,8,120,244,105,99,6,2
164,13,164,34,26,255,114,148,119,208
164,14,166,110,230,1,130,34,254,132
164,15,141,184,90,225,196,187,150,99
164,16,16,175,158,162,203,107,126,177
164,17,161,249,26,171,150,99,128,106
164,18,174,75,100,201,94,172,3,44
164,19,204,221,238,207,41,44,248,246
164,20,127,17,139,175,11,18,217,104
164,21,184,72,210,248,53,201,213,135
164,22,120,50,44,11,175,100,10,123
164,23,41,180,187,171,82,34,87,25
164,24,8,213,124,53,91,247,174,0
164,25,119,233,167,34,57,114,242,177
164,26,81,181,230,110,26,35,154,223
164,27,184,141,247,53,225,93,187,127
164,28,16,107,158,177,203,131,126,162
164,29,161,249,26,106,68,112,128,243
164,30,77,123,67,51,47,94,75,172
164,31,98,221,240,95,173,204,248,254
164,32,224,64,82,197,31,137,7,236
164,33,177,96,156,84,117,118,196,72
164,34,211,49,213,217,29,246,10,146
164,35,224,129,202,220,36,194,60,103
164,36,188,255,78,24,239,57,23,130
164,37,219,158,55,103,22,50,7,199
164,38,239,146,14,127,47,230,124,173
164,39,114,85,120,45,203,13,34,177
165,0,180,62,139,211,163,237,203,151
165,1,111,22,32,14,144,185,193,171
165,2,13,234,55,221,143,159,3,83
165,3,22,201,180,243,23,167,132,112
165,4,243,134,132,152,203,180,189,196
165,5,0,164,63,23,172,232,237,3
165,6,240,152,12,2,125,128,39,178
165,7,133,129,142,33,169,246,253,38
165,8,53,148,59,50,161,246,22,193
165,9,99,58,192,90,101,214,221,229
165,10,226,121,214,197,162,233,10,92
165,11,226,2,187,40,61,154,112,186
165,12,218,91,184,198,203,244,12,248
165,13,34,148,208,119,192,242,194,114
165,14,21,254,166,1,17,252,35,130
165,15,141,184,90,139,196,206,6,198
165,16,169,177,162,201,158,191,175,39
165,17,161,249,144,125,96,128,244,204
165,18,99,195,123,72,67,94,194,77
165,19,144,248,98,239,114,186,18,221
165,20,172,50,243,53,57,17,143,98
165,21,214,58,221,99,113,235,71,101
165,22,121,10,206,214,118,21,203,102
165,23,61,40,187,25,2,213,205,5
165,24,91,244,185,99,174,218,198,92
165,25,34,194,5,119,208,114,180,162
165,26,248,17,1,130,21,35,112,110
165,27,139,184,141,6,127,133,90,223
165,28,191,177,162,169,158,235,142,175
165,29,161,249,100,68,128,204,99,216
165,30,77,123,99,51,67,66,90,236
165,31,98,114,95,144,173,157,254,83
165,32,104,31,22,14,157,64,7,236
165,33,118,177,103,84,196,139,108,59
165,34,211,11,5,18,175,246,146,227
165,35,202,114,5,220,129,210,8,187
165,36,188,48,78,10,23,154,251,153
165,37,55,219,158,199,103,22,56,115
165,38,173,121,239,127,14,124,118,32
165,39,120,185,45,99,77,114,247,166
166,0,211,163,234,62,73,4,188,144
166,1,21,163,14,198,43,251,243,66
166,2,107,110,59,31,150,254,13,15
166,3,22,243,180,155,132,201,216,112
166,4,71,175,44,134,94,152,148,180
166,5,0,232,164,3,177,58,63,75
166,6,240,39,57,152,2,241,178,235
166,7,133,223,129,38,4,228,33,246
166,8,53,59,148,121,161,192,22,249
166,9,99,58,97,134,101,90,214,192
166,10,19,154,197,245,226,233,131,214
166,11,2,218,216,211,90,222,154,40
166,12,91,2,244,55,111,198,10,52
166,13,34,148,208,192,136,162,174,37
166,14,230,21,254,132,1,130,248,34
166,15,184,141,90,139,206,33,221,28
166,16,169,158,191,175,63,201,177,197
166,17,249,161,164,144,69,244,128,72
166,18,195,99,123,77,67,97,236,151
166,19,98,238,248,144,239,85,189,254
166,20,172,50,116,53,18,243,204,41
166,21,214,58,210,99,201,221,135,122
166,22,121,115,11,215,44,238,102,227
166,23,40,61,41,226,90,5,25,193
166,24,91,244,88,218,52,213,185,0
166,25,34,5,194,119,146,180,189,184
166,26,230,248,17,110,254,34,130,21
166,27,184,139,6,141,117,206,151,127
166,28,169,158,191,63,175,162,235,177
166,29,161,249,216,164,99,151,100,132
166,30,99,64,51,236,147,67,77,123
166,31,98,3,152,135,114,95,173,85
166,32,64,104,7,48,87,22,246,247
166,33,118,234,198,132,72,107,203,224
166,34,211,175,240,67,64,43,236,206
166,35,94,202,5,2,85,187,129,196
166,36,188,246,195,152,110,67,142,29
166,37,43,55,219,135,103,95,60,161
166,38,163,201,239,173,234,9,32,88
166,39,138,246,1,250,92,215,122,237
167,0,111,187,172,188,234,63,4,146
167,1,43,198,66,255,158,195,219,83
167,2,110,23,150,107,249,59,92,70
167,3,116,180,20,22,55,201,155,30
167,4,71,12,94,228,152,134,37,29
167,5,0,249,23,142,18,232,223,138
167,6,241,235,240,125,39,135,92,182
167,7,40,240,133,187,69,142,132,108
167,8,53,22,161,148,59,204,246,103
167,9,99,96,90,239,214,58,101,120
167,10,220,218,197,251,192,7,180,250
167,11,130,114,2,203,158,211,187,40
167,12,244,88,11,2,28,185,144,91
167,13,34,38,208,37,148,174,121,185
167,14,180,230,132,1,130,254,21,248
167,15,139,111,90,141,206,184,249,133
167,16,169,158,147,142,191,173,162,134
167,17,161,249,216,244,100,117,47,65
167,18,64,67,156,77,147,123,99,45
167,19,98,248,54,3,207,135,152,233
167,20,172,53,50,65,204,22,144,100
167,21,214,239,96,99,143,58,135,90
167,22,238,121,251,102,218,189,6,245
167,23,40,61,114,177,130,41,221,38
167,24,91,244,88,185,92,13,48,111
167,25,34,119,5,208,194,180,91,218
167,26,248,207,35,17,21,110,162,228
167,27,139,184,6,151,141,198,90,133
167,28,191,158,15,169,171,142,177,162
167,29,161,249,100,177,151,216,218,244
167,30,156,51,64,236,4,208,147,77
167,31,98,3,152,95,114,28,54,240
167,32,195,64,7,247,221,146,31,157
167,33,217,72,97,37,118,71,75,94
167,34,211,206,212,255,54,228,43,187
167,35,196,202,49,129,116,0,228,11
167,36,0,234,188,29,75,186,165,8
167,37,219,55,95,121,176,250,119,7
167,38,139,173,182,239,22,93,191,177
167,39,23,16,68,185,222,114,237,174
168,0,181,82,251,107,39,68,80,246
168,1,183,221,168,53,96,92,40,8
168,2,56,178,68,201,213,125,116,186
168,3,134,169,158,15,138,65,166,50
168,4,156,20,37,182,210,7,123,71
168,5,174,0,142,68,23,237,146,35
168,6,118,241,235,194,219,240,16,204
168,7,240,195,133,67,253,21,236,19
168,8,53,148,59,22,161,214,248,157
168,9,99,90,229,214,92,101,28,96
168,10,68,245,197,189,7,226,108,251
168,11,64,187,2,61,241,130,4,45
168,12,91,10,88,244,2,83,106,218
168,13,34,164,208,119,174,146,255,250
168,14,132,21,130,248,34,173,162,239
168,15,111,74,90,139,206,145,117,133
168,16,191,158,74,195,4,24,94,234
168,17,161,244,141,63,210,177,83,69
168,18,77,64,147,29,119,45,67,15
168,19,3,54,98,28,27,133,237,208
168,20,53,135,22,59,161,143,148,118
168,21,99,143,195,90,134,245,214,187
168,22,160,45,28,251,68,245,231,57
168,23,80,202,214,97,173,41,194,40
168,24,244,185,10,111,48,116,173,13
168,25,34,255,194,119,158,208,27,243
168,26,248,17,252,78,21,132,207,243
168,27,139,122,180,198,206,151,145,82
168,28,191,74,14,176,140,158,15,42
168,29,161,150,249,26,117,244,100,60
168,30,77,4,1,236,64,55,98,67
168,31,98,67,3,95,237,208,176,238
168,32,33,7,224,252,34,51,219,157
168,33,192,201,179,72,156,161,206,185
168,34,16,211,29,49,217,15,43,23
168,35,202,116,224,11,198,41,249,95
168,36,255,188,110,160,24,252,165,130
168,37,219,103,50,7,119,62,37,55
168,38,146,239,173,191,105,32,43,111
168,39,10,114,85,185,120,177,252,53
169,0,212,41,136,24,65,86,109,29
169,1,221,183,234,165,166,22,63,126
169,2,56,178,125,201,23,112,236,234
169,3,15,156,166,113,138,2,111,14
169,4,180,123,133,37,149,152,216,134
169,5,23,213,31,0,123,146,82,148
169,6,241,235,240,204,125,152,84,16
169,7,253,61,169,240,133,11,187,69
169,8,157,53,247,148,22,161,95,59
169,9,99,22,90,240,96,214,137,92
169,10,220,214,1,180,245,108,250,213
169,11,202,54,187,241,2,186,158,97
169,12,88,92,185,110,91,6,244,10
169,13,34,164,208,250,37,119,5,198
169,14,180,134,130,34,222,254,132,21
169,15,139,116,206,249,90,111,141,126
169,16,158,169,162,186,191,142,4,94
169,17,161,249,216,244,141,100,47,117
169,18,147,99,72,153,123,67,195,77
169,19,98,28,248,135,152,238,254,54
169,20,157,53,247,50,172,204,139,100
169,21,214,99,22,143,213,210,96,135
169,22,115,17,252,102,127,238,206,215
169,23,61,40,202,177,28,243,38,90
169,24,244,91,92,48,88,188,185,213
169,25,119,34,5,233,205,208,255,180
169,26,248,110,254,31,17,207,34,162
169,27,139,141,184,151,126,6,122,47
169,28,158,201,169,191,138,164,15,162
169,29,161,249,157,177,151,117,78,100
169,30,4,64,77,45,67,51,237,151
169,31,98,3,95,248,114,240,67,208
169,32,75,197,64,7,116,34,82,16
169,33,18,59,206,103,118,72,161,5
169,34,211,227,11,206,29,213,23,152
169,35,202,116,196,11,129,178,254,34
169,36,251,188,48,165,160,130,24,58
169,37,219,7,59,103,36,55,247,121
169,38,124,239,32,47,191,63,189,14
169,39,114,45,27,222,185,6,177,252
170,0,70,134,211,55,151,199,50,178
170,1,157,230,101,88,22,193,37,49
170,2,246,117,247,201,177,3,105,192
170,3,15,189,213,2,243,22,201,162
170,4,44,180,134,132,152,37,32,253
170,5,213,23,237,0,31,82,123,95
170,6,152,241,33,240,161,235,125,204
170,7,61,11,253,240,236,187,142,132
170,8,53,50,157,22,148,247,59,242
170,9,58,99,90,221,214,229,101,22
170,10,214,238,251,213,162,45,76,189
170,11,90,202,61,4,187,82,40,196
170,12,88,92,91,218,185,211,158,174
170,13,34,119,5,236,194,177,70,35
170,14,254,88,21,132,112,191,17,110
170,15,141,126,111,139,184,90,6,206
170,16,158,162,169,177,191,63,248,37
170,17,249,161,144,216,244,100,208,177
170,18,99,123,195,44,67,77,72,147
170,19,54,98,3,248,239,28,238,152
170,20,50,157,172,53,139,135,116,247
170,21,214,99,210,213,58,135,143,158
170,22,115,238,214,102,127,231,189,251
170,23,61,40,196,92,41,28,202,4
170,24,244,88,92,211,185,91,48,218
170,25,119,34,5,194,236,180,208,255
170,26,248,17,254,88,207,154,21,34
170,27,139,6,141,82,184,151,126,206
170,28,158,169,191,162,201,63,48,171
170,29,249,161,177,99,157,204,100,69
170,30,4,51,99,151,44,64,77,67
170,31,98,3,95,114,208,242,28,240
170,32,64,75,7,82,104,16,85,118
170,33,206,59,95,118,72,102,173,135
170,34,211,72,206,11,183,29,146,152
170,35,202,129,11,191,254,103,184,249
170,36,251,188,51,160,172,130,254,78
170,37,59,7,219,152,248,93,178,37
170,38,239,191,14,173,32,189,39,104
170,39,165,114,222,252,185,120,45,103
171,0,80,226,96,136,247,171,93,98
171,1,104,2,134,91,157,187,53,222
171,2,247,246,192,117,254,65,201,71
171,3,221,15,188,2,189,213,139,112
171,4,119,180,20,123,21,134,185,150
171,5,213,23,0,237,148,95,31,61
171,6,33,240,152,241,16,39,27,235
171,7,61,240,253,187,11,141,142,145
171,8,53,157,148,22,135,59,242,161
171,9,99,90,229,158,214,101,218,28
171,10,251,229,45,250,245,57,220,197
171,11,194,18,158,2,202,0,61,97
171,12,2,10,185,106,244,111,52,88
171,13,34,208,162,174,255,35,205,136
171,14,132,21,248,34,212,143,173,130
171,15,111,206,90,139,74,134,145,238
171,16,191,74,158,234,15,195,4,169
171,17,161,244,8,69,210,63,141,249
171,18,77,64,147,233,26,146,91,225
171,19,3,54,83,133,67,248,98,27
171,20,53,22,148,161,135,59,143,72
171,21,99,143,195,134,214,90,210,3
171,22,160,45,34,194,245,28,57,231
171,23,80,173,97,194,242,214,41,223
171,24,244,185,10,111,116,48,2,173
171,25,34,158,208,255,119,194,27,50
171,26,17,248,252,78,132,193,21,188
171,27,139,122,206,180,151,198,34,82
171,28,191,74,171,176,140,234,37,146
171,29,161,150,249,117,151,100,244,69
171,30,4,77,1,64,98,156,236,194
171,31,98,67,95,221,3,208,176,248
171,32,33,7,34,64,89,252,157,51
171,33,72,102,192,161,206,185,59,105
171,34,211,16,29,15,109,182,183,152
171,35,202,11,116,41,220,184,236,129
171,36,188,253,160,251,78,110,252,118
171,37,103,7,55,59,37,213,219,165
171,38,239,14,32,189,124,191,136,39
171,39,120,114,252,185,27,222,16,103
172,0,29,115,72,4,41,104,151,163
172,1,14,101,48,170,193,116,253,204
172,2,143,192,180,139,183,211,131,225
172,3,22,15,201,243,23,112,197,131
172,4,149,134,10,29,132,4,152,175
172,5,0,136,95,173,63,164,237,225
172,6,39,152,240,11,212,237,27,118
172,7,240,145,141,187,183,11,132,225
172,8,53,148,59,121,72,161,171,214
172,9,99,90,134,229,207,3,137,101
172,10,245,233,229,251,103,146,92,162
172,11,158,216,241,37,237,146,67,48
172,12,110,2,166,50,185,23,244,218
172,13,34,0,148,194,119,180,162,208
172,14,132,143,17,34,21,162,130,58
172,15,111,79,139,206,90,97,117,122
172,16,158,234,191,169,4,173,63,239
172,17,161,244,177,249,210,63,234,49
172,18,66,195,77,64,67,194,208,146
172,19,54,49,3,98,48,144,239,67
172,20,53,59,172,72,145,100,50,135
172,21,99,32,137,143,233,229,90,158
172,22,245,233,109,251,103,28,45,226
172,23,61,173,194,146,237,37,223,41
172,24,244,185,50,10,166,158,91,174
172,25,34,194,208,0,225,255,91,120
172,26,17,248,132,21,188,34,216,162
172,27,79,139,117,145,90,6,206,225
172,28,63,158,191,234,176,56,138,171
172,29,161,249,4,69,244,9,216,19
172,30,66,143,4,151,236,77,194,116
172,31,83,98,3,157,85,95,67,114
172,32,144,14,7,120,28,26,143,92
172,33,185,161,203,103,59,54,206,72
172,34,211,18,11,109,166,29,227,143
172,35,202,254,129,11,116,220,114,121
172,36,148,188,55,48,78,44,160,187
172,37,103,162,196,213,102,199,237,7
172,38,132,52,239,189,14,59,25,186
172,39,77,99,197,252,224,27,237,103
173,0,151,70,178,55,159,139,211,31
173,1,206,166,44,80,15,253,235,91
173,2,74,50,215,48,145,180,202,85
173,3,146,15,22,40,227,216,247,21
173,4,44,221,134,10,29,148,175,130
173,5,0,131,201,164,237,95,82,63
173,6,39,240,33,241,152,11,125,118
173,7,240,223,38,187,33,190,225,11
173,8,53,22,59,50,148,182,204,161
173,9,99,58,90,214,101,229,15,218
173,10,50,251,19,245,191,227,45,238
173,11,173,61,28,220,194,92,41,224
173,12,218,185,174,88,158,251,92,91
173,13,34,119,185,194,35,57,208,121
173,14,17,132,230,35,21,215,254,87
173,15,111,139,141,184,126,206,90,117
173,16,158,169,63,191,234,193,142,94
173,17,161,249,144,244,72,164,21,69
173,18,77,195,151,123,99,44,147,194
173,19,98,54,239,85,3,67,49,248
173,20,53,89,50,172,22,116,143,171
173,21,99,143,32,210,214,134,153,58
173,22,113,45,115,231,180,21,50,238
173,23,202,61,97,173,40,201,38,41
173,24,244,48,92,158,91,50,41,2
173,25,119,158,0,208,194,34,2,255
173,26,252,171,17,21,248,215,222,34
173,27,139,206,122,151,6,39,100,141
173,28,158,193,235,102,94,219,244,79
173,29,161,249,94,60,21,88,9,151
173,30,99,77,64,119,4,250,236,98
173,31,98,208,3,67,114,95,176,152
173,32,254,125,245,140,161,179,101,64
173,33,234,95,132,91,143,102,220,72
173,34,211,44,247,240,29,20,191,67
173,35,202,187,167,30,97,56,41,79
173,36,188,78,115,23,160,110,82,29
173,37,103,7,59,170,213,199,97,219
173,38,135,239,205,230,189,210,128,131
173,39,252,129,243,197,237,212,14,122
174,0,27,35,101,166,135,108,169,133
174,1,26,11,132,139,216,34,75,59
174,2,210,249,164,50,162,180,225,146
174,3,146,211,106,37,29,226,46,80
174,4,65,14,242,240,118,167,15,146
174,5,10,161,186,235,6,191,231,237
174,6,167,241,33,255,215,180,107,93
174,7,2,253,199,187,240,11,178,106
174,8,89,247,53,35,59,115,179,180
174,9,241,94,180,99,22,83,245,169
174,10,130,88,220,1,250,251,248,180
174,11,20,39,241,202,54,102,185,158
174,12,26,63,28,91,244,48,2,41
174,13,29,178,208,34,205,121,37,174
174,14,34,132,252,179,222,21,130,87
174,15,36,206,139,122,90,111,100,163
174,16,96,169,158,212,120,164,191,142
174,17,161,94,60,244,117,216,83,249
174,18,77,170,148,147,119,57,67,85
174,19,130,98,67,208,161,152,248,135
174,20,53,148,161,171,247,100,22,50
174,21,99,180,143,241,195,134,210,207
174,22,83,88,194,113,21,193,180,162
174,23,20,39,133,61,242,97,181,223
174,24,244,48,13,67,91,92,251,111
174,25,34,158,178,208,119,250,21,136
174,26,248,252,78,21,35,132,31,34
174,27,139,206,122,36,151,184,100,155
174,28,96,191,164,62,158,171,37,176
174,29,161,249,60,117,94,100,151,244
174,30,77,170,85,4,236,64,98,51
174,31,98,67,208,130,3,248,94,241
174,32,60,158,99,101,254,34,194,196
174,33,33,190,41,72,220,232,91,81
174,34,211,82,161,97,247,29,116,239
174,35,202,24,167,224,56,212,39,11
174,36,188,207,160,78,130,23,239,82
174,37,103,7,104,199,59,219,97,213
174,38,135,239,189,205,230,27,127,14
174,39,252,243,110,12,69,36,45,114
175,0,29,115,41,2,104,151,160,4
175,1,14,191,170,173,28,193,204,121
175,2,188,222,139,143,87,91,194,79
175,3,22,201,197,112,23,243,154,251
175,4,149,244,134,152,29,175,4,132
175,5,0,58,164,131,163,173,136,95
175,6,168,11,12,51,237,118,212,102
175,7,2,183,30,166,187,104,225,252
175,8,53,148,59,121,216,161,22,171
175,9,99,90,3,134,207,137,229,233
175,10,233,245,229,103,251,179,146,50
175,11,164,173,146,216,237,241,37,211
175,12,2,110,166,13,50,158,244,152
175,13,34,115,178,148,0,19,208,203
175,14,132,34,162,143,239,17,228,21
175,15,111,206,139,90,79,198,122,191
175,16,158,234,191,56,169,4,173,239
175,17,161,19,177,94,244,63,4,225
175,18,77,66,143,195,64,209,194,4
175,19,3,48,54,67,98,83,208,206
175,20,53,172,100,59,148,204,22,72
175,21,99,32,143,137,90,195,134,158
175,22,109,233,194,245,57,45,135,28
175,23,173,61,99,146,242,135,237,214
175,24,244,13,158,166,185,50,48,173
175,25,34,208,0,194,115,178,203,158
175,26,248,17,132,21,78,196,252,144
175,27,139,18,206,6,112,79,122,35
175,28,56,234,191,158,176,53,171,59
175,29,161,19,244,69,126,4,60,100
175,30,143,209,77,4,66,116,1,98
175,31,83,157,67,95,98,176,3,55
175,32,144,14,120,101,143,26,28,92
175,33,161,185,203,103,84,81,54,12
175,34,18,211,109,166,249,247,11,15
175,35,202,121,44,117,11,103,114,24
175,36,148,55,188,160,48,78,44,79
175,37,196,103,219,162,199,7,55,89
175,38,132,52,189,210,127,205,186,242
175,39,99,224,197,77,66,237,252,211
176,0,124,211,72,178,175,128,174,134
176,1,206,166,80,13,232,15,12,145
176,2,74,207,145,215,202,235,17,54
176,3,163,22,146,201,40,112,164,86
176,4,221,206,134,152,148,75,38,175
176,5,0,201,64,77,156,123,131,173
176,6,195,12,161,33,237,11,72,152
176,7,166,246,158,225,33,30,196,213
176,8,53,121,148,172,22,59,161,98
176,9,99,32,90,3,229,134,221,150
176,10,45,251,50,233,131,245,57,250
176,11,237,173,194,0,222,121,167,97
176,12,2,185,10,50,158,244,23,137
176,13,34,194,101,0,208,148,158,162
176,14,17,132,21,34,143,87,248,115
176,15,111,206,90,6,139,122,117,238
176,16,158,234,169,191,15,37,176,173
176,17,161,21,60,249,244,208,69,234
176,18,250,77,195,116,208,147,123,129
176,19,54,48,3,239,83,85,94,133
176,20,172,53,135,22,143,50,247,91
176,21,32,99,245,140,214,143,90,233
176,22,45,233,137,180,102,226,194,50
176,23,97,194,0,173,167,220,61,222
176,24,50,244,158,185,119,10,28,2
176,25,101,0,178,34,208,194,136,255
176,26,17,248,252,132,6,115,162,87
176,27,139,6,206,180,28,90,122,134
176,28,234,176,56,158,57,191,186,190
176,29,161,19,249,94,9,60,151,21
176,30,116,143,77,147,64,250,99,151
176,31,157,152,83,85,135,49,114,67
176,32,85,109,140,143,101,125,179,15
176,33,167,102,203,56,139,229,224,81
176,34,73,211,18,191,195,121,247,175
176,35,202,24,187,191,167,103,36,30
176,36,188,44,26,129,79,78,23,160
176,37,162,103,196,7,199,59,55,22
176,38,127,87,230,132,79,189,76,34
176,39,99,77,44,40,252,116,122,130
177,0,211,62,174,124,13,231,192,199
177,1,80,141,49,162,193,123,30,14
177,2,207,203,131,40,44,132,74,166
177,3,242,22,90,68,60,112,239,244
177,4,148,134,152,44,221,103,121,186
177,5,0,183,115,123,237,251,201,58
177,6,161,51,185,49,12,151,157,102
177,7,158,30,199,196,185,132,187,145
177,8,53,59,148,161,22,171,246,72
177,9,99,85,207,90,229,134,3,249
177,10,137,242,178,233,180,50,206,253
177,11,174,220,85,222,242,97,187,59
177,12,2,116,137,244,160,50,120,119
177,13,34,158,208,101,178,50,130,174
177,14,252,132,179,21,87,161,222,34
177,15,122,206,139,129,90,74,100,145
177,16,169,190,191,142,234,158,37,185
177,17,161,60,21,94,69,8,244,117
177,18,77,250,119,85,151,67,68,123
177,19,85,171,248,67,94,84,152,186
177,20,53,185,171,161,148,42,110,100
177,21,99,143,124,207,85,27,134,153
177,22,137,242,178,173,180,138,52,194
177,23,220,85,174,133,222,97,59,184
177,24,242,244,81,119,48,128,50,87
177,25,101,158,178,97,208,50,19,0
177,26,50,171,252,161,179,92,84,222
177,27,122,139,206,189,28,39,129,100
177,28,193,94,235,196,219,106,158,186
177,29,94,21,161,60,119,88,61,95
177,30,250,0,77,119,232,156,22,30
177,31,241,4,98,249,89,63,23,183
177,32,123,125,161,140,254,179,109,105
177,33,95,139,166,56,143,203,4,132
177,34,20,240,191,44,72,40,108,73
177,35,24,187,210,64,180,97,191,74
177,36,93,19,26,124,225,219,76,115
177,37,100,169,16,54,66,80,127,19
177,38,61,252,191,180,143,35,237,202
177,39,193,40,235,208,163,22,115,225
178,0,51,145,91,249,179,197,9,101
178,1,139,64,87,59,216,75,11,106
178,2,34,164,146,130,210,149,166,114
178,3,59,211,37,77,142,183,3,46
178,4,131,241,128,230,170,15,108,191
178,5,186,104,41,193,235,237,142,192
178,6,51,167,241,153,33,180,62,161
178,7,29,23,199,196,187,240,216,142
178,8,53,89,59,234,213,148,95,171
178,9,29,94,99,164,228,77,90,85
178,10,130,169,198,113,23,248,180,220
178,11,161,189,170,174,97,202,35,136
178,12,63,26,10,74,2,116,28,3
178,13,34,43,208,147,97,50,158,61
178,14,20,132,50,124,34,252,222,179
178,15,206,122,81,139,90,200,111,74
178,16,196,191,5,195,169,186,94,158
178,17,161,172,119,250,244,76,8,60
178,18,77,0,179,57,187,147,119,29
178,19,152,6,171,130,208,187,117,79
178,20,53,234,89,100,205,142,148,161
178,21,164,29,99,126,94,85,207,143
178,22,113,130,169,178,198,23,235,180
178,23,161,189,170,97,174,136,38,243
178,24,244,242,63,74,26,44,48,160
178,25,43,147,208,158,61,50,82,109
178,26,20,50,148,124,252,222,132,84
178,27,139,206,200,122,81,129,48,39
178,28,133,43,94,5,196,195,235,7
178,29,161,76,119,250,8,172,151,83
178,30,77,179,64,205,0,187,119,22
178,31,4,205,109,171,59,95,23,218
178,32,181,178,254,98,186,247,125,90
178,33,126,143,238,86,215,183,166,83
178,34,96,207,84,74,180,20,62,230
178,35,202,160,57,167,108,64,232,245
178,36,2,188,70,222,191,101,109,163
178,37,65,19,2,34,58,61,5,74
178,38,145,180,177,61,18,182,202,191
178,39,228,190,218,237,81,235,206,127
179,0,141,235,221,190,115,208,61,47
179,1,93,244,47,155,46,68,197,182
179,2,145,103,34,57,100,210,93,109
179,3,235,187,231,133,152,77,37,12
179,4,236,142,222,128,13,102,87,144
179,5,193,90,47,186,224,41,104,145
179,6,153,167,241,60,215,206,51,61
179,7,23,29,199,185,64,147,117,78
179,8,53,234,116,57,239,89,180,59
179,9,126,164,94,116,85,191,29,99
179,10,198,169,248,130,36,71,120,113
179,11,161,189,133,107,128,233,86,185
179,12,74,93,63,26,134,3,44,15
179,13,147,134,43,61,97,154,95,130
179,14,50,51,124,86,20,161,105,106
179,15,81,200,162,189,122,206,181,147
179,16,196,5,133,43,170,156,150,174
179,17,172,76,250,61,60,89,119,198
179,18,179,187,77,57,0,181,50,161
179,19,4,109,116,12,205,20,171,130
179,20,239,234,179,180,237,53,83,171
179,21,126,116,164,29,191,94,207,85
179,22,198,169,130,248,113,247,178,116
179,23,189,161,111,36,107,128,42,134
179,24,74,93,63,26,44,15,3,160
179,25,147,43,6,134,33,61,154,208
179,26,20,148,124,51,86,147,132,252
179,27,200,81,162,206,181,58,100,122
179,28,43,133,5,196,156,72,170,26
179,29,76,87,172,250,57,0,8,119
179,30,179,77,187,163,205,16,91,226
179,31,116,109,4,205,59,12,137,124
179,32,223,119,178,181,186,90,47,247
179,33,93,238,86,83,129,183,143,215
179,34,82,96,207,1,132,180,74,62
179,35,202,160,167,57,36,27,108,42
179,36,70,188,222,181,248,153,129,98
179,37,229,58,39,2,175,212,163,19
179,38,64,92,67,159,145,140,117,233
179,39,186,189,190,95,11,178,169,67
180,0,38,54,167,193,44,112,94,238
180,1,46,47,105,58,122,20,238,201
180,2,145,140,53,82,100,186,103,74
180,3,26,230,233,103,117,236,118,78
180,4,144,81,213,245,67,91,45,0
180,5,90,188,47,224,193,78,43,109
180,6,215,60,206,153,167,96,221,143
180,7,176,199,117,23,70,231,229,64
180,8,239,116,73,179,57,33,104,164
180,9,126,113,116,191,85,131,30,56
180,10,248,115,129,36,166,238,157,211
180,11,133,233,140,36,155,112,149,111
180,12,44,3,93,175,137,212,253,164
180,13,33,6,61,138,206,205,142,158
180,14,147,50,86,252,132,34,161,215
180,15,189,206,122,166,139,100,129,223
180,16,156,151,169,158,212,191,244,100
180,17,161,57,110,60,5,117,244,69
180,18,77,67,128,29,119,233,64,147
180,19,12,98,208,120,248,152,4,161
180,20,53,148,161,239,63,204,171,33
180,21,99,126,116,143,207,124,153,90
180,22,248,236,161,157,178,180,245,111
180,23,140,36,42,111,189,40,155,38
180,24,244,44,116,48,3,2,212,93
180,25,208,34,6,158,33,61,250,142
180,26,132,21,248,252,147,84,29,54
180,27,139,206,74,122,200,129,223,189
180,28,43,195,156,191,235,158,133,37
180,29,161,5,8,60,151,172,57,204
180,30,77,64,179,205,91,187,226,16
180,31,59,109,95,205,137,12,4,167
180,32,223,119,178,181,156,254,186,96
180,33,238,93,73,232,86,83,190,183
180,34,116,207,186,180,82,96,247,1
180,35,202,167,2,212,160,39,108,153
180,36,188,70,181,49,78,129,153,248
180,37,58,103,22,31,147,95,163,35
180,38,92,127,118,148,12,198,230,79
180,39,189,238,38,70,2,78,160,138
181,0,140,43,112,173,238,200,67,30
181,1,46,47,137,181,213,249,20,188
181,2,186,140,82,200,165,53,85,245
181,3,233,26,117,236,230,103,210,78
181,4,144,245,246,213,62,249,179,120
181,5,230,85,239,220,56,145,90,255
181,6,118,206,96,230,89,63,160,124
181,7,176,109,199,145,225,221,142,237
181,8,53,239,148,59,230,150,100,73
181,9,126,99,113,53,85,60,88,201
181,10,115,183,240,166,93,11,21,231
181,11,253,41,133,51,28,187,149,196
181,12,212,4,117,213,88,2,41,83
181,13,34,6,158,142,208,33,205,50
181,14,132,147,34,252,21,179,130,248
181,15,206,122,139,74,90,166,120,129
181,16,156,169,158,191,151,142,212,37
181,17,161,57,244,117,83,60,110,69
181,18,67,77,64,119,29,147,233,107
181,19,98,12,248,120,152,208,125,94
181,20,53,148,161,63,204,168,143,57
181,21,99,126,217,143,214,153,90,207
181,22,245,161,248,236,111,62,26,162
181,23,42,140,155,253,173,36,40,33
181,24,244,212,13,116,48,44,229,2
181,25,34,208,158,61,6,33,168,142
181,26,132,21,248,252,29,147,222,84
181,27,139,74,206,124,122,223,90,0
181,28,235,158,195,191,156,203,37,94
181,29,161,5,8,60,204,151,57,1
181,30,77,64,91,205,159,225,179,226
181,31,59,95,137,248,167,88,125,240
181,32,223,96,98,158,186,156,254,236
181,33,190,232,238,81,86,143,41,183
181,34,116,207,180,246,247,84,10,196
181,35,202,167,212,2,244,153,39,224
181,36,188,70,181,78,49,153,129,119
181,37,58,103,22,31,147,95,163,43
181,38,92,127,148,118,71,12,79,198
181,39,189,2,38,70,69,213,138,78
182,0,144,188,4,62,92,211,155,111
182,1,14,202,198,193,72,124,115,121
182,2,193,58,60,79,188,187,92,228
182,3,197,243,22,56,201,180,112,23
182,4,134,175,152,94,98,46,29,233
182,5,0,164,58,237,60,83,77,23
182,6,82,152,12,113,168,125,30,43
182,7,246,142,132,158,181,185,183,75
182,8,53,148,59,47,121,240,192,85
182,9,99,134,28,3,97,154,207,90
182,10,207,26,245,149,233,146,190,132
182,11,97,44,153,37,223,165,141,218
182,12,21,2,50,13,244,38,10,12
182,13,34,0,208,158,180,211,130,19
182,14,132,21,34,173,73,44,17,252
182,15,74,206,90,122,145,139,151,129
182,16,230,191,37,24,234,169,82,195
182,17,161,69,225,244,8,19,213,188
182,18,77,154,108,176,119,98,233,67
182,19,208,48,129,248,59,94,240,115
182,20,53,148,100,72,118,195,47,172
182,21,99,32,143,207,214,134,195,233
182,22,245,26,157,228,116,207,146,233
182,23,37,204,70,99,17,97,107,134
182,24,244,50,116,12,2,48,21,166
182,25,208,211,0,34,158,155,165,168
182,26,132,238,248,213,196,252,162,21
182,27,74,206,139,130,35,122,146,100
182,28,181,56,53,191,102,230,234,26
182,29,161,19,225,244,8,158,60,204
182,30,77,90,143,64,91,226,225,108
182,31,157,59,146,95,83,218,137,88
182,32,12,146,57,19,22,248,46,92
182,33,162,21,81,143,47,61,56,74
182,34,249,175,191,195,143,121,18,166
182,35,136,202,5,167,235,2,11,94
182,36,92,188,78,67,153,17,160,89
182,37,214,43,103,22,163,196,95,208
182,38,87,243,127,163,118,0,198,156
182,39,251,99,138,70,77,44,219,116
183,0,240,209,247,52,17,93,210,116
183,1,202,182,72,3,143,195,8,178
183,2,193,58,216,60,143,3,42,125
183,3,243,87,22,180,201,197,23,112
183,4,175,134,152,36,103,43,132,38
183,5,0,164,58,77,237,60,95,136
183,6,82,12,125,152,102,168,212,219
183,7,246,142,132,185,183,187,158,3
183,8,53,148,59,85,249,72,161,171
183,9,99,134,28,3,97,207,101,90
183,10,207,26,228,245,250,233,108,162
183,11,59,253,97,44,218,69,141,37
183,12,21,2,50,210,244,10,13,12
183,13,34,211,0,158,208,180,130,19
183,14,132,34,252,58,173,21,44,238
183,15,74,206,122,151,90,129,3,139
183,16,37,230,191,195,24,4,169,235
183,17,161,69,8,225,244,19,21,103
183,18,77,90,154,250,119,100,98,108
183,19,208,129,248,94,59,48,85,240
183,20,53,100,118,148,144,72,161,59
183,21,99,143,207,32,134,214,233,195
183,22,245,26,157,116,228,207,178,246
183,23,37,17,218,111,107,134,204,72
183,24,244,11,116,50,2,210,48,229
183,25,208,211,158,34,0,19,50,165
183,26,132,213,86,252,248,162,84,58
183,27,74,206,139,146,122,100,169,110
183,28,181,102,195,191,26,53,219,56
183,29,161,225,19,21,8,244,132,229
183,30,77,90,250,64,91,188,226,197
183,31,59,157,146,199,218,211,95,88
183,32,12,57,254,48,46,146,247,19
183,33,162,56,139,75,21,143,107,81
183,34,5,195,191,175,64,220,252,73
183,35,202,5,167,2,94,235,11,103
183,36,92,188,67,78,246,125,44,26
183,37,43,95,60,22,135,103,161,163
183,38,163,127,0,243,201,118,119,198
183,39,138,44,1,215,99,246,70,92
184,0,51,49,153,22,11,247,85,128
184,1,169,87,223,10,123,162,5,13
184,2,16,125,252,35,240,200,164,38
184,3,98,97,153,27,238,160,121,111
184,4,14,240,181,167,201,67,211,65
184,5,235,67,83,191,0,23,81,68
184,6,82,125,135,152,129,215,228,193
184,7,44,187,185,225,132,145,106,142
184,8,53,33,148,247,59,85,161,171
184,9,132,99,207,22,143,85,229,134
184,10,26,228,248,250,207,132,245,178
184,11,36,69,174,40,170,111,97,20
184,12,160,242,116,210,2,3,11,21
184,13,33,208,29,211,34,50,158,145
184,14,238,132,147,252,44,161,73,170
184,15,206,177,3,122,74,100,240,129
184,16,156,195,169,26,37,191,181,72
184,17,8,110,161,216,244,117,229,141
184,18,77,128,154,112,22,91,119,97
184,19,59,4,43,248,94,137,12,124
184,20,33,53,148,118,195,171,161,100
184,21,132,207,214,99,143,22,86,74
184,22,228,116,157,26,207,132,178,246
184,23,136,36,107,170,134,99,69,159
184,24,242,102,244,116,155,87,197,178
184,25,33,208,28,37,29,109,168,113
184,26,238,132,153,213,147,96,73,179
184,27,206,74,146,177,139,3,60,27
184,28,156,181,175,47,195,4,186,239
184,29,110,119,161,8,244,190,229,204
184,30,128,77,90,112,11,119,154,91
184,31,12,146,211,43,59,17,137,218
184,32,238,22,113,48,158,49,30,230
184,33,73,41,21,28,143,81,91,67
184,34,97,175,161,34,70,64,230,220
184,35,5,202,2,94,235,167,85,97
184,36,188,67,78,153,181,10,160,43
184,37,163,43,103,22,121,59,140,60
184,38,127,118,189,219,31,32,40,171
184,39,113,189,16,99,145,70,253,223
185,0,211,62,163,4,223,222,248,151
185,1,173,185,32,144,255,153,154,3
185,2,125,16,61,76,205,240,185,95
185,3,22,121,247,243,153,201,192,23
185,4,203,134,175,152,221,75,173,252
185,5,0,60,83,164,58,77,237,150
185,6,82,125,12,54,152,102,19,212
185,7,4,142,246,158,228,252,132,183
185,8,53,148,59,85,171,161,233,38
185,9,99,134,3,97,28,137,101,90
185,10,26,207,245,233,250,162,190,118
185,11,136,216,97,44,59,40,237,186
185,12,21,242,102,115,2,244,50,38
185,13,34,0,158,194,180,208,130,205
185,14,132,171,21,34,173,44,17,73
185,15,74,206,97,90,170,0,139,122
185,16,37,191,195,24,234,230,82,169
185,17,161,119,8,69,244,19,144,140
185,18,77,154,90,176,100,98,141,91
185,19,249,248,59,94,129,208,48,211
185,20,53,148,100,7,121,171,172,195
185,21,99,207,32,214,143,233,134,58
185,22,245,116,207,26,146,228,246,178
185,23,136,37,216,70,2,201,157,186
185,24,244,242,102,11,115,116,12,50
185,25,208,34,0,19,158,252,28,109
185,26,132,213,171,203,153,161,248,84
185,27,206,74,117,139,177,146,169,3
185,28,181,195,102,191,237,4,37,53
185,29,161,119,8,132,204,21,244,141
185,30,77,90,188,91,71,64,11,118
185,31,199,249,59,211,146,218,240,137
185,32,48,12,146,22,102,254,47,162
185,33,107,56,133,143,21,139,224,81
185,34,195,175,64,220,240,70,252,5
185,35,5,202,2,94,167,85,235,11
185,36,188,67,246,195,152,78,142,248
185,37,43,60,135,161,22,103,95,59
185,38,201,163,127,234,30,119,9,118
185,39,246,1,250,248,215,92,70,203
186,0,172,111,188,234,4,63,121,92
186,1,198,43,255,3,66,162,123,193
186,2,110,23,252,150,40,164,107,205
186,3,30,116,177,156,192,112,95,92
186,4,228,71,12,94,152,8,216,104
186,5,27,249,18,194,114,183,0,11
186,6,54,235,52,125,61,135,182,241
186,7,40,187,185,158,199,132,108,181
186,8,53,148,35,85,65,212,59,171
186,9,120,99,96,207,178,227,85,215
186,10,218,26,9,178,63,132,250,207
186,11,247,130,203,114,153,170,98,107
186,12,43,11,56,2,116,10,160,244
186,13,34,38,208,29,50,116,166,28
186,14,132,44,180,34,161,18,252,73
186,15,206,74,177,3,122,139,90,145
186,16,181,191,195,37,47,169,24,147
186,17,8,161,218,244,69,236,197,142
186,18,77,69,71,91,188,53,68,98
186,19,59,248,129,208,94,249,157,240
186,20,53,65,148,100,35,161,171,85
186,21,99,215,178,143,207,96,214,233
186,22,218,207,116,245,9,8,132,178
186,23,247,114,130,203,101,2,153,107
186,24,244,43,116,186,111,2,229,87
186,25,34,208,38,29,28,140,111,235
186,26,132,78,153,248,252,73,58,161
186,27,74,206,139,146,177,213,60,145
186,28,47,191,195,231,54,116,37,4
186,29,161,218,204,8,236,141,1,244
186,30,77,71,69,64,91,11,118,97
186,31,59,240,233,95,137,88,115,248
186,32,195,194,146,247,47,156,159,236
186,33,97,244,75,37,81,6,94,217
186,34,188,54,212,19,187,255,206,252
186,35,202,167,196,11,235,103,236,254
186,36,188,0,78,234,153,8,239,160
186,37,103,163,22,95,147,90,84,45
186,38,127,22,118,86,79,198,189,34
186,39,16,145,116,70,252,30,62,23
187,0,163,62,211,78,231,224,223,217
187,1,251,14,3,71,100,153,1,208
187,2,228,56,148,193,157,7,84,139
187,3,201,22,161,249,23,16,251,180
187,4,216,152,134,29,36,39,239,49
187,5,0,129,210,23,150,58,84,50
187,6,82,92,125,102,52,152,212,204
187,7,4,187,225,132,243,183,185,59
187,8,53,148,225,59,154,47,72,230
187,9,99,134,90,207,3,101,143,229
187,10,109,207,233,116,250,245,8,132
187,11,186,15,97,202,165,70,153,91
187,12,47,21,10,50,55,244,210,2
187,13,34,13,16,208,0,140,109,185
187,14,132,44,252,153,173,144,196,220
187,15,74,130,206,178,35,60,139,145
187,16,230,56,191,102,195,47,168,82
187,17,8,244,169,210,69,19,157,27
187,18,77,11,143,53,250,98,71,91
187,19,60,48,59,129,240,157,208,43
187,20,47,53,148,59,100,171,161,85
187,21,99,143,207,74,214,215,134,86
187,22,207,109,233,252,116,99,146,140
187,23,70,59,186,134,15,165,249,231
187,24,50,47,157,119,210,244,118,166
187,25,0,13,222,208,140,34,183,174
187,26,196,153,252,132,171,144,73,58
187,27,178,112,35,206,130,74,60,139
187,28,56,230,10,82,105,59,191,183
187,29,126,19,157,69,204,161,88,251
187,30,151,18,143,77,162,98,46,91
187,31,37,157,55,60,34,43,83,59
187,32,248,58,12,173,92,120,179,28
187,33,250,133,176,54,198,81,104,108
187,34,15,80,249,143,166,5,109,195
187,35,106,121,77,202,136,11,167,19
187,36,21,228,138,188,17,160,206,28
187,37,244,62,214,110,92,103,68,36
187,38,197,177,182,141,156,149,247,236
187,39,83,3,209,66,142,237,5,112
188,0,174,15,132,156,240,17,167,131
188,1,251,208,197,165,155,71,195,3
188,2,148,136,7,112,213,192,174,19
188,3,201,22,23,155,216,180,18,16
188,4,216,152,134,221,175,132,239,206
188,5,0,77,164,237,58,64,56,50
188,6,82,92,152,195,12,102,123,233
188,7,4,246,142,166,183,145,158,252
188,8,53,148,47,59,121,72,63,171
188,9,99,134,32,3,90,229,101,28
188,10,233,207,245,116,146,250,109,117
188,11,202,97,170,186,59,153,137,15
188,12,10,2,50,21,244,251,215,179
188,13,34,185,0,13,208,174,19,50
188,14,132,44,173,153,162,34,17,130
188,15,206,90,74,178,139,122,145,151
188,16,230,191,37,169,195,82,24,56
188,17,244,161,8,210,4,69,169,19
188,18,77,146,26,64,250,151,143,98
188,19,60,248,129,59,208,48,94,240
188,20,53,47,171,148,161,100,144,172
188,21,99,122,134,143,32,207,74,214
188,22,207,245,5,233,116,99,117,229
188,23,59,170,186,153,8,97,33,2
188,24,244,50,157,2,116,173,210,10
188,25,34,208,0,140,19,101,183,116
188,26,153,132,248,78,252,101,196,84
188,27,178,139,74,206,60,146,248,117
188,28,230,191,193,56,82,102,37,47
188,29,161,88,204,19,69,21,8,244
188,30,77,151,162,64,91,143,232,118
188,31,157,34,59,70,60,95,43,88
188,32,12,248,179,162,146,140,247,47
188,33,133,104,198,56,181,167,36,37
188,34,195,249,44,238,143,80,5,15
188,35,202,136,148,121,190,74,167,11
188,36,188,227,147,21,228,115,138,78
188,37,214,113,103,110,22,53,78,244
188,38,156,197,149,24,185,198,141,180
188,39,251,83,209,255,252,226,169,142
189,0,209,17,240,198,220,50,159,247
189,1,195,208,197,68,5,215,155,165
189,2,148,136,112,7,191,150,215,92
189,3,22,201,155,87,216,243,15,148
189,4,216,152,134,175,221,94,38,104
189,5,0,164,58,77,136,82,210,23
189,6,82,52,92,125,123,43,102,241
189,7,4,246,187,142,185,183,132,181
189,8,53,148,59,121,85,72,171,161
189,9,99,134,3,215,229,90,207,79
189,10,207,245,233,116,250,132,5,146
189,11,59,202,186,97,98,153,220,170
189,12,21,10,2,157,50,244,210,38
189,13,34,208,183,0,158,170,201,174
189,14,173,17,34,132,44,161,162,172
189,15,74,206,90,122,60,145,248,16
189,16,191,230,234,24,168,183,195,172
189,17,8,210,244,21,161,233,69,58
189,18,77,250,58,98,151,92,53,143
189,19,115,208,60,129,48,88,94,59
189,20,53,121,148,85,195,100,185,118
189,21,99,32,143,207,233,195,43,74
189,22,116,207,233,245,132,147,149,250
189,23,59,32,220,111,134,201,2,95
189,24,50,157,244,11,87,116,128,10
189,25,34,19,0,45,183,101,208,140
189,26,132,153,252,73,171,58,248,203
189,27,177,206,146,60,74,3,169,139
189,28,193,196,47,102,230,190,82,195
189,29,21,88,61,8,161,1,244,204
189,30,77,250,162,232,64,91,151,118
189,31,34,59,43,70,240,88,28,146
189,32,179,162,12,125,146,254,247,156
189,33,56,104,181,139,75,143,36,162
189,34,195,44,238,5,240,10,220,73
189,35,202,148,190,74,167,11,235,236
189,36,188,227,115,147,248,78,142,160
189,37,78,27,103,22,113,35,59,163
189,38,119,215,127,118,135,169,251,243
189,39,158,122,252,44,70,165,244,72
190,0,117,96,233,226,80,93,171,198
190,1,81,13,120,43,169,183,96,40
190,2,252,35,107,118,2,148,112,128
190,3,91,148,170,216,128,192,35,221
190,4,55,139,123,8,216,152,105,119
190,5,27,61,114,98,81,18,23,194
190,6,90,52,82,92,125,235,123,204
190,7,181,4,187,44,56,225,109,108
190,8,112,53,59,148,164,212,65,120
190,9,178,19,215,207,99,85,96,98
190,10,163,207,5,229,250,178,253,26
190,11,142,18,247,20,255,98,170,186
190,12,67,43,59,160,10,190,2,157
190,13,34,116,200,29,140,208,222,50
190,14,38,132,153,34,44,18,222,101
190,15,206,99,39,74,3,139,90,171
190,16,54,195,13,169,47,186,191,4
190,17,161,244,8,218,236,117,141,210
190,18,77,6,11,232,67,64,29,119
190,19,248,108,208,152,199,211,59,221
190,20,53,100,161,171,112,144,65,148
190,21,178,99,143,207,134,215,214,90
190,22,5,163,245,207,178,235,24,229
190,23,142,20,170,247,202,18,203,2
190,24,244,67,43,222,116,2,111,48
190,25,34,208,140,29,250,28,116,158
190,26,83,153,132,179,248,84,101,222
190,27,139,206,99,74,213,39,177,60
190,28,54,186,195,33,231,13,191,96
190,29,161,236,8,244,151,218,103,204
190,30,77,64,71,11,91,97,232,118
190,31,199,240,221,59,95,137,243,25
190,32,89,17,247,156,221,236,47,18
190,33,105,244,107,214,143,81,23,28
190,34,12,81,252,56,58,220,208,211
190,35,132,202,167,11,218,235,36,250
190,36,253,188,152,246,248,78,23,43
190,37,135,161,60,158,22,103,153,67
190,38,9,234,30,127,136,76,118,198
190,39,246,250,203,1,248,92,252,237
191,0,4,144,172,111,210,92,234,232
191,1,61,164,198,95,76,217,14,195
191,2,92,13,150,159,110,118,86,107
191,3,30,177,92,148,156,192,22,112
191,4,94,152,133,216,71,228,134,43
191,5,18,0,115,23,98,194,56,210
191,6,154,235,90,92,55,125,12,52
191,7,181,4,158,187,142,132,225,174
191,8,53,148,246,59,171,85,161,213
191,9,99,120,207,194,229,85,90,67
191,10,5,9,183,192,207,178,219,60
191,11,153,170,142,207,180,130,202,97
191,12,2,189,10,116,222,244,58,48
191,13,34,116,208,205,50,174,109,71
191,14,132,222,34,179,44,252,63,21
191,15,206,248,74,39,139,122,3,90
191,16,186,54,169,195,191,185,13,142
191,17,161,236,8,244,117,69,218,141
191,18,77,69,232,67,68,64,147,91
191,19,248,233,152,221,108,171,208,59
191,20,53,161,171,148,65,100,144,22
191,21,99,120,96,207,143,134,122,214
191,22,9,5,0,178,218,101,180,183
191,23,153,130,15,170,207,142,202,40
191,24,244,106,48,2,116,87,229,111
191,25,34,208,200,158,116,250,136,165
191,26,132,83,78,84,252,248,179,21
191,27,139,206,248,122,241,177,129,100
191,28,186,185,54,191,230,37,169,195
191,29,161,236,65,151,8,69,117,83
191,30,77,69,64,97,45,6,118,4
191,31,233,248,240,95,137,59,51,243
191,32,146,195,199,194,247,206,7,156
191,33,97,75,81,94,37,217,245,57
191,34,212,247,187,255,19,211,54,230
191,35,202,167,244,56,11,49,36,197
191,36,188,8,234,119,0,10,129,23
191,37,103,22,35,26,147,21,59,219
191,38,22,127,79,34,76,230,118,189
191,39,16,145,34,252,116,68,23,30
192,0,212,218,57,33,157,59,110,160
192,1,166,98,183,40,96,222,63,209
192,2,238,132,173,112,166,234,2,62
192,3,138,55,217,4,119,17,41,174
192,4,138,133,255,234,224,216,20,152
192,5,178,19,31,23,213,195,249,123
192,6,57,154,92,55,123,208,157,231
192,7,101,195,4,61,223,214,158,59
192,8,157,65,53,59,213,142,159,247
192,9,120,99,207,5,85,148,143,194
192,10,68,19,46,5,178,3,63,220
192,11,93,207,64,202,170,101,201,156
192,12,138,64,48,210,59,252,222,253
192,13,164,50,208,109,206,199,28,34
192,14,83,179,222,34,132,252,161,162
192,15,33,116,177,206,122,139,129,74
192,16,186,185,169,122,33,195,191,239
192,17,104,8,117,161,244,83,10,141
192,18,77,119,68,67,72,146,97,11
192,19,225,171,84,161,157,94,208,249
192,20,157,53,171,161,106,100,185,110
192,21,99,143,124,148,207,153,134,27
192,22,19,68,178,5,60,180,86,52
192,23,93,64,158,242,97,111,181,207
192,24,244,87,48,116,81,255,111,213
192,25,158,164,208,37,82,250,2,192
192,26,83,252,84,132,161,87,177,78
192,27,139,206,116,33,177,122,215,100
192,28,186,201,244,37,158,20,191,185
192,29,161,104,117,8,151,165,244,28
192,30,77,151,97,119,64,69,221,68
192,31,225,248,241,70,61,191,125,25
192,32,197,224,206,7,64,219,124,117
192,33,18,206,156,81,59,245,196,146
192,34,11,217,211,49,247,213,230,90
192,35,202,167,244,224,11,56,36,197
192,36,188,255,129,78,251,23,10,119
192,37,103,26,22,35,178,97,14,215
192,38,124,127,79,34,198,76,230,118
192,39,203,252,13,116,77,34,237,169
193,0,211,62,134,199,231,224,124,178
193,1,49,85,42,193,22,14,101,17
193,2,117,71,3,234,173,132,77,160
193,3,243,247,22,15,229,112,89,17
193,4,44,152,134,38,29,186,121,180
193,5,178,19,0,115,183,236,2,23
193,6,57,161,157,49,123,154,185,39
193,7,223,4,158,196,187,57,30,225
193,8,53,59,148,246,220,161,171,22
193,9,99,85,134,194,97,229,3,58
193,10,19,5,233,242,178,132,245,46
193,11,93,170,97,59,85,202,241,220
193,12,2,10,116,21,137,50,222,48
193,13,34,158,50,208,0,19,109,130
193,14,132,34,252,222,173,44,239,248
193,15,74,122,206,139,90,145,129,0
193,16,191,195,193,186,234,24,4,169
193,17,161,244,8,164,210,249,21,69
193,18,77,250,11,64,68,151,119,146
193,19,85,171,208,152,240,221,211,59
193,20,53,7,171,100,161,85,144,148
193,21,99,143,207,85,153,135,233,134
193,22,245,178,5,242,19,207,174,52
193,23,201,170,85,220,186,111,59,93
193,24,244,11,48,217,229,128,10,2
193,25,158,19,34,208,97,37,50,25
193,26,153,132,252,101,161,248,84,179
193,27,206,60,74,3,177,28,139,33
193,28,193,196,26,186,82,219,158,94
193,29,61,88,21,164,8,119,94,161
193,30,250,77,162,119,232,64,99,181
193,31,4,205,34,43,59,252,183,17
193,32,123,125,179,140,254,85,86,76
193,33,95,234,132,104,56,143,166,36
193,34,44,238,240,20,108,220,8,62
193,35,190,74,148,202,11,33,180,115
193,36,227,115,142,19,147,39,219,188
193,37,78,27,65,169,16,126,19,6
193,38,215,169,119,251,35,117,159,180
193,39,158,117,122,252,237,245,11,67
194,0,141,61,235,190,221,253,115,208
194,1,93,244,155,47,46,197,68,182
194,2,103,210,17,117,57,145,4,109
194,3,187,235,231,133,152,77,37,12
194,4,236,142,128,222,13,102,87,95
194,5,193,186,90,41,104,47,178,224
194,6,167,153,52,61,123,154,54,93
194,7,23,29,199,185,187,64,216,4
194,8,89,234,53,116,57,59,180,83
194,9,94,164,29,99,85,207,116,215
194,10,130,169,198,178,26,132,207,1
194,11,189,161,107,170,111,255,134,98
194,12,26,63,74,128,15,93,56,116
194,13,147,43,130,95,219,28,208,50
194,14,20,124,44,51,161,18,132,224
194,15,147,81,177,200,206,181,213,162
194,16,196,5,72,26,195,133,32,152
194,17,61,8,172,250,119,76,89,69
194,18,57,187,179,77,50,97,0,161
194,19,4,130,183,109,20,205,6,59
194,20,234,83,179,220,72,180,53,239
194,21,164,29,94,131,116,207,126,85
194,22,130,169,198,116,234,178,113,26
194,23,189,161,107,111,128,56,134,42
194,24,74,63,26,160,15,128,242,93
194,25,147,43,97,134,37,6,130,61
194,26,20,148,124,51,167,86,137,231
194,27,200,81,162,181,177,206,58,100
194,28,43,133,5,196,170,151,26,156
194,29,76,172,87,250,119,61,0,57
194,30,179,187,205,77,163,16,105,155
194,31,116,4,205,109,12,191,124,59
194,32,119,181,223,186,178,90,77,247
194,33,93,238,86,129,83,183,215,73
194,34,82,96,207,74,1,180,132,130
194,35,160,27,57,42,202,231,64,167
194,36,222,70,98,20,75,119,143,101
194,37,39,2,229,61,36,24,58,19
194,38,64,140,239,180,159,202,117,207
194,39,186,190,222,11,67,173,218,235
195,0,38,54,167,193,112,44,94,244
195,1,46,47,105,58,122,20,246,249
195,2,145,140,53,121,128,57,186,245
195,3,26,230,233,117,103,118,78,210
195,4,144,81,213,245,67,45,91,234
195,5,90,188,47,224,193,78,43,109
195,6,215,60,206,153,167,54,96,173
195,7,176,23,199,117,70,64,76,29
195,8,239,116,164,33,73,179,57,234
195,9,126,116,191,113,131,85,164,197
195,10,248,36,115,238,151,198,191,157
195,11,233,133,36,140,155,161,86,111
195,12,93,44,74,3,54,175,63,26
195,13,33,6,61,147,134,154,142,29
195,14,147,86,50,51,47,167,106,124
195,15,166,189,206,162,200,181,148,122
195,16,156,212,133,170,231,43,152,151
195,17,110,166,5,57,60,8,89,76
195,18,77,128,187,179,91,205,226,112
195,19,4,120,205,12,59,171,109,208
195,20,53,239,234,212,33,148,161,100
195,21,116,126,191,207,99,94,164,143
195,22,161,236,248,116,157,178,63,169
195,23,140,42,189,111,36,107,134,34
195,24,93,116,39,244,220,3,15,74
195,25,6,208,33,29,142,130,147,250
195,26,86,252,147,132,52,161,58,84
195,27,206,162,200,181,139,100,177,81
195,28,43,156,5,133,72,195,47,170
195,29,5,172,60,229,8,76,250,132
195,30,77,179,187,205,91,16,64,118
195,31,59,137,109,12,124,167,205,252
195,32,223,119,186,96,178,247,47,254
195,33,238,232,93,73,81,183,86,190
195,34,116,207,82,186,180,1,96,84
195,35,202,167,160,11,212,153,220,244
195,36,188,70,181,119,129,78,176,153
195,37,58,103,22,31,147,59,35,199
195,38,92,127,118,148,189,230,79,198
195,39,189,238,38,70,2,160,252,242
196,0,140,43,173,112,238,200,30,67
196,1,46,47,249,137,181,213,188,20
196,2,140,186,82,165,200,53,85,245
196,3,233,117,26,236,230,103,210,252
196,4,144,245,213,249,246,62,179,120
196,5,230,239,145,220,85,90,255,188
196,6,118,96,206,89,230,81,217,63
196,7,176,109,199,221,112,145,155,106
196,8,53,239,148,59,73,230,205,195
196,9,126,113,99,53,85,201,88,154
196,10,183,115,231,215,240,93,11,211
196,11,41,51,253,42,133,28,181,214
196,12,212,102,2,88,83,213,10,117
196,13,34,142,6,208,205,168,158,33
196,14,132,34,44,147,161,248,252,58
196,15,206,74,90,139,120,129,145,122
196,16,191,195,156,181,24,37,171,172
196,17,161,69,8,244,60,210,44,140
196,18,77,226,22,64,91,176,159,225
196,19,208,59,129,4,94,95,115,248
196,20,53,148,195,161,100,118,144,233
196,21,99,143,233,214,90,74,135,229
196,22,245,236,34,161,116,26,183,205
196,23,80,140,111,42,173,204,223,242
196,24,244,116,195,3,10,111,213,229
196,25,34,208,158,168,50,45,250,130
196,26,132,130,252,78,21,248,238,161
196,27,206,74,139,100,177,129,145,110
196,28,26,191,195,72,156,37,47,158
196,29,161,60,204,1,8,5,244,41
196,30,77,97,4,64,91,159,45,118
196,31,59,233,95,137,240,120,130,12
196,32,223,96,42,247,158,98,178,206
196,33,190,81,232,41,238,91,21,146
196,34,116,196,247,211,246,161,180,19
196,35,202,167,11,244,220,224,212,236
196,36,188,70,119,181,78,129,153,118
196,37,58,103,22,147,31,35,163,200
196,38,92,127,118,148,71,79,189,230
196,39,189,2,38,213,70,69,252,242
197,0,78,211,163,120,224,236,232,62
197,1,100,71,1,3,251,14,167,193
197,2,228,60,193,58,92,157,110,79
197,3,201,249,22,16,154,243,23,112
197,4,134,152,216,36,175,94,88,239
197,5,0,164,23,58,153,129,95,60
197,6,82,102,12,195,168,212,125,151
197,7,246,252,132,4,158,166,30,183
197,8,53,148,47,59,72,161,171,22
197,9,99,32,134,3,90,221,137,144
197,10,109,245,233,207,250,146,116,140
197,11,2,97,237,211,186,146,153,59
197,12,50,21,47,2,111,10,38,116
197,13,34,0,185,13,208,158,194,136
197,14,17,49,132,130,252,44,173,238
197,15,6,178,139,74,12,187,151,184
197,16,234,230,169,56,24,60,82,183
197,17,60,161,4,69,144,233,244,49
197,18,77,209,116,54,176,146,195,100
197,19,60,48,129,248,94,55,239,208
197,20,53,47,172,148,72,194,100,133
197,21,32,99,122,214,134,143,74,255
197,22,245,233,19,207,116,228,109,146
197,23,204,37,221,146,32,97,211,70
197,24,50,244,116,47,159,2,204,229
197,25,34,0,208,194,53,183,139,205
197,26,130,252,238,132,17,78,153,213
197,27,206,178,139,177,74,117,212,112
197,28,191,234,230,181,102,169,47,56
197,29,60,164,161,69,204,19,244,158
197,30,77,90,97,232,64,116,143,98
197,31,157,95,60,146,59,83,55,70
197,32,248,22,12,19,92,87,48,146
197,33,133,250,143,176,181,234,56,162
197,34,249,166,175,80,191,5,143,15
197,35,202,136,176,5,11,220,236,94
197,36,188,17,21,138,67,228,176,153
197,37,214,110,244,103,199,43,237,113
197,38,156,87,185,24,141,0,149,180
197,39,50,251,209,66,95,255,142,235
198,0,209,240,52,220,17,53,198,98
198,1,71,100,251,3,114,14,193,219
198,2,71,3,254,193,157,143,58,60
198,3,22,243,87,201,112,180,23,251
198,4,134,175,152,216,36,75,44,132
198,5,0,164,77,95,23,58,73,136
198,6,82,57,195,39,102,12,125,151
198,7,223,246,142,158,183,166,4,132
198,8,53,148,59,121,63,161,249,72
198,9,32,134,99,3,221,90,130,58
198,10,19,245,207,233,146,242,26,228
198,11,97,59,2,237,220,253,137,111
198,12,50,21,2,157,116,38,10,111
198,13,34,0,185,13,208,130,158,50
198,14,17,44,252,49,132,173,130,238
198,15,74,139,12,206,122,33,6,169
198,16,24,82,234,191,172,169,230,195
198,17,60,161,69,4,21,8,164,244
198,18,77,250,90,116,209,146,138,176
198,19,48,85,248,60,59,94,4,129
198,20,53,148,72,195,172,171,133,121
198,21,99,32,207,214,134,122,143,229
198,22,19,116,228,207,242,137,132,146
198,23,174,220,70,59,37,218,97,204
198,24,116,50,11,244,157,2,15,159
198,25,208,0,34,37,101,19,140,13
198,26,203,213,132,252,86,196,153,58
198,27,206,139,177,33,74,28,3,130
198,28,181,102,195,190,219,26,191,169
198,29,21,164,229,132,60,8,204,141
198,30,77,232,250,90,188,64,91,11
198,31,59,146,85,70,95,252,199,137
198,32,254,48,102,22,19,146,109,247
198,33,234,56,133,181,102,143,75,224
198,34,5,240,175,64,67,220,191,72
198,35,202,220,11,2,94,5,236,167
198,36,188,67,142,176,119,153,78,160
198,37,43,103,59,60,22,199,7,135
198,38,163,127,119,118,0,189,201,205
198,39,248,215,122,1,246,92,70,252
199,0,27,35,166,101,169,79,133,131
199,1,139,11,26,132,123,216,146,75
199,2,249,35,164,210,38,252,161,175
199,3,211,106,37,226,146,29,46,8
199,4,14,65,240,15,181,167,129,118
199,5,161,235,142,10,120,191,132,6
199,6,57,255,14,39,246,215,82,125
199,7,2,199,185,187,132,168,108,69
199,8,35,53,59,179,148,161,180,164
199,9,241,180,207,99,85,98,6,169
199,10,19,228,88,26,245,137,157,178
199,11,69,20,39,174,111,99,107,98
199,12,160,157,3,116,15,55,210,239
199,13,29,178,112,37,208,219,183,168
199,14,238,252,44,86,167,6,196,161
199,15,36,213,33,166,206,122,37,139
199,16,96,26,228,137,72,73,185,169
199,17,94,60,188,166,225,8,220,161
199,18,148,170,77,97,204,84,22,122
199,19,130,55,233,70,4,208,61,248
199,20,53,148,100,161,118,171,72,60
199,21,180,241,99,143,74,141,233,134
199,22,88,245,83,116,123,26,34,157
199,23,20,39,111,69,34,204,99,2
199,24,244,67,116,2,204,229,159,87
199,25,34,178,112,37,208,158,211,29
199,26,130,252,78,132,21,58,248,134
199,27,166,139,206,177,74,117,212,36
199,28,96,191,173,169,158,73,197,135
199,29,161,102,204,60,69,94,244,1
199,30,77,148,170,97,85,122,176,64
199,31,130,95,67,61,248,240,25,208
199,32,158,60,99,254,87,255,242,136
199,33,33,190,41,91,232,220,57,81
199,34,82,97,161,211,247,34,10,55
199,35,202,24,11,220,236,167,254,156
199,36,188,207,78,154,176,118,153,119
199,37,104,103,163,199,59,7,237,219
199,38,135,27,205,189,239,127,230,118
199,39,110,243,12,69,252,70,96,46
200,0,29,188,41,2,131,73,65,224
200,1,14,204,21,191,163,193,28,170
200,2,188,139,193,35,87,228,5,249
200,3,180,154,22,192,86,201,216,197
200,4,134,152,149,239,145,216,103,175
200,5,0,129,232,164,58,60,132,23
200,6,12,152,125,168,30,212,51,102
200,7,142,4,213,41,3,30,69,158
200,8,53,148,59,233,161,121,84,249
200,9,99,134,3,32,221,90,214,144
200,10,245,233,197,30,7,183,149,158
200,11,146,72,2,97,211,223,229,35
200,12,2,166,10,21,131,13,55,111
200,13,34,0,211,201,148,205,208,167
200,14,49,59,17,130,132,203,154,71
200,15,97,74,212,139,79,184,6,42
200,16,234,191,202,56,60,158,169,183
200,17,161,225,69,233,94,4,60,215
200,18,77,66,54,100,92,176,82,241
200,19,24,48,129,61,208,180,206,239
200,20,53,148,172,72,100,195,133,223
200,21,99,32,74,45,143,219,214,28
200,22,245,233,109,197,135,170,30,195
200,23,146,72,2,99,63,37,211,32
200,24,131,50,244,204,229,55,255,188
200,25,34,211,178,208,0,14,205,45
200,26,130,252,122,132,87,78,248,21
200,27,79,139,206,18,212,187,74,190
200,28,234,191,56,158,254,183,57,173
200,29,225,69,244,126,233,94,204,161
200,30,77,66,143,148,176,92,95,98
200,31,83,95,157,61,49,25,60,176
200,32,157,57,14,87,32,255,182,133
200,33,161,162,198,91,103,47,146,203
200,34,249,121,143,18,15,103,164,166
200,35,202,220,24,11,40,156,19,236
200,36,92,55,188,160,78,158,118,154
200,37,196,103,199,132,163,208,237,226
200,38,132,243,52,87,239,205,93,189
200,39,224,77,99,237,129,122,89,116
201,0,51,49,153,22,85,247,128,243
201,1,87,88,169,156,227,158,177,10
201,2,48,16,112,204,174,97,177,168
201,3,98,27,97,238,189,160,216,222
201,4,14,240,67,201,4,181,167,72
201,5,67,129,235,232,23,252,58,131
201,6,51,125,129,110,246,152,114,50
201,7,44,2,41,69,19,61,4,199
201,8,33,53,148,247,59,213,161,194
201,9,132,99,22,90,15,143,240,229
201,10,245,253,26,137,197,233,248,28
201,11,36,174,72,2,146,97,111,211
201,12,242,160,55,157,10,116,2,229
201,13,37,33,178,112,208,100,34,158
201,14,130,147,252,134,132,21,162,238
201,15,177,155,122,139,206,74,218,166
201,16,26,156,191,183,169,175,172,176
201,17,60,94,69,44,162,161,216,204
201,18,77,97,92,128,66,84,95,220
201,19,122,48,117,238,83,12,95,208
201,20,195,53,148,33,72,118,59,131
201,21,132,99,143,219,207,214,233,229
201,22,137,34,116,132,253,233,234,245
201,23,136,36,174,32,54,134,204,72
201,24,242,50,38,81,39,15,116,119
201,25,178,37,0,45,183,130,104,33
201,26,130,252,204,147,167,127,50,171
201,27,97,98,190,206,191,240,38,177
201,28,175,57,156,89,26,72,151,169
201,29,119,110,60,165,94,243,36,10
201,30,128,112,47,66,104,127,151,137
201,31,12,238,10,249,191,17,176,209
201,32,238,158,113,208,230,101,231,105
201,33,73,41,137,67,4,187,203,35
201,34,97,34,161,194,99,120,40,108
201,35,24,220,40,11,44,19,202,156
201,36,63,231,199,252,176,55,47,15
201,37,59,237,207,25,160,92,36,247
201,38,239,241,191,115,31,180,111,254
201,39,113,45,235,237,120,224,41,222
202,0,29,41,50,223,65,58,131,162
202,1,173,154,98,253,71,88,135,251
202,2,61,16,48,76,222,177,174,112
202,3,22,180,45,247,201,154,167,132
202,4,203,134,149,145,103,121,152,4
202,5,0,129,164,232,58,80,42,244
202,6,12,152,54,125,30,212,19,123
202,7,142,41,4,213,30,3,69,246
202,8,53,148,59,121,161,247,84,233
202,9,134,99,32,221,3,160,22,177
202,10,233,245,197,229,149,74,183,131
202,11,136,146,2,97,211,237,186,48
202,12,242,2,131,110,21,229,10,248
202,13,34,0,208,174,205,188,148,180
202,14,49,17,59,130,26,171,110,92
202,15,97,184,132,139,6,12,212,117
202,16,175,234,60,202,191,89,169,57
202,17,60,69,161,119,215,144,51,4
202,18,77,54,66,116,199,100,98,82
202,19,48,249,61,94,129,208,24,239
202,20,50,53,172,100,148,24,195,168
202,21,99,32,58,219,74,201,214,78
202,22,245,233,192,197,135,109,20,74
202,23,136,146,2,32,243,211,97,251
202,24,242,50,115,204,119,131,76,166
202,25,34,0,208,178,37,71,205,114
202,26,130,171,252,92,132,162,188,248
202,27,206,139,79,177,212,97,129,98
202,28,219,193,57,102,191,138,26,56
202,29,94,119,60,88,244,69,204,99
202,30,77,232,90,66,64,97,162,98
202,31,249,83,146,135,59,95,252,85
202,32,157,22,254,48,140,87,3,255
202,33,161,143,132,162,47,103,107,90
202,34,175,64,220,67,103,143,20,239
202,35,202,24,94,2,11,236,5,220
202,36,188,248,67,55,246,152,160,78
202,37,100,43,135,60,196,103,22,163
202,38,254,61,191,196,111,65,158,96
202,39,40,163,198,224,235,139,18,237
203,0,91,51,145,179,249,197,101,9
203,1,139,64,87,227,59,216,239,219
203,2,48,34,146,19,59,24,26,227
203,3,211,59,142,37,46,146,77,124
203,4,131,241,230,240,15,151,170,181
203,5,186,252,235,142,175,129,139,240
203,6,51,54,125,39,57,246,82,12
203,7,40,199,185,225,68,41,69,213
203,8,53,148,89,59,161,213,195,247
203,9,69,99,29,228,154,177,207,134
203,10,245,19,137,207,26,228,248,233
203,11,174,203,97,111,2,136,186,158
203,12,160,242,116,157,21,15,10,3
203,13,34,208,29,183,43,158,130,50
203,14,252,132,44,49,130,213,224,162
203,15,139,206,74,177,122,60,129,90
203,16,191,195,24,169,4,181,37,202
203,17,60,161,8,69,244,141,225,83
203,18,77,90,232,22,149,64,57,95
203,19,4,48,249,129,171,130,59,157
203,20,53,161,212,148,100,120,59,195
203,21,99,69,143,90,207,214,22,74
203,22,245,207,116,19,137,192,180,132
203,23,174,186,2,97,203,202,134,34
203,24,244,116,160,50,11,43,128,222
203,25,34,208,29,140,53,50,250,174
203,26,132,213,153,203,252,248,84,161
203,27,206,139,74,23,212,3,249,39
203,28,195,181,191,169,33,237,102,4
203,29,8,141,204,229,21,132,244,164
203,30,77,232,90,64,188,71,118,91
203,31,59,199,240,95,137,146,135,252
203,32,102,254,48,156,57,22,18,47
203,33,126,162,107,143,234,224,81,56
203,34,175,240,64,220,252,67,55,72
203,35,202,94,167,5,2,11,220,85
203,36,188,67,152,246,248,2,195,142
203,37,135,43,60,103,161,22,59,35
203,38,127,163,234,30,201,118,119,9
203,39,246,1,92,248,250,215,70,252
204,0,127,49,85,153,58,18,227,170
204,1,228,123,43,66,30,158,223,232
204,2,169,136,48,68,34,164,40,35
204,3,116,20,51,55,171,141,203,153
204,4,12,228,215,145,164,106,79,49
204,5,249,11,169,56,239,142,161,245
204,6,166,57,136,182,54,61,135,246
204,7,40,199,56,161,185,225,85,187
204,8,120,53,65,148,35,59,213,247
204,9,151,207,99,85,143,233,227,229
204,10,218,24,19,26,63,132,178,192
204,11,114,203,174,107,111,251,180,187
204,12,160,11,102,56,3,116,98,2
204,13,38,29,34,208,205,50,222,111
204,14,213,180,252,44,132,234,138,167
204,15,206,33,117,139,110,177,74,100
204,16,137,181,195,180,182,191,20,96
204,17,218,8,60,101,229,161,39,244
204,18,77,188,22,232,90,63,91,98
204,19,4,59,252,171,137,124,157,94
204,20,120,53,148,212,161,195,59,100
204,21,151,207,99,214,143,22,228,90
204,22,218,24,116,192,19,8,63,132
204,23,114,174,248,107,34,195,203,142
204,24,222,160,116,244,58,56,67,206
204,25,29,38,208,111,113,28,219,53
204,26,180,96,67,132,252,213,161,73
204,27,206,110,139,212,213,100,33,3
204,28,137,20,231,188,195,31,72,181
204,29,218,229,104,8,101,60,204,1
204,30,77,221,190,188,91,118,16,71
204,31,14,137,59,124,252,28,135,191
204,32,221,102,254,47,156,59,206,48
204,33,168,121,81,224,205,40,12,253
204,34,55,81,208,64,67,220,95,247
204,35,39,202,167,99,212,236,220,36
204,36,188,49,195,67,34,153,239,119
204,37,15,90,153,103,22,35,209,135
204,38,80,127,86,118,34,189,30,79
204,39,244,72,203,183,36,92,30,116
205,0,172,188,50,4,111,92,155,121
205,1,126,198,29,221,193,255,251,42
205,2,110,236,23,212,150,92,48,15
205,3,30,177,22,92,156,200,72,112
205,4,164,8,239,228,152,37,134,43
205,5,9,81,153,0,183,249,27,170
205,6,136,125,102,55,54,57,200,213
205,7,199,161,40,187,185,108,181,132
205,8,53,65,148,59,212,171,161,164
205,9,178,207,85,99,120,98,151,143
205,10,218,9,63,207,26,178,19,132
205,11,114,116,247,174,142,111,107,180
205,12,160,43,3,116,11,157,222,56
205,13,38,29,116,208,222,28,111,219
205,14,44,252,132,161,38,18,228,162
205,15,206,74,177,39,139,248,33,99
205,16,228,54,181,191,195,24,169,47
205,17,218,8,60,161,244,88,49,236
205,18,77,232,69,6,98,22,64,63
205,19,248,59,129,157,208,240,108,233
205,20,53,148,212,65,100,161,103,59
205,21,178,99,143,207,214,96,74,122
205,22,218,9,207,116,192,245,0,108
205,23,116,114,247,142,2,34,153,97
205,24,222,43,244,116,67,127,231,204
205,25,34,208,29,38,140,200,199,53
205,26,153,132,83,216,248,73,252,93
205,27,206,139,74,103,248,60,212,146
205,28,228,54,191,195,169,33,231,137
205,29,49,218,204,8,141,244,41,88
205,30,77,232,162,64,151,91,71,118
205,31,34,59,240,137,95,135,28,126
205,32,146,86,156,179,102,162,254,47
205,33,97,6,104,36,81,143,244,75
205,34,238,255,212,44,252,55,211,10
205,35,148,202,190,167,74,235,236,11
205,36,227,188,234,248,115,147,160,78
205,37,78,27,103,22,15,163,59,35
205,38,215,127,119,118,251,189,139,76
205,39,158,165,72,122,70,252,224,125
206,0,233,198,117,226,80,171,5,187
206,1,120,230,13,183,171,92,254,57
206,2,115,236,56,81,124,118,200,142
206,3,170,148,53,221,9,95,91,89
206,4,228,8,119,239,55,123,139,105
206,5,194,9,27,61,114,183,0,253
206,6,90,235,125,43,55,154,39,12
206,7,181,199,187,109,161,132,142,196
206,8,53,148,59,112,161,171,246,85
206,9,178,120,99,19,206,207,85,215
206,10,229,163,207,218,245,178,5,26
206,11,18,142,247,2,4,205,187,91
206,12,43,67,222,2,154,10,88,117
206,13,34,116,200,208,140,50,205,82
206,14,132,153,130,44,34,58,162,38
206,15,90,74,206,139,39,99,122,60
206,16,191,54,169,24,195,4,37,13
206,17,161,244,8,210,69,236,218,141
206,18,77,232,6,64,149,11,98,107
206,19,221,129,248,240,208,199,59,157
206,20,53,148,100,161,112,171,247,41
206,21,99,178,214,143,134,90,74,120
206,22,245,163,5,108,207,236,229,24
206,23,142,2,247,101,18,202,8,97
206,24,244,43,222,116,67,229,127,2
206,25,34,208,116,140,200,199,183,50
206,26,153,132,248,130,252,84,83,78
206,27,139,206,74,99,249,60,90,3
206,28,54,191,169,195,231,33,37,183
206,29,204,141,236,161,244,41,218,69
206,30,77,64,71,11,221,232,91,118
206,31,199,240,95,221,135,59,248,126
206,32,89,17,156,221,236,247,47,87
206,33,105,244,107,81,143,214,121,91
206,34,81,12,252,56,211,208,58,21
206,35,202,132,167,218,11,235,236,220
206,36,188,152,253,246,248,78,176,160
206,37,135,161,60,103,22,158,153,67
206,38,9,127,30,234,118,189,34,76
206,39,250,246,92,1,248,203,70,252
207,0,148,135,78,27,210,144,223,248
207,1,251,71,3,95,217,100,1,14
207,2,92,150,13,228,159,148,115,56
207,3,155,201,22,114,182,249,180,9
207,4,216,152,134,103,98,40,94,29
207,5,0,23,18,237,210,80,225,98
207,6,92,125,154,235,12,102,212,219
207,7,181,4,243,132,158,187,225,106
207,8,53,148,59,246,85,171,225,70
207,9,99,207,90,101,229,194,179,143
207,10,207,109,5,17,245,250,99,116
207,11,186,153,202,15,164,165,97,2
207,12,47,222,21,58,10,2,111,116
207,13,34,116,208,155,140,174,167,73
207,14,132,153,34,239,248,162,227,130
207,15,74,123,139,90,206,60,248,122
207,16,169,230,54,191,10,195,24,183
207,17,244,161,141,8,210,169,41,157
207,18,77,11,232,98,64,149,69,146
207,19,60,248,221,240,129,157,208,108
207,20,53,148,171,161,172,100,47,59
207,21,99,214,90,143,134,122,120,229
207,22,140,207,5,108,109,245,99,0
207,23,186,15,153,40,202,2,33,8
207,24,244,47,116,222,229,58,204,233
207,25,34,208,116,199,140,165,167,183
207,26,132,248,252,153,227,130,84,244
207,27,139,74,206,248,249,212,90,16
207,28,10,191,230,169,54,158,37,195
207,29,126,204,157,161,41,141,244,69
207,30,77,18,64,237,69,91,71,45
207,31,248,240,60,95,135,59,221,244
207,32,58,248,195,64,120,87,86,236
207,33,176,37,244,81,97,36,107,161
207,34,15,249,255,80,211,212,252,246
207,35,106,202,167,220,236,11,95,36
207,36,21,188,228,148,118,10,100,138
207,37,244,214,103,22,163,153,7,92
207,38,43,135,52,127,118,189,177,132
207,39,37,127,5,248,243,77,175,112
208,0,234,210,241,84,15,50,52,156
208,1,251,3,195,64,71,100,198,202
208,2,136,148,92,150,13,7,192,224
208,3,22,155,201,30,157,251,112,23
208,4,216,94,152,134,29,186,166,103
208,5,0,115,23,210,164,58,153,251
208,6,92,12,154,125,102,235,123,185
208,7,4,181,132,158,185,142,183,225
208,8,53,148,59,85,171,246,1,72
208,9,99,90,134,207,221,229,101,58
208,10,207,245,116,5,233,8,9,132
208,11,153,202,186,97,137,15,59,2
208,12,116,222,21,10,2,231,111,58
208,13,34,208,185,140,116,165,174,183
208,14,132,252,44,17,248,130,227,162
208,15,139,90,248,74,206,187,122,60
208,16,169,230,191,195,54,37,24,183
208,17,78,161,244,141,8,69,41,236
208,18,77,141,64,69,130,45,146,11
208,19,221,248,60,240,129,70,59,135
208,20,53,148,172,171,100,161,59,98
208,21,99,214,134,90,143,120,207,229
208,22,207,5,102,9,101,245,0,229
208,23,153,59,186,202,15,134,97,2
208,24,106,116,244,222,229,2,119,178
208,25,34,208,116,200,140,199,19,165
208,26,132,93,252,153,248,73,67,84
208,27,139,206,74,248,241,249,146,122
208,28,230,191,54,169,37,185,82,195
208,29,161,204,236,69,65,41,244,157
208,30,77,64,45,69,151,91,11,6
208,31,248,95,240,34,233,59,137,60
208,32,120,199,86,195,146,179,236,7
208,33,37,181,97,94,36,81,104,57
208,34,212,187,255,5,211,246,19,54
208,35,202,220,49,11,244,167,190,56
208,36,188,8,147,0,227,115,234,92
208,37,103,22,78,220,84,27,175,55
208,38,127,215,22,118,230,189,15,205
208,39,16,23,145,68,252,116,70,90
209,0,181,82,107,251,68,39,246,255
209,1,183,166,209,40,222,96,194,20
209,2,209,148,191,136,55,35,213,7
209,3,217,216,173,3,240,169,200,45
209,4,216,49,156,20,159,123,145,182
209,5,174,19,159,0,142,194,56,23
209,6,123,194,12,125,110,154,92,219
209,7,4,195,142,21,225,132,243,106
209,8,53,148,59,68,111,171,161,230
209,9,99,90,120,206,194,229,166,101
209,10,68,226,5,197,245,229,108,30
209,11,64,202,211,201,2,180,214,187
209,12,106,10,2,116,244,21,233,111
209,13,34,164,208,174,50,201,158,136
209,14,132,34,173,162,130,239,248,1
209,15,74,90,139,206,145,124,122,28
209,16,191,74,24,195,234,197,149,125
209,17,69,244,161,210,204,128,26,79
209,18,77,64,54,98,45,58,100,143
209,19,208,129,95,24,240,115,18,127
209,20,53,148,100,24,85,59,50,98
209,21,99,143,214,229,90,74,135,233
209,22,245,160,68,108,229,172,226,7
209,23,80,64,2,40,97,180,211,8
209,24,244,10,116,233,195,173,229,213
209,25,34,208,164,183,148,23,50,234
209,26,132,130,248,252,1,78,243,21
209,27,74,139,241,206,90,145,101,233
209,28,149,191,185,169,201,197,183,78
209,29,26,161,204,69,65,128,41,244
209,30,55,77,45,64,109,237,69,83
209,31,237,248,95,60,240,126,18,59
209,32,224,199,197,64,7,206,87,236
209,33,179,201,156,81,217,57,91,117
209,34,211,49,217,213,247,246,10,90
209,35,202,224,11,244,56,220,167,129
209,36,188,255,24,57,153,92,245,10
209,37,50,103,158,22,14,207,12,179
209,38,146,127,230,118,205,239,189,8
209,39,85,10,13,177,34,252,253,116
210,0,70,24,62,211,109,162,231,192
210,1,236,85,22,226,14,193,42,204
210,2,3,193,221,148,136,192,95,122
210,3,243,167,216,240,9,3,229,191
210,4,175,243,134,49,152,216,132,29
210,5,0,164,19,56,58,91,180,132
210,6,12,125,123,149,102,212,77,152
210,7,142,38,4,246,33,185,132,225
210,8,53,148,59,121,72,63,171,161
210,9,99,134,90,28,101,3,229,150
210,10,242,116,146,226,5,205,197,180
210,11,97,218,93,211,134,201,229,214
210,12,10,116,208,2,244,21,50,173
210,13,34,19,208,136,0,174,165,148
210,14,132,21,44,252,204,1,227,113
210,15,139,74,90,206,235,147,145,28
210,16,53,191,102,59,190,169,193,183
210,17,161,62,69,169,19,214,21,210
210,18,77,209,219,176,64,55,151,91
210,19,85,221,99,95,248,59,115,83
210,20,53,148,72,133,171,248,161,68
210,21,99,214,98,134,67,117,207,230
210,22,242,5,146,78,154,191,226,207
210,23,218,201,93,2,116,59,164,97
210,24,11,128,58,167,244,119,229,116
210,25,19,208,140,34,97,230,71,116
210,26,153,132,203,84,96,252,101,73
210,27,139,206,3,74,60,146,28,249
210,28,193,82,195,33,196,191,219,102
210,29,88,21,62,61,161,204,8,244
210,30,77,162,232,151,64,91,11,63
210,31,34,221,28,59,85,135,43,95
210,32,179,156,109,125,123,86,140,236
210,33,139,36,104,102,143,95,132,68
210,34,238,44,240,62,94,28,73,220
210,35,202,148,190,74,167,212,11,187
210,36,227,115,188,147,142,248,79,26
210,37,78,27,15,193,103,22,56,35
210,38,215,119,251,127,169,139,118,76
210,39,158,122,72,36,252,70,165,125
211,0,22,40,63,185,121,46,11,202
211,1,13,223,43,81,66,169,193,183
211,2,35,107,22,252,242,90,164,59
211,3,92,76,177,14,216,98,192,191
211,4,8,139,122,65,123,152,105,228
211,5,67,161,18,14,254,23,81,191
211,6,114,3,154,123,55,125,167,43
211,7,44,4,142,187,185,199,132,108
211,8,33,53,164,148,122,212,85,59
211,9,178,240,217,207,132,99,98,85
211,10,207,163,250,62,5,31,248,7
211,11,142,20,49,170,186,109,202,36
211,12,67,222,10,12,21,178,116,201
211,13,34,142,200,33,29,208,50,140
211,14,38,132,44,18,34,153,222,58
211,15,74,206,90,120,139,3,103,96
211,16,186,195,147,13,54,191,169,156
211,17,8,161,141,244,110,236,210,88
211,18,77,162,232,6,68,29,64,91
211,19,248,199,240,157,59,120,171,126
211,20,53,33,148,161,171,59,100,114
211,21,99,240,178,143,90,214,207,217
211,22,163,253,245,108,5,62,180,236
211,23,142,20,49,170,202,2,97,36
211,24,244,116,43,178,67,222,127,233
211,25,34,208,142,250,53,72,29,50
211,26,132,130,222,248,63,252,38,84
211,27,139,206,74,39,117,249,96,122
211,28,186,195,191,169,231,237,54,33
211,29,161,204,110,8,151,244,141,69
211,30,77,64,11,71,91,212,112,185
211,31,95,240,248,199,120,233,137,59
211,32,116,238,17,156,113,75,96,158
211,33,151,11,107,244,182,232,81,23
211,34,12,205,252,211,161,56,220,97
211,35,202,132,167,11,235,218,56,129
211,36,188,152,246,253,248,10,49,78
211,37,135,161,22,103,60,153,67,43
211,38,9,127,234,30,118,230,189,136
211,39,250,203,72,92,9,244,178,183
212,0,234,144,111,172,92,232,155,186
212,1,92,135,198,120,79,149,195,14
212,2,173,92,150,239,110,132,76,159
212,3,30,177,194,155,201,22,112,218
212,4,94,152,216,71,134,133,29,98
212,5,115,0,23,18,194,183,210,98
212,6,92,235,125,55,243,123,19,12
212,7,4,158,181,142,187,132,242,196
212,8,53,148,246,59,161,171,182,85
212,9,99,120,207,85,229,90,98,115
212,10,5,9,253,178,183,132,207,180
212,11,170,153,186,142,202,207,238,130
212,12,2,116,244,10,189,96,59,201
212,13,34,116,142,50,208,100,72,198
212,14,132,222,130,34,63,153,18,252
212,15,74,139,206,248,90,39,122,129
212,16,186,195,54,13,191,169,147,185
212,17,161,141,236,244,8,69,83,117
212,18,77,69,232,29,147,64,68,45
212,19,248,233,152,157,240,126,171,59
212,20,53,148,161,171,100,59,247,131
212,21,99,143,120,214,90,207,96,195
212,22,9,108,218,5,245,180,101,0
212,23,153,130,170,214,97,40,202,234
212,24,244,116,2,178,127,106,111,88
212,25,34,208,200,158,116,250,50,195
212,26,132,130,248,252,222,84,78,21
212,27,139,206,248,122,74,129,249,241
212,28,186,54,191,195,185,230,169,37
212,29,161,236,151,65,102,204,69,157
212,30,77,64,45,69,91,97,214,212
212,31,233,248,95,67,240,51,137,243
212,32,146,195,194,162,206,199,156,7
212,33,75,97,94,37,81,217,57,72
212,34,187,212,211,19,247,255,54,188
212,35,202,167,11,244,56,196,49,180
212,36,188,8,234,0,10,129,153,78
212,37,219,103,22,7,82,21,35,199
212,38,22,127,230,118,189,212,205,34
212,39,16,34,145,70,116,203,252,30
213,0,254,211,8,191,72,208,75,89
213,1,5,153,197,14,155,165,167,193
213,2,42,175,193,37,223,144,215,170
213,3,243,154,163,22,36,23,56,0
213,4,175,134,206,132,178,75,233,100
213,5,77,0,164,243,60,64,120,222
213,6,12,152,11,102,168,32,195,173
213,7,142,38,246,96,39,4,166,252
213,8,53,148,121,63,59,72,233,171
213,9,99,3,134,32,90,137,179,28
213,10,77,146,233,116,245,180,132,26
213,11,97,37,141,170,214,248,241,218
213,12,50,10,116,2,201,244,38,173
213,13,34,0,208,185,158,19,192,136
213,14,132,21,130,44,252,78,146,63
213,15,139,206,74,90,12,79,104,145
213,16,186,185,191,195,183,169,53,56
213,17,161,54,4,69,19,141,244,8
213,18,77,66,209,116,64,143,219,176
213,19,83,247,67,48,219,95,59,248
213,20,53,148,161,72,171,91,59,133
213,21,99,32,207,214,90,134,3,141
213,22,77,233,146,180,109,108,116,5
213,23,97,37,141,248,118,59,134,214
213,24,50,166,116,210,244,2,55,119
213,25,34,0,208,192,250,158,169,136
213,26,132,78,17,84,130,248,161,252
213,27,139,12,206,127,74,129,28,18
213,28,186,56,53,191,219,37,82,234
213,29,161,54,19,4,69,151,225,62
213,30,77,151,143,116,64,66,209,219
213,31,83,219,157,248,95,247,55,85
213,32,235,14,92,202,144,57,78,59
213,33,203,47,84,250,81,162,72,57
213,34,128,185,18,11,143,73,211,166
213,35,101,202,121,167,244,16,129,56
213,36,188,103,44,129,26,10,153,78
213,37,162,103,22,219,199,7,181,35
213,38,127,236,230,79,118,52,239,205
213,39,77,99,141,44,116,219,203,70
214,0,211,62,174,48,124,13,231,161
214,1,141,80,49,193,14,30,23,4
214,2,111,207,144,215,243,232,50,200
214,3,197,53,200,40,179,112,72,100
214,4,148,134,152,44,221,38,43,186
214,5,0,115,235,183,19,23,2,236
214,6,161,49,12,185,123,151,11,213
214,7,4,142,167,158,30,253,132,246
214,8,53,148,59,161,22,171,121,72
214,9,99,85,134,3,90,58,195,246
214,10,5,233,1,245,180,178,242,77
214,11,220,97,170,85,202,59,241,187
214,12,2,116,10,83,210,222,244,201
214,13,34,208,50,158,4,183,174,72
214,14,130,132,222,134,44,153,84,252
214,15,74,139,90,206,79,122,249,145
214,16,186,195,191,193,33,142,94,169
214,17,161,141,244,21,8,210,83,169
214,18,151,250,77,147,66,95,64,123
214,19,85,152,171,135,95,128,248,157
214,20,53,121,247,148,89,49,161,100
214,21,99,98,22,90,86,143,207,214
214,22,216,5,1,242,233,178,180,245
214,23,220,201,170,85,59,97,202,241
214,24,32,11,128,119,178,205,244,157
214,25,97,101,19,222,50,140,0,208
214,26,6,222,252,153,161,87,18,243
214,27,28,3,39,139,206,74,224,146
214,28,193,219,196,186,190,82,94,33
214,29,88,21,61,94,225,165,157,161
214,30,250,162,232,63,77,64,151,50
214,31,34,146,135,43,85,108,249,208
214,32,123,125,179,140,156,76,85,86
214,33,95,139,56,104,132,162,143,102
214,34,44,238,240,195,73,20,62,98
214,35,190,148,74,187,64,11,21,191
214,36,115,227,19,142,26,124,66,147
214,37,65,27,78,169,16,59,54,186
214,38,169,119,252,215,134,18,96,117
214,39,158,117,122,139,170,237,235,179
215,0,132,141,158,125,190,47,115,177
215,1,155,244,93,197,188,182,11,233
215,2,29,57,145,100,74,93,103,27
215,3,187,133,235,37,117,190,174,40
215,4,236,142,128,222,102,95,87,15
215,5,193,90,47,65,41,78,127,205
215,6,153,60,167,54,196,206,138,246
215,7,23,29,117,199,185,64,78,229
215,8,116,234,57,180,164,239,23,99
215,9,164,239,191,131,94,2,85,197
215,10,169,130,198,125,65,196,36,185
215,11,189,161,128,107,206,86,160,111
215,12,134,74,63,128,26,93,15,254
215,13,147,43,134,154,74,32,95,130
215,14,20,124,51,137,64,50,47,148
215,15,200,81,162,148,181,58,242,165
215,16,5,196,133,134,51,174,32,43
215,17,250,198,76,172,87,61,0,89
215,18,57,179,50,187,161,0,13,134
215,19,109,116,20,195,205,191,36,4
215,20,234,239,99,237,83,180,179,56
215,21,164,94,29,239,191,126,197,161
215,22,169,130,198,125,196,113,247,185
215,23,189,206,161,128,107,111,86,160
215,24,74,63,26,93,15,160,44,242
215,25,134,147,43,182,6,154,61,32
215,26,20,148,88,51,124,137,229,32
215,27,200,58,181,81,165,162,31,147
215,28,43,133,134,5,170,106,75,150
215,29,87,76,0,250,124,172,20,183
215,30,163,179,43,226,161,195,201,133
215,31,116,20,4,109,205,191,36,154
215,32,119,181,252,53,178,150,90,112
215,33,184,93,129,43,236,16,39,83
215,34,85,82,26,96,231,112,130,133
215,35,72,84,42,160,57,174,135,204
215,36,22,221,222,83,75,20,212,70
215,37,182,138,88,39,72,144,229,111
215,38,151,64,193,249,115,140,120,202
215,39,162,186,190,222,106,11,100,169
216,0,238,43,252,25,147,95,112,42
216,1,250,224,46,172,147,129,103,19
216,2,29,20,49,27,140,119,186,74
216,3,233,26,230,117,4,40,103,130
216,4,9,81,229,248,92,183,144,224
216,5,43,188,78,127,90,158,110,65
216,6,60,206,68,138,143,173,208,101
216,7,117,65,229,111,76,78,145,42
216,8,116,104,239,23,99,173,180,137
216,9,171,255,113,2,160,126,224,170
216,10,65,157,185,198,196,125,173,115
216,11,181,206,128,161,47,86,108,62
216,12,44,74,249,93,54,134,199,62
216,13,134,6,147,154,182,32,61,44
216,14,51,148,137,88,32,86,167,47
216,15,162,148,58,200,165,243,181,127
216,16,134,133,43,0,252,170,51,93
216,17,5,76,15,87,89,198,0,108
216,18,226,179,124,192,155,204,203,43
216,19,109,19,30,205,191,226,243,86
216,20,239,237,116,207,234,180,133,4
216,21,191,164,207,155,126,2,239,127
216,22,157,236,247,234,198,125,185,248
216,23,140,206,189,111,181,128,86,62
216,24,93,74,220,39,44,235,145,54
216,25,6,134,154,182,93,147,32,255
216,26,148,51,137,88,167,52,86,106
216,27,162,200,181,58,165,46,206,147
216,28,43,133,170,252,51,5,24,152
216,29,5,76,89,158,87,142,20,57
216,30,226,192,77,179,135,16,163,139
216,31,167,30,226,109,228,12,116,124
216,32,223,178,181,119,47,206,159,90
216,33,83,74,9,81,129,93,40,16
216,34,241,21,1,252,116,141,186,85
216,35,160,167,244,36,218,224,202,22
216,36,70,248,129,74,98,153,188,120
216,37,62,58,124,145,143,175,48,21
216,38,117,147,159,176,67,179,8,10
216,39,238,95,223,237,245,67,235,56
217,0,206,209,104,43,30,95,105,147
217,1,47,46,155,188,156,197,118,20
217,2,20,233,85,82,41,172,73,251
217,3,117,119,233,130,244,229,183,178
217,4,20,195,184,5,246,87,154,150
217,5,158,111,153,79,145,76,159,251
217,6,12,254,206,230,102,79,21,209
217,7,185,142,175,199,245,81,158,78
217,8,53,148,72,195,133,23,151,59
217,9,99,1,203,166,150,143,229,207
217,10,116,132,217,176,23,156,148,234
217,11,204,32,42,60,12,111,239,56
217,12,10,163,116,21,88,2,161,38
217,13,34,208,212,45,58,145,83,170
217,14,132,204,44,248,21,164,191,253
217,15,147,235,74,139,98,92,12,90
217,16,172,191,74,112,104,117,25,24
217,17,69,44,109,233,1,192,152,116
217,18,77,138,92,224,204,152,175,226
217,19,212,115,122,180,95,88,26,246
217,20,195,148,53,72,133,161,98,118
217,21,99,1,143,214,252,229,248,228
217,22,148,160,147,217,172,156,132,116
217,23,80,32,204,193,239,60,63,111
217,24,161,220,239,163,176,116,13,244
217,25,34,45,208,58,145,211,212,91
217,26,204,132,253,55,0,78,252,30
217,27,98,147,139,235,92,206,177,124
217,28,172,191,74,158,117,26,24,112
217,29,161,69,150,1,152,44,158,192
217,30,77,138,192,44,226,92,122,225
217,31,212,122,59,180,143,95,115,207
217,32,241,255,33,104,178,47,219,236
217,33,192,110,74,50,130,220,81,177
217,34,16,244,123,246,37,211,218,254
217,35,14,202,53,11,79,36,220,171
217,36,188,153,154,110,134,78,118,160
217,37,52,199,238,219,103,124,39,58
217,38,103,92,239,148,233,117,82,175
217,39,238,37,100,245,11,252,148,159
218,0,206,32,168,95,238,30,255,181
218,1,201,140,137,176,46,122,77,103
218,2,20,98,233,153,41,73,82,49
218,3,119,117,178,233,143,252,183,103
218,4,184,20,246,150,81,87,249,66
218,5,32,111,255,85,76,230,239,229
218,6,230,7,124,254,12,206,199,176
218,7,142,158,148,221,225,185,104,183
218,8,53,148,72,59,85,1,22,161
218,9,99,229,134,28,1,90,150,233
218,10,245,96,23,43,176,217,78,197
218,11,239,42,253,24,135,111,254,181
218,12,10,21,2,111,213,126,116,88
218,13,34,208,205,58,232,170,148,183
218,14,132,173,17,34,162,239,21,130
218,15,74,90,206,170,122,145,212,139
218,16,74,191,172,24,234,62,158,37
218,17,69,161,244,233,210,58,140,4
218,18,77,58,54,98,92,224,176,138
218,19,208,115,24,95,180,127,129,62
218,20,53,195,148,100,150,144,233,72
218,21,99,143,135,214,233,74,207,195
218,22,160,245,116,229,148,178,147,223
218,23,80,32,204,111,242,134,141,56
218,24,244,195,10,116,161,51,213,173
218,25,34,208,45,158,58,130,170,95
218,26,132,78,248,130,21,161,17,200
218,27,206,74,139,145,100,122,147,98
218,28,74,191,26,172,173,158,37,125
218,29,161,150,1,69,204,165,158,244
218,30,77,4,64,226,118,91,192,9
218,31,61,95,59,132,124,137,25,125
218,32,33,178,255,47,236,151,7,59
218,33,192,74,81,146,16,12,21,72
218,34,16,247,246,141,211,10,116,235
218,35,202,167,36,11,60,235,197,220
218,36,188,10,110,153,235,78,70,154
218,37,104,124,58,21,35,147,103,22
218,38,148,92,27,212,79,127,118,84
218,39,238,243,38,242,70,248,78,252
219,0,88,95,140,173,112,238,43,200
219,1,181,47,152,172,127,147,118,20
219,2,62,20,218,82,197,186,132,68
219,3,117,233,76,150,119,178,194,190
219,4,9,193,62,5,20,199,0,224
219,5,230,158,87,189,160,239,15,13
219,6,118,160,53,124,89,230,137,7
219,7,145,142,76,136,47,57,155,185
219,8,239,116,237,72,148,245,106,133
219,9,113,53,171,255,1,99,201,200
219,10,215,115,231,122,129,157,22,196
219,11,181,51,111,183,196,149,88,224
219,12,62,220,102,199,53,213,154,39
219,13,6,219,5,145,251,212,168,113
219,14,52,167,204,106,29,214,54,231
219,15,147,165,162,98,206,235,181,228
219,16,170,252,0,72,231,24,181,172
219,17,89,69,5,158,8,1,166,248
219,18,77,226,204,192,159,138,91,22
219,19,59,122,4,30,88,117,212,75
219,20,148,195,53,72,133,239,161,180
219,21,207,99,251,155,1,229,143,117
219,22,236,234,116,157,122,165,132,161
219,23,140,111,60,181,134,80,107,204
219,24,39,220,116,199,191,145,144,24
219,25,6,219,93,208,145,113,35,138
219,26,52,67,204,167,231,54,214,106
219,27,206,110,147,233,162,177,139,98
219,28,72,170,24,47,26,51,20,80
219,29,5,158,89,1,20,26,69,142
219,30,77,226,192,91,16,139,170,221
219,31,59,120,30,137,167,124,226,122
219,32,223,178,206,47,158,60,194,255
219,33,190,81,74,41,40,93,244,16
219,34,116,82,21,1,141,213,252,88
219,35,167,202,244,224,36,214,10,212
219,36,70,129,188,153,74,248,239,181
219,37,104,58,124,147,143,22,57,21
219,38,148,92,27,212,118,127,79,94
219,39,110,243,38,70,12,248,242,78
220,0,124,62,92,144,155,211,162,224
220,1,245,124,32,33,118,185,211,14
220,2,60,49,92,193,253,3,79,255
220,3,199,197,177,25,11,159,243,251
220,4,154,152,98,192,134,94,43,88
220,5,153,251,115,0,120,136,158,62
220,6,82,79,14,209,156,161,49,92
220,7,185,171,35,158,76,142,32,181
220,8,133,72,148,53,220,171,224,207
220,9,207,99,198,229,61,98,85,1
220,10,8,165,122,234,207,9,99,132
220,11,111,153,59,3,85,15,98,181
220,12,39,191,116,208,193,199,220,210
220,13,219,145,113,212,93,6,168,20
220,14,167,52,204,54,67,106,231,214
220,15,248,147,49,162,125,206,195,233
220,16,170,0,230,252,231,190,47,72
220,17,89,158,78,142,15,69,1,236
220,18,226,69,192,77,130,91,204,71
220,19,226,59,30,75,122,19,70,212
220,20,133,171,159,148,195,207,4,224
220,21,207,120,156,229,5,151,1,67
220,22,9,122,157,234,165,116,8,99
220,23,15,111,153,181,85,60,59,195
220,24,39,220,191,47,210,116,166,15
220,25,219,6,155,145,113,93,20,154
220,26,67,52,106,167,86,137,54,214
220,27,248,233,162,177,125,206,49,121
220,28,230,170,72,54,24,51,47,252
220,29,158,89,142,20,236,1,15,166
220,30,226,192,69,91,77,139,250,16
220,31,157,59,226,30,60,51,247,137
220,32,12,146,19,47,195,178,206,255
220,33,74,37,81,56,181,97,75,94
220,34,195,249,212,255,141,72,21,191
220,35,185,136,167,43,36,214,244,202
220,36,125,26,129,153,188,8,74,234
220,37,58,124,22,147,57,21,126,14
220,38,92,87,79,212,127,118,22,175
220,39,189,23,44,251,242,2,70,16
221,0,181,82,107,251,39,68,128,246
221,1,40,209,96,234,222,94,171,92
221,2,149,20,209,252,253,196,46,238
221,3,43,17,255,173,4,169,33,134
221,4,98,159,156,192,154,213,34,89
221,5,174,19,153,159,194,202,251,183
221,6,92,149,79,14,156,52,43,126
221,7,171,76,195,185,35,243,21,158
221,8,173,207,72,61,157,224,80,159
221,9,120,207,198,85,99,229,5,41
221,10,122,68,207,234,132,196,165,99
221,11,64,181,153,111,3,98,255,130
221,12,39,106,193,191,116,220,199,154
221,13,219,164,145,113,230,212,93,15
221,14,204,52,54,106,57,67,161,167
221,15,147,235,248,98,162,49,241,92
221,16,172,149,170,252,72,166,54,117
221,17,89,1,26,69,158,44,161,20
221,18,77,138,226,204,55,69,91,192
221,19,122,237,212,59,88,115,143,75
221,20,195,148,72,133,53,23,161,159
221,21,99,1,120,229,207,251,206,60
221,22,68,122,156,132,148,234,116,165
221,23,64,60,111,181,204,32,239,14
221,24,116,39,106,199,220,163,191,250
221,25,164,145,219,200,45,93,208,138
221,26,204,67,214,52,106,54,38,198
221,27,98,116,147,241,233,206,139,177
221,28,149,72,185,24,20,170,201,152
221,29,26,1,158,89,69,101,65,161
221,30,55,77,91,69,192,45,139,221
221,31,237,59,122,233,212,143,137,88
221,32,224,47,197,255,199,178,206,89
221,33,201,156,81,179,74,217,40,82
221,34,49,217,213,246,181,141,10,33
221,35,224,202,36,167,244,14,10,214
221,36,153,255,188,24,129,74,239,10
221,37,124,50,58,22,14,103,64,21
221,38,92,146,212,127,118,79,175,148
221,39,189,70,85,2,78,213,177,13
222,0,109,81,254,208,24,139,191,217
222,1,236,149,51,9,226,89,193,167
222,2,193,221,223,216,3,77,253,184
222,3,196,154,43,36,69,255,199,25
222,4,160,175,243,154,90,159,213,132
222,5,153,251,77,58,50,19,0,120
222,6,168,171,149,79,102,209,12,177
222,7,185,175,38,35,76,142,245,78
222,8,148,53,72,133,23,16,59,224
222,9,99,207,1,251,44,255,229,161
222,10,59,132,234,122,146,156,116,148
222,11,60,37,70,141,204,71,32,201
222,12,208,163,166,116,39,157,145,161
222,13,19,212,13,93,219,45,145,230
222,14,204,231,106,44,96,54,67,214
222,15,147,12,98,235,238,4,92,95
222,16,53,102,72,252,172,51,59,170
222,17,89,1,69,62,158,152,19,54
222,18,138,204,77,91,55,219,66,226
222,19,212,122,247,47,59,88,143,30
222,20,195,148,133,72,23,53,171,224
222,21,1,207,251,229,99,198,67,60
222,22,122,59,156,116,234,132,146,225
222,23,60,70,71,181,164,141,14,37
222,24,166,39,55,163,210,157,167,116
222,25,219,13,230,93,145,19,137,0
222,26,204,196,67,214,52,106,231,167
222,27,12,147,35,116,98,233,130,79
222,28,53,72,56,138,59,20,24,152
222,29,89,1,19,158,62,54,69,20
222,30,91,66,55,139,192,77,219,130
222,31,247,212,59,122,143,229,226,219
222,32,144,14,47,173,19,255,235,197
222,33,47,74,84,81,68,103,203,82
222,34,128,18,94,11,103,181,246,213
222,35,36,14,167,244,202,10,11,131
222,36,153,188,44,74,48,129,10,158
222,37,124,58,162,22,14,89,219,134
222,38,92,127,118,212,79,175,185,94
222,39,189,77,70,219,2,44,197,188
223,0,211,62,174,75,231,139,191,70
223,1,235,193,236,141,123,14,52,69
223,2,80,3,111,207,184,40,238,223
223,3,196,43,149,69,25,79,109,243
223,4,243,175,28,44,148,221,121,43
223,5,153,50,58,251,0,19,22,155
223,6,12,210,26,149,171,30,249,79
223,7,185,175,38,245,76,142,81,57
223,8,195,72,148,133,53,16,23,59
223,9,99,1,207,44,229,161,198,143
223,10,242,132,122,148,234,217,165,156
223,11,218,32,204,60,220,44,222,111
223,12,208,157,116,39,161,163,176,239
223,13,13,45,145,212,219,19,47,93
223,14,204,253,52,54,106,231,160,44
223,15,147,98,235,213,139,92,12,165
223,16,190,172,117,102,252,72,51,53
223,17,1,62,69,89,21,44,158,20
223,18,138,130,77,204,91,209,226,176
223,19,122,212,85,88,143,59,144,75
223,20,195,72,148,133,121,53,23,171
223,21,229,207,1,251,99,60,98,154
223,22,242,122,156,132,148,234,116,147
223,23,60,218,220,59,222,63,204,85
223,24,39,11,116,157,50,163,210,220
223,25,13,145,45,219,101,19,230,0
223,26,204,196,214,137,52,198,231,106
223,27,28,147,98,177,169,49,249,233
223,28,72,193,190,102,24,117,47,170
223,29,158,19,21,88,1,20,62,89
223,30,197,192,91,63,162,232,226,250
223,31,59,183,30,85,122,88,226,212
223,32,123,19,47,86,179,255,85,109
223,33,139,95,74,68,84,102,162,81
223,34,191,195,94,240,44,238,72,48
223,35,36,114,167,191,190,14,148,97
223,36,26,153,92,142,227,19,188,74
223,37,58,229,22,78,124,123,16,238
223,38,92,0,118,119,127,87,143,215
223,39,189,44,197,99,129,122,70,251
224,0,101,35,34,197,79,179,48,9
224,1,155,62,75,151,27,20,97,47
224,2,90,210,109,164,253,130,14,158
224,3,37,252,130,230,235,77,119,183
224,4,15,102,154,142,241,222,160,87
224,5,153,188,251,186,202,170,158,155
224,6,79,149,14,52,196,126,43,156
224,7,185,76,171,23,35,169,36,14
224,8,239,35,116,164,207,180,72,83
224,9,203,29,207,161,197,85,198,94
224,10,196,122,207,234,132,198,169,178
224,11,42,98,111,255,3,107,60,147
224,12,39,220,116,193,15,128,157,11
224,13,219,66,154,93,145,45,29,130
224,14,52,106,54,64,204,51,167,159
224,15,147,162,165,213,148,87,181,98
224,16,170,252,172,51,72,250,189,152
224,17,89,20,1,115,44,109,124,69
224,18,204,197,77,43,226,192,161,138
224,19,122,30,75,59,26,88,109,20
224,20,195,72,180,148,185,191,164,239
224,21,207,203,131,161,197,88,177,230
224,22,234,165,196,116,132,207,160,198
224,23,80,60,107,111,62,3,34,128
224,24,220,39,15,193,238,84,3,81
224,25,219,13,45,93,204,130,37,66
224,26,137,86,67,214,204,231,51,52
224,27,147,177,162,165,169,3,181,98
224,28,72,47,24,5,170,26,74,43
224,29,250,1,89,87,20,69,158,166
224,30,197,155,16,170,44,226,77,91
224,31,109,191,205,4,183,59,39,122
224,32,90,98,47,178,255,247,49,134
224,33,126,86,83,238,140,9,183,99
224,34,1,116,96,21,207,35,91,252
224,35,160,235,36,57,197,130,14,245
224,36,165,233,75,171,232,70,101,191
224,37,65,61,51,19,86,232,123,24
224,38,237,18,117,138,159,193,21,252
224,39,228,235,10,173,174,81,222,80
225,0,141,235,208,115,221,81,253,158
225,1,62,217,155,152,182,70,82,197
225,2,109,95,154,167,106,128,127,43
225,3,117,219,230,26,119,190,118,233
225,4,102,165,15,142,45,54,245,224
225,5,90,43,188,135,153,127,65,158
225,6,79,14,156,157,138,43,182,196
225,7,117,23,185,171,76,229,64,78
225,8,116,239,180,35,164,4,57,99
225,9,203,116,191,197,2,41,59,161
225,10,196,198,157,122,234,125,88,185
225,11,128,111,42,98,206,233,62,108
225,12,193,220,93,39,74,128,15,60
225,13,134,154,29,219,32,6,74,176
225,14,51,52,86,125,47,137,167,88
225,15,162,148,172,147,165,181,58,242
225,16,170,134,231,5,252,174,0,43
225,17,89,250,87,198,0,20,15,166
225,18,204,197,170,43,124,226,161,163
225,19,116,109,191,205,20,195,19,226
225,20,239,99,207,4,164,180,179,137
225,21,191,203,116,207,239,127,2,197
225,22,198,157,247,125,169,65,234,236
225,23,111,128,62,189,42,107,162,206
225,24,220,93,15,74,39,54,26,235
225,25,134,147,154,253,6,93,32,219
225,26,86,51,52,88,137,124,214,204
225,27,162,58,172,181,165,147,232,31
225,28,43,5,170,24,72,47,55,51
225,29,87,5,250,0,1,89,20,69
225,30,197,170,163,43,16,179,226,77
225,31,116,109,205,4,20,59,167,191
225,32,119,90,223,47,178,134,255,185
225,33,93,83,86,129,183,238,92,215
225,34,82,1,96,132,252,207,186,21
225,35,36,160,57,235,167,84,14,27
225,36,222,153,70,20,120,248,188,192
225,37,39,229,58,143,124,86,215,175
225,38,64,151,237,175,67,62,249,92
225,39,186,190,127,189,11,22,169,235
226,0,38,54,167,193,238,112,44,94
226,1,62,140,217,122,105,103,117,201
226,2,217,154,167,106,127,209,153,173
226,3,26,230,233,12,91,183,117,73
226,4,120,144,20,174,159,187,184,130
226,5,239,50,153,159,58,220,0,188
226,6,12,237,30,26,98,14,210,7
226,7,175,185,245,142,5,81,227,47
226,8,53,195,72,148,133,35,59,239
226,9,99,1,203,229,116,179,143,150
226,10,148,217,61,132,126,156,29,147
226,11,239,32,42,204,111,60,230,253
226,12,10,220,163,53,116,88,2,161
226,13,34,212,58,208,112,45,145,248
226,14,132,204,21,44,54,191,248,164
226,15,235,147,139,98,92,74,141,124
226,16,172,191,112,104,160,203,234,117
226,17,69,44,161,109,192,152,1,233
226,18,77,138,92,224,204,241,99,83
226,19,212,180,122,115,99,24,95,246
226,20,195,53,148,72,161,133,113,248
226,21,99,1,38,143,214,229,252,60
226,22,148,217,147,172,160,156,254,162
226,23,32,80,239,204,193,226,63,111
226,24,220,161,176,244,239,48,116,13
226,25,34,45,208,58,211,145,212,136
226,26,204,132,253,21,0,55,57,248
226,27,98,147,139,235,92,195,124,1
226,28,172,191,117,158,104,26,112,47
226,29,161,69,1,44,5,192,152,109
226,30,77,138,197,44,225,226,92,155
226,31,212,122,59,88,167,95,115,180
226,32,223,255,178,241,47,119,104,236
226,33,93,85,74,190,86,83,192,110
226,34,186,1,246,10,116,82,252,132
226,35,36,14,202,167,235,11,160,218
226,36,153,188,70,154,248,181,158,245
226,37,58,22,238,39,124,143,52,103
226,38,92,148,118,127,175,168,212,71
226,39,189,248,38,2,70,154,69,252
227,0,140,43,238,112,173,200,95,30
227,1,62,217,140,146,70,155,181,39
227,2,217,167,43,121,154,11,20,106
227,3,117,233,26,236,230,226,43,119
227,4,54,45,245,193,144,120,165,205
227,5,90,188,43,135,248,166,184,230
227,6,65,14,157,182,143,138,43,68
227,7,70,117,185,176,78,229,47,204
227,8,239,35,173,104,116,179,23,137
227,9,171,203,191,197,113,116,255,224
227,10,157,88,196,125,183,39,27,65
227,11,39,111,181,239,42,98,162,47
227,12,220,193,154,0,62,16,199,93
227,13,112,29,138,212,103,44,145,219
227,14,86,52,204,93,106,231,167,214
227,15,162,147,172,166,191,165,98,46
227,16,181,231,170,252,72,26,47,0
227,17,5,1,89,69,166,44,20,8
227,18,77,197,204,226,170,91,138,22
227,19,122,212,59,109,88,205,115,167
227,20,195,239,148,72,35,133,23,53
227,21,116,1,99,229,191,203,207,60
227,22,236,157,132,88,156,116,34,165
227,23,39,111,60,42,239,63,98,107
227,24,220,116,39,93,43,176,154,254
227,25,145,45,138,112,29,212,208,6
227,26,204,86,52,214,51,132,54,67
227,27,98,147,172,162,165,169,139,235
227,28,43,72,47,24,117,96,26,170
227,29,5,1,69,250,89,152,87,222
227,30,77,170,91,71,197,226,225,16
227,31,59,122,212,167,88,109,115,143
227,32,223,47,255,158,119,90,178,247
227,33,190,83,232,86,81,183,82,74
227,34,116,1,246,10,186,252,207,56
227,35,36,14,167,235,202,160,218,129
227,36,153,70,188,181,248,120,158,129
227,37,58,22,124,143,238,52,190,103
227,38,92,148,118,71,127,175,212,189
227,39,2,189,248,38,70,69,213,252
228,0,172,63,66,188,111,144,92,186
228,1,198,124,91,128,187,19,242,118
228,2,188,60,49,255,11,58,217,87
228,3,30,92,202,116,177,157,199,148
228,4,98,54,88,94,112,71,152,37
228,5,11,27,144,2,153,169,249,147
228,6,52,14,183,55,73,166,172,42
228,7,56,185,171,76,181,32,158,108
228,8,173,35,65,207,164,4,86,57
228,9,156,215,207,98,120,197,198,148
228,10,24,114,72,196,132,157,9,84
228,11,247,255,210,27,114,98,130,153
228,12,43,191,155,193,116,39,154,15
228,13,113,29,219,38,145,22,235,112
228,14,86,93,167,204,96,231,106,47
228,15,203,147,191,71,162,169,110,3
228,16,181,170,47,231,72,32,54,119
228,17,89,197,218,236,1,8,69,198
228,18,77,159,91,22,69,226,71,138
228,19,59,122,88,115,212,199,30,70
228,20,195,148,65,35,72,133,53,4
228,21,215,99,156,1,229,207,120,239
228,22,157,132,165,24,9,156,116,236
228,23,247,130,195,27,249,60,111,114
228,24,116,191,39,43,220,154,15,176
228,25,145,45,208,29,204,219,113,211
228,26,204,132,96,44,67,86,52,180
228,27,98,203,147,139,235,177,169,249
228,28,47,72,54,24,231,191,117,26
228,29,1,218,69,236,102,89,222,152
228,30,77,91,69,225,138,71,175,204
228,31,59,212,122,233,88,115,143,95
228,32,195,255,47,247,221,194,236,178
228,33,97,37,217,6,244,94,96,81
228,34,246,212,255,10,188,19,54,187
228,35,196,14,202,36,167,129,11,44
228,36,153,188,234,0,8,154,239,78
228,37,22,52,199,238,219,103,124,220
228,38,22,175,127,118,79,189,212,86
228,39,16,70,23,145,30,68,252,116
229,0,136,78,89,241,56,18,68,153
229,1,234,6,165,40,186,228,160,96
229,2,56,84,201,178,54,173,112,225
229,3,148,150,119,194,15,105,111,17
229,4,37,253,98,152,156,172,79,89
229,5,153,174,202,170,50,144,27,58
229,6,52,194,55,43,204,26,16,154
229,7,185,240,47,175,111,76,5,169
229,8,157,148,195,53,72,133,80,85
229,9,1,99,120,229,207,215,179,143
229,10,68,12,132,126,148,61,234,116
229,11,64,130,239,98,32,60,111,78
229,12,157,116,10,154,163,176,43,161
229,13,42,145,208,212,34,112,58,45
229,14,204,132,253,180,21,54,44,248
229,15,235,98,139,147,195,74,92,117
229,16,172,191,104,181,112,117,183,160
229,17,44,69,185,161,1,192,152,233
229,18,77,138,92,91,241,152,224,83
229,19,122,212,115,180,59,88,101,233
229,20,195,148,53,72,157,106,161,246
229,21,99,1,229,228,143,60,193,148
229,22,148,68,172,147,12,132,156,217
229,23,64,32,130,60,63,204,98,239
229,24,116,176,106,244,161,173,251,39
229,25,211,42,208,45,145,34,212,136
229,26,204,132,0,44,200,253,166,30
229,27,98,139,235,116,147,92,195,206
229,28,172,191,117,72,47,183,201,247
229,29,185,69,1,161,44,102,152,192
229,30,77,72,138,45,225,91,44,156
229,31,212,122,59,233,143,88,115,95
229,32,224,255,197,47,236,241,104,206
229,33,63,156,217,18,81,82,110,72
229,34,152,246,54,10,213,188,37,244
229,35,14,36,202,196,129,11,171,224
229,36,188,153,239,24,154,10,251,78
229,37,219,50,52,22,199,103,238,124
229,38,175,146,118,127,239,79,212,189
229,39,85,13,70,177,116,30,25,34
230,0,36,241,135,108,57,88,61,182
230,1,101,192,254,11,140,193,182,233
230,2,8,201,36,56,182,84,115,77
230,3,106,226,69,29,126,110,151,196
230,4,253,240,28,129,45,171,5,90
230,5,58,153,50,146,87,182,142,218
230,6,255,43,182,210,52,30,25,171
230,7,185,175,240,78,245,47,183,76
230,8,195,72,148,133,53,85,23,179
230,9,69,180,1,99,229,152,143,6
230,10,88,132,12,126,148,217,86,147
230,11,39,63,32,188,239,98,19,99
230,12,157,116,161,163,145,10,164,176
230,13,112,42,212,145,45,103,211,183
230,14,204,253,54,55,107,164,214,0
230,15,98,235,147,36,46,139,195,243
230,16,172,124,117,61,247,112,160,126
230,17,185,69,44,1,152,198,161,233
230,18,77,170,122,138,92,156,176,18
230,19,122,212,180,115,143,166,88,164
230,20,195,72,148,53,133,225,23,106
230,21,69,99,1,180,60,229,143,48
230,22,148,126,147,88,217,156,12,172
230,23,39,32,63,239,204,19,99,60
230,24,163,13,169,244,239,120,161,151
230,25,208,34,45,112,212,211,42,138
230,26,204,253,132,200,55,0,248,166
230,27,98,139,147,235,46,92,141,166
230,28,172,124,191,104,61,160,117,158
230,29,161,69,44,152,192,198,185,233
230,30,77,138,92,170,169,44,122,176
230,31,212,180,122,50,143,115,95,166
230,32,60,241,104,255,2,132,121,219
230,33,110,33,50,229,130,63,108,220
230,34,123,244,93,218,254,37,211,27
230,35,14,202,53,11,79,87,171,36
230,36,188,154,135,153,78,2,158,10
230,37,1,219,52,199,104,103,129,89
230,38,175,239,60,122,27,225,109,198
230,39,110,187,184,96,195,150,252,243
231,0,70,211,191,75,236,139,77,254
231,1,167,91,187,193,254,191,118,25
231,2,170,223,32,216,91,143,187,188
231,3,56,93,196,69,126,243,212,224
231,4,28,140,175,134,253,147,233,46
231,5,71,22,0,164,58,108,60,154
231,6,30,12,249,210,72,113,168,26
231,7,175,39,245,75,142,38,183,166
231,8,53,148,72,195,133,121,59,123
231,9,99,1,134,221,90,97,28,243
231,10,148,217,172,135,147,242,86,245
231,11,32,218,239,63,237,204,44,117
231,12,10,13,38,239,50,240,199,208
231,13,34,180,212,20,58,215,248,170
231,14,57,17,132,0,204,21,164,68
231,15,92,235,141,139,28,147,6,124
231,16,172,191,112,104,176,160,234,82
231,17,69,161,44,192,209,152,164,116
231,18,77,92,138,129,241,239,209,224
231,19,180,24,99,212,144,115,114,125
231,20,195,53,72,148,172,133,165,84
231,21,99,1,32,60,214,229,48,228
231,22,148,172,217,135,147,242,254,78
231,23,32,218,63,166,237,204,99,117
231,24,50,240,158,239,38,161,119,244
231,25,34,0,208,45,248,20,212,215
231,26,132,204,0,57,17,55,253,196
231,27,139,235,98,141,92,28,147,12
231,28,172,234,254,158,191,59,102,160
231,29,69,44,161,19,60,192,1,185
231,30,77,138,92,129,116,151,225,44
231,31,49,212,122,99,180,59,85,95
231,32,255,19,109,123,241,14,57,104
231,33,61,110,47,229,102,162,139,84
231,34,121,13,18,246,152,11,166,218
231,35,14,36,202,129,53,114,142,196
231,36,26,153,188,154,158,78,25,252
231,37,100,52,132,199,238,219,127,1
231,38,175,122,217,61,132,143,239,190
231,39,174,176,235,32,219,57,169,6
232,0,130,179,145,79,213,119,91,197
232,1,139,64,87,123,254,59,106,216
232,2,37,25,175,40,225,164,88,31
232,3,126,59,142,161,69,212,196,205
232,4,241,253,131,181,129,151,230,90
232,5,58,71,22,50,139,0,108,103
232,6,30,249,255,210,12,26,113,237
232,7,175,185,75,39,245,26,68,183
232,8,195,148,53,72,133,59,23,85
232,9,69,1,99,229,143,28,68,60
232,10,148,172,147,137,70,217,86,132
232,11,32,174,63,218,178,239,204,44
232,12,157,10,160,116,38,240,50,161
232,13,45,145,211,212,20,34,215,208
232,14,204,132,253,164,44,196,54,158
232,15,235,98,147,28,92,139,195,130
232,16,172,117,104,72,191,82,25,254
232,17,44,69,1,225,192,21,185,152
232,18,138,77,92,83,151,91,209,129
232,19,122,212,144,59,88,115,48,99
232,20,195,148,72,133,53,121,171,23
232,21,1,69,229,99,60,193,254,143
232,22,148,137,132,156,147,172,12,135
232,23,174,32,63,44,37,98,60,218
232,24,157,50,116,166,38,39,199,176
232,25,145,211,42,0,45,101,20,183
232,26,204,44,86,96,166,203,132,231
232,27,23,98,130,28,147,235,12,169
232,28,72,47,102,219,56,117,24,82
232,29,1,19,185,225,125,88,222,69
232,30,151,91,232,77,225,72,162,66
232,31,59,88,85,212,183,122,49,144
232,32,255,14,47,57,179,19,236,235
232,33,126,47,139,104,143,162,11,81
232,34,18,246,152,10,121,11,44,91
232,35,14,36,129,114,202,44,196,191
232,36,153,26,188,2,44,154,158,142
232,37,162,22,238,52,219,199,103,124
232,38,175,118,127,217,132,239,212,79
232,39,77,99,70,219,116,30,44,174
233,0,62,211,174,58,139,75,231,180
233,1,30,193,141,80,254,123,23,52
233,2,207,225,40,134,111,161,31,56
233,3,161,126,15,245,196,69,193,121
233,4,148,253,140,28,44,221,90,175
233,5,50,58,22,153,0,164,210,111
233,6,30,12,210,249,26,237,203,161
233,7,175,185,38,75,245,39,240,26
233,8,195,53,148,72,133,59,16,106
233,9,99,1,229,143,243,207,97,221
233,10,242,148,132,137,12,217,172,126
233,11,220,32,174,63,222,164,218,239
233,12,157,116,10,208,161,160,176,6
233,13,212,145,45,34,211,58,208,183
233,14,204,253,164,44,132,54,21,158
233,15,98,235,147,92,195,139,28,191
233,16,172,190,117,72,193,112,104,82
233,17,21,44,1,69,152,225,125,185
233,18,77,138,151,91,130,204,250,92
233,19,122,212,85,88,59,144,143,115
233,20,195,148,72,133,23,185,171,57
233,21,1,229,60,99,98,143,207,193
233,22,137,242,132,148,156,12,147,172
233,23,220,174,98,60,44,218,59,173
233,24,157,116,11,128,39,50,160,15
233,25,145,101,211,19,45,183,42,140
233,26,204,86,44,96,203,132,231,198
233,27,98,249,28,169,147,1,235,3
233,28,193,72,102,190,47,24,219,117
233,29,1,21,88,125,225,185,222,62
233,30,232,91,225,162,77,63,250,50
233,31,59,88,183,85,122,95,228,212
233,32,123,179,255,236,47,254,125,247
233,33,95,139,143,104,162,11,132,234
233,34,44,240,10,246,238,67,72,191
233,35,148,129,36,190,202,74,235,14
233,36,188,153,142,227,154,26,115,92
233,37,78,22,238,27,199,213,103,52
233,38,119,118,251,215,127,175,80,239
233,39,122,158,244,70,252,165,72,139
234,0,233,117,226,171,128,11,80,153
234,1,120,43,13,66,169,81,133,57
234,2,164,22,107,70,90,14,169,212
234,3,91,148,15,252,128,35,221,34
234,4,228,8,139,55,152,37,119,253
234,5,61,27,153,58,202,146,114,142
234,6,90,52,55,154,204,43,125,237
234,7,181,185,131,240,108,44,199,172
234,8,112,164,212,148,195,65,57,72
234,9,178,215,207,85,229,120,98,19
234,10,163,132,12,24,108,34,218,26
234,11,142,98,18,20,255,174,247,239
234,12,43,67,160,157,116,10,164,39
234,13,29,145,116,200,183,219,208,45
234,14,204,38,132,44,180,244,158,67
234,15,235,99,147,169,74,139,36,98
234,16,54,72,96,191,47,181,172,183
234,17,1,88,69,8,218,44,60,236
234,18,77,91,6,22,232,63,225,83
234,19,59,88,122,115,199,212,233,108
234,20,148,195,53,112,72,233,171,237
234,21,178,99,229,215,254,1,206,48
234,22,163,132,148,172,34,44,108,116
234,23,142,20,174,60,247,44,32,18
234,24,67,43,116,222,176,10,244,39
234,25,208,145,29,183,34,200,113,211
234,26,204,132,244,96,73,44,38,180
234,27,99,139,98,249,235,169,1,213
234,28,54,72,183,191,231,96,158,33
234,29,1,204,69,236,125,218,222,161
234,30,77,91,225,71,232,64,6,83
234,31,59,240,199,88,95,122,221,135
234,32,89,17,255,236,47,247,18,210
234,33,105,244,107,143,214,81,146,253
234,34,12,10,246,81,252,56,58,220
234,35,132,129,167,36,202,235,94,14
234,36,253,188,152,153,246,248,118,154
234,37,22,161,135,158,238,103,60,67
234,38,127,118,30,9,234,136,175,66
234,39,246,250,1,92,248,203,70,252
235,0,210,144,234,111,172,92,186,232
235,1,193,198,95,217,195,251,3,14
235,2,92,150,13,159,110,253,217,15
235,3,30,126,201,252,177,22,251,15
235,4,152,133,94,228,140,43,71,189
235,5,61,58,0,210,50,153,115,111
235,6,12,235,90,92,154,125,26,30
235,7,181,185,75,131,245,183,142,132
235,8,148,195,159,53,72,85,233,133
235,9,99,120,229,1,143,28,207,215
235,10,9,132,126,34,218,148,44,207
235,11,153,130,142,32,248,3,97,207
235,12,116,222,3,10,6,250,176,119
235,13,145,116,183,34,208,100,58,209
235,14,204,132,0,252,180,166,67,54
235,15,248,235,92,36,139,132,141,98
235,16,54,183,137,158,191,172,149,169
235,17,69,161,236,44,60,1,192,204
235,18,77,69,83,91,45,63,225,6
235,19,233,59,51,122,221,248,88,115
235,20,53,148,159,195,72,171,161,152
235,21,99,120,229,143,134,228,90,96
235,22,9,148,172,132,34,126,44,218
235,23,153,130,142,66,32,60,15,40
235,24,106,116,67,244,6,10,173,213
235,25,208,200,34,145,183,37,116,211
235,26,132,204,252,73,38,248,83,21
235,27,139,241,248,1,213,36,98,99
235,28,54,183,185,191,230,149,169,158
235,29,161,1,204,65,236,69,47,102
235,30,77,45,69,64,225,91,83,6
235,31,233,51,59,240,95,88,248,122
235,32,146,195,199,236,194,255,7,247
235,33,75,97,37,94,189,81,146,196
235,34,187,246,212,54,19,255,10,211
235,35,202,129,220,244,11,49,36,56
235,36,188,234,8,154,153,0,134,119
235,37,22,103,199,219,238,52,213,220
235,38,127,22,118,102,59,189,230,79
235,39,16,34,145,30,116,70,252,23
236,0,70,211,62,222,223,207,28,231
236,1,153,193,48,59,132,14,42,125
236,2,193,3,216,143,120,194,95,228
236,3,243,197,56,16,36,126,229,157
236,4,175,134,152,28,132,189,140,43
236,5,164,58,0,250,111,60,75,19
236,6,12,168,30,102,125,26,212,237
236,7,38,246,75,175,26,3,185,132
236,8,53,148,72,121,59,161,248,133
236,9,99,134,90,1,28,101,229,150
236,10,242,172,148,146,226,116,147,182
236,11,218,97,32,134,211,201,60,44
236,12,10,38,116,76,119,51,50,104
236,13,34,19,208,145,0,14,170,183
236,14,132,204,21,211,193,252,162,54
236,15,235,139,147,74,12,206,238,98
236,16,172,183,191,53,59,102,169,104
236,17,69,161,44,19,62,192,47,215
236,18,77,209,83,138,92,219,176,72
236,19,99,115,221,95,246,180,122,247
236,20,148,53,195,72,133,248,171,68
236,21,99,67,214,1,228,229,117,134
236,22,242,148,146,172,226,109,86,132
236,23,218,93,32,164,248,60,44,157
236,24,166,119,10,55,76,116,210,173
236,25,208,137,71,183,19,34,0,91
236,26,132,211,204,227,115,248,73,252
236,27,139,28,206,99,1,235,158,10
236,28,53,158,56,183,191,169,197,176
236,29,19,161,204,62,69,1,47,60
236,30,151,77,225,83,64,143,45,209
236,31,83,95,59,85,99,247,70,88
236,32,144,14,109,123,85,57,236,255
236,33,84,68,139,81,146,102,59,162
236,34,11,18,143,211,246,10,121,73
236,35,202,129,117,220,114,36,11,254
236,36,188,79,44,26,153,154,78,57
236,37,162,22,103,196,219,199,213,237
236,38,132,127,118,59,230,79,217,32
236,39,99,77,116,44,70,30,252,224
237,0,70,174,211,13,139,159,178,116
237,1,23,141,193,80,91,17,30,232
237,2,234,98,122,155,238,50,90,232
237,3,179,92,22,163,201,45,126,243
237,4,221,148,175,134,189,140,44,89
237,5,164,0,58,99,111,19,250,172
237,6,12,57,39,30,240,125,219,26
237,7,223,38,3,183,85,175,142,246
237,8,53,148,72,195,59,133,233,121
237,9,99,1,28,90,134,229,79,97
237,10,148,172,19,242,147,226,86,245
237,11,218,32,164,220,222,193,44,46
237,12,10,38,104,116,250,119,208,50
237,13,34,145,19,208,183,170,115,45
237,14,132,204,158,252,211,200,253,21
237,15,235,28,139,33,141,70,92,74
237,16,172,191,183,193,158,104,197,176
237,17,69,161,192,44,164,21,209,1
237,18,77,83,151,138,225,152,64,91
237,19,85,144,115,95,99,59,238,24
237,20,53,148,195,72,171,237,161,158
237,21,99,1,143,229,248,228,233,98
237,22,172,148,19,242,86,245,132,147
237,23,218,201,220,32,193,223,164,123
237,24,10,11,119,116,244,173,128,176
237,25,208,71,183,45,34,19,37,136
237,26,132,204,158,163,248,201,44,115
237,27,1,28,235,139,98,33,147,227
237,28,193,183,102,26,72,158,191,219
237,29,88,21,164,1,94,161,61,44
237,30,77,162,225,232,63,91,152,204
237,31,59,88,95,85,183,122,212,34
237,32,123,109,125,255,179,236,254,86
237,33,234,132,95,104,162,102,51,143
237,34,44,240,10,238,246,67,23,220
237,35,202,148,53,74,190,14,129,254
237,36,188,154,115,142,227,153,39,78
237,37,213,22,199,27,78,238,103,52
237,38,119,118,215,127,169,251,239,135
237,39,122,158,117,252,70,129,244,254
238,0,141,235,61,208,221,253,115,190
238,1,93,155,47,244,62,46,68,197
238,2,210,249,17,164,103,4,109,88
238,3,235,37,187,231,133,31,152,77
238,4,236,142,222,102,13,15,95,67
238,5,186,193,90,104,47,58,204,50
238,6,153,167,12,154,43,125,52,237
238,7,185,23,29,78,175,108,64,199
238,8,116,195,89,72,234,148,133,239
238,9,94,29,126,116,215,99,164,191
238,10,169,130,198,248,148,132,12,86
238,11,189,98,233,32,161,107,111,60
238,12,63,15,93,74,26,157,128,160
238,13,43,147,45,219,145,139,212,154
238,14,204,20,124,51,86,54,161,184
238,15,147,235,98,81,200,162,181,92
238,16,5,172,117,151,196,72,250,156
238,17,250,44,172,1,69,76,89,20
238,18,179,0,57,138,77,187,50,204
238,19,122,116,109,130,12,212,20,88
238,20,195,234,239,179,33,180,56,237
238,21,126,29,116,164,94,191,1,131
238,22,169,198,130,113,23,147,132,248
238,23,189,161,98,111,36,17,249,32
238,24,63,74,26,15,160,93,44,39
238,25,147,43,45,134,61,211,130,97
238,26,20,204,86,148,51,124,147,184
238,27,200,98,147,81,235,162,181,1
238,28,43,133,5,151,117,72,24,156
238,29,76,250,87,172,1,57,0,125
238,30,179,163,77,187,91,44,225,156
238,31,116,109,205,59,12,122,88,4
238,32,119,181,223,90,255,178,47,247
238,33,93,86,83,129,183,238,210,215
238,34,82,132,1,62,96,74,10,246
238,35,27,160,36,57,235,202,72,167
238,36,222,70,192,153,20,188,129,248
238,37,39,229,58,19,2,80,70,86
238,38,64,202,134,82,67,237,143,239
238,39,186,190,11,154,133,189,248,234
239,0,38,54,167,193,44,112,94,238
239,1,46,47,105,122,137,58,246,25
239,2,121,128,145,53,19,176,54,104
239,3,26,230,233,143,117,78,119,118
239,4,144,67,245,81,163,145,179,95
239,5,90,188,47,43,109,193,176,239
239,6,215,60,153,167,52,173,43,141
239,7,176,117,70,23,185,76,54,78
239,8,239,116,33,104,73,137,179,173
239,9,126,191,116,113,85,84,224,131
239,10,248,115,36,167,166,13,49,157
239,11,233,133,98,36,249,111,112,148
239,12,93,164,74,44,85,63,212,113
239,13,33,139,145,142,29,44,6,15
239,14,147,86,204,57,93,47,54,200
239,15,166,191,147,235,98,195,92,162
239,16,156,151,72,172,181,170,24,231
239,17,5,1,69,57,110,44,166,89
239,18,77,128,138,226,91,187,192,204
239,19,122,12,115,59,212,120,88,205
239,20,195,148,239,72,33,53,133,234
239,21,126,116,99,207,1,191,229,143
239,22,236,248,161,132,147,148,157,156
239,23,36,140,42,111,60,133,32,98
239,24,116,93,220,39,43,44,3,199
239,25,33,145,6,45,15,208,29,142
239,26,204,147,86,132,90,166,106,214
239,27,98,235,147,162,37,169,102,200
239,28,156,43,72,47,24,151,117,5
239,29,5,1,57,69,172,110,250,76
239,30,91,77,179,187,44,71,138,225
239,31,12,59,122,88,212,109,116,240
239,32,223,245,255,119,47,247,158,96
239,33,232,93,86,190,73,183,238,83
239,34,116,10,62,186,246,252,1,56
239,35,36,235,167,202,218,160,14,224
239,36,188,70,153,181,248,129,120,246
239,37,58,22,67,39,143,238,163,103
239,38,92,148,118,127,12,175,254,212
239,39,189,248,70,238,38,2,252,92
240,0,140,43,112,238,173,200,30,95
240,1,46,47,137,181,249,188,20,74
240,2,121,186,140,20,165,54,128,200
240,3,26,233,117,230,252,236,210,119
240,4,245,144,193,246,145,179,199,62
240,5,145,239,220,90,230,255,85,248
240,6,118,230,98,160,81,96,7,89
240,7,142,175,176,185,47,106,22,245
240,8,148,195,53,72,239,59,106,85
240,9,99,1,126,113,229,53,150,179
240,10,115,29,148,217,76,126,93,21
240,11,42,32,181,239,183,204,111,41
240,12,10,212,213,2,116,104,51,176
240,13,34,58,208,145,170,212,205,45
240,14,132,204,21,173,158,162,248,34
240,15,74,235,147,145,139,206,90,141
240,16,172,191,74,104,25,24,151,176
240,17,69,44,161,192,210,233,244,196
240,18,77,138,92,224,58,54,176,64
240,19,95,115,180,208,24,122,127,212
240,20,195,53,148,72,85,118,202,143
240,21,99,1,143,233,229,214,225,150
240,22,148,149,147,160,172,245,223,190
240,23,80,105,121,32,140,194,117,173
240,24,244,10,116,161,195,149,14,176
240,25,34,45,208,58,170,136,158,83
240,26,132,204,21,130,253,17,163,252
240,27,139,98,1,147,235,134,206,145
240,28,172,26,191,209,74,158,117,183
240,29,150,1,161,44,69,192,152,5
240,30,77,225,138,4,64,83,91,97
240,31,122,212,95,59,88,115,12,133
240,32,255,223,158,236,245,247,178,47
240,33,190,41,232,217,81,86,105,57
240,34,116,246,10,161,97,56,82,252
240,35,202,36,14,224,11,244,220,235
240,36,188,153,70,129,134,181,154,78
240,37,58,22,238,67,39,199,103,124
240,38,92,148,118,127,71,175,212,12
240,39,189,248,70,2,38,69,213,252
241,0,172,63,66,111,188,144,92,202
241,1,198,124,91,187,128,86,191,193
241,2,255,60,188,219,49,110,80,134
241,3,30,92,148,116,202,177,157,95
241,4,98,54,244,94,112,71,152,37
241,5,27,11,144,194,249,153,2,169
241,6,52,55,19,172,73,183,166,43
241,7,185,108,181,76,56,240,171,158
241,8,216,65,173,35,207,57,164,212
241,9,215,120,156,207,85,98,67,126
241,10,161,24,114,132,9,84,0,178
241,11,133,247,130,114,98,255,210,153
241,12,212,43,116,191,157,180,39,98
241,13,145,142,251,2,33,38,219,121
241,14,147,204,86,132,96,200,180,107
241,15,166,235,98,147,37,203,195,139
241,16,156,151,72,172,47,212,181,170
241,17,69,1,44,110,57,236,209,218
241,18,77,138,69,91,226,176,156,22
241,19,122,115,12,59,212,120,143,233
241,20,195,148,53,72,216,65,133,161
241,21,99,215,120,1,207,143,229,239
241,22,161,132,147,156,148,165,86,157
241,23,130,140,247,133,249,32,111,60
241,24,116,212,39,43,154,191,176,161
241,25,145,142,45,33,208,21,15,251
241,26,204,132,147,90,106,180,188,214
241,27,98,235,147,203,177,139,248,45
241,28,47,72,54,156,117,24,231,191
241,29,1,218,69,236,102,44,110,57
241,30,77,69,91,138,175,225,45,97
241,31,59,233,122,88,212,95,115,240
241,32,195,255,245,47,247,194,178,236
241,33,97,217,37,94,6,81,244,96
241,34,246,10,19,212,54,188,187,255
241,35,14,196,202,36,167,11,171,16
241,36,188,153,8,0,129,234,154,78
241,37,22,238,52,199,103,124,220,147
241,38,22,127,118,175,212,86,79,102
241,39,16,70,145,30,23,116,252,34
242,0,136,78,89,56,241,18,68,153
242,1,234,6,186,40,165,228,96,160
242,2,56,84,201,178,54,225,173,112
242,3,148,150,194,105,103,119,162,143
242,4,253,37,152,98,244,28,140,254
242,5,174,153,58,50,68,0,202,146
242,6,52,194,43,19,55,145,12,237
242,7,240,185,47,175,111,24,227,183
242,8,195,148,53,157,216,72,59,85
242,9,99,1,229,28,143,120,179,88
242,10,68,12,148,126,132,86,61,147
242,11,64,32,130,133,60,204,249,78
242,12,212,10,157,213,116,144,232,163
242,13,42,34,208,145,58,21,164,212
242,14,132,204,147,21,248,164,191,253
242,15,235,139,98,74,92,147,124,195
242,16,172,191,151,104,112,200,236,158
242,17,44,69,161,185,233,125,192,116
242,18,77,138,92,224,241,176,140,64
242,19,115,180,122,95,212,24,125,208
242,20,195,148,53,72,161,85,143,152
242,21,99,1,143,53,141,193,150,135
242,22,148,147,217,68,12,223,21,49
242,23,32,64,140,204,173,63,130,243
242,24,161,188,212,142,244,163,13,10
242,25,34,42,208,45,15,58,180,164
242,26,132,204,21,253,78,188,164,166
242,27,98,235,139,147,124,92,116,74
242,28,172,191,149,120,124,104,117,247
242,29,185,161,69,44,1,60,152,192
242,30,77,138,72,92,44,225,122,93
242,31,122,212,143,50,233,180,95,115
242,32,224,255,104,197,241,245,47,89
242,33,63,156,110,217,18,220,81,50
242,34,152,37,123,54,246,10,244,169
242,35,14,202,79,36,131,11,194,53
242,36,188,153,154,239,134,24,10,136
242,37,219,52,50,124,89,215,199,22
242,38,175,146,239,212,118,127,135,102
242,39,85,70,25,252,177,13,243,225
243,0,36,241,135,108,57,88,61,182
243,1,192,101,254,11,140,182,193,143
243,2,8,201,36,56,182,84,115,77
243,3,226,106,126,29,103,196,151,110
243,4,253,140,45,28,171,240,5,133
243,5,58,50,22,87,29,146,153,175
243,6,255,237,98,12,30,7,43,141
243,7,175,240,185,245,176,112,142,39
243,8,195,148,53,72,237,59,133,216
243,9,69,99,180,1,152,229,143,6
243,10,126,148,88,86,12,132,183,217
243,11,39,133,32,63,74,183,188,204
243,12,212,157,144,10,116,163,161,232
243,13,42,145,21,212,112,208,58,45
243,14,204,147,132,107,253,164,166,55
243,15,98,235,46,166,139,92,147,195
243,16,172,124,151,191,156,104,112,247
243,17,44,69,185,161,233,1,152,57
243,18,77,138,92,122,170,176,55,137
243,19,122,180,212,115,50,12,94,164
243,20,195,148,72,53,161,133,150,23
243,21,99,69,1,193,48,143,141,252
243,22,148,147,217,156,126,223,12,21
243,23,32,39,204,63,74,140,60,133
243,24,163,188,161,212,13,169,106,48
243,25,34,45,208,202,112,212,42,145
243,26,204,78,66,253,132,90,164,200
243,27,98,139,46,147,235,92,188,166
243,28,172,124,160,191,104,40,112,87
243,29,69,161,44,152,192,248,156,209
243,30,77,138,92,170,122,176,183,13
243,31,212,180,50,122,143,95,125,115
243,32,60,241,104,255,2,132,128,158
243,33,110,50,229,130,33,63,220,108
243,34,123,37,169,218,244,93,254,247
243,35,202,14,87,79,194,11,53,36
243,36,188,135,153,154,10,136,78,158
243,37,219,89,1,199,52,104,103,59
243,38,175,239,60,198,225,27,122,109
243,39,110,140,187,252,243,96,184,63
244,0,29,211,191,195,75,163,254,120
244,1,167,71,251,14,254,100,55,1
244,2,170,91,143,223,139,32,187,216
244,3,56,196,201,154,22,224,249,126
244,4,134,147,28,175,152,216,140,208
244,5,0,22,71,251,210,64,108,56
244,6,249,30,12,72,102,195,168,210
244,7,142,183,166,175,213,39,75,225
244,8,53,148,72,59,195,172,84,121
244,9,99,134,3,28,1,229,90,32
244,10,148,233,245,217,135,103,109,147
244,11,32,146,37,223,97,24,121,105
244,12,38,10,2,13,50,163,199,47
244,13,34,215,20,0,211,248,203,208
244,14,132,196,44,200,34,66,21,49
244,15,139,74,206,35,18,79,235,145
244,16,172,59,56,10,191,158,254,102
244,17,161,69,44,19,170,10,4,198
244,18,92,138,77,66,129,143,13,52
244,19,67,180,48,206,114,37,212,118
244,20,72,195,53,148,161,171,47,165
244,21,99,1,251,143,32,134,48,60
244,22,109,148,135,20,233,194,106,156
244,23,32,204,146,70,141,135,99,37
244,24,163,240,50,38,173,125,47,244
244,25,203,215,20,0,208,248,202,136
244,26,196,78,144,66,204,105,200,55
244,27,139,188,35,98,18,12,206,112
244,28,172,59,158,254,40,10,234,105
244,29,126,161,69,4,170,152,44,165
244,30,209,77,92,129,138,18,143,13
244,31,83,55,180,157,212,37,67,60
244,32,92,19,144,78,28,173,120,241
244,33,110,161,67,203,72,185,176,250
244,34,13,121,247,249,109,15,37,166
244,35,202,106,194,14,44,87,11,8
244,36,148,188,55,153,79,154,138,10
244,37,219,196,132,244,89,214,199,109
244,38,175,239,197,132,217,242,225,191
244,39,174,173,32,224,252,218,243,142
245,0,159,128,164,26,220,131,29,115
245,1,254,12,173,144,209,208,251,94
245,2,24,74,61,145,148,243,91,161
245,3,163,37,196,216,149,166,93,154
245,4,28,206,134,147,175,208,221,157
245,5,71,0,22,64,56,77,244,251
245,6,249,195,30,72,12,102,91,26
245,7,175,183,245,142,166,33,252,39
245,8,53,72,148,121,59,172,133,213
245,9,99,32,134,1,3,28,229,122
245,10,217,148,146,135,233,116,6,245
245,11,32,97,237,204,37,141,70,71
245,12,50,38,10,23,2,158,163,166
245,13,34,0,13,212,194,208,215,101
245,14,17,132,44,113,196,164,252,34
245,15,12,147,206,74,6,92,98,145
245,16,59,172,191,234,102,53,56,254
245,17,69,161,44,9,19,4,144,233
245,18,77,92,138,66,116,129,195,99
245,19,180,48,67,24,37,208,115,47
245,20,53,72,148,195,172,161,50,171
245,21,99,32,122,143,1,251,58,252
245,22,148,135,20,78,217,116,147,233
245,23,32,204,71,33,37,146,24,141
245,24,163,244,158,50,38,188,239,195
245,25,208,34,203,0,194,215,248,136
245,26,17,132,78,196,204,248,54,21
245,27,139,12,98,235,92,206,35,147
245,28,234,172,191,254,59,158,104,160
245,29,161,69,9,4,44,170,192,152
245,30,116,77,92,129,138,143,66,209
245,31,180,83,212,157,67,95,247,125
245,32,143,144,255,241,19,78,104,173
245,33,203,110,167,67,47,229,81,4
245,34,128,121,13,37,254,109,218,247
245,35,14,202,194,121,87,44,101,114
245,36,188,148,153,135,154,10,137,103
245,37,219,132,1,196,109,144,52,2
245,38,217,175,87,122,242,185,239,197
245,39,174,32,219,173,167,141,224,198
246,0,159,128,164,174,220,70,77,211
246,1,166,206,13,253,214,80,44,4
246,2,74,145,24,215,48,148,111,17
246,3,216,146,163,124,196,86,60,161
246,4,28,175,134,221,206,147,148,100
246,5,22,244,71,0,56,243,77,131
246,6,249,30,72,195,12,102,26,212
246,7,175,245,39,142,38,183,5,225
246,8,53,72,148,133,59,172,121,195
246,9,99,134,1,32,28,90,255,130
246,10,148,135,217,116,134,146,147,156
246,11,32,204,237,218,33,97,222,220
246,12,10,38,50,163,158,199,240,51
246,13,34,215,58,248,208,180,14,145
246,14,132,204,21,17,113,164,54,0
246,15,235,147,98,139,92,12,74,124
246,16,172,160,234,112,59,104,191,202
246,17,44,69,21,161,62,233,152,185
246,18,92,77,138,129,176,99,241,209
246,19,180,212,99,115,122,95,114,48
246,20,195,72,148,53,161,172,133,162
246,21,99,1,32,141,58,214,251,134
246,22,148,137,147,135,217,60,242,156
246,23,32,204,218,193,222,63,167,230
246,24,50,120,163,161,38,158,240,188
246,25,101,248,0,215,45,208,161,71
246,26,204,132,17,253,90,196,54,107
246,27,235,98,139,147,12,28,141,92
246,28,254,234,172,59,102,160,53,117
246,29,44,69,161,1,60,192,170,19
246,30,116,138,77,129,92,44,151,225
246,31,49,122,212,95,143,180,59,85
246,32,255,144,109,245,19,78,123,14
246,33,203,110,167,47,229,61,162,68
246,34,121,13,18,152,246,11,128,244
246,35,14,36,202,129,10,9,194,222
246,36,153,188,26,228,9,86,240,47
246,37,100,101,63,123,52,80,127,2
246,38,122,61,175,143,252,191,111,242
246,39,174,219,235,32,225,163,169,196
247,0,179,130,145,79,213,119,91,197
247,1,139,64,0,87,123,216,59,106
247,2,175,37,40,25,164,111,88,215
247,3,59,126,142,196,191,212,245,205
247,4,241,131,253,230,181,15,151,240
247,5,22,71,58,108,139,0,50,99
247,6,30,249,210,26,255,12,72,184
247,7,175,185,142,26,245,183,39,227
247,8,195,72,53,148,133,59,23,151
247,9,99,69,1,229,143,243,207,134
247,10,148,137,135,147,70,217,156,172
247,11,32,174,204,63,218,178,60,230
247,12,38,163,10,50,157,240,161,116
247,13,145,215,58,45,248,208,212,101
247,14,204,132,54,253,164,55,44,161
247,15,235,147,98,92,195,139,130,101
247,16,172,117,160,53,104,72,102,112
247,17,1,44,62,69,185,21,94,51
247,18,138,92,77,129,176,140,220,226
247,19,122,212,115,48,59,180,143,164
247,20,195,148,72,53,162,133,93,106
247,21,69,1,229,99,207,141,60,193
247,22,148,137,156,147,86,132,21,12
247,23,174,63,32,133,46,60,70,204
247,24,157,50,116,166,163,120,87,115
247,25,145,21,45,42,101,0,15,209
247,26,171,204,92,166,198,203,187,200
247,27,98,23,12,130,235,28,147,97
247,28,102,72,219,197,120,24,117,82
247,29,1,125,185,62,88,94,44,60
247,30,91,151,44,232,225,77,63,138
247,31,59,88,122,85,49,183,212,70
247,32,255,245,47,179,14,173,236,63
247,33,47,126,143,104,11,81,203,90
247,34,67,246,18,152,44,10,121,91
247,35,36,129,14,202,74,167,148,10
247,36,153,188,2,44,26,10,142,158
247,37,22,162,124,238,103,123,34,144
247,38,175,118,127,212,93,242,143,208
247,39,77,219,70,99,34,116,30,44
248,0,62,211,174,139,231,58,75,180
248,1,30,193,141,80,4,123,254,52
248,2,207,40,111,234,243,50,215,213
248,3,126,15,245,92,196,179,40,193
248,4,148,140,253,28,44,90,221,189
248,5,50,58,22,153,0,210,251,164
248,6,30,12,210,249,26,237,8,161
248,7,175,185,245,38,39,5,240,142
248,8,195,133,148,53,72,216,106,85
248,9,99,229,1,207,243,143,134,97
248,10,242,137,148,132,217,12,86,147
248,11,174,32,63,220,164,218,222,133
248,12,157,116,161,160,144,3,176,11
248,13,145,45,212,21,58,15,183,180
248,14,204,253,164,171,55,54,161,107
248,15,98,235,147,195,92,28,139,101
248,16,190,172,117,193,72,160,53,252
248,17,1,21,62,44,69,125,152,60
248,18,138,77,151,130,91,126,140,226
248,19,122,85,212,88,59,115,143,144
248,20,195,216,148,72,133,53,106,171
248,21,229,207,1,98,60,193,99,141
248,22,242,137,148,132,156,12,147,21
248,23,174,133,220,60,218,98,44,59
248,24,116,157,11,128,39,3,160,120
248,25,145,21,15,45,19,101,183,29
248,26,204,171,86,203,96,73,132,214
248,27,98,169,28,249,147,37,235,177
248,28,72,193,102,190,24,47,117,120
248,29,1,21,88,125,222,62,185,69
248,30,91,77,232,225,63,162,151,175
248,31,59,122,88,85,95,228,199,183
248,32,245,123,255,47,179,247,125,236
248,33,95,139,11,104,143,132,102,81
248,34,240,44,10,246,67,238,72,220
248,35,36,167,148,202,235,129,190,74
248,36,153,188,142,227,115,26,39,248
248,37,78,22,27,238,124,103,135,64
248,38,119,127,118,80,215,169,251,212
248,39,122,158,244,70,165,92,72,183
249,0,171,117,185,226,11,128,187,232
249,1,223,66,169,133,13,107,193,43
249,2,22,164,70,90,169,107,14,149
249,3,252,92,221,15,75,228,170,137
249,4,228,65,8,152,139,2,253,140
249,5,153,61,50,170,58,194,146,210
249,6,16,90,3,52,43,237,114,26
249,7,185,44,240,131,108,175,76,5
249,8,195,148,72,212,133,85,152,164
249,9,239,207,229,178,98,99,1,85
249,10,132,163,253,12,137,234,108,218
249,11,142,130,20,174,18,98,111,32
249,12,67,157,116,3,160,11,144,39
249,13,145,29,45,200,212,183,15,219
249,14,204,180,38,253,132,164,54,106
249,15,235,240,98,147,195,247,139,103
249,16,147,172,72,26,181,117,160,183
249,17,44,1,218,69,236,209,192,20
249,18,77,176,6,69,91,156,138,226
249,19,122,59,115,212,233,88,70,101
249,20,195,148,72,53,118,65,112,33
249,21,99,239,120,207,1,143,229,178
249,22,163,132,147,165,253,86,126,236
249,23,130,142,20,111,18,32,60,63
249,24,116,67,39,154,6,3,106,17
249,25,145,45,208,100,15,29,37,200
249,26,204,132,90,38,188,52,106,96
249,27,98,240,177,235,147,139,169,170
249,28,72,117,47,185,172,96,54,183
249,29,1,69,44,236,102,218,155,222
249,30,77,6,91,204,97,225,44,175
249,31,122,59,233,115,95,212,88,240
249,32,255,17,47,194,247,236,89,206
249,33,217,23,214,94,81,220,40,110
249,34,246,54,10,19,188,187,58,33
249,35,196,36,14,202,167,244,212,129
249,36,188,153,253,8,129,0,239,78
249,37,22,163,238,52,124,103,164,115
249,38,22,0,127,118,212,175,79,86
249,39,16,145,70,30,116,34,23,68
250,0,35,101,197,9,108,118,242,119
250,1,27,231,97,62,150,135,48,70
250,2,115,56,178,201,36,232,8,43
250,3,37,226,106,211,236,199,29,69
250,4,133,142,222,108,102,54,129,37
250,5,153,236,58,50,161,254,220,146
250,6,157,182,39,186,52,79,43,12
250,7,240,185,199,23,76,171,169,75
250,8,195,35,72,239,148,133,85,53
250,9,180,207,99,29,229,203,1,143
250,10,88,132,169,234,126,86,39,157
250,11,42,111,107,98,32,183,204,12
250,12,220,10,116,161,21,239,238,3
250,13,112,208,58,34,170,145,45,130
250,14,132,204,0,54,161,248,73,230
250,15,147,235,74,170,98,206,139,145
250,16,172,74,191,50,25,160,104,112
250,17,44,69,233,1,161,109,95,210
250,18,77,224,138,175,226,137,176,92
250,19,115,122,180,95,212,208,192,25
250,20,195,53,148,72,85,161,118,144
250,21,99,1,143,150,38,214,141,195
250,22,147,160,149,217,78,132,224,86
250,23,80,32,63,111,204,140,44,98
250,24,161,116,220,21,127,188,6,69
250,25,34,45,208,58,112,170,174,212
250,26,204,132,59,21,90,248,214,252
250,27,98,147,139,177,74,235,124,92
250,28,74,172,191,117,104,47,73,112
250,29,44,150,1,69,233,152,161,192
250,30,77,97,170,138,175,44,225,176
250,31,212,95,115,122,59,88,240,203
250,32,255,33,236,241,98,47,178,247
250,33,192,126,220,110,177,146,4,174
250,34,116,16,246,10,132,1,239,218
250,35,202,14,11,235,236,220,36,194
250,36,188,154,153,160,78,166,206,16
250,37,163,65,13,199,226,237,86,76
250,38,239,103,144,46,143,191,196,166
250,39,228,235,222,144,253,91,67,223
251,0,141,235,190,115,253,221,208,158
251,1,217,62,152,182,47,70,21,155
251,2,128,167,109,255,43,121,123,8
251,3,190,106,117,35,128,37,187,34
251,4,236,142,54,222,45,102,144,127
251,5,90,135,188,47,65,43,58,212
251,6,157,182,153,14,138,79,43,31
251,7,117,23,64,185,240,123,78,229
251,8,116,239,180,104,4,52,99,179
251,9,116,191,239,197,84,9,148,208
251,10,88,125,169,36,157,198,13,120
251,11,233,111,86,108,128,206,42,99
251,12,93,220,74,85,15,128,193,134
251,13,134,112,29,105,154,107,147,15
251,14,86,51,52,189,106,88,125,47
251,15,147,162,172,166,148,181,98,165
251,16,231,252,170,5,26,43,61,152
251,17,250,89,1,5,20,87,198,166
251,18,170,204,197,43,226,77,163,105
251,19,122,116,109,88,212,20,59,195
251,20,239,195,4,164,179,99,185,180
251,21,116,191,239,207,180,229,169,35
251,22,88,125,169,120,198,247,65,36
251,23,39,111,86,128,63,62,249,181
251,24,220,93,39,54,15,74,85,151
251,25,112,134,107,253,45,105,145,147
251,26,149,86,204,51,52,10,88,106
251,27,166,172,147,98,162,31,165,58
251,28,43,117,238,61,72,92,47,160
251,29,5,1,0,87,250,69,44,153
251,30,170,77,163,197,44,91,226,117
251,31,116,122,167,109,59,115,212,20
251,32,90,223,119,255,252,47,226,178
251,33,93,83,210,129,220,85,200,174
251,34,1,132,82,186,74,10,26,246
251,35,27,72,84,160,36,14,235,139
251,36,222,192,20,70,83,153,98,128
251,37,39,229,88,184,163,61,2,123
251,38,64,239,151,202,93,143,134,67
251,39,186,190,222,173,6,142,159,148
252,0,193,38,167,54,44,112,94,238
252,1,217,140,122,117,62,105,201,152
252,2,167,128,121,43,20,72,102,173
252,3,26,91,106,128,236,35,12,34
252,4,144,54,205,90,6,5,45,245
252,5,239,90,188,58,220,237,109,50
252,6,12,157,98,7,30,219,254,14
252,7,183,175,185,240,225,142,227,26
252,8,53,195,148,72,239,35,59,85
252,9,99,1,116,60,28,90,229,150
252,10,217,148,240,96,88,172,29,147
252,11,239,42,32,111,253,121,117,4
252,12,10,83,220,127,53,2,213,38
252,13,34,58,112,177,208,132,180,26
252,14,132,0,57,21,191,204,71,113
252,15,235,141,139,74,90,147,92,124
252,16,172,191,74,39,160,203,112,104
252,17,161,69,44,233,192,210,45,116
252,18,77,224,92,241,140,83,138,156
252,19,24,115,180,95,90,125,238,192
252,20,195,53,148,72,105,85,118,143
252,21,99,1,214,233,143,248,141,150
252,22,217,147,148,160,86,223,43,21
252,23,80,121,32,173,17,117,63,239
252,24,10,213,161,13,21,41,149,188
252,25,34,58,45,180,208,211,170,248
252,26,132,21,204,0,163,253,17,188
252,27,235,139,147,92,124,145,141,98
252,28,172,191,25,197,74,176,117,209
252,29,161,44,150,192,5,1,109,69
252,30,77,175,92,225,227,170,44,140
252,31,115,122,95,212,180,166,59,88
252,32,255,223,241,226,158,236,132,33
252,33,51,110,50,192,85,93,220,83
252,34,186,246,10,123,1,254,218,116
252,35,53,14,36,202,129,11,196,194
252,36,188,154,153,78,70,160,166,240
252,37,163,52,199,238,22,103,58,115
252,38,239,175,92,118,127,46,35,191
252,39,189,70,238,38,95,235,2,252
253,0,43,173,238,112,200,30,193,54
253,1,217,62,140,146,47,46,70,181
253,2,72,167,121,43,20,11,49,128
253,3,226,236,117,26,233,230,106,199
253,4,54,144,193,45,61,199,90,205
253,5,90,188,135,43,58,65,50,220
253,6,14,157,182,122,65,237,143,12
253,7,176,70,117,185,240,229,204,47
253,8,239,35,179,148,104,195,173,85
253,9,191,169,180,113,99,229,239,60
253,10,88,157,126,175,27,240,39,192
253,11,39,111,99,239,249,82,4,213
253,12,220,0,62,154,53,116,157,51
253,13,112,145,45,29,212,183,121,103
253,14,204,86,132,180,52,253,191,164
253,15,235,166,98,195,147,240,172,92
253,16,172,181,160,112,26,183,191,231
253,17,44,5,1,69,192,166,233,209
253,18,77,226,170,176,197,227,156,204
253,19,122,115,212,88,59,51,101,180
253,20,195,148,53,72,239,85,35,118
253,21,99,1,116,143,239,60,120,191
253,22,88,147,236,157,132,126,165,217
253,23,39,63,239,111,140,130,49,32
253,24,220,116,10,21,161,120,67,39
253,25,45,112,211,145,208,34,142,138
253,26,204,86,132,200,253,90,188,54
253,27,235,98,147,139,172,166,240,170
253,28,72,43,117,172,191,160,183,96
253,29,5,44,1,69,102,233,222,192
253,30,77,170,225,175,91,44,128,45
253,31,122,212,59,115,95,88,233,167
253,32,223,255,158,47,236,194,247,178
253,33,190,41,217,83,110,220,81,74
253,34,116,246,10,1,19,188,161,54
253,35,14,36,202,224,196,167,129,11
253,36,188,153,154,70,78,166,239,129
253,37,163,22,58,52,103,238,199,115
253,38,92,118,127,175,148,239,212,46
253,39,189,2,70,38,25,69,252,78
254,0,57,241,238,88,108,6,182,135
254,1,192,140,182,146,193,11,152,181
254,2,8,49,36,72,188,11,43,153
254,3,226,106,126,69,29,110,236,151
254,4,45,140,90,28,165,171,193,5
254,5,58,50,188,146,220,153,109,87
254,6,14,255,182,237,7,98,210,30
254,7,175,185,240,176,5,245,204,47
254,8,195,148,72,53,85,133,179,80
254,9,69,99,180,1,229,152,143,169
254,10,126,88,86,132,148,147,217,183
254,11,39,63,239,32,99,188,111,171
254,12,16,10,157,161,3,116,220,144
254,13,112,212,45,145,58,103,34,170
254,14,204,253,132,164,54,0,21,162
254,15,235,98,46,139,147,141,166,92
254,16,172,124,160,112,104,117,191,61
254,17,44,69,233,161,5,1,152,109
254,18,77,176,92,170,122,226,224,227
254,19,122,180,115,212,24,167,192,95
254,20,195,148,72,53,85,118,106,225
254,21,69,99,1,180,60,143,193,214
254,22,126,217,147,88,27,149,224,148
254,23,39,239,63,32,99,140,204,46
254,24,161,13,21,220,169,10,188,127
254,25,34,112,211,45,208,212,180,58
254,26,132,204,253,0,200,21,248,107
254,27,235,139,98,147,141,92,74,126
254,28,172,191,124,104,160,112,61,117
254,29,44,161,69,233,192,152,109,219
254,30,77,92,170,44,176,175,227,241
254,31,212,180,122,115,95,50,166,246
254,32,60,241,255,204,132,73,213,227
254,33,110,33,50,229,51,87,106,108
254,34,218,254,123,93,27,150,244,211
254,35,53,14,194,202,93,36,11,171
254,36,154,188,135,78,4,153,2,160
254,37,163,199,1,52,104,171,129,219
254,38,239,175,60,122,135,68,109,144
254,39,96,110,184,195,187,140,150,176
255,0,189,75,114,143,182,173,238,60
255,1,193,124,192,118,191,167,65,51
255,2,188,8,32,221,79,11,49,187
255,3,93,126,38,69,151,196,224,87
255,4,140,28,90,233,134,132,46,205
255,5,50,58,60,108,0,22,251,146
255,6,30,7,12,255,237,210,69,74
255,7,175,245,39,185,26,240,227,3
255,8,195,148,72,53,133,59,22,151
255,9,99,1,229,180,143,69,20,193
255,10,217,126,147,132,86,27,70,61
255,11,63,39,239,183,32,230,50,99
255,12,161,176,116,157,175,10,51,16
255,13,145,45,212,112,34,180,58,211
255,14,204,253,21,132,164,63,228,0
255,15,46,98,195,235,147,141,45,173
255,16,124,112,172,10,117,160,144,104
255,17,44,1,69,46,152,233,161,126
255,18,77,176,122,227,92,130,226,138
255,19,212,122,115,180,219,164,143,235
255,20,195,148,72,53,23,118,133,28
255,21,193,99,1,180,60,143,229,241
255,22,217,126,147,109,27,203,77,156
255,23,63,99,239,32,39,19,204,78
255,24,21,101,161,176,6,127,240,116
255,25,145,211,45,212,34,208,0,248
255,26,204,253,132,200,21,144,107,86
255,27,235,98,46,147,139,255,29,45
255,28,10,172,160,124,112,191,117,104
255,29,44,233,69,46,126,152,192,1
255,30,77,241,92,175,170,138,129,130
255,31,212,122,49,115,180,95,219,164
255,32,60,255,241,149,121,73,57,25
255,33,110,229,50,106,51,191,67,130
255,34,218,37,244,254,91,123,93,105
255,35,14,36,53,202,171,11,178,142
255,36,4,60,154,188,153,78,55,240
255,37,163,122,199,100,1,92,170,219
255,38,144,175,239,122,37,0,252,249
255,39,162,140,96,187,95,50,175,35
256,0,98,69,140,240,116,95,239,19
256,1,22,172,64,94,202,224,127,121
256,2,95,237,253,115,42,129,153,195
256,3,99,126,93,69,149,196,38,163
256,4,140,132,46,90,28,233,205,134
256,5,50,60,58,108,237,154,0,22
256,6,237,12,30,98,210,69,249,7
256,7,175,245,39,185,227,57,240,26
256,8,195,148,53,133,72,59,106,84
256,9,99,1,229,143,243,58,86,97
256,10,217,147,126,148,86,48,149,162
256,11,63,32,239,183,230,204,150,44
256,12,21,6,161,116,10,201,157,50
256,13,34,45,180,145,212,58,211,208
256,14,204,253,164,21,132,113,228,123
256,15,235,147,98,195,178,74,141,139
256,16,172,112,160,117,104,230,191,107
256,17,44,69,233,1,152,161,225,209
256,18,77,241,108,227,176,129,175,130
256,19,122,212,115,180,88,197,219,95
256,20,195,148,72,53,133,85,251,151
256,21,99,193,1,243,143,229,60,32
256,22,217,126,147,21,127,27,233,149
256,23,63,32,99,239,17,59,46,13
256,24,50,21,224,6,161,116,157,176
256,25,45,145,0,211,212,208,34,180
256,26,204,132,253,86,200,164,21,187
256,27,235,98,147,178,139,12,130,14
256,28,160,117,172,254,191,102,230,112
256,29,44,69,233,1,54,225,94,152
256,30,241,77,108,225,129,117,116,151
256,31,122,49,212,115,157,59,88,174
256,32,255,12,73,57,31,146,3,241
256,33,61,110,47,70,133,90,167,229
256,34,121,191,13,244,182,254,219,5
256,35,14,36,136,129,53,119,202,194
256,36,153,60,154,188,240,9,1,32
256,37,170,100,1,101,132,122,74,123
256,38,0,122,175,143,239,68,57,217
256,39,57,8,176,166,32,108,95,112
257,0,243,164,204,176,79,130,247,213
257,1,64,139,253,202,219,75,87,2
257,2,196,52,176,41,250,225,102,241
257,3,255,69,59,129,126,196,43,87
257,4,90,241,200,131,46,129,28,140
257,5,50,58,108,22,111,0,154,146
257,6,30,237,12,210,249,113,69,98
257,7,175,245,227,39,185,26,33,134
257,8,195,148,53,72,133,85,59,111
257,9,99,69,143,1,63,243,86,229
257,10,217,148,147,29,86,126,21,61
257,11,239,32,204,230,134,78,60,44
257,12,10,21,116,2,163,161,201,38
257,13,34,58,180,208,170,45,205,132
257,14,132,204,21,113,163,54,191,44
257,15,235,139,74,147,227,92,98,206
257,16,172,191,160,74,104,112,25,203
257,17,161,69,44,233,192,210,1,152
257,18,77,241,224,176,92,255,140,99
257,19,24,115,180,95,125,90,219,212
257,20,195,148,72,53,85,105,235,133
257,21,99,1,214,143,194,36,141,202
257,22,217,21,148,147,149,96,162,28
257,23,239,32,80,81,230,121,155,138
257,24,10,21,161,13,184,127,41,188
257,25,34,180,208,58,170,248,136,91
257,26,132,21,0,163,204,253,17,248
257,27,235,139,92,141,124,74,145,227
257,28,172,191,160,104,209,37,25,183
257,29,161,44,233,69,192,219,127,150
257,30,77,241,93,92,225,99,152,175
257,31,115,122,95,49,180,212,133,174
257,32,255,73,236,3,179,12,57,140
257,33,143,47,110,90,132,70,162,87
257,34,91,121,191,195,246,254,15,244
257,35,235,14,129,202,53,36,9,194
257,36,2,188,153,154,78,93,110,46
257,37,170,101,100,1,163,238,74,123
257,38,0,175,61,122,143,68,202,46
257,39,57,176,163,32,235,169,108,221
258,0,179,197,35,101,130,48,114,189
258,1,97,62,27,216,47,150,151,155
258,2,40,88,164,34,95,175,25,18
258,3,26,211,230,37,255,43,69,233
258,4,15,241,102,90,200,129,61,142
258,5,58,50,188,222,153,103,146,90
258,6,215,237,14,210,30,182,133,255
258,7,185,2,175,240,78,199,23,5
258,8,195,85,239,35,148,72,133,164
258,9,180,203,1,229,193,99,29,207
258,10,132,193,157,126,248,88,137,217
258,11,174,20,63,99,44,111,98,203
258,12,220,160,21,3,116,161,11,15
258,13,29,145,45,211,212,112,183,58
258,14,204,86,253,132,164,214,54,228
258,15,172,235,36,147,98,195,162,74
258,16,172,231,117,183,181,96,112,72
258,17,44,69,1,225,233,166,213,93
258,18,77,197,170,148,224,225,91,83
258,19,115,122,88,59,130,212,167,51
258,20,195,148,53,72,85,35,239,118
258,21,99,180,203,143,1,254,229,141
258,22,236,217,83,132,147,126,88,157
258,23,39,17,20,203,44,239,174,98
258,24,220,43,21,10,67,116,15,161
258,25,34,45,208,29,183,145,170,112
258,26,132,204,86,248,21,200,163,44
258,27,235,172,139,147,0,227,36,145
258,28,96,183,191,24,172,117,195,197
258,29,69,1,44,5,222,161,204,93
258,30,77,225,170,197,91,71,175,85
258,31,115,59,122,88,95,130,212,167
258,32,255,98,236,158,99,47,149,254
258,33,126,190,232,86,28,107,72,143
258,34,116,10,252,246,161,97,56,1
258,35,235,14,129,36,202,167,142,218
258,36,188,153,154,207,78,70,246,152
258,37,163,22,199,67,161,103,135,115
258,38,71,118,127,175,30,201,9,92
258,39,69,248,70,138,92,1,189,2
259,0,144,236,62,4,92,191,66,152
259,1,193,202,195,124,198,182,72,255
259,2,188,92,150,110,87,217,222,157
259,3,201,155,197,177,126,30,202,56
259,4,94,152,28,140,90,98,43,134
259,5,58,115,50,237,0,71,111,210
259,6,92,237,125,30,43,12,98,235
259,7,181,175,75,185,142,245,227,5
259,8,195,148,53,72,85,133,246,59
259,9,99,120,1,143,229,58,156,243
259,10,207,132,217,9,37,99,165,190
259,11,153,17,15,44,130,164,98,183
259,12,21,105,10,3,184,116,175,201
259,13,145,34,183,212,45,170,121,208
259,14,204,132,57,164,253,0,21,228
259,15,235,248,147,139,98,74,195,141
259,16,172,183,230,54,191,112,158,160
259,17,44,69,161,236,1,233,25,152
259,18,77,69,83,224,225,155,108,241
259,19,115,212,88,233,122,70,59,95
259,20,195,148,53,72,85,23,118,133
259,21,99,120,1,143,193,254,156,60
259,22,147,9,217,132,126,0,21,207
259,23,153,130,15,239,17,183,44,32
259,24,106,10,21,116,161,16,87,244
259,25,34,208,45,20,183,200,170,145
259,26,132,204,21,248,163,188,57,164
259,27,235,248,139,147,177,92,227,145
259,28,191,230,183,54,24,197,172,185
259,29,69,1,65,161,44,236,171,222
259,30,77,225,69,45,83,175,91,97
259,31,115,95,233,88,59,240,212,221
259,32,146,195,255,236,199,86,7,194
259,33,37,97,75,94,217,36,146,133
259,34,212,246,255,10,5,187,54,19
259,35,202,129,14,49,194,53,36,11
259,36,188,154,234,153,78,166,8,160
259,37,199,22,103,158,219,52,115,213
259,38,239,175,127,22,118,93,189,14
259,39,30,70,16,116,34,145,252,25
260,0,211,222,29,62,28,138,20,162
260,1,193,48,71,153,40,14,100,251
260,2,193,143,95,94,3,65,196,91
260,3,255,22,56,197,201,243,126,182
260,4,175,134,28,187,189,132,140,152
260,5,58,164,19,145,0,60,136,226
260,6,12,30,43,237,125,7,240,72
260,7,142,175,246,227,38,183,104,26
260,8,53,148,59,195,72,133,84,121
260,9,99,1,134,90,97,3,28,58
260,10,226,217,61,172,38,197,233,219
260,11,121,117,44,218,17,97,162,211
260,12,10,38,13,157,2,76,21,149
260,13,34,180,185,170,215,58,209,0
260,14,21,0,132,164,163,113,34,204
260,15,235,221,92,74,139,90,79,124
260,16,172,183,201,191,169,112,88,104
260,17,69,44,161,192,47,196,233,209
260,18,77,83,224,241,129,209,140,239
260,19,24,115,85,180,125,212,197,144
260,20,195,148,53,72,85,202,105,106
260,21,99,1,214,252,60,32,36,28
260,22,135,38,172,233,226,147,148,245
260,23,117,121,63,44,218,166,72,37
260,24,10,149,38,50,11,157,21,158
260,25,34,0,208,183,45,170,215,19
260,26,132,163,0,248,188,21,204,200
260,27,235,139,0,74,145,92,130,227
260,28,191,183,209,102,254,172,158,219
260,29,161,69,44,1,192,19,225,21
260,30,77,225,83,151,98,152,91,175
260,31,85,115,59,95,88,157,49,212
260,32,236,57,109,255,179,140,123,157
260,33,87,139,162,36,61,102,68,104
260,34,121,238,10,44,246,240,73,72
260,35,14,44,129,202,148,235,142,53
260,36,227,188,92,154,115,78,26,79
260,37,78,199,22,163,27,101,196,132
260,38,175,243,251,215,119,46,118,93
260,39,158,75,70,122,252,117,58,31
261,0,142,166,97,150,113,123,205,215
261,1,87,34,26,5,187,59,132,177
261,2,146,176,52,164,90,196,48,35
261,3,255,46,211,84,146,135,37,31
261,4,14,167,161,67,65,240,201,181
261,5,58,235,204,19,161,191,104,146
261,6,125,215,43,167,30,237,12,2
261,7,91,176,142,227,175,185,5,26
261,8,33,148,85,53,195,72,59,174
261,9,132,39,99,1,29,143,229,94
261,10,248,172,108,61,86,190,226,217
261,11,36,20,117,121,194,17,44,90
261,12,10,21,160,157,51,161,242,149
261,13,34,33,183,170,145,45,208,104
261,14,147,132,204,163,173,0,164,21
261,15,235,65,92,166,139,74,147,221
261,16,151,156,172,191,183,25,104,112
261,17,44,69,110,161,192,186,233,152
261,18,77,224,128,148,83,241,239,54
261,19,115,12,24,180,212,120,125,208
261,20,53,195,33,148,174,85,72,105
261,21,99,132,39,143,1,126,137,28
261,22,248,147,217,190,126,108,251,83
261,23,36,20,121,46,32,105,63,117
261,24,10,21,161,244,149,13,255,6
261,25,34,33,208,170,45,142,104,180
261,26,132,147,204,21,0,248,163,173
261,27,235,65,139,92,74,147,145,227
261,28,191,156,172,183,151,35,96,115
261,29,161,44,69,192,1,57,110,209
261,30,77,128,225,148,83,175,97,224
261,31,12,115,95,59,88,130,212,122
261,32,113,238,255,158,236,99,241,247
261,33,190,41,87,232,51,50,146,143
261,34,161,88,97,252,10,246,56,19
261,35,14,202,235,53,36,129,142,194
261,36,207,154,188,78,153,181,248,160
261,37,163,199,22,103,67,213,52,190
261,38,175,127,118,71,239,189,59,30
261,39,248,30,70,252,69,116,1,145
262,0,211,92,62,144,66,4,188,234
262,1,191,193,198,100,145,255,189,95
262,2,76,198,92,150,87,110,86,188
262,3,30,201,177,197,22,157,69,126
262,4,94,152,98,28,71,8,121,112
262,5,115,81,58,0,2,210,50,153
262,6,19,92,125,235,43,30,52,12
262,7,181,185,227,158,175,243,81,142
262,8,85,148,53,72,195,246,59,62
262,9,120,99,1,207,143,98,166,156
262,10,9,207,132,161,253,99,190,245
262,11,153,15,130,98,238,195,44,111
262,12,10,115,21,116,176,144,201,161
262,13,34,199,142,183,145,170,15,208
262,14,173,132,204,165,21,164,163,63
262,15,74,235,147,248,139,66,120,221
262,16,191,183,172,54,115,195,112,104
262,17,44,69,161,1,210,233,58,236
262,18,77,69,58,224,225,83,91,148
262,19,115,88,59,122,203,212,70,25
262,20,148,85,195,53,72,118,133,188
262,21,99,120,143,1,178,207,229,233
262,22,9,132,161,147,253,190,207,217
262,23,153,238,130,15,44,17,105,183
262,24,149,10,21,116,101,161,6,67
262,25,34,142,170,155,183,208,199,145
262,26,132,204,21,248,173,165,0,163
262,27,0,248,14,169,139,235,74,66
262,28,54,183,195,191,230,72,122,231
262,29,1,236,69,222,161,102,58,65
262,30,77,69,225,91,83,6,64,97
262,31,59,88,233,95,115,51,240,122
262,32,146,195,236,194,255,47,247,199
262,33,97,37,94,181,87,75,146,21
262,34,212,10,246,255,187,54,19,90
262,35,202,14,11,171,44,142,220,194
262,36,188,234,78,154,153,0,8,239
262,37,199,22,103,219,163,59,115,213
262,38,175,22,239,121,118,127,189,45
262,39,16,145,70,252,45,30,58,116
263,0,254,211,75,191,163,8,120,195
263,1,91,187,167,193,153,48,78,252
263,2,170,37,42,175,225,157,187,32
263,3,22,201,69,126,154,196,163,224
263,4,134,28,175,233,121,29,208,155
263,5,0,58,60,173,164,185,77,251
263,6,173,12,210,195,30,72,212,255
263,7,39,175,166,183,225,227,132,104
263,8,53,148,72,59,38,121,192,1
263,9,99,32,134,1,28,90,101,221
263,10,245,217,233,77,135,147,190,148
263,11,241,216,105,117,63,121,237,19
263,12,10,149,38,50,13,32,157,2
263,13,34,204,208,0,170,180,158,45
263,14,132,173,21,191,163,17,164,34
263,15,221,0,6,235,74,90,139,195
263,16,191,183,25,56,254,234,172,176
263,17,161,69,44,210,192,196,223,58
263,18,58,77,83,92,32,225,66,129
263,19,115,24,219,180,95,48,37,25
263,20,53,148,85,195,72,172,38,98
263,21,32,99,1,229,233,228,143,195
263,22,233,135,132,245,148,77,103,147
263,23,105,44,117,32,63,223,70,37
263,24,149,10,50,157,116,166,244,158
263,25,34,0,208,183,170,137,204,145
263,26,132,21,44,204,196,17,171,248
263,27,221,0,139,79,235,18,12,169
263,28,56,183,219,234,191,82,197,138
263,29,19,54,161,1,69,204,192,44
263,30,77,66,116,225,151,143,83,209
263,31,219,59,157,83,95,55,88,37
263,32,28,235,14,92,236,26,173,78
263,33,250,47,162,198,87,12,161,146
263,34,185,164,18,121,246,11,143,128
263,35,202,129,220,101,11,142,254,44
263,36,188,78,154,92,153,148,44,103
263,37,162,22,199,103,113,238,196,163
263,38,243,127,118,175,239,45,79,52
263,39,77,116,30,141,70,99,252,130
264,0,48,211,70,174,139,159,161,207
264,1,80,91,193,206,30,141,187,235
264,2,225,111,207,176,24,101,132,113
264,3,164,147,189,14,22,139,247,201
264,4,44,148,134,175,221,29,152,50
264,5,0,58,164,185,130,19,25,139
264,6,57,125,173,240,39,18,30,212
264,7,223,38,225,183,26,104,227,106
264,8,53,148,59,7,72,85,214,121
264,9,99,90,28,1,150,247,229,143
264,10,19,245,172,190,108,242,132,148
264,11,220,241,216,44,218,97,174,211
264,12,10,149,157,32,38,116,160,176
264,13,34,170,183,208,145,45,83,58
264,14,173,132,204,21,163,158,164,248
264,15,221,235,0,74,139,33,90,79
264,16,25,172,191,183,195,104,219,193
264,17,44,161,1,192,21,69,164,196
264,18,77,225,83,91,224,151,58,138
264,19,115,59,88,212,85,95,240,122
264,20,195,148,85,53,72,23,121,161
264,21,99,1,229,233,28,98,143,252
264,22,132,19,34,207,242,147,148,245
264,23,44,220,201,174,98,218,32,59
264,24,10,149,11,116,128,157,21,210
264,25,101,170,183,19,145,140,208,45
264,26,44,204,132,171,203,73,18,96
264,27,169,28,235,33,249,3,139,171
264,28,193,47,219,72,190,82,195,183
264,29,88,164,21,1,94,222,61,119
264,30,162,232,91,77,225,50,63,64
264,31,59,34,88,95,183,85,249,135
264,32,123,179,125,109,86,236,3,47
264,33,234,95,36,162,102,104,11,132
264,34,238,44,240,10,246,62,72,20
264,35,148,190,212,167,202,129,14,74
264,36,227,188,115,39,142,147,153,26
264,37,78,27,22,113,15,101,16,169
264,38,215,251,119,118,169,175,127,135
264,39,158,122,117,72,70,36,252,244
265,0,141,235,190,221,253,61,208,115
265,1,155,93,46,47,244,197,182,75
265,2,17,210,249,164,88,4,145,225
265,3,187,235,37,231,77,152,133,84
265,4,142,102,13,15,236,222,67,95
265,5,186,193,6,235,58,104,50,90
265,6,153,54,125,167,43,52,93,154
265,7,185,23,29,142,227,108,175,81
265,8,195,85,148,72,89,53,59,234
265,9,99,126,29,94,164,228,1,116
265,10,169,130,198,248,207,132,216,190
265,11,189,161,136,17,98,32,178,185
265,12,63,15,10,74,26,128,116,21
265,13,147,43,45,170,183,145,154,208
265,14,20,132,204,184,124,173,51,224
265,15,235,147,98,81,200,139,74,92
265,16,172,5,191,104,183,117,196,25
265,17,44,233,250,69,172,1,76,109
265,18,77,0,57,239,179,224,187,50
265,19,115,163,212,88,122,59,130,106
265,20,195,148,85,72,89,234,53,233
265,21,99,1,29,164,126,143,229,94
265,22,198,23,130,169,34,147,132,113
265,23,161,189,44,117,32,178,98,17
265,24,63,26,10,74,15,149,161,21
265,25,147,45,170,43,58,97,160,61
265,26,20,44,204,184,148,124,132,51
265,27,200,235,147,98,81,139,29,170
265,28,43,172,133,151,91,5,62,212
265,29,44,76,1,87,69,250,93,119
265,30,163,179,239,0,77,105,60,38
265,31,116,122,12,115,148,4,163,109
265,32,223,119,181,255,54,178,3,44
265,33,93,129,227,27,77,210,137,108
265,34,82,130,74,132,199,17,168,245
265,35,203,27,11,33,195,140,149,64
265,36,222,218,29,159,75,191,165,25
265,37,165,24,54,71,202,240,232,219
265,38,64,117,239,140,25,159,165,70
265,39,186,190,235,222,6,208,162,118
266,0,193,38,167,54,44,94,112,30
266,1,46,47,105,122,140,117,201,152
266,2,145,121,128,53,10,104,19,241
266,3,26,230,233,117,103,236,35,34
266,4,67,144,81,245,45,6,179,62
266,5,90,188,47,43,193,176,109,214
266,6,215,60,153,54,167,237,75,143
266,7,176,117,70,23,185,156,134,119
266,8,239,195,33,116,179,185,73,80
266,9,126,191,116,113,132,239,168,131
266,10,248,198,36,157,126,192,115,120
266,11,233,36,133,162,161,111,86,246
266,12,93,74,44,63,15,85,161,164
266,13,33,45,147,145,43,134,15,112
266,14,147,86,204,51,184,253,224,214
266,15,166,98,147,235,195,162,200,228
266,16,151,156,172,117,160,252,43,112
266,17,44,5,57,1,233,69,166,110
266,18,77,226,128,179,176,227,138,192
266,19,122,12,115,212,109,120,167,208
266,20,195,239,148,72,53,185,118,23
266,21,116,126,99,1,207,191,143,118
266,22,126,248,147,86,21,157,217,165
266,23,140,63,111,36,78,32,181,34
266,24,220,93,21,44,116,15,104,39
266,25,45,33,6,112,104,145,208,11
266,26,204,86,147,132,90,253,200,106
266,27,98,235,147,139,166,74,162,170
266,28,43,172,151,156,117,191,160,112
266,29,44,5,57,69,1,233,161,109
266,30,77,175,226,44,176,138,128,192
266,31,122,212,115,12,95,167,59,180
266,32,223,255,132,241,158,119,178,226
266,33,110,83,93,50,220,190,74,73
266,34,218,1,186,116,82,123,10,246
266,35,14,202,36,235,11,129,167,53
266,36,188,153,70,154,78,166,160,109
266,37,163,229,58,52,115,199,219,212
266,38,175,239,92,46,233,35,111,148
266,39,238,189,235,38,2,95,70,140
267,0,173,43,112,238,30,200,140,193
267,1,46,47,188,249,137,181,140,156
267,2,186,140,20,72,245,53,156,215
267,3,117,233,226,26,103,236,230,210
267,4,144,67,81,193,245,62,140,199
267,5,220,145,85,90,255,32,188,56
267,6,118,145,7,98,230,96,12,199
267,7,142,176,22,175,75,72,136,225
267,8,53,195,148,72,59,239,84,106
267,9,99,126,150,97,201,1,7,90
267,10,217,115,96,43,240,147,23,76
267,11,32,42,204,214,239,230,253,135
267,12,10,21,2,116,83,161,201,163
267,13,34,58,170,208,130,180,205,45
267,14,132,21,173,164,17,162,34,204
267,15,74,90,147,206,170,235,145,98
267,16,172,191,24,234,74,60,112,25
267,17,161,69,233,44,210,116,244,109
267,18,77,224,92,54,58,138,176,98
267,19,24,115,180,208,95,129,122,246
267,20,195,53,148,72,85,233,118,150
267,21,99,143,214,233,1,135,150,195
267,22,149,217,147,245,160,207,176,116
267,23,32,80,204,140,61,63,230,111
267,24,13,244,21,10,243,213,161,188
267,25,34,208,158,180,58,248,211,170
267,26,132,21,17,248,54,253,0,204
267,27,74,98,139,235,147,92,206,145
267,28,172,191,74,104,124,234,155,37
267,29,161,69,44,233,150,192,209,175
267,30,77,92,176,175,4,138,224,122
267,31,180,95,115,212,125,122,195,61
267,32,241,204,33,132,255,219,226,143
267,33,110,50,192,146,85,196,190,220
267,34,218,123,16,254,27,211,116,37
267,35,202,194,53,79,14,11,103,164
267,36,188,78,110,154,135,134,160,136
267,37,163,199,52,103,104,129,237,39
267,38,239,175,92,135,148,109,46,252
267,39,2,25,189,70,140,38,187,252
268,0,57,241,88,238,108,182,6,58
268,1,192,140,182,181,193,11,146,152
268,2,8,36,49,11,20,21,124,255
268,3,226,126,106,69,110,151,103,29
268,4,140,45,193,28,235,171,62,90
268,5,50,220,58,87,145,29,230,85
268,6,7,237,98,255,118,14,199,210
268,7,175,176,22,142,5,24,72,252
268,8,195,148,72,185,53,111,133,214
268,9,69,99,126,1,180,229,152,204
268,10,126,183,6,88,86,121,21,133
268,11,39,133,253,63,32,28,183,171
268,12,212,144,10,102,21,161,92,220
268,13,112,34,170,58,45,145,208,212
268,14,204,132,164,21,107,253,54,162
268,15,235,46,98,141,147,139,92,74
268,16,172,124,151,191,112,104,160,134
268,17,44,69,233,161,5,109,57,152
268,18,77,176,92,224,226,227,172,138
268,19,180,122,115,24,212,95,208,167
268,20,195,53,148,72,161,118,85,105
268,21,99,69,1,214,143,150,38,141
268,22,217,126,149,147,162,27,21,224
268,23,140,32,239,204,39,63,61,45
268,24,13,220,161,21,127,120,126,48
268,25,34,180,58,112,208,45,248,212
268,26,132,0,204,253,21,17,54,248
268,27,139,235,147,141,74,98,255,92
268,28,172,124,191,112,104,155,37,160
268,29,161,44,233,69,152,127,192,109
268,30,77,92,176,227,175,170,138,224
268,31,180,212,115,95,122,50,90,125
268,32,241,60,204,255,132,73,67,219
268,33,110,50,33,229,106,108,70,51
268,34,218,123,254,27,93,150,211,244
268,35,202,53,194,14,11,103,93,142
268,36,188,154,135,78,4,2,153,160
268,37,163,199,52,171,1,104,129,219
268,38,239,175,60,135,122,109,198,133
268,39,140,96,110,187,195,184,150,243
269,0,211,60,195,236,62,4,77,232
269,1,118,167,55,202,72,124,125,191
269,2,91,79,32,187,188,6,143,195
269,3,56,22,93,201,126,69,180,149
269,4,28,46,134,147,140,175,189,233
269,5,154,0,60,22,164,237,108,83
269,6,30,12,7,69,113,72,210,249
269,7,175,142,75,245,183,132,252,227
269,8,53,148,195,72,59,133,240,152
269,9,99,134,1,97,221,150,3,254
269,10,217,149,135,147,207,245,190,162
269,11,32,230,63,204,44,143,61,144
269,12,21,13,38,2,10,50,244,202
269,13,34,180,170,215,248,58,208,13
269,14,21,132,113,17,164,196,34,204
269,15,74,124,147,235,92,151,170,6
269,16,172,191,230,37,234,112,254,60
269,17,69,161,233,225,44,210,209,158
269,18,77,129,176,92,108,224,98,54
269,19,180,24,115,208,95,48,129,122
269,20,195,72,148,53,172,118,143,85
269,21,99,32,1,143,135,150,118,214
269,22,217,135,149,147,21,207,245,233
269,23,32,204,37,63,61,7,70,230
269,24,21,50,38,158,240,244,10,161
269,25,34,0,211,180,208,248,215,194
269,26,132,17,248,196,21,90,204,253
269,27,139,74,147,130,92,206,235,170
269,28,254,234,172,191,155,112,102,230
269,29,69,161,233,44,225,19,1,244
269,30,77,129,92,241,176,197,99,116
269,31,49,95,122,212,180,115,114,149
269,32,255,73,146,12,241,92,57,31
269,33,110,61,70,51,229,47,50,133
269,34,254,13,121,191,123,218,246,211
269,35,53,202,14,194,136,129,36,139
269,36,154,188,78,135,153,160,4,213
269,37,170,1,100,199,132,163,52,103
269,38,239,243,87,175,0,122,133,135
269,39,32,184,57,150,176,8,195,251
270,0,179,101,35,130,197,213,48,114
270,1,62,97,27,30,47,216,123,151
270,2,40,88,164,25,37,175,252,18
270,3,26,230,211,233,37,69,192,142
270,4,15,90,241,102,129,28,198,245
270,5,50,58,222,22,188,103,146,108
270,6,30,237,210,14,12,249,255,72
270,7,175,185,24,2,112,227,5,75
270,8,195,148,239,72,85,53,213,133
270,9,203,99,180,193,1,207,229,29
270,10,137,126,147,217,157,248,193,132
270,11,174,63,32,178,111,144,203,44
270,12,21,220,160,3,10,161,116,38
270,13,211,29,45,170,212,145,58,208
270,14,86,204,132,54,21,44,224,214
270,15,172,147,74,98,36,235,139,213
270,16,172,191,183,231,181,24,96,160
270,17,69,225,44,233,1,166,60,204
270,18,77,197,170,148,176,224,90,226
270,19,122,59,115,130,88,4,167,199
270,20,195,148,239,53,72,212,85,4
270,21,203,99,207,180,143,39,195,229
270,22,236,207,116,132,137,83,157,165
270,23,174,39,20,111,98,134,63,32
270,24,220,43,116,21,160,15,10,67
270,25,208,211,29,34,45,183,145,219
270,26,86,132,204,73,248,44,96,54
270,27,74,172,139,206,147,170,169,98
270,28,96,24,191,72,183,47,195,26
270,29,1,69,5,161,222,44,204,233
270,30,77,170,197,225,91,85,71,175
270,31,122,59,95,130,88,240,167,115
270,32,158,255,99,98,47,236,254,149
270,33,190,126,232,143,72,41,81,107
270,34,116,252,10,246,161,1,97,55
270,35,235,202,167,36,129,39,218,14
270,36,188,70,153,78,207,154,181,160
270,37,163,58,22,103,135,199,161,124
270,38,127,92,118,71,148,212,30,189
270,39,189,248,70,2,69,38,92,213
271,0,29,62,41,86,65,236,4,138
271,1,193,124,5,33,245,153,252,42
271,2,188,139,157,255,87,194,170,60
271,3,30,201,177,154,58,22,157,199
271,4,152,149,134,90,216,121,38,88
271,5,213,0,58,153,115,50,210,251
271,6,102,30,12,237,125,43,241,212
271,7,185,199,253,175,85,227,32,158
271,8,53,148,85,195,220,133,72,157
271,9,99,120,207,98,143,1,166,156
271,10,17,132,117,178,234,116,233,8
271,11,209,248,202,15,97,17,137,101
271,12,166,116,55,119,10,206,3,2
271,13,113,219,29,183,211,34,199,208
271,14,146,44,204,132,167,40,161,214
271,15,116,206,110,147,139,79,74,169
271,16,185,138,191,137,170,24,195,72
271,17,69,8,78,161,229,89,1,216
271,18,77,130,22,83,91,176,69,204
271,19,28,59,122,233,14,88,30,115
271,20,53,148,195,161,157,72,133,171
271,21,99,207,120,156,143,240,233,251
271,22,116,17,132,207,178,253,156,108
271,23,209,248,99,17,134,156,98,141
271,24,166,116,244,2,119,157,39,106
271,25,208,211,192,155,183,219,158,174
271,26,132,146,248,78,44,161,40,235
271,27,139,206,116,74,100,129,90,79
271,28,138,191,24,201,137,72,183,197
271,29,161,78,69,1,165,8,244,204
271,30,77,130,237,91,64,83,66,225
271,31,95,137,59,67,83,240,124,14
271,32,75,197,47,14,57,236,19,7
271,33,5,103,18,81,161,59,146,206
271,34,227,11,247,10,211,246,152,143
271,35,202,198,167,79,129,11,36,63
271,36,188,48,10,153,78,251,154,160
271,37,219,22,103,162,163,199,124,21
271,38,127,118,124,185,212,205,189,230
271,39,34,70,13,116,30,77,177,45
272,0,211,8,19,254,220,159,75,208
272,1,5,230,197,44,155,193,14,167
272,2,149,253,42,83,144,175,241,115
272,3,154,243,163,196,226,213,36,182
272,4,175,134,44,206,199,28,132,21
272,5,77,0,164,58,145,243,60,64
272,6,12,102,195,11,168,62,125,7
272,7,142,38,39,141,166,96,246,185
272,8,148,53,121,72,63,59,133,16
272,9,99,134,32,3,137,68,90,28
272,10,77,146,116,26,148,233,132,156
272,11,97,37,141,214,248,32,204,134
272,12,10,50,38,116,2,21,119,201
272,13,34,0,208,19,83,180,14,136
272,14,132,44,21,146,204,17,252,248
272,15,74,79,139,90,206,12,235,145
272,16,191,185,24,183,53,56,172,219
272,17,69,161,4,19,54,210,233,1
272,18,77,66,83,176,116,209,219,151
272,19,48,95,247,59,219,28,67,115
272,20,53,148,195,72,121,91,133,161
272,21,99,32,207,98,214,134,143,228
272,22,116,77,108,233,207,132,245,146
272,23,248,134,222,17,97,32,37,98
272,24,166,119,55,116,2,10,244,157
272,25,0,211,208,192,34,101,183,169
272,26,132,248,146,78,40,17,204,196
272,27,74,12,206,139,145,79,90,92
272,28,24,191,56,53,219,59,183,168
272,29,19,69,54,161,4,62,1,165
272,30,77,66,143,151,64,83,116,225
272,31,219,95,247,83,157,59,88,85
272,32,235,92,14,144,202,236,47,57
272,33,203,47,84,250,103,68,72,81
272,34,128,185,18,11,166,121,143,246
272,35,101,202,129,235,167,210,11,121
272,36,188,103,44,78,153,48,154,26
272,37,163,162,22,103,199,109,181,12
272,38,127,118,236,242,52,87,198,239
272,39,77,141,219,99,70,44,116,30
273,0,62,211,48,4,188,217,162,170
273,1,80,123,193,202,235,141,14,72
273,2,144,111,215,207,243,85,54,73
273,3,197,56,53,22,201,40,16,72
273,4,134,175,148,152,44,208,157,28
273,5,0,60,58,164,83,77,154,237
273,6,12,82,113,30,125,11,43,69
273,7,246,142,175,183,185,3,75,252
273,8,53,148,72,59,195,133,16,47
273,9,99,134,28,195,1,254,48,97
273,10,207,149,217,147,233,26,146,61
273,11,164,222,32,97,44,220,193,230
273,12,21,10,38,50,55,2,173,116
273,13,34,208,183,0,180,170,45,19
273,14,132,21,44,173,248,113,204,17
273,15,74,90,139,235,147,206,145,124
273,16,191,24,230,183,172,234,37,185
273,17,69,161,233,210,21,44,244,58
273,18,77,176,100,224,83,151,64,58
273,19,115,95,129,208,24,180,48,85
273,20,53,148,195,72,121,118,85,233
273,21,99,32,143,214,195,252,233,98
273,22,207,245,108,149,147,116,217,135
273,23,222,32,17,220,164,59,201,248
273,24,21,10,119,157,244,11,116,55
273,25,34,208,101,211,0,115,183,19
273,26,132,248,203,162,204,146,44,228
273,27,74,139,145,90,206,92,170,146
273,28,24,191,168,193,183,219,102,151
273,29,161,69,21,88,19,1,244,204
273,30,77,162,225,91,64,83,175,250
273,31,59,95,88,240,129,34,157,159
273,32,12,146,179,236,47,57,140,246
273,33,139,162,133,28,132,56,104,181
273,34,195,121,44,10,246,240,62,249
273,35,136,202,235,167,148,11,129,74
273,36,188,78,39,160,142,153,115,227
273,37,78,22,27,163,103,214,59,21
273,38,87,127,119,118,215,80,251,189
273,39,158,251,31,252,70,244,122,75
274,0,135,230,108,79,75,133,59,187
274,1,139,123,193,232,174,246,192,162
274,2,252,164,107,207,40,125,88,38
274,3,58,146,87,83,199,153,126,113
274,4,14,129,240,65,67,90,167,181
274,5,235,67,191,58,153,146,50,0
274,6,125,255,43,215,62,167,241,102
274,7,44,185,253,66,2,92,187,108
274,8,33,148,53,85,212,86,194,122
274,9,132,240,180,99,207,98,22,143
274,10,132,248,207,253,193,216,178,34
274,11,20,36,49,248,98,186,17,99
274,12,10,116,119,21,160,242,55,3
274,13,33,142,183,29,34,208,170,145
274,14,147,132,173,44,204,248,146,21
274,15,74,240,90,139,166,206,145,170
274,16,191,156,151,24,183,172,195,78
274,17,69,210,110,161,233,244,44,58
274,18,77,112,224,128,58,83,98,54
274,19,115,208,59,129,219,12,88,240
274,20,53,33,148,195,85,118,100,161
274,21,99,132,143,240,207,180,195,120
274,22,207,116,245,147,253,248,132,217
274,23,36,20,49,130,134,32,39,78
274,24,244,10,21,116,13,43,48,176
274,25,34,208,33,158,15,142,183,104
274,26,132,248,78,173,147,34,21,73
274,27,74,206,139,145,170,92,122,90
274,28,191,156,168,183,24,37,47,62
274,29,161,110,69,233,1,204,244,58
274,30,77,4,128,112,225,91,175,83
274,31,59,115,61,95,88,240,12,120
274,32,149,238,158,194,255,236,47,113
274,33,41,190,146,81,126,220,196,50
274,34,116,97,161,10,247,246,188,19
274,35,202,194,167,11,235,103,142,36
274,36,188,78,154,2,10,160,153,51
274,37,163,103,22,199,59,147,124,237
274,38,127,239,118,198,189,212,128,205
274,39,252,30,70,145,34,116,62,248
275,0,188,62,211,217,162,4,223,58
275,1,27,231,191,193,245,173,198,14
275,2,76,16,92,91,157,228,56,188
275,3,201,22,197,30,69,155,180,112
275,4,134,152,94,216,98,28,203,38
275,5,0,58,210,115,251,222,60,50
275,6,12,125,43,19,92,30,102,82
275,7,4,142,181,185,183,175,187,158
275,8,53,148,59,72,85,171,249,28
275,9,99,28,1,32,134,3,79,207
275,10,217,245,207,233,149,147,9,132
275,11,153,238,15,186,97,24,32,105
275,12,21,10,2,55,13,115,38,50
275,13,34,170,208,15,158,180,183,248
275,14,173,132,17,34,252,44,162,95
275,15,74,248,6,123,206,170,90,122
275,16,230,191,234,183,56,172,168,24
275,17,69,233,210,161,244,236,27,19
275,18,77,92,129,83,98,69,53,108
275,19,60,180,208,115,219,99,221,125
275,20,53,195,172,148,100,152,118,233
275,21,99,32,207,143,195,233,183,156
275,22,217,135,109,207,245,147,149,102
275,23,32,15,153,204,63,33,238,205
275,24,244,50,13,158,21,47,10,116
275,25,34,208,0,194,45,180,248,158
275,26,132,17,248,153,78,21,144,196
275,27,139,74,206,18,92,248,145,122
275,28,234,191,230,254,56,183,186,37
275,29,161,69,233,190,244,126,58,1
275,30,77,92,129,83,69,143,209,116
275,31,157,60,95,125,180,55,83,61
275,32,12,146,195,236,109,92,14,101
275,33,37,21,181,61,196,146,81,91
275,34,121,249,246,255,212,247,195,70
275,35,44,202,11,185,136,194,103,167
275,36,126,188,78,154,79,153,160,147
275,37,196,132,103,22,199,219,214,147
275,38,87,52,239,127,118,189,132,215
275,39,224,252,251,8,70,116,30,77
276,0,52,96,232,50,211,247,178,188
276,1,199,40,195,96,37,222,80,209
276,2,172,224,65,148,2,209,35,229
276,3,197,163,201,22,112,23,216,14
276,4,134,152,206,216,221,28,175,55
276,5,0,64,58,164,243,251,77,50
276,6,195,82,125,12,43,102,92,25
276,7,142,246,166,4,187,183,33,185
276,8,53,148,59,121,72,233,85,171
276,9,99,32,134,221,3,28,229,1
276,10,217,207,245,233,250,147,132,149
276,11,167,237,186,97,220,59,44,32
276,12,10,21,50,38,2,137,116,244
276,13,34,170,45,158,0,208,248,101
276,14,173,17,132,44,252,21,239,34
276,15,74,90,206,108,6,122,170,145
276,16,191,234,230,56,172,24,168,183
276,17,69,21,210,161,233,19,8,244
276,18,77,92,116,250,108,129,83,146
276,19,60,208,115,180,94,67,48,129
276,20,53,121,195,148,172,185,144,171
276,21,32,99,207,143,122,233,229,137
276,22,233,207,135,217,116,245,147,132
276,23,59,167,63,32,220,37,222,2
276,24,50,157,116,10,158,115,210,11
276,25,101,0,183,45,34,19,208,158
276,26,132,171,161,73,153,6,84,248
276,27,206,146,130,170,145,12,139,74
276,28,56,193,230,219,82,168,183,191
276,29,19,1,88,204,21,69,165,244
276,30,77,116,91,151,162,225,143,83
276,31,157,59,88,249,34,60,85,137
276,32,12,146,179,47,14,236,125,140
276,33,167,56,81,162,181,139,198,36
276,34,195,121,44,182,18,246,191,72
276,35,202,185,167,36,148,190,129,11
276,36,188,153,78,92,26,79,129,125
276,37,78,22,103,208,162,196,27,163
276,38,118,127,243,215,119,79,135,189
276,39,44,158,77,252,116,70,99,30
277,0,141,190,235,253,61,208,221,237
277,1,47,93,46,155,244,197,182,75
277,2,17,252,210,88,35,38,24,162
277,3,187,235,231,152,77,37,133,183
277,4,142,102,13,15,222,236,128,95
277,5,186,193,235,58,145,50,6,204
277,6,125,153,43,167,54,82,62,30
277,7,29,23,185,142,33,175,187,227
277,8,53,148,195,72,89,85,234,59
277,9,99,29,94,228,164,126,77,195
277,10,130,207,169,198,132,116,192,248
277,11,189,161,136,174,32,111,98,97
277,12,10,63,26,15,21,116,160,74
277,13,34,43,183,15,45,147,208,170
277,14,20,173,44,132,124,184,224,51
277,15,147,81,98,200,206,74,235,181
277,16,5,191,172,183,196,24,117,25
277,17,69,44,250,233,119,172,225,1
277,18,77,57,0,179,83,187,224,50
277,19,115,122,88,130,117,10,191,183
277,20,195,148,234,207,72,139,85,233
277,21,126,207,29,164,99,131,143,1
277,22,116,169,198,147,137,207,234,132
277,23,189,161,24,32,44,136,111,134
277,24,63,74,242,15,26,160,38,128
277,25,147,43,45,146,97,253,130,95
277,26,20,148,124,204,171,86,50,92
277,27,200,147,98,81,23,108,228,29
277,28,43,151,133,5,172,210,66,36
277,29,76,57,69,87,44,250,243,25
277,30,163,179,85,60,0,155,42,77
277,31,116,89,12,122,191,109,163,1
277,32,223,181,119,252,255,44,54,180
277,33,98,93,210,99,137,27,39,239
277,34,82,130,74,108,132,168,137,210
277,35,203,27,33,11,19,231,64,65
277,36,222,165,159,219,29,51,163,191
277,37,165,36,54,24,111,232,202,2
277,38,64,239,117,25,222,252,140,180
277,39,186,190,235,208,222,162,6,191
278,0,193,38,167,54,44,112,94,30
278,1,46,47,105,122,140,117,238,201
278,2,145,53,128,245,104,140,19,121
278,3,26,230,103,233,236,117,78,35
278,4,67,144,81,245,45,15,179,6
278,5,90,188,224,47,186,193,214,43
278,6,215,153,60,167,54,83,43,141
278,7,176,117,185,70,23,76,134,156
278,8,195,239,33,116,185,80,73,179
278,9,126,191,116,132,131,228,113,239
278,10,248,36,198,126,192,41,157,6
278,11,133,233,36,161,111,162,86,74
278,12,74,93,44,63,242,160,21,26
278,13,33,147,45,43,61,211,15,145
278,14,20,147,86,51,50,124,204,184
278,15,147,200,81,162,98,166,189,235
278,16,151,172,156,5,117,255,133,252
278,17,44,233,57,69,76,172,110,1
278,18,0,128,77,179,226,57,161,187
278,19,12,122,115,120,109,191,212,125
278,20,195,239,148,185,72,56,179,180
278,21,126,116,207,191,99,213,164,7
278,22,248,21,36,86,113,23,29,126
278,23,36,161,162,32,133,78,63,45
278,24,44,242,93,21,74,63,87,15
278,25,104,33,61,6,45,147,136,138
278,26,20,147,86,50,204,148,200,107
278,27,98,147,200,97,170,139,74,92
278,28,151,43,255,172,156,120,117,191
278,29,57,44,233,1,69,5,161,29
278,30,77,176,169,44,128,175,60,37
278,31,122,12,115,95,212,188,50,180
278,32,255,223,132,241,226,119,158,124
278,33,110,50,93,220,83,73,67,137
278,34,218,186,123,37,176,254,82,27
278,35,14,202,194,235,53,93,164,103
278,36,188,78,154,135,136,153,160,94
278,37,163,229,219,199,59,115,62,39
278,38,239,175,198,166,159,233,191,252
278,39,238,140,235,81,95,223,100,225
279,0,173,43,112,238,30,200,140,7
279,1,46,47,188,249,137,181,246,129
279,2,186,140,245,20,82,53,72,85
279,3,117,103,233,226,26,236,230,78
279,4,144,67,81,245,193,140,62,249
279,5,220,145,85,90,188,32,224,106
279,6,7,230,254,118,12,21,145,206
279,7,142,176,88,175,245,106,159,22
279,8,53,148,195,72,59,239,133,106
279,9,99,126,134,1,201,150,53,63
279,10,23,176,78,123,43,134,96,116
279,11,42,204,135,110,24,214,61,134
279,12,10,2,244,21,202,179,111,96
279,13,34,208,201,158,205,130,170,174
279,14,132,173,34,17,143,162,239,247
279,15,90,74,206,145,170,0,122,38
279,16,191,234,74,24,172,62,60,125
279,17,69,161,210,244,58,233,8,209
279,18,77,58,54,224,98,64,92,4
279,19,208,115,127,180,61,95,62,125
279,20,53,148,7,172,100,247,118,50
279,21,99,143,214,233,135,32,22,74
279,22,245,160,30,176,108,229,149,26
279,23,80,97,111,241,105,180,55,48
279,24,244,10,13,195,116,87,239,51
279,25,34,208,158,183,50,130,170,58
279,26,130,252,21,132,248,173,78,17
279,27,206,74,92,139,122,90,145,219
279,28,191,74,200,125,158,169,197,176
279,29,150,161,204,69,190,244,32,113
279,30,77,9,4,122,64,119,67,98
279,31,67,125,61,95,115,45,254,203
279,32,33,217,219,236,7,115,212,20
279,33,192,21,159,12,7,212,196,72
279,34,16,70,211,247,254,98,155,29
279,35,202,60,53,206,151,68,11,219
279,36,188,78,154,123,110,92,121,15
279,37,163,104,103,199,140,237,59,229
279,38,239,135,175,60,133,40,198,93
279,39,25,140,238,243,195,252,187,2
280,0,57,241,88,238,108,182,6,201
280,1,192,140,181,182,249,11,246,47
280,2,8,36,49,20,21,82,124,62
280,3,226,106,126,103,150,110,69,29
280,4,140,45,193,62,28,235,171,90
280,5,220,58,50,230,85,145,237,87
280,6,7,96,98,118,255,12,237,131
280,7,176,175,142,5,22,24,145,106
280,8,195,148,53,72,185,133,80,106
280,9,69,126,99,204,152,180,150,7
280,10,126,183,6,21,133,238,104,175
280,11,133,39,253,249,28,74,177,183
280,12,212,144,21,10,102,88,164,201
280,13,34,208,170,58,205,6,21,135
280,14,132,147,21,204,107,34,162,73
280,15,74,139,235,206,141,147,166,170
280,16,172,151,191,156,120,37,134,50
280,17,69,233,44,161,57,95,210,96
280,18,77,176,98,92,128,60,172,137
280,19,115,24,180,12,122,208,95,219
280,20,195,53,148,72,85,81,143,161
280,21,99,143,1,69,233,135,136,141
280,22,217,149,248,126,147,162,224,21
280,23,140,32,204,34,133,45,219,126
280,24,127,212,13,21,161,244,213,10
280,25,34,58,208,170,136,33,45,180
280,26,132,21,147,34,204,248,30,200
280,27,74,139,147,170,235,98,141,124
280,28,172,191,151,124,37,101,120,156
280,29,161,44,57,233,69,152,158,58
280,30,77,92,176,128,175,138,170,227
280,31,180,50,95,212,115,195,122,12
280,32,132,241,60,204,255,104,108,73
280,33,110,50,33,229,106,196,108,72
280,34,218,123,27,254,93,37,176,244
280,35,14,202,194,53,103,164,87,235
280,36,188,135,154,78,4,136,2,153
280,37,163,199,219,104,52,1,171,129
280,38,239,60,175,135,198,133,109,122
280,39,96,110,140,195,184,187,150,243
281,0,236,211,60,188,189,201,4,144
281,1,167,32,185,55,118,255,144,124
281,2,91,79,32,187,61,188,6,42
281,3,56,22,93,126,201,69,149,180
281,4,28,134,203,46,140,147,175,233
281,5,0,60,154,164,108,58,22,130
281,6,30,12,113,72,7,69,249,82
281,7,142,175,4,183,228,252,39,75
281,8,53,148,72,195,38,59,233,240
281,9,99,134,1,97,28,3,221,90
281,10,149,217,135,207,245,26,147,233
281,11,216,32,61,204,230,237,44,143
281,12,13,21,38,50,244,2,10,133
281,13,34,180,0,205,13,158,194,208
281,14,21,132,173,17,34,113,44,162
281,15,74,0,90,206,170,97,139,124
281,16,234,172,191,115,24,37,158,62
281,17,69,161,233,244,210,8,140,215
281,18,77,176,54,129,92,116,141,98
281,19,24,115,129,99,208,180,48,203
281,20,195,53,148,72,172,233,143,161
281,21,99,32,143,135,233,137,183,195
281,22,217,149,135,245,207,147,116,146
281,23,32,133,37,204,180,61,216,70
281,24,50,244,21,38,127,116,13,10
281,25,34,0,208,158,21,252,194,180
281,26,21,132,17,248,171,34,78,161
281,27,74,206,97,139,147,170,92,145
281,28,120,234,191,254,172,102,230,158
281,29,161,69,44,171,233,244,94,1
281,30,77,129,197,176,99,116,232,141
281,31,95,114,49,122,115,129,167,59
281,32,146,245,12,52,255,236,254,78
281,33,61,110,166,146,4,74,133,56
281,34,191,13,121,246,166,247,120,10
281,35,202,129,167,235,14,103,11,171
281,36,188,78,154,153,10,160,176,163
281,37,163,100,199,103,58,232,132,101
281,38,92,0,122,61,252,175,67,21
281,39,8,189,176,58,163,70,140,56
282,0,101,179,35,130,197,213,48,114
282,1,62,97,27,47,30,151,123,75
282,2,40,25,88,37,175,252,164,205
282,3,26,230,233,211,146,142,205,204
282,4,15,245,241,102,144,90,198,129
282,5,58,50,222,188,103,235,90,22
282,6,14,237,30,215,210,249,246,12
282,7,112,185,175,199,2,176,40,225
282,8,195,239,148,53,35,85,72,213
282,9,203,99,180,193,1,207,119,205
282,10,248,137,132,175,193,157,147,26
282,11,133,174,32,42,178,111,188,216
282,12,160,21,220,116,38,253,3,10
282,13,21,29,211,34,170,45,208,58
282,14,132,44,86,34,173,248,161,21
282,15,172,74,37,206,147,139,90,213
282,16,120,172,191,24,183,255,72,96
282,17,69,8,233,44,166,60,95,1
282,18,77,197,176,83,148,170,22,226
282,19,122,59,115,4,167,88,130,208
282,20,195,53,148,239,216,185,161,233
282,21,203,99,207,143,180,131,85,229
282,22,116,236,132,207,83,137,165,193
282,23,133,174,39,134,98,111,2,141
282,24,116,220,244,160,127,229,21,43
282,25,21,208,34,29,105,136,158,45
282,26,132,86,78,248,44,21,161,58
282,27,74,206,24,172,139,212,100,169
282,28,120,24,191,96,72,47,195,170
282,29,69,161,5,1,8,195,165,141
282,30,77,91,176,190,170,64,71,225
282,31,95,59,240,124,88,115,137,14
282,32,245,158,98,99,236,47,247,156
282,33,190,126,232,4,81,166,220,41
282,34,116,247,10,161,55,246,97,120
282,35,202,167,194,235,103,212,39,11
282,36,188,78,10,239,70,121,235,34
282,37,163,103,90,58,199,22,124,219
282,38,92,127,118,148,71,212,205,128
282,39,189,36,2,70,248,38,213,69
283,0,29,62,41,86,65,4,236,211
283,1,193,5,124,252,42,245,238,153
283,2,188,139,255,157,87,194,170,7
283,3,30,154,201,177,11,39,100,196
283,4,149,152,4,216,121,134,38,90
283,5,213,0,153,58,115,170,50,183
283,6,102,241,125,237,100,12,209,26
283,7,185,199,253,132,158,32,85,175
283,8,53,148,157,216,85,161,59,195
283,9,99,207,120,143,204,85,166,229
283,10,17,178,132,116,117,233,100,192
283,11,209,164,202,97,17,133,248,134
283,12,228,166,116,119,10,39,244,178
283,13,219,183,21,211,113,208,50,199
283,14,146,167,161,190,44,40,91,217
283,15,24,116,206,79,129,110,139,147
283,16,185,101,138,24,170,191,137,72
283,17,195,8,69,157,229,165,89,78
283,18,77,130,22,176,83,104,118,166
283,19,28,124,137,59,14,50,115,122
283,20,216,53,148,195,161,100,233,72
283,21,99,207,143,233,120,252,240,86
283,22,116,17,207,132,178,78,192,233
283,23,209,17,133,134,248,180,56,97
283,24,228,116,166,229,244,2,106,173
283,25,63,208,192,211,136,34,21,219
283,26,132,146,78,248,161,21,190,44
283,27,206,74,139,24,92,129,90,100
283,28,138,191,120,24,201,101,165,197
283,29,161,165,195,78,1,69,8,157
283,30,77,130,237,66,176,64,122,83
283,31,95,137,50,83,14,67,132,157
283,32,75,245,14,197,57,173,30,19
283,33,5,103,18,81,161,4,146,136
283,34,227,247,11,211,120,152,18,143
283,35,202,198,194,103,11,167,19,36
283,36,188,10,78,48,153,154,235,160
283,37,163,199,219,103,22,162,124,194
283,38,127,185,205,118,124,198,212,128
283,39,34,77,70,120,13,116,63,219
284,0,211,19,8,254,220,159,75,208
284,1,5,230,197,44,155,235,193,14
284,2,149,253,130,83,241,144,52,115
284,3,154,226,243,213,196,36,182,1
284,4,175,134,44,199,178,21,171,100
284,5,0,77,164,243,58,42,91,130
284,6,12,11,102,96,168,77,62,125
284,7,38,142,96,39,253,246,232,22
284,8,53,148,121,59,72,216,63,233
284,9,99,134,3,53,179,28,90,32
284,10,116,146,77,148,132,233,156,242
284,11,97,37,164,180,70,141,214,134
284,12,10,228,116,21,38,2,163,96
284,13,34,0,208,19,83,136,183,158
284,14,132,44,21,146,190,173,248,153
284,15,74,90,206,12,79,139,145,0
284,16,191,24,185,183,53,195,172,254
284,17,69,233,210,4,161,19,244,169
284,18,77,176,66,83,54,64,92,58
284,19,129,95,115,219,208,24,48,25
284,20,53,148,195,216,72,161,144,85
284,21,99,32,252,233,228,214,105,207
284,22,245,116,207,77,108,229,149,132
284,23,180,134,97,32,187,253,74,184
284,24,116,10,166,244,2,21,184,133
284,25,34,208,136,192,158,63,0,250
284,26,132,248,21,190,78,113,252,34
284,27,74,206,90,145,139,12,129,92
284,28,191,53,24,183,37,101,56,234
284,29,161,165,69,62,4,195,19,204
284,30,77,176,66,143,151,83,64,225
284,31,95,219,83,50,247,129,85,157
284,32,14,235,245,144,92,202,236,57
284,33,84,47,203,4,103,146,250,68
284,34,128,18,11,185,247,143,121,120
284,35,202,101,11,129,103,167,236,36
284,36,188,78,103,154,44,10,153,92
284,37,163,199,103,162,22,237,59,219
284,38,239,127,198,118,205,236,189,242
284,39,77,219,141,70,99,173,253,34
285,0,48,211,62,201,234,188,161,4
285,1,80,185,32,123,193,14,144,141
285,2,144,215,207,111,85,107,91,222
285,3,197,22,40,201,126,53,56,69
285,4,134,175,28,38,233,148,203,197
285,5,0,60,58,164,77,99,130,175
285,6,113,12,82,30,77,11,125,69
285,7,142,4,228,183,246,253,30,175
285,8,53,148,59,38,233,249,72,121
285,9,99,134,195,28,3,154,32,97
285,10,149,207,233,217,183,245,26,146
285,11,216,164,97,193,32,222,44,204
285,12,21,50,38,10,244,2,239,133
285,13,34,208,0,115,180,170,183,136
285,14,21,132,173,44,113,17,34,248
285,15,74,90,139,206,0,12,170,145
285,16,24,191,234,172,230,183,62,59
285,17,69,161,233,210,244,8,4,209
285,18,77,176,54,116,92,83,224,143
285,19,24,115,129,48,208,95,99,88
285,20,53,148,195,72,121,233,216,161
285,21,99,32,143,252,233,229,195,137
285,22,245,207,116,149,233,147,137,146
285,23,222,32,180,133,61,220,204,97
285,24,244,10,116,21,50,11,119,176
285,25,34,208,115,0,21,101,136,192
285,26,132,248,84,21,17,171,58,146
285,27,74,24,206,145,139,90,92,122
285,28,120,191,24,168,151,183,193,102
285,29,165,69,21,88,161,195,9,204
285,30,77,162,116,225,83,5,250,99
285,31,95,115,157,191,59,137,129,159
285,32,12,146,245,57,6,140,179,230
285,33,139,162,4,146,56,67,61,81
285,34,247,195,10,121,44,191,109,211
285,35,202,11,194,167,103,19,197,195
285,36,188,78,154,10,51,39,92,153
285,37,163,103,199,22,237,78,56,59
285,38,127,198,239,118,59,52,119,205
285,39,31,129,70,252,158,116,220,30
286,0,135,79,230,108,133,187,74,75
286,1,139,123,193,40,174,232,246,10
286,2,252,242,205,107,112,207,40,35
286,3,146,58,192,14,153,97,98,83
286,4,14,129,67,65,126,240,85,43
286,5,235,191,67,170,153,175,58,9
286,6,125,215,43,255,21,129,28,241
286,7,44,112,253,185,66,176,4,187
286,8,33,53,148,85,122,10,59,142
286,9,132,240,180,99,207,143,98,85
286,10,248,132,207,253,178,193,41,71
286,11,36,20,49,133,98,186,238,111
286,12,21,10,228,116,3,253,242,119
286,13,34,33,142,183,15,29,208,104
286,14,132,173,147,34,44,21,248,58
286,15,74,24,90,206,240,139,170,122
286,16,191,158,24,156,120,172,168,151
286,17,69,195,210,110,244,161,233,58
286,18,77,112,54,128,98,224,58,176
286,19,208,115,129,240,12,219,120,214
286,20,53,33,216,148,85,195,100,161
286,21,99,132,143,233,195,207,129,137
286,22,245,207,189,116,28,78,147,112
286,23,133,36,134,193,242,186,20,223
286,24,244,10,228,255,195,21,116,43
286,25,34,208,15,158,33,63,21,104
286,26,132,248,78,34,147,21,48,153
286,27,206,74,24,145,139,122,170,90
286,28,191,120,156,168,165,158,24,183
286,29,161,110,195,244,69,233,165,204
286,30,77,128,4,112,122,98,64,176
286,31,50,61,67,115,208,240,12,95
286,32,149,238,158,101,245,219,113,194
286,33,41,67,50,196,4,146,136,64
286,34,247,97,161,116,98,218,37,34
286,35,202,11,167,194,103,142,197,236
286,36,188,78,10,51,154,2,160,89
286,37,163,103,199,59,237,247,22,97
286,38,239,127,128,198,205,118,189,40
286,39,252,145,34,62,30,237,116,70
287,0,188,217,62,231,162,4,211,207
287,1,27,231,173,191,245,193,198,55
287,2,76,16,205,61,91,177,79,126
287,3,197,201,22,112,109,249,111,16
287,4,134,203,152,216,157,38,191,0
287,5,0,42,80,210,251,129,98,150
287,6,125,12,19,82,92,102,43,123
287,7,4,142,187,30,98,246,225,158
287,8,53,148,59,85,171,161,72,249
287,9,99,3,134,28,32,79,53,1
287,10,109,233,245,217,207,116,132,149
287,11,97,24,186,91,15,82,238,32
287,12,21,10,228,50,2,177,47,38
287,13,34,170,0,208,158,63,248,201
287,14,173,34,132,17,190,239,162,153
287,15,74,206,122,0,90,170,60,84
287,16,191,234,230,24,168,56,186,158
287,17,210,69,244,233,58,161,19,4
287,18,77,54,98,58,143,92,53,129
287,19,208,115,60,180,129,219,25,240
287,20,53,148,100,85,24,47,195,144
287,21,99,32,143,233,195,207,74,129
287,22,245,109,217,207,28,233,135,147
287,23,32,180,33,40,214,204,24,165
287,24,244,10,50,255,21,229,116,158
287,25,34,63,208,158,0,45,194,248
287,26,132,17,248,21,190,78,153,162
287,27,206,74,139,92,145,112,122,24
287,28,234,191,230,56,183,254,200,158
287,29,161,126,244,165,195,233,185,204
287,30,77,143,129,209,98,18,4,151
287,31,157,60,83,55,99,203,61,95
287,32,12,146,109,173,245,92,101,203
287,33,181,61,56,4,189,196,146,37
287,34,249,166,121,109,247,70,13,98
287,35,44,202,11,236,161,136,80,219
287,36,126,188,78,160,79,130,154,89
287,37,196,132,113,103,186,214,163,199
287,38,87,52,239,67,132,189,196,198
287,39,224,237,251,99,8,112,77,235
288,0,52,96,50,247,232,178,204,4
288,1,199,40,195,96,37,222,209,80
288,2,172,224,148,65,2,209,112,171
288,3,197,22,201,112,14,23,216,138
288,4,134,152,221,216,203,38,55,186
288,5,0,243,58,164,130,122,50,77
288,6,125,82,43,96,19,12,123,237
288,7,142,4,187,33,185,246,183,227
288,8,53,148,59,85,216,72,121,230
288,9,99,229,209,28,179,134,207,143
288,10,207,132,116,233,250,178,217,147
288,11,180,136,97,238,164,186,220,43
288,12,228,21,10,157,116,115,244,242
288,13,34,183,170,15,208,63,45,130
288,14,190,171,44,132,173,161,20,50
288,15,147,206,74,98,24,122,177,90
288,16,101,172,191,193,24,25,230,183
288,17,119,233,69,195,21,8,10,44
288,18,77,250,104,92,151,127,83,98
288,19,249,214,60,115,94,220,221,124
288,20,216,195,121,185,233,100,85,139
288,21,207,131,209,143,8,222,83,99
288,22,116,137,147,233,178,242,132,156
288,23,136,201,59,220,133,167,222,134
288,24,242,228,50,128,11,38,115,157
288,25,101,63,45,183,97,19,0,56
288,26,190,92,171,44,161,50,170,132
288,27,24,206,97,146,128,28,130,147
288,28,193,101,219,120,102,82,230,168
288,29,88,94,21,119,1,8,165,27
288,30,162,250,232,77,91,16,119,98
288,31,183,59,124,34,249,157,137,43
288,32,12,146,125,179,140,170,3,254
288,33,167,56,181,139,132,90,166,143
288,34,195,44,109,20,10,240,238,235
288,35,167,202,212,148,74,11,80,235
288,36,188,93,92,227,115,119,163,147
288,37,78,65,101,22,169,113,19,35
288,38,135,169,119,117,127,159,61,118
288,39,117,158,252,129,122,70,179,243
289,0,141,190,235,208,253,221,61,237
289,1,47,93,46,244,155,197,188,182
289,2,17,172,163,229,24,4,162,252
289,3,231,187,235,77,152,183,133,12
289,4,128,142,13,236,15,102,95,222
289,5,186,193,41,224,78,90,104,47
289,6,54,153,167,215,43,241,125,83
289,7,29,185,216,23,33,175,5,225
289,8,195,53,234,148,72,89,93,133
289,9,164,126,99,94,228,29,77,116
289,10,198,169,130,23,248,113,100,49
289,11,161,189,136,133,32,178,111,233
289,12,242,74,63,160,26,21,15,238
289,13,147,43,130,61,95,45,170,97
289,14,50,20,184,92,132,51,224,124
289,15,200,147,81,189,206,74,97,181
289,16,172,255,5,133,196,191,120,51
289,17,119,233,44,250,76,172,95,69
289,18,77,0,179,57,13,226,161,104
289,19,163,23,122,109,26,115,191,246
289,20,195,234,72,148,56,237,53,83
289,21,126,164,29,116,131,161,38,207
289,22,198,130,169,113,23,234,116,137
289,23,161,136,189,134,45,178,44,174
289,24,242,74,63,26,15,160,38,238
289,25,147,61,43,13,45,97,130,92
289,26,50,20,92,148,124,51,110,171
289,27,189,200,147,98,81,97,170,162
289,28,151,43,133,255,5,172,72,50
289,29,119,57,44,76,1,69,87,172
289,30,77,179,44,0,163,60,105,30
289,31,116,12,122,109,163,115,4,191
289,32,223,181,119,255,178,11,244,54
289,33,93,99,239,129,137,227,83,67
289,34,74,82,130,96,132,168,231,76
289,35,27,203,160,222,33,231,11,19
289,36,222,165,191,29,109,80,163,220
289,37,54,68,77,24,165,118,6,101
289,38,64,25,165,159,239,117,140,252
289,39,186,190,235,222,48,173,218,6
290,0,193,38,54,167,44,112,94,30
290,1,46,47,105,122,201,117,238,140
290,2,245,53,145,128,140,186,241,104
290,3,26,103,230,233,236,78,35,117
290,4,67,144,81,245,45,213,179,130
290,5,90,188,224,193,47,78,109,43
290,6,60,215,54,153,96,131,191,206
290,7,176,117,70,231,42,134,55,106
290,8,239,195,33,73,104,185,80,116
290,9,126,113,191,116,132,239,131,25
290,10,248,175,100,6,115,126,238,36
290,11,133,36,233,140,162,246,39,38
290,12,242,44,93,144,85,164,54,74
290,13,33,61,104,6,11,212,145,45
290,14,147,50,86,204,57,106,224,51
290,15,166,189,147,228,98,213,235,162
290,16,151,156,172,252,152,255,133,160
290,17,44,57,110,5,69,233,1,166
290,18,128,77,226,176,192,179,138,156
290,19,12,122,115,120,212,167,88,59
290,20,195,239,148,72,185,33,53,105
290,21,126,116,207,99,1,191,143,229
290,22,248,147,165,126,86,161,36,6
290,23,140,36,133,111,63,32,47,78
290,24,44,220,93,242,39,116,212,144
290,25,6,33,104,45,61,138,11,145
290,26,204,147,50,86,118,214,90,106
290,27,98,147,200,166,139,235,46,162
290,28,43,156,151,172,117,72,212,47
290,29,5,57,44,1,69,76,186,233
290,30,77,128,97,226,91,138,169,192
290,31,122,12,59,212,115,167,95,88
290,32,223,255,158,119,47,181,132,178
290,33,93,83,220,81,110,190,73,41
290,34,1,186,116,246,82,10,19,239
290,35,14,202,167,36,224,11,130,235
290,36,188,70,153,166,78,160,181,129
290,37,58,229,163,22,86,212,115,219
290,38,92,148,118,127,233,65,21,175
290,39,238,189,38,70,2,235,252,89
291,0,173,43,112,30,238,200,140,7
291,1,46,47,188,249,137,181,129,246
291,2,186,140,245,82,85,53,156,200
291,3,103,117,233,26,226,236,230,78
291,4,144,81,67,245,213,249,62,199
291,5,85,220,224,188,255,90,145,230
291,6,96,118,230,81,145,206,7,98
291,7,176,221,22,142,206,141,200,88
291,8,195,239,148,53,106,72,59,84
291,9,126,99,113,53,127,246,60,210
291,10,96,115,123,145,240,78,43,93
291,11,42,253,58,181,214,249,204,135
291,12,10,2,88,21,179,202,244,238
291,13,34,205,208,170,58,130,67,216
291,14,132,34,173,162,161,248,239,44
291,15,74,206,90,145,170,139,38,147
291,16,191,74,172,24,125,158,195,25
291,17,69,244,233,210,161,44,204,58
291,18,77,54,224,92,138,58,64,96
291,19,208,180,115,95,25,127,219,129
291,20,53,195,148,85,144,72,161,150
291,21,99,143,233,214,195,74,135,150
291,22,245,149,160,162,147,217,116,207
291,23,32,80,111,204,140,180,40,242
291,24,244,13,195,21,127,116,229,10
291,25,34,158,208,45,58,248,170,180
291,26,21,132,130,78,252,248,161,17
291,27,74,206,139,170,166,235,98,145
291,28,191,172,74,165,158,37,228,125
291,29,161,233,69,150,44,1,209,244
291,30,77,176,4,92,122,64,138,175
291,31,95,115,180,61,122,203,212,67
291,32,33,132,255,241,158,204,68,178
291,33,192,110,50,146,123,196,220,91
291,34,218,16,211,123,254,247,37,116
291,35,202,194,236,235,79,220,11,142
291,36,188,78,154,110,176,160,134,186
291,37,163,103,199,22,237,177,140,200
291,38,92,118,127,239,148,135,175,79
291,39,2,189,70,25,38,242,243,252
292,0,57,241,88,238,108,6,182,201
292,1,192,140,181,249,47,182,246,136
292,2,8,36,82,21,62,124,116,186
292,3,226,103,106,126,150,110,29,151
292,4,140,45,193,62,235,28,171,249
292,5,220,230,85,29,87,72,106,231
292,6,96,98,7,118,140,131,193,28
292,7,176,175,22,142,5,145,106,24
292,8,195,148,53,72,133,185,106,80
292,9,69,126,99,204,1,180,152,229
292,10,126,183,6,238,104,175,86,133
292,11,133,39,253,249,32,183,28,74
292,12,212,144,41,102,164,88,10,127
292,13,34,208,58,6,170,205,135,112
292,14,132,147,204,21,107,34,248,162
292,15,235,139,74,166,147,206,141,98
292,16,172,151,191,156,124,112,120,158
292,17,69,44,233,161,57,110,215,5
292,18,77,176,92,226,175,172,128,54
292,19,180,115,122,24,95,12,208,212
292,20,195,53,72,148,85,161,143,118
292,21,99,69,143,1,141,126,201,148
292,22,149,217,248,147,126,162,161,27
292,23,140,32,204,63,39,34,126,47
292,24,127,212,21,161,13,213,244,48
292,25,34,58,208,45,33,139,170,136
292,26,132,204,147,21,54,248,30,253
292,27,147,139,74,235,141,98,170,117
292,28,172,124,191,151,156,37,66,158
292,29,161,44,233,69,57,1,149,158
292,30,77,92,176,175,169,128,138,170
292,31,180,50,212,95,122,115,166,195
292,32,60,241,132,255,204,104,2,227
292,33,110,50,33,229,106,108,196,130
292,34,218,123,27,254,93,37,176,211
292,35,202,14,53,194,87,236,11,164
292,36,188,135,154,78,2,153,4,136
292,37,163,199,104,52,129,171,103,219
292,38,239,135,60,175,122,27,198,109
292,39,110,96,140,243,195,184,187,252
293,0,148,120,195,75,236,211,184,232
293,1,251,71,1,3,55,167,100,108
293,2,91,79,228,148,187,6,32,126
293,3,56,201,22,249,69,93,161,126
293,4,216,46,147,134,28,140,187,49
293,5,0,154,22,108,130,251,56,210
293,6,7,30,12,72,113,210,151,219
293,7,142,4,225,175,137,5,24,33
293,8,53,148,72,225,59,195,161,133
293,9,99,150,207,90,1,134,81,229
293,10,135,109,149,147,217,190,207,250
293,11,32,186,15,52,70,97,134,153
293,12,21,47,38,10,240,244,50,2
293,13,34,215,13,170,16,87,208,58
293,14,196,132,161,44,171,144,162,49
293,15,74,147,130,170,35,139,213,145
293,16,172,230,120,56,191,254,243,10
293,17,233,44,69,126,158,115,8,19
293,18,77,92,129,13,176,18,53,5
293,19,180,229,115,48,60,240,25,208
293,20,195,47,123,85,121,53,72,148
293,21,99,142,131,207,143,44,161,6
293,22,70,135,109,147,194,149,122,146
293,23,32,63,70,99,135,133,105,237
293,24,50,47,240,101,220,38,115,103
293,25,13,240,45,215,0,155,87,203
293,26,196,144,171,204,44,252,253,86
293,27,98,35,130,112,155,147,18,178
293,28,10,172,56,59,254,105,230,117
293,29,126,233,44,158,149,1,19,171
293,30,18,92,77,129,97,138,98,143
293,31,55,180,157,49,99,37,15,122
293,32,58,248,173,78,255,12,120,229
293,33,176,110,229,74,50,108,167,235
293,34,15,218,80,249,13,121,254,166
293,35,106,14,202,87,194,79,142,95
293,36,21,228,188,154,17,78,138,148
293,37,244,163,214,132,199,92,110,103
293,38,43,239,175,122,141,177,198,135
293,39,37,5,112,8,209,127,140,252
294,0,241,54,50,26,164,17,156,150
294,1,251,208,3,195,71,68,255,35
294,2,148,136,91,7,213,192,92,24
294,3,201,163,22,56,155,216,197,87
294,4,216,147,134,94,46,28,152,206
294,5,0,64,154,77,22,56,60,108
294,6,30,72,113,195,249,12,7,92
294,7,142,175,4,183,246,245,166,104
294,8,53,148,72,121,50,133,240,59
294,9,99,32,134,90,221,3,1,229
294,10,217,135,233,149,207,245,116,250
294,11,186,237,230,97,32,153,180,134
294,12,21,10,2,13,38,50,142,251
294,13,34,215,13,170,194,208,180,130
294,14,57,17,132,173,248,162,196,130
294,15,90,74,206,139,6,145,255,170
294,16,172,191,56,230,254,166,234,168
294,17,233,69,171,161,210,244,44,58
294,18,77,129,92,98,116,176,54,107
294,19,180,208,115,60,129,221,114,95
294,20,53,121,148,85,195,172,118,161
294,21,99,32,143,122,229,195,74,1
294,22,149,135,245,207,233,147,217,122
294,23,32,105,237,167,33,63,59,186
294,24,50,21,240,10,58,158,244,38
294,25,34,170,208,0,248,215,45,101
294,26,196,57,132,248,153,253,204,73
294,27,74,145,170,206,235,177,139,130
294,28,172,254,230,191,234,59,56,102
294,29,233,44,19,1,244,158,171,60
294,30,77,116,92,129,97,197,98,241
294,31,49,157,180,95,37,59,115,88
294,32,78,255,12,144,28,146,57,73
294,33,133,110,162,250,229,167,74,56
294,34,121,13,5,191,195,15,254,249
294,35,202,14,87,136,53,167,36,235
294,36,188,92,154,153,78,160,136,220
294,37,208,100,132,113,163,199,170,103
294,38,135,122,175,243,239,87,0,143
294,39,8,32,176,243,57,184,150,252
295,0,179,130,145,91,79,119,213,197
295,1,139,0,64,106,123,216,87,151
295,2,37,175,25,40,148,136,35,88
295,3,59,142,69,149,129,88,126,205
295,4,241,15,131,230,90,240,181,129
295,5,50,58,22,154,108,146,0,56
295,6,30,210,255,72,113,249,14,12
295,7,175,4,5,227,24,26,185,142
295,8,195,72,148,53,85,213,133,59
295,9,69,99,203,1,229,207,180,166
295,10,147,135,149,207,70,137,190,217
295,11,174,32,186,178,63,134,99,44
295,12,21,160,38,10,240,220,116,201
295,13,170,34,215,58,208,101,45,7
295,14,132,196,204,44,73,248,162,161
295,15,74,147,170,139,145,206,235,90
295,16,172,191,25,120,230,72,254,168
295,17,233,44,94,69,58,210,158,37
295,18,77,92,129,53,224,148,58,98
295,19,115,180,122,127,240,208,130,212
295,20,195,85,148,121,53,185,72,118
295,21,69,99,143,203,229,1,207,195
295,22,137,147,70,149,207,132,135,245
295,23,32,174,63,44,98,186,159,133
295,24,50,116,15,21,220,10,101,11
295,25,45,101,113,160,183,170,87,92
295,26,44,204,73,203,86,231,218,213
295,27,23,98,155,249,169,147,177,170
295,28,72,26,219,102,117,47,32,145
295,29,1,94,19,223,44,21,222,60
295,30,91,220,97,85,225,77,197,232
295,31,59,88,122,49,183,166,218,228
295,32,254,47,255,12,236,57,247,140
295,33,126,162,47,56,139,81,166,177
295,34,195,91,191,10,121,246,44,143
295,35,167,202,36,185,14,235,129,254
295,36,2,92,153,188,78,129,118,26
295,37,208,22,113,229,163,78,103,238
295,38,135,118,127,79,0,119,251,168
295,39,70,116,77,44,122,30,129,197
296,0,51,58,189,75,180,74,128,108
296,1,139,123,81,232,193,30,97,169
296,2,40,164,194,88,136,34,119,18
296,3,87,46,211,172,83,97,129,160
296,4,14,129,240,90,167,38,181,16
296,5,58,146,50,235,103,153,191,0
296,6,255,210,14,246,31,215,238,237
296,7,44,185,2,66,175,24,4,172
296,8,33,195,85,148,4,23,72,86
296,9,132,180,207,229,99,1,98,240
296,10,193,137,132,70,248,190,122,147
296,11,36,174,167,99,63,20,39,52
296,12,203,160,242,116,21,15,106,10
296,13,33,29,145,45,212,178,142,183
296,14,204,147,6,214,242,44,253,231
296,15,155,36,166,147,169,98,23,37
296,16,156,96,117,32,72,172,26,152
296,17,94,110,1,44,37,69,20,198
296,18,128,112,220,122,148,91,77,170
296,19,120,12,122,59,88,212,115,183
296,20,195,33,148,72,185,85,53,151
296,21,132,180,207,99,240,69,241,229
296,22,248,194,132,70,34,147,116,165
296,23,36,20,63,39,98,99,167,7
296,24,203,116,251,21,223,39,67,15
296,25,33,142,45,160,104,145,178,208
296,26,147,204,44,242,84,90,132,198
296,27,155,98,166,46,147,206,139,74
296,28,156,172,124,61,191,117,96,72
296,29,110,44,233,1,244,69,158,156
296,30,77,128,85,220,92,112,122,97
296,31,12,120,122,50,180,143,115,212
296,32,149,158,238,255,113,60,132,25
296,33,41,220,110,126,50,108,190,167
296,34,97,91,218,15,161,34,116,37
296,35,202,14,167,11,87,103,194,235
296,36,2,188,154,78,153,160,207,186
296,37,163,229,104,22,103,59,199,99
296,38,135,27,168,239,175,118,93,127
296,39,243,110,70,12,96,252,69,78
297,0,189,130,161,179,57,119,197,114
297,1,192,173,191,182,70,139,146,31
297,2,8,76,81,222,61,36,16,115
297,3,106,226,151,110,250,210,129,69
297,4,244,165,240,90,129,171,45,114
297,5,58,220,237,50,87,46,73,239
297,6,255,19,12,210,99,246,30,228
297,7,175,176,142,106,66,185,225,145
297,8,195,33,148,53,72,85,216,59
297,9,132,69,99,180,143,229,1,241
297,10,183,126,43,88,217,255,245,147
297,11,36,39,32,42,238,63,78,134
297,12,10,21,115,212,2,116,201,203
297,13,34,208,33,170,58,112,174,205
297,14,132,173,34,44,248,162,147,239
297,15,90,74,206,139,145,170,166,60
297,16,191,172,24,156,74,254,168,234
297,17,233,69,210,244,110,161,44,94
297,18,77,92,54,58,224,98,122,128
297,19,180,208,115,127,219,129,95,25
297,20,195,53,148,85,72,118,161,150
297,21,99,69,143,1,195,233,132,229
297,22,149,147,245,217,224,248,183,162
297,23,32,39,36,63,140,204,180,105
297,24,13,244,212,21,127,169,10,195
297,25,34,208,112,33,45,248,170,58
297,26,132,21,248,78,147,0,253,34
297,27,74,139,206,145,117,170,166,235
297,28,191,172,124,104,156,61,165,65
297,29,233,161,69,44,244,58,1,110
297,30,77,92,128,170,122,138,176,4
297,31,180,50,95,115,212,120,61,125
297,32,60,255,204,241,132,158,115,219
297,33,110,33,50,229,108,106,41,220
297,34,218,93,123,254,37,27,169,211
297,35,202,194,11,14,87,235,103,79
297,36,188,78,154,2,135,153,10,160
297,37,163,104,103,199,1,59,219,99
297,38,239,135,60,175,122,198,27,189
297,39,110,96,140,243,252,195,184,187
298,0,188,58,248,234,189,4,144,231
298,1,191,27,245,231,167,198,14,35
298,2,76,79,91,187,188,32,126,42
298,3,56,201,197,22,69,16,249,112
298,4,134,203,216,46,152,28,147,6
298,5,0,154,80,210,58,60,22,175
298,6,12,30,72,7,113,210,19,195
298,7,142,4,225,175,158,187,183,243
298,8,53,148,72,59,85,161,144,171
298,9,99,1,28,207,32,229,3,150
298,10,149,135,217,207,245,147,233,116
298,11,32,15,237,153,24,97,105,58
298,12,21,10,115,13,38,2,50,240
298,13,34,208,170,215,174,194,248,201
298,14,132,17,173,34,196,26,162,248
298,15,74,6,123,90,206,60,122,124
298,16,191,230,56,172,234,254,169,107
298,17,69,233,244,210,161,96,94,27
298,18,77,92,129,54,98,176,195,237
298,19,60,180,115,208,219,94,148,125
298,20,53,172,148,195,72,152,233,118
298,21,99,32,143,207,233,195,174,156
298,22,217,135,109,245,102,149,147,233
298,23,32,33,15,24,204,63,135,99
298,24,244,13,115,158,50,240,47,21
298,25,34,208,194,203,248,0,215,170
298,26,132,248,196,21,17,78,153,171
298,27,139,206,74,18,92,6,122,90
298,28,191,234,254,230,172,56,10,158
298,29,161,233,69,44,244,126,190,209
298,30,77,92,129,241,18,116,143,64
298,31,180,157,60,95,55,221,114,49
298,32,143,12,92,146,78,173,73,255
298,33,110,21,61,91,229,196,37,146
298,34,13,121,249,218,254,246,247,123
298,35,44,202,87,136,11,14,103,220
298,36,126,188,78,154,135,55,79,153
298,37,132,196,103,199,163,122,113,100
298,38,239,87,122,135,175,132,52,0
298,39,8,224,32,251,176,184,243,103
299,0,77,211,188,232,26,138,37,223
299,1,214,40,119,199,222,72,80,125
299,2,172,224,193,65,248,229,2,148
299,3,56,163,14,247,22,216,197,81
299,4,206,134,147,175,28,216,148,46
299,5,64,19,0,185,42,22,159,164
299,6,195,72,125,30,82,123,12,212
299,7,166,4,142,246,225,175,158,187
299,8,53,148,59,172,121,72,85,62
299,9,99,134,32,3,1,221,214,28
299,10,207,245,149,135,233,217,190,250
299,11,167,218,180,44,237,222,186,97
299,12,21,38,2,10,158,55,50,83
299,13,34,101,170,211,215,0,174,194
299,14,17,132,239,58,34,196,162,190
299,15,6,74,170,206,90,122,97,92
299,16,166,234,191,172,230,56,254,82
299,17,69,225,19,161,233,22,213,144
299,18,77,92,129,108,98,143,66,31
299,19,180,208,48,60,188,247,76,47
299,20,53,148,121,172,195,100,72,118
299,21,99,32,143,207,195,233,74,135
299,22,135,217,26,245,233,109,102,246
299,23,167,37,32,222,180,63,70,184
299,24,55,240,131,38,50,148,158,244
299,25,211,215,203,248,0,208,34,101
299,26,132,196,162,17,144,153,248,78
299,27,108,130,74,206,139,79,12,6
299,28,254,234,56,191,172,105,166,59
299,29,233,225,19,244,44,69,156,209
299,30,92,129,116,77,241,143,98,108
299,31,49,180,157,95,208,149,115,203
299,32,12,57,146,255,73,92,78,248
299,33,167,110,61,162,70,229,146,181
299,34,121,13,249,191,80,254,246,73
299,35,136,202,11,14,87,219,220,142
299,36,92,78,188,160,154,17,21,153
299,37,100,132,214,208,113,163,103,170
299,38,87,122,175,243,239,198,135,143
299,39,8,176,32,57,251,252,184,243
300,0,179,130,145,119,213,91,79,197
300,1,139,64,0,106,123,87,216,219
300,2,37,40,25,175,88,164,114,18
300,3,59,142,129,205,208,52,255,110
300,4,241,131,15,230,151,181,129,90
300,5,50,58,22,103,146,224,140,108
300,6,72,30,249,210,54,255,125,19
300,7,175,4,227,142,245,185,24,33
300,8,195,53,148,85,72,59,151,1
300,9,99,69,207,1,166,229,203,143
300,10,135,147,207,137,149,250,217,190
300,11,136,32,174,167,63,178,186,134
300,12,21,38,115,10,160,240,242,203
300,13,34,170,215,101,208,45,58,174
300,14,132,171,173,58,248,73,204,44
300,15,147,74,98,170,206,60,90,145
300,16,172,191,25,254,73,24,230,168
300,17,94,69,225,233,44,1,21,37
300,18,77,92,129,224,33,53,146,226
300,19,180,115,122,249,212,48,166,88
300,20,195,121,148,72,85,185,53,179
300,21,69,99,207,1,229,143,233,166
300,22,137,147,135,70,217,149,116,207
300,23,174,32,63,136,167,44,134,186
300,24,115,50,119,242,131,128,116,38
300,25,101,45,0,211,222,215,87,56
300,26,171,44,203,204,86,92,214,231
300,27,23,130,98,147,12,155,97,170
300,28,219,151,102,117,72,120,26,255
300,29,225,94,119,1,44,60,54,233
300,30,232,225,197,85,91,83,116,77
300,31,249,49,122,59,88,149,52,183
300,32,255,57,254,47,236,3,159,55
300,33,162,126,47,90,143,108,81,110
300,34,91,191,121,10,246,15,195,120
300,35,235,167,36,202,194,129,14,78
300,36,2,92,188,153,1,160,123,248
300,37,208,229,101,163,113,34,22,2
300,38,168,135,0,93,46,61,202,251
300,39,129,197,176,112,70,122,57,31
301,0,58,51,189,180,74,75,34,64
301,1,139,81,97,123,75,232,239,193
301,2,40,88,164,18,194,119,222,114
301,3,87,46,83,97,160,129,204,98
301,4,14,244,129,240,67,90,201,241
301,5,224,58,235,50,146,103,222,191
301,6,54,210,255,30,246,249,31,19
301,7,176,185,66,44,175,227,5,2
301,8,33,195,85,216,72,53,148,107
301,9,132,180,207,99,240,126,229,1
301,10,248,137,132,70,147,193,86,77
301,11,36,136,63,174,167,99,32,140
301,12,242,160,203,115,21,10,116,15
301,13,33,45,104,170,145,37,178,58
301,14,147,171,204,214,50,44,224,253
301,15,155,147,166,98,189,37,235,177
301,16,156,26,172,117,32,72,151,73
301,17,110,94,44,1,69,119,57,8
301,18,128,220,97,77,112,22,122,91
301,19,12,122,120,59,243,23,115,241
301,20,33,195,216,185,85,205,107,148
301,21,132,180,207,126,229,99,124,56
301,22,70,86,248,194,37,29,34,147
301,23,36,136,63,54,174,32,98,167
301,24,242,203,116,115,39,255,21,114
301,25,104,33,192,178,37,160,222,45
301,26,147,50,92,242,44,204,16,171
301,27,97,155,189,166,98,56,46,128
301,28,120,151,156,255,172,158,61,143
301,29,110,57,44,119,233,156,198,36
301,30,128,92,85,122,112,74,77,104
301,31,10,12,50,208,180,158,176,255
301,32,149,52,238,158,255,115,203,60
301,33,137,50,110,64,67,108,41,187
301,34,91,108,40,110,15,218,223,98
301,35,46,19,219,64,95,52,215,11
301,36,2,205,170,165,51,80,163,232
301,37,163,229,6,25,144,96,247,59
301,38,252,135,239,159,180,117,191,166
301,39,193,140,46,235,175,243,81,113
302,0,189,130,161,57,179,119,197,114
302,1,192,139,173,31,182,191,94,12
302,2,8,76,81,222,61,108,99,36
302,3,106,226,250,110,210,151,129,186
302,4,244,171,240,165,45,69,224,67
302,5,220,237,145,83,87,224,230,239
302,6,19,21,12,30,255,54,249,254
302,7,142,176,175,188,195,106,145,225
302,8,53,195,148,72,85,59,33,216
302,9,99,69,132,150,126,127,166,241
302,10,43,23,78,183,245,96,176,255
302,11,42,32,36,204,135,148,24,39
302,12,10,21,2,202,38,116,111,244
302,13,34,208,170,174,58,158,201,50
302,14,173,34,17,132,239,143,162,184
302,15,90,206,74,122,145,60,12,38
302,16,191,172,234,24,74,62,168,125
302,17,244,69,233,210,161,58,204,8
302,18,77,92,58,54,98,224,143,64
302,19,208,180,115,127,219,25,95,148
302,20,53,148,116,144,185,50,195,150
302,21,99,143,233,207,1,74,214,32
302,22,245,160,116,149,30,217,207,183
302,23,80,111,32,180,2,204,91,97
302,24,244,116,195,10,87,184,127,204
302,25,34,45,208,158,37,58,170,130
302,26,130,132,252,248,78,200,173,17
302,27,206,145,122,147,139,100,74,124
302,28,74,191,26,172,158,228,125,24
302,29,150,161,1,69,204,244,151,8
302,30,77,64,4,91,118,98,119,11
302,31,59,95,115,63,240,88,124,135
302,32,33,178,236,47,247,60,242,255
302,33,192,81,95,229,108,21,16,146
302,34,16,98,247,141,254,246,108,123
302,35,202,235,60,167,236,36,11,197
302,36,188,123,110,235,154,78,119,245
302,37,163,165,226,59,103,35,121,129
302,38,103,135,239,191,252,46,180,166
302,39,96,110,175,243,140,46,252,5
303,0,58,188,248,189,162,207,231,148
303,1,27,173,231,167,191,245,14,55
303,2,79,91,187,76,222,61,216,32
303,3,201,56,22,155,126,196,112,120
303,4,244,134,147,46,216,152,28,38
303,5,0,154,210,42,175,60,129,22
303,6,30,72,7,12,19,113,212,125
303,7,4,142,187,225,183,175,30,33
303,8,53,148,216,59,72,85,161,171
303,9,99,207,229,28,1,134,3,143
303,10,135,149,217,245,147,207,233,116
303,11,32,43,164,15,105,24,97,186
303,12,21,212,10,38,13,115,2,64
303,13,34,170,215,208,248,201,158,174
303,14,190,132,34,107,162,26,173,239
303,15,74,60,90,206,170,122,168,145
303,16,191,172,101,230,254,56,156,234
303,17,233,69,244,210,44,161,58,96
303,18,77,92,129,98,60,128,145,112
303,19,180,50,208,115,12,60,219,94
303,20,53,216,195,85,148,100,105,118
303,21,99,143,195,233,16,207,74,132
303,22,135,217,147,245,149,233,224,28
303,23,32,167,36,15,40,204,33,24
303,24,242,244,115,212,50,240,229,195
303,25,34,104,115,215,248,208,33,174
303,26,132,153,190,147,162,200,21,144
303,27,97,206,74,139,112,92,154,186
303,28,120,101,254,191,234,230,134,65
303,29,161,233,244,54,96,44,232,69
303,30,92,129,77,209,60,98,128,143
303,31,180,50,157,55,10,60,249,95
303,32,92,12,146,101,78,26,115,32
303,33,110,50,61,137,146,196,123,108
303,34,13,121,123,218,254,166,249,250
303,35,202,44,136,194,11,103,87,236
303,36,188,126,78,154,135,55,51,160
303,37,163,132,103,122,196,199,206,1
303,38,239,87,122,135,175,132,198,133
303,39,8,224,103,32,237,243,251,140
304,0,188,211,77,138,232,201,37,26
304,1,214,40,80,173,32,199,144,185
304,2,172,61,224,171,229,2,65,35
304,3,14,192,163,56,247,22,1,138
304,4,203,134,206,147,191,159,216,175
304,5,0,64,42,19,252,80,129,32
304,6,72,113,123,82,195,30,125,102
304,7,4,142,225,228,166,187,90,246
304,8,53,148,59,121,72,85,38,7
304,9,99,134,3,137,28,101,195,97
304,10,245,135,233,149,207,190,26,217
304,11,216,136,167,241,70,44,97,222
304,12,38,21,242,2,10,13,115,12
304,13,34,215,158,21,101,170,0,208
304,14,34,171,173,132,21,17,239,153
304,15,74,97,206,170,0,90,124,193
304,16,166,191,120,234,254,172,230,255
304,17,69,244,210,119,161,233,144,19
304,18,77,129,54,92,98,176,143,116
304,19,208,249,99,115,180,48,94,129
304,20,121,53,195,100,148,7,144,24
304,21,99,143,32,233,207,140,74,27
304,22,137,135,245,233,217,26,116,146
304,23,136,167,37,180,32,133,201,134
304,24,242,38,50,115,148,131,21,238
304,25,0,101,37,240,215,45,158,183
304,26,92,171,50,203,153,132,44,204
304,27,177,98,97,12,147,60,130,206
304,28,219,102,59,254,26,172,193,176
304,29,94,119,1,44,60,233,19,209
304,30,232,225,91,97,116,197,129,99
304,31,59,249,88,122,49,183,135,167
304,32,255,146,254,47,236,12,245,109
304,33,167,47,61,189,181,81,143,75
304,34,246,191,109,10,121,20,13,128
304,35,167,202,36,235,129,14,212,8
304,36,188,153,248,78,129,160,93,124
304,37,100,22,58,101,238,103,163,19
304,38,92,118,0,61,127,122,79,202
304,39,189,176,70,163,252,242,78,38
305,0,101,35,179,197,130,48,213,114
305,1,27,97,62,30,231,123,47,0
305,2,88,40,164,37,175,25,18,114
305,3,26,230,211,233,146,129,78,87
305,4,15,241,102,144,129,142,245,90
305,5,186,188,90,58,103,235,222,161
305,6,54,14,215,246,30,255,249,133
305,7,185,112,2,199,40,128,64,23
305,8,195,239,35,85,72,213,148,164
305,9,203,180,207,193,29,99,229,131
305,10,132,248,137,193,157,19,147,122
305,11,174,136,111,133,32,42,203,98
305,12,160,242,116,220,21,15,157,203
305,13,29,45,145,183,15,219,170,37
305,14,204,86,44,214,224,132,231,171
305,15,177,98,36,172,147,37,169,155
305,16,72,172,47,96,212,117,120,231
305,17,44,1,60,119,69,166,94,8
305,18,77,91,197,57,170,220,22,90
305,19,249,59,122,130,88,4,115,167
305,20,195,148,239,4,212,185,53,72
305,21,207,203,180,99,229,29,143,166
305,22,165,132,83,236,116,137,19,193
305,23,174,39,133,20,98,136,44,111
305,24,160,116,220,39,43,251,15,67
305,25,29,219,21,113,145,208,37,183
305,26,204,86,73,96,44,231,132,67
305,27,172,177,169,206,249,98,23,139
305,28,96,72,26,47,20,170,147,116
305,29,1,5,119,60,8,204,141,222
305,30,77,91,170,97,85,225,71,83
305,31,59,122,130,88,167,240,135,137
305,32,158,47,255,99,98,254,149,236
305,33,190,126,81,232,41,143,86,92
305,34,116,161,10,246,97,55,252,19
305,35,202,167,36,244,224,235,212,39
305,36,188,153,70,239,129,248,207,78
305,37,58,22,163,124,103,147,35,37
305,38,92,127,118,148,71,79,212,189
305,39,189,70,248,2,38,69,213,242
306,0,92,144,236,4,188,211,111,172
306,1,198,193,255,100,124,95,145,14
306,2,188,92,150,255,87,110,86,230
306,3,30,177,201,197,202,11,155,199
306,4,94,152,98,71,8,228,112,216
306,5,81,2,153,115,58,194,210,0
306,6,235,92,52,125,43,55,54,14
306,7,181,158,185,243,187,21,199,132
306,8,53,85,148,246,195,72,59,164
306,9,120,207,99,143,98,156,85,229
306,10,9,207,132,8,99,178,245,63
306,11,153,130,15,98,32,111,142,170
306,12,116,222,10,142,21,176,144,3
306,13,199,183,34,116,170,29,145,208
306,14,132,173,204,165,44,34,161,162
306,15,248,177,74,206,90,170,60,123
306,16,54,183,172,191,26,195,230,72
306,17,236,69,233,8,44,58,60,218
306,18,69,77,91,83,232,192,22,63
306,19,59,70,233,88,51,208,115,157
306,20,53,195,148,85,65,118,100,144
306,21,120,207,99,143,96,178,233,195
306,22,9,207,165,132,0,218,99,116
306,23,153,15,130,134,101,142,32,99
306,24,106,116,244,222,67,154,251,176
306,25,199,200,208,183,34,29,37,50
306,26,132,73,153,248,83,93,84,162
306,27,248,213,206,177,139,74,241,60
306,28,54,185,231,183,230,191,26,149
306,29,236,244,1,204,190,222,8,102
306,30,69,77,97,91,64,83,6,45
306,31,59,233,51,240,88,45,95,70
306,32,146,194,195,199,236,206,47,247
306,33,97,37,21,94,81,181,75,91
306,34,212,187,19,255,70,54,10,247
306,35,202,244,167,11,214,220,151,36
306,36,188,78,129,234,0,8,239,34
306,37,147,103,22,59,163,35,90,124
306,38,127,22,118,79,86,34,189,212
306,39,145,116,30,252,16,130,70,34
307,0,62,163,211,161,231,124,232,138
307,1,151,39,193,72,14,37,153,215
307,2,193,157,3,166,42,71,143,132
307,3,201,22,87,251,243,81,69,247
307,4,152,134,28,38,189,132,36,197
307,5,0,185,23,19,58,210,115,251
307,6,82,123,57,12,102,151,125,1
307,7,158,223,187,142,246,132,30,225
307,8,53,7,148,59,85,72,161,38
307,9,99,134,3,90,207,28,229,97
307,10,19,245,233,9,226,217,190,242
307,11,241,216,59,97,122,209,85,79
307,12,217,10,2,210,38,116,177,157
307,13,34,208,170,158,183,201,145,130
307,14,132,173,248,17,58,34,239,21
307,15,0,74,90,122,145,206,139,93
307,16,191,169,183,193,56,158,24,172
307,17,69,244,161,190,210,164,58,8
307,18,77,250,67,58,63,64,83,72
307,19,208,85,248,60,114,157,34,240
307,20,7,53,121,100,38,171,59,161
307,21,99,143,207,98,134,27,195,90
307,22,245,19,174,242,5,102,9,178
307,23,59,85,201,241,122,218,93,8
307,24,11,128,244,210,217,205,12,10
307,25,208,19,183,158,37,34,140,100
307,26,132,153,6,84,248,58,73,101
307,27,33,60,177,206,28,146,139,93
307,28,190,193,82,183,26,230,78,191
307,29,88,164,21,190,244,1,151,204
307,30,162,63,250,77,232,91,64,151
307,31,34,43,59,146,28,157,208,85
307,32,179,76,86,140,125,146,120,123
307,33,56,75,181,234,133,104,36,54
307,34,44,238,72,240,5,195,10,191
307,35,190,148,74,202,187,185,167,11
307,36,227,142,115,147,188,39,160,19
307,37,78,27,126,169,65,16,113,114
307,38,215,169,119,18,251,35,254,191
307,39,158,122,117,252,235,80,237,22
308,0,141,190,235,208,221,253,61,115
308,1,93,46,47,155,244,197,68,182
308,2,210,249,109,17,242,145,103,35
308,3,187,235,231,133,152,77,37,183
308,4,142,128,236,13,102,15,222,95
308,5,186,193,104,235,90,58,50,185
308,6,153,167,125,43,54,1,123,154
308,7,29,23,185,199,227,216,187,196
308,8,195,85,53,89,148,234,72,59
308,9,99,164,94,29,116,207,228,38
308,10,169,130,207,198,23,19,132,190
308,11,189,32,161,111,134,44,180,233
308,12,63,15,74,21,26,10,128,116
308,13,147,43,170,34,45,58,208,183
308,14,20,51,50,224,132,184,161,124
308,15,147,98,200,81,181,235,206,177
308,16,172,5,133,117,196,191,72,25
308,17,44,233,250,76,69,172,119,1
308,18,77,57,0,179,138,50,187,92
308,19,109,122,116,115,130,163,20,212
308,20,195,234,148,239,83,179,72,56
308,21,164,126,29,116,94,207,85,213
308,22,198,130,169,23,113,234,116,147
308,23,161,189,136,111,32,98,226,128
308,24,74,63,242,26,160,15,44,128
308,25,61,147,43,45,97,134,37,6
308,26,20,50,148,51,124,204,171,92
308,27,200,81,98,147,189,181,162,23
308,28,43,151,133,5,212,196,255,172
308,29,57,76,87,44,1,119,172,250
308,30,163,179,77,187,155,0,138,105
308,31,116,109,12,122,4,205,191,183
308,32,181,119,223,255,178,161,131,226
308,33,93,129,86,83,215,99,207,236
308,34,74,96,82,132,130,168,199,20
308,35,27,160,231,239,222,57,134,248
308,36,222,165,20,237,192,29,113,219
308,37,54,39,24,141,61,68,229,6
308,38,64,180,25,117,239,159,191,18
308,39,186,190,222,11,235,208,173,218
309,0,193,38,54,167,44,94,112,30
309,1,46,47,122,105,140,201,58,117
309,2,145,53,245,128,104,140,186,74
309,3,26,103,230,233,35,128,34,117
309,4,67,144,81,45,245,213,6,179
309,5,90,188,224,47,193,43,78,186
309,6,60,54,215,153,167,206,141,83
309,7,176,117,23,70,185,134,78,20
309,8,239,33,195,116,73,4,179,185
309,9,126,191,116,113,239,164,132,131
309,10,248,36,198,238,175,126,61,120
309,11,133,36,161,233,86,140,246,162
309,12,44,93,74,242,63,85,54,254
309,13,33,61,147,6,45,212,15,11
309,14,147,50,86,204,51,124,214,20
309,15,166,189,147,200,98,195,162,235
309,16,156,151,133,252,170,152,212,172
309,17,110,44,1,57,5,69,166,76
309,18,128,77,179,187,226,91,138,192
309,19,122,12,212,115,120,59,88,109
309,20,195,148,72,239,33,234,53,133
309,21,126,116,207,1,99,191,229,164
309,22,248,161,236,165,132,147,217,157
309,23,140,36,189,98,47,111,249,63
309,24,44,93,39,116,212,43,74,250
309,25,33,6,61,45,145,142,93,208
309,26,204,147,50,86,132,148,214,54
309,27,98,147,200,166,74,170,139,235
309,28,156,43,72,151,47,212,133,172
309,29,57,1,5,44,110,69,172,76
309,30,77,128,91,175,138,225,226,179
309,31,12,122,59,212,88,115,95,116
309,32,223,255,158,47,181,119,247,178
309,33,93,83,41,190,81,73,220,86
309,34,186,1,116,246,10,82,19,188
309,35,36,167,202,14,212,130,235,160
309,36,153,188,70,181,160,78,129,149
309,37,58,163,22,229,39,86,124,62
309,38,92,118,148,127,65,175,245,21
309,39,189,238,70,38,2,89,252,95
310,0,43,173,112,238,30,200,89,7
310,1,46,47,188,249,137,181,140,156
310,2,186,140,245,82,20,53,72,85
310,3,117,103,233,26,236,226,230,78
310,4,144,81,67,199,245,213,62,140
310,5,188,85,220,90,145,224,230,132
310,6,118,96,230,89,206,145,7,176
310,7,176,221,142,22,88,72,134,175
310,8,195,239,148,53,185,73,80,72
310,9,126,99,113,1,150,86,204,143
310,10,115,215,126,240,183,93,238,76
310,11,253,249,133,41,51,82,42,204
310,12,212,88,10,83,21,102,213,2
310,13,34,6,205,142,208,15,170,58
310,14,132,147,204,21,165,248,164,54
310,15,235,74,147,139,206,170,145,90
310,16,172,151,191,156,250,112,104,183
310,17,44,69,161,233,57,210,110,152
310,18,77,176,224,175,182,138,92,255
310,19,24,115,122,95,180,212,208,101
310,20,72,195,53,148,85,161,143,184
310,21,99,1,143,243,141,207,137,214
310,22,149,217,147,248,116,162,234,236
310,23,140,80,32,204,34,145,47,253
310,24,127,21,244,161,13,213,48,116
310,25,34,208,45,58,15,170,136,139
310,26,204,132,54,248,21,165,78,130
310,27,147,139,235,74,98,145,227,206
310,28,172,191,74,116,250,156,117,151
310,29,161,150,69,44,5,1,233,57
310,30,77,175,176,128,138,64,97,92
310,31,95,212,122,180,115,59,12,70
310,32,33,255,158,241,132,223,178,47
310,33,192,190,110,50,41,74,81,89
310,34,116,16,246,123,218,37,10,247
310,35,202,14,11,167,36,235,130,194
310,36,188,153,70,78,160,154,149,136
310,37,58,163,22,103,52,104,124,219
310,38,92,118,148,127,79,175,71,212
310,39,70,189,2,38,78,25,243,69
311,0,57,241,88,238,108,6,182,83
311,1,192,140,181,182,249,47,246,11
311,2,8,36,82,21,20,62,124,49
311,3,226,106,103,126,110,150,236,151
311,4,45,140,193,62,235,28,90,5
311,5,220,58,50,230,87,188,85,22
311,6,96,7,118,255,140,131,237,28
311,7,176,175,5,142,112,24,22,185
311,8,195,148,72,53,133,85,185,80
311,9,69,126,99,180,1,229,204,152
311,10,126,183,86,61,238,88,6,129
311,11,39,133,253,63,32,188,177,28
311,12,212,144,4,10,102,254,21,201
311,13,6,45,34,145,58,170,212,208
311,14,147,204,132,107,54,253,164,21
311,15,235,166,139,98,46,147,74,206
311,16,172,151,156,191,124,112,104,212
311,17,44,69,233,57,161,110,5,1
311,18,77,176,92,226,175,128,138,170
311,19,122,115,180,12,212,50,95,120
311,20,195,53,148,72,85,161,118,144
311,21,99,69,1,143,126,119,141,243
311,22,217,149,126,147,248,161,27,162
311,23,140,32,39,63,204,47,101,133
311,24,212,127,13,161,21,244,44,116
311,25,34,112,208,45,33,168,6,58
311,26,204,147,132,248,21,253,107,90
311,27,139,74,147,98,166,235,170,46
311,28,172,191,124,151,156,104,158,37
311,29,44,233,161,69,57,1,244,149
311,30,77,92,176,97,138,169,170,128
311,31,180,95,50,212,115,122,166,61
311,32,60,241,255,204,132,158,219,2
311,33,110,50,33,229,106,108,123,196
311,34,218,123,27,254,93,37,211,244
311,35,202,14,194,87,11,53,236,220
311,36,188,154,135,78,2,4,153,160
311,37,163,199,219,104,171,103,129,237
311,38,239,135,175,60,122,198,109,27
311,39,140,110,96,243,187,184,195,252
312,0,211,163,232,236,62,144,60,152
312,1,71,100,55,251,3,167,118,56
312,2,79,91,42,92,32,157,187,188
312,3,22,56,201,93,69,126,163,112
312,4,46,134,28,147,175,216,38,140
312,5,0,154,60,64,136,22,164,73
312,6,30,113,12,72,195,210,7,249
312,7,142,175,252,158,39,166,183,181
312,8,53,148,72,59,161,121,195,133
312,9,99,32,221,134,3,1,90,150
312,10,149,135,217,245,207,233,147,190
312,11,32,97,2,237,204,223,230,153
312,12,21,38,50,13,10,2,111,239
312,13,34,180,0,215,208,170,248,130
312,14,17,132,49,130,107,173,196,44
312,15,74,6,139,90,170,206,12,212
312,16,172,191,254,234,230,56,24,158
312,17,69,233,161,171,44,210,4,60
312,18,77,92,54,129,176,241,138,255
312,19,180,60,221,24,99,239,208,129
312,20,53,195,172,148,72,118,50,223
312,21,32,99,1,143,58,214,154,229
312,22,149,135,217,245,147,207,233,192
312,23,32,204,63,237,37,221,99,223
312,24,50,244,21,127,240,38,158,116
312,25,34,0,208,248,45,215,170,180
312,26,130,21,196,248,132,57,0,204
312,27,139,74,206,177,18,117,212,145
312,28,191,172,234,254,230,158,124,104
312,29,233,69,171,44,161,244,1,158
312,30,77,92,129,241,176,97,116,145
312,31,180,95,221,157,60,49,99,61
312,32,146,73,255,109,241,12,78,120
312,33,110,133,61,181,229,50,67,106
312,34,13,121,254,218,5,191,211,123
312,35,202,220,14,53,194,87,11,44
312,36,154,188,78,4,135,153,160,53
312,37,132,199,219,122,163,237,1,103
312,38,239,122,175,217,135,87,0,60
312,39,8,32,176,224,57,140,184,103
313,0,29,77,159,50,198,67,239,116
313,1,40,209,214,253,96,206,183,13
313,2,35,252,197,193,114,19,161,243
313,3,192,247,22,163,123,4,93,201
313,4,46,134,147,206,180,28,145,216
313,5,132,0,64,56,129,42,154,232
313,6,12,30,72,195,125,152,123,7
313,7,142,183,166,3,175,252,213,193
313,8,53,148,72,59,121,233,84,63
313,9,32,99,221,134,3,150,1,28
313,10,233,245,149,197,135,217,192,183
313,11,237,72,167,2,216,221,97,146
313,12,21,38,83,10,13,2,50,131
313,13,34,180,0,215,211,101,248,205
313,14,17,49,59,113,132,164,55,203
313,15,6,97,132,74,190,212,243,139
313,16,172,234,60,202,166,158,254,104
313,17,233,225,69,161,144,44,215,51
313,18,129,241,54,92,77,99,82,100
313,19,24,180,48,235,129,239,164,221
313,20,195,172,53,148,223,72,50,100
313,21,32,99,58,28,74,229,201,45
313,22,245,233,135,197,149,170,147,61
313,23,167,32,72,237,63,37,221,2
313,24,131,50,38,58,21,240,55,158
313,25,34,211,0,215,208,45,248,101
313,26,130,21,204,132,17,134,243,252
313,27,79,139,187,130,98,74,206,212
313,28,254,172,191,158,234,166,176,117
313,29,233,44,69,225,1,94,244,60
313,30,77,129,241,92,116,99,98,100
313,31,49,149,95,122,180,115,114,208
313,32,157,255,57,73,3,52,78,133
313,33,167,198,162,161,110,61,47,70
313,34,13,121,191,254,103,164,244,177
313,35,53,14,202,220,11,0,171,64
313,36,92,55,154,4,153,188,1,160
313,37,100,208,132,113,163,170,101,1
313,38,61,243,122,175,18,143,46,202
313,39,176,57,32,163,8,224,129,108
314,0,113,179,142,166,197,97,150,145
314,1,34,87,26,0,123,59,139,108
314,2,25,37,40,175,164,48,88,18
314,3,37,84,46,211,142,135,146,69
314,4,14,161,241,167,15,240,65,90
314,5,50,58,22,103,146,235,108,154
314,6,30,210,249,72,255,237,14,12
314,7,175,176,91,185,227,5,24,142
314,8,195,33,148,72,53,85,174,151
314,9,132,39,99,1,229,207,126,143
314,10,137,135,70,147,217,149,86,193
314,11,36,174,32,63,99,167,72,178
314,12,21,160,38,10,240,116,242,161
314,13,170,215,45,33,58,101,248,37
314,14,204,253,147,132,184,196,21,134
314,15,98,65,147,235,74,139,155,90
314,16,172,104,156,117,25,151,191,120
314,17,44,233,69,1,110,60,94,204
314,18,77,128,92,97,224,129,239,138
314,19,122,12,115,180,163,95,212,88
314,20,195,148,33,72,174,85,185,53
314,21,132,126,99,207,229,39,1,38
314,22,137,147,70,165,149,86,132,193
314,23,36,63,174,32,133,44,178,98
314,24,242,50,116,21,38,131,15,103
314,25,45,104,87,33,37,21,215,145
314,26,50,204,147,171,92,86,44,142
314,27,98,65,97,147,74,23,155,235
314,28,151,120,255,156,172,117,160,158
314,29,44,57,160,233,198,110,36,165
314,30,128,85,239,127,47,100,30,44
314,31,12,122,10,197,208,165,177,220
314,32,52,255,5,238,133,113,132,158
314,33,137,110,190,98,70,67,187,64
314,34,91,88,108,40,192,157,223,216
314,35,46,97,209,19,130,155,231,66
314,36,63,224,25,199,137,94,31,170
314,37,229,59,77,61,110,176,152,144
314,38,239,252,166,191,115,140,117,180
314,39,235,25,115,81,140,225,193,180
315,0,241,6,57,88,108,135,61,83
315,1,192,191,140,170,99,173,38,239
315,2,76,8,198,87,61,36,222,108
315,3,106,226,110,250,151,29,69,210
315,4,244,67,14,240,165,171,28,62
315,5,58,87,129,51,175,132,17,50
315,6,19,30,255,210,249,193,12,99
315,7,176,91,142,175,22,206,225,185
315,8,195,53,33,148,72,59,216,213
315,9,132,99,69,126,143,135,180,39
315,10,23,43,255,123,14,217,96,245
315,11,42,36,32,58,24,39,35,111
315,12,10,21,2,116,38,111,202,73
315,13,34,208,58,170,33,45,130,158
315,14,132,130,173,134,239,34,44,122
315,15,74,90,139,206,235,212,124,38
315,16,191,74,172,24,125,234,158,183
315,17,69,210,233,60,161,44,244,215
315,18,77,224,54,58,241,92,255,138
315,19,115,127,95,180,129,25,88,24
315,20,53,148,195,85,72,24,247,223
315,21,99,214,229,143,233,202,1,150
315,22,160,245,96,217,132,147,149,207
315,23,80,32,40,138,98,184,63,44
315,24,21,10,244,127,116,161,144,195
315,25,34,170,45,208,58,91,136,180
315,26,132,130,252,173,21,243,17,188
315,27,74,235,139,124,206,90,145,164
315,28,191,74,172,158,169,25,104,165
315,29,150,69,233,161,204,1,249,192
315,30,77,64,175,128,176,30,11,4
315,31,95,115,240,25,59,135,129,230
315,32,33,236,255,217,87,32,242,30
315,33,192,33,75,189,91,248,229,4
315,34,16,246,254,123,155,235,252,98
315,35,202,220,53,236,235,60,11,36
315,36,188,154,110,78,42,206,82,118
315,37,103,163,238,177,52,104,140,199
315,38,239,103,135,144,104,252,191,237
315,39,175,96,252,248,120,127,110,46
316,0,211,163,195,152,236,60,62,217
316,1,71,100,55,251,3,173,56,95
316,2,91,222,79,61,76,188,92,187
316,3,56,22,201,93,69,182,109,112
316,4,134,244,46,147,216,29,211,28
316,5,0,154,164,60,42,129,122,17
316,6,113,30,72,12,212,102,249,125
316,7,142,252,193,3,183,104,39,4
316,8,53,148,216,59,72,161,111,233
316,9,99,32,134,3,221,150,154,22
316,10,149,135,245,233,207,217,147,116
316,11,32,97,2,43,146,164,237,186
316,12,38,50,21,212,10,2,111,240
316,13,34,0,215,115,208,170,58,248
316,14,190,130,107,132,44,134,49,252
316,15,132,74,147,139,235,225,12,98
316,16,172,230,234,254,191,158,104,117
316,17,233,60,69,44,171,161,27,4
316,18,92,77,129,97,149,47,54,176
316,19,221,180,48,60,246,129,50,122
316,20,216,195,53,148,72,131,118,56
316,21,99,219,213,214,32,229,74,207
316,22,135,70,147,149,207,20,116,233
316,23,32,63,70,167,136,204,129,166
316,24,50,38,242,115,21,240,212,238
316,25,115,0,37,215,45,104,240,203
316,26,252,130,219,162,188,190,147,204
316,27,97,112,38,74,170,130,35,98
316,28,101,120,158,89,254,66,134,172
316,29,233,171,27,44,18,36,119,60
316,30,129,209,143,92,60,47,46,52
316,31,10,99,49,221,55,60,249,180
316,32,146,109,120,12,144,145,13,173
316,33,133,181,61,110,250,137,233,229
316,34,13,166,5,108,121,191,40,239
316,35,195,64,220,46,44,19,78,66
316,36,143,60,63,15,144,85,240,149
316,37,132,100,59,152,61,25,113,127
316,38,239,0,122,143,191,217,112,111
316,39,8,32,224,88,190,22,237,90
317,0,29,77,41,1,139,201,212,174
317,1,40,209,71,253,214,206,96,251
317,2,35,61,197,161,252,19,2,112
317,3,192,247,123,22,227,4,216,246
317,4,145,46,134,203,147,216,180,208
317,5,132,42,80,0,129,56,232,128
317,6,30,12,72,249,54,125,123,212
317,7,142,193,183,3,213,41,69,225
317,8,53,148,59,121,72,50,161,233
317,9,221,32,99,134,3,58,130,160
317,10,233,245,149,229,135,197,183,217
317,11,237,74,136,2,146,211,97,167
317,12,242,21,38,58,2,248,131,10
317,13,34,167,215,208,0,21,174,58
317,14,49,26,130,59,113,92,17,171
317,15,97,132,117,139,212,196,235,190
317,16,172,166,234,158,175,191,202,49
317,17,69,233,119,44,161,215,60,51
317,18,99,129,77,92,239,97,54,241
317,19,48,235,249,23,49,180,24,246
317,20,195,121,53,148,118,50,72,100
317,21,99,32,55,219,143,229,207,58
317,22,137,135,147,245,207,149,249,233
317,23,136,32,174,167,63,37,98,70
317,24,242,50,38,58,131,21,115,116
317,25,0,37,101,240,45,87,215,208
317,26,171,92,50,204,203,184,167,86
317,27,98,97,130,147,177,169,206,74
317,28,219,102,193,72,120,170,82,172
317,29,94,119,1,44,88,8,21,204
317,30,232,77,91,97,225,197,116,99
317,31,59,249,122,49,88,135,183,228
317,32,255,245,157,47,254,3,236,159
317,33,161,47,167,81,143,90,61,5
317,34,191,246,10,20,13,239,120,103
317,35,167,202,36,235,212,46,11,236
317,36,188,153,248,119,93,160,118,157
317,37,100,58,101,163,22,103,35,212
317,38,92,0,118,61,122,127,66,189
317,39,189,176,70,163,38,242,160,78
318,0,179,35,197,101,130,213,48,9
318,1,27,62,97,0,150,30,47,151
318,2,88,40,37,175,25,48,164,59
318,3,26,230,233,211,142,146,205,8
318,4,15,241,245,102,144,61,90,198
318,5,58,50,222,235,103,90,188,186
318,6,54,14,30,237,210,215,255,125
318,7,185,199,112,2,175,240,40,225
318,8,195,239,213,148,53,85,72,35
318,9,203,180,193,99,207,143,29,229
318,10,248,137,193,132,157,19,86,126
318,11,174,133,136,111,32,203,178,98
318,12,160,242,116,21,220,10,201,3
318,13,29,45,170,21,183,37,58,211
318,14,86,204,44,132,224,214,228,226
318,15,172,36,37,177,147,74,33,213
318,16,120,172,72,255,96,24,212,191
318,17,44,60,1,69,166,8,233,204
318,18,77,197,22,91,170,148,232,57
318,19,59,122,130,249,4,88,167,108
318,20,195,239,4,148,212,53,72,185
318,21,203,207,180,99,143,229,219,120
318,22,165,83,132,116,207,236,193,34
318,23,174,133,39,44,20,98,248,17
318,24,160,116,43,39,251,222,67,220
318,25,29,21,219,113,183,145,208,45
318,26,204,96,73,86,67,180,231,167
318,27,172,169,249,206,139,177,213,98
318,28,96,72,170,20,137,183,54,195
318,29,1,5,8,204,222,141,60,69
318,30,77,97,170,91,71,85,225,232
318,31,59,122,88,130,135,240,167,14
318,32,158,47,255,98,99,245,236,149
318,33,190,126,81,232,41,143,244,105
318,34,116,55,246,161,10,252,97,19
318,35,202,167,224,36,212,39,244,11
318,36,188,153,239,70,129,207,181,248
318,37,58,22,103,147,35,90,163,64
318,38,92,127,118,148,71,79,189,3
318,39,189,2,70,248,38,69,213,78
319,0,29,211,41,4,86,236,20,191
319,1,95,193,52,124,109,14,118,167
319,2,188,157,255,139,193,170,143,87
319,3,201,30,22,197,177,154,56,157
319,4,152,149,134,216,90,186,121,43
319,5,213,115,153,0,58,210,50,251
319,6,102,157,30,12,212,26,25,125
319,7,32,85,185,142,132,158,175,199
319,8,148,53,246,161,157,195,72,85
319,9,207,99,5,120,229,1,166,85
319,10,17,132,234,178,63,117,226,165
319,11,248,209,15,137,111,85,97,91
319,12,166,222,116,119,55,206,10,3
319,13,219,113,183,145,116,111,29,199
319,14,204,214,132,83,96,167,252,231
319,15,116,177,147,206,33,98,110,169
319,16,20,137,138,170,72,185,54,172
319,17,101,78,8,60,104,69,89,1
319,18,130,77,63,232,91,22,237,83
319,19,59,14,252,99,122,124,137,206
319,20,157,195,53,148,171,4,68,161
319,21,207,120,151,5,99,229,143,233
319,22,17,165,132,63,205,116,19,232
319,23,209,248,151,99,60,156,158,17
319,24,222,166,116,119,106,39,138,244
319,25,155,113,208,199,145,183,111,219
319,26,180,93,67,96,132,204,252,73
319,27,116,206,213,110,169,212,177,100
319,28,20,138,201,137,72,147,170,185
319,29,78,101,1,204,89,8,69,60
319,30,130,77,237,91,97,221,83,118
319,31,14,59,137,99,237,124,88,135
319,32,197,75,206,47,14,19,255,157
319,33,103,5,81,161,18,59,206,40
319,34,227,11,55,213,246,10,141,247
319,35,202,167,244,214,36,11,210,224
319,36,188,153,129,48,24,251,239,118
319,37,162,103,22,147,14,35,124,57
319,38,127,124,118,79,189,34,39,212
319,39,30,116,13,130,34,77,70,62
320,0,62,211,231,124,217,245,138,13
320,1,71,193,251,23,3,100,17,14
320,2,21,43,97,157,151,213,3,82
320,3,22,201,87,197,213,180,251,243
320,4,134,44,152,175,216,77,148,29
320,5,0,58,164,21,23,60,122,153
320,6,82,102,125,168,212,207,30,12
320,7,246,142,132,104,183,4,30,158
320,8,53,148,121,59,72,161,22,171
320,9,99,134,3,32,150,154,90,79
320,10,207,245,233,242,146,116,147,71
320,11,97,164,32,2,59,222,41,70
320,12,50,38,21,119,116,10,2,157
320,13,34,208,13,19,0,115,183,50
320,14,132,59,252,130,17,44,134,196
320,15,177,74,139,130,90,122,206,147
320,16,102,230,234,172,82,183,191,56
320,17,19,69,60,4,233,21,96,51
320,18,77,250,83,97,143,116,209,151
320,19,48,60,85,122,76,207,88,117
320,20,121,53,148,195,72,118,151,171
320,21,99,207,154,143,219,74,141,36
320,22,146,116,233,132,242,207,71,165
320,23,70,222,164,158,37,90,218,59
320,24,119,50,166,116,55,210,38,77
320,25,115,0,169,19,37,208,13,183
320,26,196,204,132,252,154,58,161,167
320,27,177,206,28,35,130,139,98,169
320,28,56,59,53,72,82,20,183,26
320,29,19,1,69,101,204,216,8,157
320,30,77,97,151,91,143,66,83,225
320,31,157,59,88,83,122,60,247,85
320,32,14,12,47,146,255,109,144,123
320,33,56,133,181,81,102,75,139,59
320,34,5,18,11,195,246,166,73,10
320,35,202,167,36,244,185,14,11,136
320,36,188,153,129,44,26,118,79,158
320,37,162,22,14,103,199,238,147,64
320,38,127,118,79,52,87,189,185,34
320,39,77,116,70,30,99,44,203,62
321,0,174,211,62,13,123,161,159,231
321,1,49,162,141,80,193,10,123,23
321,2,207,35,252,122,67,38,52,238
321,3,192,201,22,123,79,247,182,251
321,4,148,152,44,134,221,43,53,100
321,5,153,120,115,58,81,183,50,210
321,6,161,49,157,102,207,125,149,100
321,7,185,158,132,68,187,85,199,104
321,8,53,148,246,195,85,72,161,220
321,9,207,99,85,143,229,166,201,233
321,10,132,116,234,178,242,8,99,9
321,11,220,85,248,59,111,32,222,3
321,12,116,157,119,222,39,210,161,10
321,13,219,183,45,170,13,145,113,74
321,14,52,161,167,204,214,64,106,224
321,15,147,213,181,98,206,130,85,233
321,16,170,252,51,193,80,250,172,190
321,17,115,20,101,21,242,35,153,44
321,18,13,192,77,250,226,204,22,83
321,19,30,117,85,122,59,88,197,228
321,20,56,115,195,191,121,207,123,185
321,21,131,207,47,197,161,85,44,177
321,22,234,165,187,132,242,196,216,137
321,23,220,3,85,44,225,201,222,59
321,24,39,161,81,10,11,38,238,128
321,25,130,13,113,93,101,140,16,170
321,26,231,59,204,167,106,155,161,214
321,27,147,217,250,171,169,54,109,206
321,28,193,196,170,72,190,55,219,253
321,29,88,21,94,61,1,230,69,36
321,30,250,232,63,91,162,135,83,50
321,31,183,59,88,135,252,228,108,30
321,32,85,125,123,47,179,76,249,255
321,33,198,95,139,56,11,166,68,102
321,34,195,240,44,20,191,72,238,10
321,35,36,148,210,185,167,190,191,202
321,36,26,142,39,19,115,153,188,227
321,37,65,16,78,169,212,80,86,59
321,38,169,119,61,96,252,18,191,158
321,39,117,235,44,129,122,169,22,179
322,0,141,190,235,221,253,208,61,125
322,1,47,93,46,155,244,197,68,182
322,2,210,17,103,109,130,145,4,38
322,3,187,235,231,133,77,152,37,183
322,4,142,128,13,102,15,236,95,222
322,5,193,186,41,104,90,224,235,50
322,6,153,167,54,79,157,125,62,43
322,7,185,23,29,199,78,64,76,216
322,8,195,234,72,53,89,116,85,148
322,9,164,94,29,126,85,116,131,228
322,10,198,169,130,23,132,248,234,207
322,11,161,189,111,32,136,98,174,133
322,12,63,160,74,26,15,128,39,242
322,13,43,147,45,170,58,183,154,61
322,14,20,50,51,204,184,224,124,52
322,15,147,98,200,81,162,181,139,206
322,16,172,5,117,196,133,72,25,191
322,17,44,233,172,250,76,119,69,1
322,18,0,57,77,138,239,179,226,97
322,19,163,122,109,130,115,116,180,212
322,20,195,234,185,113,239,83,56,72
322,21,126,164,29,116,38,94,122,85
322,22,23,198,169,130,147,113,248,207
322,23,161,189,32,178,136,44,226,98
322,24,63,74,242,44,161,26,160,15
322,25,61,147,43,45,146,170,58,134
322,26,20,50,148,171,124,184,204,92
322,27,200,98,81,147,189,181,162,170
322,28,43,133,151,5,172,91,212,196
322,29,76,44,87,57,119,250,172,1
322,30,77,179,163,0,239,187,133,24
322,31,116,109,122,205,183,4,12,191
322,32,181,119,255,223,178,47,226,159
322,33,93,86,129,83,215,85,183,238
322,34,96,82,74,132,21,168,207,20
322,35,160,27,57,239,64,167,58,235
322,36,222,20,70,165,192,25,191,232
322,37,39,54,24,61,163,71,86,101
322,38,64,202,143,159,67,180,191,77
322,39,186,190,11,154,222,127,173,169
323,0,193,38,54,167,44,112,94,30
323,1,46,47,105,122,58,201,117,140
323,2,145,245,53,128,241,104,186,140
323,3,26,103,230,233,236,78,35,91
323,4,67,144,81,45,245,213,6,179
323,5,90,188,224,47,193,109,78,43
323,6,60,215,54,153,206,143,141,75
323,7,176,117,70,23,185,20,134,76
323,8,239,33,116,73,195,185,4,80
323,9,126,191,116,113,132,239,131,154
323,10,248,238,36,115,61,126,175,90
323,11,133,36,233,140,38,246,111,162
323,12,44,93,242,74,85,175,54,164
323,13,33,61,6,45,212,147,145,11
323,14,50,147,204,86,51,106,224,214
323,15,166,147,189,98,200,195,235,162
323,16,156,151,172,212,170,133,252,117
323,17,44,110,57,1,5,69,166,76
323,18,128,77,179,226,138,176,192,175
323,19,122,12,115,212,120,88,59,109
323,20,195,72,148,239,53,33,133,85
323,21,126,116,99,1,207,191,143,132
323,22,248,161,147,217,165,132,126,236
323,23,140,36,47,32,63,98,189,249
323,24,44,93,39,212,161,116,127,21
323,25,33,6,61,45,145,142,208,11
323,26,204,147,50,132,86,165,54,90
323,27,98,147,139,200,235,170,166,74
323,28,156,43,47,72,151,172,212,116
323,29,1,5,44,57,110,69,76,172
323,30,77,175,91,128,225,16,138,226
323,31,12,122,59,212,88,95,115,167
323,32,223,255,47,158,181,119,178,226
323,33,190,93,41,73,83,232,86,81
323,34,116,186,246,10,1,82,21,188
323,35,167,202,36,14,212,160,235,196
323,36,188,70,153,181,78,239,129,120
323,37,58,163,22,124,238,39,59,190
323,38,92,118,127,148,175,212,189,3
323,39,189,238,70,38,2,78,69,252
324,0,43,173,112,238,30,200,7,89
324,1,46,47,188,249,137,181,156,140
324,2,186,140,82,245,20,85,200,53
324,3,117,103,233,26,236,226,230,78
324,4,144,81,245,67,213,199,62,249
324,5,85,220,188,145,224,90,255,230
324,6,118,96,89,230,206,98,131,7
324,7,176,142,22,221,175,72,47,134
324,8,195,53,148,239,185,72,59,106
324,9,126,99,53,113,1,60,201,150
324,10,115,126,215,240,183,93,11,192
324,11,253,249,187,32,41,133,221,214
324,12,212,10,88,21,102,2,213,83
324,13,34,208,6,205,142,170,33,58
324,14,132,147,204,173,162,248,21,34
324,15,74,147,90,206,139,145,235,98
324,16,172,191,151,156,24,74,104,134
324,17,69,44,233,161,57,210,244,110
324,18,77,54,138,176,92,224,226,98
324,19,208,115,180,95,12,25,24,203
324,20,53,195,148,85,72,161,118,100
324,21,99,143,233,229,126,195,28,214
324,22,149,248,245,147,217,161,162,207
324,23,140,32,80,105,204,36,40,111
324,24,244,127,212,13,10,21,116,161
324,25,34,33,208,61,170,58,45,136
324,26,132,21,147,248,204,252,130,154
324,27,74,139,170,206,145,98,124,147
324,28,172,191,156,158,212,74,37,26
324,29,44,161,1,233,57,150,69,110
324,30,77,4,176,175,138,128,92,83
324,31,95,122,115,180,12,59,50,120
324,32,255,158,132,241,223,178,226,236
324,33,190,41,110,50,85,81,217,89
324,34,116,246,97,10,54,37,188,161
324,35,202,36,167,14,11,235,142,224
324,36,188,153,70,239,78,181,129,160
324,37,58,163,22,124,103,59,219,199
324,38,92,118,127,148,71,212,79,175
324,39,189,70,2,38,69,78,213,242
325,0,211,236,29,62,138,191,139,60
325,1,193,100,75,124,118,14,145,167
325,2,60,193,3,58,188,157,49,79
325,3,199,201,69,30,197,196,56,22
325,4,152,216,28,134,90,121,2,189
325,5,153,50,58,213,115,251,0,108
325,6,30,12,14,210,237,25,168,43
325,7,185,175,142,32,76,227,183,158
325,8,195,148,72,53,85,246,133,161
325,9,99,207,229,1,143,243,198,166
325,10,132,217,234,233,147,165,116,242
325,11,32,137,204,209,44,98,111,186
325,12,157,166,116,10,161,191,176,239
325,13,34,145,45,170,6,212,208,183
325,14,204,132,231,191,214,161,44,167
325,15,98,147,139,195,235,116,206,74
325,16,172,191,138,72,117,212,47,104
325,17,44,69,233,1,78,158,103,204
325,18,77,130,226,176,72,22,138,224
325,19,122,115,70,59,88,212,95,208
325,20,195,148,53,72,85,161,133,118
325,21,99,207,143,229,1,120,233,156
325,22,132,165,147,157,161,217,116,17
325,23,32,209,59,99,111,98,60,204
325,24,157,166,116,39,220,161,176,10
325,25,168,155,145,45,208,183,113,19
325,26,204,132,191,231,214,96,161,52
325,27,98,116,147,37,139,169,206,177
325,28,138,201,72,56,47,190,116,172
325,29,1,78,19,69,157,44,89,158
325,30,77,130,91,175,66,225,83,138
325,31,70,122,157,59,88,212,247,95
325,32,255,123,14,47,19,109,120,197
325,33,103,139,133,161,54,61,81,59
325,34,18,11,246,121,191,10,109,5
325,35,36,14,202,167,114,129,185,43
325,36,188,153,48,26,78,44,79,92
325,37,162,22,163,126,124,238,196,52
325,38,127,118,185,0,243,175,79,132
325,39,77,70,99,116,30,34,44,203
326,0,62,211,138,174,37,231,178,75
326,1,193,23,80,49,17,10,206,88
326,2,31,132,166,71,163,75,38,3
326,3,216,229,119,137,126,15,43,232
326,4,44,28,140,221,90,148,152,184
326,5,50,58,153,164,0,210,251,22
326,6,30,57,237,210,39,12,26,43
326,7,175,223,185,142,5,24,81,227
326,8,195,148,53,72,85,133,246,213
326,9,99,1,229,207,143,97,243,179
326,10,19,242,132,217,234,147,126,122
326,11,220,85,32,44,204,111,218,98
326,12,157,116,161,10,21,176,201,39
326,13,45,145,170,212,183,58,34,6
326,14,204,132,253,231,214,44,161,54
326,15,33,98,147,235,37,74,177,139
326,16,172,190,117,72,191,212,47,104
326,17,44,164,1,233,69,21,72,157
326,18,77,176,175,22,250,91,226,72
326,19,122,70,85,115,59,88,212,95
326,20,195,148,72,85,53,4,133,185
326,21,207,99,229,1,98,143,193,123
326,22,19,242,132,147,165,88,101,217
326,23,220,85,98,59,44,111,32,60
326,24,157,116,128,220,39,15,161,11
326,25,101,45,19,145,168,140,146,113
326,26,204,96,86,231,203,132,214,167
326,27,33,166,37,98,169,147,177,28
326,28,190,47,72,193,116,117,73,82
326,29,164,21,1,88,222,157,44,69
326,30,232,77,250,91,175,16,197,63
326,31,59,70,88,183,122,95,85,34
326,32,123,255,47,76,179,236,156,125
326,33,95,234,56,11,162,220,81,146
326,34,240,72,10,44,246,191,238,37
326,35,202,235,167,36,14,148,191,210
326,36,188,142,153,78,227,39,26,115
326,37,163,78,22,199,103,27,59,177
326,38,0,118,119,127,215,175,212,239
326,39,70,122,158,252,165,129,89,188
327,0,11,171,226,117,146,198,185,96
327,1,133,81,169,2,66,13,193,107
327,2,249,253,71,208,149,63,31,21
327,3,221,119,188,216,170,228,148,201
327,4,8,228,105,119,55,152,139,2
327,5,61,153,27,50,58,194,170,114
327,6,90,57,237,125,3,39,16,52
327,7,181,185,131,158,76,108,175,240
327,8,112,195,85,148,164,53,86,212
327,9,120,206,178,207,229,98,99,19
327,10,163,132,19,229,234,253,207,34
327,11,18,142,130,98,32,111,3,85
327,12,106,67,116,43,157,10,154,176
327,13,200,34,170,145,208,183,29,45
327,14,132,204,248,21,161,38,173,165
327,15,90,74,98,139,147,235,99,241
327,16,172,191,54,149,104,158,24,17
327,17,69,44,161,233,236,210,1,209
327,18,77,54,176,138,92,83,6,224
327,19,115,95,208,24,180,122,51,59
327,20,53,195,148,112,85,72,161,159
327,21,99,120,178,143,206,233,229,207
327,22,149,163,147,132,245,207,34,217
327,23,32,142,18,105,145,130,111,101
327,24,116,67,244,43,161,10,21,127
327,25,34,199,208,168,200,170,145,45
327,26,132,204,38,21,248,90,161,118
327,27,99,74,139,98,145,206,170,166
327,28,54,116,172,191,231,149,183,72
327,29,1,155,161,236,44,69,204,222
327,30,77,6,91,175,75,83,225,221
327,31,95,59,115,233,70,88,122,51
327,32,210,17,194,255,47,236,89,199
327,33,105,214,23,94,81,244,146,174
327,34,12,187,54,19,246,58,10,21
327,35,202,167,36,235,244,212,11,14
327,36,253,188,153,78,0,129,8,154
327,37,164,163,22,124,103,199,147,59
327,38,118,127,22,136,79,212,189,86
327,39,34,145,16,70,30,116,252,62
328,0,62,211,222,124,138,161,223,203
328,1,11,59,153,193,217,64,132,56
328,2,193,216,157,251,13,3,253,92
328,3,201,87,197,243,22,212,126,196
328,4,134,28,152,175,208,121,29,90
328,5,0,58,164,172,81,111,60,50
328,6,82,125,12,154,30,174,212,7
328,7,142,246,185,175,183,227,106,225
328,8,53,148,72,59,85,162,246,195
328,9,99,243,1,90,134,150,207,97
328,10,116,207,7,233,217,147,26,135
328,11,204,2,97,59,32,44,145,134
328,12,10,21,38,116,229,50,2,210
328,13,34,170,208,183,83,45,0,174
328,14,132,204,21,173,164,54,248,44
328,15,139,147,227,235,90,206,145,74
328,16,172,191,230,82,183,56,250,254
328,17,69,233,44,161,19,98,1,126
328,18,77,176,83,141,92,250,138,64
328,19,24,60,95,115,122,212,180,70
328,20,148,72,195,53,133,85,121,240
328,21,99,243,1,207,84,32,98,143
328,22,116,149,132,146,135,233,207,242
328,23,59,145,204,37,32,231,98,201
328,24,128,116,55,210,10,38,157,50
328,25,0,208,183,19,155,34,45,83
328,26,204,132,54,231,165,73,248,37
328,27,139,147,169,99,206,28,145,177
328,28,116,212,82,193,250,219,72,230
328,29,88,1,21,161,69,19,222,98
328,30,77,232,91,50,83,225,162,175
328,31,183,59,95,88,34,157,70,85
328,32,120,57,146,12,179,47,236,210
328,33,162,56,139,181,81,133,104,75
328,34,246,195,44,5,10,247,21,238
328,35,202,167,235,36,14,11,129,92
328,36,188,92,78,153,39,118,74,115
328,37,113,208,238,22,163,103,177,64
328,38,243,135,118,127,119,189,212,175
328,39,70,243,44,252,99,77,75,129
329,0,232,211,77,188,37,138,4,62
329,1,193,92,245,120,162,10,149,23
329,2,76,193,92,107,252,35,228,207
329,3,197,201,157,16,22,155,243,182
329,4,134,203,152,28,175,94,56,77
329,5,58,0,251,50,172,202,60,132
329,6,82,19,12,125,30,210,43,154
329,7,175,227,185,245,142,58,246,39
329,8,53,72,148,33,47,133,240,59
329,9,99,132,1,207,243,150,229,90
329,10,207,217,149,147,116,81,132,109
329,11,136,167,32,44,3,153,230,97
329,12,21,115,10,38,116,161,250,222
329,13,34,208,170,83,145,45,183,180
329,14,165,132,204,54,171,164,21,248
329,15,227,147,139,235,195,206,92,133
329,16,172,230,82,191,183,107,250,202
329,17,69,44,233,161,230,152,176,1
329,18,77,15,176,182,112,83,92,138
329,19,24,212,235,180,122,95,219,115
329,20,72,195,148,53,240,71,47,159
329,21,99,1,132,137,243,254,207,208
329,22,149,116,217,147,135,253,132,146
329,23,136,229,59,32,145,37,167,15
329,24,115,47,128,55,116,119,10,127
329,25,208,0,183,155,19,45,145,83
329,26,171,165,204,54,132,67,231,77
329,27,139,147,55,227,169,206,178,145
329,28,230,82,56,212,193,219,116,250
329,29,119,19,1,88,69,161,230,94
329,30,232,77,162,91,83,225,50,18
329,31,249,183,157,59,88,34,191,95
329,32,12,248,146,47,179,255,120,109
329,33,189,167,176,162,56,181,61,104
329,34,249,195,44,121,246,143,238,80
329,35,180,136,44,202,185,190,167,36
329,36,188,39,153,227,26,115,79,21
329,37,214,196,22,208,113,78,92,124
329,38,87,132,118,156,243,52,127,175
329,39,224,251,44,99,70,122,112,8
330,0,240,209,210,52,98,93,17,69
330,1,92,120,56,149,202,97,193,195
330,2,150,92,76,86,207,35,81,176
330,3,201,87,155,243,22,196,182,159
330,4,134,203,28,94,152,175,121,98
330,5,58,0,172,251,50,117,153,210
330,6,82,19,125,154,30,12,92,84
330,7,245,227,185,175,142,181,183,106
330,8,72,53,148,195,133,59,85,152
330,9,99,1,243,150,179,68,229,207
330,10,207,217,147,116,132,148,81,149
330,11,136,32,59,153,44,3,145,204
330,12,21,115,10,38,222,161,116,250
330,13,170,208,183,34,145,45,58,93
330,14,204,165,132,164,54,231,171,184
330,15,147,227,235,98,139,195,92,177
330,16,172,193,230,250,82,183,72,104
330,17,44,69,233,1,230,161,152,78
330,18,77,176,138,22,175,151,83,182
330,19,122,212,249,115,70,88,117,59
330,20,195,72,148,121,159,53,85,80
330,21,99,207,1,243,98,161,137,254
330,22,132,216,116,234,165,147,149,19
330,23,136,59,201,145,60,44,220,98
330,24,128,115,39,160,157,55,116,242
330,25,113,140,19,101,183,97,45,145
330,26,231,96,171,204,203,37,214,165
330,27,169,71,3,171,147,99,13,37
330,28,193,72,212,219,82,250,47,170
330,29,88,21,1,119,89,94,230,61
330,30,232,162,16,91,250,139,50,225
330,31,59,183,88,249,34,228,30,33
330,32,162,125,179,47,12,146,21,237
330,33,189,56,162,132,181,36,167,75
330,34,44,195,238,240,10,109,191,21
330,35,167,190,148,36,202,235,185,61
330,36,39,227,188,115,142,67,74,153
330,37,78,22,124,27,209,113,208,169
330,38,135,119,118,169,215,251,212,127
330,39,158,122,117,70,129,44,252,112
331,0,27,35,101,169,166,133,108,135
331,1,26,139,11,132,75,146,216,34
331,2,210,252,128,38,135,35,59,164
331,3,211,226,106,37,29,146,31,46
331,4,65,14,15,240,242,118,167,222
331,5,161,10,186,235,172,191,153,6
331,6,54,167,215,157,154,125,14,255
331,7,2,185,76,227,199,175,27,240
331,8,35,85,89,86,195,148,4,164
331,9,241,180,94,207,98,229,99,131
331,10,88,132,248,19,130,216,234,116
331,11,20,39,98,111,32,255,136,145
331,12,160,157,116,128,26,15,21,10
331,13,178,29,145,183,45,219,170,43
331,14,204,44,96,231,214,132,253,187
331,15,147,37,169,33,98,235,195,177
331,16,96,32,72,47,212,170,117,35
331,17,94,89,1,44,61,8,230,16
331,18,148,57,22,91,170,77,232,203
331,19,130,183,59,122,88,70,30,249
331,20,195,207,4,86,164,72,80,148
331,21,207,180,241,29,161,94,73,229
331,22,83,132,81,165,253,116,130,1
331,23,20,39,255,98,236,60,225,44
331,24,160,67,39,223,56,222,15,128
331,25,178,113,160,93,29,140,145,76
331,26,231,96,18,241,179,51,214,106
331,27,169,71,3,171,96,57,37,88
331,28,96,237,170,47,72,250,95,99
331,29,94,89,230,1,229,17,139,200
331,30,16,170,85,148,91,139,81,190
331,31,130,39,30,59,88,226,33,228
331,32,60,99,237,47,185,158,21,159
331,33,33,190,232,224,41,81,166,143
331,34,82,161,34,97,21,55,10,251
331,35,24,167,39,212,36,61,99,235
331,36,207,49,188,153,117,34,74,68
331,37,104,209,15,22,124,190,90,153
331,38,135,71,27,139,127,118,212,213
331,39,243,110,69,12,36,70,244,78
332,0,29,41,65,86,4,2,223,66
332,1,60,28,193,191,89,95,120,252
332,2,87,188,47,63,139,157,158,110
332,3,30,177,199,25,58,172,154,92
332,4,164,149,152,155,192,4,54,118
332,5,27,153,115,213,58,218,50,170
332,6,51,52,135,154,61,54,18,136
332,7,185,32,2,76,158,14,7,66
332,8,164,86,38,220,85,61,4,246
332,9,207,98,227,198,156,161,73,240
332,10,253,17,72,132,117,220,26,1
332,11,247,98,255,209,49,248,195,79
332,12,178,203,32,223,160,138,39,222
332,13,113,111,178,76,219,92,140,100
332,14,18,231,96,93,44,106,214,204
332,15,16,76,71,169,171,147,3,33
332,16,119,32,170,47,55,237,96,72
332,17,16,49,89,78,8,114,94,88
332,18,203,215,22,71,91,214,16,177
332,19,183,226,59,30,218,70,201,211
332,20,207,80,86,4,49,164,195,20
332,21,151,240,73,156,215,207,161,227
332,22,253,17,72,81,220,132,51,1
332,23,247,209,255,49,236,116,99,248
332,24,39,56,223,128,178,138,32,186
332,25,178,113,76,111,97,195,154,93
332,26,241,18,96,231,106,179,214,189
332,27,71,171,16,76,57,88,169,54
332,28,193,57,137,95,170,72,196,47
332,29,78,49,61,88,89,230,94,17
332,30,16,232,162,139,108,130,50,85
332,31,183,39,30,151,226,211,34,228
332,32,75,21,15,237,47,179,159,125
332,33,5,133,162,75,6,161,182,104
332,34,227,44,238,21,191,55,62,177
332,35,24,167,61,212,190,148,36,66
332,36,217,74,39,251,67,248,227,153
332,37,209,124,22,127,78,15,175,48
332,38,169,119,196,139,118,127,251,212
332,39,122,158,179,139,173,165,40,3
333,0,22,46,63,121,85,202,11,243
333,1,230,10,206,197,183,5,169,223
333,2,235,34,75,192,112,83,149,24
333,3,148,194,146,14,31,76,150,98
333,4,122,167,65,14,172,231,105,4
333,5,67,254,100,161,10,27,191,236
333,6,61,136,245,51,135,18,122,167
333,7,242,44,7,2,66,85,158,185
333,8,33,113,86,164,4,120,85,207
333,9,240,98,132,217,156,197,207,94
333,10,248,253,72,63,26,46,62,114
333,11,20,49,203,236,248,195,36,142
333,12,56,32,154,138,223,178,26,7
333,13,142,111,113,76,29,178,72,100
333,14,93,18,241,96,83,167,231,213
333,15,71,171,3,169,96,250,39,33
333,16,96,170,32,47,147,237,231,119
333,17,89,88,16,104,8,132,61,110
333,18,232,203,91,16,135,187,177,112
333,19,226,108,30,183,39,120,228,59
333,20,33,120,113,4,164,80,133,207
333,21,151,240,207,73,132,5,217,67
333,22,81,253,72,24,114,84,132,46
333,23,49,20,236,255,170,3,225,247
333,24,222,39,138,56,223,206,59,67
333,25,72,93,142,113,178,111,160,140
333,26,241,96,214,18,179,37,167,67
333,27,71,3,110,54,13,169,96,171
333,28,119,237,33,99,137,96,170,156
333,29,110,89,229,104,230,206,139,1
333,30,190,16,139,128,221,188,91,159
333,31,120,39,226,228,108,33,30,252
333,32,238,21,113,102,116,47,159,158
333,33,73,224,182,41,232,168,81,121
333,34,34,97,161,205,21,95,9,55
333,35,39,167,99,212,61,2,132,24
333,36,49,117,67,195,181,74,248,68
333,37,209,15,153,90,193,124,22,48
333,38,139,106,47,86,127,84,101,213
333,39,203,72,36,244,15,183,27,9
334,0,86,41,172,223,2,29,65,4
334,1,79,255,33,17,29,233,211,42
334,2,63,76,108,201,101,110,113,192
334,3,30,194,148,177,14,213,58,42
334,4,164,149,37,152,203,231,60,239
334,5,27,153,115,2,170,183,155,249
334,6,61,19,245,136,157,142,52,51
334,7,242,7,185,158,76,79,32,37
334,8,86,164,220,61,207,246,80,242
334,9,207,98,198,215,151,5,14,161
334,10,9,218,117,63,5,253,17,114
334,11,209,247,116,170,238,255,248,151
334,12,222,59,56,138,39,223,115,43
334,13,111,113,72,219,116,18,38,100
334,14,96,93,167,18,83,231,44,204
334,15,71,169,147,39,3,171,250,54
334,16,170,193,32,47,54,237,72,55
334,17,88,89,78,16,49,8,104,1
334,18,232,203,91,135,16,177,139,22
334,19,30,108,226,70,183,59,228,39
334,20,242,80,4,86,220,72,133,207
334,21,207,151,215,73,5,96,98,198
334,22,81,117,9,17,46,5,218,132
334,23,247,209,116,208,255,3,151,248
334,24,222,128,39,223,115,153,56,194
334,25,93,113,97,178,140,72,100,111
334,26,96,37,231,167,214,106,156,67
334,27,71,3,169,171,250,16,13,54
334,28,193,33,170,72,116,250,95,228
334,29,78,88,49,61,89,230,1,200
334,30,232,91,162,139,50,16,177,135
334,31,151,34,226,228,59,33,30,88
334,32,125,179,47,75,159,21,15,156
334,33,5,6,198,161,75,104,81,170
334,34,227,238,44,21,55,33,251,255
334,35,167,24,148,190,36,10,61,74
334,36,227,74,39,115,188,99,153,19
334,37,124,78,100,126,27,22,169,16
334,38,119,169,212,215,118,127,96,251
334,39,158,40,122,179,165,70,117,163
335,0,91,51,249,145,179,101,9,197
335,1,139,64,59,87,216,227,75,20
335,2,34,17,235,227,75,0,210,88
335,3,59,211,235,37,142,77,231,152
335,4,241,131,15,128,222,142,102,108
335,5,186,104,41,193,236,58,153,51
335,6,153,79,167,51,154,52,147,61
335,7,185,29,23,76,216,78,175,227
335,8,195,89,72,234,85,83,148,86
335,9,29,94,164,207,215,99,69,228
335,10,169,130,198,132,248,216,19,234
335,11,189,161,98,255,145,111,136,32
335,12,63,74,26,15,160,128,157,39
335,13,43,147,145,154,93,219,183,45
335,14,204,50,20,51,124,231,224,214
335,15,147,200,98,81,235,181,195,37
335,16,5,172,196,35,133,32,170,252
335,17,250,44,76,172,61,1,20,89
335,18,179,50,57,0,187,138,77,83
335,19,122,130,183,109,212,20,241,115
335,20,195,234,72,99,83,207,20,148
335,21,164,29,126,94,207,38,161,131
335,22,198,130,169,23,234,248,19,132
335,23,161,189,136,98,62,128,87,86
335,24,63,74,26,128,44,15,160,242
335,25,147,43,97,61,45,134,160,107
335,26,20,148,50,124,171,51,32,184
335,27,200,147,81,23,181,98,58,189
335,28,133,43,5,151,196,172,225,91
335,29,76,87,119,250,44,36,1,172
335,30,179,77,0,133,24,30,16,239
335,31,4,205,109,183,122,191,39,59
335,32,181,98,131,125,178,3,161,47
335,33,126,86,43,88,238,158,140,215
335,34,96,91,84,74,207,20,168,26
335,35,160,47,57,64,245,128,173,21
335,36,2,217,191,93,171,25,101,220
335,37,65,61,19,96,74,86,123,72
335,38,61,18,191,121,145,21,252,202
335,39,228,7,173,127,163,117,222,22
336,0,141,235,190,221,208,253,125,61
336,1,47,93,46,244,155,197,68,62
336,2,34,109,57,103,145,17,210,68
336,3,235,187,231,133,152,77,130,37
336,4,142,128,236,222,13,15,211,95
336,5,193,41,90,47,186,224,78,145
336,6,153,54,215,167,79,60,196,52
336,7,23,29,185,78,64,76,117,216
336,8,116,234,180,99,4,57,195,239
336,9,164,116,94,126,191,161,29,131
336,10,169,198,130,36,65,125,61,248
336,11,189,161,128,86,206,98,233,136
336,12,74,134,93,63,128,26,15,254
336,13,147,134,43,154,32,212,93,61
336,14,20,51,50,124,148,88,64,137
336,15,200,162,148,147,81,242,58,181
336,16,133,5,252,51,134,174,196,106
336,17,198,89,250,76,0,87,172,20
336,18,179,43,187,57,0,50,134,163
336,19,116,109,20,191,195,205,183,57
336,20,234,239,99,207,180,83,20,137
336,21,164,116,29,191,94,126,127,35
336,22,198,169,130,125,113,247,185,248
336,23,189,161,128,206,86,62,111,22
336,24,74,63,26,93,44,235,15,209
336,25,147,134,43,154,6,61,182,93
336,26,20,51,148,124,88,137,86,32
336,27,81,200,58,181,162,147,31,232
336,28,133,43,5,196,170,72,24,89
336,29,87,76,0,172,250,119,20,89
336,30,163,179,187,16,77,43,226,0
336,31,4,116,205,109,183,20,191,39
336,32,181,119,178,90,223,47,159,131
336,33,93,86,129,83,238,183,43,215
336,34,96,74,82,132,207,21,1,26
336,35,27,160,57,239,42,72,84,235
336,36,222,20,70,192,248,101,232,22
336,37,39,229,2,61,19,101,86,221
336,38,64,202,151,200,180,143,67,18
336,39,186,190,154,11,222,169,133,217
337,0,38,54,167,193,112,238,44,244
337,1,188,58,46,140,201,152,122,47
337,2,74,29,100,27,219,140,186,145
337,3,26,230,233,128,34,35,103,91
337,4,144,45,91,128,95,81,245,213
337,5,90,193,78,188,47,65,41,127
337,6,60,153,54,215,206,68,75,138
337,7,117,23,29,64,229,176,185,78
337,8,116,239,234,99,104,180,4,173
337,9,126,191,116,164,239,36,113,171
337,10,198,125,36,248,169,157,195,65
337,11,161,233,189,86,133,128,39,98
337,12,44,93,74,54,134,63,26,15
337,13,6,147,134,154,33,61,212,43
337,14,86,50,147,51,124,148,47,106
337,15,200,162,181,148,81,147,191,189
337,16,156,133,5,170,0,252,151,43
337,17,89,76,172,5,166,110,20,57
337,18,179,187,226,128,77,203,0,124
337,19,109,205,120,122,88,183,212,226
337,20,234,239,133,4,195,148,23,180
337,21,116,164,191,207,126,94,29,229
337,22,236,248,161,169,198,157,125,130
337,23,189,140,161,36,111,42,62,98
337,24,44,93,74,39,63,26,15,116
337,25,6,147,93,61,154,33,134,43
337,26,148,86,51,147,124,204,167,96
337,27,200,181,81,169,162,3,58,147
337,28,43,133,5,72,156,47,170,24
337,29,76,5,172,1,89,250,87,57
337,30,179,187,91,16,77,226,139,71
337,31,59,109,12,116,205,88,30,4
337,32,223,119,181,47,178,185,90,159
337,33,93,86,183,83,238,129,73,232
337,34,186,96,207,21,116,82,252,1
337,35,167,160,36,202,218,57,235,14
337,36,188,70,181,248,153,120,129,74
337,37,58,124,22,143,190,31,39,238
337,38,92,118,148,127,212,175,189,121
337,39,189,248,70,252,238,38,58,2
338,0,140,43,173,112,200,238,67,30
338,1,46,47,188,249,137,181,20,25
338,2,186,140,20,29,72,82,27,165
338,3,117,26,233,103,230,119,236,252
338,4,144,245,213,193,120,246,45,0
338,5,90,188,78,43,248,145,230,239
338,6,60,206,118,68,208,96,89,160
338,7,176,112,47,54,5,117,55,185
338,8,239,73,104,195,113,234,116,179
338,9,113,126,224,88,1,229,68,30
338,10,115,215,183,157,100,211,195,22
338,11,181,41,133,51,253,112,98,249
338,12,212,62,154,213,0,102,199,53
338,13,6,145,142,34,212,168,11,45
338,14,204,132,147,214,88,54,231,213
338,15,147,235,98,206,228,139,195,74
338,16,172,156,191,119,151,72,170,117
338,17,44,69,1,5,161,57,8,72
338,18,77,138,159,91,22,172,226,224
338,19,122,115,59,88,212,95,4,208
338,20,195,148,53,85,72,133,161,23
338,21,99,1,143,229,233,207,137,225
338,22,236,132,34,161,147,157,116,49
338,23,140,32,42,80,98,111,105,60
338,24,116,176,10,161,39,244,213,149
338,25,45,145,6,168,208,34,142,183
338,26,204,132,44,231,187,96,214,147
338,27,169,98,139,206,1,134,147,120
338,28,47,72,26,156,172,195,191,96
338,29,5,1,161,69,110,158,151,223
338,30,77,91,4,225,226,16,71,64
338,31,59,95,212,122,88,120,167,117
338,32,223,96,47,255,98,178,236,158
338,33,190,232,81,86,238,183,41,74
338,34,116,246,10,207,84,252,1,235
338,35,202,167,14,11,36,16,160,244
338,36,188,181,70,153,129,154,78,248
338,37,58,22,124,31,199,103,143,190
338,38,92,148,118,127,71,212,79,189
338,39,189,248,252,38,70,2,69,58
339,0,144,111,172,188,92,66,236,106
339,1,198,124,242,73,128,193,255,170
339,2,60,255,49,92,219,11,80,188
339,3,92,30,177,202,11,119,117,197
339,4,8,98,94,54,112,152,88,118
339,5,9,153,194,170,81,183,147,136
339,6,52,16,183,55,43,166,14,68
339,7,185,181,158,76,171,78,101,5
339,8,35,173,148,133,85,23,164,65
339,9,120,156,178,207,98,85,229,1
339,10,9,132,161,207,208,178,196,34
339,11,130,98,153,27,195,247,114,181
339,12,116,191,154,39,176,43,10,134
339,13,145,168,219,212,113,142,6,93
339,14,204,44,132,231,96,180,167,93
339,15,103,147,235,206,169,248,139,195
339,16,228,181,72,47,170,191,212,119
339,17,69,1,89,8,44,218,236,152
339,18,77,91,69,138,22,159,225,71
339,19,59,115,122,212,88,95,30,233
339,20,148,53,195,133,35,72,23,161
339,21,1,99,178,229,156,143,120,233
339,22,132,9,116,208,161,34,156,157
339,23,130,153,195,27,60,98,15,101
339,24,116,176,39,191,10,154,244,67
339,25,208,145,45,34,168,142,120,83
339,26,204,132,44,216,248,21,96,231
339,27,103,139,235,134,1,147,248,169
339,28,228,191,47,72,117,231,183,172
339,29,69,1,161,236,102,223,152,218
339,30,77,4,225,69,91,152,6,97
339,31,233,212,95,59,88,115,122,133
339,32,255,195,194,236,47,146,247,17
339,33,97,37,87,94,217,23,106,81
339,34,54,19,246,10,187,212,255,188
339,35,14,36,202,16,171,142,11,196
339,36,188,153,0,154,8,78,10,239
339,37,199,22,124,103,238,213,90,37
339,38,175,22,127,118,189,212,230,79
339,39,16,145,252,70,30,116,25,34
340,0,136,78,241,56,89,68,18,14
340,1,186,165,166,6,119,40,237,234
340,2,115,56,81,209,124,125,1,5
340,3,50,89,38,48,169,173,9,153
340,4,253,152,98,8,133,123,28,106
340,5,9,174,153,202,58,130,0,68
340,6,102,43,52,26,16,194,12,212
340,7,185,175,227,183,111,5,158,26
340,8,148,157,53,195,72,133,85,59
340,9,99,1,229,207,28,179,120,166
340,10,68,12,132,116,108,148,217,156
340,11,64,130,98,32,60,97,44,229
340,12,10,157,2,116,176,154,163,161
340,13,34,42,208,145,212,183,58,45
340,14,132,204,44,21,248,173,191,165
340,15,235,147,139,74,206,145,90,98
340,16,172,191,228,104,183,176,25,117
340,17,44,185,69,192,1,161,196,233
340,18,77,138,91,92,225,224,54,22
340,19,115,212,59,95,122,88,180,133
340,20,195,148,53,85,72,157,240,23
340,21,1,99,229,233,143,193,137,28
340,22,12,68,147,132,148,34,172,149
340,23,64,130,32,44,105,117,60,98
340,24,116,10,176,161,244,149,173,213
340,25,42,34,145,45,208,170,183,174
340,26,204,132,44,21,227,115,253,187
340,27,235,98,116,139,14,227,103,1
340,28,228,172,191,104,117,47,197,72
340,29,185,1,69,161,192,44,102,223
340,30,72,77,225,4,91,138,152,45
340,31,115,95,59,212,88,122,233,240
340,32,224,255,197,236,47,206,241,126
340,33,63,156,87,217,18,12,81,146
340,34,152,54,246,10,213,188,55,217
340,35,14,202,36,196,212,39,171,11
340,36,188,239,153,24,154,78,10,251
340,37,50,22,199,103,90,37,238,52
340,38,175,146,127,118,86,189,79,121
340,39,85,177,13,252,34,70,30,116
341,0,211,36,62,138,134,75,20,37
341,1,75,193,178,8,254,175,63,101
341,2,42,157,182,83,3,115,56,216
341,3,201,22,69,243,163,196,154,126
341,4,152,253,134,175,28,206,140,121
341,5,50,58,0,164,64,9,251,77
341,6,12,195,30,125,210,25,237,43
341,7,142,175,185,246,227,166,158,183
341,8,148,53,72,85,195,98,59,133
341,9,99,1,90,32,243,134,166,28
341,10,217,233,132,54,147,245,148,172
341,11,105,44,97,32,117,141,237,223
341,12,10,149,157,176,50,2,38,116
341,13,34,208,183,252,0,83,180,45
341,14,132,173,17,163,21,165,44,248
341,15,221,235,0,139,90,206,6,74
341,16,191,234,104,56,197,183,25,209
341,17,69,161,209,217,192,44,210,4
341,18,77,141,116,209,225,83,58,4
341,19,115,24,88,59,95,144,48,129
341,20,53,148,172,195,72,85,159,98
341,21,32,99,1,233,229,193,143,195
341,22,233,132,148,12,245,103,242,147
341,23,44,117,105,59,32,146,209,63
341,24,157,50,116,244,10,149,166,176
341,25,34,0,208,42,145,183,45,174
341,26,132,17,21,44,204,248,78,115
341,27,139,28,18,235,79,221,206,145
341,28,56,228,191,234,82,138,190,197
341,29,1,161,185,69,19,204,4,60
341,30,141,77,116,225,66,209,91,151
341,31,247,95,157,59,88,115,85,83
341,32,92,236,14,255,28,26,47,109
341,33,103,87,139,133,162,54,181,81
341,34,246,18,10,121,152,11,5,72
341,35,14,202,129,36,142,220,254,167
341,36,188,92,153,154,78,26,48,79
341,37,113,22,199,162,103,238,208,229
341,38,243,175,121,118,87,127,189,45
341,39,77,70,58,252,99,30,116,247
342,0,254,211,75,191,163,8,26,77
342,1,91,187,167,193,214,252,30,78
342,2,170,37,42,31,175,225,32,187
342,3,22,126,69,201,196,149,163,93
342,4,28,134,175,121,44,233,206,208
342,5,0,58,60,252,64,164,50,128
342,6,173,12,210,30,255,195,72,237
342,7,39,175,166,245,183,225,227,132
342,8,53,148,38,72,121,59,1,133
342,9,99,134,32,1,28,90,221,101
342,10,217,245,233,135,148,77,147,103
342,11,105,216,237,241,63,117,44,230
342,12,10,149,50,38,13,55,157,32
342,13,34,204,45,0,158,208,180,248
342,14,191,132,17,21,173,163,34,164
342,15,221,6,0,235,74,195,206,90
342,16,191,234,176,104,172,254,183,56
342,17,161,69,44,223,1,192,210,209
342,18,77,32,58,129,225,92,116,54
342,19,24,115,219,48,180,95,37,239
342,20,148,53,172,195,38,72,85,98
342,21,32,99,1,229,233,195,228,117
342,22,233,77,103,132,135,245,148,20
342,23,63,222,105,117,44,118,32,70
342,24,50,157,55,149,116,10,244,158
342,25,34,0,208,204,42,183,145,45
342,26,132,21,196,204,17,44,248,203
342,27,221,139,79,0,12,35,18,235
342,28,56,228,191,234,197,219,176,183
342,29,54,19,1,69,161,185,60,88
342,30,116,151,77,66,225,209,232,143
342,31,59,95,219,88,55,83,157,49
342,32,235,28,236,14,92,26,179,255
342,33,250,47,87,104,198,203,146,143
342,34,185,164,18,121,246,128,166,10
342,35,129,202,101,220,171,14,254,142
342,36,154,188,78,153,103,148,44,115
342,37,22,199,162,103,132,238,80,181
342,38,175,118,127,45,239,121,119,189
342,39,77,141,116,30,70,252,99,219
343,0,48,211,70,174,139,161,13,116
343,1,80,193,91,206,141,254,4,187
343,2,225,176,207,111,24,101,40,30
343,3,164,147,189,14,126,45,85,139
343,4,44,221,148,134,175,28,152,208
343,5,58,0,164,252,50,139,108,130
343,6,12,240,125,30,173,100,18,43
343,7,38,183,246,225,3,175,104,33
343,8,53,148,72,59,121,195,233,213
343,9,99,1,28,229,90,243,134,101
343,10,242,172,148,12,132,245,108,137
343,11,220,218,215,44,222,117,174,97
343,12,10,149,157,116,176,2,38,161
343,13,34,183,208,45,170,14,145,252
343,14,132,173,21,163,44,158,204,253
343,15,221,235,139,0,90,74,28,124
343,16,191,25,197,209,104,183,195,234
343,17,69,161,21,44,192,1,125,209
343,18,77,225,151,91,83,72,209,58
343,19,115,85,59,88,129,95,212,144
343,20,195,148,85,121,53,72,162,202
343,21,99,229,1,98,252,28,48,211
343,22,132,242,12,148,137,172,34,147
343,23,220,44,174,98,218,117,17,59
343,24,157,116,11,128,50,10,160,149
343,25,101,145,183,19,140,222,45,0
343,26,203,204,44,132,96,231,73,18
343,27,169,3,28,249,235,171,98,206
343,28,193,228,72,219,190,47,102,82
343,29,1,21,88,222,185,69,61,212
343,30,232,91,162,77,50,225,64,63
343,31,59,88,85,34,95,183,28,230
343,32,123,156,179,236,109,47,86,254
343,33,95,139,102,143,104,11,132,36
343,34,44,238,240,10,67,72,246,252
343,35,148,167,190,202,129,235,74,36
343,36,188,142,227,115,153,26,39,248
343,37,78,22,27,16,113,169,103,175
343,38,119,215,118,127,251,169,80,175
343,39,158,122,244,70,252,183,165,179
344,0,233,117,226,171,80,128,11,90
344,1,120,13,43,81,66,169,133,171
344,2,164,107,22,225,169,146,70,31
344,3,91,170,221,193,55,238,98,141
344,4,228,8,139,55,119,152,123,253
344,5,9,61,142,27,58,146,161,139
344,6,90,125,43,52,55,27,235,154
344,7,181,185,199,108,44,131,33,26
344,8,148,85,112,212,53,164,86,65
344,9,178,99,207,98,85,19,120,229
344,10,163,132,108,12,207,216,26,34
344,11,142,174,98,20,18,203,247,216
344,12,160,10,67,157,43,116,149,176
344,13,116,29,34,200,208,183,222,50
344,14,132,44,38,18,173,21,204,248
344,15,221,99,39,169,90,0,139,74
344,16,195,191,54,47,228,72,37,96
344,17,8,161,69,88,1,218,236,60
344,18,77,91,232,6,22,225,32,83
344,19,59,115,88,199,108,240,208,221
344,20,148,53,233,85,112,220,212,171
344,21,99,178,207,233,229,143,90,215
344,22,132,163,34,116,108,236,5,245
344,23,142,20,174,247,170,203,44,10
344,24,116,222,43,67,244,176,160,10
344,25,208,34,29,145,116,140,113,183
344,26,132,96,44,18,73,21,204,248
344,27,99,3,206,139,169,249,96,0
344,28,54,33,195,191,96,72,231,186
344,29,1,236,218,8,141,69,89,161
344,30,77,91,71,232,64,190,221,225
344,31,59,199,88,240,95,124,228,243
344,32,89,17,156,47,236,21,247,221
344,33,105,244,107,143,81,214,23,215
344,34,12,81,252,56,220,10,208,58
344,35,132,167,202,36,129,235,218,220
344,36,253,188,152,246,248,153,78,118
344,37,161,135,60,22,158,153,67,124
344,38,234,9,30,127,136,118,195,201
344,39,246,250,1,92,248,203,70,252
345,0,144,210,234,92,111,232,186,62
345,1,178,195,8,175,217,193,131,95
345,2,92,150,13,159,110,157,118,15
345,3,30,2,202,177,155,201,251,157
345,4,216,94,152,133,71,54,98,43
345,5,115,153,27,194,210,183,0,9
345,6,154,235,92,55,245,125,123,61
345,7,158,181,185,187,132,7,79,76
345,8,242,148,53,164,86,246,85,220
345,9,120,207,85,99,98,143,229,198
345,10,5,117,9,178,132,17,207,218
345,11,153,170,151,209,207,142,186,255
345,12,222,116,178,10,154,39,32,138
345,13,116,113,219,50,111,145,183,208
345,14,18,44,132,204,96,161,93,173
345,15,169,39,3,248,139,123,90,206
345,16,54,195,33,191,72,99,13,170
345,17,8,1,69,236,78,88,89,238
345,18,77,91,232,22,237,69,225,130
345,19,59,115,88,70,108,60,221,211
345,20,148,242,53,220,233,85,133,171
345,21,99,120,207,233,143,229,96,137
345,22,5,132,9,117,116,108,17,245
345,23,153,170,151,209,101,15,207,208
345,24,116,222,106,244,176,178,10,255
345,25,208,34,116,199,200,145,113,174
345,26,132,21,96,248,73,204,93,161
345,27,139,206,248,169,3,0,90,145
345,28,191,33,54,230,195,116,231,72
345,29,1,78,236,69,161,8,204,157
345,30,77,91,69,237,221,64,225,83
345,31,59,233,88,70,95,240,60,115
345,32,146,195,47,194,236,199,206,162
345,33,75,97,37,94,81,161,5,181
345,34,212,187,5,19,255,246,10,54
345,35,202,167,244,214,220,11,36,49
345,36,188,234,129,0,153,8,78,34
345,37,22,147,103,199,124,163,220,177
345,38,22,127,118,79,239,212,86,175
345,39,145,30,16,116,70,34,252,62
346,0,62,211,138,231,163,223,222,174
346,1,153,245,48,193,49,197,5,40
346,2,193,157,3,235,192,216,215,253
346,3,201,197,22,243,76,251,154,6
346,4,152,134,36,43,70,38,29,208
346,5,115,0,251,153,23,232,19,50
346,6,168,125,102,25,12,161,49,26
346,7,185,246,158,57,183,132,104,227
346,8,148,53,133,59,246,72,233,22
346,9,99,90,207,229,28,233,179,137
346,10,197,132,233,245,190,250,226,232
346,11,2,211,97,15,59,241,202,85
346,12,10,116,166,176,12,210,222,217
346,13,34,208,183,195,170,120,145,1
346,14,132,21,173,248,1,162,34,130
346,15,221,90,0,74,139,123,145,206
346,16,191,195,56,138,37,183,122,158
346,17,161,69,8,244,210,19,128,126
346,18,77,58,130,91,225,250,146,54
346,19,60,59,247,18,211,115,208,34
346,20,68,148,53,85,171,100,72,38
346,21,99,143,229,207,233,90,144,74
346,22,245,132,197,233,109,108,5,101
346,23,59,231,211,2,241,170,85,190
346,24,116,210,166,244,222,178,176,217
346,25,34,208,116,19,155,183,145,169
346,26,132,21,248,93,1,73,96,179
346,27,139,206,79,169,0,90,3,18
346,28,56,191,82,33,186,138,201,116
346,29,19,1,69,161,62,204,8,190
346,30,77,91,151,130,143,209,66,219
346,31,157,59,70,83,60,247,88,211
346,32,14,109,144,85,47,157,236,123
346,33,181,68,102,56,81,162,103,161
346,34,18,11,143,195,73,246,211,249
346,35,167,202,44,36,244,191,185,254
346,36,79,188,26,44,48,129,153,78
346,37,162,196,22,126,163,199,103,55
346,38,127,118,79,132,106,87,217,52
346,39,99,44,77,203,224,167,45,70
347,0,159,220,116,69,211,62,174,240
347,1,23,80,94,88,162,17,49,193
347,2,146,215,85,144,26,102,109,44
347,3,201,22,243,180,242,166,222,162
347,4,152,221,134,44,148,36,70,43
347,5,115,19,236,251,0,153,2,183
347,6,161,125,57,245,123,49,157,154
347,7,158,185,187,223,57,246,132,167
347,8,148,53,246,85,59,220,7,22
347,9,99,207,233,85,143,90,229,166
347,10,132,19,5,178,34,233,9,232
347,11,85,59,220,97,170,202,209,15
347,12,222,116,210,10,217,176,178,157
347,13,34,183,208,50,45,195,113,92
347,14,173,132,18,21,44,248,162,214
347,15,221,90,0,139,169,145,74,33
347,16,191,195,193,33,39,72,25,122
347,17,8,164,69,21,1,78,161,210
347,18,77,250,22,91,151,232,58,130
347,19,59,211,85,88,115,70,183,60
347,20,148,121,85,220,53,68,100,171
347,21,207,99,98,233,143,229,85,131
347,22,216,5,132,19,34,242,178,1
347,23,170,59,220,85,201,186,231,148
347,24,222,128,116,11,178,32,210,56
347,25,140,97,19,116,113,101,222,183
347,26,96,231,18,146,44,132,161,153
347,27,3,169,33,28,206,100,177,249
347,28,193,190,82,33,196,219,72,195
347,29,88,21,61,164,1,89,69,94
347,30,250,162,232,91,50,16,63,77
347,31,59,34,183,28,88,151,4,43
347,32,125,179,76,123,86,156,47,140
347,33,95,234,104,56,36,132,166,143
347,34,44,238,240,20,72,10,62,195
347,35,148,190,74,21,191,80,78,232
347,36,227,115,39,19,142,188,147,93
347,37,27,65,78,169,113,16,22,80
347,38,169,119,215,96,158,159,251,61
347,39,117,158,122,252,179,129,218,182
348,0,132,158,141,125,190,115,47,221
348,1,244,155,93,197,188,182,233,58
348,2,29,109,27,57,74,145,17,210
348,3,187,133,235,117,174,158,37,77
348,4,236,142,128,222,102,95,87,91
348,5,193,47,90,78,65,41,127,182
348,6,153,60,206,167,79,138,196,52
348,7,23,29,117,185,64,78,76,147
348,8,116,234,180,99,239,4,77,57
348,9,164,239,191,161,2,131,85,197
348,10,169,198,65,130,125,185,196,216
348,11,189,128,161,206,86,98,160,108
348,12,134,74,63,128,26,93,15,254
348,13,147,43,32,134,154,74,45,107
348,14,20,124,44,51,64,88,214,137
348,15,81,200,147,242,162,181,169,235
348,16,5,196,133,47,51,32,72,170
348,17,250,172,76,89,198,61,69,87
348,18,57,179,0,50,77,138,187,43
348,19,116,109,20,183,88,205,122,212
348,20,234,239,195,83,99,207,180,237
348,21,164,94,29,191,239,126,207,161
348,22,169,130,198,116,113,125,234,65
348,23,189,161,128,206,86,62,98,78
348,24,63,74,26,160,93,15,128,32
348,25,134,147,43,45,6,107,182,95
348,26,20,148,51,124,137,88,32,198
348,27,147,200,58,181,162,165,81,31
348,28,133,43,5,134,202,106,170,225
348,29,87,76,0,250,172,20,124,241
348,30,163,179,43,226,187,133,89,77
348,31,116,109,4,205,20,191,39,57
348,32,119,181,178,90,53,150,252,112
348,33,93,129,184,43,83,236,92,183
348,34,82,96,26,85,231,112,92,1
348,35,72,84,42,160,57,174,135,204
348,36,22,222,221,83,70,20,75,120
348,37,182,138,58,39,229,88,104,190
348,38,151,64,148,249,92,143,193,202
348,39,186,190,162,154,38,217,11,169
349,0,238,43,252,25,147,95,165,170
349,1,250,224,46,172,129,147,103,19
349,2,29,27,49,20,140,186,245,119
349,3,233,26,230,117,4,103,130,174
349,4,81,9,229,183,144,224,92,89
349,5,43,188,78,127,90,110,205,79
349,6,60,206,68,138,143,208,101,97
349,7,117,229,65,142,111,78,145,76
349,8,116,104,239,99,173,180,23,137
349,9,171,160,113,2,126,255,170,191
349,10,185,65,157,115,198,173,139,125
349,11,181,206,161,128,86,47,62,108
349,12,44,74,249,54,93,134,199,60
349,13,134,6,147,32,154,61,182,243
349,14,148,88,51,137,86,32,125,167
349,15,162,148,58,200,181,165,243,46
349,16,133,134,43,0,51,252,170,93
349,17,76,15,5,87,89,198,0,108
349,18,179,124,226,204,192,43,134,203
349,19,109,19,205,191,30,226,86,116
349,20,239,237,207,99,234,116,180,137
349,21,155,191,164,207,126,2,127,239
349,22,157,236,247,234,198,185,125,191
349,23,189,206,181,128,140,62,111,86
349,24,93,74,44,220,39,235,43,54
349,25,6,134,154,182,147,219,93,138
349,26,88,148,51,137,86,167,52,106
349,27,200,162,58,181,165,46,147,81
349,28,43,133,170,252,24,51,5,80
349,29,5,76,87,20,158,142,89,0
349,30,226,192,77,163,135,179,43,139
349,31,167,30,109,226,228,12,116,191
349,32,223,181,178,119,47,159,90,185
349,33,83,74,129,9,93,231,81,16
349,34,241,21,252,1,186,116,85,82
349,35,160,167,218,22,36,84,235,61
349,36,70,248,74,153,98,120,188,129
349,37,62,58,143,124,229,48,145,175
349,38,147,117,166,180,237,112,21,10
349,39,238,235,95,223,81,169,237,67
350,0,206,209,43,104,30,95,147,105
350,1,47,46,155,188,20,156,249,172
350,2,20,233,82,85,231,172,41,165
350,3,117,233,119,130,229,178,196,244
350,4,20,195,246,5,184,87,187,150
350,5,158,79,111,32,159,153,145,127
350,6,206,254,12,230,7,26,79,21
350,7,185,175,142,245,78,158,81,39
350,8,72,195,133,148,53,23,85,151
350,9,99,1,203,243,143,207,150,161
350,10,217,23,156,132,148,116,176,234
350,11,204,42,12,32,60,128,225,253
350,12,10,163,161,116,145,176,238,250
350,13,34,208,45,58,93,145,170,83
350,14,132,204,54,44,184,248,105,225
350,15,147,235,139,74,206,227,12,92
350,16,172,74,250,191,160,59,51,112
350,17,69,44,233,161,109,1,152,210
350,18,77,138,176,182,224,175,239,92
350,19,115,95,212,122,24,221,231,26
350,20,72,148,53,195,85,240,184,133
350,21,99,1,208,254,137,143,141,207
350,22,160,149,234,217,147,116,162,148
350,23,80,32,204,229,34,193,253,63
350,24,127,161,10,21,163,173,238,196
350,25,34,208,58,45,83,170,136,130
350,26,204,132,54,165,59,248,90,115
350,27,147,139,235,227,74,98,145,255
350,28,74,172,191,250,116,158,112,165
350,29,161,150,69,152,44,233,98,36
350,30,77,138,175,64,176,182,92,4
350,31,95,212,180,115,203,122,221,25
350,32,33,255,241,204,236,178,104,175
350,33,192,110,75,81,67,72,142,137
350,34,16,218,123,246,247,254,98,23
350,35,202,14,53,11,235,194,220,16
350,36,188,110,78,154,160,118,153,157
350,37,163,21,103,199,186,124,59,92
350,38,103,82,67,245,77,233,21,159
350,39,238,140,245,253,225,218,210,20
351,0,32,206,168,95,238,255,181,30
351,1,201,140,137,77,46,176,122,20
351,2,20,233,82,204,218,165,41,231
351,3,117,119,178,233,103,252,237,244
351,4,246,81,249,184,20,150,193,87
351,5,32,111,255,85,76,159,230,207
351,6,7,230,124,206,176,53,254,98
351,7,142,221,185,175,148,136,106,57
351,8,53,148,195,72,59,85,100,233
351,9,99,201,143,203,229,233,63,1
351,10,23,43,96,245,108,78,29,176
351,11,42,239,181,135,45,253,214,58
351,12,10,116,176,161,2,159,149,250
351,13,34,208,83,205,58,120,67,232
351,14,132,173,21,163,158,34,44,248
351,15,74,90,235,206,145,221,170,14
351,16,191,172,74,176,25,104,24,234
351,17,161,69,44,233,209,217,192,196
351,18,77,138,224,92,54,239,225,91
351,19,115,95,24,180,208,127,59,129
351,20,195,53,148,85,118,72,233,246
351,21,99,233,229,143,1,195,177,214
351,22,149,160,245,172,147,148,224,132
351,23,80,105,117,32,44,63,223,40
351,24,10,149,244,161,21,116,148,213
351,25,34,45,58,170,248,208,139,83
351,26,132,21,17,204,163,253,173,130
351,27,235,139,74,221,14,206,145,147
351,28,191,172,74,104,25,176,117,200
351,29,161,150,44,69,192,233,32,175
351,30,77,224,92,60,138,47,127,137
351,31,115,154,180,191,166,122,95,139
351,32,127,33,223,255,178,241,133,213
351,33,74,17,218,39,208,65,109,62
351,34,116,252,203,1,186,25,235,136
351,35,202,167,36,245,130,48,235,173
351,36,70,188,153,248,68,129,232,144
351,37,58,104,124,143,249,22,21,147
351,38,148,92,27,127,118,79,212,84
351,39,248,243,38,238,70,78,242,252
352,0,88,95,173,140,112,238,43,200
352,1,181,152,47,172,147,127,20,33
352,2,62,218,20,165,197,82,186,245
352,3,117,233,76,150,178,103,119,194
352,4,9,193,199,62,0,5,72,27
352,5,230,189,15,87,13,166,68,29
352,6,118,160,208,53,7,124,63,230
352,7,145,176,136,142,185,47,155,207
352,8,239,245,237,185,116,104,106,133
352,9,113,53,126,60,224,200,171,207
352,10,215,122,115,129,231,100,227,22
352,11,181,183,51,224,111,149,41,205
352,12,62,199,102,220,154,53,213,144
352,13,6,5,145,212,219,251,15,93
352,14,52,167,106,88,214,29,204,231
352,15,147,165,162,181,117,206,228,98
352,16,170,252,0,32,231,51,93,203
352,17,89,5,69,158,15,20,124,99
352,18,77,204,226,192,159,22,203,91
352,19,30,59,117,88,122,4,191,75
352,20,148,195,53,239,180,207,133,72
352,21,207,99,155,85,209,53,251,117
352,22,236,234,157,165,116,161,122,199
352,23,140,111,181,145,60,80,34,134
352,24,220,39,116,199,191,43,144,81
352,25,6,219,138,208,93,35,66,168
352,26,52,167,231,214,106,67,86,137
352,27,206,233,162,147,177,110,100,98
352,28,24,170,72,47,250,26,80,51
352,29,5,158,1,89,20,26,8,69
352,30,226,77,192,91,135,139,71,170
352,31,59,167,120,30,228,191,124,137
352,32,223,178,47,206,158,255,60,194
352,33,190,74,81,244,41,40,93,16
352,34,116,82,21,1,252,85,34,141
352,35,167,202,36,244,218,22,212,224
352,36,70,188,248,153,74,129,239,181
352,37,104,58,143,124,22,48,147,182
352,38,148,27,92,127,118,212,79,71
352,39,110,248,243,38,12,70,78,242
353,0,62,124,236,211,155,4,231,72
353,1,120,195,193,202,124,33,83,245
353,2,60,193,49,3,77,253,255,208
353,3,11,177,30,197,25,159,199,56
353,4,154,152,160,88,192,28,43,132
353,5,153,251,115,136,50,62,91,170
353,6,82,79,14,209,156,126,49,168
353,7,185,35,76,142,175,32,78,171
353,8,133,72,148,23,220,224,53,16
353,9,207,99,1,161,198,229,143,61
353,10,234,122,207,132,165,116,242,99
353,11,59,111,85,60,47,3,204,15
353,12,208,39,116,191,210,220,193,199
353,13,219,212,93,145,6,45,19,15
353,14,231,52,167,204,106,214,198,54
353,15,147,49,162,181,165,204,98,71
353,16,170,252,230,190,51,0,80,112
353,17,89,15,158,20,96,19,1,78
353,18,204,226,250,192,203,77,43,130
353,19,75,30,226,19,88,85,212,201
353,20,133,207,99,148,180,195,23,185
353,21,207,156,229,1,73,151,251,198
353,22,234,122,157,165,9,242,207,116
353,23,181,59,85,15,111,60,231,218
353,24,39,220,191,210,81,15,145,127
353,25,219,6,93,113,66,19,71,155
353,26,231,52,167,67,137,106,214,86
353,27,162,147,49,233,177,242,58,54
353,28,170,230,252,24,190,51,189,56
353,29,19,158,89,20,142,96,15,166
353,30,226,250,192,139,108,77,177,135
353,31,30,226,157,228,183,59,247,108
353,32,12,146,19,47,123,178,14,76
353,33,75,74,56,139,81,40,72,16
353,34,195,191,21,141,18,11,72,48
353,35,43,167,185,244,97,214,36,210
353,36,125,129,26,44,74,68,188,153
353,37,58,162,14,57,124,147,21,48
353,38,92,79,120,84,127,94,97,118
353,39,44,189,242,77,78,197,2,99
354,0,199,62,204,174,124,161,13,211
354,1,49,162,245,33,174,193,23,211
354,2,252,253,20,207,71,95,35,23
354,3,17,173,25,73,43,199,79,11
354,4,148,154,192,44,152,43,221,250
354,5,153,115,2,236,251,81,136,155
354,6,157,79,14,161,49,57,209,156
354,7,76,158,185,223,171,35,167,120
354,8,220,224,164,159,133,61,207,171
354,9,207,197,198,98,255,161,99,61
354,10,122,234,165,19,9,132,219,99
354,11,85,111,220,3,59,47,209,222
354,12,191,210,220,116,193,39,237,208
354,13,219,113,6,199,168,145,15,93
354,14,167,52,93,231,106,214,67,54
354,15,33,181,71,233,147,54,206,162
354,16,170,0,231,190,47,252,136,80
354,17,158,89,78,15,142,164,16,20
354,18,226,130,192,204,77,250,203,197
354,19,30,70,226,183,191,59,75,228
354,20,207,4,159,99,180,164,133,220
354,21,207,151,156,197,136,5,229,102
354,22,234,157,122,165,19,9,116,185
354,23,85,111,220,3,59,145,181,25
354,24,220,39,191,81,15,208,210,209
354,25,113,6,219,154,20,93,168,78
354,26,52,167,231,86,106,137,67,51
354,27,162,33,181,177,58,165,233,242
354,28,170,190,252,51,80,111,189,193
354,29,158,164,20,15,21,166,89,78
354,30,250,226,192,197,162,135,63,16
354,31,30,183,228,191,226,39,132,252
354,32,76,19,123,237,85,185,47,178
354,33,234,74,95,56,5,166,75,9
354,34,191,21,72,195,240,1,181,63
354,35,97,167,43,191,185,36,202,71
354,36,74,188,153,248,225,142,76,196
354,37,58,229,124,126,48,22,64,113
354,38,92,212,118,0,169,159,127,84
354,39,189,129,197,122,78,70,117,179
355,0,11,101,79,108,135,30,186,75
355,1,62,155,97,70,75,146,162,16
355,2,210,249,253,38,43,20,252,158
355,3,37,211,226,117,199,150,228,8
355,4,65,154,129,165,15,105,54,240
355,5,236,188,198,44,235,218,153,127
355,6,79,14,157,156,196,182,177,42
355,7,2,76,171,23,229,185,14,79
355,8,35,116,164,179,4,207,180,52
355,9,180,197,98,131,85,207,161,6
355,10,122,234,157,88,196,39,132,21
355,11,111,181,39,14,20,3,145,47
355,12,220,193,191,15,39,81,154,134
355,13,6,113,219,168,103,154,29,20
355,14,52,167,231,86,88,106,93,214
355,15,46,181,162,147,165,110,33,206
355,16,170,96,231,26,32,0,252,181
355,17,158,15,89,153,108,166,142,5
355,18,226,204,192,77,170,148,22,159
355,19,191,30,204,109,122,75,19,59
355,20,239,180,185,195,133,148,237,53
355,21,180,207,120,156,85,99,229,195
355,22,157,234,236,122,116,165,247,178
355,23,39,181,111,20,14,142,60,204
355,24,67,220,39,154,15,116,191,255
355,25,6,211,138,219,113,112,208,253
355,26,52,86,118,106,167,38,231,67
355,27,46,166,162,206,110,98,172,233
355,28,170,96,24,72,250,51,111,80
355,29,158,1,89,102,20,5,242,69
355,30,226,192,77,170,91,139,85,148
355,31,59,204,130,30,143,137,124,122
355,32,149,178,47,158,99,255,206,185
355,33,74,190,126,81,16,41,232,40
355,34,116,21,1,34,161,246,97,10
355,35,167,202,97,224,36,212,244,214
355,36,188,70,153,207,129,166,239,74
355,37,58,22,124,147,190,143,103,175
355,38,92,148,118,127,71,212,79,12
355,39,189,2,70,38,69,213,78,242
356,0,70,222,211,139,217,20,223,28
356,1,193,91,167,14,187,245,191,204
356,2,193,3,216,188,60,187,126,170
356,3,56,196,197,126,243,16,69,22
356,4,175,28,134,152,208,121,29,43
356,5,58,0,22,60,164,71,153,108
356,6,30,168,12,249,26,210,113,102
356,7,38,175,39,142,183,185,154,20
356,8,53,148,195,72,133,121,59,84
356,9,99,1,134,28,229,90,150,101
356,10,148,122,172,242,147,132,217,135
356,11,32,218,70,204,44,63,14,97
356,12,10,38,116,50,208,199,176,55
356,13,34,145,45,20,19,212,208,248
356,14,204,132,21,57,253,200,44,214
356,15,235,147,98,139,130,92,28,195
356,16,172,191,104,117,158,102,176,190
356,17,69,44,19,158,161,1,192,225
356,18,77,138,92,83,204,226,91,130
356,19,122,99,212,144,115,88,180,85
356,20,195,148,72,53,121,171,133,202
356,21,1,99,229,228,143,32,60,254
356,22,148,122,147,156,132,172,157,242
356,23,32,218,70,63,60,37,204,164
356,24,220,50,55,116,210,11,38,166
356,25,211,45,0,145,155,240,208,174
356,26,204,196,132,86,214,57,253,198
356,27,98,130,35,28,147,235,18,139
356,28,56,59,53,72,102,172,117,254
356,29,19,158,1,225,69,44,170,156
356,30,91,226,77,192,197,138,225,209
356,31,59,99,122,88,212,157,143,247
356,32,123,19,255,109,57,47,14,173
356,33,162,74,139,61,84,47,110,81
356,34,121,191,246,18,195,249,73,11
356,35,14,36,114,202,167,191,44,97
356,36,26,153,188,44,129,79,78,154
356,37,58,22,162,238,196,103,229,52
356,38,92,118,127,132,0,79,190,175
356,39,189,99,77,70,44,197,129,87
357,0,174,62,211,13,139,75,159,138
357,1,23,193,141,30,17,162,80,14
357,2,207,225,40,161,226,31,134,69
357,3,161,197,196,126,69,137,149,193
357,4,148,28,221,44,121,140,152,175
357,5,58,50,22,153,0,164,210,75
357,6,30,210,249,237,26,12,8,14
357,7,175,185,38,39,142,26,68,223
357,8,195,53,148,72,133,59,144,233
357,9,99,1,229,143,207,68,179,44
357,10,122,132,242,137,148,234,147,172
357,11,220,32,222,44,174,218,14,60
357,12,116,157,220,160,208,176,11,10
357,13,145,211,45,212,20,183,34,58
357,14,204,253,164,132,214,44,54,21
357,15,98,235,147,130,195,92,28,139
357,16,172,190,117,72,219,112,104,51
357,17,225,1,158,21,44,69,62,89
357,18,204,138,226,77,91,130,22,92
357,19,122,212,85,88,59,143,144,115
357,20,195,72,148,121,185,23,133,171
357,21,1,60,229,193,203,207,251,98
357,22,137,242,122,148,156,132,157,234
357,23,220,174,60,98,222,218,63,85
357,24,220,11,39,55,116,15,81,199
357,25,101,211,145,45,19,219,20,57
357,26,86,204,231,203,198,96,214,52
357,27,147,28,98,130,169,235,3,156
357,28,102,72,117,111,47,193,219,190
357,29,158,21,1,225,62,19,88,20
357,30,197,204,250,226,91,232,192,63
357,31,183,59,88,122,191,212,85,89
357,32,123,19,255,47,3,109,254,85
357,33,95,139,74,68,162,61,166,46
357,34,191,20,195,240,121,1,130,157
357,35,97,114,33,14,173,107,78,232
357,36,25,165,19,124,26,225,140,171
357,37,24,229,16,226,54,61,152,127
357,38,0,88,191,35,111,143,96,158
357,39,197,235,129,189,174,117,251,179
358,0,34,101,35,197,79,179,9,48
358,1,155,62,75,151,97,27,70,47
358,2,164,109,210,90,70,59,158,14
358,3,37,252,130,235,230,77,26,183
358,4,102,15,142,241,154,108,87,200
358,5,153,188,186,58,50,198,158,235
358,6,14,79,196,156,237,8,26,43
358,7,185,23,199,64,76,204,158,147
358,8,239,195,35,148,72,83,164,116
358,9,203,29,207,99,229,131,85,161
358,10,122,132,234,157,196,148,137,86
358,11,42,98,111,32,174,60,14,44
358,12,10,220,116,176,2,250,11,162
358,13,34,208,58,145,45,29,170,112
358,14,132,204,21,34,44,158,173,248
358,15,235,206,74,147,139,98,92,158
358,16,172,191,158,104,176,25,117,135
358,17,44,69,161,192,109,233,1,196
358,18,77,138,54,92,224,152,83,241
358,19,115,180,24,95,212,127,192,122
358,20,53,195,148,72,85,118,98,113
358,21,99,1,143,233,229,38,135,214
358,22,148,245,172,160,147,149,34,217
358,23,80,121,32,105,223,117,173,63
358,24,244,10,195,13,149,116,213,176
358,25,34,208,45,58,248,136,170,91
358,26,132,130,21,253,204,163,158,0
358,27,139,1,235,141,124,69,74,92
358,28,172,191,209,158,112,74,104,117
358,29,161,44,192,150,69,219,1,60
358,30,77,4,9,152,92,64,223,197
358,31,180,95,122,212,133,115,25,61
358,32,33,255,236,241,7,247,204,32
358,33,51,192,50,110,146,85,126,108
358,34,16,123,254,150,116,218,27,246
358,35,53,202,220,14,11,142,60,254
358,36,154,188,78,110,242,196,11,252
358,37,213,199,65,103,238,52,237,5
358,38,103,239,191,144,25,61,159,117
358,39,228,235,225,10,247,210,164,223
359,0,141,235,208,221,115,253,81,125
359,1,62,217,155,152,182,197,70,82
359,2,109,95,154,153,106,167,43,127
359,3,219,117,230,26,119,233,252,118
359,4,102,15,165,142,245,45,144,54
359,5,90,188,43,135,127,158,198,65
359,6,79,14,156,157,138,182,196,43
359,7,117,185,23,76,64,229,78,123
359,8,116,239,180,35,4,57,164,99
359,9,203,116,191,197,2,161,41,131
359,10,157,196,122,198,234,88,125,185
359,11,42,111,62,98,233,128,47,108
359,12,220,93,160,193,15,39,74,128
359,13,134,211,29,6,154,219,176,32
359,14,86,52,51,167,214,125,47,198
359,15,162,172,181,147,165,148,58,242
359,16,231,5,170,43,0,32,51,152
359,17,89,250,87,166,16,0,20,1
359,18,197,204,170,43,226,161,77,163
359,19,116,109,205,122,88,20,183,167
359,20,239,99,4,164,180,179,20,207
359,21,203,116,191,239,207,38,127,1
359,22,198,88,157,247,125,65,169,234
359,23,62,128,39,111,42,63,189,86
359,24,220,93,15,74,160,54,39,81
359,25,134,45,147,112,253,107,182,212
359,26,86,51,204,10,214,88,52,198
359,27,162,147,172,165,58,181,31,98
359,28,43,117,5,238,72,47,170,111
359,29,87,250,5,1,0,69,20,153
359,30,170,197,163,43,179,77,16,91
359,31,116,109,122,20,167,59,205,191
359,32,119,90,255,223,47,134,53,226
359,33,93,86,83,129,92,85,210,183
359,34,132,82,1,186,86,96,26,85
359,35,84,160,72,27,14,57,66,239
359,36,222,20,192,70,25,153,102,120
359,37,39,229,61,88,24,123,194,66
359,38,151,64,62,67,143,249,175,111
359,39,186,190,154,162,235,11,218,169
360,0,38,54,167,238,193,112,44,244
360,1,62,140,217,122,105,117,201,103
360,2,154,217,167,127,43,153,106,209
360,3,26,230,233,12,91,183,229,130
360,4,120,144,20,174,159,130,184,187
360,5,239,50,0,58,220,111,255,160
360,6,237,12,30,98,219,210,7,14
360,7,175,142,185,39,183,26,225,106
360,8,53,148,195,72,35,59,113,239
360,9,99,1,203,229,150,116,60,90
360,10,148,29,96,217,61,21,240,182
360,11,239,42,32,111,254,253,88,204
360,12,10,220,53,18,176,2,184,116
360,13,34,58,212,45,112,208,145,158
360,14,132,21,204,57,191,252,0,163
360,15,141,235,139,92,124,206,147,1
360,16,191,158,172,176,160,236,234,112
360,17,161,69,44,192,109,209,215,47
360,18,77,152,92,138,241,83,224,227
360,19,24,115,180,95,192,212,122,238
360,20,195,53,148,72,246,113,161,150
360,21,99,1,214,143,233,228,252,248
360,22,245,217,172,126,148,103,86,160
360,23,121,173,80,32,223,63,239,140
360,24,10,213,41,144,244,13,195,14
360,25,34,208,58,45,112,136,248,91
360,26,132,21,163,130,204,17,253,0
360,27,139,141,1,235,124,92,145,227
360,28,191,172,209,158,160,104,176,112
360,29,161,69,44,192,60,1,109,5
360,30,77,152,197,92,227,156,4,9
360,31,122,212,180,95,115,192,191,133
360,32,255,241,223,226,236,254,247,158
360,33,51,85,93,110,190,83,192,50
360,34,186,1,116,10,246,82,123,132
360,35,53,14,202,11,36,220,254,60
360,36,154,188,70,153,20,78,166,99
360,37,58,39,199,213,22,115,103,238
360,38,92,148,46,249,175,93,151,35
360,39,189,154,38,2,70,252,69,217
361,0,238,43,112,200,229,140,173,95
361,1,233,152,140,182,146,70,143,217
361,2,11,167,72,8,217,121,49,43
361,3,130,199,106,69,226,236,110,113
361,4,45,205,54,90,165,247,129,58
361,5,65,188,58,153,50,90,218,152
361,6,79,182,65,14,138,22,143,68
361,7,117,185,78,123,49,35,229,23
361,8,116,99,180,239,23,173,104,4
361,9,38,191,255,161,2,59,208,197
361,10,125,88,27,247,65,157,185,196
361,11,108,39,206,128,160,63,86,47
361,12,93,145,220,81,151,85,193,134
361,13,112,134,103,182,93,45,212,29
361,14,125,10,51,86,32,137,198,189
361,15,147,162,172,165,58,87,242,148
361,16,238,106,51,43,231,252,134,170
361,17,5,89,87,0,198,109,153,241
361,18,170,43,204,197,163,134,15,124
361,19,116,192,167,109,195,215,20,19
361,20,99,239,113,137,179,4,20,173
361,21,38,191,116,203,169,255,2,152
361,22,247,65,125,88,27,185,243,150
361,23,63,39,128,206,86,181,160,188
361,24,151,93,220,145,169,54,235,85
361,25,112,134,103,45,105,138,182,11
361,26,88,149,10,103,51,214,41,137
361,27,147,172,165,58,217,162,87,31
361,28,238,144,134,117,35,172,106,75
361,29,109,87,69,0,5,153,44,198
361,30,170,15,43,163,77,138,197,85
361,31,116,192,122,26,20,212,57,109
361,32,53,90,226,119,252,60,255,241
361,33,210,85,92,43,93,83,129,72
361,34,132,186,27,85,91,26,74,133
361,35,72,84,27,14,42,36,135,142
361,36,45,20,192,222,153,83,10,25
361,37,72,39,124,89,111,134,88,233
361,38,249,175,212,223,138,67,252,131
361,39,63,96,162,222,95,175,187,133
362,0,225,140,173,98,69,95,71,23
362,1,94,16,224,234,127,172,154,107
362,2,106,153,167,241,129,189,184,49
362,3,196,69,28,17,38,73,130,255
362,4,195,28,140,90,233,205,217,187
362,5,153,50,58,22,79,251,248,155
362,6,203,210,169,143,173,138,14,237
362,7,175,185,49,78,39,245,5,72
362,8,133,72,23,113,195,148,99,151
362,9,38,1,255,203,99,2,161,229
362,10,27,65,88,61,125,157,217,126
362,11,63,239,144,204,32,106,39,108
362,12,145,220,161,163,199,208,81,254
362,13,212,112,45,93,58,66,145,202
362,14,204,10,41,214,51,198,125,52
362,15,147,165,172,162,98,87,242,4
362,16,238,172,51,117,160,229,252,144
362,17,109,69,5,248,152,44,1,89
362,18,138,43,197,204,77,122,15,170
362,19,212,122,192,167,26,143,215,109
362,20,195,113,72,133,239,148,243,53
362,21,1,38,203,193,99,116,143,2
362,22,65,27,88,148,150,126,243,247
362,23,239,32,63,39,193,23,188,226
362,24,220,161,120,169,93,163,199,16
362,25,112,45,11,58,34,212,138,145
362,26,204,253,41,88,10,55,49,149
362,27,98,172,147,165,235,195,139,217
362,28,172,238,104,191,160,117,35,112
362,29,44,109,69,152,161,248,5,192
362,30,138,77,197,227,15,43,224,4
362,31,212,122,192,115,26,116,167,95
362,32,226,241,255,2,90,104,119,132
362,33,110,85,130,50,93,79,66,39
362,34,132,27,244,74,186,128,123,218
362,35,14,239,27,53,11,36,171,142
362,36,20,222,154,192,99,188,45,153
362,37,72,39,199,129,5,65,33,66
362,38,249,121,175,64,239,196,109,18
362,39,173,238,222,247,223,91,67,252
363,0,253,190,95,158,140,235,237,81
363,1,94,172,235,224,58,137,113,203
363,2,153,41,241,106,231,217,172,167
363,3,35,91,34,128,69,41,130,244
363,4,28,184,195,153,140,187,90,97
363,5,0,22,79,215,180,145,135,50
363,6,12,26,30,254,210,7,249,21
363,7,175,142,245,185,106,137,39,225
363,8,72,53,148,133,162,47,41,59
363,9,99,1,134,90,243,166,116,97
363,10,176,217,116,156,134,148,77,42
363,11,42,204,32,135,239,60,12,131
363,12,10,163,2,238,244,38,83,9
363,13,34,208,58,212,205,177,174,118
363,14,132,164,44,162,225,0,90,247
363,15,206,147,235,12,139,74,145,227
363,16,191,74,172,59,250,234,40,37
363,17,161,69,211,4,170,8,220,44
363,18,77,143,176,209,127,137,52,98
363,19,137,208,24,54,132,83,115,219
363,20,53,148,72,233,100,161,171,133
363,21,99,214,177,251,230,117,45,210
363,22,160,103,176,245,229,116,26,205
363,23,80,141,204,173,146,32,229,56
363,24,244,163,213,38,173,176,238,10
363,25,34,208,252,95,158,202,241,118
363,26,132,78,17,21,54,146,248,40
363,27,139,206,182,195,26,74,142,188
363,28,74,191,37,173,165,175,234,171
363,29,161,150,9,204,69,249,60,220
363,30,77,4,52,122,195,137,64,13
363,31,95,67,248,132,137,14,125,79
363,32,33,151,104,127,252,30,8,101
363,33,192,203,210,81,146,67,12,223
363,34,16,185,211,247,128,246,222,169
363,35,202,79,11,171,103,53,142,14
363,36,134,188,154,222,10,148,78,252
363,37,39,199,89,33,186,103,243,244
363,38,64,249,109,175,103,121,67,222
363,39,186,247,190,245,173,11,252,67
364,0,38,167,54,193,112,44,94,238
364,1,201,122,103,105,58,117,24,235
364,2,11,41,153,106,241,217,80,172
364,3,91,35,34,128,69,26,12,130
364,4,159,153,195,90,179,58,120,187
364,5,239,132,50,22,159,145,58,79
364,6,65,7,210,12,118,98,237,169
364,7,175,185,49,142,75,78,39,245
364,8,195,113,72,148,53,133,239,59
364,9,203,38,1,116,99,60,143,201
364,10,88,27,76,231,126,29,211,157
364,11,239,42,253,73,63,32,224,51
364,12,220,213,199,145,16,243,53,104
364,13,58,112,45,34,251,208,145,212
364,14,204,132,57,200,254,12,161,44
364,15,147,228,92,206,235,117,165,139
364,16,172,191,74,25,50,49,14,247
364,17,69,109,44,161,196,248,116,95
364,18,138,77,137,146,224,204,133,52
364,19,115,150,246,212,180,148,114,125
364,20,195,148,53,72,113,150,85,36
364,21,1,99,229,38,211,150,177,154
364,22,148,147,217,223,254,156,86,160
364,23,32,105,117,80,44,173,63,223
364,24,161,149,38,10,176,220,116,163
364,25,58,34,45,170,16,145,138,201
364,26,59,204,253,132,44,90,21,219
364,27,235,98,147,193,227,221,14,145
364,28,172,25,104,191,209,200,117,158
364,29,44,161,109,192,233,124,60,150
364,30,138,77,92,4,224,183,127,216
364,31,180,122,212,115,192,166,143,95
364,32,241,255,226,104,2,127,204,132
364,33,110,50,85,93,130,39,66,79
364,34,123,27,244,218,186,254,132,211
364,35,14,53,11,239,202,171,17,220
364,36,154,20,188,135,78,153,217,101
364,37,199,39,129,52,219,103,226,33
364,38,175,249,109,121,239,60,133,189
364,39,25,187,184,195,150,58,252,247
365,0,173,169,236,211,200,58,60,43
365,1,129,172,224,124,147,112,189,142
365,2,11,188,217,153,49,255,6,219
365,3,245,93,193,69,38,73,196,126
365,4,140,28,195,205,90,88,187,233
365,5,22,60,108,50,152,0,251,154
365,6,210,7,12,205,169,203,68,30
365,7,175,142,245,39,75,78,26,185
365,8,195,148,53,72,133,175,59,123
365,9,99,193,1,229,243,45,247,143
365,10,27,126,148,65,217,157,61,86
365,11,63,23,32,239,188,204,150,81
365,12,16,220,145,199,243,144,169,4
365,13,58,45,212,112,145,251,11,180
365,14,204,55,107,164,49,35,40,253
365,15,46,98,147,235,92,117,228,141
365,16,124,172,160,158,112,238,117,208
365,17,69,109,44,248,125,161,152,185
365,18,138,77,92,122,37,42,174,227
365,19,180,212,122,50,192,246,115,194
365,20,195,72,148,53,235,245,253,150
365,21,1,99,193,232,38,60,143,48
365,22,148,27,126,217,147,254,65,79
365,23,32,204,81,239,228,173,188,63
365,24,169,161,220,13,48,176,173,251
365,25,34,58,138,208,45,136,180,145
365,26,204,253,132,107,0,55,200,164
365,27,98,139,46,235,147,141,92,195
365,28,172,124,191,104,160,158,112,84
365,29,161,44,69,192,152,209,45,248
365,30,77,138,92,169,4,24,199,37
365,31,212,180,50,122,143,115,95,125
365,32,104,241,255,2,132,251,63,52
365,33,110,50,130,30,108,61,39,87
365,34,244,218,123,254,37,211,169,176
365,35,11,14,202,79,53,171,87,36
365,36,135,154,188,153,78,158,10,160
365,37,1,219,199,52,89,129,103,226
365,38,175,60,239,102,198,109,0,133
365,39,25,187,184,195,230,150,252,140
366,0,211,195,70,116,77,139,159,239
366,1,172,167,201,118,102,91,17,25
366,2,170,216,253,237,143,223,153,6
366,3,56,252,163,212,196,126,147,36
366,4,140,28,134,175,233,147,29,89
366,5,71,22,0,108,60,164,154,64
366,6,12,30,249,210,113,72,7,173
366,7,39,142,75,175,183,245,6,38
366,8,53,148,72,195,133,59,121,162
366,9,99,221,134,1,28,45,150,97
366,10,148,217,172,135,147,162,182,86
366,11,218,32,239,237,204,112,193,183
366,12,13,10,199,38,239,2,208,5
366,13,34,180,58,215,20,248,212,208
366,14,57,132,17,68,164,200,0,205
366,15,235,141,92,139,28,124,56,6
366,16,172,191,158,104,112,160,234,144
366,17,69,161,44,192,171,45,209,116
366,18,77,129,92,138,199,54,99,195
366,19,24,99,180,212,90,246,144,94
366,20,53,195,172,72,148,98,150,84
366,21,99,1,214,32,221,58,143,150
366,22,148,135,172,217,147,38,224,245
366,23,32,237,218,166,105,168,239,81
366,24,240,158,244,50,161,38,239,13
366,25,34,58,248,215,208,212,136,20
366,26,0,57,132,17,253,21,204,55
366,27,141,235,139,98,92,124,6,255
366,28,172,254,104,191,234,158,112,160
366,29,44,69,161,192,152,171,9,32
366,30,138,77,129,92,239,241,99,227
366,31,212,180,99,122,114,115,95,174
366,32,255,241,19,109,123,104,250,67
366,33,110,61,70,203,87,39,29,4
366,34,244,13,121,254,218,166,48,163
366,35,14,53,202,171,11,114,162,239
366,36,154,26,60,188,153,137,31,25
366,37,5,1,132,199,170,25,194,250
366,38,0,175,217,43,115,239,35,96
366,39,174,57,32,237,170,235,6,67
367,0,118,169,119,227,214,9,243,35
367,1,102,172,147,142,127,94,30,210
367,2,225,217,164,25,161,231,175,54
367,3,161,245,252,212,126,69,48,93
367,4,140,15,108,28,205,195,90,102
367,5,71,108,22,0,50,56,154,139
367,6,12,249,30,210,203,237,160,26
367,7,39,175,75,118,26,142,245,33
367,8,195,148,53,72,133,59,123,233
367,9,203,99,1,38,229,143,117,62
367,10,148,217,172,147,86,126,135,70
367,11,32,178,63,144,239,117,168,112
367,12,220,10,240,38,161,116,239,6
367,13,58,45,215,34,145,170,248,208
367,14,204,132,184,253,90,68,163,107
367,15,235,98,147,28,193,172,139,92
367,16,172,104,25,191,117,160,209,254
367,17,44,69,109,192,161,233,209,1
367,18,138,77,92,239,227,241,42,129
367,19,180,212,115,192,122,144,246,95
367,20,195,148,53,113,72,201,150,12
367,21,38,1,229,99,193,203,143,60
367,22,148,172,147,137,86,27,217,135
367,23,32,178,237,174,63,197,117,168
367,24,220,38,161,240,50,10,251,195
367,25,58,45,248,145,215,35,136,121
367,26,204,253,132,223,184,219,141,107
367,27,235,98,130,139,173,147,223,93
367,28,172,160,104,209,238,158,112,92
367,29,44,109,69,192,161,152,125,121
367,30,77,239,138,60,227,104,42,98
367,31,122,192,212,163,115,197,144,99
367,32,255,250,226,241,235,123,92,109
367,33,110,85,61,4,203,66,79,39
367,34,27,74,218,244,13,61,163,254
367,35,239,27,114,38,11,64,14,9
367,36,222,25,204,165,32,237,149,61
367,37,5,72,160,96,59,80,86,25
367,38,191,117,10,153,43,134,206,248
367,39,228,117,98,252,192,81,170,225
368,0,190,253,141,235,115,158,208,221
368,1,113,217,203,7,179,145,82,21
368,2,167,217,123,109,43,232,98,46
368,3,35,91,128,34,252,126,99,69
368,4,140,153,28,205,195,163,189,90
368,5,135,108,111,22,222,152,50,71
368,6,210,249,203,12,30,169,237,7
368,7,175,118,39,78,245,117,123,5
368,8,195,113,133,23,116,123,72,245
368,9,116,38,1,203,191,99,143,229
368,10,65,27,125,13,217,126,148,36
368,11,63,23,108,32,178,233,150,81
368,12,93,220,145,151,161,199,53,85
368,13,45,212,58,105,112,145,11,103
368,14,204,184,51,214,164,86,253,10
368,15,172,147,98,165,162,235,87,195
368,16,172,238,117,144,51,112,152,160
368,17,44,109,69,152,1,225,161,0
368,18,197,43,138,227,77,204,163,85
368,19,122,212,192,116,109,167,115,195
368,20,195,113,72,239,148,23,106,243
368,21,38,116,1,203,60,191,193,143
368,22,27,65,217,36,125,126,247,148
368,23,32,63,239,23,178,81,24,45
368,24,220,93,161,151,169,62,54,87
368,25,45,11,105,58,212,145,34,112
368,26,149,204,253,41,55,0,132,184
368,27,98,235,147,172,165,139,141,92
368,28,172,238,144,112,104,160,191,158
368,29,44,69,109,152,161,192,233,209
368,30,77,227,197,155,15,224,60,138
368,31,212,122,192,116,115,167,162,89
368,32,226,241,255,250,204,67,119,184
368,33,85,110,51,93,50,66,79,210
368,34,27,123,132,74,254,218,244,130
368,35,239,27,53,14,11,36,202,254
368,36,154,20,222,78,135,188,187,192
368,37,39,199,5,129,52,213,177,103
368,38,239,121,64,109,175,189,133,25
368,39,186,252,58,247,195,187,150,109
369,0,193,167,38,54,94,112,44,130
369,1,201,122,117,217,140,179,105,184
369,2,217,167,43,114,239,237,46,195
369,3,91,35,34,128,99,69,252,126
369,4,140,28,205,153,90,6,189,195
369,5,152,222,108,154,111,22,239,50
369,6,12,98,7,237,210,30,219,249
369,7,175,75,118,221,142,39,245,5
369,8,195,53,148,113,106,59,214,72
369,9,99,116,1,38,203,60,239,63
369,10,29,27,148,189,182,183,96,255
369,11,239,253,23,74,254,32,73,183
369,12,10,213,53,220,2,4,126,18
369,13,34,58,208,132,118,112,205,67
369,14,132,21,57,193,204,191,0,34
369,15,139,141,92,206,158,235,1,74
369,16,191,158,172,74,203,236,176,209
369,17,161,44,69,192,186,209,112,215
369,18,77,4,152,64,9,224,58,156
369,19,180,192,95,24,115,94,127,62
369,20,53,195,148,72,176,98,166,54
369,21,99,1,143,233,225,229,135,214
369,22,103,245,96,148,172,160,190,126
369,23,121,105,173,223,117,80,32,81
369,24,10,149,244,213,14,173,38,5
369,25,34,58,208,170,248,45,136,158
369,26,132,163,107,21,253,130,204,0
369,27,139,141,235,227,151,145,1,193
369,28,172,209,191,25,158,26,104,112
369,29,44,161,192,69,150,152,109,151
369,30,77,4,92,199,156,98,9,166
369,31,212,180,95,166,122,25,192,133
369,32,226,255,241,250,136,204,67,213
369,33,110,85,50,51,87,66,108,79
369,34,123,218,254,27,186,29,244,150
369,35,53,202,11,14,220,239,254,36
369,36,154,188,20,78,135,187,254,165
369,37,199,39,103,129,213,52,1,224
369,38,239,121,109,175,133,60,189,69
369,39,25,187,252,195,58,184,150,247
370,0,169,236,173,60,43,95,140,5
370,1,189,142,112,129,172,147,217,124
370,2,217,72,153,11,167,43,188,174
370,3,245,193,137,126,252,73,236,161
370,4,140,205,193,28,235,187,195,189
370,5,110,166,109,152,51,132,154,111
370,6,7,98,12,219,30,69,143,210
370,7,175,75,142,3,188,5,110,221
370,8,195,53,148,245,59,214,144,111
370,9,99,1,121,229,45,243,193,97
370,10,27,126,217,61,65,37,214,183
370,11,239,23,78,81,32,224,253,188
370,12,104,10,176,105,120,243,213,173
370,13,34,145,58,170,208,45,132,212
370,14,132,204,21,73,12,71,158,193
370,15,74,235,139,141,90,147,98,92
370,16,172,191,74,104,25,24,158,62
370,17,44,69,233,161,192,210,109,1
370,18,77,224,199,138,54,98,92,255
370,19,24,95,115,180,90,246,212,127
370,20,53,148,195,72,85,223,118,98
370,21,99,233,143,229,150,1,214,202
370,22,149,160,245,172,147,126,43,148
370,23,80,105,239,32,117,121,215,180
370,24,10,21,244,161,195,127,239,5
370,25,34,58,208,170,227,136,45,148
370,26,130,132,21,200,163,122,186,219
370,27,235,74,219,212,203,90,139,145
370,28,172,191,158,104,25,209,74,112
370,29,161,150,44,69,192,245,233,32
370,30,77,9,156,40,216,227,113,176
370,31,154,122,191,90,212,197,115,144
370,32,255,250,89,95,241,175,218,127
370,33,110,51,50,106,32,231,4,177
370,34,218,254,27,38,123,189,31,29
370,35,14,194,38,134,11,17,178,106
370,36,31,75,126,105,15,113,252,95
370,37,165,1,163,119,171,59,219,148
370,38,239,175,252,177,37,197,117,25
370,39,140,25,235,208,7,6,109,185
371,0,21,102,228,225,131,169,239,15
371,1,217,35,170,127,54,224,190,31
371,2,253,167,199,217,21,174,224,211
371,3,252,100,126,161,121,169,137,69
371,4,140,92,120,28,227,23,193,114
371,5,0,29,110,111,75,239,237,89
371,6,7,12,98,219,118,30,160,230
371,7,142,3,175,75,145,141,52,188
371,8,53,148,195,72,59,111,214,91
371,9,99,1,60,229,90,192,195,101
371,10,44,148,127,109,183,126,79,78
371,11,239,135,34,46,22,78,45,32
371,12,213,113,68,77,126,78,91,52
371,13,231,114,139,132,209,55,71,255
371,14,177,254,31,197,150,71,193,166
371,15,70,72,117,228,124,139,48,235
371,16,172,191,74,25,107,104,203,155
371,17,69,44,161,192,210,244,209,196
371,18,77,138,224,4,64,119,152,199
371,19,150,25,115,95,127,24,212,90
371,20,53,195,85,148,72,98,161,105
371,21,99,233,1,143,225,229,177,141
371,22,160,103,148,245,172,190,147,149
371,23,105,121,80,173,57,205,223,32
371,24,149,244,10,38,243,173,14,176
371,25,34,208,58,170,158,145,136,248
371,26,132,59,21,204,130,163,252,239
371,27,221,139,0,145,104,206,226,235
371,28,172,74,191,209,25,26,158,171
371,29,150,44,192,151,244,204,161,219
371,30,4,77,98,161,64,26,119,97
371,31,95,180,25,208,61,170,230,212
371,32,33,236,7,255,32,60,139,136
371,33,192,95,102,189,185,161,51,234
371,34,16,246,254,123,185,23,211,146
371,35,202,220,11,254,53,79,95,161
371,36,188,110,154,42,78,148,149,134
371,37,165,116,199,244,226,113,144,59
371,38,144,37,103,88,239,121,175,177
371,39,162,140,96,42,175,198,247,227
372,0,228,98,14,69,239,240,225,93
372,1,172,142,147,94,224,127,154,64
372,2,167,237,253,153,196,176,217,49
372,3,99,164,245,193,126,150,107,161
372,4,140,27,132,197,189,195,9,205
372,5,111,110,109,166,154,108,227,29
372,6,98,237,69,7,160,179,252,12
372,7,175,39,75,142,110,245,106,26
372,8,195,53,148,59,106,72,144,118
372,9,99,193,229,25,143,1,195,121
372,10,126,217,27,21,37,13,71,214
372,11,239,81,13,32,123,74,183,144
372,12,6,48,41,199,201,104,92,69
372,13,58,34,145,45,212,121,132,149
372,14,204,123,35,253,41,55,49,133
372,15,141,235,178,98,243,195,156,223
372,16,172,160,107,112,158,104,191,192
372,17,44,69,161,233,192,109,47,95
372,18,241,77,199,227,40,99,137,254
372,19,24,212,180,192,115,122,90,58
372,20,195,53,148,174,127,72,158,223
372,21,193,232,99,60,143,1,135,45
372,22,126,127,217,44,27,147,148,21
372,23,81,239,32,13,139,74,243,183
372,24,41,175,6,4,244,92,48,120
372,25,34,180,58,212,136,208,105,132
372,26,253,0,219,94,107,55,204,132
372,27,141,235,139,229,92,243,11,173
372,28,172,160,104,191,112,209,158,107
372,29,44,161,233,69,192,152,219,217
372,30,241,77,152,92,223,129,199,93
372,31,212,174,180,122,133,95,115,90
372,32,67,73,255,241,251,175,133,32
372,33,110,70,61,51,50,66,4,146
372,34,244,219,254,105,108,218,31,223
372,35,43,248,194,65,198,106,64,162
372,36,60,75,16,237,178,252,45,229
372,37,170,1,240,92,243,53,160,152
372,38,149,177,252,11,115,191,241,228
372,39,166,193,8,57,66,162,249,86
373,0,228,21,102,14,93,210,194,130
373,1,179,217,234,127,39,102,90,253
373,2,196,217,176,238,171,167,225,151
373,3,164,255,232,43,150,161,123,137
373,4,140,193,189,184,146,21,132,229
373,5,111,0,25,159,112,226,108,139
373,6,12,249,30,98,7,237,118,160
373,7,75,39,142,22,13,221,175,225
373,8,50,53,148,195,59,84,219,72
373,9,221,58,99,90,241,45,169,60
373,10,21,162,148,44,217,182,172,86
373,11,74,239,5,81,237,78,183,152
373,12,213,13,16,41,199,164,78,184
373,13,34,180,132,58,242,171,3,251
373,14,0,55,193,133,254,30,205,223
373,15,141,196,235,139,83,124,156,42
373,16,107,158,172,191,89,164,192,48
373,17,161,69,44,86,45,192,215,74
373,18,199,77,241,99,100,54,195,140
373,19,24,94,246,180,90,114,194,239
373,20,53,195,127,172,72,150,148,50
373,21,99,214,58,135,232,228,143,241
373,22,148,44,217,126,21,104,172,123
373,23,81,239,74,40,78,237,173,32
373,24,213,41,158,13,244,188,127,184
373,25,34,132,180,58,208,248,194,136
373,26,0,17,21,132,94,219,154,253
373,27,141,235,139,124,6,92,11,1
373,28,172,191,107,209,104,112,158,160
373,29,161,69,44,192,233,219,13,152
373,30,241,77,92,4,152,99,199,54
373,31,180,174,212,95,133,114,115,90
373,32,73,67,241,251,255,132,204,233
373,33,70,51,110,50,87,66,146,202
373,34,254,123,150,218,211,154,244,223
373,35,53,202,14,11,254,194,180,171
373,36,154,188,254,135,78,60,252,164
373,37,1,199,213,219,52,118,122,103
373,38,144,175,239,115,68,37,228,165
373,39,96,162,166,35,252,41,10,222
374,0,228,239,225,21,102,93,14,71
374,1,28,127,142,94,119,102,172,147
374,2,217,167,41,171,153,231,106,196
374,3,137,126,229,193,255,244,245,200
374,4,140,195,185,184,28,90,189,20
374,5,0,108,22,143,111,251,110,79
374,6,12,30,249,254,21,210,26,207
374,7,142,175,245,251,39,194,183,225
374,8,53,72,148,133,195,59,152,151
374,9,99,1,134,243,143,8,150,166
374,10,217,176,134,156,25,185,148,116
374,11,204,32,12,135,60,239,33,128
374,12,163,10,208,239,238,145,251,2
374,13,34,212,118,58,145,45,208,174
374,14,132,204,162,0,148,54,164,167
374,15,147,206,235,165,92,139,98,74
374,16,172,74,40,191,35,112,238,59
374,17,69,211,109,44,152,198,161,124
374,18,77,127,138,176,137,43,83,99
374,19,212,122,115,26,125,11,191,114
374,20,72,195,148,53,133,245,161,238
374,21,99,1,117,207,214,201,248,141
374,22,217,176,160,42,249,59,78,116
374,23,80,204,193,32,9,254,148,253
374,24,163,127,239,235,18,167,161,68
374,25,212,95,118,202,34,190,93,45
374,26,214,0,17,159,155,45,204,132
374,27,139,147,255,98,92,195,132,229
374,28,172,112,191,74,144,126,162,107
374,29,69,161,152,44,192,45,233,9
374,30,77,241,99,223,92,174,199,152
374,31,212,180,125,174,133,132,246,16
374,32,67,73,241,255,251,132,8,210
374,33,51,70,110,50,87,66,218,39
374,34,254,150,123,218,211,16,120,244
374,35,53,202,14,11,194,171,254,220
374,36,154,188,135,164,78,254,60,206
374,37,1,199,213,52,219,103,194,122
374,38,239,175,189,60,8,147,202,102
374,39,75,252,235,100,227,225,105,56
375,0,97,150,166,113,210,142,10,205
375,1,196,102,111,67,247,137,85,172
375,2,196,9,97,14,154,176,102,46
375,3,137,73,126,255,121,136,232,100
375,4,140,101,61,120,185,193,92,248
375,5,108,0,222,226,154,159,56,237
375,6,12,98,30,237,249,118,160,120
375,7,75,175,188,142,213,245,141,39
375,8,53,148,195,72,174,106,59,214
375,9,99,241,1,143,60,90,169,39
375,10,126,21,214,224,183,10,152,118
375,11,239,73,205,183,5,78,92,224
375,12,6,10,41,164,78,214,243,83
375,13,34,58,132,171,208,205,212,170
375,14,132,163,21,0,71,35,204,219
375,15,141,66,70,65,139,1,124,235
375,16,191,160,172,107,209,89,162,126
375,17,161,69,44,192,42,112,18,209
375,18,241,77,152,129,223,75,99,54
375,19,24,180,174,95,186,212,133,219
375,20,148,53,195,72,174,240,161,139
375,21,99,1,214,241,225,39,228,143
375,22,126,249,172,217,71,148,44,60
375,23,81,121,22,173,239,117,40,5
375,24,14,41,83,10,188,6,144,175
375,25,34,208,132,58,136,138,180,52
375,26,163,132,0,94,200,254,21,219
375,27,139,141,1,65,187,92,70,235
375,28,191,172,209,160,107,158,104,112
375,29,161,69,44,192,233,112,152,47
375,30,241,77,92,152,199,223,31,36
375,31,180,212,174,133,95,125,50,115
375,32,67,73,241,251,255,132,219,133
375,33,51,70,110,50,87,66,72,30
375,34,254,150,123,88,16,218,211,120
375,35,53,14,202,11,194,171,254,220
375,36,154,135,188,78,254,164,60,206
375,37,1,199,213,219,52,103,129,194
375,38,239,175,60,189,102,93,109,33
375,39,25,230,195,184,150,252,187,103
376,0,211,70,195,37,41,86,223,60
376,1,118,55,237,220,28,65,248,119
376,2,195,143,198,217,91,87,32,47
376,3,137,22,56,180,93,126,182,163
376,4,140,189,134,147,185,233,28,152
376,5,0,237,222,108,154,164,173,82
376,6,12,98,30,237,7,120,69,131
376,7,75,175,72,166,142,106,52,236
376,8,53,50,148,172,123,121,108,150
376,9,99,58,1,221,134,32,28,150
376,10,217,172,162,38,167,135,214,105
376,11,117,121,218,239,183,22,194,5
376,12,13,14,104,48,6,2,239,213
376,13,34,180,132,171,215,208,194,212
376,14,163,0,132,21,252,17,204,164
376,15,141,92,70,139,66,28,238,1
376,16,191,112,209,158,172,160,169,234
376,17,161,69,86,42,44,144,47,192
376,18,129,77,241,152,54,99,239,176
376,19,24,174,114,248,125,239,246,186
376,20,148,53,72,172,195,240,174,152
376,21,99,225,1,214,254,32,58,143
376,22,78,135,38,172,217,226,60,13
376,23,117,121,40,166,34,218,22,61
376,24,14,158,240,38,244,10,239,48
376,25,34,215,208,136,180,132,194,83
376,26,163,132,0,21,17,248,94,30
376,27,141,139,1,92,6,70,227,145
376,28,191,209,172,254,151,144,160,112
376,29,161,44,69,192,233,225,209,86
376,30,241,77,239,129,152,99,92,223
376,31,174,114,180,212,133,95,149,115
376,32,67,73,109,241,251,123,255,136
376,33,70,87,61,51,110,66,50,118
376,34,254,150,13,123,244,154,121,211
376,35,53,14,202,11,171,220,254,143
376,36,154,188,164,213,78,135,254,4
376,37,1,199,213,132,122,52,103,94
376,38,239,175,68,132,189,0,73,202
376,39,75,252,57,32,184,150,103,195
377,0,150,97,166,142,113,215,205,213
377,1,102,147,160,142,12,247,108,172
377,2,195,206,69,56,146,25,248,30
377,3,105,46,73,28,162,136,240,212
377,4,61,161,140,14,24,200,28,201
377,5,108,154,128,222,146,0,173,82
377,6,12,237,120,30,249,212,98,210
377,7,75,175,72,237,142,91,106,5
377,8,53,195,174,148,72,59,33,214
377,9,99,132,241,39,143,1,83,117
377,10,172,148,214,167,38,76,135,126
377,11,117,36,183,178,121,243,22,224
377,12,14,10,104,232,41,188,240,6
377,13,34,104,58,171,33,215,170,208
377,14,163,132,94,147,0,204,200,71
377,15,65,141,235,66,70,139,1,240
377,16,151,191,172,209,160,104,89,158
377,17,161,44,69,160,192,110,233,116
377,18,241,77,128,152,54,52,239,140
377,19,24,180,174,95,246,203,115,12
377,20,53,174,195,148,72,161,33,158
377,21,99,132,39,143,214,135,241,202
377,22,126,172,217,38,245,248,108,103
377,23,121,36,105,223,81,22,140,117
377,24,13,10,244,14,144,195,149,188
377,25,34,58,171,104,208,248,136,33
377,26,163,132,94,21,253,188,0,158
377,27,139,65,141,235,1,221,66,193
377,28,172,209,191,151,104,25,160,112
377,29,161,44,69,192,219,233,152,13
377,30,241,77,4,92,152,199,239,223
377,31,180,174,212,95,133,115,25,50
377,32,73,67,132,241,255,164,32,204
377,33,51,87,70,50,110,66,146,190
377,34,254,123,150,88,211,154,218,29
377,35,53,14,202,11,254,220,194,171
377,36,154,135,188,254,78,213,164,4
377,37,1,199,213,103,52,129,219,237
377,38,239,175,60,189,68,25,133,202
377,39,25,252,184,195,150,230,187,103
378,0,211,124,137,195,222,100,103,72
378,1,55,118,109,52,68,14,176,248
378,2,195,91,143,198,76,56,32,206
378,3,22,201,105,163,93,182,56,39
378,4,134,200,147,24,152,140,189,203
378,5,0,136,82,108,243,164,222,111
378,6,12,237,30,120,69,72,195,212
378,7,142,75,166,183,237,246,236,175
378,8,53,148,72,50,172,59,121,166
378,9,99,221,58,134,1,28,3,32
378,10,78,249,245,217,38,103,167,118
378,11,183,121,22,173,194,117,73,105
378,12,144,232,10,158,13,187,38,2
378,13,34,171,215,194,58,208,132,212
378,14,17,132,163,0,164,191,34,113
378,15,66,6,141,74,70,221,206,139
378,16,172,191,234,162,158,254,60,112
378,17,69,161,44,144,192,152,210,208
378,18,77,129,195,241,4,239,99,54
378,19,24,174,114,239,180,212,133,95
378,20,53,172,195,72,148,240,174,100
378,21,99,1,32,58,214,143,233,45
378,22,135,103,38,245,167,148,249,217
378,23,121,105,22,173,117,166,223,183
378,24,144,10,240,158,149,38,244,173
378,25,34,171,215,58,194,208,170,248
378,26,17,163,132,21,0,94,253,248
378,27,6,139,66,221,92,217,141,1
378,28,172,209,191,254,112,104,34,234
378,29,44,69,161,192,152,13,219,9
378,30,241,4,99,129,77,152,92,199
378,31,174,114,212,180,133,95,61,127
378,32,73,67,136,85,144,241,143,109
378,33,87,61,102,110,66,70,204,106
378,34,13,154,244,121,150,254,218,29
378,35,14,220,53,171,202,11,142,254
378,36,213,164,154,254,188,26,135,60
378,37,1,199,132,113,219,122,99,66
378,38,68,175,121,243,239,87,133,123
378,39,32,57,252,211,184,247,8,150
379,0,133,169,114,103,143,214,243,193
379,1,102,156,146,192,108,65,119,172
379,2,37,175,25,195,124,8,36,211
379,3,93,224,69,71,149,193,245,126
379,4,28,200,235,129,187,90,121,134
379,5,108,128,146,152,55,171,237,181
379,6,12,113,120,30,237,72,105,210
379,7,175,105,227,58,245,26,81,5
379,8,195,53,72,148,59,85,162,240
379,9,1,99,241,143,69,180,137,229
379,10,103,217,184,245,148,38,88,28
379,11,105,121,139,117,19,39,229,11
379,12,149,240,10,173,144,176,188,232
379,13,171,215,34,58,170,212,45,145
379,14,163,94,204,132,34,21,164,200
379,15,221,11,141,172,139,134,206,193
379,16,209,25,172,160,191,34,104,158
379,17,44,69,13,192,152,219,151,196
379,18,18,241,85,77,4,152,223,122
379,19,174,212,127,180,15,203,208,25
379,20,72,53,195,148,240,100,176,144
379,21,99,143,1,225,60,241,252,193
379,22,184,245,103,148,38,88,190,135
379,23,105,139,39,121,19,117,17,205
379,24,149,240,10,244,173,13,69,211
379,25,34,112,208,171,212,248,211,144
379,26,94,163,132,0,130,21,248,34
379,27,139,141,221,11,0,166,92,217
379,28,191,65,34,124,112,158,107,171
379,29,161,69,13,152,44,45,244,232
379,30,4,77,241,92,8,152,85,182
379,31,174,212,61,180,95,50,133,208
379,32,136,60,73,88,233,251,241,255
379,33,87,30,50,108,146,106,33,118
379,34,93,29,150,15,211,250,123,91
379,35,14,11,220,202,53,142,103,195
379,36,154,254,188,164,135,78,231,2
379,37,122,99,199,1,246,206,237,104
379,38,239,121,175,122,135,45,154,102
379,39,96,252,63,110,176,247,243,58
380,0,29,180,207,211,60,115,151,189
380,1,71,191,124,251,100,3,82,55
380,2,124,188,194,23,211,195,91,153
380,3,224,166,56,164,242,201,22,182
380,4,233,61,210,134,28,146,101,147
380,5,0,171,136,173,128,243,82,4
380,6,12,30,120,237,72,165,105,70
380,7,245,142,175,75,254,213,125,183
380,8,53,72,148,195,59,50,171,121
380,9,99,221,3,1,134,58,32,28
380,10,245,103,184,217,233,148,70,67
380,11,105,121,146,63,183,241,117,48
380,12,149,10,153,110,38,2,240,213
380,13,34,171,174,215,208,170,211,212
380,14,132,17,143,173,34,164,44,73
380,15,74,170,221,195,92,206,90,79
380,16,191,234,60,221,34,254,4,171
380,17,69,161,210,44,244,225,13,209
380,18,66,77,129,239,54,4,92,8
380,19,208,180,24,47,174,115,49,25
380,20,53,172,72,148,195,233,50,100
380,21,99,143,32,77,58,233,229,225
380,22,245,184,233,103,70,135,28,38
380,23,105,146,17,77,37,19,241,48
380,24,149,10,240,131,244,50,110,173
380,25,34,208,215,144,0,171,119,170
380,26,184,132,17,163,173,94,162,21
380,27,79,141,139,34,221,190,0,92
380,28,91,172,191,158,112,254,151,209
380,29,44,69,161,233,192,209,225,91
380,30,241,77,239,129,152,99,92,9
380,31,212,115,163,95,180,174,133,197
380,32,67,73,255,144,28,3,92,212
380,33,70,110,87,51,61,161,185,146
380,34,254,150,211,109,29,123,13,244
380,35,53,14,202,220,60,194,11,106
380,36,154,148,164,188,78,213,254,4
380,37,1,199,122,5,213,52,194,101
380,38,239,175,122,61,0,35,59,143
380,39,57,176,252,163,112,32,169,11
381,0,118,9,91,227,179,119,101,197
381,1,102,147,184,172,156,227,142,94
381,2,114,88,74,59,34,175,24,50
381,3,88,212,77,126,69,93,245,99
381,4,108,241,131,15,151,230,28,140
381,5,108,128,171,173,152,50,139,103
381,6,12,120,30,218,210,105,249,237
381,7,175,245,26,227,118,105,33,24
381,8,195,53,148,72,59,85,144,100
381,9,99,77,1,143,228,121,229,195
381,10,217,184,245,113,103,70,38,148
381,11,178,105,117,121,171,173,139,183
381,12,149,10,240,73,203,232,14,38
381,13,34,171,58,170,215,145,208,45
381,14,163,132,184,204,94,164,34,158
381,15,141,235,34,221,92,74,139,206
381,16,172,25,104,209,191,155,158,171
381,17,44,69,192,210,161,196,233,109
381,18,241,239,77,152,224,85,4,129
381,19,174,163,212,90,25,203,180,115
381,20,195,53,72,113,176,148,243,85
381,21,99,77,143,1,38,60,135,193
381,22,23,38,245,190,135,184,70,148
381,23,178,121,105,117,17,166,77,205
381,24,149,10,109,240,14,161,38,21
381,25,171,58,170,34,215,144,45,159
381,26,163,184,173,20,219,92,204,132
381,27,193,141,1,14,235,243,227,223
381,28,172,115,25,209,91,1,174,134
381,29,44,69,161,109,91,196,183,45
381,30,239,224,58,77,152,9,0,146
381,31,163,192,212,127,115,197,122,182
381,32,67,108,3,226,63,255,241,66
381,33,79,85,27,66,110,4,39,158
381,34,27,91,74,244,120,211,223,245
381,35,27,239,117,65,248,238,195,64
381,36,222,192,93,25,233,80,148,149
381,37,5,101,194,96,74,25,63,221
381,38,64,8,176,61,236,147,239,10
381,39,228,252,37,154,91,227,117,225
382,0,190,253,141,235,221,115,237,47
382,1,113,179,203,7,217,145,180,68
382,2,239,127,68,129,153,217,109,98
382,3,35,128,34,91,48,219,69,99
382,4,153,187,28,140,205,163,0,6
382,5,108,222,152,154,135,111,50,99
382,6,12,237,210,249,30,98,218,203
382,7,175,118,78,245,142,39,123,70
382,8,195,113,72,104,123,148,53,175
382,9,116,38,99,203,1,191,195,143
382,10,13,27,65,36,125,126,113,167
382,11,178,23,239,233,63,183,173,19
382,12,93,85,220,41,144,151,169,87
382,13,58,105,45,11,34,212,121,145
382,14,184,204,132,41,119,91,34,0
382,15,235,172,141,147,98,139,92,69
382,16,172,158,112,104,191,238,204,174
382,17,44,69,109,161,233,152,160,192
382,18,77,224,197,227,239,152,85,137
382,19,192,212,24,115,122,116,153,246
382,20,195,113,53,243,174,148,72,223
382,21,116,38,1,193,72,135,99,60
382,22,36,217,127,27,166,126,118,83
382,23,178,81,239,23,123,205,171,172
382,24,93,161,220,48,41,254,188,177
382,25,34,105,11,58,212,145,136,45
382,26,184,0,107,41,204,132,173,102
382,27,235,141,193,229,147,139,92,227
382,28,172,115,112,238,25,104,191,1
382,29,44,161,69,109,152,196,192,45
382,30,77,224,227,239,58,152,9,104
382,31,212,192,127,122,115,26,116,133
382,32,108,226,241,204,67,251,255,227
382,33,79,85,51,66,93,50,4,210
382,34,27,74,132,254,123,244,130,169
382,35,239,27,53,14,64,248,203,11
382,36,222,20,154,192,190,149,53,25
382,37,39,129,118,5,88,227,17,128
382,38,64,109,190,239,117,134,222,32
382,39,186,235,190,48,198,47,206,109
383,0,193,167,38,54,94,44,112,130
383,1,117,122,201,179,105,140,217,184
383,2,239,217,127,167,68,64,233,153
383,3,91,35,34,128,90,73,53,220
383,4,187,205,159,18,179,120,28,177
383,5,159,239,111,152,226,160,108,130
383,6,98,12,30,237,219,124,7,210
383,7,175,142,75,118,217,221,237,225
383,8,53,113,148,195,72,59,214,106
383,9,99,116,192,1,203,38,90,7
383,10,96,76,189,145,29,255,121,182
383,11,239,253,73,173,183,41,74,5
383,12,10,53,213,18,0,41,4,62
383,13,34,58,208,67,205,158,118,119
383,14,132,173,21,34,248,204,73,166
383,15,74,141,90,139,235,145,92,206
383,16,191,74,172,177,221,197,37,234
383,17,161,69,210,44,244,217,204,186
383,18,77,58,224,109,199,67,4,9
383,19,24,95,115,192,238,127,240,98
383,20,53,148,195,72,85,113,168,161
383,21,99,214,229,1,90,202,233,78
383,22,245,148,160,96,172,108,217,86
383,23,80,173,105,61,32,4,223,184
383,24,10,149,244,161,21,144,176,201
383,25,34,58,208,119,170,180,252,158
383,26,21,132,17,173,253,154,204,248
383,27,139,235,221,0,145,193,141,14
383,28,25,172,191,115,74,197,104,235
383,29,161,44,150,69,196,109,192,204
383,30,77,224,227,58,92,38,4,9
383,31,180,212,192,127,115,166,154,95
383,32,108,204,241,251,67,226,227,32
383,33,51,50,79,85,66,106,187,87
383,34,123,254,186,27,150,16,218,66
383,35,53,14,202,239,203,194,142,38
383,36,154,135,188,213,78,252,4,53
383,37,199,213,129,39,52,1,165,237
383,38,239,190,175,109,68,60,16,8
383,39,235,25,87,103,166,187,56,195
384,0,71,200,33,147,57,58,21,225
384,1,147,172,129,224,189,127,112,142
384,2,217,72,11,68,239,153,127,174
384,3,48,137,193,245,73,121,200,246
384,4,140,187,193,205,28,114,189,132
384,5,108,166,0,154,111,75,227,109
384,6,12,98,7,69,205,237,96,219
384,7,175,142,75,245,52,110,237,22
384,8,53,195,148,59,72,106,111,118
384,9,99,148,193,60,45,195,192,1
384,10,126,76,21,162,183,104,175,199
384,11,239,171,81,192,74,213,183,253
384,12,16,144,92,254,10,169,120,126
384,13,34,58,180,205,212,26,149,5
384,14,0,223,136,132,110,102,204,57
384,15,141,235,69,124,83,196,42,92
384,16,124,107,34,203,162,191,172,236
384,17,44,161,69,192,109,125,26,186
384,18,77,227,224,199,54,32,92,99
384,19,24,180,192,115,90,207,95,212
384,20,195,53,148,223,72,172,174,235
384,21,99,232,148,214,1,72,121,193
384,22,126,127,217,38,13,133,21,11
384,23,81,239,121,205,74,173,233,237
384,24,13,41,126,10,16,169,244,213
384,25,34,58,180,208,138,251,248,136
384,26,0,132,21,163,94,130,200,166
384,27,141,139,42,92,235,203,126,1
384,28,172,124,191,104,209,34,158,112
384,29,161,44,69,192,26,196,45,127
384,30,77,92,224,4,227,152,199,54
384,31,180,212,95,115,133,50,127,203
384,32,241,251,204,108,132,67,255,233
384,33,51,50,66,110,106,204,146,30
384,34,254,123,218,150,66,27,29,239
384,35,53,14,11,202,220,254,194,103
384,36,154,135,188,254,78,4,53,255
384,37,213,199,1,52,171,237,194,129
384,38,239,190,175,60,135,189,8,202
384,39,87,32,184,57,195,150,252,235
385,0,211,70,77,37,0,26,217,86
385,1,55,118,237,220,65,115,78,25
385,2,195,143,91,72,199,221,79,191
385,3,22,137,180,182,93,167,56,96
385,4,147,134,140,200,103,29,166,28
385,5,154,0,237,91,164,75,60,173
385,6,12,30,120,7,72,98,237,69
385,7,75,72,183,175,106,52,236,142
385,8,50,53,148,59,108,72,70,172
385,9,58,99,221,1,134,150,90,141
385,10,199,191,162,136,217,133,21,172
385,11,171,239,173,168,121,74,183,243
385,12,124,126,214,13,14,188,16,73
385,13,34,251,180,132,115,35,194,212
385,14,0,223,110,136,17,91,88,68
385,15,141,92,196,124,69,6,42,153
385,16,203,144,158,18,191,162,34,16
385,17,161,69,44,86,42,215,194,144
385,18,129,99,195,77,152,54,123,223
385,19,24,239,174,114,90,94,219,125
385,20,172,72,53,148,50,195,176,248
385,21,99,58,32,214,225,221,1,121
385,22,78,38,21,217,135,191,90,11
385,23,74,121,45,237,40,34,173,166
385,24,158,214,126,14,213,239,10,184
385,25,34,251,215,35,180,138,194,136
385,26,0,17,163,132,110,123,21,136
385,27,141,6,139,92,42,1,126,124
385,28,191,209,34,254,112,158,104,169
385,29,161,44,69,59,9,192,45,171
385,30,99,129,77,239,152,241,8,92
385,31,114,174,127,212,180,219,133,149
385,32,109,233,67,123,143,251,241,144
385,33,61,106,87,66,204,110,70,118
385,34,13,154,66,121,254,244,166,108
385,35,14,77,53,44,19,27,195,248
385,36,213,148,192,26,164,106,99,31
385,37,132,24,1,66,171,196,160,2
385,38,132,73,175,143,202,191,239,62
385,39,57,235,8,32,253,100,211,193
386,0,119,9,227,118,125,186,59,85
386,1,102,160,172,65,57,207,108,127
386,2,37,25,69,206,56,175,195,197
386,3,105,65,193,85,162,88,141,203
386,4,28,200,247,181,16,140,198,19
386,5,154,108,75,109,175,197,139,76
386,6,120,12,30,237,219,72,76,160
386,7,175,118,24,75,236,106,251,71
386,8,195,240,53,106,148,59,144,118
386,9,193,99,60,195,83,1,143,109
386,10,172,199,224,152,214,28,135,38
386,11,121,239,178,117,144,188,200,183
386,12,14,10,201,240,69,48,85,188
386,13,34,215,58,121,136,205,82,253
386,14,0,68,219,163,4,107,228,200
386,15,141,193,2,243,124,254,223,196
386,16,158,209,144,18,191,236,34,66
386,17,44,161,192,69,134,42,45,10
386,18,8,152,129,40,239,77,65,241
386,19,174,24,238,254,197,153,90,94
386,20,195,223,148,240,72,106,245,53
386,21,184,99,193,60,248,1,195,121
386,22,127,11,212,191,21,38,44,78
386,23,45,121,117,166,129,239,224,92
386,24,184,14,113,251,87,213,69,246
386,25,34,172,136,253,132,215,143,27
386,26,0,163,110,200,219,55,215,70
386,27,141,243,187,42,127,196,137,136
386,28,158,89,66,109,236,204,169,100
386,29,59,161,44,45,69,225,92,73
386,30,8,30,239,35,140,222,12,152
386,31,197,90,113,238,94,170,194,212
386,32,233,227,13,212,149,64,40,211
386,33,106,87,204,108,4,66,218,137
386,34,66,154,192,108,189,157,120,245
386,35,215,195,140,69,193,102,64,19
386,36,106,99,9,133,85,47,230,61
386,37,171,24,243,160,165,218,51,63
386,38,68,252,137,192,117,65,77,62
386,39,25,115,235,222,47,84,123,204
387,0,195,211,70,248,170,137,99,169
387,1,55,173,65,248,220,237,28,119
387,2,222,211,32,56,91,206,248,69
387,3,184,66,18,181,96,102,107,79
387,4,40,218,226,227,166,223,32,11
387,5,36,108,75,0,173,237,196,128
387,6,12,120,30,218,131,98,119,96
387,7,18,149,86,251,175,130,77,106
387,8,195,26,106,53,108,214,128,59
387,9,99,60,83,195,7,62,192,90
387,10,172,38,152,23,245,28,206,232
387,11,117,121,166,239,183,194,218,55
387,12,14,10,2,240,4,173,109,104
387,13,34,208,215,83,144,236,85,4
387,14,85,132,0,163,219,68,204,248
387,15,28,1,193,139,90,74,124,151
387,16,191,209,1,197,25,15,201,89
387,17,161,69,210,217,44,184,192,42
387,18,239,77,152,64,8,176,223,233
387,19,95,133,174,127,163,149,94,234
387,20,148,72,53,240,195,12,202,248
387,21,99,225,77,1,117,190,11,121
387,22,38,23,245,152,172,168,254,33
387,23,117,166,121,40,178,123,34,200
387,24,109,14,10,184,246,87,173,174
387,25,34,71,83,208,136,251,109,132
387,26,163,0,132,184,248,85,114,186
387,27,139,141,1,193,187,113,159,145
387,28,151,191,209,91,172,204,48,194
387,29,44,161,69,59,92,192,215,23
387,30,239,77,152,0,12,222,36,9
387,31,163,58,95,133,170,115,113,107
387,32,3,190,108,40,32,133,79,164
387,33,61,79,27,90,225,4,245,157
387,34,74,6,120,108,66,163,61,201
387,35,239,64,248,107,11,27,195,246
387,36,25,93,190,237,61,191,113,75
387,37,5,24,171,160,226,120,96,74
387,38,193,64,252,143,73,96,112,61
387,39,235,228,168,223,84,115,10,180
388,0,190,253,235,141,208,115,158,221
388,1,184,113,7,180,145,247,121,12
388,2,206,69,17,25,30,37,114,138
388,3,91,77,35,231,34,128,181,183
388,4,187,135,179,214,234,39,95,183
388,5,145,99,78,227,184,132,130,189
388,6,12,120,218,30,98,202,121,237
388,7,118,175,70,33,75,42,22,123
388,8,195,106,175,113,200,158,93,26
388,9,116,60,38,83,195,118,126,192
388,10,191,76,118,83,152,199,21,175
388,11,127,239,205,183,36,233,73,38
388,12,87,93,10,184,70,51,4,112
388,13,104,34,33,121,58,251,153,4
388,14,0,123,184,223,147,211,200,68
388,15,141,196,254,124,235,243,2,59
388,16,151,158,236,204,191,174,18,192
388,17,44,161,69,160,109,192,53,34
388,18,128,77,199,239,227,140,100,37
388,19,90,12,192,24,115,72,246,163
388,20,195,174,53,223,148,113,158,150
388,21,116,126,99,233,184,214,38,135
388,22,127,13,126,21,78,212,44,248
388,23,140,81,121,36,74,239,184,123
388,24,214,195,48,244,126,10,41,213
388,25,34,104,138,251,11,136,119,241
388,26,0,132,163,21,186,34,200,219
388,27,141,139,235,42,193,1,229,92
388,28,151,191,172,209,158,255,104,125
388,29,161,44,57,109,69,59,45,192
388,30,77,4,152,199,161,239,224,12
388,31,212,180,192,95,115,133,127,203
388,32,241,132,226,108,67,204,250,255
388,33,51,50,85,79,66,93,106,108
388,34,254,27,123,74,29,150,239,2
388,35,53,239,220,14,202,11,27,254
388,36,154,222,188,135,254,42,20,206
388,37,39,213,199,17,33,118,227,37
388,38,239,64,190,25,109,112,202,175
388,39,186,235,252,47,190,223,136,56
389,0,193,167,38,54,94,130,44,112
389,1,122,201,117,105,238,140,58,249
389,2,140,241,186,53,6,204,240,209
389,3,91,35,34,128,183,74,73,220
389,4,187,179,159,246,237,177,145,80
389,5,145,239,226,159,130,112,75,245
389,6,98,124,12,219,118,239,199,96
389,7,142,155,141,106,237,118,225,75
389,8,53,148,113,59,195,248,106,214
389,9,99,63,53,134,90,1,60,97
389,10,176,23,123,245,217,144,127,78
389,11,42,135,35,110,214,239,32,45
389,12,10,2,50,116,38,21,23,179
389,13,34,158,208,58,205,170,201,67
389,14,132,34,17,173,143,162,239,21
389,15,74,206,90,12,122,170,6,145
389,16,191,234,74,172,60,24,158,254
389,17,161,69,244,210,204,233,22,10
389,18,77,54,58,92,143,98,224,4
389,19,208,115,180,61,186,219,125,221
389,20,53,148,195,233,150,72,172,144
389,21,99,143,214,233,135,122,32,74
389,22,245,160,217,176,30,149,194,207
389,23,80,242,32,204,180,40,184,78
389,24,244,13,10,195,213,21,116,239
389,25,34,158,208,58,130,45,170,252
389,26,132,21,130,17,248,78,173,153
389,27,74,206,139,92,122,100,170,145
389,28,191,74,158,166,172,37,171,234
389,29,161,150,204,244,69,249,232,190
389,30,77,4,122,64,9,98,11,67
389,31,115,67,95,125,203,25,61,254
389,32,33,115,101,252,127,132,3,162
389,33,51,50,123,245,13,110,108,91
389,34,16,29,254,123,150,218,155,27
389,35,53,220,202,14,11,60,236,161
389,36,154,188,135,78,254,42,187,11
389,37,199,213,103,1,52,129,177,115
389,38,190,239,175,109,189,135,68,202
389,39,252,25,87,235,195,56,150,164
390,0,71,58,57,33,200,248,21,147
390,1,147,129,172,189,127,142,103,224
390,2,206,165,28,72,54,69,138,124
390,3,137,193,150,48,194,121,138,85
390,4,140,193,244,114,187,246,179,32
390,5,109,166,227,108,75,226,130,248
390,6,98,239,160,179,96,252,12,205
390,7,237,142,22,188,52,141,217,106
390,8,195,53,148,216,106,59,245,111
390,9,99,60,148,53,192,195,193,7
390,10,21,183,76,104,255,126,199,141
390,11,74,183,140,224,239,112,213,171
390,12,212,126,144,4,10,214,104,18
390,13,34,251,26,132,164,205,255,58
390,14,132,0,34,110,162,166,193,26
390,15,74,141,90,139,170,212,145,69
390,16,191,74,151,203,158,125,172,177
390,17,161,69,44,210,192,204,215,244
390,18,77,58,224,199,32,109,54,140
390,19,24,180,95,115,127,94,192,25
390,20,53,148,195,72,161,245,223,85
390,21,99,214,148,229,233,190,195,228
390,22,245,38,126,11,172,29,68,78
390,23,140,173,121,233,239,81,74,210
390,24,13,10,244,126,212,113,5,4
390,25,34,58,180,248,208,91,119,231
390,26,21,132,0,163,130,253,154,219
390,27,141,139,203,235,69,124,1,229
390,28,191,124,172,209,203,151,158,104
390,29,161,44,192,69,57,26,219,167
390,30,77,92,199,4,152,241,9,161
390,31,180,95,212,50,115,133,25,203
390,32,132,241,204,108,67,233,250,32
390,33,51,50,66,106,110,204,146,87
390,34,254,150,123,66,218,176,29,16
390,35,53,202,14,11,220,254,142,60
390,36,154,135,188,78,187,254,4,242
390,37,199,213,103,1,52,171,177,237
390,38,239,190,135,60,175,189,25,202
390,39,87,32,184,252,150,195,57,187
391,0,124,211,70,77,37,138,76,199
391,1,52,109,55,68,118,95,14,65
391,2,195,143,91,79,72,221,32,199
391,3,22,93,137,182,39,201,167,109
391,4,134,147,200,140,233,203,56,24
391,5,0,154,136,91,243,173,108,75
391,6,12,120,30,237,72,69,98,7
391,7,75,142,129,252,237,183,225,175
391,8,53,50,72,148,59,166,214,121
391,9,99,58,221,134,1,3,90,202
391,10,78,199,245,217,96,103,21,162
391,11,183,121,74,173,194,45,205,239
391,12,214,144,13,127,10,23,126,113
391,13,34,251,35,132,180,189,171,243
391,14,0,17,191,34,132,110,21,193
391,15,141,6,244,247,74,184,70,127
391,16,203,191,234,158,144,221,177,162
391,17,69,161,45,44,144,47,210,208
391,18,77,129,195,99,4,54,201,100
391,19,24,239,174,114,94,238,180,90
391,20,172,53,195,72,50,148,171,238
391,21,99,58,32,214,1,143,221,233
391,22,135,245,38,103,190,172,29,86
391,23,121,105,166,74,45,184,117,194
391,24,214,10,240,244,158,38,213,144
391,25,34,215,248,208,57,71,241,144
391,26,0,17,163,132,171,21,45,107
391,27,141,139,6,92,48,221,247,227
391,28,209,254,191,34,172,158,203,234
391,29,44,69,192,161,210,9,45,13
391,30,129,99,4,92,77,8,241,152
391,31,174,114,127,180,212,133,95,149
391,32,233,144,85,109,204,67,123,73
391,33,102,61,106,87,204,66,185,189
391,34,13,66,154,121,166,254,218,244
391,35,117,14,77,136,195,11,53,215
391,36,213,26,235,37,164,190,99,254
391,37,132,24,1,171,231,66,118,63
391,38,87,68,175,143,191,112,176,202
391,39,57,8,32,252,235,193,67,226
392,0,119,9,227,125,118,186,59,85
392,1,102,160,65,108,207,57,247,196
392,2,37,124,25,175,213,195,206,149
392,3,102,147,141,173,143,239,1,52
392,4,181,247,200,62,198,72,16,211
392,5,154,109,108,75,181,231,175,37
392,6,30,12,120,219,179,160,98,239
392,7,175,143,71,67,150,236,118,153
392,8,195,240,106,53,250,59,166,134
392,9,193,99,83,195,60,143,216,204
392,10,38,103,135,28,231,152,118,199
392,11,121,178,194,171,113,173,200,205
392,12,10,69,173,201,37,5,240,98
392,13,34,215,58,2,85,109,198,9
392,14,0,34,163,4,132,200,239,107
392,15,193,141,2,139,163,223,243,106
392,16,209,34,191,158,25,169,79,172
392,17,44,192,161,210,60,69,196,10
392,18,8,129,239,241,77,18,98,4
392,19,174,127,214,180,153,25,197,133
392,20,195,72,240,53,85,148,100,166
392,21,143,1,99,225,193,60,233,228
392,22,38,135,127,245,70,190,172,148
392,23,117,121,166,105,178,139,45,102
392,24,10,149,240,14,173,38,169,29
392,25,144,34,215,83,170,120,45,91
392,26,163,0,94,204,132,200,173,215
392,27,141,193,243,1,227,11,155,139
392,28,34,209,1,191,104,112,124,125
392,29,44,69,152,210,192,13,161,45
392,30,8,4,152,241,77,58,239,99
392,31,174,127,212,95,133,208,158,170
392,32,233,73,67,136,204,108,227,241
392,33,106,204,87,66,108,4,245,110
392,34,66,154,218,192,120,157,244,29
392,35,14,69,137,11,215,27,199,77
392,36,213,164,192,230,64,85,151,99
392,37,1,171,129,144,5,231,24,80
392,38,68,175,252,112,49,8,143,42
392,39,25,252,47,198,67,226,159,235
393,0,137,211,195,103,71,248,201,189
393,1,55,248,173,109,52,176,28,125
393,2,222,211,124,32,91,61,206,213
393,3,184,93,107,66,102,33,112,52
393,4,147,227,134,11,114,40,238,56
393,5,36,0,75,179,195,138,38,173
393,6,120,12,218,30,70,253,179,119
393,7,18,149,168,175,130,204,251,33
393,8,195,26,108,166,245,53,9,160
393,9,99,60,77,143,43,62,83,252
393,10,38,152,172,23,245,103,28,135
393,11,121,117,166,105,194,173,30,26
393,12,10,149,240,173,184,69,14,109
393,13,34,208,215,58,144,170,9,67
393,14,163,34,132,85,184,0,162,248
393,15,193,139,74,145,90,206,0,221
393,16,191,25,209,158,1,91,172,62
393,17,161,69,44,244,210,192,151,116
393,18,239,77,58,4,64,8,98,100
393,19,163,208,127,25,174,95,149,115
393,20,53,72,195,85,100,148,176,118
393,21,99,77,143,233,229,202,252,129
393,22,23,38,245,148,103,135,190,221
393,23,105,166,178,117,121,123,184,241
393,24,10,149,244,109,240,161,246,173
393,25,34,58,71,144,170,215,248,208
393,26,184,163,85,132,0,173,158,21
393,27,193,235,141,170,74,139,163,158
393,28,91,151,172,209,191,158,203,25
393,29,44,161,45,192,69,94,215,109
393,30,239,0,77,4,99,9,152,70
393,31,163,95,133,170,252,115,46,204
393,32,3,31,233,45,254,85,255,67
393,33,87,61,106,79,102,90,108,185
393,34,74,66,27,13,120,29,6,108
393,35,239,27,14,107,238,235,220,134
393,36,192,93,222,254,113,84,20,29
393,37,5,171,101,144,88,63,194,113
393,38,64,175,8,61,202,143,131,4
393,39,154,252,57,228,186,45,163,37
394,0,168,255,246,216,181,243,149,213
394,1,210,184,248,102,201,65,108,30
394,2,88,37,74,25,114,124,195,18
394,3,34,128,35,77,91,26,130,230
394,4,108,28,6,187,205,235,15,189
394,5,152,154,50,222,74,128,212,214
394,6,121,218,210,120,0,31,30,12
394,7,118,78,117,175,231,5,123,156
394,8,116,23,195,180,4,52,85,115
394,9,193,38,180,205,1,239,6,83
394,10,13,120,125,193,27,113,65,70
394,11,39,178,192,63,23,19,108,139
394,12,151,85,69,251,10,149,160,14
394,13,105,45,11,103,144,212,145,29
394,14,204,163,184,226,132,86,173,51
394,15,36,172,1,147,46,23,235,74
394,16,35,96,183,172,117,25,191,176
394,17,44,69,94,192,1,109,219,196
394,18,83,170,85,225,148,152,77,22
394,19,166,167,122,212,88,174,59,130
394,20,195,72,148,53,85,240,23,239
394,21,38,180,225,1,143,99,60,233
394,22,83,34,27,120,88,193,132,113
394,23,39,63,174,192,121,20,253,105
394,24,149,116,67,151,14,10,85,244
394,25,105,45,183,208,112,37,29,138
394,26,204,44,163,132,231,130,51,212
394,27,1,172,36,134,177,227,169,139
394,28,35,96,183,209,26,117,195,191
394,29,1,223,5,94,152,69,151,161
394,30,225,83,85,170,152,77,4,91
394,31,167,212,59,88,166,122,95,240
394,32,136,149,255,236,254,158,31,237
394,33,87,85,86,92,232,190,220,205
394,34,116,186,132,10,29,246,161,120
394,35,14,202,129,220,11,16,36,171
394,36,188,20,254,192,78,207,153,70
394,37,39,99,199,239,115,37,160,56
394,38,68,175,121,168,93,64,189,159
394,39,252,238,154,45,235,33,14,176
395,0,60,169,143,182,7,126,193,243
395,1,189,142,172,210,129,112,102,94
395,2,200,179,72,129,88,22,114,217
395,3,26,77,230,73,183,212,224,193
395,4,235,187,108,205,140,28,90,189
395,5,50,222,152,88,237,154,110,243
395,6,121,218,210,0,12,202,30,120
395,7,2,118,78,175,185,117,24,70
395,8,85,195,4,148,35,23,53,59
395,9,193,180,38,99,60,1,169,143
395,10,13,193,88,27,120,93,191,83
395,11,192,39,99,63,23,20,195,112
395,12,10,85,251,4,62,149,151,253
395,13,34,105,121,45,178,183,11,205
395,14,132,163,34,173,21,130,204,200
395,15,36,172,141,139,221,206,195,223
395,16,96,183,35,191,158,26,176,172
395,17,161,69,44,192,94,151,223,60
395,18,83,77,225,4,54,170,58,152
395,19,174,24,122,167,95,208,153,25
395,20,195,53,148,72,176,85,166,100
395,21,99,143,225,1,38,180,228,229
395,22,34,88,245,103,83,132,134,148
395,23,39,105,63,253,42,121,171,223
395,24,149,244,10,116,173,67,13,117
395,25,34,208,112,183,57,136,45,37
395,26,132,130,21,163,204,252,248,78
395,27,139,36,1,177,166,141,155,206
395,28,35,183,96,191,26,209,158,125
395,29,161,69,1,223,152,44,151,5
395,30,83,225,4,77,170,152,97,85
395,31,212,59,95,174,88,61,122,167
395,32,136,158,149,255,236,254,99,60
395,33,87,190,220,232,85,41,86,92
395,34,116,132,29,10,246,161,169,93
395,35,14,202,11,171,220,142,36,129
395,36,188,254,154,153,207,78,10,49
395,37,99,199,39,115,22,37,103,190
395,38,175,68,71,121,93,189,118,187
395,39,25,252,69,45,2,189,14,70
396,0,57,126,114,173,58,88,241,169
396,1,124,193,192,146,191,140,233,86
396,2,188,8,194,21,11,133,32,36
396,3,106,226,224,131,69,93,110,58
396,4,28,129,90,134,88,235,61,240
396,5,58,146,50,243,0,128,69,171
396,6,183,210,120,182,255,246,212,12
396,7,175,78,2,185,105,227,11,26
396,8,85,23,195,72,148,176,59,53
396,9,69,180,1,99,241,179,169,225
396,10,88,193,184,245,103,34,148,132
396,11,105,39,63,99,191,241,117,229
396,12,149,10,4,16,14,173,188,151
396,13,112,34,183,45,178,120,208,212
396,14,163,34,21,116,204,132,4,158
396,15,36,141,11,139,0,221,158,9
396,16,183,35,209,176,26,124,96,160
396,17,69,44,192,223,94,161,219,152
396,18,83,152,4,223,170,122,58,77
396,19,174,212,122,25,208,24,215,180
396,20,72,53,195,176,148,100,240,166
396,21,69,143,99,60,1,225,180,228
396,22,184,88,245,103,148,28,134,70
396,23,39,105,63,99,117,19,191,241
396,24,149,173,244,169,69,10,213,14
396,25,112,34,208,211,136,138,120,178
396,26,132,21,200,130,162,34,163,252
396,27,166,11,139,0,155,141,187,40
396,28,65,124,35,191,173,158,171,209
396,29,161,69,152,13,232,244,44,223
396,30,4,169,77,92,83,170,152,253
396,31,174,61,212,180,50,95,215,49
396,32,136,60,88,57,25,233,132,73
396,33,87,33,229,50,108,228,185,30
396,34,29,93,15,250,150,91,211,123
396,35,11,14,202,142,103,195,254,220
396,36,254,154,188,187,2,135,60,160
396,37,122,99,199,246,1,121,7,237
396,38,239,122,175,135,45,154,28,121
396,39,96,63,252,110,176,243,35,41
397,0,29,180,207,151,115,60,211,178
397,1,191,71,251,124,100,3,78,193
397,2,188,194,221,91,79,139,143,187
397,3,56,224,182,242,201,22,206,69
397,4,233,210,134,28,178,61,149,103
397,5,58,0,60,171,225,207,128,75
397,6,12,212,120,105,72,70,237,102
397,7,158,193,225,245,183,213,175,6
397,8,53,148,59,72,121,176,166,171
397,9,99,3,134,1,221,32,28,90
397,10,245,103,233,70,217,184,107,67
397,11,241,146,63,105,237,24,121,37
397,12,10,50,149,153,13,2,213,38
397,13,34,0,57,211,158,208,185,167
397,14,17,21,143,132,34,44,193,78
397,15,221,97,0,139,74,184,79,206
397,16,234,191,4,158,183,169,176,171
397,17,161,69,225,244,151,223,210,4
397,18,66,4,77,58,83,225,64,129
397,19,49,48,47,94,25,24,208,40
397,20,53,72,148,50,204,172,176,144
397,21,99,143,32,233,122,1,129,229
397,22,245,233,103,135,26,184,32,70
397,23,105,146,99,63,241,37,223,70
397,24,149,244,50,131,213,173,10,153
397,25,34,0,211,208,115,240,181,215
397,26,132,21,34,162,196,17,248,228
397,27,79,139,130,40,0,158,35,16
397,28,183,35,158,191,254,234,176,219
397,29,225,69,161,223,44,94,152,244
397,30,83,225,4,129,99,116,66,92
397,31,49,149,61,83,212,25,114,133
397,32,144,57,92,136,31,28,3,78
397,33,87,161,162,185,47,203,90,250
397,34,109,121,191,29,211,103,15,57
397,35,14,106,129,11,195,220,194,16
397,36,148,254,92,60,160,42,231,1
397,37,100,244,101,99,170,171,127,132
397,38,61,197,122,21,245,62,111,196
397,39,163,176,129,235,197,139,252,159
398,0,179,91,145,51,197,126,227,150
398,1,139,64,193,106,87,216,235,184
398,2,24,88,74,37,25,40,175,18
398,3,59,142,211,205,37,110,69,224
398,4,131,241,129,90,240,230,151,15
398,5,58,139,50,103,131,181,146,6
398,6,255,210,246,120,12,70,135,27
398,7,175,185,227,26,154,183,5,220
398,8,85,195,148,72,59,176,93,53
398,9,69,99,60,143,229,1,129,225
398,10,70,103,184,245,137,193,190,34
398,11,174,63,105,241,99,191,229,171
398,12,149,160,10,173,110,153,98,14
398,13,211,45,170,178,208,183,215,228
398,14,163,34,21,4,132,216,200,130
398,15,207,0,9,141,139,106,32,124
398,16,183,176,158,25,209,191,26,35
398,17,44,225,223,94,151,69,192,219
398,18,83,152,239,225,223,58,92,4
398,19,174,212,25,127,49,214,122,24
398,20,72,195,240,176,148,174,100,53
398,21,69,1,225,60,143,99,229,0
398,22,70,184,137,179,34,103,245,135
398,23,63,174,105,117,191,241,99,123
398,24,149,131,14,173,10,69,119,38
398,25,183,120,45,211,83,178,37,105
398,26,163,44,204,162,200,130,242,132
398,27,23,155,0,1,187,9,40,104
398,28,183,35,219,209,151,28,102,176
398,29,225,223,1,94,244,69,152,151
398,30,83,225,4,152,98,66,253,220
398,31,49,149,88,59,212,25,122,95
398,32,57,236,31,140,136,3,254,255
398,33,162,47,87,126,90,161,72,185
398,34,91,15,103,191,10,29,121,120
398,35,14,129,117,16,195,220,106,194
398,36,60,2,254,148,199,92,160,188
398,37,99,101,66,171,86,199,59,189
398,38,93,175,251,68,111,61,96,168
398,39,129,252,139,31,122,158,45,176
399,0,22,51,18,153,180,88,247,49
399,1,193,169,30,223,123,81,184,87
399,2,194,22,164,40,18,24,74,48
399,3,146,98,97,27,160,238,189,30
399,4,14,65,240,167,90,242,67,201
399,5,58,67,146,50,0,235,128,254
399,6,215,135,12,120,246,36,129,147
399,7,66,44,185,2,11,78,176,175
399,8,33,85,148,72,195,122,53,59
399,9,132,240,99,225,156,60,143,179
399,10,248,245,70,193,34,133,26,253
399,11,36,192,174,99,63,241,20,105
399,12,242,203,149,10,14,153,160,76
399,13,33,183,37,178,104,112,120,45
399,14,147,163,21,116,0,34,107,173
399,15,141,16,1,93,0,166,139,177
399,16,183,35,160,156,26,151,158,209
399,17,110,44,69,94,223,161,151,192
399,18,128,83,112,152,97,88,225,4
399,19,174,12,212,25,204,120,214,24
399,20,195,33,72,100,134,158,106,148
399,21,132,60,143,225,1,99,7,83
399,22,212,22,118,123,127,103,28,78
399,23,36,173,63,105,102,177,136,163
399,24,149,242,153,251,69,173,16,29
399,25,104,33,68,198,178,183,136,193
399,26,200,163,147,162,34,237,79,197
399,27,97,136,55,187,40,16,9,0
399,28,156,158,120,35,175,183,160,151
399,29,110,161,232,44,119,152,55,174
399,30,4,128,83,112,152,70,166,47
399,31,12,158,238,194,61,197,32,174
399,32,136,238,158,52,231,30,133,105
399,33,87,73,41,185,137,108,239,236
399,34,29,146,108,97,41,153,99,239
399,35,195,14,11,102,117,64,78,30
399,36,254,60,186,190,42,231,216,165
399,37,59,172,118,61,25,98,37,183
399,38,68,175,93,159,31,17,206,83
399,39,252,25,235,193,86,168,218,113
400,0,241,57,126,88,114,135,133,108
400,1,192,173,193,146,108,230,65,135
400,2,76,8,61,113,108,222,36,16
400,3,106,226,224,69,85,250,110,145
400,4,244,219,23,165,240,211,90,97
400,5,0,58,243,201,128,237,131,80
400,6,12,19,119,219,78,239,231,190
400,7,66,213,188,175,141,73,195,225
400,8,53,148,59,216,248,72,195,176
400,9,99,241,63,69,90,127,1,210
400,10,176,245,127,78,79,44,123,23
400,11,135,42,134,204,32,56,110,24
400,12,10,126,2,116,176,179,163,238
400,13,34,208,158,212,45,132,118,174
400,14,132,34,173,162,130,248,165,239
400,15,74,90,145,206,147,139,170,166
400,16,191,74,172,26,24,62,195,4
400,17,161,69,244,151,210,196,44,204
400,18,77,58,64,54,119,224,67,233
400,19,208,95,127,25,180,115,132,61
400,20,53,85,148,195,72,161,166,98
400,21,99,143,233,229,195,90,153,252
400,22,245,160,34,103,149,86,148,223
400,23,105,80,241,223,140,32,121,173
400,24,244,10,149,195,116,213,179,28
400,25,34,58,208,45,136,158,83,250
400,26,21,130,132,252,34,173,248,188
400,27,219,0,74,206,104,221,145,90
400,28,74,172,158,191,125,176,169,200
400,29,150,161,1,204,151,209,223,244
400,30,4,77,9,83,119,70,26,122
400,31,95,67,180,25,115,144,106,58
400,32,33,7,60,217,236,32,132,126
400,33,192,229,146,199,12,203,220,161
400,34,16,29,250,146,211,15,98,123
400,35,60,202,220,11,79,206,219,195
400,36,188,134,110,123,148,254,187,78
400,37,7,131,104,199,139,244,121,226
400,38,135,122,254,121,14,93,228,202
400,39,96,252,110,46,175,113,41,243
401,0,29,115,151,207,180,60,41,203
401,1,191,173,124,156,14,105,154,197
401,2,61,76,24,113,194,16,243,161
401,3,22,201,216,224,3,182,86,139
401,4,203,134,84,219,233,210,149,157
401,5,0,131,56,244,171,58,173,128
401,6,12,237,11,72,212,30,102,120
401,7,66,193,183,225,245,252,237,75
401,8,53,148,121,72,59,192,50,248
401,9,99,221,134,58,3,32,28,229
401,10,245,103,233,121,229,217,191,148
401,11,241,216,237,146,73,136,173,37
401,12,149,203,50,10,2,38,110,242
401,13,34,0,21,119,255,208,57,158
401,14,132,34,21,17,143,173,58,73
401,15,97,74,117,79,0,139,141,170
401,16,191,234,158,173,4,197,169,202
401,17,161,69,210,244,223,44,151,144
401,18,66,77,4,58,225,129,64,239
401,19,25,24,49,47,48,115,238,239
401,20,53,72,148,50,85,195,172,176
401,21,99,32,143,233,229,58,1,90
401,22,245,233,103,135,190,50,26,28
401,23,173,105,241,223,146,37,136,248
401,24,149,10,244,50,242,38,115,119
401,25,34,0,208,71,119,158,215,87
401,26,171,188,132,21,92,162,228,17
401,27,79,117,0,221,139,97,247,223
401,28,183,234,235,158,191,219,91,193
401,29,94,119,161,9,228,60,44,215
401,30,99,116,4,0,83,66,225,129
401,31,49,249,238,83,32,247,114,194
401,32,144,26,140,161,230,78,133,66
401,33,185,203,47,132,90,161,137,77
401,34,109,191,103,166,20,108,121,163
401,35,195,209,11,234,64,248,215,74
401,36,148,93,254,9,60,47,143,171
401,37,101,100,34,54,86,172,179,207
401,38,61,143,191,165,62,111,67,21
401,39,193,163,197,235,176,253,22,173
402,0,179,145,51,91,197,126,227,247
402,1,139,64,87,106,216,184,194,0
402,2,74,88,202,215,114,17,197,50
402,3,59,142,211,146,205,88,102,110
402,4,131,241,240,129,230,211,219,151
402,5,58,139,131,6,132,175,50,181
402,6,54,120,106,12,105,246,255,212
402,7,66,26,225,227,185,175,245,33
402,8,53,148,59,195,89,72,85,192
402,9,99,77,228,69,233,229,90,143
402,10,23,245,130,148,113,172,70,103
402,11,136,121,178,105,174,117,173,241
402,12,10,242,149,38,203,119,107,153
402,13,34,208,58,67,43,215,97,170
402,14,20,184,132,34,163,44,50,58
402,15,139,74,145,206,90,223,97,81
402,16,191,25,172,158,209,91,23,239
402,17,161,69,44,210,244,119,116,109
402,18,239,77,0,64,83,58,4,98
402,19,163,115,95,208,25,127,79,133
402,20,53,148,85,195,72,113,143,144
402,21,99,38,143,77,230,1,177,45
402,22,23,245,148,113,103,38,86,217
402,23,178,161,123,105,121,78,117,173
402,24,10,149,244,177,161,173,214,213
402,25,34,58,170,136,208,144,171,95
402,26,184,20,132,163,107,21,173,0
402,27,139,223,255,235,159,219,1,150
402,28,91,151,172,191,209,158,23,25
402,29,44,161,109,45,192,194,119,94
402,30,239,77,0,9,12,224,180,222
402,31,163,115,95,212,194,192,220,197
402,32,66,3,108,226,172,133,217,35
402,33,90,27,126,79,137,158,177,108
402,34,91,74,25,65,108,103,20,130
402,35,215,96,195,64,117,47,38,239
402,36,148,25,144,93,9,47,171,149
402,37,24,160,5,65,172,19,96,86
402,38,143,61,236,191,25,140,18,165
402,39,228,235,10,210,117,6,95,139
403,0,253,190,235,237,141,208,61,221
403,1,184,113,188,203,64,7,46,58
403,2,17,74,34,88,59,114,145,4
403,3,91,35,34,77,128,130,183,231
403,4,128,219,95,187,130,15,159,142
403,5,186,50,47,41,58,145,132,99
403,6,54,12,153,120,210,167,218,237
403,7,118,175,78,29,23,185,33,5
403,8,195,116,113,72,53,93,23,148
403,9,116,38,164,99,228,77,191,126
403,10,23,248,198,36,113,169,130,152
403,11,233,178,161,74,205,183,73,172
403,12,93,85,10,63,87,253,74,15
403,13,105,147,58,43,11,104,45,97
403,14,184,51,0,20,50,91,200,204
403,15,235,200,189,81,150,147,92,162
403,16,151,172,158,91,204,5,57,23
403,17,44,109,69,161,192,255,76,95
403,18,77,128,224,0,239,137,104,88
403,19,163,115,212,90,192,12,24,246
403,20,195,53,113,174,148,105,245,118
403,21,116,38,126,99,195,1,233,36
403,22,36,127,248,255,83,21,23,27
403,23,140,178,74,36,121,123,173,243
403,24,93,10,126,44,214,188,251,213
403,25,34,104,11,57,251,58,255,82
403,26,0,184,132,50,163,215,102,186
403,27,235,141,139,69,189,193,127,1
403,28,172,191,151,144,104,209,25,115
403,29,44,161,109,57,69,45,192,196
403,30,77,224,9,152,104,12,222,88
403,31,212,115,192,95,163,191,197,180
403,32,226,108,204,241,67,132,255,32
403,33,51,85,79,66,50,93,158,218
403,34,27,74,254,29,123,192,108,122
403,35,239,53,27,220,14,60,19,11
403,36,222,20,154,190,252,35,75,223
403,37,39,118,234,105,186,5,227,129
403,38,239,190,64,109,67,159,25,153
403,39,186,218,235,190,222,19,41,11
404,0,193,167,38,54,94,130,44,176
404,1,122,201,117,238,105,58,140,46
404,2,140,81,6,245,186,204,209,67
404,3,91,35,34,128,183,74,82,103
404,4,179,187,159,145,183,245,237,246
404,5,145,224,159,226,152,239,245,73
404,6,121,12,218,181,0,60,198,98
404,7,118,175,217,70,67,106,33,71
404,8,195,113,104,158,106,73,93,12
404,9,116,126,38,118,192,56,113,99
404,10,21,191,248,23,175,115,118,100
404,11,233,36,23,140,183,205,74,127
404,12,144,10,4,184,253,93,70,18
404,13,34,104,33,11,105,58,67,85
404,14,132,0,147,34,223,184,200,173
404,15,141,235,189,184,74,66,212,139
404,16,151,191,172,236,156,158,104,115
404,17,161,44,69,109,192,10,186,116
404,18,77,224,199,54,128,227,58,109
404,19,24,192,115,95,94,180,90,246
404,20,53,148,113,195,223,174,72,105
404,21,99,116,38,252,233,229,126,214
404,22,245,126,21,96,166,255,127,191
404,23,140,121,223,23,81,239,74,173
404,24,10,126,144,41,213,13,244,184
404,25,34,58,11,91,208,138,180,104
404,26,21,132,0,130,34,186,154,219
404,27,141,139,235,69,227,145,124,92
404,28,191,172,203,158,209,151,104,25
404,29,161,44,69,192,109,57,73,45
404,30,77,9,92,224,97,199,51,36
404,31,180,212,95,115,192,133,197,224
404,32,241,132,108,67,226,204,32,212
404,33,51,50,85,66,79,110,106,87
404,34,254,123,29,150,16,27,218,66
404,35,53,14,202,220,60,11,254,142
404,36,154,135,188,78,252,254,187,223
404,37,199,213,1,129,237,52,103,219
404,38,239,190,109,175,60,135,189,25
404,39,25,87,235,252,56,195,187,76
405,0,71,200,58,21,57,33,225,147
405,1,129,147,172,189,127,103,224,142
405,2,28,67,165,72,54,124,233,135
405,3,193,194,200,245,150,137,244,48
405,4,140,193,114,255,32,179,9,187
405,5,109,166,108,75,227,248,72,226
405,6,205,160,98,239,96,179,181,12
405,7,142,237,175,22,188,129,217,106
405,8,195,53,148,106,59,245,216,24
405,9,99,148,53,60,193,192,43,195
405,10,21,104,183,126,199,76,61,175
405,11,140,253,183,205,74,171,213,41
405,12,212,144,4,126,10,92,214,243
405,13,34,58,251,26,171,208,73,164
405,14,0,132,223,34,110,147,162,21
405,15,141,235,69,66,139,184,74,124
405,16,151,191,203,124,172,104,236,156
405,17,161,44,69,192,215,186,26,57
405,18,77,54,199,92,224,128,100,32
405,19,24,180,95,115,94,50,90,246
405,20,53,148,195,223,72,235,174,161
405,21,99,148,214,233,252,229,72,228
405,22,126,245,38,217,21,255,29,172
405,23,140,121,81,239,173,74,233,223
405,24,13,10,126,244,212,144,41,213
405,25,34,180,248,208,58,91,136,138
405,26,21,132,130,0,34,248,163,253
405,27,141,139,203,145,235,69,92,124
405,28,191,124,172,209,203,151,104,158
405,29,161,44,69,192,57,219,73,26
405,30,77,92,241,199,145,9,152,8
405,31,180,95,50,212,115,133,224,125
405,32,132,241,204,67,233,108,73,255
405,33,50,51,66,110,106,204,87,146
405,34,254,123,218,150,66,29,27,16
405,35,53,14,202,11,220,254,60,142
405,36,154,135,188,78,254,187,252,4
405,37,199,213,1,171,52,237,103,129
405,38,239,190,175,60,135,189,25,67
405,39,87,32,184,57,150,195,252,187
406,0,29,48,220,2,87,17,41,139
406,1,21,163,55,243,121,251,118,14
406,2,195,91,143,139,79,72,221,6
406,3,22,137,56,167,180,81,93,182
406,4,147,134,200,140,197,28,132,103
406,5,0,154,108,60,164,136,232,74
406,6,12,30,72,237,205,7,120,140
406,7,252,75,141,129,6,193,39,52
406,8,53,148,59,121,233,72,84,108
406,9,99,134,90,97,221,58,192,3
406,10,245,135,21,197,38,233,30,162
406,11,183,121,223,117,237,72,143,144
406,12,10,13,38,131,240,2,48,4
406,13,34,215,180,148,208,132,0,58
406,14,132,21,17,223,34,130,68,163
406,15,97,235,69,90,74,127,141,66
406,16,191,201,203,158,254,104,125,197
406,17,161,44,69,225,215,192,184,209
406,18,129,77,54,92,239,97,241,199
406,19,24,95,180,115,165,246,127,238
406,20,53,195,148,172,50,223,72,202
406,21,99,32,58,214,233,135,229,121
406,22,38,245,135,21,217,233,29,127
406,23,166,121,117,223,237,72,40,205
406,24,10,131,240,126,244,92,158,50
406,25,34,215,180,132,58,161,177,136
406,26,21,132,219,0,130,163,223,29
406,27,141,139,69,66,235,79,92,229
406,28,191,203,158,172,254,104,112,209
406,29,161,44,225,69,192,196,217,210
406,30,77,129,92,239,99,152,241,224
406,31,212,174,180,114,127,95,115,149
406,32,67,157,233,108,136,241,204,32
406,33,87,198,106,66,161,61,204,110
406,34,154,13,244,66,121,164,254,150
406,35,14,53,171,194,195,202,60,19
406,36,213,55,154,164,140,99,188,60
406,37,132,199,1,171,24,129,219,196
406,38,175,239,68,196,143,202,82,67
406,39,57,32,8,224,100,90,235,56
407,0,119,9,227,125,118,186,131,15
407,1,102,160,207,239,57,65,194,12
407,2,48,37,25,204,175,19,195,168
407,3,5,189,102,137,162,239,48,88
407,4,181,200,140,28,72,187,247,248
407,5,154,108,0,75,237,142,128,175
407,6,12,30,120,72,98,219,237,106
407,7,118,175,75,26,33,213,225,129
407,8,195,53,148,240,59,41,213,118
407,9,193,99,1,60,109,195,205,229
407,10,38,135,214,21,245,70,30,4
407,11,121,178,183,117,188,205,144,13
407,12,10,240,92,188,69,5,51,38
407,13,34,58,215,105,45,144,171,212
407,14,204,132,107,0,94,68,55,200
407,15,235,193,141,69,172,74,243,223
407,16,34,104,158,172,191,203,204,160
407,17,44,192,69,161,196,186,209,210
407,18,77,129,8,241,224,239,3,40
407,19,24,174,115,238,212,95,127,90
407,20,195,148,53,237,106,223,105,240
407,21,193,99,1,229,135,233,72,228
407,22,38,127,11,172,70,148,166,217
407,23,117,121,166,178,81,139,123,205
407,24,10,149,240,69,175,70,87,176
407,25,34,45,161,144,121,145,91,184
407,26,132,204,163,94,253,0,200,185
407,27,235,141,0,69,139,193,221,227
407,28,34,104,191,209,172,203,25,1
407,29,44,210,69,192,13,196,161,225
407,30,77,241,8,58,224,152,239,38
407,31,174,212,115,127,194,95,16,58
407,32,233,73,108,136,204,67,149,241
407,33,87,106,204,66,30,110,50,12
407,34,218,244,154,66,192,123,91,47
407,35,14,53,171,194,19,164,202,11
407,36,213,154,164,135,188,78,60,192
407,37,129,219,199,1,171,37,52,237
407,38,175,68,239,60,190,121,59,153
407,39,25,195,184,230,187,150,252,140
408,0,212,218,136,131,169,122,1,65
408,1,184,119,28,94,65,91,127,160
408,2,48,177,25,37,204,211,175,174
408,3,93,189,245,239,136,193,126,69
408,4,140,187,134,28,155,205,199,185
408,5,108,173,128,0,237,154,80,4
408,6,12,30,218,98,237,202,0,120
408,7,175,39,75,33,52,72,22,88
408,8,195,38,53,148,59,118,243,72
408,9,99,121,60,143,193,1,134,205
408,10,21,148,126,217,61,245,214,37
408,11,239,183,139,117,178,166,13,105
408,12,149,10,240,51,4,73,184,32
408,13,34,58,105,180,65,208,144,45
408,14,0,132,107,177,184,204,223,228
408,15,235,92,141,83,139,69,16,74
408,16,91,104,160,172,191,158,50,203
408,17,44,69,161,192,210,109,186,95
408,18,239,77,99,224,199,58,9,44
408,19,163,115,24,238,212,94,90,125
408,20,195,38,53,148,245,85,56,127
408,21,99,193,77,1,214,192,7,229
408,22,23,38,127,245,148,129,11,70
408,23,178,117,166,138,105,79,127,223
408,24,149,10,175,21,195,213,161,252
408,25,34,144,161,119,121,170,45,153
408,26,184,132,0,163,107,102,200,204
408,27,141,243,235,221,69,255,139,228
408,28,91,151,191,66,112,172,148,100
408,29,44,69,161,225,109,93,94,32
408,30,239,0,77,40,180,99,47,36
408,31,163,212,197,194,204,115,220,32
408,32,139,3,5,31,66,212,250,157
408,33,90,79,182,87,32,137,108,161
408,34,74,6,120,108,159,66,105,27
408,35,27,239,19,194,14,195,38,64
408,36,252,192,25,93,3,113,171,163
408,37,5,171,172,160,63,101,65,33
408,38,64,193,143,5,115,25,165,134
408,39,186,235,228,163,139,115,57,123
409,0,190,253,235,158,208,115,141,237
409,1,184,113,180,58,145,7,188,21
409,2,176,225,204,51,48,24,74,30
409,3,35,91,34,128,77,231,83,64
409,4,187,140,135,183,81,91,6,234
409,5,145,224,41,184,237,99,231,132
409,6,12,218,30,202,210,237,121,120
409,7,118,175,88,72,33,22,207,5
409,8,195,53,93,24,148,41,160,21
409,9,116,38,99,126,191,60,195,228
409,10,21,191,83,210,93,33,76,28
409,11,183,233,36,127,178,205,123,171
409,12,10,93,149,87,92,85,175,242
409,13,34,104,121,58,33,105,254,11
409,14,50,223,184,35,200,0,107,147
409,15,141,235,189,254,192,243,173,69
409,16,151,158,255,156,236,182,204,192
409,17,44,186,161,40,95,119,92,168
409,18,128,239,77,40,137,199,97,252
409,19,163,12,158,23,90,242,220,214
409,20,223,195,127,245,174,11,158,237
409,21,116,126,209,184,190,132,60,157
409,22,212,127,36,23,11,69,21,141
409,23,129,183,36,26,163,24,233,171
409,24,242,87,243,41,112,251,200,27
409,25,104,121,132,161,61,254,75,231
409,26,50,92,219,186,142,0,184,8
409,27,189,243,141,97,229,59,42,228
409,28,151,255,203,194,89,66,236,100
409,29,161,57,44,45,160,232,215,59
409,30,9,74,239,40,12,60,36,140
409,31,197,24,220,165,10,16,238,1
409,32,226,132,66,5,32,217,212,63
409,33,225,137,39,210,199,122,112,27
409,34,74,29,108,27,192,234,120,65
409,35,27,19,239,60,194,203,14,38
409,36,222,11,29,252,60,159,106,149
409,37,227,139,118,218,144,4,254,33
409,38,239,64,190,131,109,25,252,222
409,39,186,235,190,222,218,208,118,168
410,0,193,167,38,54,94,44,130,176
410,1,122,201,117,105,238,58,249,181
410,2,204,176,140,54,225,186,51,241
410,3,91,35,34,128,103,183,74,47
410,4,187,179,246,145,237,184,114,183
410,5,145,226,0,239,245,224,237,196
410,6,12,98,219,124,118,239,30,218
410,7,118,88,142,225,22,75,213,106
410,8,53,148,195,59,111,113,248,192
410,9,99,63,53,116,134,209,248,126
410,10,176,23,217,144,116,29,123,127
410,11,204,42,134,56,135,214,110,141
410,12,10,2,163,116,50,21,238,244
410,13,34,158,208,130,205,212,45,170
410,14,132,173,34,161,162,44,248,21
410,15,74,206,90,12,147,145,129,122
410,16,191,74,234,24,172,195,59,250
410,17,161,69,244,8,210,140,233,4
410,18,77,54,143,98,58,52,91,119
410,19,208,124,171,59,115,61,129,219
410,20,53,148,161,143,100,171,150,118
410,21,99,143,214,135,251,195,32,207
410,22,160,245,116,178,176,229,194,103
410,23,80,56,242,204,146,141,173,32
410,24,244,13,213,163,116,195,229,173
410,25,34,158,208,95,205,241,252,130
410,26,132,78,17,161,21,248,214,200
410,27,206,74,100,139,195,245,182,215
410,28,74,191,87,165,173,234,171,200
410,29,161,150,165,117,220,140,89,9
410,30,77,122,4,236,191,52,127,17
410,31,61,67,241,132,137,115,77,118
410,32,33,151,8,101,30,13,47,143
410,33,192,4,81,146,166,196,197,39
410,34,16,61,120,211,114,98,181,245
410,35,194,202,36,209,11,79,142,103
410,36,188,110,235,10,154,136,78,89
410,37,111,4,163,184,39,144,124,89
410,38,103,190,252,241,131,95,191,109
410,39,120,237,81,87,222,25,191,204
411,0,71,200,21,57,33,225,147,248
411,1,129,147,172,189,224,127,103,142
411,2,54,165,225,28,72,156,181,67
411,3,48,194,200,121,193,138,76,150
411,4,140,193,244,114,32,187,83,246
411,5,109,166,226,13,108,75,237,21
411,6,98,239,219,12,160,96,103,252
411,7,213,22,142,106,188,180,141,206
411,8,195,53,245,111,106,216,148,59
411,9,53,99,248,210,148,209,63,184
411,10,44,127,123,144,79,136,23,236
411,11,45,148,135,22,80,152,181,24
411,12,126,10,68,124,91,77,167,153
411,13,34,208,255,52,167,64,78,26
411,14,132,34,173,239,248,21,130,162
411,15,74,90,145,139,111,122,206,170
411,16,191,74,24,62,195,158,172,239
411,17,161,69,210,244,204,141,217,186
411,18,58,77,64,67,100,54,225,224
411,19,24,127,95,115,240,208,34,25
411,20,148,85,53,7,118,72,98,38
411,21,99,143,195,229,233,141,105,214
411,22,245,160,26,132,107,108,197,249
411,23,80,17,44,105,241,173,216,35
411,24,244,149,116,10,176,139,243,229
411,25,34,208,170,183,58,252,195,23
411,26,132,21,173,248,44,204,227,59
411,27,0,139,90,74,221,145,169,40
411,28,191,74,25,235,197,195,172,6
411,29,150,161,1,204,59,169,93,26
411,30,180,77,222,9,132,252,61,105
411,31,154,240,95,59,191,58,118,237
411,32,127,33,224,236,163,40,230,63
411,33,96,201,177,62,187,32,179,137
411,34,254,29,150,31,112,192,34,108
411,35,53,220,60,202,14,194,19,11
411,36,154,252,188,159,178,165,16,15
411,37,158,234,199,171,237,121,1,19
411,38,239,190,175,67,135,218,25,202
411,39,87,32,140,103,56,133,252,24
412,0,29,19,48,225,2,241,239,206
412,1,251,71,55,3,100,118,56,121
412,2,61,195,91,72,143,79,221,139
412,3,137,22,147,180,45,244,72,252
412,4,200,147,203,134,140,197,132,67
412,5,0,154,108,136,222,232,237,42
412,6,12,30,98,152,7,72,219,237
412,7,75,252,141,193,206,213,22,6
412,8,53,148,50,59,108,84,192,233
412,9,99,221,58,192,160,97,134,233
412,10,21,245,162,197,74,38,135,104
412,11,74,121,183,237,144,239,223,26
412,12,10,13,242,131,2,41,48,184
412,13,34,180,167,148,132,136,208,201
412,14,21,92,132,26,130,247,68,107
412,15,97,196,90,254,139,141,69,83
412,16,203,158,191,177,63,236,182,134
412,17,161,215,69,74,45,44,119,243
412,18,199,99,54,77,100,129,239,172
412,19,24,23,248,186,238,235,246,90
412,20,53,50,148,223,172,246,11,12
412,21,58,99,214,55,121,141,177,45
412,22,21,245,78,249,29,38,255,229
412,23,74,40,237,155,224,219,24,121
412,24,41,92,242,127,144,244,184,91
412,25,34,180,119,194,104,132,241,136
412,26,21,0,17,29,219,92,132,68
412,27,97,141,189,83,139,69,45,247
412,28,203,191,255,158,245,14,151,66
412,29,161,215,44,59,69,45,175,10
412,30,99,239,129,74,77,54,47,36
412,31,114,23,90,125,194,26,254,98
412,32,136,157,32,120,63,26,30,133
412,33,87,161,137,61,225,199,112,38
412,34,108,13,163,99,120,41,122,171
412,35,195,19,106,60,64,215,30,155
412,36,55,60,29,190,170,16,224,77
412,37,247,180,243,234,252,254,127,148
412,38,206,239,252,237,165,6,67,62
412,39,193,57,81,100,253,211,224,90
413,0,119,9,227,125,118,186,131,198
413,1,102,160,65,207,12,88,99,36
413,2,48,24,37,25,148,136,97,184
413,3,5,189,162,222,229,137,48,102
413,4,248,211,32,101,181,247,72,200
413,5,56,244,21,29,17,75,108,226
413,6,98,219,12,211,179,53,222,41
413,7,213,141,225,241,188,206,22,90
413,8,195,53,111,148,106,59,240,245
413,9,122,248,155,210,135,136,63,99
413,10,144,44,127,123,79,78,60,136
413,11,135,45,152,226,80,24,46,42
413,12,126,10,124,167,91,68,70,235
413,13,34,208,78,205,146,119,64,132
413,14,132,173,248,204,21,162,34,239
413,15,74,90,145,139,235,206,170,212
413,16,191,172,74,24,158,25,62,104
413,17,161,69,210,233,244,204,116,186
413,18,77,176,54,58,224,100,64,98
413,19,24,95,115,208,127,180,25,129
413,20,148,53,195,72,118,85,223,233
413,21,99,143,233,195,214,229,252,162
413,22,160,149,245,223,108,7,147,92
413,23,80,32,180,204,105,2,78,40
413,24,10,127,244,161,21,184,239,196
413,25,34,58,208,83,170,135,180,136
413,26,132,248,21,130,59,17,173,84
413,27,74,145,92,139,90,212,98,184
413,28,74,191,172,37,165,183,25,200
413,29,161,150,69,233,204,32,192,10
413,30,77,176,64,140,175,21,111,9
413,31,95,115,180,125,240,129,67,101
413,32,33,246,255,236,32,219,7,87
413,33,192,146,7,123,4,88,110,137
413,34,16,254,247,123,246,61,120,155
413,35,53,202,194,60,235,236,14,130
413,36,188,110,154,78,60,157,80,160
413,37,163,199,165,226,219,52,140,238
413,38,239,103,175,166,191,206,252,137
413,39,120,25,81,245,118,10,159,103
414,0,206,212,218,136,131,67,15,169
414,1,184,119,28,94,65,91,156,154
414,2,48,177,24,25,37,211,175,112
414,3,189,185,57,245,48,239,164,181
414,4,140,187,84,244,155,101,134,199
414,5,173,13,128,80,108,4,237,0
414,6,12,218,30,98,237,54,0,219
414,7,33,175,22,88,118,75,72,183
414,8,195,53,216,148,38,59,106,111
414,9,77,99,43,38,222,195,158,143
414,10,23,21,61,28,245,148,83,126
414,11,178,74,136,183,26,121,140,243
414,12,242,10,149,248,73,126,27,5
414,13,34,58,208,37,180,170,136,153
414,14,184,50,204,132,223,105,228,164
414,15,235,139,92,69,223,74,141,55
414,16,91,172,104,182,191,203,25,18
414,17,44,161,109,69,119,192,116,186
414,18,77,239,0,138,227,167,224,99
414,19,163,24,115,90,246,23,212,95
414,20,53,195,148,113,245,248,50,158
414,21,99,38,1,143,135,229,55,195
414,22,23,148,61,147,60,248,172,254
414,23,178,123,184,32,81,239,183,161
414,24,10,44,244,5,213,69,117,0
414,25,34,136,104,119,58,180,91,71
414,26,184,132,21,102,204,50,223,253
414,27,235,139,141,189,69,98,22,1
414,28,91,151,172,203,191,104,209,158
414,29,161,44,109,192,57,69,119,215
414,30,77,239,9,0,180,222,12,224
414,31,163,23,115,212,95,58,122,197
414,32,255,226,132,3,217,108,32,212
414,33,110,43,85,79,158,112,51,177
414,34,74,27,108,20,2,218,193,25
414,35,239,60,27,220,14,64,53,194
414,36,222,20,192,61,93,149,99,190
414,37,5,72,65,19,171,2,186,96
414,38,64,61,239,191,153,16,180,145
414,39,228,115,218,76,237,86,152,148
415,0,190,253,235,208,158,221,141,115
415,1,184,58,113,180,145,7,137,21
415,2,176,225,161,98,74,24,51,67
415,3,35,91,34,128,83,231,64,140
415,4,187,81,140,135,128,183,7,130
415,5,224,78,41,145,85,184,99,56
415,6,12,54,98,218,239,121,181,60
415,7,175,118,33,5,207,106,231,123
415,8,195,113,21,106,93,59,209,158
415,9,116,38,164,126,56,195,118,191
415,10,23,36,113,248,27,83,213,191
415,11,161,183,205,243,233,178,23,123
415,12,93,87,175,44,70,253,27,243
415,13,147,121,34,58,104,97,11,33
415,14,184,20,204,223,132,0,50,178
415,15,235,139,200,98,147,81,92,223
415,16,172,91,191,104,158,25,89,204
415,17,161,69,44,109,76,192,172,169
415,18,239,77,0,138,179,92,42,9
415,19,163,115,90,212,25,122,24,235
415,20,195,53,148,113,85,234,72,201
415,21,99,38,164,116,1,135,29,177
415,22,23,148,113,172,147,149,86,245
415,23,161,178,32,117,17,44,72,197
415,24,10,161,149,63,44,21,183,26
415,25,34,58,45,170,43,222,147,248
415,26,184,20,204,44,132,253,148,173
415,27,235,200,98,81,223,147,227,93
415,28,172,91,25,133,151,104,158,115
415,29,44,109,69,161,76,36,186,121
415,30,0,239,138,155,224,77,98,156
415,31,163,212,122,115,116,227,148,177
415,32,255,226,181,108,241,217,63,212
415,33,110,43,85,79,115,210,93,187
415,34,27,74,132,122,108,14,65,244
415,35,239,27,60,64,220,38,19,48
415,36,20,222,192,75,61,101,149,29
415,37,39,5,2,24,19,88,86,66
415,38,64,109,67,140,202,18,16,134
415,39,186,190,154,11,19,218,41,128
416,0,193,167,38,54,94,44,130,176
416,1,122,201,117,238,105,58,249,38
416,2,54,186,204,225,241,140,181,51
416,3,91,35,34,128,103,183,220,74
416,4,179,237,187,41,246,114,81,145
416,5,145,224,239,226,85,159,29,255
416,6,98,118,124,219,12,96,198,181
416,7,213,142,141,118,88,145,106,225
416,8,195,113,53,106,148,59,248,84
416,9,116,126,38,99,113,239,192,132
416,10,100,175,21,115,27,50,11,191
416,11,23,253,51,140,36,205,224,90
416,12,4,117,92,126,184,10,144,41
416,13,34,104,33,11,105,58,142,4
416,14,132,147,173,34,223,50,21,184
416,15,141,235,189,139,74,90,158,92
416,16,151,191,156,172,203,104,158,176
416,17,161,44,69,109,192,210,110,215
416,18,77,128,224,199,58,54,9,64
416,19,115,24,12,180,95,192,163,23
416,20,53,148,195,113,85,174,72,105
416,21,99,116,38,126,233,143,229,1
416,22,245,166,21,27,248,190,217,241
416,23,140,121,36,173,23,105,223,233
416,24,10,244,149,213,195,176,184,214
416,25,34,104,11,58,208,33,119,170
416,26,132,21,163,253,200,219,147,130
416,27,139,235,141,189,145,193,74,90
416,28,203,191,151,172,209,25,101,104
416,29,44,161,109,192,57,210,73,219
416,30,77,9,128,199,60,222,92,47
416,31,180,115,95,212,16,50,12,89
416,32,132,226,217,133,108,255,230,241
416,33,51,50,85,110,112,87,218,79
416,34,186,254,123,27,150,218,29,76
416,35,53,14,60,220,202,239,58,11
416,36,154,135,188,78,252,254,4,60
416,37,199,213,39,158,52,1,129,163
416,38,239,190,175,109,60,202,159,55
416,39,25,252,235,56,187,118,76,87
417,0,71,200,57,33,147,67,248,206
417,1,129,147,224,172,189,103,127,142
417,2,54,165,28,225,67,156,206,161
417,3,194,121,48,200,76,150,137,193
417,4,140,193,114,83,32,244,41,246
417,5,166,109,13,72,75,226,138,24
417,6,98,96,239,252,179,160,219,181
417,7,213,22,142,106,217,225,162,141
417,8,195,53,245,106,148,59,111,216
417,9,99,148,53,192,43,163,126,195
417,10,104,21,183,126,61,93,199,175
417,11,253,140,205,183,74,41,224,90
417,12,212,144,4,126,117,10,92,41
417,13,34,58,251,26,208,84,243,33
417,14,132,147,0,223,34,162,21,110
417,15,141,139,235,74,90,124,66,184
417,16,151,191,203,124,156,172,104,176
417,17,161,44,69,192,110,57,186,210
417,18,77,128,54,92,224,199,58,9
417,19,180,24,115,95,12,50,94,246
417,20,53,148,195,72,118,161,223,24
417,21,99,143,148,233,214,229,252,126
417,22,245,38,217,126,248,21,93,161
417,23,140,121,36,205,105,233,184,40
417,24,244,10,13,213,212,195,41,243
417,25,34,208,33,104,136,248,241,91
417,26,132,21,130,200,248,147,34,163
417,27,139,141,74,145,189,92,203,124
417,28,191,203,151,124,172,101,209,158
417,29,161,44,192,57,69,73,215,167
417,30,77,92,128,9,145,241,199,144
417,31,180,50,95,115,212,133,125,191
417,32,132,241,133,255,73,204,230,67
417,33,51,50,110,66,106,87,177,146
417,34,254,123,150,218,29,66,27,76
417,35,53,14,202,11,60,194,220,58
417,36,154,135,188,78,254,4,178,252
417,37,199,213,1,52,171,219,103,158
417,38,239,190,175,60,135,189,25,202
417,39,87,32,184,252,150,195,56,133
418,0,139,211,77,29,23,225,224,26
418,1,149,55,9,92,118,89,65,85
418,2,91,143,195,72,79,221,77,32
418,3,22,167,137,93,182,201,56,180
418,4,134,140,147,233,132,200,153,175
418,5,0,164,108,154,237,222,60,173
418,6,12,30,152,7,237,72,233,240
418,7,142,75,225,39,183,166,252,213
418,8,53,148,72,50,59,195,84,233
418,9,134,1,221,99,58,32,3,237
418,10,217,21,135,245,38,162,172,92
418,11,121,230,237,143,117,154,223,194
418,12,10,13,92,50,23,38,126,18
418,13,34,180,148,58,208,215,248,212
418,14,17,132,223,21,29,164,102,34
418,15,97,42,6,90,235,74,124,206
418,16,203,191,234,172,163,176,158,254
418,17,69,44,161,192,215,210,209,217
418,18,77,129,239,54,99,195,199,146
418,19,24,144,239,115,95,90,180,125
418,20,53,172,148,195,50,72,24,11
418,21,99,32,58,214,229,1,237,233
418,22,38,135,21,245,217,233,92,223
418,23,121,237,166,117,40,155,184,61
418,24,10,92,244,158,126,195,240,144
418,25,34,215,0,87,208,58,194,180
418,26,132,163,21,17,0,102,130,50
418,27,141,97,139,124,74,92,69,247
418,28,203,191,158,172,254,34,88,234
418,29,44,161,69,215,192,9,209,45
418,30,129,99,77,239,241,92,152,130
418,31,114,174,144,115,180,133,95,212
418,32,123,78,157,233,67,109,136,92
418,33,87,61,66,106,110,204,167,146
418,34,13,121,154,254,244,66,150,214
418,35,114,14,53,60,27,171,115,155
418,36,213,154,192,196,7,32,140,16
418,37,132,1,92,186,63,165,180,2
418,38,239,175,68,67,143,196,207,8
418,39,57,166,235,91,90,255,253,8
419,0,119,9,227,186,125,118,59,85
419,1,102,160,57,239,207,171,108,25
419,2,37,25,66,175,22,14,229,48
419,3,137,5,229,48,67,153,193,19
419,4,200,181,28,140,101,72,248,114
419,5,108,154,149,0,75,63,226,175
419,6,30,12,72,120,237,98,249,219
419,7,175,118,75,33,217,26,129,142
419,8,53,195,148,240,59,213,106,214
419,9,99,193,1,60,237,192,109,205
419,10,172,135,38,245,223,147,21,4
419,11,121,178,117,5,194,84,144,223
419,12,10,92,240,38,73,18,152,144
419,13,34,58,215,148,208,117,21,87
419,14,132,171,188,92,21,223,163,68
419,15,235,97,74,223,139,173,90,168
419,16,34,191,25,176,172,255,120,104
419,17,44,192,56,69,209,217,215,210
419,18,77,129,239,9,8,47,140,113
419,19,115,174,144,90,153,24,95,127
419,20,195,148,53,85,11,216,106,228
419,21,99,229,237,209,1,192,214,228
419,22,70,38,135,190,172,54,21,137
419,23,121,178,117,44,159,136,166,63
419,24,10,242,149,115,50,240,87,38
419,25,34,45,121,87,161,215,0,91
419,26,50,132,92,163,200,171,219,94
419,27,139,69,141,97,235,173,221,0
419,28,34,191,203,158,120,209,236,39
419,29,44,69,161,13,192,125,56,45
419,30,77,40,241,9,140,99,8,25
419,31,174,90,89,197,115,16,212,194
419,32,136,233,73,115,217,45,66,63
419,33,87,106,204,112,187,137,66,19
419,34,244,108,192,223,154,66,243,6
419,35,64,27,14,19,30,105,225,60
419,36,29,192,213,84,163,190,99,229
419,37,172,5,33,243,37,119,212,63
419,38,68,175,239,115,222,182,125,37
419,39,25,191,7,91,67,185,76,118
420,0,218,212,67,169,136,194,116,225
420,1,28,94,184,119,127,91,160,240
420,2,22,37,25,211,66,175,177,48
420,3,245,239,185,126,19,229,164,193
420,4,140,101,187,146,155,28,134,205
420,5,128,108,173,13,0,237,154,4
420,6,12,30,218,237,69,98,202,249
420,7,175,33,75,88,118,183,227,39
420,8,195,53,38,148,59,216,72,106
420,9,99,77,134,1,60,121,237,43
420,10,217,23,148,21,54,245,38,61
420,11,178,117,121,5,105,140,26,79
420,12,10,149,240,213,248,242,32,184
420,13,34,58,208,170,241,176,20,82
420,14,184,132,223,17,92,248,50,171
420,15,235,90,139,74,168,97,32,173
420,16,191,25,91,172,104,176,203,1
420,17,44,69,192,210,119,161,217,196
420,18,239,77,224,54,99,47,199,222
420,19,163,115,127,24,90,212,95,23
420,20,53,195,148,85,237,113,105,223
420,21,99,77,38,214,1,118,143,233
420,22,23,38,217,148,149,245,113,61
420,23,178,117,166,105,161,44,121,136
420,24,149,10,242,213,161,21,109,244
420,25,34,58,45,170,71,144,208,61
420,26,184,132,163,50,92,17,102,253
420,27,235,98,173,139,74,228,170,147
420,28,91,172,151,104,25,191,133,115
420,29,44,109,69,192,119,76,161,36
420,30,239,0,77,224,138,222,99,58
420,31,163,115,212,122,192,95,46,177
420,32,255,226,108,181,204,3,139,241
420,33,43,110,85,79,66,187,60,90
420,34,27,74,132,20,244,108,218,6
420,35,27,239,64,14,168,17,128,33
420,36,222,20,192,93,226,101,220,99
420,37,5,72,65,171,2,74,19,96
420,38,64,67,8,36,16,143,193,191
420,39,228,154,11,247,163,128,7,60
421,0,190,253,235,208,158,221,141,115
421,1,184,58,113,180,145,47,7,137
421,2,176,225,66,229,98,163,156,14
421,3,35,91,34,128,231,83,77,64
421,4,187,140,183,135,81,234,91,224
421,5,224,145,41,78,132,184,99,72
421,6,12,237,218,30,210,98,121,54
421,7,175,118,33,5,22,207,75,88
421,8,195,53,113,59,100,93,160,209
421,9,116,38,126,164,99,192,60,56
421,10,248,191,21,23,76,83,13,11
421,11,178,140,233,205,127,183,36,123
421,12,93,242,10,85,92,149,87,201
421,13,34,105,11,58,104,45,4,82
421,14,50,184,132,223,204,105,20,147
421,15,189,235,173,147,195,92,98,139
421,16,151,203,158,172,91,236,204,117
421,17,44,109,119,69,57,34,95,186
421,18,77,0,239,128,137,224,179,113
421,19,163,212,115,214,23,116,246,122
421,20,195,113,53,245,105,148,234,174
421,21,116,38,164,1,143,209,43,99
421,22,23,113,44,127,255,36,43,83
421,23,161,178,243,26,205,177,102,123
421,24,44,10,93,27,149,195,242,63
421,25,34,161,11,61,45,119,136,170
421,26,20,184,148,204,0,50,107,219
421,27,235,200,98,147,173,139,154,81
421,28,172,91,133,151,104,43,115,158
421,29,44,109,76,69,161,36,119,111
421,30,0,224,77,239,138,155,58,88
421,31,212,163,115,122,192,116,95,148
421,32,226,255,108,181,241,204,161,119
421,33,43,85,79,110,93,210,158,44
421,34,27,74,132,254,20,52,244,218
421,35,239,27,14,64,160,168,128,206
421,36,20,222,192,232,101,133,93,220
421,37,5,39,2,88,74,19,80,24
421,38,64,109,140,121,67,202,18,134
421,39,186,154,190,11,218,247,58,128
422,0,38,54,167,44,112,53,244,193
422,1,188,201,58,122,184,103,105,117
422,2,74,219,29,100,27,140,11,129
422,3,34,91,128,35,129,230,26,103
422,4,140,28,128,205,187,130,6,153
422,5,78,152,65,41,15,193,154,127
422,6,60,210,153,31,68,54,121,218
422,7,175,118,117,49,78,123,39,64
422,8,195,113,116,234,99,72,245,73
422,9,38,116,164,191,99,1,77,239
422,10,113,148,27,198,125,36,23,169
422,11,161,63,178,32,189,243,233,183
422,12,44,10,93,161,74,63,21,87
422,13,45,147,34,58,11,145,97,170
422,14,184,20,204,132,223,253,164,90
422,15,235,147,200,98,139,92,81,195
422,16,172,91,104,25,191,117,158,133
422,17,44,69,161,109,192,76,116,172
422,18,77,138,0,239,92,179,42,224
422,19,163,115,212,24,122,90,180,106
422,20,195,53,113,148,85,237,72,234
422,21,38,1,164,99,143,193,135,29
422,22,23,148,113,147,172,149,169,198
422,23,161,32,178,117,193,44,17,189
422,24,161,44,63,10,74,21,149,142
422,25,34,58,45,170,11,43,248,83
422,26,20,184,204,148,132,253,191,90
422,27,235,98,200,147,81,173,139,223
422,28,172,133,91,151,104,43,117,176
422,29,44,76,109,36,250,161,69,1
422,30,138,239,0,179,224,77,163,32
422,31,163,122,116,212,115,164,109,205
422,32,226,255,181,119,241,161,90,63
422,33,85,43,110,93,79,86,129,27
422,34,186,74,27,52,132,244,20,14
422,35,239,245,14,128,235,64,232,47
422,36,20,232,93,133,101,217,75,99
422,37,39,24,5,74,33,165,19,70
422,38,64,109,249,121,140,176,186,143
422,39,154,58,235,162,247,11,151,186
423,0,229,7,112,140,216,182,200,173
423,1,243,188,58,250,163,129,128,112
423,2,74,100,72,219,29,140,27,245
423,3,59,235,129,230,26,187,73,113
423,4,163,128,108,130,87,248,229,144
423,5,78,193,88,41,65,50,127,90
423,6,60,210,153,22,54,83,31,138
423,7,185,29,64,23,117,78,49,175
423,8,116,234,99,195,89,239,180,133
423,9,164,38,2,99,36,191,29,170
423,10,113,198,169,27,125,36,65,130
423,11,63,189,161,86,178,108,193,172
423,12,74,63,44,93,26,199,15,87
423,13,97,147,45,43,134,145,212,93
423,14,20,124,204,86,51,184,148,32
423,15,147,200,81,23,98,162,181,31
423,16,5,133,117,196,91,106,172,43
423,17,76,172,250,1,44,0,89,61
423,18,0,179,57,43,187,50,138,85
423,19,109,122,163,88,20,205,116,183
423,20,234,195,239,99,83,179,185,180
423,21,164,191,29,94,38,31,207,1
423,22,113,198,169,130,23,255,70,247
423,23,161,189,174,98,62,86,22,17
423,24,74,63,26,44,160,15,93,188
423,25,147,43,45,134,152,160,182,6
423,26,20,148,124,51,32,204,86,198
423,27,200,23,81,147,162,169,58,181
423,28,133,43,5,32,151,117,196,36
423,29,76,1,87,250,0,172,69,16
423,30,179,0,163,187,16,205,91,81
423,31,205,109,4,116,39,59,88,122
423,32,181,90,119,134,131,47,161,186
423,33,86,126,183,129,43,92,238,83
423,34,91,96,84,207,86,62,74,35
423,35,160,57,235,145,128,237,42,64
423,36,70,120,222,181,248,25,165,93
423,37,72,65,190,58,31,182,19,96
423,38,151,180,237,159,148,67,202,70
423,39,228,190,38,50,217,2,174,58
424,0,132,158,190,125,141,81,115,237
424,1,244,93,155,182,197,188,82,233
424,2,241,29,140,119,27,57,172,93
424,3,187,133,235,190,118,113,199,37
424,4,128,142,236,91,58,222,0,163
424,5,193,47,78,135,127,65,41,90
424,6,153,60,206,138,22,196,143,215
424,7,117,29,185,23,64,78,229,123
424,8,116,234,99,180,239,57,77,4
424,9,164,239,191,2,36,59,161,126
424,10,125,65,198,169,185,247,36,23
424,11,161,128,206,160,189,108,86,62
424,12,93,74,134,254,44,145,63,60
424,13,32,147,134,154,182,74,66,43
424,14,88,137,148,32,189,125,124,51
424,15,148,200,242,162,58,243,147,81
424,16,134,51,133,174,106,5,43,252
424,17,198,0,76,89,250,87,211,37
424,18,43,134,163,179,127,124,0,161
424,19,116,36,20,121,109,195,1,191
424,20,99,173,239,237,234,4,20,164
424,21,164,191,161,127,117,126,197,239
424,22,125,176,185,198,169,243,150,65
424,23,206,128,9,86,193,22,254,189
424,24,235,93,74,145,209,85,226,134
424,25,182,134,154,185,147,95,121,93
424,26,88,148,137,103,32,177,214,41
424,27,242,31,181,58,147,165,87,200
424,28,93,75,43,150,238,134,133,163
424,29,0,87,76,124,15,74,250,16
424,30,163,195,43,161,134,226,217,179
424,31,20,116,36,154,121,109,26,75
424,32,252,119,112,181,150,90,53,218
424,33,184,92,93,210,129,43,164,16
424,34,231,26,85,82,133,92,96,132
424,35,42,84,72,57,174,160,86,204
424,36,83,222,22,221,75,205,70,20
424,37,182,138,39,88,229,36,77,40
424,38,151,64,249,148,140,202,254,237
424,39,186,190,38,154,11,217,69,151
425,0,43,238,252,147,95,25,165,112
425,1,250,224,46,172,129,103,147,19
425,2,49,29,140,119,20,106,27,245
425,3,233,26,230,4,117,103,130,174
425,4,81,229,9,183,89,224,5,213
425,5,188,78,43,127,110,90,180,65
425,6,60,206,68,138,143,208,101,97
425,7,117,65,229,78,145,176,142,15
425,8,116,104,239,99,180,173,23,73
425,9,126,113,171,160,2,255,191,59
425,10,157,185,65,115,173,199,139,125
425,11,181,206,133,62,86,128,47,108
425,12,44,249,54,74,93,199,62,235
425,13,134,6,61,138,147,182,32,154
425,14,86,148,147,51,32,125,88,47
425,15,162,181,200,147,58,148,166,46
425,16,133,43,151,170,156,134,252,51
425,17,5,76,57,89,15,87,108,153
425,18,226,179,204,124,192,43,77,155
425,19,12,109,19,120,167,205,122,243
425,20,239,99,180,207,133,185,179,195
425,21,126,191,207,164,2,155,85,35
425,22,157,236,234,199,161,248,247,127
425,23,140,189,181,133,62,206,111,128
425,24,44,93,220,235,39,74,199,54
425,25,6,134,35,61,33,15,152,219
425,26,148,86,51,147,118,137,88,214
425,27,200,162,165,147,181,98,58,46
425,28,43,133,151,24,170,156,72,168
425,29,5,57,76,1,87,158,0,89
425,30,226,192,163,179,77,91,139,135
425,31,12,167,109,59,30,116,191,228
425,32,223,181,178,119,47,245,90,206
425,33,83,129,74,215,86,93,92,81
425,34,241,1,252,21,116,176,86,186
425,35,160,167,235,202,218,97,42,57
425,36,70,248,153,188,98,120,136,166
425,37,62,58,229,175,111,145,101,215
425,38,166,117,159,252,35,233,147,143
425,39,238,235,81,95,45,223,169,67
426,0,206,209,43,104,30,95,147,105
426,1,47,46,155,188,249,197,156,118
426,2,245,20,231,73,82,85,186,204
426,3,117,119,233,229,178,173,145,196
426,4,184,246,195,5,20,87,150,97
426,5,159,79,127,180,145,158,198,32
426,6,206,230,254,7,199,124,12,21
426,7,142,185,175,188,47,148,106,221
426,8,53,195,148,72,85,59,239,185
426,9,99,203,126,1,143,53,201,60
426,10,23,115,21,217,43,176,127,132
426,11,204,32,42,181,239,183,12,58
426,12,10,167,116,161,21,163,70,51
426,13,34,45,58,212,208,170,145,5
426,14,204,132,161,173,165,214,248,162
426,15,147,235,74,98,90,139,206,145
426,16,172,191,74,112,104,24,117,158
426,17,44,69,233,161,109,1,116,210
426,18,77,138,224,92,226,54,137,98
426,19,115,122,95,180,208,24,212,148
426,20,195,53,148,161,72,85,12,150
426,21,99,143,1,233,229,195,214,150
426,22,147,149,160,217,136,148,86,224
426,23,32,80,140,105,63,173,44,183
426,24,161,21,10,116,127,220,176,201
426,25,34,58,45,170,208,15,6,145
426,26,204,132,44,59,21,253,90,227
426,27,235,98,147,74,37,139,221,14
426,28,172,191,25,47,24,117,197,72
426,29,150,44,161,1,158,69,233,192
426,30,77,175,138,226,225,91,71,192
426,31,95,115,59,212,122,88,240,180
426,32,33,255,236,47,241,178,247,32
426,33,192,74,75,81,12,146,244,215
426,34,16,246,252,10,218,123,254,27
426,35,202,235,167,14,11,36,254,53
426,36,188,154,110,244,78,153,248,232
426,37,103,199,163,13,59,58,238,19
426,38,103,148,92,121,239,82,252,191
426,39,238,58,189,247,235,22,169,95
427,0,206,32,168,95,255,181,238,34
427,1,201,140,122,77,137,249,46,20
427,2,204,20,218,245,82,49,231,215
427,3,117,119,178,233,103,143,145,204
427,4,81,193,246,130,249,183,89,150
427,5,255,85,76,32,159,230,166,229
427,6,7,124,118,230,160,206,53,199
427,7,142,221,165,148,136,188,47,145
427,8,53,195,148,59,111,106,100,239
427,9,113,99,201,126,60,184,53,235
427,10,21,115,127,44,23,231,43,215
427,11,181,204,183,45,42,32,51,253
427,12,213,10,70,126,167,212,53,116
427,13,34,5,58,119,208,212,45,146
427,14,132,204,88,173,34,248,161,164
427,15,235,98,74,147,139,90,124,247
427,16,172,191,112,104,176,74,39,25
427,17,44,161,69,1,233,109,116,192
427,18,77,138,224,83,92,9,140,133
427,19,115,212,95,180,122,24,129,150
427,20,195,53,148,85,72,105,161,237
427,21,1,99,229,143,28,177,193,195
427,22,147,148,132,160,149,207,32,168
427,23,32,80,17,44,140,105,117,98
427,24,21,10,116,161,149,38,176,183
427,25,34,58,21,45,170,15,145,6
427,26,204,59,132,44,90,253,71,187
427,27,98,235,147,37,227,139,173,29
427,28,172,24,72,151,47,120,156,203
427,29,158,1,150,5,44,161,36,169
427,30,226,138,77,192,91,175,61,80
427,31,59,122,212,12,95,137,191,143
427,32,245,255,223,178,47,206,124,158
427,33,74,190,81,223,230,215,254,41
427,34,116,1,176,246,82,186,10,85
427,35,202,167,224,36,69,206,97,47
427,36,70,188,153,136,129,217,166,144
427,37,58,104,103,22,199,124,147,218
427,38,92,148,118,27,127,79,230,212
427,39,238,38,243,70,58,242,189,78
428,0,88,95,173,140,112,43,238,200
428,1,181,152,47,172,147,127,20,249
428,2,62,218,20,82,186,245,197,132
428,3,117,233,76,150,103,119,194,178
428,4,193,9,62,199,27,5,0,72
428,5,230,189,87,15,29,13,166,198
428,6,118,160,208,53,63,97,110,98
428,7,145,176,136,55,165,9,155,221
428,8,239,245,185,106,237,111,104,228
428,9,113,53,60,126,200,201,224,112
428,10,215,122,129,100,22,227,21,115
428,11,183,181,51,149,28,133,126,224
428,12,62,212,199,53,102,220,164,144
428,13,6,15,251,145,138,5,177,233
428,14,204,88,41,52,214,106,147,161
428,15,147,98,165,235,46,181,247,195
428,16,172,151,39,156,24,158,51,112
428,17,5,44,1,69,109,57,158,99
428,18,77,226,138,204,192,60,172,83
428,19,122,212,115,88,143,208,117,12
428,20,195,148,53,239,72,185,133,161
428,21,207,99,1,143,229,141,162,85
428,22,236,234,147,132,157,161,156,122
428,23,140,32,60,204,133,98,183,44
428,24,116,220,199,161,212,21,39,188
428,25,6,145,45,15,35,21,219,208
428,26,204,132,214,161,90,52,198,200
428,27,98,147,235,139,37,206,228,233
428,28,72,24,120,172,203,156,117,227
428,29,5,1,158,57,69,44,36,26
428,30,226,192,77,138,91,175,128,170
428,31,59,122,12,191,212,95,137,143
428,32,223,245,255,178,47,206,158,124
428,33,74,190,81,41,93,16,65,215
428,34,116,82,176,1,246,10,252,21
428,35,202,167,224,36,14,97,244,235
428,36,70,188,153,129,239,136,78,154
428,37,104,58,22,103,124,199,147,182
428,38,27,148,92,118,127,79,212,59
428,39,110,243,38,70,58,78,242,12
429,0,62,124,236,211,155,4,231,224
429,1,120,195,193,124,202,83,33,245
429,2,60,49,193,3,77,253,255,208
429,3,11,177,30,197,25,167,219,199
429,4,154,152,88,28,160,192,250,193
429,5,153,251,91,62,50,136,170,115
429,6,82,14,79,209,168,156,49,68
429,7,185,76,32,35,142,158,171,78
429,8,53,133,216,148,72,23,220,207
429,9,207,99,1,198,143,229,161,61
429,10,234,122,207,165,132,116,242,99
429,11,164,111,85,59,60,231,204,82
429,12,212,210,228,116,39,191,208,142
429,13,219,145,19,6,212,15,95,251
429,14,190,52,204,106,167,88,161,177
429,15,147,124,49,184,181,98,62,141
429,16,101,170,252,102,0,190,53,230
429,17,89,96,20,242,158,124,200,1
429,18,226,77,192,204,250,13,60,91
429,19,30,177,10,122,76,137,253,59
429,20,216,195,173,185,133,72,207,148
429,21,207,136,53,131,230,251,213,177
429,22,234,116,165,78,122,227,157,207
429,23,181,60,14,253,85,15,204,111
429,24,39,212,167,81,238,220,195,15
429,25,219,41,6,13,95,251,20,152
429,26,217,52,231,106,86,167,197,214
429,27,125,49,147,177,89,124,162,4
429,28,101,170,230,24,252,120,72,250
429,29,96,158,19,20,89,1,15,142
429,30,226,192,250,108,137,105,139,132
429,31,157,191,30,158,177,243,226,124
429,32,146,12,19,76,245,178,123,173
429,33,75,56,74,136,139,241,84,16
429,34,166,195,191,160,72,108,165,121
429,35,43,97,185,140,0,78,69,41
429,36,125,76,26,19,165,16,7,85
429,37,58,71,86,16,66,121,178,74
429,38,92,120,252,254,65,159,21,173
429,39,189,44,235,22,107,67,249,223
430,0,204,199,62,174,124,161,13,211
430,1,49,162,245,193,33,174,23,211
430,2,252,253,20,71,207,95,35,191
430,3,17,173,25,73,11,79,4,43
430,4,148,154,44,152,90,221,192,43
430,5,153,115,236,2,251,198,183,50
430,6,157,79,14,49,57,156,161,209
430,7,76,223,158,185,32,171,20,35
430,8,220,216,164,159,207,224,23,61
430,9,197,207,198,131,229,255,174,85
430,10,122,234,157,165,219,132,19,8
430,11,85,111,133,3,164,220,14,59
430,12,212,228,191,210,220,39,237,116
430,13,219,6,199,113,176,145,15,93
430,14,52,190,167,86,106,214,231,217
430,15,181,166,162,33,147,24,98,122
430,16,101,170,156,231,252,212,190,120
430,17,158,153,15,57,20,89,5,164
430,18,226,192,204,77,130,60,37,197
430,19,12,50,122,120,167,19,191,1
430,20,216,239,195,185,133,164,180,179
430,21,207,53,126,136,252,85,120,6
430,22,157,234,122,161,248,199,219,165
430,23,133,111,14,181,85,140,183,25
430,24,212,220,39,81,44,191,255,146
430,25,6,33,219,152,253,21,15,82
430,26,86,118,147,52,106,204,10,214
430,27,166,98,46,162,147,172,165,181
430,28,120,72,101,156,111,24,151,51
430,29,158,1,57,89,5,69,15,164
430,30,226,192,250,77,91,138,117,139
430,31,122,143,167,59,50,12,212,188
430,32,255,245,47,178,132,104,76,123
430,33,74,5,234,95,56,81,75,50
430,34,246,1,191,10,176,37,19,136
430,35,202,36,97,167,14,79,206,69
430,36,188,153,136,166,119,70,154,244
430,37,58,22,103,199,115,175,52,64
430,38,92,118,127,148,212,239,230,175
430,39,189,70,58,252,238,38,129,160
431,0,11,101,79,108,135,186,30,75
431,1,62,155,70,75,123,97,162,16
431,2,210,249,253,38,20,43,252,196
431,3,226,117,211,150,233,37,199,26
431,4,165,105,214,154,65,15,129,61
431,5,188,198,236,43,220,153,127,46
431,6,14,79,156,157,177,77,75,65
431,7,176,112,2,76,185,55,238,142
431,8,239,35,179,211,52,216,185,23
431,9,180,6,143,119,79,85,126,131
431,10,122,157,183,21,219,132,189,126
431,11,133,39,181,183,111,14,168,51
431,12,212,220,199,214,144,116,213,62
431,13,6,21,145,15,121,177,211,212
431,14,204,147,88,41,71,52,10,132
431,15,46,98,235,147,166,195,247,141
431,16,172,151,156,120,158,200,24,191
431,17,44,1,158,69,5,57,161,233
431,18,138,77,226,204,92,83,192,60
431,19,122,212,12,115,143,120,167,88
431,20,195,148,53,72,185,239,161,150
431,21,120,99,1,180,193,141,229,143
431,22,148,147,156,157,122,234,132,236
431,23,140,133,32,39,14,204,60,181
431,24,220,212,106,116,188,87,255,199
431,25,6,145,15,21,45,33,200,219
431,26,204,118,147,161,214,132,106,198
431,27,98,46,241,147,235,206,139,233
431,28,149,156,72,120,24,185,172,227
431,29,1,158,5,69,102,57,44,65
431,30,77,226,138,192,170,128,91,175
431,31,122,143,59,12,212,204,50,95
431,32,255,158,47,149,245,178,104,223
431,33,74,41,190,81,110,50,126,220
431,34,116,246,10,176,97,37,34,161
431,35,202,224,36,167,14,244,97,11
431,36,188,153,70,129,154,207,239,136
431,37,58,22,103,199,124,52,115,147
431,38,92,118,127,148,212,175,239,79
431,39,189,70,2,58,213,252,38,78
432,0,29,75,72,207,115,211,41,62
432,1,14,251,71,167,193,191,1,100
432,2,228,139,216,60,193,187,188,170
432,3,196,154,249,201,56,16,22,23
432,4,134,152,216,175,28,147,149,106
432,5,0,22,58,210,153,251,198,56
432,6,102,168,249,156,237,30,26,212
432,7,142,30,183,154,132,225,6,252
432,8,53,148,72,59,195,121,225,202
432,9,99,134,3,90,28,229,166,207
432,10,148,109,233,245,122,116,103,135
432,11,32,70,97,14,60,71,204,146
432,12,38,163,47,50,166,10,199,101
432,13,19,203,20,211,215,244,13,177
432,14,44,190,204,161,200,66,196,105
432,15,35,98,235,147,92,130,188,158
432,16,172,53,10,102,59,158,154,141
432,17,44,158,69,10,170,19,248,156
432,18,138,92,66,77,52,83,104,38
432,19,122,206,180,118,48,37,47,143
432,20,195,47,72,123,202,225,106,9
432,21,251,252,193,141,60,7,1,177
432,22,148,109,20,135,122,156,86,147
432,23,63,32,70,204,164,14,99,60
432,24,163,166,47,55,38,195,101,50
432,25,21,240,45,20,215,145,203,161
432,26,144,196,204,171,16,250,200,182
432,27,98,35,12,188,147,130,112,139
432,28,10,53,59,56,254,158,117,172
432,29,126,170,158,1,4,156,69,44
432,30,18,209,138,77,143,92,83,66
432,31,83,157,55,143,212,37,122,67
432,32,173,19,92,255,144,58,78,120
432,33,161,110,176,203,47,185,81,74
432,34,121,15,249,166,109,80,247,37
432,35,106,202,44,11,19,194,131,14
432,36,148,188,55,153,228,21,138,5
432,37,244,196,219,214,132,89,109,243
432,38,239,197,52,132,242,175,217,120
432,39,174,173,224,252,32,142,219,197
433,0,159,128,164,220,26,29,131,79
433,1,144,12,254,173,251,208,209,37
433,2,24,74,145,61,148,161,124,243
433,3,163,37,196,149,216,166,154,69
433,4,28,206,134,175,221,147,208,233
433,5,0,77,71,64,22,56,131,244
433,6,249,195,12,102,30,72,210,255
433,7,175,142,183,252,213,245,166,6
433,8,53,148,121,72,59,172,161,106
433,9,99,32,134,3,1,28,251,221
433,10,148,146,217,135,116,233,156,245
433,11,97,204,32,237,37,19,70,167
433,12,50,38,10,23,2,163,158,13
433,13,34,0,13,19,208,130,212,180
433,14,17,132,44,113,161,34,78,162
433,15,206,12,147,74,145,139,238,129
433,16,59,191,102,234,172,53,158,114
433,17,161,69,9,4,44,144,244,210
433,18,77,66,92,138,116,143,129,54
433,19,48,208,67,47,115,180,37,24
433,20,53,72,148,161,150,195,84,171
433,21,99,32,143,122,207,251,117,177
433,22,148,20,135,116,233,106,146,102
433,23,32,204,71,70,97,167,33,37
433,24,163,50,244,38,195,10,255,238
433,25,208,34,203,0,95,52,5,71
433,26,132,78,17,196,161,90,204,54
433,27,139,12,35,98,206,235,117,62
433,28,158,53,59,172,234,191,254,175
433,29,161,170,9,69,4,158,165,44
433,30,116,92,77,138,143,129,83,66
433,31,180,49,212,83,143,122,37,157
433,32,255,173,19,78,144,14,26,104
433,33,203,167,110,47,74,84,67,81
433,34,128,121,191,13,37,18,109,166
433,35,14,97,202,194,44,36,101,9
433,36,153,137,148,188,240,244,103,143
433,37,132,109,58,144,196,80,74,115
433,38,217,92,242,87,175,143,245,180
433,39,174,219,32,189,141,173,67,128
434,0,159,128,220,164,174,70,69,79
434,1,166,253,206,13,80,214,44,69
434,2,74,145,24,148,215,48,161,111
434,3,216,146,196,163,124,86,60,105
434,4,175,221,28,134,206,147,141,100
434,5,22,0,71,56,77,58,244,243
434,6,249,30,72,12,195,102,210,26
434,7,175,142,38,39,154,245,225,18
434,8,53,72,148,195,121,59,161,133
434,9,99,1,134,44,28,149,143,168
434,10,148,135,217,147,156,116,242,122
434,11,32,218,70,204,33,237,63,167
434,12,10,38,50,199,163,188,180,240
434,13,13,145,215,248,58,45,34,19
434,14,204,132,253,164,21,55,188,113
434,15,235,98,147,195,139,92,141,12
434,16,172,160,112,104,37,191,158,234
434,17,44,62,69,161,32,158,192,1
434,18,138,77,92,129,176,140,241,99
434,19,212,115,180,122,164,99,95,48
434,20,195,148,72,53,161,162,105,118
434,21,99,1,141,32,60,195,229,143
434,22,148,147,137,86,135,217,156,20
434,23,32,63,70,204,193,218,46,167
434,24,50,161,120,163,220,38,195,11
434,25,45,101,145,71,248,208,0,21
434,26,204,132,253,90,188,213,196,55
434,27,98,235,147,12,139,28,35,173
434,28,102,53,172,254,59,117,72,219
434,29,19,158,1,44,62,170,69,94
434,30,116,226,192,197,91,138,77,225
434,31,122,49,59,212,88,143,85,191
434,32,255,245,144,109,123,47,19,14
434,33,47,167,74,61,84,203,110,68
434,34,121,191,128,18,246,13,48,195
434,35,97,36,14,202,167,9,0,10
434,36,153,26,188,171,44,16,176,76
434,37,58,115,63,175,22,163,123,162
434,38,92,118,242,0,127,93,143,111
434,39,189,77,70,219,44,197,87,141
435,0,174,211,62,13,139,217,178,231
435,1,193,123,141,30,80,52,4,14
435,2,40,207,111,234,243,158,18,215
435,3,196,126,245,69,30,43,197,40
435,4,148,28,44,121,221,152,90,175
435,5,58,153,22,50,210,0,251,198
435,6,30,249,210,26,12,237,8,14
435,7,175,185,38,39,142,5,76,227
435,8,195,148,53,72,133,85,59,106
435,9,99,229,1,143,207,199,243,179
435,10,242,137,148,122,132,147,217,234
435,11,32,174,220,63,222,218,204,44
435,12,220,116,157,199,161,11,10,208
435,13,45,21,145,212,20,15,58,211
435,14,204,253,55,164,214,188,198,16
435,15,98,235,147,195,130,37,101,92
435,16,172,190,117,120,160,53,161,255
435,17,62,21,44,1,158,69,214,20
435,18,138,226,204,77,60,130,92,192
435,19,122,212,85,88,115,143,144,197
435,20,195,148,185,72,121,28,106,133
435,21,229,1,60,203,193,207,98,141
435,22,137,242,122,148,234,156,132,86
435,23,133,220,174,63,218,111,32,98
435,24,220,11,116,81,39,15,199,87
435,25,45,21,145,19,101,219,15,20
435,26,204,231,86,52,198,10,106,214
435,27,147,98,28,162,177,154,169,165
435,28,102,24,170,193,72,250,252,106
435,29,158,62,1,21,20,19,88,153
435,30,226,197,192,91,77,204,139,250
435,31,122,59,183,88,191,212,30,63
435,32,123,19,255,47,245,85,179,237
435,33,74,95,139,84,61,166,46,68
435,34,191,121,195,1,48,246,10,240
435,35,36,97,167,114,14,202,191,9
435,36,153,26,188,129,74,44,76,68
435,37,58,229,22,238,124,115,175,21
435,38,92,118,0,127,79,212,187,119
435,39,189,197,70,44,129,78,77,242
436,0,34,101,35,197,79,9,179,48
436,1,75,155,62,151,27,123,70,47
436,2,164,109,210,90,14,155,70,59
436,3,130,252,37,77,235,183,230,204
436,4,102,15,87,241,142,214,108,154
436,5,153,186,188,198,58,220,22,127
436,6,79,14,196,43,26,249,237,8
436,7,185,199,142,158,204,47,187,227
436,8,195,53,148,72,85,239,83,59
436,9,203,99,29,207,229,1,85,143
436,10,148,132,122,147,217,207,116,21
436,11,42,32,204,111,60,44,174,98
436,12,220,10,21,116,163,161,3,51
436,13,58,208,45,34,145,170,130,219
436,14,132,204,52,44,161,54,214,248
436,15,147,98,165,235,74,206,181,124
436,16,172,191,74,73,170,117,215,238
436,17,44,109,69,233,1,158,8,95
436,18,77,226,204,224,138,161,197,22
436,19,115,122,59,88,117,192,208,197
436,20,195,148,53,72,180,185,85,113
436,21,207,99,85,131,143,161,38,88
436,22,160,234,116,132,165,207,147,156
436,23,80,111,134,32,56,140,204,60
436,24,220,81,238,39,116,161,209,163
436,25,219,45,58,37,208,95,113,130
436,26,59,231,214,52,106,132,167,161
436,27,147,165,98,177,206,217,162,100
436,28,74,24,170,72,73,47,108,26
436,29,150,1,124,158,112,36,20,200
436,30,155,197,61,226,77,3,21,17
436,31,191,220,183,138,109,154,69,238
436,32,98,90,184,255,240,63,178,237
436,33,126,86,67,227,27,210,83,39
436,34,1,116,96,252,91,61,14,207
436,35,235,245,160,57,203,48,221,232
436,36,75,165,233,217,232,171,101,248
436,37,65,51,19,61,86,68,2,72
436,38,237,159,117,18,252,140,191,176
436,39,228,10,235,45,80,168,247,81
437,0,141,235,221,208,125,253,115,81
437,1,62,217,155,152,182,82,70,197
437,2,109,95,154,220,54,153,127,123
437,3,230,26,219,233,117,252,173,49
437,4,102,15,245,214,165,144,45,142
437,5,188,90,135,43,127,184,153,198
437,6,79,14,156,157,182,138,43,196
437,7,185,117,112,23,76,64,199,123
437,8,116,239,35,99,180,83,4,57
437,9,203,116,191,197,161,2,85,131
437,10,196,157,198,122,234,132,21,88
437,11,133,42,98,111,62,174,233,128
437,12,220,93,160,15,193,39,74,81
437,13,6,29,134,15,21,45,176,211
437,14,86,52,204,10,51,214,198,125
437,15,147,172,162,181,165,98,37,235
437,16,5,120,231,170,252,106,43,172
437,17,250,89,87,20,0,153,1,166
437,18,197,204,43,226,170,124,77,161
437,19,116,109,205,122,20,195,183,88
437,20,239,99,195,164,185,4,180,179
437,21,203,191,116,207,38,239,127,85
437,22,198,157,234,169,125,236,88,247
437,23,62,189,111,128,133,42,39,193
437,24,220,93,15,74,39,54,81,209
437,25,134,6,147,45,107,219,93,182
437,26,86,51,10,204,32,214,52,198
437,27,162,147,172,165,58,181,31,98
437,28,43,5,24,170,106,72,117,9
437,29,87,250,0,5,1,153,20,69
437,30,170,197,226,77,179,163,43,16
437,31,116,109,205,4,191,122,39,20
437,32,119,90,47,134,255,223,178,185
437,33,93,83,86,129,183,92,85,238
437,34,82,1,132,96,252,207,74,86
437,35,160,235,57,84,36,27,42,167
437,36,222,70,20,120,248,153,192,83
437,37,39,229,58,143,163,61,190,24
437,38,64,151,180,92,237,67,159,148
437,39,186,190,248,154,189,11,38,127
438,0,38,54,167,193,238,112,44,244
438,1,62,140,122,105,117,217,201,103
438,2,154,217,127,153,99,54,220,209
438,3,26,230,233,12,91,130,49,183
438,4,120,144,20,174,159,130,245,184
438,5,239,255,220,160,0,229,111,230
438,6,12,230,237,98,254,7,21,219
438,7,142,175,183,225,185,106,39,47
438,8,53,148,195,59,72,85,35,161
438,9,99,1,203,150,116,229,143,63
438,10,217,96,29,183,245,43,147,148
438,11,239,42,32,111,253,254,204,110
438,12,10,220,21,53,18,83,213,146
438,13,34,58,212,208,112,45,205,180
438,14,132,173,17,191,21,44,204,162
438,15,74,235,90,147,98,170,195,141
438,16,172,191,234,24,112,74,104,228
438,17,44,69,161,233,109,116,210,215
438,18,77,224,138,54,92,83,98,60
438,19,24,115,180,95,208,90,122,212
438,20,195,53,148,105,85,72,12,118
438,21,99,143,1,233,195,229,177,228
438,22,149,147,217,183,148,224,162,136
438,23,32,80,105,140,183,193,40,173
438,24,10,21,161,127,244,13,213,116
438,25,34,58,45,170,208,11,180,83
438,26,132,21,204,253,17,173,30,248
438,27,74,235,147,98,14,145,139,206
438,28,172,191,134,117,176,25,112,104
438,29,44,161,109,1,5,192,233,69
438,30,77,197,225,175,104,98,140,170
438,31,122,115,212,95,59,88,166,167
438,32,255,223,226,236,119,47,241,178
438,33,93,85,86,83,129,74,92,81
438,34,186,252,1,10,246,82,116,132
438,35,36,235,167,202,218,14,160,57
438,36,153,70,188,248,120,181,154,78
438,37,58,22,143,39,190,124,229,238
438,38,92,148,118,127,71,212,121,175
438,39,189,248,38,154,69,2,70,58
439,0,140,43,112,173,238,200,95,30
439,1,62,140,217,146,70,181,249,155
439,2,217,167,154,43,121,11,20,72
439,3,26,117,233,230,236,113,226,121
439,4,54,45,245,144,193,120,205,58
439,5,90,188,135,43,248,230,65,166
439,6,65,14,157,143,68,138,182,79
439,7,117,70,185,176,78,229,112,54
439,8,239,35,173,116,179,104,52,99
439,9,191,203,113,197,171,180,116,255
439,10,157,88,125,27,196,39,65,183
439,11,39,181,111,42,239,98,62,41
439,12,220,193,62,151,54,93,53,85
439,13,103,29,112,138,45,212,5,176
439,14,86,52,204,93,167,231,88,214
439,15,172,147,162,181,166,46,98,165
439,16,181,231,170,24,96,172,43,47
439,17,5,44,1,69,166,89,20,198
439,18,204,77,197,226,170,159,22,91
439,19,122,109,205,88,115,212,167,59
439,20,195,239,148,179,4,164,99,185
439,21,116,191,207,203,180,1,229,38
439,22,236,157,132,27,65,125,234,88
439,23,39,42,111,140,98,62,63,181
439,24,220,116,93,43,154,39,54,81
439,25,45,6,145,29,112,138,35,253
439,26,204,86,132,52,51,214,231,198
439,27,147,162,172,98,235,169,165,102
439,28,43,24,72,47,117,172,96,5
439,29,5,1,44,250,69,222,89,87
439,30,77,170,226,91,71,197,225,175
439,31,59,122,88,167,212,115,109,95
439,32,223,255,47,90,119,236,158,178
439,33,86,190,83,232,183,238,85,129
439,34,116,252,1,10,246,207,186,56
439,35,36,235,14,167,202,218,160,129
439,36,70,153,188,181,120,248,154,78
439,37,58,22,163,190,124,143,31,67
439,38,92,148,118,71,127,212,175,121
439,39,189,248,2,38,70,69,58,213
440,0,144,92,62,4,236,66,111,234
440,1,193,202,195,182,198,255,72,124
440,2,188,92,60,150,49,217,11,110
440,3,30,177,201,126,155,56,197,218
440,4,94,152,98,28,140,132,134,43
440,5,58,50,115,153,0,210,237,136
440,6,43,92,14,237,125,12,52,30
440,7,185,175,181,142,5,227,39,183
440,8,148,195,53,85,133,246,72,59
440,9,99,1,120,143,229,156,243,207
440,10,132,207,217,147,157,190,9,99
440,11,153,17,98,15,44,32,130,223
440,12,21,10,116,161,176,220,3,201
440,13,45,34,183,145,212,58,170,208
440,14,204,132,253,164,21,57,173,228
440,15,235,248,147,98,195,139,74,92
440,16,172,230,181,183,112,117,191,160
440,17,44,69,1,233,236,161,158,152
440,18,77,69,224,83,204,108,130,226
440,19,115,212,88,122,59,164,233,95
440,20,195,148,85,53,72,151,133,118
440,21,156,99,1,193,243,143,120,229
440,22,157,147,132,207,9,0,27,217
440,23,153,15,17,44,63,130,98,32
440,24,21,106,116,220,10,191,161,15
440,25,45,155,145,183,170,208,29,168
440,26,204,132,253,83,57,44,86,201
440,27,235,248,147,98,169,36,139,227
440,28,230,24,183,117,172,47,191,197
440,29,1,44,69,236,222,65,171,213
440,30,77,69,225,175,204,91,83,45
440,31,115,95,59,88,212,122,233,240
440,32,146,195,255,236,86,247,199,47
440,33,37,97,75,36,217,94,133,146
440,34,212,255,10,246,5,90,238,187
440,35,202,49,14,36,129,53,142,254
440,36,188,153,154,234,78,227,166,160
440,37,199,22,78,103,115,52,238,175
440,38,239,175,0,127,118,215,121,93
440,39,23,70,30,252,58,16,158,34
441,0,171,117,226,185,11,187,96,232
441,1,183,96,209,40,13,223,193,81
441,2,252,94,65,35,196,191,149,169
441,3,255,170,201,216,119,252,232,9
441,4,8,152,55,123,139,119,98,239
441,5,58,50,146,153,210,0,114,194
441,6,16,43,125,3,92,2,12,237
441,7,185,175,243,227,183,5,161,81
441,8,85,148,53,195,112,72,35,133
441,9,178,239,99,1,19,143,120,254
441,10,163,132,207,190,218,217,147,61
441,11,130,18,116,17,98,142,44,15
441,12,67,21,10,11,116,161,3,176
441,13,183,200,145,45,170,29,208,34
441,14,204,132,163,38,180,253,21,164
441,15,235,240,103,147,139,98,195,74
441,16,172,183,160,181,179,104,191,147
441,17,44,69,233,161,155,1,192,152
441,18,77,241,6,83,224,176,69,225
441,19,212,115,233,122,24,180,203,88
441,20,195,148,53,72,112,85,35,174
441,21,99,239,178,1,143,254,141,243
441,22,163,147,190,217,132,172,149,148
441,23,130,17,18,142,63,121,44,223
441,24,10,149,67,21,116,161,176,6
441,25,34,170,45,208,183,112,200,145
441,26,132,204,21,163,253,44,173,248
441,27,235,240,0,227,139,36,103,147
441,28,191,172,183,197,117,25,104,179
441,29,161,69,44,1,192,65,102,219
441,30,77,225,6,83,175,45,69,4
441,31,115,95,233,88,59,240,212,122
441,32,17,236,255,194,247,89,199,7
441,33,23,87,214,217,94,146,51,82
441,34,54,10,246,187,19,58,188,254
441,35,14,196,202,142,129,53,171,103
441,36,188,154,78,253,153,0,8,239
441,37,199,22,103,163,164,219,115,1
441,38,239,175,22,121,127,118,45,189
441,39,16,145,25,252,70,23,30,116
442,0,136,78,241,89,56,18,14,68
442,1,6,165,135,166,186,221,119,179
442,2,115,56,81,196,99,125,54,95
442,3,255,169,9,73,50,89,3,153
442,4,253,133,152,123,92,120,187,145
442,5,174,58,0,146,215,148,142,82
442,6,12,194,43,16,125,186,27,237
442,7,142,185,175,240,183,225,26,227
442,8,53,157,148,85,59,195,72,214
442,9,99,1,143,28,90,239,243,254
442,10,12,68,132,108,190,10,61,217
442,11,64,130,44,17,117,239,32,213
442,12,10,157,161,21,250,2,83,88
442,13,34,42,208,183,170,205,58,212
442,14,132,163,204,21,191,180,164,173
442,15,235,221,139,74,90,147,240,227
442,16,172,191,183,104,25,179,112,221
442,17,44,161,69,185,192,196,233,1
442,18,77,241,224,83,54,225,64,72
442,19,24,115,180,212,233,95,174,129
442,20,53,148,195,157,72,85,98,105
442,21,99,1,233,239,229,193,252,195
442,22,68,12,217,147,148,245,132,172
442,23,64,130,117,17,44,32,105,211
442,24,10,149,21,244,161,116,176,137
442,25,34,208,170,42,45,183,67,82
442,26,132,21,204,253,44,130,0,248
442,27,235,139,221,0,227,145,14,36
442,28,191,197,183,172,104,117,147,25
442,29,161,185,69,1,44,192,204,219
442,30,77,72,4,225,83,45,175,92
442,31,95,115,233,59,88,240,212,203
442,32,224,197,255,236,32,126,7,133
442,33,63,87,156,217,18,146,12,206
442,34,152,54,10,246,213,188,49,254
442,35,196,202,14,11,220,142,129,103
442,36,154,188,239,24,78,153,251,10
442,37,199,50,22,103,90,59,163,37
442,38,146,175,239,121,127,118,45,189
442,39,85,252,13,177,70,30,116,25
443,0,254,211,75,36,191,163,8,26
443,1,91,187,193,167,254,101,252,14
443,2,170,37,175,182,225,42,187,91
443,3,22,69,126,201,196,154,93,224
443,4,28,253,134,175,121,233,155,90
443,5,0,58,60,164,50,251,173,210
443,6,173,12,30,210,237,195,72,249
443,7,39,175,166,183,225,104,245,132
443,8,53,148,38,72,59,121,1,233
443,9,99,134,32,90,1,28,221,3
443,10,217,245,233,147,77,148,135,190
443,11,216,105,241,117,237,44,97,63
443,12,10,149,38,13,157,50,32,166
443,13,34,204,208,0,180,158,248,45
443,14,132,191,173,21,163,17,34,158
443,15,221,0,235,6,74,90,145,206
443,16,191,234,183,254,176,25,104,1
443,17,161,69,44,210,196,192,223,217
443,18,77,83,58,32,129,92,239,54
443,19,24,180,115,219,95,37,48,127
443,20,53,172,148,195,72,98,38,85
443,21,32,99,1,229,233,195,228,141
443,22,135,233,38,148,12,103,77,245
443,23,105,63,117,166,44,32,70,223
443,24,157,50,149,10,166,38,244,116
443,25,34,42,0,208,204,215,170,183
443,26,132,196,21,204,17,163,253,166
443,27,235,221,79,35,0,139,12,18
443,28,56,197,191,183,234,254,176,102
443,29,54,19,185,161,69,1,192,44
443,30,151,66,77,116,225,83,72,209
443,31,219,95,55,83,157,115,37,59
443,32,235,28,14,236,92,255,26,173
443,33,47,250,87,198,12,146,59,110
443,34,185,164,18,121,246,152,11,10
443,35,202,129,14,254,53,101,220,142
443,36,188,154,78,153,103,44,148,10
443,37,199,162,22,103,132,55,37,238
443,38,239,127,175,118,45,59,189,52
443,39,77,30,141,116,70,252,99,219
444,0,211,62,138,20,48,174,192,75
444,1,193,75,178,80,8,254,30,175
444,2,225,207,42,111,40,31,157,24
444,3,201,22,126,69,85,14,23,163
444,4,148,44,152,253,134,29,221,206
444,5,58,0,50,164,128,173,243,108
444,6,12,30,125,237,173,43,210,25
444,7,246,175,142,183,185,75,26,104
444,8,148,53,72,85,59,233,98,195
444,9,99,90,1,134,243,28,143,150
444,10,217,233,245,132,172,147,108,12
444,11,222,44,97,220,117,105,32,121
444,12,10,149,157,38,55,176,50,2
444,13,34,183,208,0,13,45,170,215
444,14,132,163,44,21,173,115,158,17
444,15,221,235,0,90,139,145,74,206
444,16,191,197,183,234,25,56,209,104
444,17,69,161,44,217,209,192,196,210
444,18,77,141,83,225,116,151,209,239
444,19,115,24,88,85,95,59,129,48
444,20,195,148,53,85,121,72,159,202
444,21,99,32,229,1,98,233,28,193
444,22,233,132,12,242,137,135,172,148
444,23,222,44,220,117,59,17,70,98
444,24,157,55,10,50,116,149,11,128
444,25,101,183,0,45,19,145,140,42
444,26,44,132,204,201,203,196,73,231
444,27,235,28,169,0,221,147,145,227
444,28,193,183,219,102,117,176,24,197
444,29,1,88,21,185,222,125,61,94
444,30,232,141,225,162,50,77,91,83
444,31,88,59,95,85,157,183,247,34
444,32,92,179,236,125,28,140,255,120
444,33,139,54,104,133,11,181,143,132
444,34,44,238,10,67,5,240,121,246
444,35,148,129,74,190,202,14,220,187
444,36,142,115,188,39,227,153,78,147
444,37,78,27,22,193,199,169,16,103
444,38,119,215,118,80,127,251,185,0
444,39,122,158,244,70,252,30,77,44
445,0,141,235,253,208,61,221,115,190
445,1,62,47,155,93,46,182,21,75
445,2,210,31,164,17,109,146,4,88
445,3,37,235,187,152,84,77,231,133
445,4,236,142,102,222,13,15,167,198
445,5,186,204,193,104,47,90,58,50
445,6,43,167,125,153,12,237,2,186
445,7,23,29,185,240,175,227,183,78
445,8,89,85,148,195,53,59,234,233
445,9,99,94,29,228,126,116,164,1
445,10,169,12,130,248,148,108,23,195
445,11,189,117,17,44,98,174,213,178
445,12,149,10,63,157,21,26,161,15
445,13,34,183,208,45,170,43,58,83
445,14,132,184,163,173,204,21,164,253
445,15,221,235,193,139,90,74,0,147
445,16,191,25,172,104,91,1,183,197
445,17,44,69,161,192,217,196,210,109
445,18,77,239,224,0,187,58,57,225
445,19,115,163,95,127,130,24,212,88
445,20,195,89,85,148,113,53,234,33
445,21,99,29,94,38,116,229,77,1
445,22,23,169,147,130,198,172,113,132
445,23,117,189,44,178,161,17,105,72
445,24,10,149,161,21,63,15,26,160
445,25,45,170,34,147,43,58,160,27
445,26,20,132,184,204,173,44,115,163
445,27,235,200,147,81,145,221,90,98
445,28,133,43,172,117,5,151,191,25
445,29,76,250,44,1,87,172,109,0
445,30,179,77,163,239,187,224,225,175
445,31,116,115,122,109,4,59,205,88
445,32,119,181,90,223,255,161,226,47
445,33,93,86,129,83,85,183,92,215
445,34,82,132,1,96,74,27,62,252
445,35,160,27,235,57,84,17,239,80
445,36,222,20,70,192,248,191,232,166
445,37,39,229,24,232,86,77,2,19
445,38,64,140,239,245,117,67,16,159
445,39,186,190,222,235,162,218,11,154
446,0,38,54,167,193,44,244,53,112
446,1,46,105,47,122,249,246,25,20
446,2,128,121,54,176,53,19,104,186
446,3,26,230,233,210,78,48,255,143
446,4,67,81,144,245,163,179,45,95
446,5,47,90,188,109,176,239,78,43
446,6,215,60,43,153,173,167,143,187
446,7,176,185,117,70,23,106,231,112
446,8,239,116,33,104,179,73,137,173
446,9,126,191,113,116,224,85,131,171
446,10,248,115,36,157,198,212,195,120
446,11,233,98,36,133,162,111,86,213
446,12,93,63,15,74,21,10,116,51
446,13,33,45,15,29,145,147,43,183
446,14,86,147,204,184,132,173,124,214
446,15,235,147,98,166,181,200,195,81
446,16,151,156,172,5,117,231,43,183
446,17,44,1,69,5,110,172,166,57
446,18,77,179,226,128,204,224,187,227
446,19,115,122,88,12,212,109,59,120
446,20,195,239,148,33,234,53,113,85
446,21,116,126,191,94,164,29,207,99
446,22,236,248,169,157,198,132,147,27
446,23,189,140,36,98,62,111,42,161
446,24,93,220,63,43,44,74,15,116
446,25,45,33,6,43,147,15,145,134
446,26,204,86,132,147,51,20,148,124
446,27,147,200,162,98,235,81,169,181
446,28,43,24,133,156,72,5,117,47
446,29,1,5,172,76,250,44,69,222
446,30,77,179,91,187,71,175,226,225
446,31,59,122,115,109,12,116,88,167
446,32,223,255,119,47,90,181,158,236
446,33,86,93,83,183,129,232,238,73
446,34,116,252,1,207,82,186,10,96
446,35,235,160,218,167,36,202,57,14
446,36,70,188,181,153,248,120,78,166
446,37,58,22,163,190,31,143,39,229
446,38,92,118,148,127,212,121,175,71
446,39,189,70,38,58,154,248,238,2
447,0,140,173,112,43,200,238,95,30
447,1,46,47,249,181,137,188,140,25
447,2,121,186,54,140,20,165,128,176
447,3,233,117,26,230,236,210,78,252
447,4,245,144,199,193,246,62,120,249
447,5,145,220,230,239,255,248,85,90
447,6,118,96,98,145,230,7,63,160
447,7,142,22,176,106,225,237,15,112
447,8,53,148,239,195,59,85,106,72
447,9,99,126,150,1,243,53,97,88
447,10,115,96,240,93,231,215,167,217
447,11,253,181,41,183,51,239,74,215
447,12,10,21,212,83,41,117,116,220
447,13,34,58,208,15,170,45,183,142
447,14,132,173,21,204,164,253,34,147
447,15,74,235,90,195,221,98,120,147
447,16,172,191,151,115,104,112,183,160
447,17,161,44,69,233,210,109,5,196
447,18,77,224,54,58,98,138,227,176
447,19,115,24,95,208,122,180,212,203
447,20,53,195,148,85,113,143,72,105
447,21,99,143,1,195,233,183,141,38
447,22,147,149,236,207,217,224,161,245
447,23,140,32,80,183,17,105,88,173
447,24,21,10,161,244,43,41,116,13
447,25,34,208,170,58,45,180,15,83
447,26,132,21,204,173,253,248,90,0
447,27,74,235,170,145,147,139,14,98
447,28,172,191,183,104,24,155,117,25
447,29,44,161,5,69,1,233,192,109
447,30,77,175,225,224,4,92,170,140
447,31,115,95,122,59,212,180,88,240
447,32,255,236,223,158,241,98,96,210
447,33,190,110,50,41,86,85,232,244
447,34,116,10,246,252,1,27,161,218
447,35,202,36,235,14,53,194,60,142
447,36,188,153,70,154,78,181,166,160
447,37,58,22,163,199,115,31,103,190
447,38,92,148,118,71,127,212,121,175
447,39,189,70,38,2,58,248,69,213
448,0,57,241,88,238,108,182,6,43
448,1,192,140,182,193,146,152,181,11
448,2,8,36,11,49,60,188,255,21
448,3,106,226,69,110,29,126,151,150
448,4,45,171,28,165,187,88,129,90
448,5,58,50,146,188,87,153,220,117
448,6,14,43,255,182,210,183,65,68
448,7,185,175,5,78,204,142,227,123
448,8,195,85,148,179,72,133,23,239
448,9,69,180,99,152,1,229,143,207
448,10,88,157,132,126,193,86,27,228
448,11,39,63,253,188,111,98,99,69
448,12,220,10,116,161,21,144,151,16
448,13,112,45,103,211,145,212,58,170
448,14,204,86,253,41,238,132,107,214
448,15,98,46,147,235,166,36,141,139
448,16,172,124,117,181,160,112,158,134
448,17,44,69,5,233,1,158,109,153
448,18,226,77,170,204,122,92,176,224
448,19,122,115,212,180,167,191,50,208
448,20,195,148,72,53,239,106,23,118
448,21,69,1,99,180,60,193,143,207
448,22,157,88,147,27,126,217,149,161
448,23,39,63,32,99,140,181,204,111
448,24,220,169,21,161,13,116,102,212
448,25,112,45,34,208,211,136,212,138
448,26,204,132,253,238,90,200,41,248
448,27,235,139,98,147,74,46,170,92
448,28,172,124,191,104,112,117,61,160
448,29,44,233,161,69,192,109,1,158
448,30,77,170,92,176,175,138,224,44
448,31,212,115,95,180,122,50,188,90
448,32,60,241,255,204,132,2,108,190
448,33,110,33,50,229,108,106,51,66
448,34,218,27,254,123,93,150,176,66
448,35,53,14,202,194,103,142,93,164
448,36,154,188,78,135,4,2,20,160
448,37,163,199,171,129,52,104,1,103
448,38,239,175,135,60,122,109,121,68
448,39,96,110,184,195,187,140,150,243
449,0,211,60,195,236,4,232,77,162
449,1,118,55,202,167,72,124,125,24
449,2,91,32,187,79,188,6,143,221
449,3,56,22,93,201,69,180,126,182
449,4,134,46,28,147,140,175,233,197
449,5,0,154,60,164,58,237,22,83
449,6,30,12,7,113,69,72,210,249
449,7,175,142,252,75,22,39,183,139
449,8,53,148,195,72,59,133,70,121
449,9,99,134,97,1,3,150,90,254
449,10,217,149,135,207,147,245,162,190
449,11,32,63,230,44,204,143,237,70
449,12,21,38,13,10,2,50,244,48
449,13,34,180,170,215,211,13,58,0
449,14,132,21,34,17,113,173,73,162
449,15,74,235,124,170,147,206,130,90
449,16,172,191,230,37,234,254,62,24
449,17,161,69,233,225,44,210,158,244
449,18,77,129,176,224,92,54,98,108
449,19,24,115,180,208,95,129,48,122
449,20,195,53,148,72,172,143,85,118
449,21,99,32,143,1,195,233,135,150
449,22,217,135,149,147,245,207,233,28
449,23,32,63,37,70,204,237,223,99
449,24,21,50,244,38,220,158,13,10
449,25,34,211,208,0,248,180,194,170
449,26,132,248,253,17,21,90,204,162
449,27,74,139,130,147,206,235,170,35
449,28,254,234,172,191,102,230,135,155
449,29,161,69,233,44,19,225,1,158
449,30,77,92,176,129,241,197,108,90
449,31,49,180,95,122,115,157,212,114
449,32,73,255,146,12,241,143,67,92
449,33,61,110,70,229,47,51,4,50
449,34,254,13,121,191,218,123,246,195
449,35,53,202,14,194,136,36,164,103
449,36,154,188,78,153,135,110,4,160
449,37,199,170,132,1,163,100,52,237
449,38,239,87,243,122,175,0,133,198
449,39,8,32,57,184,176,150,195,251
450,0,101,179,130,35,197,213,48,9
450,1,62,97,27,123,47,216,151,30
450,2,40,88,37,25,164,175,252,125
450,3,26,211,230,69,233,153,142,37
450,4,15,241,102,129,90,200,142,214
450,5,58,50,188,222,103,90,146,83
450,6,14,237,210,30,182,43,215,255
450,7,185,40,175,2,199,23,104,24
450,8,195,85,239,148,35,53,72,179
450,9,203,180,99,207,29,1,193,229
450,10,157,137,132,193,88,122,147,248
450,11,174,203,111,98,42,63,20,99
450,12,220,21,11,160,10,116,3,15
450,13,211,29,45,170,34,183,208,145
450,14,86,173,132,204,44,248,161,214
450,15,172,147,74,36,213,98,162,90
450,16,181,191,172,24,231,183,115,96
450,17,69,225,233,44,1,166,58,210
450,18,77,197,224,170,204,90,58,226
450,19,115,122,88,130,208,59,109,95
450,20,195,148,239,53,85,35,185,118
450,21,203,99,180,207,143,233,195,85
450,22,236,157,207,88,132,147,116,83
450,23,39,174,111,98,42,134,20,63
450,24,220,116,21,10,43,244,15,87
450,25,34,45,208,112,29,211,170,183
450,26,132,86,248,173,204,44,73,161
450,27,74,145,172,147,206,139,170,90
450,28,191,24,96,172,183,195,115,117
450,29,69,161,1,5,233,250,222,44
450,30,77,170,197,225,175,71,91,85
450,31,95,115,59,88,130,240,167,122
450,32,98,99,236,255,158,47,254,149
450,33,126,190,232,86,166,28,107,146
450,34,116,252,10,1,56,161,246,55
450,35,235,202,218,129,14,39,167,236
450,36,188,70,78,153,207,154,181,49
450,37,163,58,22,65,199,103,161,190
450,38,92,118,127,71,148,239,30,234
450,39,189,248,69,2,70,38,92,213
451,0,29,41,62,86,65,4,236,211
451,1,193,5,124,252,42,33,245,14
451,2,188,139,255,87,157,194,170,110
451,3,30,201,154,11,177,22,58,101
451,4,149,152,4,134,90,216,121,38
451,5,213,0,58,153,50,115,170,210
451,6,102,237,43,125,30,241,12,14
451,7,185,199,158,253,175,85,132,32
451,8,53,148,85,220,157,59,72,246
451,9,99,207,120,143,1,85,166,156
451,10,17,132,117,178,116,233,234,193
451,11,209,202,248,97,17,15,98,137
451,12,166,116,228,10,119,55,206,2
451,13,219,113,211,183,34,199,29,208
451,14,146,44,40,167,204,161,132,173
451,15,116,206,147,110,139,79,213,129
451,16,185,138,24,191,137,170,181,183
451,17,69,8,78,229,89,1,157,10
451,18,77,130,22,83,204,91,69,98
451,19,28,59,115,122,88,241,233,208
451,20,148,53,195,72,157,161,133,233
451,21,99,207,156,120,143,240,233,228
451,22,17,116,132,207,178,157,253,234
451,23,209,99,17,248,98,134,156,141
451,24,116,166,81,10,2,155,244,106
451,25,211,208,155,192,45,183,63,219
451,26,146,132,44,248,78,204,231,161
451,27,206,139,116,79,100,129,147,145
451,28,138,191,24,201,72,137,56,183
451,29,1,78,69,161,165,244,89,8
451,30,77,130,237,91,83,66,64,225
451,31,95,59,137,67,14,88,124,132
451,32,75,197,47,14,236,19,255,57
451,33,5,103,18,81,161,146,59,206
451,34,227,11,10,247,246,235,152,143
451,35,202,198,167,210,79,214,244,36
451,36,188,48,78,153,10,154,129,24
451,37,22,163,162,199,103,219,124,134
451,38,127,118,185,124,212,79,189,205
451,39,116,34,30,70,13,77,130,62
452,0,211,19,254,8,220,159,75,208
452,1,5,230,197,44,155,193,14,235
452,2,149,253,83,241,130,52,42,144
452,3,154,243,196,226,163,36,182,213
452,4,175,134,44,199,100,21,76,132
452,5,77,0,164,58,243,145,91,60
452,6,12,102,11,77,195,168,62,125
452,7,142,38,39,96,246,141,252,185
452,8,53,148,121,72,63,59,233,84
452,9,99,134,3,32,90,28,137,179
452,10,77,116,146,233,148,132,156,245
452,11,97,37,214,141,70,32,248,218
452,12,10,38,50,116,21,2,96,228
452,13,34,0,208,19,83,183,180,136
452,14,132,44,146,21,173,204,248,17
452,15,74,139,90,206,12,79,145,235
452,16,191,183,24,185,172,53,56,35
452,17,69,161,19,210,233,4,54,1
452,18,77,83,176,66,58,224,209,54
452,19,95,115,247,129,48,219,208,122
452,20,148,53,195,72,121,85,161,194
452,21,99,32,207,143,98,228,247,127
452,22,207,116,77,108,233,245,149,132
452,23,222,32,134,248,98,97,70,2
452,24,166,10,55,119,116,157,21,244
452,25,34,208,211,0,192,183,45,101
452,26,132,248,196,146,204,130,44,21
452,27,74,145,12,139,206,90,130,129
452,28,191,24,56,183,53,59,219,168
452,29,19,69,54,161,1,165,4,62
452,30,77,66,143,225,151,83,64,91
452,31,95,247,83,219,59,157,88,85
452,32,235,144,14,92,236,246,47,202
452,33,203,47,84,68,250,139,103,181
452,34,128,18,11,185,121,10,246,247
452,35,202,101,129,235,167,210,236,114
452,36,188,103,44,78,153,154,26,48
452,37,163,162,22,199,103,14,94,147
452,38,127,118,79,87,239,198,52,189
452,39,77,116,70,30,141,219,99,130
453,0,62,211,48,4,162,217,72,170
453,1,80,202,193,123,235,141,72,17
453,2,144,111,207,215,243,54,14,85
453,3,197,22,53,40,56,201,72,16
453,4,134,175,148,152,44,75,157,244
453,5,0,58,60,164,83,77,42,154
453,6,12,113,82,30,125,11,43,69
453,7,142,246,175,183,185,252,3,106
453,8,53,148,59,72,195,121,233,249
453,9,99,134,195,28,3,97,154,218
453,10,207,149,61,217,233,147,245,146
453,11,97,164,222,32,44,220,193,70
453,12,21,10,38,50,2,228,116,201
453,13,34,208,183,170,180,0,4,83
453,14,132,173,21,44,248,204,253,162
453,15,74,90,235,139,124,145,206,170
453,16,191,24,183,230,172,115,234,1
453,17,69,161,233,210,196,44,58,209
453,18,77,224,100,83,54,58,176,64
453,19,115,24,95,129,127,208,180,85
453,20,53,195,148,121,85,72,118,233
453,21,99,143,32,252,233,195,1,105
453,22,207,149,245,147,108,135,217,7
453,23,32,222,17,164,116,220,201,63
453,24,21,10,11,244,12,116,119,38
453,25,34,170,208,211,183,101,19,45
453,26,132,173,248,162,204,44,42,130
453,27,74,145,235,139,90,170,206,130
453,28,24,193,191,168,230,183,102,219
453,29,21,161,88,69,1,233,244,165
453,30,77,225,162,64,175,91,250,98
453,31,95,88,59,34,240,85,129,18
453,32,146,12,236,179,140,125,246,76
453,33,56,139,132,75,104,36,28,166
453,34,195,44,10,238,121,62,240,252
453,35,235,202,136,148,129,210,74,236
453,36,188,39,227,147,78,115,142,26
453,37,78,22,27,135,43,163,60,193
453,38,87,215,118,119,127,80,234,251
453,39,138,75,158,251,92,252,31,70
454,0,142,166,97,113,150,205,215,123
454,1,34,26,87,187,59,246,5,132
454,2,252,164,146,162,35,125,210,90
454,3,146,211,84,46,135,31,142,176
454,4,14,161,167,65,67,214,13,201
454,5,161,204,235,104,58,191,10,6
454,6,215,43,167,125,62,93,135,241
454,7,91,185,29,2,106,176,253,199
454,8,33,85,89,148,195,174,212,53
454,9,39,29,132,94,99,207,98,143
454,10,248,207,132,216,193,26,253,137
454,11,20,36,98,248,185,174,17,14
454,12,10,21,116,63,3,26,201,15
454,13,34,33,29,183,208,15,170,142
454,14,173,132,147,44,34,248,21,204
454,15,65,74,90,139,145,170,206,235
454,16,191,24,115,183,172,151,156,62
454,17,69,161,210,233,58,110,244,172
454,18,77,224,148,58,54,98,83,187
454,19,115,129,208,130,88,95,240,24
454,20,33,53,148,85,195,100,233,113
454,21,99,39,143,132,195,29,233,94
454,22,245,236,207,248,147,83,149,217
454,23,36,20,95,98,140,61,17,223
454,24,244,10,43,21,13,116,173,176
454,25,34,208,33,15,170,158,45,183
454,26,132,173,248,42,130,21,147,34
454,27,74,65,145,170,235,90,206,92
454,28,191,168,24,156,183,115,25,5
454,29,161,210,172,69,58,1,233,244
454,30,77,148,71,225,4,187,175,64
454,31,115,95,240,130,88,59,12,129
454,32,113,99,236,238,158,96,87,246
454,33,190,232,41,86,28,107,146,244
454,34,88,161,97,10,62,252,56,246
454,35,235,202,129,220,218,103,60,236
454,36,188,207,78,154,152,246,153,160
454,37,163,22,161,135,67,199,56,103
454,38,71,234,9,118,30,127,201,187
454,39,92,250,248,1,252,69,70,246
455,0,106,22,6,66,212,46,218,121
455,1,223,191,73,128,250,239,193,86
455,2,87,22,198,76,10,16,121,217
455,3,30,76,146,255,92,98,194,121
455,4,242,118,65,67,14,122,138,152
455,5,14,67,254,100,58,161,146,10
455,6,2,43,178,125,167,19,93,129
455,7,44,91,185,4,106,225,2,108
455,8,33,85,148,53,86,212,213,194
455,9,240,132,99,156,98,217,207,143
455,10,161,207,253,248,62,167,132,250
455,11,49,109,36,195,203,98,20,95
455,12,10,21,12,116,2,28,201,48
455,13,34,15,142,33,183,208,29,170
455,14,173,132,147,44,34,248,73,21
455,15,74,90,206,139,170,145,122,158
455,16,191,115,24,168,183,151,181,166
455,17,69,161,210,110,233,244,58,218
455,18,77,224,58,112,83,54,98,53
455,19,115,208,129,127,88,240,95,199
455,20,53,148,33,195,85,113,100,185
455,21,99,240,143,132,195,207,239,214
455,22,207,245,147,161,149,236,116,132
455,23,109,49,36,32,20,95,130,203
455,24,21,244,43,10,116,13,173,176
455,25,34,208,45,15,170,158,183,33
455,26,132,173,248,204,78,21,42,73
455,27,74,235,206,145,170,14,90,139
455,28,191,168,183,24,115,156,104,25
455,29,233,110,69,213,161,1,58,210
455,30,77,112,71,225,224,175,83,58
455,31,115,95,88,59,240,180,122,129
455,32,238,116,255,158,236,204,108,246
455,33,182,232,41,244,79,107,28,106
455,34,10,205,161,252,56,97,27,9
455,35,235,202,132,129,218,194,79,14
455,36,188,78,154,181,152,153,134,246
455,37,163,22,161,135,115,67,199,103
455,38,127,9,118,30,234,93,239,189
455,39,92,250,1,248,70,246,252,25
456,0,211,62,144,4,234,188,232,92
456,1,198,193,79,134,128,109,189,170
456,2,64,92,76,239,150,86,16,230
456,3,30,201,155,197,177,22,214,157
456,4,94,152,98,112,187,133,121,8
456,5,58,50,0,210,153,18,175,60
456,6,43,19,2,92,125,52,59,178
456,7,181,185,243,142,227,21,24,225
456,8,85,148,53,246,195,72,214,59
456,9,99,120,207,143,229,156,1,178
456,10,207,132,34,9,250,245,149,147
456,11,130,153,98,238,15,44,95,137
456,12,10,21,116,161,144,186,176,12
456,13,15,34,145,183,45,208,170,72
456,14,204,173,132,44,253,73,228,165
456,15,248,74,170,235,14,90,98,147
456,16,183,185,191,24,168,117,115,181
456,17,233,69,1,58,210,44,218,24
456,18,77,69,224,225,83,175,58,122
456,19,233,115,88,122,180,129,208,59
456,20,195,85,53,148,185,41,98,100
456,21,99,143,207,229,195,193,1,166
456,22,147,207,149,0,9,88,132,86
456,23,63,153,130,15,32,238,98,95
456,24,21,10,161,106,87,116,244,169
456,25,45,34,170,192,112,208,200,15
456,26,204,132,248,162,253,90,44,21
456,27,248,74,235,98,170,206,147,14
456,28,191,117,168,104,124,185,24,230
456,29,233,69,1,161,58,244,44,232
456,30,77,69,92,225,122,175,83,224
456,31,115,180,122,95,233,143,212,50
456,32,146,195,255,204,241,73,236,219
456,33,189,97,37,94,50,220,106,110
456,34,218,212,255,123,187,10,254,54
456,35,202,194,14,53,17,103,19,11
456,36,188,154,78,234,153,160,10,8
456,37,163,199,129,229,115,237,103,59
456,38,239,93,175,135,22,46,191,223
456,39,140,25,16,252,23,70,235,68
457,0,241,135,108,57,88,61,59,182
457,1,192,146,48,140,182,40,193,11
457,2,36,8,174,115,142,56,200,152
457,3,106,29,110,226,151,69,9,126
457,4,171,28,165,45,240,187,255,129
457,5,58,50,87,220,237,175,250,73
457,6,43,255,2,182,59,178,56,52
457,7,142,175,106,225,204,185,206,24
457,8,195,85,148,53,179,59,80,72
457,9,69,99,180,152,169,143,1,229
457,10,88,126,86,132,206,147,149,61
457,11,39,63,98,32,188,215,106,125
457,12,21,10,201,161,106,83,176,202
457,13,34,112,170,208,45,15,135,248
457,14,132,173,34,204,253,45,94,107
457,15,74,90,235,170,98,141,108,206
457,16,191,124,172,104,34,175,24,228
457,17,69,233,161,210,44,58,244,95
457,18,77,92,224,54,58,122,98,170
457,19,180,115,208,24,95,127,212,219
457,20,195,53,148,72,85,161,143,233
457,21,99,69,143,1,214,195,233,135
457,22,217,147,149,224,88,126,162,245
457,23,32,39,63,204,105,184,40,242
457,24,13,21,169,161,244,10,127,213
457,25,34,248,112,170,208,95,212,45
457,26,132,173,21,78,248,34,253,0
457,27,74,235,92,206,170,145,139,98
457,28,191,124,112,172,104,34,135,228
457,29,233,161,69,44,58,152,210,192
457,30,77,92,170,176,224,175,241,4
457,31,180,212,115,50,95,125,122,127
457,32,60,241,204,73,255,108,233,67
457,33,110,50,33,229,106,204,108,79
457,34,218,123,254,27,93,66,37,244
457,35,202,14,194,53,103,235,236,11
457,36,188,154,78,135,10,2,153,160
457,37,163,129,199,103,1,104,52,219
457,38,239,175,60,135,198,122,109,133
457,39,140,96,110,187,195,184,243,252
458,0,211,195,60,236,62,4,162,232
458,1,55,167,202,118,72,252,125,191
458,2,91,32,187,6,79,221,36,240
458,3,56,22,93,69,112,180,149,201
458,4,46,28,134,244,147,175,197,233
458,5,154,60,0,42,83,237,164,58
458,6,30,113,69,7,12,210,249,72
458,7,175,18,142,252,190,139,183,75
458,8,53,148,216,72,59,195,240,171
458,9,99,134,1,97,3,53,28,195
458,10,149,135,217,147,207,245,190,233
458,11,32,164,43,63,166,44,188,97
458,12,21,10,13,240,38,2,202,244
458,13,34,170,115,215,208,248,180,174
458,14,190,132,34,173,253,162,17,29
458,15,74,90,235,193,170,206,145,98
458,16,191,230,254,172,34,104,166,24
458,17,69,233,161,225,210,19,44,244
458,18,77,92,54,129,224,98,176,108
458,19,180,208,50,115,24,95,188,94
458,20,53,195,148,172,143,72,100,233
458,21,99,143,32,135,53,233,183,214
458,22,217,135,245,147,149,109,233,21
458,23,32,204,237,63,184,61,105,167
458,24,13,244,240,21,38,10,158,195
458,25,34,115,208,215,248,194,180,211
458,26,132,17,190,248,78,21,34,0
458,27,74,206,108,139,122,6,18,92
458,28,191,234,254,101,124,56,172,228
458,29,161,69,233,19,244,44,25,58
458,30,77,92,129,108,241,176,143,116
458,31,180,157,95,115,114,125,212,83
458,32,73,12,241,146,143,255,204,92
458,33,110,61,50,196,229,146,204,91
458,34,13,121,254,218,123,211,249,37
458,35,202,136,194,53,14,164,11,103
458,36,188,154,78,135,153,160,136,4
458,37,163,132,199,1,103,219,237,52
458,38,239,87,175,122,198,60,135,189
458,39,8,140,32,103,57,243,184,252
459,0,211,77,188,232,184,26,175,37
459,1,40,214,30,209,27,234,8,96
459,2,125,252,207,91,205,95,56,240
459,3,247,153,163,192,201,22,182,197
459,4,206,147,46,165,148,134,38,152
459,5,64,0,42,83,22,111,50,210
459,6,195,30,72,12,212,102,125,219
459,7,142,166,225,187,246,4,175,158
459,8,53,148,59,72,172,121,233,171
459,9,99,32,134,221,28,3,207,1
459,10,135,149,245,217,147,233,207,250
459,11,167,32,222,237,15,97,105,204
459,12,21,158,10,13,38,2,240,137
459,13,34,101,194,170,248,158,180,215
459,14,17,132,173,34,144,95,162,26
459,15,6,74,170,108,90,92,122,206
459,16,234,166,172,191,60,230,254,114
459,17,233,69,144,161,210,44,58,9
459,18,129,77,92,195,54,241,99,31
459,19,180,60,115,94,148,239,208,219
459,20,172,53,195,148,233,150,100,72
459,21,32,99,207,143,183,233,137,58
459,22,217,109,137,102,135,245,147,25
459,23,167,32,222,204,237,7,184,19
459,24,158,50,21,244,240,47,87,55
459,25,34,194,101,0,215,208,248,45
459,26,17,132,144,196,153,248,78,107
459,27,206,6,74,139,92,108,122,170
459,28,234,254,191,105,172,166,158,230
459,29,233,69,161,126,9,44,209,244
459,30,77,92,241,129,116,18,99,209
459,31,180,157,55,49,60,114,115,95
459,32,73,143,12,146,92,255,78,64
459,33,110,70,229,61,167,118,176,181
459,34,13,254,121,249,218,80,154,246
459,35,44,202,53,14,136,194,103,11
459,36,126,154,188,78,55,79,213,153
459,37,196,132,199,170,1,214,122,103
459,38,239,87,175,122,132,69,156,243
459,39,8,224,32,251,103,57,176,5
460,0,240,52,164,96,17,128,159,198
460,1,195,199,27,231,222,37,209,80
460,2,172,224,171,2,125,123,148,94
460,3,163,22,201,197,93,14,112,138
460,4,206,134,46,147,38,28,148,152
460,5,0,64,42,19,50,204,80,83
460,6,195,125,249,72,82,30,12,43
460,7,142,166,246,4,30,187,183,133
460,8,53,148,121,59,72,233,172,50
460,9,32,221,99,3,134,28,1,58
460,10,217,149,207,135,233,245,147,250
460,11,237,112,167,32,96,204,97,4
460,12,21,10,158,38,13,50,2,137
460,13,34,101,170,194,248,180,0,158
460,14,17,173,132,252,162,21,212,95
460,15,108,6,74,170,12,206,168,90
460,16,234,172,191,166,230,254,60,24
460,17,233,69,161,21,144,210,44,96
460,18,77,129,92,241,31,116,195,99
460,19,180,115,208,148,94,239,176,203
460,20,195,53,172,148,50,233,72,121
460,21,32,99,143,122,207,58,201,1
460,22,217,137,135,149,147,207,102,233
460,23,167,32,63,222,193,19,112,174
460,24,50,21,240,10,158,87,38,184
460,25,34,101,45,0,215,248,170,201
460,26,132,17,253,204,94,163,248,162
460,27,74,170,145,206,235,12,108,90
460,28,254,168,191,234,228,166,193,102
460,29,233,94,69,1,44,88,58,225
460,30,241,116,129,77,92,225,151,8
460,31,49,95,115,174,180,34,157,88
460,32,73,255,125,179,78,146,233,12
460,33,61,167,229,70,51,106,47,181
460,34,13,254,121,182,44,66,62,154
460,35,53,202,14,60,19,220,129,206
460,36,154,188,78,16,213,115,153,143
460,37,170,100,199,1,132,2,19,29
460,38,239,243,175,122,61,67,143,68
460,39,57,32,176,184,252,195,150,8
461,0,179,130,145,119,91,213,168,79
461,1,139,64,0,106,87,216,59,78
461,2,37,40,175,25,88,252,164,18
461,3,59,142,205,245,208,69,135,52
461,4,241,131,230,181,15,151,129,198
461,5,50,58,22,252,140,103,154,146
461,6,30,43,210,249,255,72,125,12
461,7,142,175,185,227,24,225,104,33
461,8,195,53,72,148,85,59,117,168
461,9,99,69,207,1,143,229,150,140
461,10,137,147,135,149,207,217,132,86
461,11,174,32,63,167,178,44,98,186
461,12,21,240,157,160,10,38,161,116
461,13,170,215,101,45,192,15,34,248
461,14,196,173,204,253,132,184,44,105
461,15,98,147,235,170,74,193,130,145
461,16,172,191,117,25,104,168,24,254
461,17,233,69,44,1,225,94,21,58
461,18,77,92,151,224,83,129,85,241
461,19,115,122,180,88,48,49,189,129
461,20,195,121,85,185,148,72,53,56
461,21,69,99,207,77,229,143,166,193
461,22,137,147,207,135,149,86,132,70
461,23,174,63,32,44,95,98,186,201
461,24,21,10,50,128,38,157,81,131
461,25,45,215,192,101,170,97,183,15
461,26,204,132,44,171,203,73,243,42
461,27,23,170,74,145,60,146,147,130
461,28,193,168,24,219,183,102,228,196
461,29,88,1,94,233,21,58,222,61
461,30,162,77,64,225,232,91,0,98
461,31,88,95,34,115,59,43,49,183
461,32,125,179,236,140,3,86,254,255
461,33,126,132,90,166,47,36,139,104
461,34,91,238,44,62,20,121,10,240
461,35,148,190,74,21,78,128,64,130
461,36,2,93,227,19,39,85,171,99
461,37,65,78,101,27,19,2,86,169
461,38,61,25,182,239,21,96,241,143
461,39,117,235,210,139,253,223,133,81
462,0,141,235,221,253,190,208,125,61
462,1,93,244,47,155,46,68,182,197
462,2,17,145,57,34,103,210,109,59
462,3,235,187,231,152,133,77,130,37
462,4,142,236,13,102,222,15,128,234
462,5,186,193,204,90,47,104,135,58
462,6,43,153,167,2,125,30,178,52
462,7,29,185,23,142,175,133,216,64
462,8,195,85,89,148,234,53,59,116
462,9,99,94,228,29,164,77,116,126
462,10,169,130,207,113,248,198,132,149
462,11,189,161,174,98,178,44,95,187
462,12,21,63,10,15,26,74,161,160
462,13,43,15,147,183,34,45,170,97
462,14,20,173,184,44,124,132,224,162
462,15,81,147,200,74,170,98,235,206
462,16,5,172,91,196,191,183,168,115
462,17,233,250,44,172,69,76,58,109
462,18,0,57,179,77,187,224,239,50
462,19,163,115,130,122,6,191,116,88
462,20,195,234,244,113,85,83,179,26
462,21,164,126,29,38,116,94,85,207
462,22,23,198,113,169,130,207,255,147
462,23,161,189,178,98,62,44,243,88
462,24,63,74,26,44,21,15,34,93
462,25,147,43,61,45,152,146,134,97
462,26,20,148,124,51,86,184,204,197
462,27,200,147,81,98,162,31,181,58
462,28,133,43,5,151,168,172,117,210
462,29,76,87,250,0,172,57,1,165
462,30,179,163,77,187,0,141,105,104
462,31,116,109,4,205,12,191,122,89
462,32,119,181,223,255,90,178,161,3
462,33,93,129,86,83,98,99,77,210
462,34,132,82,74,96,62,130,168,26
462,35,27,160,57,33,154,128,134,72
462,36,222,165,192,20,219,70,224,101
462,37,54,24,229,39,77,36,2,160
462,38,140,64,184,207,117,202,180,99
462,39,186,190,235,162,222,22,6,234
463,0,38,54,167,193,244,44,53,16
463,1,46,47,105,122,58,249,20,25
463,2,128,145,140,53,156,245,104,186
463,3,26,230,233,78,210,143,48,220
463,4,144,81,67,245,213,45,179,91
463,5,90,188,47,193,224,176,135,78
463,6,215,153,60,43,167,54,143,83
463,7,176,117,70,23,185,106,207,42
463,8,239,116,195,104,73,179,234,137
463,9,126,191,113,116,131,164,84,115
463,10,36,198,248,120,169,130,157,238
463,11,233,161,133,86,189,36,102,162
463,12,74,63,93,44,26,15,54,242
463,13,147,33,43,134,97,45,107,15
463,14,20,86,147,51,124,204,224,184
463,15,147,200,81,166,162,181,98,235
463,16,151,156,172,5,43,133,117,196
463,17,44,57,172,76,250,69,5,1
463,18,0,179,128,77,187,226,57,204
463,19,122,12,109,116,191,120,115,205
463,20,195,239,179,234,180,99,164,148
463,21,126,116,191,164,85,38,207,94
463,22,248,198,113,169,130,255,195,86
463,23,36,161,189,111,133,86,62,140
463,24,44,93,74,63,15,26,34,242
463,25,104,33,6,147,63,61,43,45
463,26,86,147,20,148,51,124,204,57
463,27,200,147,162,98,81,97,181,31
463,28,43,151,156,133,255,5,24,117
463,29,57,5,1,76,87,44,172,29
463,30,77,179,169,226,163,187,91,105
463,31,12,122,116,188,191,59,115,109
463,32,223,119,255,181,124,178,132,226
463,33,93,83,86,129,220,73,137,77
463,34,186,1,176,116,62,82,207,96
463,35,66,160,235,202,69,130,57,97
463,36,70,166,136,165,188,120,181,163
463,37,115,163,229,58,25,62,6,66
463,38,159,31,252,191,117,233,180,112
463,39,235,238,189,95,2,38,223,67
464,0,140,173,43,112,200,238,67,95
464,1,46,47,249,181,137,188,140,20
464,2,140,186,82,165,200,20,85,245
464,3,233,117,26,230,103,78,236,89
464,4,245,144,199,246,193,120,249,213
464,5,145,230,220,90,85,255,239,248
464,6,118,96,63,230,145,206,81,181
464,7,176,142,22,221,106,112,47,90
464,8,53,195,239,148,59,106,111,85
464,9,99,126,60,113,63,53,195,150
464,10,23,255,96,43,145,115,78,21
464,11,42,24,214,221,35,110,133,253
464,12,10,21,2,244,111,48,179,176
464,13,34,208,201,170,58,158,205,67
464,14,173,132,34,17,162,143,165,239
464,15,74,90,170,206,145,0,38,84
464,16,191,74,172,24,234,62,115,183
464,17,69,210,161,244,233,217,58,196
464,18,77,54,58,224,64,98,96,92
464,19,208,115,180,127,73,106,62,202
464,20,195,53,148,100,113,150,247,72
464,21,99,143,233,214,135,195,229,1
464,22,245,160,149,223,108,30,28,172
464,23,80,105,121,40,91,117,223,184
464,24,10,244,13,195,116,243,51,127
464,25,34,58,45,208,170,158,183,130
464,26,130,21,163,132,252,248,173,134
464,27,145,90,74,92,139,235,206,219
464,28,191,25,176,74,172,209,158,197
464,29,161,150,69,204,192,196,32,209
464,30,77,224,9,4,140,47,64,122
464,31,95,115,125,61,106,180,203,67
464,32,33,67,241,108,219,212,236,252
464,33,192,123,79,50,29,146,196,51
464,34,16,254,211,61,27,123,168,98
464,35,202,53,60,139,11,206,79,194
464,36,188,154,110,78,63,32,123,121
464,37,199,163,104,103,140,115,139,29
464,38,148,92,239,135,93,118,71,219
464,39,2,38,25,70,189,235,69,78
465,0,57,241,88,238,6,108,59,58
465,1,192,140,181,182,249,152,213,136
465,2,8,49,36,11,21,124,204,248
465,3,106,226,110,29,150,69,173,252
465,4,45,171,255,140,187,28,193,90
465,5,58,220,188,50,87,29,145,85
465,6,14,96,7,183,255,28,210,43
465,7,176,106,175,90,22,5,145,185
465,8,195,148,85,53,179,80,239,72
465,9,69,99,180,126,152,204,1,169
465,10,126,183,157,141,133,6,86,88
465,11,133,39,253,63,28,162,171,188
465,12,212,144,102,21,201,10,164,83
465,13,21,170,45,34,211,58,6,253
465,14,147,204,107,132,34,253,162,217
465,15,166,170,74,98,235,141,37,228
465,16,172,151,120,156,158,191,92,255
465,17,44,233,57,69,95,226,243,161
465,18,77,176,128,98,137,172,226,60
465,19,12,122,50,115,180,202,24,246
465,20,195,53,139,148,216,245,81,72
465,21,126,69,99,210,213,195,158,132
465,22,29,248,86,126,147,149,49,127
465,23,133,140,63,32,163,36,177,34
465,24,212,21,242,127,169,220,251,87
465,25,104,33,45,136,21,64,13,135
465,26,147,204,132,90,200,228,21,107
465,27,74,139,97,170,235,147,168,212
465,28,151,172,120,191,156,124,155,66
465,29,44,161,57,233,69,29,1,165
465,30,176,77,92,169,128,175,98,60
465,31,188,95,180,50,115,122,12,159
465,32,60,132,255,124,241,204,190,52
465,33,50,110,33,108,67,137,229,106
465,34,218,176,123,27,254,93,37,244
465,35,14,202,194,53,87,97,69,236
465,36,135,188,154,78,136,2,153,166
465,37,163,199,104,52,219,1,218,129
465,38,60,239,135,175,133,109,198,27
465,39,110,195,96,184,187,150,243,140
466,0,211,236,60,188,189,144,59,4
466,1,167,32,185,55,118,255,144,14
466,2,91,79,32,61,187,188,6,92
466,3,56,22,93,126,69,201,149,180
466,4,134,28,46,203,140,147,132,197
466,5,0,60,154,164,130,58,91,50
466,6,113,30,12,72,7,69,82,249
466,7,142,175,4,183,252,228,39,225
466,8,53,148,233,72,195,121,38,59
466,9,99,134,3,97,1,32,28,90
466,10,149,217,135,26,207,245,233,147
466,11,216,32,237,204,97,61,44,230
466,12,13,21,38,50,244,133,226,2
466,13,34,180,0,205,13,158,194,208
466,14,173,132,21,17,34,113,44,162
466,15,74,170,0,206,90,97,124,223
466,16,234,191,172,115,24,62,120,158
466,17,69,161,233,210,244,215,8,140
466,18,54,77,176,129,224,92,58,98
466,19,24,115,208,129,180,99,61,127
466,20,195,53,148,233,172,72,161,100
466,21,32,99,143,233,252,195,135,137
466,22,245,149,135,217,207,147,233,146
466,23,133,32,37,180,70,204,216,237
466,24,244,21,50,38,13,127,10,116
466,25,34,208,21,158,0,170,45,194
466,26,132,21,17,248,34,171,173,204
466,27,74,206,97,170,139,145,147,235
466,28,191,120,234,172,254,158,24,102
466,29,161,69,44,233,1,244,171,165
466,30,77,197,129,176,90,225,141,98
466,31,95,115,129,114,122,88,159,59
466,32,146,12,245,255,236,52,254,247
466,33,61,110,166,146,56,143,86,227
466,34,191,121,13,10,254,246,120,252
466,35,202,235,129,14,236,195,194,53
466,36,188,154,78,153,163,160,220,100
466,37,163,100,199,58,232,132,103,86
466,38,0,92,122,61,239,118,175,21
466,39,8,189,176,163,70,58,32,36
467,0,101,179,35,130,197,213,48,9
467,1,62,97,27,47,151,30,216,20
467,2,40,25,252,88,37,205,175,164
467,3,26,230,211,233,204,142,153,205
467,4,15,245,241,102,144,90,246,248
467,5,188,58,50,222,103,220,90,239
467,6,14,237,215,210,133,43,30,246
467,7,112,40,185,106,199,225,2,175
467,8,195,85,35,239,213,148,179,53
467,9,203,180,99,193,85,207,1,131
467,10,157,137,175,132,248,22,26,193
467,11,133,174,42,203,178,188,32,111
467,12,220,160,21,116,11,10,228,12
467,13,29,21,211,34,170,45,183,208
467,14,132,173,44,34,86,248,204,161
467,15,74,172,37,90,139,170,206,147
467,16,120,172,191,24,115,183,181,255
467,17,69,233,95,44,210,166,8,60
467,18,77,197,224,176,83,90,58,22
467,19,115,129,72,122,208,167,88,95
467,20,195,148,53,239,85,100,216,233
467,21,203,99,207,143,180,74,195,228
467,22,116,207,132,236,83,245,147,179
467,23,133,134,98,39,174,187,32,180
467,24,116,21,220,127,10,244,87,229
467,25,208,34,21,45,136,63,170,183
467,26,132,204,86,44,248,173,21,161
467,27,74,24,206,172,139,147,145,212
467,28,24,120,191,47,195,72,96,183
467,29,69,1,161,5,8,222,165,141
467,30,77,91,225,71,175,170,176,64
467,31,95,59,115,240,88,130,124,129
467,32,98,245,158,99,236,47,247,255
467,33,190,126,232,86,166,146,4,215
467,34,116,252,10,161,56,246,247,55
467,35,235,202,218,167,129,236,39,194
467,36,188,78,70,181,153,154,49,120
467,37,163,58,22,199,103,190,124,143
467,38,92,127,118,148,71,212,189,201
467,39,189,248,70,69,2,38,36,213
468,0,29,62,41,65,86,4,211,191
468,1,193,5,124,252,42,14,238,153
468,2,188,255,139,87,157,7,194,55
468,3,30,154,201,11,100,39,219,123
468,4,149,152,4,252,216,121,90,136
468,5,213,153,0,170,58,50,141,148
468,6,102,241,171,96,21,193,100,237
468,7,253,185,199,30,90,32,255,106
468,8,53,148,85,157,216,233,59,195
468,9,99,207,143,204,85,7,166,53
468,10,17,132,178,116,233,100,117,192
468,11,209,164,97,202,17,248,134,98
468,12,228,166,116,10,119,94,201,64
468,13,183,219,50,199,211,192,21,208
468,14,146,44,40,190,161,132,91,81
468,15,24,116,206,79,139,129,237,122
468,16,185,24,138,101,183,191,137,120
468,17,195,69,8,157,165,233,10,89
468,18,77,130,83,176,104,22,98,38
468,19,115,28,122,14,124,137,129,10
468,20,216,148,53,195,72,161,233,235
468,21,99,207,143,233,251,229,98,74
468,22,116,132,17,207,234,147,156,178
468,23,209,133,17,98,134,56,248,184
468,24,116,81,228,166,157,10,229,238
468,25,192,208,45,219,63,21,183,136
468,26,146,132,44,204,78,161,248,58
468,27,206,139,98,24,129,74,100,92
468,28,138,24,191,201,120,72,183,173
468,29,161,165,1,78,69,195,8,244
468,30,77,130,237,66,176,91,64,83
468,31,95,137,59,14,124,67,157,50
468,32,75,245,173,197,14,236,57,97
468,33,5,103,18,161,81,4,146,188
468,34,227,11,247,166,10,235,211,152
468,35,202,198,167,103,194,11,36,63
468,36,188,78,10,48,154,153,186,121
468,37,219,163,199,103,22,124,237,194
468,38,127,185,118,205,212,198,147,8
468,39,34,70,77,120,167,13,45,219
469,0,211,19,254,8,220,159,75,208
469,1,5,230,197,44,235,155,14,165
469,2,149,253,130,241,83,144,52,184
469,3,154,196,243,226,1,182,213,36
469,4,175,134,199,44,29,21,100,171
469,5,0,164,77,42,243,91,130,13
469,6,12,11,102,96,77,168,171,32
469,7,38,96,142,39,30,253,241,252
469,8,53,148,121,59,205,245,233,216
469,9,99,134,3,53,127,179,79,90
469,10,116,146,77,148,132,233,156,206
469,11,97,70,180,134,37,214,56,32
469,12,10,21,116,2,86,202,96,228
469,13,34,208,0,180,183,19,158,83
469,14,173,132,21,44,34,17,113,239
469,15,74,90,0,12,206,170,145,139
469,16,24,191,115,1,172,234,183,62
469,17,69,210,161,4,244,209,233,215
469,18,77,54,176,58,224,64,92,83
469,19,24,115,95,129,127,208,219,180
469,20,53,148,233,195,72,85,161,143
469,21,99,32,143,252,214,233,228,3
469,22,245,149,229,108,207,223,160,254
469,23,180,80,32,97,134,40,216,184
469,24,10,244,41,21,13,116,177,195
469,25,34,208,136,158,180,170,252,117
469,26,132,17,173,248,21,78,113,161
469,27,74,206,145,122,90,139,117,124
469,28,191,24,183,37,172,25,176,234
469,29,69,150,161,165,209,233,19,196
469,30,77,176,83,225,66,143,146,116
469,31,95,115,85,59,88,114,83,219
469,32,14,245,235,144,173,236,12,92
469,33,84,47,139,4,181,146,103,250
469,34,128,18,247,11,10,121,191,246
469,35,202,101,167,129,103,11,194,235
469,36,188,78,154,103,153,44,10,92
469,37,163,199,22,103,162,97,237,59
469,38,127,239,118,198,205,236,145,180
469,39,77,70,219,99,34,30,116,141
470,0,48,211,62,234,201,188,170,144
470,1,80,185,32,14,193,123,144,141
470,2,144,215,111,207,85,50,14,107
470,3,40,22,197,53,201,252,126,72
470,4,134,28,38,175,29,189,75,203
470,5,0,60,58,164,130,99,77,21
470,6,113,12,82,77,30,11,69,219
470,7,4,142,228,253,183,246,175,30
470,8,53,148,59,233,121,38,192,249
470,9,99,134,195,3,28,154,32,68
470,10,149,207,233,183,245,100,217,146
470,11,216,97,164,193,222,32,70,44
470,12,21,50,10,38,228,229,244,133
470,13,34,208,0,115,180,183,170,83
470,14,132,21,173,44,113,248,204,34
470,15,74,139,90,170,206,0,12,145
470,16,24,191,183,230,115,172,234,193
470,17,69,233,210,169,161,21,209,58
470,18,77,176,224,54,83,151,92,58
470,19,115,129,24,95,127,240,88,212
470,20,195,148,53,121,85,72,216,233
470,21,99,143,105,32,98,129,252,229
470,22,149,245,207,147,135,116,137,132
470,23,32,133,222,61,220,44,164,98
470,24,21,10,116,38,11,50,228,12
470,25,34,45,170,208,21,183,101,248
470,26,132,248,204,44,190,173,84,161
470,27,74,24,206,139,145,170,130,92
470,28,24,191,183,120,193,102,230,219
470,29,21,69,19,88,165,233,1,161
470,30,77,162,225,64,91,176,63,232
470,31,157,95,59,115,34,88,85,240
470,32,12,146,179,140,245,236,57,254
470,33,139,162,56,61,166,133,36,104
470,34,195,44,121,10,109,246,238,62
470,35,202,235,148,129,74,236,167,194
470,36,188,78,92,154,39,115,147,227
470,37,163,78,22,199,27,103,226,101
470,38,127,118,239,119,215,87,243,251
470,39,75,158,70,122,99,252,44,31
471,0,166,142,97,150,113,123,215,205
471,1,34,26,87,187,59,5,132,181
471,2,252,35,146,162,215,164,55,197
471,3,146,135,211,84,46,31,142,176
471,4,161,167,65,14,67,13,214,248
471,5,204,161,104,239,235,10,51,109
471,6,215,167,43,28,93,62,135,96
471,7,91,112,185,29,253,225,106,221
471,8,33,89,85,59,105,10,125,148
471,9,39,94,29,132,99,143,228,195
471,10,248,207,216,175,192,132,41,6
471,11,20,133,98,36,185,203,82,180
471,12,21,10,63,228,252,27,160,116
471,13,34,29,33,15,208,183,21,170
471,14,173,132,34,184,147,44,21,248
471,15,74,90,24,65,139,170,206,124
471,16,191,24,120,115,151,172,62,158
471,17,69,210,244,161,195,58,233,95
471,18,77,54,224,58,98,148,83,176
471,19,115,129,208,24,127,240,95,192
471,20,53,33,85,148,113,100,195,233
471,21,99,39,143,233,195,132,129,137
471,22,245,189,207,149,147,96,28,167
471,23,133,180,223,36,20,4,140,95
471,24,21,244,167,10,127,12,43,133
471,25,34,15,170,63,208,45,33,104
471,26,173,132,248,34,239,42,204,21
471,27,74,65,145,24,206,170,90,139
471,28,191,24,156,168,120,25,151,115
471,29,172,58,1,69,233,161,210,244
471,30,77,148,225,187,71,175,128,98
471,31,115,130,95,240,59,88,12,129
471,32,99,113,245,236,238,246,158,6
471,33,190,232,41,28,86,136,107,215
471,34,88,161,62,10,97,252,56,34
471,35,235,202,129,218,236,161,167,142
471,36,207,188,78,154,246,248,152,160
471,37,163,161,67,22,135,199,16,143
471,38,71,234,9,127,30,118,239,201
471,39,92,250,248,1,69,9,246,70
472,0,106,22,6,66,212,46,218,121
472,1,223,191,73,128,250,189,239,86
472,2,22,87,198,76,10,121,16,61
472,3,76,146,30,98,255,14,238,97
472,4,242,65,118,138,67,122,199,14
472,5,14,67,254,100,10,161,58,97
472,6,2,43,178,19,125,170,28,88
472,7,44,91,4,112,185,40,56,108
472,8,85,33,148,53,213,103,212,142
472,9,240,156,132,217,207,99,85,105
472,10,161,207,62,248,253,167,132,250
472,11,49,203,36,195,109,133,95,98
472,12,21,228,12,10,112,116,253,144
472,13,34,15,142,33,183,45,208,29
472,14,173,132,147,34,44,41,153,36
472,15,24,74,90,170,206,70,139,60
472,16,191,168,24,115,158,183,247,151
472,17,195,210,69,58,110,233,34,244
472,18,77,224,112,58,98,104,83,53
472,19,115,129,12,72,208,240,199,225
472,20,216,53,85,33,195,100,148,113
472,21,240,99,132,105,143,246,233,16
472,22,207,189,245,147,149,246,75,161
472,23,133,36,109,95,186,180,98,203
472,24,228,21,10,244,255,133,43,167
472,25,34,63,15,208,45,104,33,170
472,26,173,132,34,36,248,162,147,58
472,27,24,145,74,206,170,14,90,37
472,28,120,168,24,191,115,204,156,183
472,29,110,213,195,233,1,58,165,69
472,30,112,77,225,71,128,98,222,53
472,31,115,240,59,225,88,176,129,95
472,32,245,116,238,6,236,52,158,255
472,33,136,182,232,244,41,28,107,79
472,34,205,10,56,9,161,97,252,239
472,35,235,132,130,129,202,218,11,128
472,36,232,163,78,233,140,220,99,165
472,37,163,67,161,252,115,135,51,86
472,38,93,9,234,30,164,117,31,137
472,39,246,1,248,9,250,92,25,70
473,0,144,211,62,4,234,188,100,232
473,1,198,193,134,79,128,109,189,170
473,2,239,64,92,76,150,86,16,177
473,3,30,155,201,11,214,177,173,76
473,4,94,98,152,112,133,138,187,182
473,5,50,58,62,175,210,240,68,153
473,6,43,2,19,92,59,125,52,178
473,7,181,185,243,21,142,112,5,40
473,8,85,148,246,195,53,80,12,207
473,9,99,207,120,229,143,204,49,123
473,10,207,132,192,34,183,58,75,210
473,11,130,98,180,153,238,133,234,116
473,12,228,21,10,144,161,116,188,177
473,13,15,45,145,34,183,41,192,170
473,14,204,253,36,107,45,173,132,44
473,15,24,248,74,98,170,235,60,27
473,16,134,168,191,24,141,185,183,166
473,17,233,195,69,44,58,95,24,210
473,18,122,77,69,60,33,92,104,140
473,19,50,115,233,180,188,122,129,148
473,20,195,216,53,85,105,253,34,87
473,21,43,153,246,99,166,16,195,143
473,22,147,149,86,88,207,164,212,210
473,23,133,63,32,153,249,4,163,34
473,24,169,21,87,251,77,216,255,4
473,25,45,112,21,95,192,82,174,184
473,26,36,162,34,87,132,204,200,216
473,27,24,97,98,170,74,206,202,29
473,28,124,120,141,191,166,87,228,66
473,29,233,161,195,69,165,127,95,244
473,30,77,92,69,122,98,132,74,176
473,31,50,180,115,148,188,208,176,10
473,32,52,146,255,195,241,165,115,63
473,33,50,97,110,189,37,67,137,145
473,34,218,212,117,123,255,31,254,37
473,35,202,194,14,53,103,130,64,11
473,36,188,154,78,234,135,121,201,230
473,37,163,199,237,1,61,85,103,226
473,38,239,135,198,175,93,25,191,205
473,39,140,25,235,193,225,81,76,237
474,0,241,135,108,57,88,61,59,83
474,1,192,40,48,74,135,140,146,136
474,2,36,8,174,202,99,168,115,142
474,3,106,29,173,9,226,151,110,161
474,4,171,69,150,97,64,232,66,87
474,5,215,25,234,220,21,20,200,57
474,6,254,139,127,21,163,248,211,225
474,7,142,175,195,165,241,63,194,104
474,8,53,148,195,72,85,59,233,106
474,9,99,69,1,241,150,63,229,166
474,10,217,78,176,23,240,88,43,96
474,11,42,135,32,39,204,24,82,181
474,12,10,21,2,88,91,244,176,202
474,13,34,208,158,170,205,184,174,118
474,14,34,173,132,17,143,162,161,239
474,15,74,90,206,170,0,145,84,122
474,16,191,24,74,234,125,62,4,158
474,17,244,210,69,58,4,204,161,233
474,18,54,77,58,143,98,92,224,96
474,19,208,115,180,219,24,127,129,95
474,20,53,148,195,100,24,233,144,150
474,21,99,143,233,214,195,32,137,135
474,22,245,160,217,30,229,28,44,194
474,23,80,180,32,40,242,48,105,33
474,24,244,13,10,195,127,177,51,116
474,25,34,170,208,158,252,194,58,45
474,26,132,173,21,17,248,78,130,161
474,27,74,206,139,145,92,170,221,90
474,28,191,74,200,25,165,234,172,183
474,29,150,161,209,192,196,69,204,58
474,30,77,4,92,54,122,224,52,146
474,31,115,95,180,241,240,61,106,67
474,32,33,108,7,236,60,8,204,246
474,33,192,50,146,33,123,79,229,110
474,34,16,254,123,27,40,218,250,61
474,35,53,202,103,11,139,194,142,236
474,36,154,188,78,135,110,187,160,89
474,37,163,199,206,237,104,1,129,103
474,38,239,135,60,103,198,144,45,175
474,39,96,140,110,195,184,187,243,175
475,0,211,236,189,60,188,59,144,201
475,1,167,55,32,185,118,144,255,121
475,2,91,32,222,187,174,115,6,79
475,3,56,93,22,126,69,112,149,120
475,4,46,28,134,147,244,197,38,189
475,5,60,0,154,42,130,73,164,91
475,6,113,30,69,12,7,72,210,249
475,7,142,4,175,252,190,183,30,225
475,8,53,148,216,233,59,121,72,195
475,9,99,134,97,3,154,28,32,6
475,10,135,149,217,147,207,245,100,233
475,11,32,216,164,43,204,63,237,166
475,12,13,21,38,240,10,244,73,202
475,13,34,115,215,170,248,208,180,87
475,14,34,132,21,173,190,162,247,153
475,15,74,90,206,193,170,173,139,0
475,16,191,254,120,230,172,158,104,56
475,17,69,233,161,210,171,244,19,95
475,18,54,92,77,129,176,143,98,141
475,19,180,208,115,99,24,94,50,188
475,20,53,195,148,100,161,233,24,144
475,21,99,143,233,32,135,195,27,183
475,22,245,135,217,149,233,147,100,229
475,23,32,133,180,204,33,157,242,216
475,24,244,13,127,240,38,21,177,131
475,25,34,115,215,208,87,248,158,252
475,26,132,21,248,205,78,34,17,57
475,27,74,206,117,97,139,18,122,170
475,28,191,234,120,254,124,172,101,56
475,29,161,171,233,69,244,209,58,19
475,30,77,92,129,143,141,236,116,132
475,31,180,99,50,157,95,115,125,203
475,32,12,146,109,143,209,30,82,78
475,33,61,110,146,50,229,4,91,196
475,34,13,121,218,254,166,123,40,109
475,35,202,8,103,53,11,164,142,236
475,36,154,78,188,4,160,135,201,170
475,37,163,132,237,199,1,103,186,196
475,38,239,217,43,198,175,122,143,135
475,39,8,32,103,140,237,161,211,57
476,0,211,77,188,232,137,162,224,184
476,1,40,214,30,234,22,209,198,85
476,2,205,112,91,44,252,207,2,61
476,3,14,109,192,247,153,201,163,216
476,4,147,46,206,134,203,69,248,19
476,5,0,64,42,19,129,22,251,111
476,6,195,72,30,12,102,125,212,123
476,7,166,142,4,141,98,225,187,165
476,8,53,148,59,172,72,233,171,121
476,9,99,32,3,134,214,28,221,1
476,10,135,109,147,149,116,233,217,245
476,11,167,32,222,180,97,204,237,15
476,12,240,10,21,38,47,50,2,137
476,13,34,101,215,170,248,45,208,21
476,14,190,132,196,105,161,173,95,144
476,15,147,98,206,74,85,130,35,122
476,16,172,191,230,120,254,166,255,101
476,17,233,69,44,119,156,95,220,225
476,18,92,129,77,33,137,250,138,31
476,19,60,180,115,148,48,249,122,94
476,20,195,216,47,53,148,233,36,185
476,21,207,99,135,131,214,230,166,219
476,22,137,135,70,109,6,116,20,147
476,23,167,222,63,174,32,133,56,136
476,24,50,242,240,38,131,115,47,238
476,25,101,215,45,0,87,248,240,203
476,26,92,171,144,196,44,204,170,50
476,27,97,130,112,128,12,47,98,216
476,28,254,120,105,59,10,204,179,216
476,29,233,126,170,165,94,54,119,36
476,30,129,92,18,116,143,209,151,42
476,31,55,157,180,60,10,49,176,37
476,32,12,146,92,78,173,248,255,101
476,33,167,176,4,110,67,229,137,61
476,34,13,121,249,80,166,40,108,109
476,35,44,136,64,19,106,195,115,176
476,36,126,55,21,79,149,77,178,163
476,37,196,132,214,68,100,86,49,189
476,38,87,239,122,252,191,196,132,143
476,39,8,224,251,103,237,5,65,66
477,0,240,52,164,96,17,128,198,159
477,1,199,195,27,231,37,222,209,80
477,2,172,224,2,171,7,148,112,123
477,3,14,163,22,138,201,216,197,112
477,4,134,147,46,38,216,206,148,152
477,5,0,42,64,50,19,175,251,22
477,6,72,195,125,30,82,249,96,12
477,7,142,4,166,246,225,30,187,98
477,8,53,148,121,59,233,85,72,50
477,9,99,32,221,3,134,28,179,1
477,10,217,207,179,135,149,245,147,233
477,11,180,82,237,222,32,167,112,221
477,12,21,10,137,38,2,58,50,184
477,13,34,170,101,248,215,208,15,0
477,14,17,173,34,184,132,143,110,162
477,15,74,6,122,170,0,12,198,84
477,16,234,191,172,24,166,230,254,91
477,17,210,233,69,244,96,58,21,153
477,18,54,77,129,92,144,58,98,239
477,19,115,208,180,219,163,94,60,24
477,20,53,195,100,121,24,148,233,50
477,21,32,99,143,122,233,207,27,58
477,22,137,207,245,217,149,135,147,233
477,23,32,180,126,167,222,174,220,136
477,24,21,50,10,38,244,158,242,184
477,25,34,101,45,0,208,170,174,248
477,26,132,171,162,17,92,42,36,184
477,27,170,74,145,60,206,12,235,24
477,28,193,168,191,228,91,151,234,254
477,29,233,94,88,119,9,58,1,69
477,30,116,77,162,232,99,98,129,225
477,31,183,115,34,49,95,88,59,249
477,32,146,125,140,109,12,170,78,161
477,33,167,61,181,90,166,56,132,250
477,34,121,20,109,44,13,120,238,195
477,35,74,190,148,187,64,128,21,78
477,36,93,115,39,227,85,143,220,9
477,37,101,100,169,179,19,127,86,74
477,38,61,176,191,143,8,122,245,18
477,39,163,8,193,176,106,133,57,22
478,0,179,130,145,119,91,213,197,168
478,1,139,64,106,0,216,87,59,136
478,2,40,37,175,25,252,7,88,55
478,3,59,142,204,205,80,208,29,135
478,4,128,241,131,191,230,15,198,151
478,5,78,58,51,175,41,22,30,83
478,6,30,43,249,54,239,210,21,255
478,7,216,230,72,142,204,225,106,33
478,8,195,85,89,148,21,80,160,53
478,9,77,228,99,29,69,164,94,143
478,10,130,23,113,137,149,207,147,169
478,11,133,174,161,136,180,32,178,189
478,12,21,242,63,10,160,74,26,240
478,13,21,147,43,170,61,215,97,45
478,14,50,20,184,92,173,124,132,161
478,15,200,81,147,97,189,98,170,206
478,16,172,255,5,91,191,120,25,196
478,17,119,233,44,172,95,76,250,109
478,18,0,179,57,77,187,50,13,239
478,19,163,23,122,6,130,115,241,249
478,20,195,234,83,179,185,113,56,139
478,21,126,164,29,38,94,85,131,177
478,22,23,130,113,169,198,248,147,22
478,23,161,189,136,178,98,243,187,174
478,24,242,63,74,44,26,160,38,21
478,25,61,147,43,97,104,45,152,63
478,26,20,50,92,148,124,184,171,51
478,27,200,189,81,98,147,170,150,23
478,28,151,133,43,172,5,91,196,255
478,29,119,76,44,57,1,250,175,172
478,30,0,179,77,105,132,187,24,133
478,31,4,191,122,205,12,163,109,183
478,32,181,131,255,3,161,98,10,125
478,33,126,86,90,227,77,88,137,215
478,34,91,20,96,62,203,168,74,14
478,35,21,231,47,128,160,130,64,232
478,36,2,93,165,220,144,112,219,9
478,37,65,101,96,19,86,68,54,2
478,38,61,191,111,117,18,140,254,21
478,39,117,228,163,139,253,235,225,129
479,0,141,235,221,253,208,190,125,158
479,1,93,244,47,46,155,182,197,68
479,2,17,145,103,57,109,34,163,176
479,3,235,187,231,133,152,204,12,77
479,4,128,236,142,214,13,234,144,95
479,5,193,41,224,78,47,186,90,99
479,6,54,153,43,215,167,60,83,239
479,7,29,23,185,216,106,72,33,118
479,8,195,234,89,137,116,239,105,83
479,9,164,126,116,94,29,228,191,38
479,10,198,169,130,113,23,248,36,167
479,11,161,189,133,233,136,86,128,140
479,12,74,242,63,93,26,15,44,161
479,13,147,43,45,134,61,97,130,95
479,14,20,50,51,184,124,214,204,161
479,15,147,200,81,98,189,181,162,235
479,16,172,133,5,196,43,117,151,51
479,17,44,76,119,250,172,109,87,69
479,18,179,0,57,187,77,43,161,50
479,19,116,109,122,20,191,12,163,205
479,20,195,234,179,83,239,180,99,52
479,21,126,164,116,94,191,29,38,35
479,22,198,130,169,113,248,255,195,234
479,23,161,189,62,128,36,86,98,136
479,24,74,63,93,26,44,15,34,242
479,25,147,43,134,61,6,45,63,152
479,26,20,51,148,124,86,50,204,231
479,27,200,81,162,147,58,181,31,98
479,28,133,43,5,151,170,196,72,24
479,29,76,87,172,250,119,0,57,1
479,30,179,187,163,16,205,226,77,91
479,31,116,4,205,109,39,12,191,183
479,32,119,181,223,90,134,131,178,47
479,33,86,93,83,183,238,129,215,92
479,34,96,207,82,62,21,252,132,1
479,35,160,57,235,27,167,145,218,42
479,36,222,70,120,248,181,98,20,233
479,37,39,58,229,143,118,6,54,2
479,38,64,180,237,202,159,140,117,233
479,39,186,190,235,133,222,11,56,24
480,0,38,54,167,193,244,44,112,16
480,1,46,47,105,122,58,249,20,25
480,2,145,53,245,140,186,128,85,156
480,3,26,230,233,78,103,210,143,140
480,4,81,144,67,245,213,45,91,234
480,5,90,188,224,47,78,193,255,176
480,6,60,215,54,206,153,131,191,96
480,7,176,117,70,54,106,231,207,55
480,8,239,104,116,73,195,179,218,185
480,9,126,113,191,116,30,25,56,224
480,10,248,100,175,157,211,115,238,212
480,11,133,233,140,246,36,162,41,112
480,12,44,93,144,242,54,112,164,62
480,13,33,6,61,138,11,15,206,107
480,14,147,86,50,204,200,214,185,57
480,15,166,189,147,98,228,181,37,162
480,16,151,156,172,133,43,255,120,212
480,17,44,57,5,110,69,166,1,233
480,18,128,226,77,179,172,204,22,192
480,19,12,122,120,115,109,88,191,205
480,20,195,239,234,185,148,179,180,33
480,21,126,116,191,164,207,85,229,38
480,22,248,161,157,236,147,234,86,132
480,23,140,36,133,111,189,98,47,42
480,24,93,44,220,116,39,212,154,102
480,25,33,6,45,61,138,104,15,145
480,26,147,204,86,118,50,231,132,148
480,27,98,200,147,162,181,206,169,102
480,28,156,43,151,72,133,24,47,172
480,29,5,1,57,76,44,172,69,250
480,30,77,91,179,226,187,128,71,192
480,31,59,12,122,115,88,167,109,191
480,32,223,119,47,255,181,178,158,90
480,33,86,93,183,83,129,238,232,73
480,34,207,116,186,252,96,1,82,10
480,35,160,167,235,218,202,57,36,130
480,36,70,181,248,120,188,153,166,119
480,37,58,190,22,143,229,31,39,163
480,38,92,148,118,127,189,3,71,227
480,39,189,38,238,70,248,2,160,69
481,0,140,43,173,112,200,238,95,67
481,1,46,47,249,137,181,188,20,25
481,2,186,140,82,165,85,200,245,204
481,3,233,117,26,103,230,78,236,210
481,4,245,144,199,213,246,249,120,81
481,5,85,230,255,224,248,239,90,220
481,6,96,118,63,81,160,206,230,179
481,7,176,22,221,47,106,112,54,72
481,8,195,239,106,53,59,111,73,148
481,9,126,113,53,99,127,60,201,246
481,10,115,183,96,93,240,215,189,231
481,11,253,42,181,41,133,51,214,249
481,12,10,88,21,212,83,117,102,213
481,13,34,205,6,58,208,170,67,15
481,14,132,34,173,248,162,161,165,247
481,15,74,206,90,170,98,145,235,147
481,16,172,191,74,151,166,104,156,228
481,17,44,233,69,161,210,244,1,249
481,18,77,54,224,176,98,140,92,133
481,19,208,115,95,24,122,25,180,129
481,20,195,53,148,85,72,100,144,150
481,21,99,143,233,195,74,150,36,214
481,22,149,147,245,236,207,116,161,86
481,23,140,32,80,204,90,111,63,34
481,24,220,116,127,21,161,244,229,81
481,25,34,45,208,58,138,6,170,130
481,26,204,59,132,118,147,252,162,21
481,27,98,206,147,74,139,177,212,235
481,28,172,156,191,24,151,47,72,73
481,29,1,5,44,69,57,158,233,244
481,30,77,97,128,169,226,91,98,176
481,31,122,59,95,12,115,191,120,139
481,32,223,255,158,47,178,236,247,194
481,33,190,81,41,74,122,146,50,110
481,34,116,10,246,247,161,97,1,235
481,35,202,167,36,235,130,11,224,244
481,36,70,188,181,153,78,166,120,207
481,37,58,22,190,31,143,103,229,35
481,38,92,148,71,118,127,189,3,79
481,39,189,2,38,69,70,248,213,78
482,0,172,63,188,144,66,111,202,236
482,1,198,124,91,187,128,193,86,242
482,2,60,255,219,49,58,133,188,80
482,3,30,116,92,202,177,157,199,70
482,4,98,54,94,152,112,88,71,37
482,5,27,11,153,144,2,147,251,18
482,6,52,183,14,166,73,68,43,55
482,7,185,56,158,76,181,171,187,32
482,8,173,35,65,86,4,52,85,212
482,9,207,156,98,215,120,197,85,227
482,10,24,161,132,72,114,196,9,157
482,11,247,98,27,210,255,130,195,114
482,12,43,191,155,116,15,138,39,1
482,13,113,168,142,219,29,38,145,6
482,14,204,86,231,167,41,93,214,106
482,15,147,203,169,37,235,98,181,206
482,16,181,47,170,212,72,119,32,231
482,17,44,1,197,69,89,218,236,8
482,18,77,22,159,91,226,71,69,138
482,19,122,59,115,88,183,212,30,171
482,20,195,148,65,4,85,53,35,72
482,21,215,156,207,120,99,229,1,239
482,22,161,132,157,236,24,9,72,147
482,23,247,130,195,27,98,255,153,249
482,24,116,191,43,39,138,154,15,223
482,25,142,113,168,45,6,145,160,219
482,26,204,231,132,167,44,214,96,106
482,27,203,98,206,147,177,169,37,74
482,28,47,72,119,54,170,26,116,51
482,29,1,218,236,69,44,141,89,8
482,30,77,91,69,71,159,97,225,175
482,31,59,115,122,233,88,228,30,124
482,32,195,255,47,247,185,221,194,159
482,33,97,244,37,217,6,96,94,81
482,34,188,212,255,10,19,54,187,81
482,35,196,167,212,202,36,235,218,14
482,36,188,234,153,0,239,8,78,248
482,37,22,124,90,220,163,199,209,103
482,38,127,118,22,86,212,79,189,254
482,39,30,145,116,34,23,16,70,36
483,0,80,136,69,93,233,14,226,98
483,1,120,92,234,91,171,187,57,96
483,2,84,56,225,134,54,173,33,201
483,3,148,105,70,194,116,33,141,143
483,4,254,37,98,119,172,20,112,138
483,5,11,27,194,144,221,169,114,153
483,6,52,55,90,43,170,44,88,154
483,7,56,181,185,158,106,225,140,47
483,8,85,148,53,35,195,72,59,42
483,9,99,215,207,120,85,178,143,88
483,10,24,132,207,178,84,0,114,63
483,11,247,98,27,210,195,66,181,255
483,12,43,10,191,154,116,164,21,56
483,13,34,168,183,208,113,170,205,142
483,14,132,173,34,204,248,161,21,165
483,15,74,90,139,206,170,145,120,124
483,16,191,195,172,181,183,158,47,24
483,17,69,210,161,44,1,209,8,58
483,18,77,22,54,224,225,91,159,58
483,19,115,88,59,95,208,240,199,129
483,20,195,85,148,53,72,100,143,24
483,21,99,143,215,233,1,229,148,207
483,22,236,132,24,207,149,147,245,161
483,23,32,247,27,249,210,44,195,140
483,24,43,116,21,10,244,191,176,161
483,25,34,168,170,45,208,83,142,145
483,26,132,204,44,73,21,248,187,231
483,27,74,203,235,170,98,169,139,145
483,28,47,172,72,191,119,54,195,24
483,29,218,1,141,44,69,222,8,236
483,30,71,77,91,159,225,175,138,83
483,31,59,199,115,95,91,88,228,122
483,32,89,221,255,47,185,236,159,201
483,33,105,244,107,96,121,58,215,49
483,34,81,56,252,208,21,12,10,95
483,35,132,218,167,235,22,36,99,61
483,36,246,152,188,248,253,153,195,117
483,37,143,161,67,135,22,158,124,153
483,38,30,9,234,127,118,101,195,201
483,39,246,250,1,203,92,248,70,252
484,0,144,210,92,234,4,84,62,111
484,1,198,95,193,79,255,100,195,128
484,2,84,92,56,150,159,201,86,110
484,3,148,30,201,177,155,199,15,11
484,4,94,152,98,37,8,71,112,216
484,5,153,81,115,2,194,27,58,144
484,6,52,92,200,235,55,154,125,43
484,7,181,158,185,243,21,187,227,183
484,8,85,53,148,246,72,195,86,233
484,9,120,99,215,207,98,143,85,233
484,10,9,132,207,178,99,8,218,26
484,11,153,130,98,255,247,170,15,111
484,12,116,10,59,154,191,176,56,39
484,13,199,183,113,168,34,145,170,38
484,14,173,132,165,18,204,214,93,162
484,15,248,74,120,90,139,169,0,14
484,16,195,191,47,181,26,183,54,72
484,17,69,236,8,210,1,58,44,161
484,18,77,69,58,22,91,225,54,224
484,19,115,88,70,59,208,51,233,122
484,20,85,148,53,195,233,35,72,118
484,21,99,120,215,143,233,178,207,229
484,22,9,132,245,0,207,161,165,26
484,23,153,130,15,101,195,247,111,49
484,24,116,244,176,10,154,138,149,191
484,25,34,168,208,142,199,183,45,200
484,26,132,248,21,204,44,173,161,165
484,27,74,248,139,120,206,166,90,169
484,28,54,191,122,195,231,26,230,47
484,29,236,1,102,69,161,222,141,204
484,30,77,69,91,225,64,6,97,175
484,31,59,233,95,51,115,88,240,122
484,32,194,146,195,236,255,247,47,199
484,33,97,94,37,75,181,21,81,146
484,34,187,212,19,54,10,246,255,235
484,35,202,60,167,36,11,16,244,14
484,36,188,234,0,78,8,153,119,154
484,37,22,199,163,103,147,124,220,90
484,38,22,118,127,59,121,212,86,175
484,39,145,116,30,16,252,70,58,34
485,0,82,181,107,251,68,39,246,83
485,1,183,9,89,92,40,8,222,145
485,2,209,132,166,19,173,142,191,197
485,3,217,169,45,134,4,179,174,147
485,4,20,133,7,184,152,156,182,172
485,5,174,19,159,250,114,153,81,194
485,6,149,194,89,160,125,145,43,52
485,7,195,185,158,243,90,21,148,187
485,8,53,148,85,59,68,125,42,159
485,9,120,99,207,143,233,229,179,5
485,10,68,132,191,245,63,207,178,34
485,11,64,130,207,148,98,15,181,180
485,12,10,116,206,154,210,176,106,244
485,13,34,164,230,183,208,50,232,170
485,14,173,132,21,34,162,248,247,191
485,15,74,90,221,120,139,0,124,145
485,16,191,62,195,183,239,122,125,235
485,17,161,69,210,26,58,244,209,169
485,18,77,55,58,54,225,22,83,91
485,19,237,115,208,129,24,88,240,95
485,20,85,148,53,100,233,72,195,143
485,21,99,233,143,120,229,228,1,202
485,22,68,245,132,34,149,197,108,236
485,23,64,44,105,216,207,211,223,93
485,24,116,244,10,149,210,176,21,138
485,25,34,164,208,183,168,200,170,45
485,26,132,204,44,21,73,215,248,227
485,27,74,120,169,116,139,241,206,110
485,28,185,20,149,122,191,72,119,195
485,29,26,1,141,101,161,204,222,65
485,30,55,77,91,190,69,225,64,45
485,31,237,59,233,95,240,115,88,124
485,32,224,206,236,178,47,197,199,255
485,33,201,179,156,217,81,21,12,146
485,34,49,217,213,10,246,247,188,90
485,35,224,202,167,214,244,36,212,11
485,36,24,255,188,119,129,154,239,78
485,37,50,22,90,199,147,103,163,14
485,38,146,86,127,118,121,79,59,212
485,39,85,13,177,30,116,252,130,70
486,0,254,211,75,163,191,8,109,26
486,1,91,187,167,236,193,226,14,252
486,2,37,170,175,221,225,193,187,42
486,3,22,201,69,126,154,196,23,112
486,4,134,175,243,28,152,121,29,155
486,5,0,58,164,50,185,60,173,77
486,6,173,149,237,12,125,210,195,212
486,7,39,104,183,30,225,175,166,227
486,8,53,148,121,38,59,72,233,7
486,9,99,32,134,90,101,233,3,28
486,10,245,217,233,197,77,190,132,148
486,11,241,216,105,70,44,237,63,117
486,12,149,10,13,32,38,50,110,12
486,13,34,204,170,0,180,230,148,183
486,14,173,132,163,21,191,17,34,165
486,15,221,0,74,79,90,170,14,145
486,16,191,1,234,183,197,115,56,235
486,17,161,210,58,69,244,19,223,215
486,18,58,77,54,55,225,83,66,32
486,19,219,115,208,24,48,127,95,231
486,20,53,148,85,38,121,172,195,72
486,21,99,32,233,143,229,195,129,228
486,22,245,233,132,148,146,135,77,103
486,23,105,70,164,216,44,223,241,37
486,24,116,50,149,244,10,166,210,176
486,25,34,230,208,183,0,170,145,148
486,26,132,21,196,204,44,73,239,162
486,27,0,35,221,206,79,130,139,169
486,28,56,219,191,53,183,234,102,82
486,29,19,1,54,204,161,222,69,223
486,30,55,77,66,143,91,225,151,209
486,31,59,83,219,157,88,85,95,247
486,32,28,14,235,236,173,86,92,26
486,33,47,250,198,104,36,161,146,84
486,34,164,94,185,18,246,128,121,10
486,35,202,148,167,129,190,44,36,254
486,36,188,44,153,154,227,78,129,148
486,37,162,22,199,103,14,163,147,196
486,38,127,118,59,79,52,239,45,185
486,39,77,116,30,70,130,141,252,99
487,0,211,62,138,20,48,163,170,174
487,1,75,178,193,80,8,236,175,219
487,2,225,207,111,42,31,40,157,161
487,3,22,201,126,69,85,23,14,147
487,4,148,44,152,134,243,221,29,38
487,5,58,0,50,164,128,185,173,122
487,6,125,149,237,30,25,12,210,212
487,7,246,38,104,175,142,183,185,158
487,8,53,148,121,85,59,233,72,118
487,9,99,90,179,134,233,225,150,243
487,10,233,245,132,137,34,242,217,172
487,11,44,220,70,222,216,97,105,174
487,12,10,149,157,176,38,116,2,244
487,13,34,183,208,230,148,0,170,83
487,14,132,173,163,44,21,115,158,34
487,15,221,235,90,74,0,169,139,16
487,16,191,195,183,197,25,219,1,56
487,17,69,210,21,217,161,209,8,222
487,18,77,225,58,91,22,83,151,141
487,19,115,85,59,88,48,129,95,240
487,20,121,85,148,53,233,195,89,159
487,21,99,98,233,229,215,1,211,32
487,22,132,34,242,233,245,146,137,148
487,23,220,44,222,201,164,70,174,59
487,24,116,11,149,157,210,10,50,55
487,25,101,140,230,183,222,139,19,113
487,26,203,132,44,204,231,73,96,18
487,27,169,28,3,171,249,98,146,99
487,28,193,47,72,219,102,186,190,56
487,29,1,19,88,21,222,169,61,141
487,30,91,162,50,232,63,225,141,77
487,31,59,88,85,34,28,157,95,247
487,32,86,92,179,236,109,28,125,47
487,33,139,181,36,104,133,54,84,162
487,34,238,44,5,240,90,10,94,195
487,35,148,212,190,167,36,202,74,129
487,36,227,188,39,26,147,142,115,153
487,37,78,22,27,15,193,153,209,199
487,38,119,215,118,127,251,139,185,254
487,39,158,72,122,36,70,203,44,244
488,0,29,218,86,65,41,212,4,2
488,1,13,120,43,92,66,255,89,149
488,2,107,63,207,252,212,35,93,40
488,3,247,177,30,14,148,58,42,199
488,4,164,152,180,231,239,55,123,139
488,5,2,67,27,115,81,153,254,19
488,6,114,52,245,125,200,154,92,238
488,7,158,185,108,243,161,187,104,32
488,8,85,220,246,86,212,148,233,107
488,9,207,98,215,161,14,85,99,120
488,10,17,132,207,252,9,178,117,34
488,11,209,116,202,170,98,255,145,101
488,12,116,160,59,11,10,56,157,55
488,13,199,183,113,92,28,29,111,140
488,14,132,18,173,204,214,165,44,161
488,15,169,74,221,0,171,124,14,147
488,16,195,47,193,32,72,191,170,231
488,17,1,8,78,69,88,222,16,89
488,18,91,77,22,225,188,58,232,130
488,19,59,115,88,183,70,211,108,145
488,20,148,85,212,4,180,233,195,164
488,21,207,229,215,233,99,98,1,161
488,22,132,216,17,34,9,165,116,207
488,23,209,116,98,255,170,173,44,59
488,24,116,128,160,223,39,59,56,15
488,25,113,97,140,160,92,139,183,19
488,26,231,18,132,96,204,179,44,146
488,27,169,3,171,249,124,177,146,57
488,28,193,47,196,72,195,189,95,32
488,29,88,1,78,49,21,61,89,157
488,30,232,162,91,50,77,16,250,225
488,31,59,34,88,183,28,151,4,95
488,32,75,125,179,86,47,236,116,254
488,33,5,161,104,132,6,182,143,36
488,34,238,44,205,227,10,20,28,177
488,35,148,190,74,235,167,202,36,180
488,36,227,115,39,188,147,19,153,78
488,37,78,27,65,22,169,113,16,193
488,38,215,169,119,251,118,127,96,80
488,39,158,122,117,72,70,252,182,179
489,0,132,158,141,125,190,115,47,221
489,1,93,244,155,197,188,182,58,233
489,2,29,57,27,109,17,74,210,145
489,3,187,133,235,174,158,117,190,103
489,4,142,236,128,95,222,87,214,130
489,5,47,193,78,90,41,65,127,112
489,6,153,52,60,206,167,138,54,196
489,7,29,23,117,185,64,216,78,123
489,8,116,234,99,180,23,239,77,57
489,9,164,239,191,2,161,84,170,9
489,10,169,198,125,130,65,185,36,61
489,11,161,189,128,206,86,233,160,98
489,12,74,134,254,128,63,26,93,15
489,13,147,32,134,43,74,78,154,45
489,14,20,124,88,137,148,51,50,64
489,15,200,147,81,58,162,148,242,181
489,16,5,133,196,134,51,35,174,43
489,17,198,250,76,0,89,172,87,61
489,18,179,134,57,163,50,43,0,124
489,19,116,20,109,191,36,57,205,183
489,20,234,99,239,137,180,207,83,179
489,21,164,191,239,94,29,127,126,35
489,22,169,198,130,125,185,65,113,234
489,23,189,161,86,206,128,62,22,249
489,24,93,74,63,26,235,44,15,34
489,25,134,147,43,6,182,251,107,154
489,26,148,20,51,124,88,32,137,86
489,27,58,200,147,81,162,31,181,165
489,28,133,43,5,170,9,106,196,252
489,29,87,76,0,250,172,20,153,211
489,30,163,179,43,187,226,77,89,16
489,31,116,109,4,205,39,20,191,30
489,32,119,181,90,134,131,185,178,77
489,33,93,129,83,183,86,43,92,184
489,34,82,96,207,26,132,1,85,84
489,35,160,57,84,42,72,27,145,108
489,36,22,222,70,120,20,83,181,192
489,37,229,182,39,190,58,31,138,86
489,38,151,148,64,92,71,202,121,143
489,39,186,38,69,154,190,217,189,2
490,0,38,167,193,54,238,206,244,30
490,1,182,140,46,47,122,201,58,103
490,2,49,20,29,219,129,140,233,245
490,3,128,34,35,26,91,230,233,113
490,4,58,205,95,6,91,45,165,5
490,5,90,193,188,127,47,65,78,255
490,6,60,68,153,215,65,138,22,31
490,7,117,78,23,229,64,185,145,254
490,8,116,239,104,234,99,180,23,4
490,9,239,191,170,116,164,2,197,38
490,10,157,125,27,198,65,185,196,115
490,11,86,39,233,161,47,62,189,181
490,12,93,44,54,151,74,254,220,62
490,13,134,103,6,147,11,168,105,182
490,14,86,51,32,148,125,47,10,214
490,15,147,162,181,200,31,58,148,243
490,16,133,43,9,5,106,170,231,252
490,17,76,89,5,250,193,0,172,153
490,18,204,179,226,124,163,187,43,77
490,19,116,109,205,122,57,19,212,191
490,20,234,239,99,195,207,180,179,185
490,21,191,239,164,207,94,116,29,38
490,22,234,157,236,125,198,169,27,161
490,23,189,62,86,128,140,181,111,39
490,24,93,220,74,44,15,63,26,81
490,25,6,134,147,107,219,93,43,35
490,26,51,148,86,124,10,32,231,214
490,27,200,162,147,58,81,165,181,31
490,28,43,133,5,170,24,9,106,252
490,29,76,5,87,250,172,0,20,1
490,30,179,226,187,170,163,77,43,16
490,31,116,109,39,205,30,4,191,59
490,32,119,181,90,178,47,185,134,223
490,33,93,183,83,129,86,92,16,238
490,34,186,96,207,82,1,21,84,62
490,35,160,57,167,22,145,36,84,42
490,36,70,120,181,188,83,153,20,74
490,37,229,58,190,182,31,39,124,143
490,38,148,92,71,151,118,212,213,121
490,39,2,189,69,38,154,217,70,78
491,0,106,66,43,58,127,172,147,157
491,1,242,21,124,19,163,86,128,211
491,2,49,60,255,133,72,219,11,80
491,3,92,117,214,219,30,119,121,194
491,4,254,98,122,88,54,118,74,249
491,5,147,44,11,153,158,88,127,161
491,6,79,183,68,65,43,14,137,208
491,7,185,37,101,221,47,158,195,194
491,8,173,116,77,207,180,234,86,245
491,9,156,85,217,98,161,197,207,41
491,10,72,62,196,234,91,24,115,35
491,11,181,27,195,247,98,210,95,111
491,12,191,193,223,43,138,220,145,81
491,13,113,168,93,219,5,45,145,212
491,14,204,231,214,191,64,167,52,32
491,15,147,110,98,181,169,165,242,235
491,16,32,172,170,119,191,24,117,35
491,17,89,69,1,16,211,44,153,8
491,18,77,159,204,22,138,203,43,91
491,19,88,59,115,30,212,122,183,117
491,20,195,148,99,237,207,72,133,180
491,21,207,156,148,229,161,1,73,251
491,22,234,72,116,132,157,236,59,207
491,23,27,195,255,181,60,98,210,162
491,24,191,167,81,43,39,116,78,220
491,25,219,113,66,6,93,78,45,167
491,26,231,167,51,204,198,44,67,214
491,27,147,162,203,58,110,177,49,88
491,28,170,24,119,47,250,72,166,252
491,29,20,166,218,89,16,197,1,211
491,30,159,71,135,177,77,192,139,91
491,31,91,228,30,199,191,226,39,59
491,32,192,185,201,47,221,159,106,178
491,33,198,244,9,170,107,58,96,151
491,34,9,12,21,56,252,164,202,204
491,35,22,218,135,132,235,167,61,36
491,36,248,152,117,211,246,68,74,202
491,37,56,143,161,48,67,135,153,174
491,38,101,195,120,47,30,9,234,78
491,39,235,127,106,15,203,92,107,178
492,0,228,102,14,93,84,57,210,21
492,1,21,132,163,124,182,128,143,193
492,2,49,33,60,72,251,80,204,11
492,3,92,116,70,147,194,134,219,11
492,4,254,98,54,88,74,187,112,138
492,5,11,144,147,169,44,24,29,158
492,6,183,79,65,81,68,208,14,141
492,7,101,37,56,78,46,76,158,15
492,8,116,173,207,245,180,106,4,23
492,9,148,156,197,224,98,128,104,255
492,10,72,24,91,35,84,114,196,48
492,11,181,210,27,95,147,247,195,155
492,12,191,43,134,138,1,154,155,52
492,13,168,113,141,219,146,5,74,6
492,14,167,231,32,93,230,88,198,51
492,15,71,203,147,58,181,127,162,148
492,16,220,170,9,136,248,231,252,174
492,17,108,89,16,142,197,153,193,11
492,18,159,204,203,124,71,22,226,177
492,19,226,19,199,183,30,201,228,88
492,20,207,99,4,180,20,164,133,80
492,21,156,148,207,73,85,155,57,240
492,22,234,72,24,236,157,114,185,161
492,23,27,195,210,255,181,247,3,147
492,24,43,191,39,138,206,81,52,208
492,25,219,113,66,6,93,48,168,160
492,26,231,167,230,51,67,189,52,156
492,27,203,58,162,147,71,110,88,49
492,28,170,24,47,161,250,51,80,119
492,29,218,166,89,20,16,230,142,206
492,30,71,159,135,177,77,139,91,192
492,31,91,30,228,199,226,145,59,225
492,32,221,185,192,201,47,159,106,178
492,33,96,244,198,107,121,9,58,151
492,34,15,21,56,252,9,81,208,12
492,35,22,132,218,167,135,235,61,99
492,36,248,152,246,117,211,195,74,68
492,37,143,161,67,158,48,135,153,124
492,38,101,9,30,47,234,195,201,127
492,39,203,246,250,248,1,92,15,70
493,0,144,180,92,234,186,62,4,211
493,1,32,144,185,97,233,128,33,198
493,2,159,92,150,86,33,157,230,253
493,3,20,25,155,58,6,70,199,201
493,4,98,94,152,154,112,192,79,116
493,5,153,115,251,218,158,144,202,165
493,6,92,79,43,142,126,52,200,2
493,7,243,171,181,158,35,185,76,37
493,8,207,220,224,61,173,133,98,171
493,9,207,73,98,198,120,197,255,161
493,10,234,207,9,132,72,165,94,35
493,11,153,3,95,15,17,98,147,255
493,12,191,219,39,193,223,81,116,189
493,13,219,113,168,93,15,140,212,6
493,14,231,167,93,52,198,189,214,125
493,15,248,147,49,71,58,181,250,54
493,16,170,9,252,231,136,80,24,0
493,17,89,236,16,142,15,108,153,78
493,18,204,69,203,226,135,124,71,22
493,19,226,19,30,75,60,201,88,177
493,20,207,99,133,159,4,185,20,164
493,21,120,207,156,73,215,255,59,107
493,22,234,9,0,187,207,72,165,94
493,23,153,15,181,3,255,145,195,17
493,24,39,191,81,106,219,208,138,223
493,25,219,93,113,66,6,15,168,145
493,26,231,83,67,106,167,52,198,214
493,27,248,147,177,54,49,58,162,233
493,28,230,170,54,250,24,252,47,72
493,29,236,89,1,20,230,166,142,102
493,30,69,91,204,139,77,192,135,177
493,31,60,233,51,30,59,226,145,88
493,32,146,195,47,86,185,199,255,178
493,33,181,37,97,94,189,81,217,36
493,34,212,255,187,90,19,33,54,246
493,35,49,167,212,36,202,214,244,8
493,36,234,8,153,188,0,129,92,74
493,37,124,22,220,175,64,103,147,35
493,38,118,127,212,22,79,86,215,35
493,39,68,23,70,16,241,145,252,30
494,0,181,82,107,251,68,39,246,245
494,1,40,96,209,234,183,222,92,228
494,2,46,151,20,214,191,106,125,55
494,3,200,150,169,173,158,4,162,100
494,4,156,98,159,192,89,92,109,49
494,5,174,19,202,153,159,250,165,158
494,6,149,79,43,53,91,126,56,92
494,7,195,185,204,35,76,171,49,90
494,8,173,157,245,80,133,185,207,42
494,9,207,120,229,85,73,161,198,115
494,10,234,68,132,211,196,187,178,111
494,11,181,64,162,98,111,3,87,130
494,12,116,193,39,154,167,254,199,191
494,13,164,219,113,212,45,93,230,145
494,14,52,204,231,198,106,214,167,161
494,15,147,98,117,195,235,49,181,165
494,16,172,170,252,117,203,75,32,51
494,17,26,1,44,89,153,69,20,150
494,18,204,226,77,138,55,192,22,172
494,19,122,237,212,88,115,117,143,177
494,20,195,185,148,72,133,157,118,53
494,21,207,120,1,229,209,148,228,206
494,22,68,234,132,165,147,156,236,207
494,23,64,181,111,60,32,162,140,98
494,24,39,116,81,191,154,106,220,144
494,25,164,45,145,200,37,113,219,6
494,26,204,231,106,52,83,161,198,214
494,27,98,147,116,241,177,233,206,235
494,28,149,185,24,72,170,172,117,252
494,29,26,1,101,102,89,20,65,69
494,30,55,77,91,192,97,45,138,69
494,31,237,59,122,233,212,88,115,143
494,32,224,255,47,206,178,197,199,236
494,33,179,201,156,217,81,40,16,82
494,34,49,217,213,246,10,33,141,90
494,35,224,244,36,202,167,214,14,212
494,36,255,153,24,188,129,239,74,10
494,37,50,124,22,147,14,103,238,90
494,38,146,127,118,79,212,86,175,12
494,39,30,34,13,116,85,70,177,130
495,0,62,211,24,231,109,138,161,124
495,1,49,22,226,236,193,33,245,85
495,2,3,221,95,120,46,253,84,106
495,3,6,159,30,25,167,11,255,219
495,4,152,243,44,192,43,121,154,159
495,5,153,19,0,50,115,58,250,251
495,6,161,79,49,26,125,12,149,43
495,7,185,175,35,32,158,183,57,246
495,8,148,53,133,220,72,195,23,246
495,9,207,99,229,1,161,137,255,254
495,10,234,132,242,111,9,165,232,8
495,11,85,59,111,15,3,93,98,17
495,12,116,210,39,250,157,208,219,223
495,13,113,219,93,145,45,230,212,92
495,14,204,231,198,106,167,52,214,93
495,15,147,195,49,133,98,233,235,169
495,16,190,170,252,117,47,231,72,24
495,17,1,78,89,104,16,153,20,142
495,18,130,204,250,91,226,22,192,77
495,19,122,88,59,226,85,70,212,115
495,20,133,185,195,99,148,4,207,233
495,21,207,229,137,98,5,73,254,1
495,22,234,242,132,187,165,72,9,156
495,23,85,59,17,93,111,60,98,3
495,24,39,81,116,210,11,157,167,223
495,25,113,219,93,230,155,19,137,45
495,26,231,52,106,198,67,203,167,204
495,27,147,49,177,71,54,233,242,28
495,28,190,170,193,24,250,189,47,55
495,29,20,21,88,1,89,166,230,142
495,30,204,250,162,50,91,63,232,139
495,31,183,30,228,59,226,39,145,88
495,32,123,86,179,185,85,76,47,125
495,33,95,56,139,104,36,11,166,162
495,34,44,238,72,240,195,94,90,28
495,35,190,148,191,74,185,36,167,212
495,36,227,115,39,142,147,26,153,68
495,37,78,27,124,48,22,153,16,175
495,38,215,251,0,119,169,139,118,93
495,39,122,158,72,179,36,203,44,117
496,0,101,35,197,242,108,11,135,9
496,1,62,27,146,150,97,231,20,155
496,2,109,210,149,90,43,253,39,117
496,3,37,211,236,130,255,31,226,191
496,4,222,102,142,251,15,105,154,159
496,5,158,236,218,204,153,202,220,104
496,6,79,182,43,52,157,42,142,126
496,7,185,14,23,171,76,158,29,37
496,8,83,35,180,116,239,4,207,99
496,9,203,29,207,197,98,180,41,94
496,10,234,88,169,196,132,72,207,34
496,11,42,98,111,3,255,95,147,17
496,12,220,193,223,81,39,116,15,191
496,13,219,113,112,160,92,176,45,93
496,14,52,198,231,32,214,204,10,106
496,15,147,181,172,58,165,162,87,98
496,16,170,231,9,32,252,24,181,117
496,17,250,89,1,44,193,153,16,69
496,18,204,197,170,226,77,43,138,161
496,19,122,109,164,115,212,88,117,153
496,20,195,99,179,239,113,185,180,148
496,21,203,38,1,127,60,177,180,239
496,22,88,169,234,65,198,211,199,206
496,23,62,63,39,111,162,12,106,32
496,24,220,209,15,34,167,54,81,161
496,25,253,45,112,145,160,134,6,171
496,26,10,204,86,41,51,200,198,106
496,27,98,172,147,165,162,235,58,87
496,28,117,172,238,43,106,36,111,35
496,29,250,87,153,1,44,109,5,36
496,30,170,43,197,77,138,204,37,38
496,31,191,122,20,109,177,212,148,220
496,32,90,98,255,53,124,112,133,135
496,33,126,27,92,77,17,88,83,140
496,34,116,1,132,86,26,157,108,136
496,35,84,174,64,152,234,33,128,17
496,36,25,112,191,109,165,32,16,171
496,37,72,65,24,61,96,221,74,80
496,38,193,5,252,99,176,111,117,140
496,39,235,222,228,168,253,80,48,100
497,0,235,190,115,253,141,208,158,81
497,1,217,146,62,182,152,233,140,70
497,2,109,43,167,123,121,255,106,128
497,3,190,117,35,119,128,12,240,229
497,4,222,142,45,236,102,95,54,127
497,5,90,135,188,43,65,127,184,158
497,6,182,79,138,153,14,157,75,43
497,7,117,23,64,229,78,185,123,14
497,8,116,99,180,239,4,57,23,77
497,9,116,191,171,208,2,59,255,239
497,10,125,88,169,198,65,185,157,196
497,11,128,86,206,233,108,62,111,47
497,12,254,93,220,74,193,134,81,128
497,13,74,32,134,154,182,176,147,78
497,14,32,88,189,47,125,52,137,86
497,15,243,148,58,162,147,62,172,181
497,16,134,51,43,174,252,9,238,106
497,17,198,250,89,0,87,153,5,241
497,18,204,43,170,163,197,134,124,161
497,19,116,109,20,195,19,36,167,57
497,20,99,239,137,173,20,116,179,4
497,21,191,116,127,203,239,255,38,35
497,22,88,125,198,247,65,169,185,176
497,23,128,86,62,206,249,39,22,63
497,24,93,220,235,209,74,15,54,34
497,25,134,182,147,154,112,253,152,32
497,26,10,88,86,51,149,47,103,137
497,27,58,147,165,31,172,162,87,181
497,28,238,43,106,134,111,35,117,252
497,29,87,0,250,153,5,20,15,241
497,30,43,170,163,197,15,226,77,37
497,31,20,116,109,57,26,121,167,122
497,32,119,90,53,112,252,134,223,255
497,33,93,210,83,92,129,184,85,86
497,34,132,82,1,26,113,86,85,74
497,35,84,72,27,174,42,160,239,57
497,36,222,20,192,83,25,70,102,191
497,37,229,39,24,108,221,88,61,66
497,38,151,64,62,143,67,140,77,125
497,39,186,190,235,154,151,11,218,162
498,0,38,54,167,193,112,238,244,44
498,1,217,140,122,105,62,201,103,117
498,2,121,128,167,43,106,11,20,153
498,3,91,12,128,35,26,34,190,230
498,4,159,90,174,6,205,213,45,58
498,5,239,188,145,158,220,160,166,90
498,6,65,14,182,133,118,98,254,79
498,7,185,47,175,204,200,106,245,78
498,8,148,53,239,72,133,195,35,59
498,9,99,203,116,229,207,208,38,255
498,10,88,157,115,126,132,76,86,234
498,11,42,239,253,111,63,32,47,181
498,12,220,116,199,10,53,161,145,104
498,13,112,34,45,212,58,145,5,176
498,14,204,132,214,231,161,52,164,106
498,15,235,98,147,139,124,74,90,228
498,16,172,191,117,112,160,104,35,158
498,17,44,69,109,161,233,1,125,192
498,18,77,224,138,204,176,175,216,140
498,19,115,122,212,95,24,208,180,203
498,20,195,53,148,72,85,161,12,143
498,21,1,99,229,143,210,233,209,193
498,22,147,149,160,217,148,207,132,96
498,23,80,32,63,173,44,17,105,78
498,24,21,161,10,116,220,104,213,199
498,25,45,58,170,34,27,145,253,209
498,26,204,253,132,59,44,200,228,219
498,27,235,147,98,29,139,223,227,128
498,28,172,25,104,117,176,200,204,191
498,29,44,109,150,5,192,69,233,36
498,30,77,224,138,104,197,37,127,36
498,31,212,122,115,192,166,32,116,148
498,32,255,226,90,223,119,66,127,241
498,33,93,83,85,110,129,4,99,207
498,34,186,1,132,82,26,157,168,27
498,35,84,160,221,174,64,57,10,245
498,36,75,70,20,191,109,102,133,167
498,37,221,61,180,108,242,19,73,194
498,38,151,249,46,140,93,35,252,159
498,39,154,2,235,217,162,189,38,18
499,0,238,43,140,112,200,229,95,173
499,1,233,146,140,152,182,217,143,70
499,2,11,8,167,121,72,43,36,219
499,3,130,106,236,226,110,199,69,129
499,4,45,205,247,195,95,90,165,54
499,5,65,188,58,218,69,90,152,79
499,6,182,65,79,22,138,14,68,143
499,7,117,185,78,123,49,35,229,64
499,8,116,99,180,104,23,239,133,4
499,9,38,255,191,2,161,171,208,59
499,10,125,88,27,65,247,157,185,196
499,11,108,39,206,128,63,86,47,62
499,12,93,220,145,81,151,85,54,199
499,13,112,103,134,182,45,93,212,138
499,14,10,125,32,198,51,137,189,86
499,15,147,172,87,165,162,58,242,181
499,16,238,106,43,9,252,51,231,170
499,17,5,0,89,87,109,153,198,241
499,18,170,43,204,197,163,134,124,15
499,19,116,192,109,167,215,20,195,36
499,20,99,113,239,137,4,179,180,164
499,21,38,191,203,171,116,169,255,35
499,22,65,125,88,247,27,150,185,243
499,23,63,39,128,86,62,188,206,181
499,24,93,151,220,54,169,145,209,85
499,25,112,134,45,138,105,182,11,103
499,26,10,88,149,51,41,103,214,45
499,27,172,147,165,58,87,31,162,98
499,28,238,35,172,117,144,134,111,106
499,29,109,87,0,5,69,44,153,124
499,30,43,170,15,163,138,77,197,227
499,31,116,122,192,26,20,57,212,109
499,32,53,90,226,119,255,241,252,60
499,33,210,85,43,92,93,110,83,27
499,34,132,186,27,85,74,26,91,92
499,35,72,84,27,42,14,36,239,135
499,36,45,20,192,222,83,153,25,77
499,37,72,39,124,89,111,2,184,200
499,38,249,175,212,223,252,140,248,67
499,39,63,162,96,95,175,167,235,97
500,0,225,140,98,173,69,95,71,23
500,1,94,16,234,224,127,172,154,82
500,2,106,153,241,129,167,189,184,81
500,3,28,69,11,17,196,130,38,9
500,4,195,28,90,140,217,233,205,24
500,5,153,50,79,58,166,87,132,218
500,6,203,169,210,143,138,65,69,171
500,7,175,185,49,78,245,72,5,39
500,8,133,113,72,23,99,195,148,179
500,9,38,1,255,99,2,203,161,229
500,10,27,88,65,61,126,157,82,125
500,11,63,239,39,144,32,81,204,106
500,12,145,220,161,199,163,254,16,81
500,13,112,212,45,93,58,66,145,11
500,14,41,204,10,214,106,164,52,55
500,15,147,172,165,98,235,87,162,4
500,16,172,238,75,51,160,117,218,158
500,17,109,5,69,44,248,1,152,89
500,18,138,204,43,197,77,226,172,170
500,19,212,122,167,192,26,143,195,109
500,20,195,113,72,239,133,243,148,23
500,21,38,1,203,60,193,2,99,6
500,22,65,27,88,148,157,150,126,156
500,23,239,32,63,39,193,188,23,204
500,24,220,169,161,93,199,120,54,212
500,25,45,112,11,58,138,212,145,253
500,26,41,204,10,253,55,149,49,88
500,27,98,147,172,165,235,217,24,195
500,28,172,238,117,35,104,160,120,191
500,29,109,44,69,152,5,248,124,161
500,30,138,77,197,224,15,43,175,227
500,31,212,122,115,192,116,26,95,50
500,32,226,241,255,104,2,90,119,213
500,33,110,85,130,50,79,93,66,44
500,34,132,27,244,74,186,123,85,128
500,35,14,239,27,11,53,47,36,202
500,36,20,222,192,154,217,188,149,99
500,37,72,39,129,5,226,199,65,33
500,38,249,121,64,109,175,196,18,239
500,39,173,238,247,151,223,235,222,218
501,0,253,190,158,95,140,235,237,141
501,1,94,235,172,58,113,137,203,224
501,2,153,41,241,106,172,231,184,156
501,3,35,91,34,128,9,130,244,28
501,4,195,184,153,28,187,145,97,66
501,5,79,180,145,215,132,162,25,159
501,6,254,7,12,26,21,206,176,210
501,7,142,175,245,49,185,194,200,225
501,8,53,72,148,113,133,195,59,123
501,9,99,1,134,203,116,150,243,166
501,10,217,176,116,156,148,23,25,134
501,11,204,42,32,135,12,239,56,134
501,12,163,10,2,244,251,73,238,64
501,13,34,208,130,212,205,118,58,45
501,14,132,44,161,138,167,106,164,34
501,15,206,147,12,195,124,235,158,74
501,16,191,234,74,59,172,114,250,40
501,17,211,161,69,8,89,124,229,220
501,18,77,127,191,115,122,54,52,84
501,19,241,124,118,208,77,61,14,30
501,20,53,161,171,148,220,233,185,100
501,21,99,117,251,207,143,8,252,233
501,22,42,160,176,116,201,225,234,229
501,23,56,80,242,204,254,141,40,9
501,24,244,18,163,209,97,116,81,125
501,25,208,34,118,158,95,157,252,126
501,26,106,45,159,60,132,17,78,161
501,27,206,62,100,195,139,217,245,188
501,28,74,108,200,87,215,73,106,114
501,29,161,211,150,201,165,124,249,89
501,30,77,122,191,127,166,52,104,84
501,31,61,77,241,11,14,118,132,67
501,32,33,8,30,13,252,101,151,168
501,33,192,4,81,166,210,39,178,67
501,34,16,40,107,120,61,114,223,98
501,35,194,104,36,202,197,209,97,146
501,36,235,188,110,136,196,10,134,59
501,37,39,111,105,36,124,184,35,21
501,38,249,103,64,109,121,252,131,128
501,39,186,190,222,247,237,11,58,148
502,0,38,167,54,193,112,44,94,244
502,1,201,122,58,105,103,117,25,235
502,2,11,106,41,241,153,80,54,172
502,3,91,35,34,128,69,12,73,210
502,4,159,153,195,179,120,145,58,187
502,5,132,239,79,159,166,145,69,160
502,6,65,7,210,169,81,118,133,192
502,7,175,142,185,49,47,245,221,78
502,8,113,195,72,148,133,53,239,175
502,9,38,203,116,1,60,99,171,208
502,10,88,76,126,115,231,27,211,219
502,11,239,253,162,51,32,42,204,224
502,12,220,199,16,161,145,104,53,254
502,13,112,58,45,145,251,5,212,177
502,14,204,132,41,164,57,12,161,52
502,15,235,147,98,228,124,139,247,136
502,16,172,191,104,25,112,247,158,14
502,17,44,109,69,248,192,95,116,196
502,18,77,138,224,92,137,146,133,54
502,19,212,115,122,246,180,94,95,148
502,20,195,148,53,72,113,150,161,85
502,21,1,99,193,229,60,195,177,150
502,22,148,147,217,86,254,96,223,149
502,23,32,105,173,80,44,63,140,204
502,24,161,176,10,116,199,168,173,220
502,25,58,45,34,138,145,139,170,201
502,26,204,253,132,59,71,90,44,107
502,27,98,235,147,139,193,227,195,24
502,28,172,25,104,191,209,200,19,117
502,29,44,109,161,192,150,233,69,152
502,30,77,138,224,92,4,36,175,222
502,31,115,122,212,180,95,50,192,195
502,32,241,255,226,104,2,127,213,204
502,33,110,50,85,93,66,79,39,130
502,34,27,123,254,186,218,244,132,211
502,35,53,202,14,239,11,79,194,47
502,36,188,154,20,135,78,217,136,134
502,37,199,129,39,103,219,52,226,33
502,38,249,109,121,175,239,102,60,64
502,39,25,187,195,58,184,247,252,150
503,0,173,169,236,200,211,58,95,43
503,1,129,172,224,124,189,112,147,19
503,2,11,188,217,153,49,255,6,219
503,3,245,193,69,93,73,196,126,56
503,4,140,28,195,205,88,90,187,235
503,5,60,22,108,152,50,166,79,251
503,6,7,210,205,68,12,169,69,203
503,7,142,175,245,39,78,75,5,26
503,8,195,53,72,148,133,59,123,175
503,9,99,193,1,243,229,143,6,97
503,10,126,27,148,217,65,157,61,152
503,11,32,63,23,239,188,204,150,253
503,12,16,220,199,145,144,243,161,169
503,13,58,45,112,212,145,11,180,251
503,14,204,107,41,164,55,40,4,253
503,15,46,98,235,147,228,92,195,24
503,16,124,172,160,158,112,238,39,208
503,17,248,69,44,109,185,152,1,125
503,18,138,77,122,92,37,172,174,227
503,19,50,212,122,180,26,143,246,36
503,20,195,72,148,53,161,150,253,235
503,21,1,99,193,38,210,232,60,6
503,22,148,27,126,65,147,217,254,93
503,23,32,204,81,63,188,228,239,129
503,24,169,161,87,220,163,48,173,176
503,25,138,45,58,145,208,11,112,88
503,26,204,190,253,107,55,41,185,132
503,27,98,46,139,147,235,92,255,228
503,28,172,124,104,191,160,127,158,101
503,29,44,161,69,192,152,248,195,183
503,30,138,77,92,169,13,37,24,183
503,31,180,212,50,143,122,188,125,95
503,32,104,2,241,255,132,63,71,218
503,33,110,50,130,220,39,61,12,81
503,34,244,218,123,176,254,37,169,211
503,35,202,14,87,79,11,36,53,194
503,36,188,135,154,136,153,78,158,10
503,37,219,1,199,52,89,103,25,226
503,38,60,175,239,109,189,133,31,198
503,39,25,252,195,187,184,213,189,230
504,0,195,29,163,211,232,75,207,184
504,1,167,251,71,118,55,1,201,14
504,2,170,91,143,216,223,32,139,253
504,3,56,252,196,249,154,201,224,22
504,4,147,140,134,28,175,216,157,89
504,5,0,22,71,108,251,210,56,173
504,6,249,30,102,12,72,26,32,151
504,7,142,154,6,183,225,13,130,75
504,8,53,148,72,59,195,202,179,84
504,9,99,134,251,3,143,90,234,117
504,10,148,109,135,156,116,217,233,201
504,11,32,70,204,97,71,7,37,134
504,12,50,38,163,47,240,180,107,2
504,13,19,20,215,203,13,244,0,58
504,14,44,105,200,161,204,250,132,138
504,15,147,12,35,92,235,206,98,95
504,16,59,172,102,53,40,165,51,213
504,17,44,69,248,10,170,4,45,161
504,18,92,138,66,129,52,13,77,240
504,19,48,67,180,37,47,137,118,35
504,20,72,195,47,53,56,192,148,165
504,21,99,251,119,177,1,48,252,7
504,22,148,135,20,109,87,156,106,25
504,23,32,204,63,19,71,157,70,166
504,24,240,163,38,48,140,50,195,161
504,25,215,203,45,58,20,248,161,202
504,26,144,78,196,204,55,250,200,253
504,27,98,35,139,188,235,147,12,154
504,28,172,254,59,104,160,40,124,129
504,29,44,170,69,126,4,161,165,35
504,30,92,138,129,209,77,18,44,183
504,31,180,55,83,37,212,157,67,118
504,32,92,173,19,144,58,78,120,28
504,33,110,203,161,67,4,185,176,199
504,34,13,121,15,254,244,166,218,249
504,35,106,44,202,194,11,8,117,14
504,36,148,55,188,79,138,21,47,137
504,37,219,196,244,132,109,214,89,152
504,38,197,132,239,175,242,217,191,180
504,39,174,173,224,218,32,252,142,180
505,0,159,128,164,220,26,29,131,115
505,1,254,12,144,173,251,209,208,37
505,2,24,74,61,145,148,161,243,91
505,3,163,37,196,216,166,149,161,154
505,4,206,28,134,147,175,140,43,208
505,5,0,71,56,22,64,77,244,251
505,6,249,195,102,12,72,30,212,91
505,7,183,175,166,142,213,252,245,225
505,8,53,72,148,121,59,172,50,213
505,9,99,32,134,3,1,221,122,28
505,10,217,146,148,233,116,176,6,71
505,11,237,97,37,204,32,141,71,173
505,12,23,50,10,38,2,158,13,251
505,13,34,0,180,194,13,158,130,208
505,14,17,132,44,34,113,252,143,78
505,15,12,206,6,74,170,117,145,147
505,16,59,234,191,172,102,60,53,169
505,17,161,69,144,60,9,44,4,215
505,18,77,195,66,99,116,92,138,129
505,19,24,48,239,67,115,180,208,94
505,20,53,172,50,72,148,195,150,171
505,21,32,99,122,143,58,221,134,1
505,22,148,20,106,102,6,135,176,233
505,23,32,71,33,204,173,237,146,97
505,24,244,158,163,38,6,10,50,195
505,25,34,208,158,203,57,95,194,0
505,26,17,132,78,21,248,54,252,161
505,27,139,12,98,235,206,117,92,74
505,28,172,234,191,59,158,254,74,175
505,29,161,9,69,4,44,170,192,165
505,30,116,77,92,129,138,143,66,133
505,31,180,83,212,67,95,47,157,195
505,32,143,255,173,144,168,19,78,120
505,33,203,110,167,67,47,4,70,81
505,34,128,13,254,121,244,218,247,37
505,35,101,202,121,14,11,44,114,194
505,36,148,103,137,188,94,240,143,140
505,37,1,132,109,144,219,80,25,196
505,38,217,175,197,0,242,180,191,182
505,39,174,32,198,219,141,167,237,227
506,0,159,128,164,220,174,77,211,69
506,1,166,253,206,13,80,44,214,69
506,2,74,24,145,148,215,48,111,161
506,3,216,146,163,86,124,196,60,14
506,4,206,28,175,134,221,140,147,141
506,5,71,22,0,244,56,77,243,131
506,6,249,30,12,72,195,102,8,212
506,7,175,142,245,39,166,225,38,183
506,8,53,72,148,172,59,133,121,161
506,9,99,134,1,32,221,28,3,130
506,10,148,217,116,135,102,134,146,156
506,11,204,32,33,237,218,97,222,25
506,12,199,158,251,38,10,50,208,163
506,13,34,58,180,212,215,248,20,19
506,14,17,132,113,204,0,71,164,105
506,15,235,147,6,12,124,98,206,139
506,16,172,160,112,59,234,175,104,191
506,17,69,161,44,21,9,62,4,152
506,18,77,99,138,92,209,129,176,195
506,19,24,114,212,180,99,246,195,137
506,20,195,148,53,72,172,133,161,56
506,21,99,1,32,58,214,251,221,195
506,22,148,217,135,137,147,60,78,77
506,23,32,193,204,173,218,237,33,25
506,24,158,120,199,161,240,163,50,38
506,25,215,248,34,208,58,101,71,180
506,26,132,204,17,78,253,54,55,90
506,27,139,235,98,92,141,12,147,6
506,28,172,160,254,234,104,191,59,175
506,29,44,161,69,9,192,152,209,60
506,30,77,138,129,116,92,241,99,13
506,31,212,180,122,99,67,114,95,239
506,32,255,144,104,19,109,241,143,30
506,33,203,110,70,167,61,52,250,4
506,34,244,13,121,128,254,218,37,48
506,35,14,101,79,202,53,222,58,11
506,36,137,154,188,224,26,60,134,228
506,37,5,1,132,219,148,2,180,25
506,38,0,217,175,35,180,143,191,43
506,39,174,32,57,235,164,225,67,223
507,0,118,119,169,227,9,243,214,35
507,1,102,172,147,142,210,127,129,224
507,2,164,175,217,25,215,37,40,6
507,3,245,212,183,126,252,77,193,69
507,4,140,15,102,108,214,28,90,205
507,5,22,71,108,0,251,50,154,210
507,6,249,12,30,210,26,203,72,8
507,7,142,175,39,245,26,154,118,183
507,8,195,53,72,148,133,59,161,171
507,9,203,99,38,134,194,1,143,6
507,10,148,217,137,135,147,156,172,70
507,11,32,178,63,204,230,218,174,44
507,12,220,163,161,10,38,199,176,240
507,13,58,45,215,145,208,248,170,212
507,14,204,132,184,253,223,164,54,88
507,15,235,147,98,92,165,117,195,102
507,16,172,160,104,112,51,92,191,102
507,17,44,109,62,69,152,192,1,161
507,18,77,138,92,239,40,227,197,176
507,19,212,115,192,122,180,26,137,95
507,20,195,148,72,53,113,245,106,253
507,21,38,1,99,194,60,141,193,195
507,22,148,137,27,147,217,23,70,86
507,23,32,178,63,193,173,239,81,174
507,24,161,220,87,195,120,240,254,84
507,25,45,58,145,248,161,11,121,4
507,26,204,184,253,41,132,200,107,55
507,27,235,98,139,141,147,165,154,173
507,28,172,104,134,160,238,112,92,204
507,29,44,109,69,192,161,45,36,112
507,30,77,239,227,138,44,93,37,36
507,31,122,212,163,192,115,118,197,176
507,32,250,255,226,241,144,109,235,66
507,33,110,85,203,61,68,197,27,133
507,34,74,27,244,128,13,218,173,61
507,35,239,79,27,101,117,9,33,64
507,36,134,222,25,61,76,204,149,237
507,37,5,72,25,80,96,74,86,194
507,38,191,206,10,8,207,235,153,196
507,39,228,198,164,95,104,180,37,196
508,0,190,253,141,235,115,208,158,221
508,1,113,217,203,7,179,145,82,73
508,2,217,123,98,167,243,153,232,109
508,3,35,128,91,34,252,99,126,69
508,4,140,153,163,28,205,189,195,6
508,5,22,135,108,222,152,50,166,111
508,6,210,249,203,12,169,30,237,8
508,7,175,78,39,118,117,245,123,5
508,8,195,113,23,133,123,245,72,104
508,9,116,38,1,191,203,99,243,255
508,10,27,65,217,125,126,13,148,36
508,11,63,23,32,108,178,233,62,144
508,12,93,220,145,161,151,199,53,85
508,13,45,58,212,145,105,11,112,134
508,14,204,184,253,214,164,51,10,41
508,15,172,147,98,165,235,195,162,87
508,16,172,117,238,112,160,51,152,92
508,17,44,109,69,152,1,0,5,248
508,18,197,43,227,77,138,204,172,163
508,19,212,192,122,116,215,109,167,115
508,20,195,113,72,239,148,133,243,179
508,21,38,116,1,203,193,60,191,99
508,22,27,65,217,125,36,147,126,247
508,23,63,32,178,23,239,62,81,193
508,24,220,93,161,151,87,54,169,214
508,25,45,11,58,105,145,212,253,112
508,26,204,41,149,253,184,132,200,164
508,27,98,235,165,147,172,139,92,162
508,28,172,238,104,191,112,160,134,144
508,29,44,69,109,152,192,233,161,5
508,30,77,227,138,155,197,93,36,239
508,31,212,122,192,116,115,167,162,180
508,32,226,241,255,250,204,119,184,63
508,33,110,85,93,50,51,79,66,210
508,34,27,132,74,123,254,218,244,211
508,35,27,239,14,53,202,36,162,11
508,36,20,154,222,135,192,188,78,153
508,37,39,199,5,129,163,52,113,139
508,38,121,64,109,239,175,249,196,25
508,39,186,247,58,252,187,195,11,190
509,0,193,167,38,54,94,112,44,130
509,1,201,122,117,217,179,140,105,184
509,2,217,167,43,114,239,20,153,127
509,3,91,34,35,128,99,69,252,126
509,4,140,205,28,153,189,6,195,235
509,5,152,108,222,22,154,239,109,243
509,6,12,98,7,30,210,249,237,96
509,7,175,142,118,221,75,5,22,39
509,8,195,53,148,113,59,72,245,106
509,9,99,1,203,116,38,239,243,90
509,10,27,217,29,183,148,189,126,231
509,11,239,253,32,23,78,183,162,254
509,12,10,220,53,213,83,146,176,243
509,13,34,58,208,5,132,67,112,212
509,14,132,57,191,204,34,0,21,230
509,15,235,124,141,221,147,139,206,98
509,16,172,191,112,39,104,203,158,160
509,17,161,44,69,192,109,45,116,243
509,18,77,138,92,224,54,99,140,137
509,19,24,180,115,212,94,90,148,192
509,20,195,53,148,72,161,150,105,113
509,21,99,1,193,143,195,229,38,233
509,22,217,147,148,103,245,50,149,162
509,23,32,105,173,33,23,140,239,40
509,24,13,213,10,149,161,244,220,176
509,25,34,58,208,170,45,136,248,201
509,26,132,21,253,204,17,0,57,34
509,27,235,139,221,98,124,145,147,14
509,28,172,25,191,104,209,112,115,200
509,29,161,44,192,109,69,233,196,152
509,30,77,92,4,224,36,227,93,175
509,31,115,212,180,122,95,192,133,166
509,32,255,226,241,204,213,108,67,223
509,33,110,85,50,51,66,87,79,146
509,34,27,254,123,186,218,244,211,136
509,35,53,14,239,202,11,194,220,171
509,36,154,20,135,188,78,153,110,61
509,37,39,199,129,103,52,163,237,1
509,38,239,121,109,175,249,60,133,189
509,39,25,187,247,195,184,58,230,252
510,0,169,173,236,43,60,95,140,5
510,1,189,142,129,112,172,147,217,224
510,2,217,153,72,11,167,43,174,188
510,3,245,193,137,252,126,73,178,169
510,4,140,205,193,235,28,195,187,189
510,5,110,166,109,152,108,51,132,227
510,6,7,98,69,12,143,8,131,112
510,7,175,142,5,75,3,245,110,78
510,8,195,245,53,148,59,72,111,146
510,9,99,1,243,121,229,193,97,143
510,10,27,126,217,183,65,61,37,192
510,11,239,23,32,63,253,13,188,144
510,12,104,161,120,16,220,243,10,124
510,13,58,145,34,132,45,170,52,208
510,14,204,132,228,229,12,165,162,188
510,15,147,74,235,139,98,170,90,165
510,16,172,74,191,104,50,112,49,36
510,17,44,233,69,109,161,58,32,1
510,18,77,224,176,175,137,140,98,138
510,19,115,122,24,95,90,212,192,246
510,20,195,148,72,53,85,81,245,105
510,21,99,1,214,38,195,143,88,45
510,22,160,217,147,149,126,27,224,168
510,23,239,32,80,34,45,243,163,140
510,24,21,161,87,127,10,220,48,229
510,25,58,34,170,136,212,174,45,88
510,26,204,132,0,55,188,90,253,41
510,27,235,139,74,255,147,141,170,92
510,28,172,191,104,112,66,134,160,25
510,29,44,161,69,233,150,109,36,45
510,30,77,176,227,92,44,37,138,140
510,31,212,122,180,115,246,195,197,58
510,32,255,241,204,63,66,163,135,175
510,33,110,50,231,106,67,178,19,137
510,34,218,27,254,123,192,108,130,31
510,35,134,14,194,33,8,106,17,195
510,36,113,126,25,31,76,165,15,105
510,37,165,163,119,144,148,54,219,232
510,38,239,175,177,165,37,197,252,196
510,39,140,25,235,223,7,20,191,253
511,0,21,102,228,225,131,169,239,15
511,1,217,35,170,127,54,224,190,25
511,2,253,199,167,21,174,217,154,224
511,3,252,100,121,169,126,179,161,145
511,4,140,92,23,114,120,232,193,176
511,5,239,29,215,89,68,109,110,160
511,6,7,98,12,124,110,41,199,231
511,7,142,188,3,141,148,145,213,175
511,8,53,148,195,59,111,245,91,72
511,9,99,1,63,60,127,229,90,135
511,10,44,78,123,79,148,217,183,136
511,11,46,193,34,239,22,135,32,45
511,12,68,113,78,52,77,167,213,124
511,13,139,231,55,114,64,132,161,71
511,14,31,207,154,254,230,150,26,12
511,15,72,117,228,126,70,45,108,191
511,16,16,107,74,245,203,166,88,172
511,17,150,171,96,25,249,72,125,106
511,18,174,201,3,94,172,100,75,44
511,19,204,238,44,41,207,221,194,10
511,20,17,127,11,175,139,217,104,18
511,21,184,72,53,210,246,71,201,135
511,22,120,175,100,167,50,82,78,44
511,23,180,41,87,82,187,173,149,132
511,24,53,24,216,124,144,62,8,167
511,25,167,52,139,221,119,236,177,189
511,26,81,57,217,181,211,244,150,223
511,27,247,225,191,117,187,82,53,45
511,28,107,203,158,126,88,182,141,16
511,29,171,106,249,112,125,96,25,161
511,30,31,174,75,94,24,32,44,217
511,31,204,207,194,221,186,238,44,154
511,32,33,15,142,205,229,252,30,180
511,33,90,144,237,77,4,241,71,231
511,34,16,202,219,225,122,63,120,235
511,35,102,170,66,225,203,198,96,213
511,36,161,106,102,59,231,126,148,159
511,37,71,116,119,160,176,69,242,218
511,38,144,37,103,239,55,252,164,177
511,39,162,140,96,175,168,185,223,166
512,0,228,98,14,69,239,240,225,93
512,1,172,142,147,94,224,127,154,64
512,2,253,167,237,196,153,176,129,217
512,3,99,245,164,193,107,126,150,232
512,4,140,27,197,132,189,195,205,9
512,5,111,110,109,166,108,154,227,29
512,6,98,237,69,252,7,179,12,249
512,7,142,175,39,245,75,110,145,5
512,8,195,148,53,59,106,72,133,19
512,9,99,193,1,229,143,86,25,121
512,10,217,126,27,147,37,10,65,71
512,11,239,81,32,13,150,230,183,23
512,12,220,6,48,201,199,188,209,104
512,13,58,145,212,45,180,34,121,11
512,14,204,123,253,35,41,164,228,55
512,15,235,98,195,141,147,193,178,243
512,16,172,160,112,104,107,124,29,238
512,17,44,233,69,109,152,161,1,192
512,18,241,77,227,40,99,137,60,140
512,19,212,115,192,122,180,24,219,197
512,20,195,148,174,72,53,9,161,106
512,21,193,99,232,60,1,143,141,135
512,22,217,126,27,127,147,141,203,43
512,23,239,81,32,188,13,230,183,243
512,24,6,48,220,137,235,87,161,175
512,25,58,34,180,11,121,212,208,45
512,26,253,204,123,132,219,163,94,107
512,27,235,139,141,92,147,173,221,255
512,28,172,160,104,191,112,107,127,209
512,29,44,233,69,161,152,192,219,165
512,30,241,77,93,227,152,129,99,36
512,31,212,122,133,174,180,125,115,32
512,32,67,255,73,241,63,250,135,66
512,33,110,70,61,4,227,27,60,137
512,34,244,219,105,31,108,254,245,204
512,35,43,198,64,65,162,195,33,106
512,36,60,186,32,190,75,76,80,86
512,37,170,92,240,1,53,144,119,243
512,38,177,181,252,191,196,0,37,159
512,39,166,8,193,6,7,22,249,109
513,0,228,21,102,14,93,210,194,130
513,1,179,217,234,39,127,90,77,125
513,2,196,238,176,217,171,151,213,241
513,3,43,232,255,9,123,164,50,150
513,4,140,193,189,27,184,159,229,89
513,5,0,99,111,107,108,56,22,160
513,6,12,249,30,98,24,69,219,151
513,7,142,39,22,75,175,225,30,193
513,8,53,50,148,195,59,72,84,161
513,9,99,221,58,134,90,1,241,121
513,10,217,148,162,167,183,133,192,147
513,11,74,173,193,239,82,230,32,81
513,12,78,13,251,41,146,127,199,235
513,13,180,34,58,132,177,171,194,149
513,14,113,0,123,223,205,17,136,55
513,15,83,235,124,141,42,69,70,66
513,16,107,172,112,160,104,175,144,60
513,17,161,69,44,86,152,45,215,4
513,18,99,77,241,195,54,174,129,26
513,19,24,239,114,212,180,94,148,219
513,20,172,195,148,53,72,92,161,50
513,21,99,1,214,221,155,122,241,232
513,22,217,148,176,162,126,147,21,224
513,23,81,239,230,40,173,155,74,32
513,24,251,158,78,127,48,235,13,120
513,25,34,180,194,58,208,132,212,67
513,26,0,123,21,132,17,34,253,248
513,27,235,139,6,124,141,92,255,151
513,28,172,191,107,160,104,112,48,162
513,29,161,44,69,233,192,219,152,86
513,30,77,241,99,26,92,161,54,98
513,31,180,114,95,115,212,125,197,248
513,32,67,73,255,241,143,60,103,204
513,33,70,110,51,118,50,33,66,251
513,34,254,123,150,218,211,15,239,31
513,35,53,14,202,194,11,36,254,121
513,36,110,154,188,78,186,178,130,60
513,37,1,199,219,52,213,122,53,234
513,38,144,175,239,191,111,222,197,159
513,39,96,162,41,235,222,170,113,164
514,0,228,239,225,21,102,93,14,23
514,1,28,127,142,94,119,102,172,54
514,2,171,217,41,167,231,151,153,185
514,3,137,229,255,244,222,200,145,193
514,4,140,184,185,23,97,195,90,20
514,5,108,0,143,22,79,21,25,200
514,6,12,254,249,30,21,207,139,248
514,7,175,142,245,194,251,78,204,39
514,8,53,72,148,59,195,133,123,171
514,9,99,1,134,150,194,243,195,255
514,10,217,176,185,25,134,243,247,150
514,11,204,128,12,206,32,135,9,108
514,12,208,145,163,221,247,239,18,1
514,13,74,154,118,134,212,32,182,93
514,14,137,148,32,88,189,51,64,167
514,15,148,58,242,165,162,87,62,147
514,16,51,134,238,106,35,252,43,229
514,17,198,211,0,87,89,37,153,76
514,18,43,127,134,163,124,161,105,13
514,19,36,20,121,109,116,19,154,201
514,20,99,164,4,116,173,239,20,180
514,21,161,197,117,255,2,169,194,164
514,22,176,125,150,65,243,185,42,78
514,23,254,9,128,206,160,86,193,34
514,24,235,145,18,85,151,52,93,192
514,25,182,118,154,134,105,32,185,93
514,26,88,137,47,32,45,103,214,148
514,27,181,87,165,58,242,4,147,31
514,28,150,93,74,238,75,43,106,182
514,29,0,124,87,16,69,74,76,153
514,30,195,43,163,134,161,13,217,182
514,31,20,36,154,116,75,109,121,26
514,32,252,112,33,160,218,53,95,127
514,33,184,210,92,129,16,164,43,39
514,34,231,133,85,26,120,186,51,92
514,35,84,42,72,204,135,86,57,11
514,36,83,221,75,60,126,245,73,154
514,37,1,132,5,144,122,240,234,199
514,38,175,239,0,35,202,126,96,158
514,39,75,40,57,32,235,252,222,196
515,0,118,91,9,119,227,101,35,214
515,1,102,147,172,142,196,127,176,247
515,2,163,174,191,171,127,232,46,98
515,3,137,212,126,77,48,88,245,183
515,4,189,92,108,140,241,19,38,214
515,5,108,111,222,154,22,99,0,21
515,6,12,30,249,237,98,26,210,151
515,7,75,142,175,245,227,39,183,160
515,8,53,148,195,72,59,133,213,233
515,9,99,38,1,203,28,143,121,243
515,10,217,148,126,147,23,54,182,86
515,11,178,230,32,239,117,123,78,183
515,12,149,10,78,220,188,21,161,250
515,13,58,34,180,170,45,208,215,145
515,14,132,184,204,164,21,88,223,123
515,15,235,141,147,98,221,92,139,158
515,16,160,172,104,29,203,131,49,192
515,17,44,161,69,233,109,125,215,62
515,18,239,77,26,241,40,224,38,132
515,19,115,212,163,90,137,95,192,122
515,20,195,148,72,53,113,106,166,245
515,21,99,38,232,1,141,194,134,7
515,22,148,23,11,217,254,43,191,33
515,23,178,81,127,138,239,193,46,32
515,24,78,161,10,48,120,149,87,114
515,25,121,58,254,153,213,170,68,161
515,26,184,204,9,132,163,0,168,107
515,27,235,59,68,243,141,173,223,86
515,28,172,115,208,134,91,25,100,160
515,29,44,109,161,69,168,36,196,112
515,30,224,239,77,58,17,60,37,252
515,31,192,115,212,220,255,98,163,176
515,32,108,67,250,66,204,226,44,54
515,33,79,85,227,66,27,236,137,110
515,34,27,74,105,244,108,91,211,61
515,35,33,64,239,245,222,65,60,232
515,36,149,81,99,163,218,25,61,167
515,37,5,86,69,232,33,24,63,16
515,38,176,236,99,25,55,117,8,205
515,39,228,10,196,180,97,66,95,198
516,0,190,253,141,235,221,115,158,237
516,1,113,179,203,7,217,145,82,73
516,2,127,239,129,109,123,229,98,217
516,3,35,128,137,91,34,190,115,48
516,4,153,0,187,140,205,28,120,163
516,5,222,108,111,135,152,154,50,166
516,6,12,237,210,249,98,30,203,69
516,7,175,118,142,78,39,75,245,117
516,8,195,113,104,123,59,40,106,23
516,9,116,38,203,99,1,191,118,243
516,10,27,13,217,126,65,48,167,36
516,11,239,178,23,183,233,63,127,123
516,12,93,220,53,85,199,201,87,253
516,13,58,105,11,45,212,145,180,34
516,14,184,204,41,132,253,164,123,0
516,15,235,172,98,147,195,165,173,92
516,16,172,238,112,160,104,203,174,115
516,17,44,69,109,233,152,161,1,192
516,18,224,197,77,227,40,254,113,43
516,19,192,212,115,116,153,167,122,109
516,20,113,195,148,72,53,174,106,245
516,21,38,116,203,99,193,1,60,141
516,22,217,36,27,65,127,96,162,126
516,23,23,239,178,81,46,193,230,26
516,24,220,93,10,161,169,199,87,21
516,25,34,58,11,105,45,170,174,82
516,26,0,132,173,184,204,149,253,41
516,27,235,193,147,172,139,227,92,141
516,28,172,115,25,191,238,104,1,112
516,29,44,69,109,161,196,192,152,45
516,30,77,224,58,227,239,93,98,197
516,31,115,212,192,127,122,95,116,133
516,32,108,204,226,241,67,255,63,164
516,33,85,79,66,93,51,50,110,87
516,34,27,254,74,123,244,132,218,146
516,35,239,53,14,27,194,202,254,220
516,36,20,222,154,192,135,188,78,110
516,37,129,39,199,5,33,11,83,139
516,38,64,239,109,121,175,190,83,67
516,39,186,252,235,247,190,227,11,58
517,0,193,167,38,54,94,130,44,112
517,1,122,117,201,105,179,140,217,184
517,2,239,127,217,167,173,64,46,129
517,3,91,35,34,128,90,220,120,73
517,4,159,120,187,205,18,177,80,145
517,5,226,239,159,160,111,130,152,68
517,6,98,12,7,219,124,97,237,55
517,7,175,142,75,22,118,225,217,221
517,8,53,148,113,195,59,106,72,111
517,9,99,1,116,7,192,204,38,243
517,10,217,96,182,183,189,211,175,61
517,11,239,253,183,78,82,74,23,224
517,12,10,16,41,0,53,213,146,83
517,13,34,58,205,180,208,11,67,5
517,14,132,0,173,21,34,113,136,164
517,15,141,235,221,139,124,74,93,92
517,16,172,191,107,112,104,115,236,34
517,17,161,44,69,109,45,196,192,215
517,18,77,224,54,227,58,99,140,109
517,19,24,192,115,180,95,212,125,238
517,20,53,113,148,195,72,105,150,98
517,21,99,1,214,193,36,252,141,38
517,22,217,148,96,147,224,245,162,127
517,23,23,239,32,105,173,81,117,183
517,24,10,13,161,149,213,244,41,137
517,25,34,58,208,170,180,136,11,248
517,26,132,21,173,0,253,204,30,34
517,27,235,139,92,221,141,193,124,145
517,28,191,172,25,115,104,112,1,209
517,29,161,69,44,196,109,192,127,175
517,30,77,224,92,58,227,182,54,36
517,31,115,180,192,212,127,95,125,58
517,32,108,67,241,204,226,255,251,132
517,33,66,85,79,50,87,110,51,146
517,34,254,27,123,186,218,244,211,146
517,35,53,14,239,202,254,194,171,11
517,36,154,135,188,20,78,213,110,254
517,37,129,199,1,39,219,103,52,237
517,38,190,239,175,109,121,60,68,133
517,39,25,195,187,184,150,230,247,252
518,0,71,200,57,21,33,58,147,225
518,1,147,129,172,224,189,127,142,103
518,2,217,72,11,239,127,174,68,6
518,3,137,48,245,193,121,73,194,151
518,4,140,187,193,205,114,28,68,189
518,5,108,166,109,154,73,227,226,130
518,6,98,12,7,69,205,252,237,23
518,7,175,142,245,22,75,110,227,5
518,8,53,195,148,72,59,111,106,245
518,9,99,148,193,1,143,204,43,195
518,10,217,126,37,183,61,199,38,27
518,11,239,74,253,213,183,224,230,82
518,12,16,10,120,41,104,144,214,13
518,13,34,58,26,180,205,5,132,149
518,14,0,132,136,127,34,113,21,123
518,15,235,141,124,83,56,203,34,139
518,16,124,107,172,34,191,104,203,236
518,17,44,161,69,192,45,109,215,196
518,18,77,224,32,227,54,99,199,92
518,19,24,180,115,192,90,207,212,95
518,20,53,195,148,72,172,50,245,105
518,21,99,148,1,214,193,209,143,252
518,22,217,38,126,162,224,27,127,147
518,23,239,81,45,74,166,78,32,226
518,24,10,13,244,16,161,41,169,120
518,25,34,58,208,180,231,248,170,161
518,26,132,0,21,34,123,253,188,204
518,27,235,141,139,92,203,124,145,122
518,28,191,172,124,104,25,37,209,34
518,29,161,44,192,69,196,127,209,219
518,30,77,224,92,227,54,4,175,36
518,31,180,115,212,95,50,127,58,125
518,32,241,204,108,67,255,132,233,133
518,33,66,50,51,110,87,146,204,79
518,34,254,123,218,27,66,211,150,146
518,35,53,14,202,194,11,36,254,164
518,36,154,188,135,78,99,4,153,170
518,37,199,129,237,1,171,163,113,103
518,38,190,239,175,121,60,133,225,102
518,39,32,247,140,87,184,57,150,252
519,0,37,232,211,184,0,241,8,26
519,1,91,187,1,55,118,108,167,192
519,2,170,143,91,195,72,223,221,79
519,3,22,93,224,137,126,201,56,180
519,4,147,134,28,26,129,140,46,90
519,5,0,108,71,140,154,173,251,210
519,6,12,173,30,72,7,240,210,249
519,7,39,175,137,183,104,33,142,225
519,8,53,148,72,59,22,195,171,161
519,9,99,150,90,143,243,134,233,229
519,10,251,217,38,135,172,148,109,221
519,11,118,117,105,230,121,239,244,32
519,12,10,13,101,240,47,176,188,38
519,13,34,20,204,208,215,58,14,180
519,14,132,196,66,144,21,200,0,17
519,15,141,188,206,18,221,235,139,111
519,16,107,10,176,191,34,172,202,254
519,17,44,69,161,192,184,54,198,196
519,18,77,92,18,129,224,54,99,64
519,19,180,15,114,115,54,219,212,125
519,20,53,195,148,225,72,161,172,135
519,21,99,1,214,229,143,141,43,193
519,22,38,135,77,148,147,221,217,172
519,23,19,105,166,118,135,32,117,45
519,24,240,38,47,10,50,161,131,158
519,25,215,34,20,58,211,248,144,103
519,26,144,0,132,196,253,163,21,204
519,27,235,141,130,188,221,35,56,202
519,28,172,104,10,254,34,105,107,191
519,29,126,161,44,192,54,69,196,184
519,30,18,92,77,129,224,241,209,4
519,31,15,180,219,55,115,212,174,37
519,32,58,235,202,204,108,78,248,67
519,33,176,87,147,110,66,106,51,167
519,34,185,226,13,254,121,211,80,218
519,35,95,14,53,202,11,194,79,106
519,36,154,228,21,188,78,252,225,140
519,37,156,199,244,214,132,1,237,224
519,38,239,50,204,175,121,141,115,149
519,39,136,141,174,247,112,83,218,19
520,0,167,26,240,94,98,8,14,159
520,1,187,91,55,167,198,70,252,104
520,2,170,37,91,195,175,25,225,143
520,3,22,201,93,126,224,69,163,154
520,4,147,134,28,46,140,175,155,121
520,5,0,173,154,108,64,74,60,164
520,6,173,12,30,72,7,210,195,249
520,7,39,227,175,225,245,104,166,75
520,8,53,38,148,72,59,233,98,172
520,9,99,134,221,90,32,1,143,233
520,10,217,245,135,233,162,103,38,152
520,11,105,237,216,241,239,117,183,4
520,12,13,149,10,38,50,240,158,5
520,13,34,204,208,194,180,158,20,215
520,14,191,17,132,21,173,163,0,34
520,15,221,6,0,235,92,195,74,139
520,16,191,234,104,254,60,1,34,203
520,17,161,69,44,192,196,144,210,215
520,18,129,239,77,195,58,32,92,54
520,19,24,180,219,239,212,37,115,174
520,20,172,53,148,72,50,195,98,38
520,21,32,99,1,58,229,193,221,150
520,22,38,217,135,245,103,233,102,77
520,23,105,166,45,117,118,32,40,226
520,24,158,149,10,240,38,13,161,50
520,25,34,204,194,215,58,208,248,95
520,26,191,17,21,132,0,248,253,204
520,27,141,221,139,6,235,79,92,0
520,28,191,172,254,234,34,112,104,158
520,29,161,44,69,196,54,9,192,60
520,30,129,77,224,99,92,116,241,239
520,31,180,114,174,212,55,37,115,127
520,32,235,28,204,108,92,233,67,78
520,33,87,66,250,106,204,110,47,198
520,34,185,244,164,154,13,66,121,254
520,35,14,171,53,101,142,44,254,202
520,36,213,154,164,103,254,188,148,17
520,37,132,129,199,1,110,109,240,224
520,38,175,68,121,239,24,190,67,196
520,39,141,8,57,247,32,252,56,140
521,0,119,9,48,227,118,186,125,59
521,1,102,172,147,0,207,235,160,65
521,2,37,175,25,225,111,40,164,30
521,3,147,88,5,193,93,102,126,245
521,4,140,28,181,200,187,15,205,72
521,5,108,154,0,128,146,103,139,142
521,6,173,12,72,30,210,249,120,212
521,7,175,118,39,227,26,33,245,225
521,8,148,53,195,213,59,240,72,144
521,9,99,193,1,109,143,90,229,233
521,10,135,38,217,77,172,147,245,70
521,11,178,105,121,117,144,32,63,139
521,12,240,10,38,149,176,48,161,239
521,13,58,215,34,45,204,144,101,170
521,14,0,132,204,21,163,253,196,228
521,15,235,221,141,193,172,98,124,92
521,16,34,172,25,104,254,209,191,176
521,17,44,196,192,69,109,1,209,161
521,18,224,129,77,239,92,8,18,241
521,19,115,192,212,174,180,127,95,153
521,20,195,148,53,202,85,240,72,106
521,21,193,1,99,229,228,214,38,233
521,22,38,148,217,147,135,224,77,172
521,23,178,117,166,23,105,45,32,139
521,24,10,240,149,251,161,176,38,13
521,25,34,144,215,58,45,170,145,208
521,26,0,132,253,204,94,21,173,141
521,27,235,193,221,141,11,139,0,227
521,28,34,104,25,191,172,209,1,124
521,29,196,192,69,233,161,44,13,152
521,30,77,241,224,8,58,4,152,92
521,31,174,212,192,127,115,180,95,215
521,32,73,204,108,233,241,235,255,149
521,33,87,106,204,66,110,50,108,12
521,34,244,218,154,66,91,185,192,123
521,35,14,171,53,202,194,38,254,220
521,36,213,164,154,135,144,226,99,61
521,37,129,1,199,194,170,109,80,219
521,38,68,175,60,190,239,182,8,77
521,39,140,25,195,184,187,230,252,150
522,0,211,195,70,191,222,139,71,137
522,1,91,118,167,187,25,28,55,125
522,2,170,223,32,211,188,216,225,91
522,3,56,93,196,126,136,11,147,243
522,4,140,28,46,134,175,111,29,147
522,5,71,22,0,108,230,164,173,128
522,6,30,249,218,113,202,173,12,210
522,7,175,18,39,149,245,168,26,225
522,8,53,148,59,72,108,84,118,162
522,9,99,1,134,90,150,101,143,97
522,10,148,172,147,217,135,245,149,134
522,11,166,32,139,105,218,117,44,230
522,12,240,10,149,176,161,199,38,137
522,13,34,20,45,248,215,144,208,145
522,14,94,132,204,21,253,85,158,164
522,15,235,193,141,28,139,11,98,1
522,16,34,104,124,191,25,158,197,1
522,17,69,161,192,233,44,209,196,125
522,18,241,8,77,92,239,129,54,152
522,19,188,174,180,212,115,24,50,144
522,20,174,53,148,195,72,123,150,201
522,21,193,99,1,143,214,229,141,58
522,22,148,172,149,217,245,147,103,184
522,23,139,166,32,105,117,23,223,205
522,24,240,149,184,10,161,177,188,83
522,25,34,248,144,208,45,179,136,20
522,26,94,21,132,219,85,253,0,204
522,27,11,221,141,0,139,235,193,92
522,28,191,34,104,209,158,107,221,112
522,29,161,69,13,233,152,210,217,125
522,30,241,77,8,152,4,96,199,54
522,31,174,127,212,133,215,95,115,99
522,32,73,233,136,123,241,204,109,88
522,33,87,204,106,61,70,30,165,110
522,34,154,218,244,66,150,13,250,179
522,35,14,171,53,11,202,16,142,181
522,36,213,164,154,188,4,78,135,254
522,37,199,170,1,129,37,99,171,66
522,38,68,175,243,60,239,132,190,143
522,39,32,57,184,195,150,174,25,252
523,0,218,212,230,169,103,110,65,213
523,1,28,65,119,91,187,102,127,94
523,2,225,170,147,37,161,223,195,99
523,3,161,126,93,136,99,137,73,189
523,4,140,28,46,155,197,134,205,189
523,5,71,128,173,0,237,108,4,109
523,6,12,202,30,218,113,249,230,98
523,7,175,75,39,245,227,166,183,58
523,8,53,38,148,59,72,50,84,240
523,9,99,241,221,143,58,90,134,205
523,10,184,148,217,245,172,105,70,61
523,11,105,117,139,166,79,5,216,239
523,12,149,10,240,14,32,13,105,159
523,13,34,208,14,65,20,45,145,180
523,14,94,21,132,163,204,164,158,248
523,15,221,0,1,139,141,235,193,124
523,16,191,34,158,209,107,104,25,1
523,17,69,161,13,44,192,1,46,209
523,18,241,239,152,77,8,99,54,58
523,19,174,24,212,115,127,203,188,95
523,20,148,53,38,240,72,174,195,85
523,21,99,1,225,193,233,143,254,229
523,22,184,70,245,217,38,148,32,166
523,23,139,117,105,166,77,223,72,121
523,24,149,240,14,10,32,109,131,244
523,25,34,144,208,65,171,83,45,56
523,26,94,21,132,184,53,163,57,85
523,27,221,0,1,139,11,193,72,235
523,28,191,34,107,91,151,209,158,112
523,29,161,13,69,152,44,219,210,233
523,30,241,8,4,77,239,152,54,222
523,31,174,212,127,114,73,133,115,149
523,32,73,233,136,139,5,157,204,67
523,33,70,87,182,106,204,61,51,5
523,34,66,154,150,218,29,13,244,211
523,35,14,53,195,171,11,220,254,202
523,36,164,213,252,254,154,4,78,160
523,37,1,171,122,5,199,172,33,63
523,38,175,68,239,134,143,200,72,131
523,39,75,57,252,103,40,174,112,167
524,0,166,97,113,142,150,67,210,10
524,1,53,157,187,168,67,41,160,104
524,2,225,134,147,176,54,68,161,97
524,3,136,93,88,126,73,164,33,189
524,4,46,161,28,140,61,32,38,190
524,5,0,128,173,112,139,171,50,75
524,6,202,12,218,30,113,120,249,121
524,7,175,105,75,251,89,91,168,67
524,8,174,53,148,59,168,182,72,114
524,9,99,241,193,229,90,1,143,202
524,10,83,148,105,182,61,241,118,149
524,11,139,215,36,105,213,243,117,254
524,12,149,240,105,10,41,5,173,201
524,13,104,171,34,70,121,241,82,31
524,14,94,163,4,21,132,149,200,34
524,15,65,11,193,221,158,235,196,240
524,16,34,158,191,151,209,104,65,124
524,17,69,160,13,44,161,192,219,233
524,18,241,8,77,85,54,9,4,131
524,19,188,174,24,212,208,58,180,94
524,20,174,123,53,72,150,148,195,158
524,21,193,241,141,99,143,1,214,233
524,22,245,103,184,190,166,148,38,104
524,23,139,105,121,22,166,243,205,117
524,24,149,10,144,110,240,188,177,41
524,25,34,171,144,248,208,65,179,104
524,26,94,21,132,163,107,162,130,34
524,27,0,221,11,139,65,193,226,104
524,28,191,34,158,112,107,124,134,209
524,29,13,161,152,69,210,219,244,44
524,30,241,4,8,77,152,58,92,31
524,31,174,212,127,61,50,25,133,215
524,32,73,136,233,63,88,67,32,241
524,33,70,204,106,87,30,50,51,185
524,34,154,150,29,91,66,88,211,93
524,35,14,53,69,11,220,202,143,142
524,36,213,164,254,135,154,78,42,187
524,37,1,122,199,99,213,98,246,33
524,38,175,68,239,60,200,93,133,189
524,39,25,252,184,195,150,103,230,187
525,0,133,143,126,241,6,169,57,214
525,1,53,65,156,248,170,25,168,146
525,2,225,198,8,134,87,147,54,36
525,3,93,106,224,126,69,164,109,33
525,4,28,46,140,235,134,189,38,29
525,5,0,128,173,146,152,185,112,171
525,6,12,202,113,218,120,30,237,210
525,7,175,105,91,227,26,254,89,67
525,8,53,72,59,148,248,174,161,168
525,9,99,241,1,69,143,86,137,229
525,10,184,103,148,245,28,172,193,88
525,11,105,19,139,39,117,166,188,121
525,12,149,240,173,10,107,151,14,252
525,13,171,34,208,215,174,198,82,170
525,14,94,163,34,200,132,21,162,4
525,15,193,11,139,221,158,168,223,9
525,16,34,209,124,158,191,25,65,134
525,17,44,13,69,192,161,219,204,244
525,18,241,8,239,77,4,92,221,98
525,19,174,188,24,208,214,246,25,50
525,20,53,72,100,176,144,123,174,105
525,21,99,143,69,233,241,214,195,74
525,22,184,245,103,56,249,190,105,254
525,23,105,139,22,19,121,205,146,39
525,24,149,110,144,244,69,240,173,10
525,25,34,171,208,158,65,112,136,161
525,26,21,94,132,188,130,248,34,162
525,27,221,0,139,11,223,40,106,141
525,28,191,158,65,34,124,171,66,134
525,29,161,13,69,152,249,232,127,95
525,30,4,77,8,241,92,253,98,140
525,31,174,61,50,224,215,208,188,212
525,32,136,60,88,233,73,133,63,110
525,33,87,30,108,33,185,70,146,229
525,34,29,93,15,211,250,146,150,91
525,35,11,14,195,209,202,220,87,249
525,36,254,60,231,154,190,5,7,206
525,37,122,99,246,199,59,25,148,226
525,38,239,135,122,175,25,100,130,83
525,39,63,96,252,110,46,103,237,41
526,0,29,115,163,236,180,41,59,83
526,1,191,124,14,24,223,197,167,156
526,2,188,225,91,79,194,139,143,187
526,3,22,201,224,112,164,182,33,69
526,4,210,134,188,189,233,149,146,29
526,5,0,171,173,128,185,50,122,131
526,6,12,165,237,72,212,120,11,105
526,7,88,125,254,193,225,245,158,85
526,8,53,72,148,121,59,171,100,84
526,9,99,134,3,90,233,229,137,202
526,10,245,184,103,233,229,148,56,217
526,11,105,216,241,146,229,117,173,33
526,12,149,10,240,32,110,2,38,14
526,13,34,171,215,208,248,158,144,60
526,14,132,34,143,94,21,173,163,162
526,15,79,221,0,139,74,223,193,97
526,16,191,34,158,202,173,25,219,209
526,17,69,161,210,244,13,44,204,219
526,18,239,66,241,54,4,77,58,129
526,19,24,208,49,188,25,95,61,174
526,20,53,85,72,89,148,50,100,24
526,21,99,77,143,233,58,229,195,127
526,22,245,184,233,103,70,1,32,23
526,23,105,173,139,146,77,248,223,241
526,24,149,131,240,244,10,32,248,119
526,25,171,34,144,184,208,82,240,173
526,26,184,94,132,143,21,162,188,251
526,27,221,79,0,40,226,223,106,199
526,28,91,191,158,34,204,171,115,225
526,29,94,161,69,44,152,219,13,210
526,30,241,0,239,8,77,99,58,98
526,31,163,212,115,197,174,46,102,193
526,32,144,233,108,3,73,212,82,204
526,33,70,79,106,185,161,87,61,102
526,34,109,66,20,13,211,2,103,27
526,35,27,240,14,238,195,64,60,11
526,36,192,148,93,29,167,144,146,190
526,37,5,122,101,171,194,33,19,74
526,38,61,143,8,35,10,147,202,126
526,39,193,57,176,163,22,235,223,227
527,0,91,179,145,16,51,130,197,213
527,1,184,227,156,247,12,0,106,180
527,2,74,114,17,88,37,50,175,54
527,3,88,77,59,142,183,136,231,83
527,4,241,230,131,108,151,15,128,19
527,5,99,128,173,51,139,131,0,13
527,6,218,202,12,30,210,20,249,105
527,7,118,175,227,104,26,48,245,225
527,8,53,148,59,195,72,100,182,233
527,9,99,77,90,228,229,38,233,69
527,10,148,23,113,172,38,217,245,147
527,11,178,105,117,139,166,173,32,35
527,12,149,10,240,109,198,176,159,229
527,13,34,58,144,208,170,83,215,45
527,14,132,184,173,21,94,163,158,248
527,15,221,235,139,0,141,90,193,74
527,16,191,91,104,25,1,172,197,158
527,17,161,69,44,192,196,109,209,210
527,18,239,77,224,58,54,0,4,241
527,19,163,115,24,127,192,95,180,164
527,20,53,113,148,195,85,240,72,89
527,21,38,77,99,193,1,229,233,32
527,22,23,38,148,245,113,217,147,103
527,23,178,105,166,117,45,223,44,77
527,24,149,10,161,176,109,21,240,244
527,25,34,58,144,170,145,248,215,208
527,26,184,132,21,253,204,20,173,17
527,27,235,193,221,139,14,141,0,145
527,28,91,25,115,191,104,172,151,1
527,29,109,44,196,210,192,69,125,161
527,30,239,224,0,77,58,175,93,152
527,31,115,163,95,192,127,212,58,185
527,32,108,204,226,67,3,235,92,241
527,33,79,66,61,85,106,143,29,234
527,34,27,74,13,185,171,61,91,66
527,35,239,14,27,235,60,202,53,220
527,36,192,222,110,93,78,167,191,25
527,37,5,101,163,171,74,199,96,80
527,38,64,175,8,10,61,202,239,168
527,39,228,154,252,37,58,11,57,163
528,0,168,181,246,216,255,213,245,149
528,1,184,210,201,227,248,102,65,176
528,2,88,34,74,129,68,114,59,18
528,3,26,128,34,77,130,35,230,129
528,4,108,6,187,28,205,235,189,140
528,5,222,152,50,154,74,88,65,128
528,6,121,218,210,31,202,0,12,215
528,7,118,117,78,175,2,185,110,64
528,8,116,23,180,52,4,115,85,148
528,9,38,193,180,1,205,239,99,169
528,10,13,113,120,193,27,125,36,65
528,11,39,178,63,192,23,19,99,233
528,12,151,251,85,69,149,160,10,247
528,13,105,45,11,103,144,58,29,107
528,14,184,204,132,226,173,86,21,51
528,15,36,172,235,147,46,23,221,227
528,16,35,96,117,172,183,47,115,195
528,17,44,109,69,94,1,196,152,209
528,18,83,170,85,225,77,224,57,148
528,19,88,167,115,212,59,166,130,122
528,20,148,195,85,53,99,239,233,72
528,21,38,180,1,229,99,193,203,214
528,22,83,113,132,27,120,34,36,162
528,23,39,174,44,192,63,20,17,7
528,24,116,149,160,67,176,10,2,85
528,25,105,45,183,145,29,160,11,178
528,26,204,132,44,231,51,21,173,73
528,27,169,172,147,46,235,36,30,0
528,28,35,96,183,195,117,32,191,197
528,29,5,1,94,69,222,223,151,152
528,30,83,170,85,225,77,91,64,4
528,31,167,59,88,95,240,166,122,212
528,32,149,236,237,255,158,99,226,254
528,33,85,92,86,232,190,83,183,220
528,34,116,186,132,246,10,55,1,161
528,35,202,14,36,254,220,224,129,39
528,36,188,70,153,78,192,154,20,239
528,37,39,22,199,103,58,163,37,190
528,38,92,127,118,175,230,59,148,45
528,39,189,45,238,154,252,70,38,2
529,0,169,7,60,143,182,126,193,58
529,1,189,142,112,172,129,147,210,94
529,2,200,179,68,217,129,72,34,22
529,3,26,77,230,183,73,130,212,189
529,4,235,187,108,205,140,90,189,163
529,5,50,222,152,88,237,243,58,154
529,6,218,121,210,202,12,122,98,31
529,7,2,118,185,78,175,183,24,117
529,8,85,148,53,35,195,59,4,23
529,9,180,193,38,99,1,205,169,6
529,10,193,13,113,183,27,83,88,120
529,11,192,39,99,63,253,20,180,195
529,12,251,85,149,10,151,41,62,73
529,13,34,121,105,11,45,178,183,29
529,14,132,21,173,204,34,191,184,228
529,15,36,221,172,141,235,0,46,223
529,16,96,35,183,191,176,195,57,158
529,17,69,161,44,60,1,209,94,42
529,18,83,77,170,225,91,54,22,4
529,19,24,115,88,59,167,95,240,153
529,20,148,53,195,85,233,72,171,161
529,21,99,38,180,229,233,214,228,1
529,22,132,83,34,245,162,108,103,236
529,23,39,192,44,253,173,174,33,248
529,24,251,116,244,176,149,67,10,13
529,25,34,208,183,145,45,105,178,29
529,26,132,21,204,44,73,227,200,228
529,27,139,169,36,0,221,155,206,46
529,28,35,183,96,191,197,195,137,171
529,29,161,1,5,60,204,69,222,102
529,30,77,83,170,4,225,91,97,64
529,31,59,240,95,88,167,233,130,115
529,32,236,158,149,99,237,60,255,247
529,33,190,85,232,92,86,41,146,12
529,34,116,246,10,55,132,161,211,97
529,35,202,224,36,11,39,14,254,220
529,36,188,153,70,154,239,78,10,118
529,37,22,103,199,39,58,163,37,59
529,38,92,127,118,148,175,45,59,71
529,39,189,2,45,252,70,38,213,69
530,0,211,163,236,62,138,28,254,162
530,1,75,193,178,8,202,167,175,124
530,2,188,157,42,126,143,170,3,223
530,3,201,22,154,197,23,69,112,243
530,4,152,134,175,233,29,216,28,140
530,5,58,50,0,164,237,77,251,222
530,6,12,30,125,237,25,195,43,210
530,7,246,175,185,183,142,85,227,26
530,8,53,148,72,85,59,233,161,1
530,9,99,1,90,134,32,233,166,225
530,10,233,132,217,245,108,54,34,197
530,11,97,44,248,105,15,216,30,7
530,12,10,149,157,38,176,119,50,13
530,13,34,183,208,20,0,174,165,45
530,14,132,21,17,173,44,163,158,248
530,15,221,235,0,90,206,139,6,74
530,16,191,35,183,234,197,56,57,176
530,17,161,69,4,60,217,209,204,44
530,18,141,83,77,225,116,209,66,54
530,19,24,115,247,59,88,48,95,144
530,20,53,148,172,195,85,72,171,233
530,21,99,32,229,233,58,195,143,28
530,22,233,132,245,103,135,242,102,108
530,23,253,248,99,44,70,150,59,105
530,24,119,50,116,10,158,176,244,157
530,25,34,0,208,183,145,178,20,45
530,26,132,196,44,204,21,17,73,227
530,27,79,28,139,206,221,35,0,112
530,28,35,183,56,191,190,197,138,234
530,29,1,161,19,204,69,4,244,9
530,30,141,83,225,77,66,232,130,116
530,31,157,247,95,59,88,83,85,115
530,32,92,236,28,19,14,179,120,109
530,33,103,54,133,139,181,146,84,143
530,34,246,10,121,191,44,5,18,166
530,35,202,129,220,254,36,14,114,210
530,36,188,153,78,39,48,26,154,142
530,37,22,199,103,162,78,27,55,238
530,38,127,118,119,175,185,45,215,189
530,39,77,30,252,116,70,99,122,58
531,0,253,190,235,237,61,141,208,115
531,1,184,113,64,188,7,203,58,75
531,2,31,4,17,210,88,145,9,55
531,3,35,91,34,77,128,130,183,83
531,4,15,95,142,102,219,6,159,187
531,5,50,58,186,142,132,149,235,134
531,6,215,153,43,62,12,51,167,210
531,7,118,185,23,78,29,175,227,5
531,8,195,113,148,116,72,53,85,89
531,9,38,116,99,164,77,228,191,94
531,10,23,36,169,130,113,198,38,61
531,11,178,161,189,233,117,99,183,105
531,12,149,10,63,93,15,26,74,161
531,13,58,43,147,45,105,144,34,11
531,14,20,184,132,204,0,173,124,44
531,15,235,221,81,193,200,147,98,124
531,16,172,25,91,104,191,5,117,151
531,17,44,109,69,196,192,172,161,209
531,18,239,224,77,0,57,179,187,109
531,19,163,115,192,212,127,24,164,95
531,20,113,148,195,53,85,89,214,72
531,21,99,38,116,229,1,164,233,29
531,22,23,38,113,147,217,245,224,149
531,23,178,161,45,117,44,105,166,32
531,24,10,149,161,21,109,93,63,176
531,25,34,58,144,170,11,45,208,43
531,26,184,132,0,20,173,204,21,253
531,27,235,193,139,141,145,221,0,200
531,28,115,91,25,191,151,172,1,104
531,29,109,44,196,210,69,192,161,219
531,30,77,224,239,0,58,175,93,98
531,31,115,163,192,95,127,212,116,58
531,32,108,204,226,67,241,63,190,132
531,33,79,85,93,66,106,158,51,199
531,34,27,74,132,218,146,171,31,193
531,35,239,27,14,195,53,60,11,156
531,36,20,222,192,61,254,99,190,170
531,37,5,39,129,80,2,128,218,139
531,38,64,109,67,134,228,202,70,197
531,39,186,218,10,11,190,252,227,95
532,0,193,167,38,54,94,130,44,112
532,1,122,201,117,105,238,58,140,42
532,2,81,140,245,67,6,0,209,104
532,3,34,35,91,128,183,73,103,74
532,4,179,187,159,205,246,245,6,229
532,5,145,152,222,226,159,130,245,239
532,6,218,121,12,0,202,98,210,30
532,7,118,175,88,103,70,106,225,5
532,8,113,195,104,148,53,59,73,106
532,9,116,38,126,99,191,239,118,56
532,10,23,36,27,113,248,115,167,13
532,11,23,178,233,239,183,36,123,161
532,12,10,93,149,85,253,44,41,201
532,13,34,58,104,11,33,144,105,45
532,14,184,132,0,204,173,147,164,228
532,15,235,141,98,147,92,139,221,227
532,16,151,172,91,104,115,191,156,204
532,17,44,69,109,161,45,110,116,192
532,18,77,224,239,227,40,128,137,38
532,19,192,163,115,24,212,90,125,95
532,20,113,195,53,148,85,174,72,105
532,21,99,116,38,1,141,143,126,214
532,22,224,127,21,96,27,217,71,141
532,23,140,45,74,243,23,193,46,178
532,24,10,41,21,214,161,117,144,235
532,25,34,58,11,170,104,95,208,144
532,26,0,132,173,184,188,204,253,107
532,27,235,193,139,92,141,145,187,124
532,28,191,172,25,115,151,104,66,112
532,29,161,44,109,69,196,192,127,32
532,30,77,224,58,173,98,227,92,140
532,31,115,95,212,192,180,246,90,127
532,32,108,226,204,67,241,132,63,255
532,33,79,85,50,51,66,87,157,106
532,34,27,254,218,123,66,186,146,176
532,35,53,239,14,202,194,11,206,60
532,36,154,135,213,188,20,78,99,61
532,37,199,129,163,39,237,158,115,139
532,38,190,239,175,109,68,55,60,8
532,39,25,195,184,187,150,252,140,87
533,0,71,57,33,200,58,90,248,139
533,1,147,129,172,189,127,142,103,112
533,2,72,28,54,67,165,6,160,124
533,3,193,245,138,194,48,121,151,200
533,4,140,193,114,187,32,255,9,41
533,5,166,109,108,248,226,154,130,75
533,6,205,98,12,96,7,69,252,219
533,7,142,22,175,39,225,245,180,227
533,8,195,53,148,59,106,245,72,111
533,9,99,148,193,1,43,126,7,195
533,10,183,217,126,21,167,199,37,104
533,11,183,74,253,140,41,239,133,127
533,12,10,212,144,41,102,188,5,73
533,13,34,58,26,205,208,11,164,67
533,14,132,0,34,21,147,215,204,162
533,15,235,141,139,66,74,90,124,221
533,16,151,172,191,124,34,104,176,107
533,17,44,161,69,192,196,210,109,26
533,18,77,224,54,92,140,64,98,227
533,19,24,180,115,208,125,50,95,192
533,20,53,195,148,72,223,85,105,143
533,21,99,148,143,1,233,214,183,137
533,22,217,38,245,21,147,183,141,126
533,23,45,140,183,74,239,32,40,243
533,24,10,13,41,212,244,127,255,177
533,25,34,58,208,170,180,248,91,117
533,26,132,0,21,123,173,188,248,34
533,27,235,139,145,74,92,203,141,124
533,28,191,172,124,134,25,104,50,115
533,29,161,44,192,69,196,59,127,217
533,30,77,92,224,140,93,137,8,98
533,31,180,115,95,50,212,90,246,58
533,32,204,108,241,67,132,233,255,63
533,33,51,50,66,204,110,87,106,79
533,34,218,254,66,123,27,176,150,31
533,35,53,14,202,194,11,142,36,69
533,36,154,135,188,78,225,4,106,61
533,37,199,171,129,163,1,237,52,103
533,38,239,190,175,60,135,133,45,121
533,39,184,32,87,150,195,140,57,187
534,0,211,77,70,225,139,138,224,84
534,1,55,118,71,251,100,65,3,176
534,2,195,91,143,72,221,79,126,33
534,3,22,137,167,93,56,126,180,182
534,4,140,147,134,28,233,132,46,29
534,5,108,0,154,164,60,173,136,74
534,6,12,30,7,72,205,69,173,240
534,7,142,22,175,252,227,75,38,39
534,8,53,148,59,50,72,233,121,192
534,9,99,134,1,58,97,221,90,3
534,10,217,135,38,172,245,147,162,197
534,11,117,121,218,44,237,183,166,97
534,12,10,13,38,240,50,2,18,233
534,13,34,180,215,58,185,0,248,208
534,14,0,21,34,113,132,193,191,78
534,15,221,235,124,79,74,66,56,90
534,16,88,172,191,201,34,176,169,197
534,17,161,69,44,45,127,59,192,196
534,18,129,77,54,99,140,224,239,40
534,19,24,90,115,195,95,180,125,248
534,20,195,172,53,148,50,72,106,143
534,21,99,32,214,58,1,228,121,233
534,22,21,38,135,217,245,226,172,197
534,23,45,166,117,40,183,74,121,46
534,24,10,126,127,158,41,240,58,149
534,25,34,215,58,194,180,208,248,170
534,26,0,132,17,21,164,107,253,173
534,27,235,124,139,6,145,92,141,0
534,28,88,34,191,172,254,104,1,134
534,29,44,59,161,69,196,192,217,95
534,30,77,129,224,99,239,241,8,92
534,31,114,127,174,115,95,90,212,180
534,32,109,108,67,204,233,92,73,123
534,33,61,66,87,106,204,68,102,250
534,34,154,66,13,121,218,254,244,166
534,35,14,44,53,202,38,194,19,64
534,36,213,154,164,29,4,140,99,160
534,37,132,1,199,171,237,234,66,139
534,38,239,175,68,190,143,196,67,96
534,39,57,235,166,140,8,32,198,90
535,0,119,9,227,125,186,118,85,59
535,1,102,160,57,65,207,172,25,99
535,2,176,37,25,175,52,14,161,48
535,3,161,88,48,193,67,255,102,232
535,4,28,181,140,187,247,200,39,16
535,5,154,108,56,0,75,226,142,175
535,6,30,12,205,72,210,249,98,219
535,7,118,175,227,142,75,26,225,24
535,8,195,148,53,240,59,106,213,233
535,9,99,193,109,1,205,143,86,117
535,10,38,135,172,217,147,118,21,224
535,11,178,117,121,183,139,166,63,144
535,12,10,240,38,5,69,177,252,188
535,13,34,58,215,144,105,26,45,209
535,14,0,132,34,55,204,94,188,107
535,15,235,193,74,221,223,124,141,158
535,16,34,172,191,104,1,216,201,115
535,17,44,69,192,196,161,45,210,232
535,18,77,40,224,8,129,140,3,241
535,19,115,174,24,127,153,95,192,214
535,20,148,195,106,53,223,105,240,85
535,21,193,99,1,214,233,228,195,229
535,22,224,21,38,43,127,217,96,172
535,23,46,117,45,166,139,129,178,183
535,24,10,149,6,21,41,235,117,240
535,25,34,144,184,170,45,58,67,141
535,26,132,94,0,173,21,102,107,188
535,27,235,193,221,0,11,227,139,223
535,28,191,34,104,1,25,209,125,115
535,29,13,217,69,210,161,196,59,44
535,30,77,8,241,224,58,96,47,152
535,31,174,115,127,95,212,58,185,90
535,32,233,204,73,108,67,63,126,184
535,33,204,106,87,66,32,30,199,144
535,34,66,154,218,192,91,244,179,184
535,35,14,53,171,69,194,65,193,137
535,36,213,164,154,29,135,230,160,64
535,37,129,171,1,218,199,4,237,24
535,38,68,190,175,239,60,72,228,67
535,39,25,140,195,252,187,184,235,230
536,0,71,248,57,137,90,139,33,23
536,1,65,103,196,127,28,173,119,121
536,2,211,222,177,61,176,14,54,243
536,3,193,93,203,19,232,245,137,104
536,4,140,28,244,46,227,111,68,114
536,5,108,154,109,24,226,166,75,83
536,6,205,218,98,30,202,219,23,207
536,7,175,227,18,225,237,217,130,5
536,8,195,53,148,216,59,250,146,106
536,9,148,99,1,193,143,229,43,192
536,10,38,147,148,217,149,199,126,37
536,11,166,105,32,139,43,210,123,117
536,12,10,240,149,184,188,161,136,101
536,13,34,144,115,164,170,205,145,192
536,14,0,132,204,94,34,173,228,107
536,15,235,141,203,193,139,90,74,48
536,16,124,104,34,191,172,1,208,112
536,17,44,69,233,161,192,210,26,196
536,18,8,77,224,92,54,40,98,140
536,19,115,24,180,125,206,95,212,191
536,20,216,53,148,195,201,202,106,105
536,21,148,99,193,195,109,214,233,229
536,22,224,38,148,149,127,147,245,89
536,23,166,105,139,32,43,117,40,23
536,24,149,10,240,183,152,231,179,246
536,25,34,144,184,109,207,80,36,179
536,26,0,132,94,21,85,141,162,227
536,27,235,221,193,0,29,141,139,56
536,28,104,124,34,191,1,134,66,218
536,29,233,161,210,44,69,196,232,82
536,30,8,241,77,239,9,36,238,47
536,31,188,58,69,115,10,170,127,32
536,32,233,204,108,133,63,205,163,66
536,33,204,106,66,87,108,236,96,218
536,34,218,66,31,192,108,154,211,157
536,35,194,65,209,215,69,14,225,245
536,36,218,61,141,31,167,30,225,29
536,37,171,218,13,148,189,19,80,141
536,38,190,175,239,180,121,77,207,67
536,39,140,32,87,247,90,56,11,227
537,0,37,232,0,211,12,241,148,8
537,1,91,187,55,1,108,118,167,252
537,2,170,91,223,72,221,163,191,143
537,3,137,249,93,161,147,22,154,180
537,4,46,147,28,111,198,134,243,29
537,5,0,36,144,42,22,128,108,138
537,6,30,173,218,249,98,12,32,158
537,7,18,39,175,137,149,225,129,155
537,8,148,53,225,59,163,108,70,202
537,9,99,143,196,233,48,224,234,192
537,10,38,148,109,184,135,245,77,149
537,11,166,105,184,117,139,144,118,188
537,12,10,149,240,176,47,119,131,109
537,13,34,144,192,204,215,45,248,148
537,14,132,85,94,204,21,34,163,188
537,15,235,221,193,202,223,178,139,79
537,16,191,197,104,1,201,25,209,174
537,17,69,161,44,210,184,192,209,196
537,18,239,8,77,241,92,58,109,129
537,19,115,149,127,95,188,49,180,24
537,20,53,148,85,47,123,106,195,202
537,21,77,99,229,233,193,1,154,59
537,22,38,184,245,221,89,148,172,226
537,23,166,77,105,117,139,44,118,241
537,24,149,240,10,109,32,184,131,176
537,25,34,144,192,240,204,65,45,223
537,26,132,85,184,21,0,173,94,239
537,27,221,235,141,193,0,237,202,178
537,28,91,191,104,1,134,115,148,66
537,29,210,161,184,44,69,13,217,215
537,30,8,239,241,0,77,58,151,9
537,31,163,115,55,37,15,95,149,219
537,32,233,235,58,108,92,204,202,32
537,33,106,204,79,87,51,176,147,170
537,34,66,185,218,226,13,166,80,122
537,35,14,101,95,60,38,162,137,134
537,36,167,252,154,191,21,134,94,86
537,37,171,5,156,244,214,243,25,109
537,38,190,50,141,115,175,121,165,239
537,39,136,141,247,83,58,218,192,140
538,0,167,240,94,26,98,8,14,159
538,1,187,91,55,198,252,167,104,255
538,2,170,37,91,175,195,225,25,221
538,3,22,93,201,154,126,224,63,112
538,4,147,28,46,134,155,121,243,166
538,5,0,173,36,128,75,22,154,33
538,6,173,30,218,12,72,62,249,212
538,7,18,39,175,225,104,142,227,149
538,8,53,38,148,59,121,72,233,192
538,9,99,134,90,97,143,233,205,154
538,10,217,38,245,148,172,184,61,23
538,11,166,117,105,183,139,237,33,216
538,12,149,10,240,184,32,119,110,109
538,13,34,144,208,58,180,170,248,204
538,14,173,132,21,184,164,94,191,17
538,15,221,235,193,90,0,74,170,139
538,16,1,191,91,115,104,221,25,234
538,17,161,69,210,44,196,58,217,192
538,18,239,58,77,224,8,54,99,241
538,19,163,115,127,24,95,125,149,49
538,20,53,148,38,195,85,172,50,113
538,21,77,99,38,233,229,32,58,214
538,22,38,23,245,184,148,172,149,217
538,23,166,105,77,117,178,139,43,223
538,24,149,10,240,32,109,248,161,184
538,25,34,144,83,208,170,248,56,71
538,26,184,132,173,21,17,85,0,248
538,27,221,235,139,0,193,145,141,90
538,28,91,191,151,115,1,25,172,125
538,29,44,210,109,161,217,196,94,69
538,30,77,239,0,224,58,26,8,9
538,31,115,163,95,127,192,58,23,133
538,32,108,204,67,226,92,212,233,235
538,33,79,106,85,43,66,61,225,90
538,34,74,27,66,164,13,185,128,218
538,35,239,27,14,53,64,60,245,17
538,36,192,222,20,93,154,32,167,25
538,37,5,171,72,163,65,186,101,74
538,38,190,64,175,67,134,239,8,61
538,39,57,140,228,87,154,163,11,141
539,0,132,158,190,115,141,125,47,237
539,1,184,201,188,58,180,24,113,145
539,2,74,25,27,225,114,37,4,29
539,3,91,34,128,35,77,69,99,83
539,4,130,140,128,187,28,108,163,58
539,5,41,78,47,145,193,76,154,134
539,6,218,121,12,60,0,30,210,7
539,7,118,175,117,227,78,142,104,29
539,8,195,148,53,113,72,93,59,123
539,9,239,99,38,164,77,191,228,9
539,10,23,113,38,27,199,167,93,169
539,11,178,117,161,183,23,189,123,243
539,12,10,149,93,21,242,63,248,240
539,13,34,58,144,45,147,11,170,208
539,14,184,132,0,20,204,173,113,164
539,15,235,221,74,193,147,90,139,223
539,16,91,172,104,191,115,25,1,117
539,17,44,109,69,161,210,192,119,45
539,18,239,77,0,224,40,179,98,175
539,19,163,115,95,125,214,90,248,208
539,20,113,53,148,195,85,106,234,105
539,21,99,38,164,239,77,233,141,209
539,22,23,113,70,38,169,83,27,127
539,23,178,161,117,243,183,189,26,173
539,24,149,10,21,87,32,161,74,112
539,25,58,144,45,34,170,11,147,241
539,26,20,184,132,0,148,92,173,204
539,27,235,200,170,147,74,98,145,245
539,28,172,91,134,133,25,191,104,151
539,29,44,109,76,161,69,233,45,36
539,30,239,77,0,224,138,175,37,98
539,31,122,115,163,212,116,192,164,26
539,32,226,255,181,241,119,204,108,63
539,33,110,85,93,43,79,66,210,27
539,34,27,132,74,244,82,254,52,218
539,35,27,239,14,64,33,149,127,156
539,36,20,222,192,61,64,149,240,101
539,37,39,5,88,2,19,109,227,86
539,38,64,109,67,202,134,140,121,165
539,39,186,190,154,11,22,247,133,227
540,0,193,167,38,54,130,94,44,244
540,1,201,122,58,184,117,188,140,105
540,2,49,20,219,74,129,233,11,140
540,3,34,128,35,91,103,99,245,69
540,4,140,205,130,28,6,89,153,183
540,5,78,152,47,85,145,65,154,159
540,6,60,7,206,68,98,210,239,121
540,7,117,175,118,142,39,3,5,237
540,8,195,113,104,245,239,123,233,213
540,9,38,239,164,191,126,99,25,116
540,10,27,125,36,198,113,23,65,126
540,11,23,178,161,233,86,63,108,19
540,12,44,93,74,151,54,87,161,15
540,13,147,45,11,58,134,105,145,52
540,14,184,204,20,51,253,148,132,164
540,15,235,98,147,200,162,195,81,165
540,16,172,91,117,151,133,104,43,238
540,17,44,109,76,233,69,1,172,0
540,18,0,179,239,77,172,227,138,163
540,19,163,122,212,116,115,192,109,12
540,20,195,113,239,148,72,81,179,53
540,21,38,164,126,1,213,191,239,86
540,22,27,65,126,23,125,217,255,147
540,23,178,32,161,63,140,239,62,189
540,24,220,93,44,161,74,54,87,69
540,25,11,58,45,138,184,136,212,104
540,26,184,204,253,20,148,132,90,51
540,27,98,235,147,200,139,165,162,170
540,28,172,238,43,151,104,133,191,117
540,29,44,109,233,69,161,76,57,5
540,30,77,138,175,227,176,239,224,98
540,31,122,115,212,95,163,192,180,116
540,32,255,226,241,204,181,132,119,2
540,33,110,85,50,93,83,79,108,177
540,34,27,186,218,123,132,244,74,254
540,35,14,239,202,53,194,235,93,36
540,36,20,188,78,135,154,153,192,170
540,37,163,39,199,52,129,237,33,177
540,38,239,109,175,249,121,168,196,133
540,39,25,187,195,154,184,140,150,252
541,0,169,173,43,95,236,140,143,5
541,1,189,142,129,147,172,224,112,94
541,2,49,72,219,20,233,255,11,129
541,3,245,193,121,103,126,252,73,194
541,4,140,193,195,205,235,28,9,255
541,5,110,154,111,166,72,207,32,15
541,6,7,145,69,208,68,206,98,103
541,7,142,175,39,188,245,54,225,90
541,8,195,53,148,245,59,72,106,175
541,9,99,1,7,243,193,195,97,6
541,10,27,126,217,21,183,71,37,11
541,11,253,183,32,230,239,74,23,25
541,12,220,144,212,243,102,164,41,137
541,13,34,58,11,251,170,5,212,45
541,14,41,204,123,164,132,34,223,0
541,15,235,141,46,98,147,255,92,124
541,16,172,124,191,104,112,238,158,134
541,17,161,44,69,233,109,5,215,112
541,18,77,176,224,172,54,92,227,226
541,19,24,180,115,122,50,94,90,95
541,20,195,53,148,72,150,161,85,81
541,21,99,38,1,143,195,214,135,150
541,22,126,27,149,217,147,162,224,183
541,23,140,32,239,204,81,183,105,237
541,24,220,13,161,127,21,213,243,126
541,25,34,58,11,180,208,170,138,136
541,26,132,21,204,253,0,252,248,130
541,27,74,235,141,139,98,147,170,255
541,28,172,191,124,104,112,155,37,66
541,29,161,44,233,69,109,86,58,192
541,30,77,176,92,227,175,138,224,54
541,31,95,180,115,212,90,50,122,61
541,32,241,132,204,255,2,190,143,63
541,33,110,50,106,146,85,108,51,70
541,34,218,123,27,254,93,176,37,211
541,35,194,202,14,53,103,164,142,254
541,36,188,135,154,78,4,187,110,153
541,37,163,199,171,52,129,103,237,177
541,38,239,175,60,133,122,109,189,198
541,39,25,140,195,187,184,150,230,252
542,0,211,195,232,26,163,138,37,144
542,1,55,118,65,248,202,72,78,167
542,2,195,91,79,6,253,32,240,92
542,3,56,22,126,180,93,182,201,109
542,4,140,46,134,147,28,197,27,189
542,5,154,0,60,164,83,237,74,243
542,6,30,7,69,12,113,72,249,219
542,7,75,142,175,39,22,252,193,6
542,8,53,148,195,72,59,192,133,50
542,9,99,134,221,97,1,3,32,90
542,10,217,149,135,147,207,162,245,61
542,11,32,230,143,204,44,183,237,97
542,12,21,13,38,2,48,10,50,244
542,13,34,180,58,215,170,0,208,248
542,14,21,132,113,34,17,164,162,247
542,15,74,124,235,97,206,141,147,151
542,16,172,191,37,230,234,60,254,112
542,17,161,69,233,225,44,158,209,215
542,18,77,129,176,54,92,98,224,108
542,19,24,180,115,208,95,129,94,125
542,20,195,53,148,72,172,127,233,143
542,21,99,32,135,143,45,214,1,150
542,22,217,135,149,147,245,233,126,28
542,23,32,237,204,37,230,61,13,223
542,24,21,13,158,38,244,240,220,50
542,25,34,180,194,215,211,248,208,0
542,26,17,132,21,0,253,248,34,162
542,27,74,139,92,255,6,235,147,141
542,28,172,254,191,234,104,155,112,124
542,29,161,69,44,233,225,209,127,244
542,30,77,129,241,92,176,99,108,52
542,31,180,212,114,95,174,125,115,157
542,32,73,241,146,255,12,67,143,204
542,33,110,70,61,50,51,4,91,106
542,34,254,13,121,123,244,218,211,239
542,35,53,202,14,194,136,11,164,220
542,36,154,188,78,164,213,135,160,240
542,37,1,132,199,170,163,52,113,186
542,38,239,87,175,252,133,67,60,96
542,39,8,57,32,140,184,150,195,223
543,0,130,27,230,213,139,45,103,202
543,1,102,172,127,142,147,28,103,54
543,2,125,252,37,175,25,240,155,205
543,3,245,193,192,138,153,109,247,96
543,4,140,46,248,111,15,0,205,134
543,5,108,154,0,83,74,222,50,22
543,6,30,12,249,210,7,113,72,237
543,7,175,142,75,245,227,39,26,139
543,8,195,148,53,59,72,179,133,250
543,9,99,203,193,241,1,45,254,90
543,10,217,149,147,135,126,61,70,37
543,11,32,178,63,188,144,230,13,174
543,12,21,220,240,38,10,161,201,83
543,13,58,211,215,170,45,16,34,241
543,14,204,55,34,162,0,196,68,253
543,15,130,172,235,193,147,170,74,98
543,16,172,104,117,50,219,174,215,160
543,17,233,44,225,69,109,95,158,243
543,18,77,224,129,241,137,92,3,98
543,19,115,192,180,122,139,125,212,36
543,20,195,72,148,85,56,245,53,123
543,21,203,99,38,213,60,214,193,1
543,22,147,27,126,217,149,137,71,135
543,23,32,178,63,81,45,177,239,38
543,24,21,220,169,161,240,10,87,38
543,25,58,34,170,45,211,215,248,136
543,26,0,132,204,94,55,107,163,253
543,27,74,139,141,235,193,170,255,212
543,28,172,160,191,104,112,66,209,25
543,29,161,233,44,69,192,45,219,34
543,30,241,77,152,239,92,176,129,85
543,31,180,212,95,174,125,246,90,115
543,32,67,73,241,255,218,63,68,190
543,33,70,110,51,50,66,67,123,108
543,34,254,123,150,211,192,244,218,13
543,35,53,14,194,202,106,11,139,171
543,36,154,135,188,164,78,60,186,178
543,37,1,199,219,213,122,52,92,237
543,38,239,175,60,105,8,165,189,147
543,39,75,103,57,32,235,142,150,227
544,0,97,166,210,113,150,142,205,10
544,1,137,85,102,35,222,172,127,241
544,2,125,9,191,240,102,196,35,19
544,3,137,121,153,73,102,138,5,147
544,4,248,145,0,140,120,19,182,92
544,5,108,222,83,154,42,0,111,239
544,6,12,30,237,7,113,41,98,219
544,7,142,175,75,225,106,24,22,221
544,8,53,148,195,59,174,72,214,118
544,9,99,241,90,195,60,7,1,193
544,10,183,126,61,167,231,189,152,6
544,11,162,239,249,4,163,96,183,177
544,12,83,211,21,10,102,146,6,243
544,13,34,58,180,170,135,171,208,205
544,14,163,21,132,94,0,204,113,34
544,15,141,74,235,65,124,66,183,206
544,16,172,191,160,126,104,112,164,107
544,17,161,69,233,44,215,210,192,45
544,18,241,77,176,152,54,129,99,224
544,19,180,24,174,95,115,212,125,186
544,20,195,148,53,72,174,81,98,139
544,21,99,214,1,209,228,241,195,141
544,22,217,249,126,38,6,162,71,179
544,23,81,239,96,22,230,32,177,40
544,24,13,83,21,117,10,41,127,102
544,25,34,58,180,170,135,208,248,136
544,26,163,132,0,21,94,230,30,17
544,27,141,139,92,74,235,124,173,193
544,28,172,191,209,160,112,104,84,37
544,29,161,69,233,44,192,127,249,79
544,30,241,77,92,152,176,193,199,31
544,31,180,95,90,125,174,114,248,212
544,32,67,241,73,255,218,68,71,63
544,33,70,110,51,50,66,30,123,72
544,34,254,123,150,211,88,244,192,218
544,35,53,194,202,14,11,171,103,164
544,36,154,135,188,78,164,106,186,60
544,37,1,219,199,213,52,129,109,92
544,38,239,175,60,93,109,189,198,68
544,39,25,230,195,184,103,187,150,222
545,0,211,70,195,41,86,223,37,99
545,1,55,118,237,220,28,119,170,125
545,2,125,143,240,198,185,205,91,102
545,3,192,109,153,121,22,93,138,247
545,4,134,248,147,28,140,165,29,38
545,5,222,108,42,83,237,111,0,80
545,6,12,30,7,77,237,72,120,113
545,7,142,175,75,13,72,183,236,106
545,8,53,148,50,72,59,108,121,192
545,9,99,134,221,58,1,97,150,78
545,10,38,217,172,135,162,167,105,134
545,11,117,218,104,121,230,249,194,22
545,12,13,14,239,78,244,146,73,137
545,13,180,34,215,212,135,208,216,14
545,14,163,21,113,132,0,34,154,55
545,15,141,92,66,74,124,28,1,151
545,16,209,172,191,126,158,1,144,107
545,17,161,69,86,233,44,42,184,192
545,18,241,239,129,77,152,99,54,176
545,19,24,186,174,95,125,127,246,114
545,20,148,72,53,195,240,172,127,50
545,21,99,225,1,214,254,58,228,195
545,22,38,135,172,78,217,249,226,245
545,23,117,166,40,34,218,22,96,121
545,24,109,240,14,10,21,127,38,148
545,25,58,215,71,170,83,136,34,161
545,26,163,184,132,173,248,204,24,85
545,27,141,193,139,74,145,227,235,14
545,28,172,209,25,191,1,254,160,115
545,29,161,69,233,44,192,146,90,184
545,30,241,239,129,152,77,224,99,38
545,31,114,58,149,180,133,62,95,115
545,32,67,109,123,108,73,85,255,190
545,33,61,66,70,110,79,108,187,87
545,34,254,244,13,121,27,166,211,108
545,35,53,38,14,77,239,246,64,11
545,36,148,106,60,80,25,190,26,31
545,37,1,5,132,160,165,54,196,66
545,38,132,0,239,73,176,175,117,191
545,39,57,8,40,235,223,22,225,109
546,0,91,9,118,227,119,101,35,179
546,1,102,142,172,147,127,151,160,210
546,2,69,206,248,146,99,37,171,195
546,3,212,105,245,77,183,65,88,85
546,4,19,241,108,15,131,0,151,72
546,5,108,154,83,222,111,0,42,173
546,6,30,12,237,249,210,240,120,212
546,7,142,75,118,175,133,193,227,39
546,8,53,148,195,59,118,72,24,36
546,9,99,203,77,38,195,90,78,97
546,10,149,217,126,135,147,245,148,108
546,11,178,117,230,32,144,139,249,44
546,12,21,10,83,2,220,109,48,168
546,13,34,58,170,180,83,208,215,241
546,14,132,21,34,184,113,173,248,73
546,15,74,141,124,235,139,90,170,151
546,16,172,115,191,37,24,25,134,160
546,17,161,69,233,210,109,58,44,225
546,18,224,77,58,54,239,140,100,98
546,19,192,115,24,127,95,246,208,240
546,20,195,113,148,53,81,85,98,72
546,21,99,38,203,143,135,1,214,233
546,22,96,245,217,147,149,162,71,27
546,23,178,23,239,81,32,88,61,184
546,24,21,13,10,243,161,244,201,117
546,25,34,58,180,170,208,158,11,194
546,26,173,132,21,184,248,0,34,30
546,27,74,235,139,193,92,145,141,122
546,28,191,115,25,1,172,112,135,155
546,29,161,69,196,109,210,233,58,86
546,30,77,224,58,239,99,54,197,161
546,31,192,95,127,115,114,163,90,133
546,32,67,108,204,226,241,190,63,68
546,33,79,85,66,123,199,4,110,91
546,34,27,254,74,91,211,146,61,108
546,35,239,53,202,27,230,247,23,194
546,36,235,32,222,116,137,170,82,114
546,37,5,29,120,139,86,227,0,160
546,38,176,25,239,117,183,168,8,153
546,39,228,222,91,198,132,235,81,95
547,0,190,253,141,235,221,237,115,64
547,1,179,113,203,7,217,145,82,73
547,2,127,109,239,174,229,98,217,68
547,3,35,128,34,91,190,115,83,160
547,4,153,0,187,183,140,245,163,205
547,5,222,108,154,135,111,152,166,42
547,6,210,237,12,30,249,121,7,203
547,7,118,175,142,78,117,123,245,24
547,8,195,113,53,72,59,148,23,245
547,9,203,116,38,99,191,1,195,84
547,10,27,65,13,126,11,36,125,217
547,11,63,23,178,183,233,239,144,32
547,12,220,93,21,53,62,151,85,201
547,13,105,45,58,11,212,170,34,211
547,14,184,204,41,51,55,86,132,173
547,15,147,172,235,165,162,98,74,170
547,16,172,238,115,117,191,158,104,43
547,17,69,109,233,44,225,58,161,1
547,18,224,77,197,43,58,163,175,227
547,19,192,115,116,212,127,109,122,167
547,20,113,195,148,53,85,72,239,24
547,21,38,116,203,99,143,214,1,191
547,22,27,96,65,217,125,36,71,224
547,23,23,178,63,239,32,81,5,46
547,24,93,220,161,21,10,87,15,54
547,25,34,11,58,45,170,105,208,95
547,26,173,184,132,204,149,0,248,253
547,27,74,235,193,147,145,14,139,170
547,28,115,25,191,238,172,1,104,112
547,29,69,196,109,161,233,210,44,58
547,30,77,224,58,197,239,175,140,152
547,31,115,192,127,95,116,212,122,106
547,32,108,67,226,204,241,255,119,190
547,33,79,85,66,93,50,51,110,123
547,34,254,27,74,132,123,146,211,61
547,35,53,239,27,14,202,139,220,194
547,36,154,20,222,135,188,192,213,78
547,37,39,129,199,5,237,163,29,52
547,38,239,109,64,175,25,189,205,68
547,39,186,195,190,235,187,222,252,11
548,0,193,167,38,54,94,44,130,176
548,1,122,117,201,105,179,140,217,70
548,2,127,239,217,154,233,167,173,174
548,3,91,35,34,90,128,120,220,82
548,4,159,187,120,145,18,205,227,218
548,5,239,42,159,111,68,222,226,160
548,6,12,7,98,219,124,237,30,118
548,7,142,221,118,225,175,90,106,237
548,8,53,113,148,59,106,36,158,175
548,9,99,116,203,7,195,38,105,192
548,10,189,121,96,182,183,175,29,115
548,11,239,253,163,4,82,23,162,249
548,12,10,16,53,21,220,62,88,213
548,13,34,58,170,208,11,180,135,205
548,14,173,132,21,34,165,164,248,17
548,15,74,141,90,235,221,145,170,120
548,16,191,115,172,24,1,60,134,104
548,17,161,69,109,210,196,233,215,100
548,18,224,77,54,58,100,199,227,195
548,19,24,192,115,95,127,94,208,212
548,20,113,148,53,195,172,50,233,72
548,21,99,214,38,1,228,32,252,203
548,22,96,217,162,245,27,149,108,147
548,23,239,23,81,32,61,96,230,184
548,24,13,10,21,213,220,161,244,239
548,25,34,58,180,11,170,208,194,136
548,26,173,132,21,17,30,253,248,204
548,27,235,74,92,141,145,193,227,139
548,28,191,25,115,1,172,112,104,135
548,29,69,161,196,109,192,210,233,217
548,30,77,224,58,92,176,145,127,197
548,31,192,95,115,180,127,125,114,246
548,32,108,241,67,226,204,255,132,8
548,33,85,79,66,50,51,123,110,93
548,34,254,27,123,186,218,116,61,211
548,35,53,239,202,14,103,254,139,171
548,36,154,188,20,135,78,110,213,134
548,37,129,199,39,219,52,163,103,213
548,38,239,109,175,60,168,189,68,133
548,39,25,230,195,187,184,150,30,154
549,0,169,193,173,143,7,200,182,112
549,1,112,189,129,224,147,142,172,217
549,2,217,127,239,72,11,200,68,6
549,3,73,26,230,90,189,48,199,137
549,4,187,205,146,235,28,189,54,61
549,5,50,188,110,88,152,135,222,243
549,6,7,65,210,121,122,14,12,68
549,7,78,175,185,117,118,142,70,123
549,8,113,239,85,180,52,23,4,53
549,9,38,99,191,1,180,170,98,255
549,10,27,157,65,193,125,96,36,88
549,11,39,23,239,63,99,253,150,108
549,12,85,62,220,53,151,15,93,103
549,13,11,45,105,103,34,138,212,29
549,14,173,86,204,132,226,52,231,51
549,15,46,147,172,36,141,162,165,14
549,16,35,115,24,172,191,183,231,96
549,17,69,5,109,1,58,210,233,44
549,18,77,83,224,170,58,204,22,197
549,19,115,167,88,109,122,192,59,127
549,20,113,148,239,195,53,85,72,99
549,21,38,99,207,191,180,156,143,85
549,22,27,236,207,157,132,83,116,65
549,23,39,63,99,23,98,239,253,134
549,24,220,116,10,21,93,87,43,81
549,25,45,11,208,34,105,170,211,183
549,26,132,173,204,231,44,86,248,51
549,27,147,74,172,46,145,139,14,206
549,28,35,24,191,183,96,117,195,25
549,29,69,5,1,161,222,58,109,151
549,30,77,83,170,225,226,175,91,71
549,31,167,59,95,88,240,115,122,101
549,32,236,226,90,47,255,158,149,185
549,33,85,86,92,83,190,146,183,232
549,34,116,132,1,10,246,252,27,247
549,35,235,202,167,14,36,224,129,218
549,36,188,70,153,78,154,2,120,158
549,37,163,39,58,22,199,103,190,124
549,38,92,118,127,71,148,212,239,205
549,39,2,189,70,69,58,248,38,45
550,0,29,62,41,236,86,65,138,211
550,1,193,124,5,33,252,118,167,14
550,2,188,157,11,139,60,133,58,255
550,3,30,154,58,201,131,199,177,218
550,4,149,152,88,216,134,4,90,28
550,5,213,58,50,0,153,115,251,243
550,6,7,183,43,102,12,14,125,212
550,7,185,175,199,142,158,32,253,227
550,8,53,148,85,59,220,72,133,233
550,9,99,207,120,156,143,166,85,1
550,10,17,132,178,116,117,233,234,157
550,11,209,202,150,97,253,17,15,248
550,12,166,10,116,2,16,137,64,21
550,13,34,113,183,199,208,45,219,205
550,14,146,173,44,231,132,204,167,161
550,15,116,147,110,206,79,139,213,129
550,16,35,185,138,24,191,183,137,172
550,17,69,8,1,78,161,10,233,229
550,18,83,77,130,22,204,224,38,58
550,19,122,59,28,115,88,206,233,14
550,20,148,195,53,72,161,133,157,233
550,21,99,207,156,143,120,228,251,233
550,22,17,116,132,207,157,27,233,178
550,23,209,99,17,253,248,134,32,98
550,24,116,166,81,10,106,244,119,21
550,25,211,208,183,45,155,34,192,113
550,26,132,146,231,204,44,78,248,161
550,27,206,139,79,116,147,74,145,92
550,28,35,24,191,138,201,183,127,72
550,29,161,69,1,78,165,244,151,157
550,30,77,130,83,237,225,64,91,66
550,31,95,59,83,157,67,137,88,125
550,32,75,197,19,236,47,14,151,255
550,33,5,103,18,161,146,81,59,202
550,34,227,11,10,247,246,211,18,152
550,35,202,198,79,210,167,129,103,11
550,36,188,48,78,153,10,154,160,251
550,37,163,199,22,103,219,162,194,124
550,38,127,118,185,124,212,205,239,198
550,39,34,70,116,30,45,167,77,13
551,0,211,19,8,254,159,220,75,208
551,1,5,230,197,44,193,155,235,165
551,2,149,253,83,241,130,52,144,42
551,3,154,226,163,243,213,196,212,182
551,4,175,134,21,44,199,206,171,76
551,5,77,0,58,145,164,243,130,91
551,6,12,102,195,11,77,168,7,213
551,7,142,38,39,166,96,246,141,185
551,8,53,148,121,63,72,59,233,50
551,9,99,134,3,32,90,58,179,137
551,10,77,116,146,233,132,26,245,148
551,11,97,37,214,141,70,32,248,134
551,12,10,50,116,38,211,21,173,163
551,13,34,0,208,19,180,183,83,136
551,14,132,44,21,146,173,17,204,248
551,15,74,139,79,206,90,12,145,235
551,16,35,191,183,24,185,53,56,195
551,17,69,4,19,161,54,210,233,58
551,18,77,83,176,66,58,209,224,54
551,19,247,95,48,115,219,67,129,83
551,20,148,53,195,72,161,144,194,152
551,21,99,32,207,228,247,98,156,143
551,22,77,116,233,108,207,245,132,82
551,23,253,222,248,134,32,214,97,70
551,24,166,10,119,116,21,244,55,2
551,25,34,208,0,211,183,45,101,192
551,26,132,248,196,173,146,17,204,21
551,27,74,139,12,145,206,90,79,130
551,28,191,35,24,183,56,53,59,234
551,29,69,161,19,54,4,1,165,62
551,30,77,83,66,143,225,64,176,151
551,31,83,95,219,247,157,59,88,85
551,32,235,144,14,92,236,202,173,246
551,33,203,84,47,146,250,103,67,68
551,34,128,185,11,18,121,246,10,191
551,35,101,202,129,210,235,97,36,11
551,36,188,103,78,153,44,154,48,26
551,37,163,162,22,199,103,12,194,180
551,38,118,127,239,198,205,236,242,87
551,39,77,70,141,219,45,99,30,116
552,0,62,211,48,4,217,192,72,170
552,1,80,193,202,123,141,235,17,72
552,2,111,144,207,215,243,54,14,52
552,3,197,53,40,22,72,56,201,200
552,4,134,175,148,152,44,157,29,197
552,5,58,60,0,83,164,77,200,154
552,6,12,113,82,30,125,43,11,102
552,7,142,246,175,183,185,252,3,75
552,8,53,148,59,72,50,233,192,85
552,9,99,134,195,58,3,28,1,154
552,10,207,149,233,132,245,71,61,146
552,11,97,222,193,164,25,220,44,32
552,12,21,10,38,76,50,2,116,55
552,13,34,208,183,180,0,170,19,4
552,14,132,173,21,44,248,17,204,113
552,15,74,90,124,139,235,206,145,170
552,16,24,191,230,183,35,172,115,234
552,17,69,233,161,210,196,58,21,209
552,18,77,83,224,176,100,54,99,58
552,19,115,24,95,114,129,221,85,208
552,20,148,53,195,121,72,235,85,50
552,21,99,98,143,32,156,105,195,233
552,22,207,149,245,108,71,137,147,135
552,23,222,32,220,44,17,63,164,239
552,24,21,10,11,38,119,116,233,173
552,25,34,101,208,170,45,183,211,19
552,26,132,173,248,44,204,146,228,162
552,27,74,145,235,90,139,147,130,223
552,28,35,24,191,183,193,230,102,219
552,29,69,21,88,161,1,244,19,165
552,30,77,83,225,64,162,91,250,98
552,31,59,95,88,34,157,85,240,183
552,32,146,12,236,179,140,125,246,87
552,33,139,56,36,181,104,132,75,166
552,34,195,44,10,121,238,73,240,246
552,35,235,136,202,148,129,74,187,190
552,36,188,39,227,147,115,78,142,160
552,37,78,27,22,65,163,199,103,101
552,38,87,215,118,119,127,80,251,169
552,39,158,244,122,70,251,252,44,183
553,0,237,253,190,208,141,235,61,221
553,1,75,62,151,46,184,113,146,246
553,2,210,164,252,88,38,109,155,35
553,3,35,91,34,128,77,130,37,12
553,4,102,15,214,142,222,95,6,129
553,5,50,58,47,204,42,90,175,186
553,6,43,215,14,167,153,12,125,156
553,7,185,118,23,78,175,29,253,117
553,8,113,85,148,89,53,23,116,72
553,9,116,203,38,99,191,195,85,94
553,10,169,198,207,193,157,132,88,216
553,11,233,98,99,189,248,17,23,63
553,12,93,220,15,21,10,63,26,128
553,13,45,183,105,11,29,211,170,43
553,14,173,86,146,51,44,204,132,124
553,15,147,172,162,235,79,81,74,90
553,16,35,24,115,191,172,5,158,183
553,17,109,250,69,233,225,58,210,196
553,18,224,197,83,77,58,204,85,57
553,19,192,116,115,153,127,109,95,208
553,20,113,148,195,72,235,85,179,239
553,21,38,116,99,203,191,143,1,60
553,22,27,198,207,88,125,65,149,96
553,23,23,178,17,86,63,239,44,32
553,24,93,10,21,15,220,161,74,209
553,25,34,11,170,45,58,211,144,136
553,26,173,184,132,248,149,204,162,10
553,27,74,147,193,235,172,145,90,139
553,28,191,115,25,1,35,172,238,104
553,29,69,109,196,210,233,161,192,217
553,30,77,224,58,197,98,163,170,21
553,31,192,115,116,127,95,212,163,57
553,32,108,226,241,67,204,119,255,90
553,33,79,85,93,66,50,123,110,51
553,34,254,27,74,132,123,82,62,146
553,35,53,239,27,14,202,60,139,220
553,36,154,20,135,222,188,192,213,35
553,37,129,39,199,5,219,237,163,29
553,38,239,109,64,175,189,205,102,68
553,39,186,195,187,190,11,150,147,252
554,0,193,167,38,54,94,44,130,176
554,1,201,122,117,105,238,246,249,46
554,2,54,0,220,19,209,81,104,14
554,3,91,34,35,128,183,220,61,74
554,4,159,213,247,179,245,145,66,177
554,5,239,159,160,42,5,73,145,132
554,6,14,98,219,77,124,160,198,191
554,7,221,142,118,237,175,106,232,225
554,8,113,53,148,175,104,59,106,70
554,9,99,116,203,195,7,38,118,105
554,10,96,121,189,115,183,219,182,76
554,11,253,239,23,163,187,213,51,214
554,12,10,16,21,53,201,220,102,146
554,13,34,11,58,112,208,170,67,26
554,14,173,132,21,216,34,165,164,204
554,15,141,74,90,235,139,124,255,221
554,16,115,191,1,24,172,175,134,112
554,17,69,161,109,210,196,233,58,215
554,18,224,77,54,58,199,100,197,47
554,19,192,115,95,24,127,153,212,208
554,20,113,148,53,195,72,150,84,85
554,21,99,214,1,38,116,203,228,252
554,22,96,162,217,245,27,149,38,108
554,23,23,239,81,32,230,61,221,96
554,24,13,10,21,220,161,213,244,239
554,25,34,58,180,11,170,208,144,91
554,26,173,132,21,248,30,17,102,130
554,27,74,235,92,141,145,193,90,139
554,28,191,115,25,1,112,172,104,135
554,29,69,161,196,109,192,217,210,59
554,30,77,224,58,92,176,145,38,227
554,31,192,180,115,95,127,125,101,26
554,32,241,108,67,226,204,132,255,8
554,33,85,79,66,50,51,110,123,93
554,34,254,27,123,186,218,116,74,82
554,35,53,239,202,14,139,103,60,171
554,36,154,135,188,20,213,78,110,35
554,37,129,199,39,219,1,52,213,103
554,38,239,109,175,60,168,189,102,59
554,39,25,195,187,184,230,150,30,154
555,0,211,58,195,70,60,236,170,23
555,1,118,55,91,187,125,129,25,115
555,2,143,32,91,11,188,6,3,58
555,3,56,93,167,22,126,69,212,151
555,4,134,147,187,28,175,29,114,197
555,5,108,0,60,164,91,154,42,136
555,6,205,12,30,72,23,113,233,40
555,7,142,225,175,237,145,38,221,232
555,8,53,148,59,50,72,175,214,121
555,9,99,221,58,1,134,101,90,97
555,10,38,162,135,172,217,226,96,245
555,11,253,239,218,143,117,4,168,230
555,12,16,13,10,127,239,201,213,76
555,13,34,180,135,215,132,194,58,159
555,14,57,173,136,55,132,164,0,217
555,15,141,74,124,255,235,196,42,92
555,16,191,88,34,1,112,107,60,158
555,17,161,69,171,196,210,100,215,86
555,18,224,77,129,100,54,199,99,195
555,19,24,99,115,127,180,239,246,90
555,20,172,53,50,148,195,72,98,233
555,21,99,121,1,214,193,58,221,228
555,22,38,135,148,172,245,226,217,147
555,23,166,239,218,117,40,143,19,253
555,24,10,127,240,41,177,13,21,16
555,25,34,215,58,132,135,144,177,170
555,26,57,132,102,173,55,163,141,162
555,27,235,74,141,42,92,193,255,139
555,28,191,34,254,1,25,104,112,209
555,29,69,161,196,171,192,217,34,233
555,30,77,224,129,92,99,241,38,127
555,31,114,99,180,174,127,212,115,144
555,32,108,67,204,241,123,109,73,233
555,33,66,61,106,204,87,110,70,225
555,34,13,121,154,254,66,244,218,6
555,35,53,14,114,162,191,40,247,171
555,36,213,154,26,164,79,178,140,35
555,37,132,1,199,109,129,66,80,61
555,38,239,68,175,190,132,252,67,143
555,39,57,8,32,140,168,100,235,22
556,0,119,9,227,125,186,118,59,85
556,1,102,172,57,160,127,207,232,25
556,2,225,37,25,161,181,175,99,14
556,3,161,204,193,254,210,238,203,71
556,4,187,28,248,247,181,56,146,205
556,5,108,154,75,175,0,132,248,139
556,6,205,12,30,210,23,160,219,223
556,7,142,118,175,225,232,24,106,111
556,8,148,240,53,59,85,213,214,245
556,9,99,193,195,1,109,143,117,79
556,10,38,172,135,96,86,254,148,13
556,11,23,117,178,239,123,127,163,188
556,12,10,16,240,201,48,188,177,5
556,13,144,34,215,58,170,88,198,68
556,14,173,132,133,200,55,107,34,219
556,15,235,141,74,193,90,158,156,214
556,16,34,191,1,104,158,24,209,115
556,17,196,69,161,210,192,233,109,34
556,18,224,77,8,129,241,54,3,98
556,19,115,127,192,95,153,24,174,90
556,20,148,240,53,223,72,118,195,144
556,21,99,193,228,1,229,195,121,184
556,22,96,38,148,149,172,245,147,28
556,23,23,139,117,166,129,17,40,32
556,24,10,21,169,41,161,117,183,177
556,25,34,144,170,208,58,135,179,83
556,26,132,173,94,154,107,141,200,253
556,27,235,193,74,141,11,92,212,139
556,28,34,191,104,1,25,209,89,37
556,29,69,161,233,196,192,210,217,13
556,30,241,77,8,224,38,58,36,152
556,31,174,212,127,192,32,115,58,95
556,32,73,233,204,108,241,67,149,63
556,33,204,106,66,110,87,50,108,70
556,34,154,218,244,66,192,108,138,184
556,35,14,69,53,137,60,171,17,19
556,36,213,164,154,135,29,235,137,64
556,37,129,1,218,170,12,109,148,4
556,38,68,175,60,11,166,190,77,236
556,39,25,230,140,50,195,184,187,229
557,0,195,211,191,70,222,71,139,137
557,1,91,173,167,187,118,25,103,55
557,2,223,170,211,222,32,225,91,188
557,3,93,56,73,11,136,203,40,66
557,4,46,28,140,134,111,29,32,166
557,5,71,0,22,112,243,91,173,130
557,6,249,30,113,218,12,131,192,205
557,7,175,18,149,39,89,225,168,42
557,8,53,148,59,72,118,214,108,84
557,9,99,1,134,101,90,150,97,195
557,10,148,172,217,147,135,149,61,245
557,11,166,139,32,230,105,218,214,117
557,12,240,10,21,184,73,201,239,213
557,13,34,144,20,45,248,145,170,215
557,14,94,132,204,190,68,45,133,253
557,15,141,235,193,74,11,223,139,158
557,16,34,124,104,191,89,197,177,155
557,17,161,69,210,233,196,10,125,116
557,18,241,8,77,42,100,92,199,224
557,19,188,174,180,24,50,115,212,214
557,20,123,174,53,195,148,202,72,105
557,21,193,99,143,141,1,229,195,252
557,22,148,149,217,13,172,28,147,245
557,23,139,166,32,117,23,40,243,105
557,24,184,10,21,240,120,188,244,182
557,25,34,144,248,20,208,136,180,45
557,26,94,154,132,0,141,85,162,219
557,27,141,11,193,235,74,139,212,221
557,28,34,191,104,209,89,107,83,140
557,29,161,69,125,233,13,217,210,34
557,30,241,8,77,152,129,38,222,199
557,31,174,127,133,215,95,212,58,144
557,32,73,233,123,109,204,190,19,144
557,33,61,106,204,70,102,87,108,239
557,34,154,66,218,13,108,166,163,130
557,35,114,19,44,69,14,30,80,64
557,36,213,164,137,229,240,230,64,170
557,37,170,1,218,160,171,25,172,180
557,38,68,8,77,67,143,62,243,115
557,39,174,32,57,105,7,90,115,227
558,0,27,70,76,211,103,248,217,201
558,1,28,55,237,220,119,118,248,176
558,2,225,31,161,37,181,32,91,143
558,3,93,33,96,18,184,126,66,181
558,4,134,28,147,29,40,11,166,56
558,5,0,36,173,128,237,108,75,91
558,6,12,30,218,202,120,131,192,253
558,7,18,75,175,149,106,251,150,168
558,8,53,148,108,59,106,214,192,128
558,9,99,241,195,141,7,31,83,60
558,10,38,172,184,105,245,182,61,214
558,11,117,166,184,218,243,74,105,77
558,12,14,240,2,109,201,10,168,188
558,13,34,144,241,208,83,215,188,132
558,14,85,163,94,132,219,21,34,115
558,15,193,1,28,74,141,124,139,187
558,16,209,191,1,18,197,134,144,158
558,17,161,69,210,217,192,42,209,151
558,18,241,8,239,152,77,223,42,54
558,19,174,133,95,127,149,188,24,94
558,20,72,148,240,174,53,253,81,144
558,21,99,77,121,225,232,11,201,190
558,22,38,184,245,13,48,166,172,136
558,23,166,34,117,139,77,123,243,127
558,24,109,14,240,10,149,127,148,184
558,25,144,34,71,136,240,253,161,153
558,26,94,85,163,154,184,248,192,0
558,27,193,74,11,243,56,0,62,214
558,28,34,191,91,140,1,134,209,107
558,29,161,210,13,69,219,244,233,240
558,30,241,8,239,4,77,152,199,98
558,31,174,149,127,58,114,220,203,73
558,32,73,233,136,109,123,190,115,204
558,33,70,106,204,61,87,3,102,189
558,34,66,154,150,108,13,29,20,2
558,35,14,64,19,53,77,162,11,209
558,36,213,164,170,93,254,190,25,165
558,37,1,171,122,5,33,101,66,205
558,38,175,68,143,8,73,83,35,134
558,39,75,57,40,252,112,163,32,65
559,0,91,145,51,9,179,213,242,119
559,1,184,247,227,239,12,170,25,180
559,2,146,206,69,68,114,37,30,14
559,3,88,105,77,240,183,73,136,31
559,4,230,241,131,151,191,19,187,108
559,5,99,173,0,154,128,112,130,237
559,6,218,30,202,12,0,249,240,210
559,7,118,237,175,225,142,245,106,134
559,8,53,148,59,106,214,113,118,243
559,9,99,38,77,101,79,195,140,118
559,10,148,23,38,61,172,113,245,69
559,11,178,117,139,166,224,214,105,254
559,12,10,21,201,240,149,109,127,111
559,13,34,144,170,205,58,67,180,83
559,14,132,184,173,94,204,21,73,113
559,15,74,235,141,193,28,90,170,221
559,16,191,91,1,115,34,104,197,24
559,17,161,69,210,196,109,209,169,10
559,18,224,77,100,239,54,58,99,0
559,19,163,24,115,192,127,95,246,208
559,20,113,53,148,233,195,72,85,24
559,21,99,38,77,143,121,233,150,195
559,22,23,38,245,217,113,13,148,172
559,23,178,166,117,161,48,77,40,23
559,24,10,21,13,41,244,109,113,176
559,25,34,144,58,170,180,11,205,208
559,26,132,173,184,154,17,21,248,34
559,27,235,74,193,92,141,14,221,139
559,28,191,115,1,25,91,104,112,135
559,29,69,109,161,210,196,217,192,209
559,30,77,239,224,0,58,99,109,47
559,31,163,115,127,192,95,133,212,114
559,32,108,204,67,226,109,123,144,250
559,33,79,61,66,85,51,123,225,102
559,34,74,13,27,66,218,128,171,254
559,35,239,14,53,202,27,220,238,245
559,36,154,222,4,5,170,99,137,192
559,37,5,199,171,80,163,237,96,74
559,38,190,239,61,191,10,64,43,125
559,39,228,66,115,225,140,100,57,253
560,0,190,253,235,141,221,158,208,237
560,1,113,184,180,7,145,203,21,247
560,2,68,14,30,34,138,220,55,206
560,3,91,35,83,128,64,34,234,77
560,4,187,179,183,234,135,159,163,0
560,5,99,145,135,166,80,176,32,132
560,6,218,12,121,0,210,202,30,160
560,7,118,142,237,175,106,231,72,221
560,8,104,175,113,59,148,70,100,53
560,9,116,38,118,195,56,191,30,182
560,10,13,115,23,93,29,27,167,36
560,11,23,233,38,178,127,73,243,214
560,12,93,10,21,87,201,85,195,112
560,13,11,144,34,58,105,170,153,45
560,14,184,173,132,204,133,228,73,248
560,15,74,235,90,139,141,124,147,170
560,16,115,191,1,134,151,91,24,172
560,17,69,161,109,210,196,233,95,34
560,18,224,77,239,58,100,54,98,140
560,19,115,192,163,127,246,24,95,208
560,20,113,53,148,85,24,12,100,244
560,21,99,116,38,143,195,74,135,196
560,22,96,27,23,38,245,162,83,44
560,23,23,178,184,243,127,26,88,123
560,24,10,93,21,13,161,244,177,127
560,25,34,11,144,58,208,170,180,4
560,26,132,173,154,184,248,30,21,149
560,27,74,90,235,145,193,139,122,92
560,28,191,115,25,1,104,135,112,155
560,29,69,161,109,196,210,217,233,192
560,30,77,224,58,239,98,0,140,125
560,31,115,192,127,95,163,116,180,212
560,32,108,226,67,241,204,164,63,218
560,33,79,85,66,50,93,123,51,4
560,34,27,254,74,123,218,176,132,61
560,35,53,239,14,202,139,171,60,27
560,36,154,222,135,188,213,20,78,35
560,37,129,39,199,237,139,115,184,5
560,38,239,109,64,175,205,102,59,131
560,39,186,190,235,100,11,169,118,61
561,0,193,167,38,54,94,130,44,176
561,1,122,201,117,105,238,58,38,249
561,2,140,14,209,186,6,200,55,220
561,3,91,34,35,220,74,128,61,183
561,4,187,159,179,145,41,237,177,80
561,5,145,239,159,160,226,42,130,248
561,6,98,118,160,181,145,96,12,219
561,7,142,237,106,221,22,210,52,225
561,8,113,53,148,175,59,106,104,111
561,9,99,53,7,74,116,105,195,91
561,10,115,96,121,189,167,29,240,145
561,11,253,41,51,4,162,213,187,73
561,12,10,213,117,21,201,83,2,113
561,13,34,208,67,58,205,11,158,201
561,14,173,132,21,34,248,254,165,130
561,15,74,141,90,221,145,235,139,66
561,16,191,115,24,1,172,60,62,134
561,17,161,69,210,109,59,196,215,121
561,18,224,77,54,58,199,100,98,75
561,19,115,24,192,95,127,208,180,79
561,20,148,53,113,50,233,85,195,84
561,21,99,214,143,78,195,233,97,150
561,22,96,245,108,217,149,162,44,249
561,23,23,140,239,61,183,4,40,22
561,24,13,10,213,113,244,21,127,177
561,25,34,180,58,208,11,170,91,194
561,26,173,132,154,21,248,17,30,130
561,27,74,145,92,235,141,193,139,90
561,28,191,115,25,1,172,112,104,175
561,29,69,161,196,109,217,59,192,249
561,30,77,224,58,227,54,145,98,113
561,31,115,192,180,127,95,125,114,139
561,32,241,108,67,226,204,132,218,68
561,33,79,85,50,66,51,123,4,110
561,34,254,27,123,186,218,176,66,74
561,35,53,239,14,171,139,202,194,103
561,36,154,135,188,20,213,78,110,35
561,37,129,39,199,219,1,163,52,103
561,38,239,109,60,175,59,102,189,68
561,39,195,25,184,187,230,150,30,61
562,0,58,195,170,211,23,60,236,70
562,1,55,118,91,187,129,125,173,25
562,2,222,91,32,225,6,143,248,181
562,3,184,32,63,93,168,66,18,244
562,4,147,244,134,114,166,29,11,40
562,5,108,75,0,36,42,91,248,228
562,6,205,45,183,250,219,223,155,117
562,7,18,149,22,175,210,230,106,168
562,8,53,106,202,146,128,59,144,231
562,9,99,195,118,204,43,48,141,7
562,10,38,172,167,92,168,73,147,69
562,11,166,184,123,243,218,197,74,117
562,12,10,212,252,200,201,240,16,48
562,13,34,144,115,67,27,253,161,9
562,14,94,85,213,4,133,132,57,107
562,15,235,141,193,74,223,196,158,245
562,16,34,124,191,158,104,134,1,6
562,17,161,69,210,59,192,44,196,209
562,18,224,77,8,54,98,100,227,140
562,19,24,192,246,90,115,50,180,208
562,20,53,148,223,202,72,118,195,105
562,21,99,121,143,214,195,228,233,210
562,22,245,38,44,127,27,13,162,214
562,23,139,166,105,140,237,40,129,74
562,24,13,10,244,21,41,212,149,127
562,25,34,144,11,208,91,170,67,180
562,26,132,154,21,173,34,94,130,248
562,27,74,193,235,141,221,0,139,92
562,28,191,124,34,101,1,115,158,104
562,29,161,69,210,192,59,196,44,217
562,30,77,8,224,92,58,241,4,169
562,31,115,180,95,127,188,174,133,58
562,32,204,233,108,73,132,241,67,218
562,33,51,50,204,106,61,66,87,225
562,34,66,13,218,254,150,123,176,138
562,35,53,14,220,142,202,164,254,171
562,36,154,135,4,188,187,78,252,114
562,37,199,171,163,132,213,52,237,56
562,38,190,239,175,200,60,25,67,46
562,39,32,87,57,184,140,150,195,252
563,0,29,220,239,104,77,26,48,17
563,1,55,21,163,210,65,118,251,121
563,2,195,225,134,31,181,196,199,91
563,3,161,33,121,22,134,138,126,38
563,4,134,200,147,197,28,46,140,193
563,5,154,0,74,42,248,112,80,243
563,6,12,7,30,205,23,250,69,72
563,7,252,75,6,142,129,22,18,141
563,8,53,148,59,121,233,111,72,84
563,9,99,134,97,192,90,233,101,195
563,10,245,38,135,197,30,217,149,108
563,11,166,121,72,223,117,144,183,237
563,12,10,131,13,240,48,2,5,182
563,13,34,144,148,208,255,180,215,211
563,14,132,34,21,130,162,68,173,243
563,15,74,90,97,221,235,141,66,193
563,16,34,191,201,1,158,62,197,221
563,17,161,210,69,59,44,225,192,215
563,18,54,8,77,129,224,140,58,100
563,19,24,115,238,127,95,246,180,165
563,20,53,148,172,195,50,248,233,98
563,21,99,58,135,214,32,121,233,45
563,22,245,38,13,135,217,127,108,30
563,23,166,121,223,139,40,237,117,72
563,24,10,131,126,149,244,113,240,213
563,25,34,144,180,194,208,201,161,91
563,26,132,21,219,154,173,0,248,17
563,27,221,0,139,235,90,141,193,69
563,28,191,34,1,104,115,48,254,112
563,29,59,210,161,225,69,196,13,44
563,30,8,77,129,58,224,241,113,92
563,31,127,174,149,115,95,114,212,58
563,32,233,108,204,157,73,57,136,67
563,33,87,106,204,198,61,66,161,162
563,34,66,154,13,164,218,108,150,166
563,35,14,194,44,65,195,19,60,114
563,36,213,55,170,137,164,140,190,4
563,37,24,171,118,148,139,240,132,226
563,38,68,175,239,190,165,143,177,252
563,39,57,224,235,206,140,144,202,81
564,0,119,9,227,125,186,118,131,15
564,1,102,160,207,88,210,194,108,12
564,2,48,204,37,25,19,168,203,97
564,3,189,5,102,239,222,161,48,162
564,4,247,16,187,199,32,166,181,62
564,5,154,75,112,109,166,0,156,175
564,6,12,30,0,219,218,121,202,210
564,7,118,175,89,142,225,24,75,139
564,8,240,148,53,59,146,21,250,144
564,9,193,99,109,195,1,158,45,86
564,10,96,245,149,38,167,175,4,145
564,11,139,166,121,123,144,188,183,16
564,12,10,21,240,5,201,213,229,48
564,13,34,144,179,205,188,148,121,201
564,14,132,34,21,94,107,219,173,228
564,15,74,235,193,141,69,90,243,223
564,16,34,158,191,78,18,1,115,6
564,17,161,210,69,196,192,225,128,44
564,18,8,224,77,54,129,23,241,140
564,19,24,115,174,238,95,214,127,151
564,20,53,148,248,105,59,233,223,85
564,21,109,99,214,135,195,228,121,233
564,22,96,245,127,38,13,107,200,44
564,23,139,40,23,166,223,105,26,117
564,24,10,149,21,41,244,183,184,188
564,25,34,144,205,208,119,179,135,91
564,26,132,21,154,173,219,94,187,227
564,27,221,0,90,139,11,235,74,193
564,28,191,34,115,1,112,104,204,90
564,29,59,210,161,13,225,69,196,217
564,30,8,77,58,241,224,36,74,96
564,31,174,115,58,127,95,165,212,81
564,32,233,108,149,204,73,63,136,3
564,33,87,106,204,66,108,24,221,145
564,34,66,154,218,192,91,176,138,52
564,35,14,69,211,194,65,60,166,19
564,36,213,164,137,135,146,64,170,80
564,37,129,218,171,24,1,118,199,33
564,38,68,190,175,239,60,228,59,166
564,39,25,195,184,230,140,187,252,150
565,0,71,248,57,90,137,33,183,149
565,1,65,28,127,196,103,119,6,121
565,2,211,177,204,48,168,56,112,104
565,3,239,189,193,93,203,104,252,139
565,4,140,32,114,28,46,68,11,187
565,5,154,108,24,0,75,226,237,166
565,6,205,219,218,30,202,163,98,47
565,7,175,18,225,24,149,168,190,153
565,8,53,148,59,195,245,146,202,118
565,9,99,148,193,143,224,34,158,195
565,10,38,149,147,92,172,37,148,73
565,11,166,32,117,139,123,105,163,188
565,12,10,240,51,188,201,73,64,243
565,13,34,144,205,206,192,148,170,67
565,14,94,34,85,132,204,163,188,21
565,15,235,193,141,74,90,56,203,223
565,16,124,104,1,191,161,172,241,158
565,17,44,161,210,69,233,192,237,196
565,18,8,77,224,241,54,98,92,199
565,19,127,115,180,50,95,191,214,238
565,20,195,53,148,123,17,248,85,24
565,21,99,148,195,193,229,214,143,141
565,22,38,141,147,149,148,245,226,199
565,23,166,105,139,32,19,228,117,78
565,24,10,240,230,231,87,152,69,161
565,25,144,34,192,170,248,161,118,184
565,26,94,132,163,85,142,162,204,188
565,27,193,235,141,29,139,223,154,212
565,28,124,104,1,191,134,89,218,210
565,29,192,69,210,161,233,196,198,95
565,30,8,92,77,241,36,47,120,58
565,31,188,10,58,180,98,219,254,160
565,32,233,66,204,92,58,163,63,160
565,33,204,66,108,106,96,177,187,27
565,34,66,218,108,166,146,176,31,242
565,35,106,65,69,194,209,64,134,19
565,36,218,30,29,31,170,225,190,99
565,37,218,171,109,141,148,33,189,61
565,38,190,180,175,77,82,143,202,239
565,39,32,87,140,56,247,76,90,57
566,0,37,0,232,12,148,241,211,8
566,1,91,187,1,55,108,252,118,161
566,2,170,223,163,191,72,91,221,246
566,3,161,249,147,137,239,93,72,180
566,4,46,147,117,111,99,31,40,198
566,5,0,36,156,179,128,215,140,199
566,6,173,30,219,158,119,222,32,109
566,7,18,137,39,149,225,129,175,130
566,8,53,148,59,38,225,163,70,214
566,9,99,143,233,90,134,196,83,46
566,10,245,38,109,148,77,149,135,184
566,11,105,166,117,216,139,77,144,184
566,12,149,240,10,73,109,198,231,239
566,13,34,144,204,192,148,240,208,215
566,14,132,94,85,190,34,173,163,21
566,15,221,193,235,90,74,0,178,141
566,16,191,197,1,104,158,34,201,124
566,17,161,210,69,192,44,196,209,217
566,18,8,239,58,77,241,54,224,92
566,19,115,127,95,149,24,49,180,163
566,20,53,47,148,85,123,105,248,201
566,21,77,99,229,233,195,32,141,143
566,22,38,245,148,184,77,28,135,175
566,23,166,105,77,117,139,43,32,26
566,24,149,240,10,109,69,188,231,177
566,25,34,144,240,204,248,215,170,192
566,26,85,132,184,94,163,21,228,173
566,27,221,141,235,193,136,139,0,223
566,28,89,66,191,104,91,210,200,1
566,29,161,210,69,225,184,54,232,32
566,30,8,239,129,222,241,92,36,58
566,31,55,37,219,15,118,58,163,220
566,32,233,58,235,202,5,248,92,139
566,33,106,176,204,87,79,147,108,203
566,34,185,66,166,80,226,13,218,122
566,35,101,95,11,134,9,38,176,33
566,36,228,252,21,167,191,109,29,165
566,37,156,244,171,141,243,109,214,148
566,38,50,141,115,204,121,165,149,125
566,39,136,141,247,83,192,174,90,19
567,0,167,94,240,26,98,8,14,159
567,1,91,187,55,198,252,104,70,255
567,2,170,37,91,195,175,225,221,143
567,3,22,93,201,154,126,63,137,112
567,4,28,147,46,134,155,166,121,29
567,5,0,173,128,36,50,156,154,75
567,6,173,218,30,12,202,0,72,249
567,7,39,18,175,225,142,104,168,190
567,8,53,38,148,59,121,72,118,233
567,9,99,134,90,233,195,97,143,28
567,10,245,217,54,214,38,149,37,175
567,11,105,166,216,117,139,183,26,223
567,12,149,10,184,240,32,213,21,248
567,13,34,144,65,208,204,148,201,248
567,14,173,132,17,94,21,191,163,254
567,15,221,0,235,193,90,6,74,141
567,16,191,34,1,91,115,221,104,158
567,17,161,69,210,44,58,192,209,215
567,18,239,58,8,224,195,77,123,54
567,19,24,163,127,115,95,239,6,174
567,20,50,172,53,148,98,195,38,116
567,21,58,32,77,99,45,229,214,38
567,22,23,38,217,245,13,175,176,21
567,23,237,166,105,40,178,139,77,74
567,24,149,184,23,10,213,158,127,13
567,25,34,144,194,180,161,171,119,65
567,26,17,184,21,173,132,254,191,154
567,27,221,141,139,6,247,0,235,140
567,28,191,151,91,115,158,1,112,48
567,29,59,249,161,210,69,144,167,109
567,30,239,77,99,0,58,8,224,47
567,31,163,114,115,127,149,58,16,224
567,32,233,3,108,5,235,92,184,152
567,33,79,106,90,250,87,204,198,197
567,34,164,66,185,128,74,163,192,13
567,35,245,194,239,19,195,27,11,154
567,36,93,106,29,25,61,190,30,167
567,37,5,171,101,226,160,33,120,232
567,38,190,193,175,125,165,8,25,143
567,39,115,180,228,141,140,57,168,235
568,0,190,253,235,115,141,158,208,61
568,1,184,113,7,180,21,247,145,12
568,2,225,4,30,227,51,176,168,161
568,3,231,147,83,91,77,181,12,78
568,4,187,135,39,96,179,92,85,234
568,5,145,184,99,41,51,112,237,190
568,6,218,202,0,121,12,30,210,83
568,7,118,142,88,33,236,175,106,237
568,8,53,148,113,59,214,41,158,21
568,9,99,116,228,38,195,77,83,233
568,10,245,23,113,54,149,108,28,38
568,11,178,216,23,139,26,105,183,117
568,12,149,10,21,93,32,201,233,48
568,13,34,144,11,201,104,208,170,174
568,14,132,21,173,184,34,228,227,94
568,15,221,74,90,0,235,141,64,202
568,16,34,191,158,91,151,115,1,135
568,17,161,210,196,109,69,44,217,209
568,18,239,224,77,0,54,58,8,241
568,19,24,163,115,246,95,192,23,125
568,20,113,53,148,233,85,174,150,195
568,21,38,214,116,99,126,229,121,77
568,22,23,70,245,113,127,107,74,207
568,23,178,186,36,17,44,40,139,26
568,24,149,21,10,242,183,248,112,87
568,25,144,104,34,161,45,11,208,170
568,26,173,184,20,132,50,154,162,92
568,27,229,193,221,235,141,189,228,90
568,28,151,115,91,255,204,191,158,1
568,29,59,109,210,34,160,57,194,136
568,30,239,58,224,74,42,60,9,40
568,31,163,165,116,197,115,106,16,216
568,32,108,226,66,5,54,252,49,32
568,33,79,85,210,137,77,98,93,4
568,34,27,74,108,6,192,138,189,199
568,35,239,27,60,19,154,48,139,161
568,36,222,61,47,144,76,55,232,94
568,37,160,243,144,227,202,53,49,105
568,38,131,64,252,143,254,140,187,117
568,39,186,168,84,192,169,48,22,73
569,0,193,167,38,54,94,130,44,176
569,1,122,201,117,105,238,58,249,38
569,2,204,140,54,186,51,104,200,67
569,3,91,34,35,74,220,61,128,82
569,4,179,237,159,41,145,177,187,80
569,5,145,239,224,159,226,245,130,196
569,6,98,198,0,63,121,219,181,218
569,7,210,231,118,232,106,237,207,22
569,8,113,104,106,245,175,134,158,70
569,9,116,126,38,195,30,53,56,99
569,10,23,115,29,93,166,255,167,213
569,11,23,233,214,36,38,127,41,183
569,12,10,21,93,201,195,6,117,48
569,13,34,104,11,144,33,201,85,153
569,14,173,132,184,34,21,154,130,248
569,15,221,90,74,141,139,212,206,235
569,16,191,74,158,115,151,175,62,24
569,17,161,210,69,58,196,109,244,1
569,18,224,58,77,54,199,44,100,140
569,19,24,115,192,208,95,79,127,25
569,20,53,85,113,148,161,12,143,50
569,21,99,143,214,195,153,233,177,90
569,22,96,245,160,14,52,207,141,140
569,23,80,242,140,40,127,4,88,26
569,24,21,244,13,10,152,201,213,176
569,25,34,158,208,252,180,170,15,205
569,26,132,173,21,59,248,154,99,243
569,27,74,122,90,145,170,221,193,0
569,28,191,115,25,158,24,239,1,74
569,29,161,150,69,210,249,59,58,204
569,30,77,4,224,64,119,58,140,185
569,31,115,95,126,159,58,24,185,248
569,32,33,108,252,64,30,203,87,114
569,33,192,123,248,3,91,202,199,79
569,34,16,98,211,146,230,2,59,68
569,35,202,235,161,11,220,236,53,254
569,36,110,188,78,42,254,11,154,118
569,37,163,199,160,235,165,139,129,252
569,38,109,252,103,117,190,192,137,239
569,39,25,252,237,48,56,123,120,81
570,0,195,58,23,170,161,211,236,60
570,1,55,91,118,187,125,129,25,71
570,2,222,225,91,168,51,181,248,81
570,3,184,32,74,156,168,19,195,18
570,4,32,207,166,218,114,125,113,29
570,5,36,75,179,24,228,211,196,203
570,6,205,219,223,252,13,104,158,63
570,7,90,149,18,106,22,232,210,42
570,8,245,111,202,53,106,214,59,128
570,9,99,53,192,195,74,204,97,220
570,10,38,255,92,172,183,254,73,23
570,11,166,148,197,183,214,154,110,254
570,12,10,127,86,212,73,130,201,2
570,13,34,144,208,67,205,201,9,85
570,14,132,173,21,34,158,85,163,115
570,15,74,90,28,235,170,221,212,145
570,16,191,197,34,1,176,201,62,139
570,17,161,69,210,244,217,204,169,209
570,18,77,239,224,58,98,100,54,64
570,19,208,24,129,240,115,95,98,144
570,20,53,148,24,100,233,143,118,85
570,21,99,143,233,214,121,195,40,135
570,22,245,160,26,44,108,112,159,92
570,23,17,80,159,40,186,154,6,173
570,24,244,110,10,149,152,176,229,7
570,25,34,208,252,23,158,180,9,109
570,26,132,173,21,248,154,34,130,252
570,27,74,122,139,0,221,206,106,92
570,28,191,235,158,74,162,37,239,89
570,29,161,150,204,69,249,169,59,214
570,30,77,4,180,9,61,119,113,26
570,31,10,58,126,32,185,178,254,115
570,32,233,203,245,108,132,160,109,212
570,33,225,123,46,204,227,137,112,64
570,34,138,66,6,112,108,29,120,146
570,35,162,149,238,220,195,19,11,60
570,36,190,165,205,143,11,170,51,252
570,37,165,218,171,234,91,137,237,148
570,38,190,239,165,25,143,67,233,117
570,39,87,185,252,140,237,107,22,56
571,0,29,32,162,2,77,225,104,212
571,1,55,251,71,118,3,100,23,210
571,2,195,225,61,161,181,31,134,91
571,3,161,33,121,22,254,244,217,240
571,4,200,203,134,147,197,182,248,132
571,5,154,0,42,80,232,248,136,243
571,6,12,205,219,7,30,69,179,40
571,7,142,22,75,206,193,225,252,71
571,8,53,148,59,111,192,84,158,160
571,9,99,97,192,237,233,195,134,160
571,10,245,38,197,104,30,231,183,74
571,11,74,121,166,183,144,180,117,223
571,12,10,131,13,41,2,242,48,127
571,13,34,201,21,144,148,67,180,208
571,14,21,132,92,254,130,247,34,107
571,15,97,221,141,66,90,69,74,196
571,16,191,158,34,201,255,175,18,221
571,17,161,59,215,69,74,68,45,249
571,18,54,99,129,77,23,172,100,199
571,19,24,238,23,246,94,115,90,165
571,20,50,53,223,172,11,148,233,246
571,21,58,121,99,214,233,45,201,195
571,22,21,104,167,127,166,245,217,231
571,23,74,40,237,152,205,121,138,129
571,24,41,127,144,184,213,113,242,23
571,25,34,104,194,63,171,180,161,242
571,26,21,0,219,29,177,223,81,92
571,27,97,247,141,83,221,69,66,139
571,28,203,191,158,120,227,162,48,34
571,29,59,161,69,215,210,175,45,125
571,30,99,74,8,172,54,129,47,67
571,31,114,10,90,242,148,246,94,201
571,32,233,52,157,218,82,32,213,63
571,33,161,204,87,137,225,106,66,19
571,34,108,66,99,228,122,137,47,157
571,35,195,155,209,65,149,33,38,238
571,36,55,170,130,81,218,233,32,122
571,37,247,24,148,254,165,139,189,252
571,38,117,164,228,190,125,99,252,165
571,39,193,211,107,235,185,202,81,208
572,0,119,9,227,125,118,186,198,131
572,1,102,207,160,88,99,210,36,194
572,2,48,24,136,37,148,161,97,215
572,3,5,102,189,122,65,222,127,229
572,4,247,16,32,248,211,39,72,49
572,5,75,156,166,226,106,109,56,21
572,6,219,98,179,96,222,160,189,41
572,7,206,213,225,142,24,22,106,141
572,8,240,53,106,148,111,122,146,158
572,9,193,99,109,195,74,91,135,7
572,10,60,136,96,167,183,44,29,145
572,11,193,126,22,80,90,34,104,138
572,12,79,127,113,126,77,24,68,52
572,13,34,78,255,161,26,221,64,146
572,14,173,34,132,193,31,254,59,154
572,15,74,82,137,90,124,202,141,139
572,16,74,191,158,239,125,62,175,134
572,17,161,210,69,244,58,196,59,151
572,18,77,224,58,54,64,98,233,26
572,19,115,208,25,129,127,150,61,95
572,20,53,85,100,148,24,143,166,204
572,21,99,143,233,195,153,12,214,177
572,22,96,245,160,190,224,207,52,112
572,23,57,80,140,17,105,159,205,78
572,24,244,10,21,177,149,159,255,201
572,25,34,208,144,136,158,9,170,58
572,26,132,173,59,21,239,107,130,99
572,27,74,0,193,221,235,122,40,170
572,28,191,115,140,125,4,239,25,186
572,29,161,150,59,210,55,69,244,122
572,30,4,77,119,26,31,243,228,52
572,31,58,25,193,248,194,17,136,240
572,32,33,236,7,30,87,115,242,32
572,33,192,146,3,185,28,248,161,91
572,34,16,211,146,252,192,68,203,2
572,35,235,161,245,202,238,220,219,39
572,36,110,49,188,78,254,80,165,149
572,37,8,165,86,235,42,103,232,19
572,38,103,190,117,191,70,192,137,21
572,39,120,25,252,95,118,191,56,198
573,0,71,248,57,90,137,33,183,223
573,1,65,103,161,212,127,196,28,136
573,2,177,211,48,24,161,28,136,112
573,3,239,139,194,145,65,127,189,203
573,4,32,49,162,226,117,86,68,11
573,5,244,109,199,179,219,125,24,38
573,6,13,211,163,41,219,104,21,98
573,7,141,213,211,186,63,194,206,25
573,8,223,8,11,235,78,81,18,217
573,9,248,155,122,12,72,209,210,63
573,10,176,127,79,144,123,60,78,160
573,11,135,61,42,181,12,204,45,58
573,12,10,126,2,251,179,86,202,130
573,13,34,208,52,205,158,96,170,164
573,14,34,132,173,162,248,31,165,239
573,15,74,90,206,145,170,122,139,0
573,16,191,74,24,239,4,37,166,195
573,17,161,69,210,244,58,233,68,204
573,18,77,224,58,54,98,53,107,26
573,19,115,208,129,127,61,192,24,98
573,20,53,85,195,50,148,233,118,100
573,21,99,143,195,214,88,233,148,129
573,22,160,207,245,96,149,147,246,28
573,23,80,32,91,57,252,242,78,134
573,24,21,10,161,244,38,229,62,94
573,25,34,58,15,170,208,158,45,205
573,26,59,173,132,162,248,133,153,42
573,27,193,74,145,235,170,122,206,147
573,28,25,115,191,168,1,134,140,62
573,29,150,161,69,59,26,233,165,224
573,30,61,180,199,98,3,40,104,172
573,31,10,154,176,208,32,242,194,195
573,32,66,244,163,218,160,63,203,230
573,33,96,201,27,236,255,115,137,195
573,34,108,99,110,242,32,159,100,137
573,35,65,215,149,52,106,195,33,155
573,36,218,186,75,159,178,170,190,122
573,37,148,133,218,92,118,165,187,54
573,38,190,117,63,121,150,149,187,252
573,39,231,247,90,179,245,22,227,175
574,0,37,0,67,68,12,241,8,148
574,1,91,187,1,55,252,161,111,136
574,2,170,202,52,246,144,231,151,233
574,3,161,60,127,222,124,68,237,253
574,4,176,64,50,99,141,31,69,168
574,5,25,20,121,57,234,247,244,200
574,6,139,211,231,127,225,163,78,248
574,7,213,209,63,141,148,241,211,186
574,8,53,11,72,148,59,81,91,238
574,9,99,246,155,248,213,112,251,209
574,10,25,247,150,65,185,243,176,134
574,11,206,128,108,160,9,12,204,86
574,12,208,145,221,128,134,60,1,74
574,13,74,154,134,182,118,32,147,138
574,14,32,88,137,148,189,125,64,51
574,15,148,242,58,162,200,87,62,31
574,16,51,134,106,238,133,43,60,35
574,17,198,211,0,87,76,37,153,89
574,18,43,127,134,163,161,124,13,33
574,19,36,121,116,109,20,19,191,56
574,20,99,239,173,237,4,164,116,180
574,21,161,117,164,197,255,2,170,169
574,22,176,125,185,150,243,42,65,247
574,23,254,206,9,128,160,193,86,90
574,24,235,145,18,52,85,151,93,74
574,25,182,118,154,134,185,105,32,121
574,26,88,47,137,177,32,148,103,17
574,27,181,165,87,4,242,58,31,147
574,28,150,93,74,43,238,75,182,133
574,29,0,124,87,76,16,74,69,153
574,30,195,163,43,161,134,13,217,182
574,31,20,36,116,75,154,109,121,26
574,32,252,112,33,160,218,95,150,53
574,33,184,92,210,129,16,43,164,52
574,34,231,133,26,85,92,226,16,132
574,35,84,42,72,135,57,119,174,204
574,36,83,75,221,45,228,126,102,59
574,37,138,244,156,182,144,23,240,171
574,38,50,149,141,177,150,190,204,121
574,39,136,141,247,83,19,58,192,148
575,0,167,94,240,26,98,8,14,159
575,1,91,187,55,252,198,70,255,104
575,2,170,37,225,91,175,195,221,54
575,3,57,185,63,137,121,169,96,181
575,4,155,166,29,114,28,244,113,198
575,5,128,0,173,36,17,175,75,156
575,6,218,0,53,219,95,119,131,173
575,7,90,225,33,130,72,106,88,224
575,8,53,148,216,38,59,144,100,158
575,9,99,77,233,195,143,90,101,228
575,10,245,54,74,149,38,175,148,23
575,11,43,140,105,26,216,117,77,166
575,12,149,10,248,242,32,21,229,173
575,13,34,144,208,37,58,174,65,106
575,14,173,132,184,21,17,92,190,248
575,15,221,74,235,0,90,139,247,170
575,16,191,91,158,34,1,175,101,115
575,17,161,69,210,196,44,209,109,119
575,18,239,224,77,99,54,58,32,227
575,19,24,163,23,115,95,246,238,127
575,20,53,50,148,172,216,113,195,161
575,21,58,99,38,214,229,77,45,32
575,22,23,38,245,123,144,217,21,127
575,23,74,40,140,136,178,166,48,237
575,24,149,10,184,0,23,158,213,242
575,25,34,144,119,194,171,180,104,161
575,26,184,21,173,17,132,154,50,223
575,27,247,189,221,139,74,117,6,235
575,28,151,191,91,115,1,158,162,203
575,29,69,210,109,59,249,119,161,196
575,30,77,224,239,0,99,58,60,98
575,31,163,115,23,114,192,127,95,58
575,32,108,204,226,67,3,244,203,130
575,33,79,85,66,227,123,115,111,90
575,34,74,27,197,185,20,31,138,164
575,35,239,53,60,139,64,9,161,220
575,36,222,93,166,61,99,47,101,16
575,37,5,96,19,2,25,80,171,74
575,38,239,64,143,191,242,131,190,61
575,39,228,107,10,115,100,57,223,180
576,0,190,253,235,158,115,141,208,221
576,1,184,113,180,21,7,145,247,58
576,2,225,4,51,161,168,227,30,54
576,3,231,147,83,78,140,63,91,181
576,4,187,135,72,144,96,179,7,234
576,5,224,41,78,184,99,145,85,255
576,6,218,0,121,54,12,202,98,131
576,7,118,142,106,207,231,175,225,22
576,8,113,53,59,104,70,134,158,148
576,9,116,38,99,164,195,228,56,118
576,10,23,113,93,167,36,29,175,28
576,11,178,23,161,140,136,26,127,74
576,12,10,149,93,21,242,87,201,32
576,13,34,144,11,97,147,43,104,45
576,14,184,173,132,20,204,228,21,248
576,15,74,235,141,221,90,139,147,81
576,16,115,91,191,151,158,117,1,34
576,17,109,161,69,196,210,169,255,172
576,18,224,0,77,239,98,57,54,40
576,19,163,192,115,246,24,116,95,23
576,20,113,148,53,85,158,12,24,150
576,21,116,38,99,195,164,143,162,214
576,22,23,113,27,43,38,70,13,44
576,23,161,178,23,26,243,74,184,127
576,24,21,10,93,195,117,161,15,87
576,25,34,144,11,170,45,161,83,88
576,26,173,20,184,132,154,141,248,107
576,27,74,235,193,145,212,139,90,47
576,28,191,115,1,25,135,91,158,155
576,29,69,109,196,210,161,233,34,217
576,30,77,224,58,239,0,98,140,127
576,31,115,192,163,127,95,116,212,133
576,32,108,226,204,67,241,218,190,63
576,33,79,85,66,93,50,123,51,4
576,34,27,74,254,123,132,244,61,218
576,35,53,239,27,171,14,202,60,139
576,36,154,222,20,188,135,213,192,78
576,37,39,129,199,5,237,163,103,184
576,38,239,64,109,102,175,202,59,189
576,39,186,195,190,11,252,187,184,150
577,0,193,167,38,54,94,130,44,245
577,1,122,201,117,238,105,58,249,38
577,2,204,186,140,54,51,67,200,104
577,3,91,220,103,34,74,35,61,82
577,4,179,237,41,159,213,177,145,80
577,5,145,239,224,159,226,85,255,106
577,6,198,98,118,96,221,181,158,191
577,7,237,210,232,106,221,22,103,238
577,8,113,104,106,175,134,12,111,245
577,9,116,33,56,7,105,124,126,91
577,10,115,93,121,29,96,166,104,11
577,11,253,41,51,140,23,205,213,38
577,12,10,117,41,144,213,21,201,48
577,13,34,11,205,201,208,104,15,67
577,14,173,132,154,223,34,21,184,254
577,15,74,141,90,69,235,139,124,66
577,16,191,115,151,24,134,135,62,175
577,17,161,69,109,210,59,215,68,121
577,18,224,77,54,58,140,98,199,180
577,19,115,24,192,95,127,208,94,79
577,20,113,148,53,195,50,84,85,12
577,21,99,214,38,116,143,195,78,52
577,22,96,162,108,245,27,21,217,149
577,23,23,140,40,61,88,243,26,34
577,24,13,10,41,21,201,213,126,244
577,25,34,180,11,58,208,144,170,136
577,26,173,132,21,248,30,154,243,26
577,27,74,145,235,90,193,122,139,92
577,28,191,115,1,25,239,169,172,112
577,29,69,196,109,161,233,59,210,217
577,30,77,224,58,54,176,98,51,227
577,31,115,192,127,180,95,61,133,114
577,32,108,226,241,67,204,132,68,218
577,33,79,85,50,66,51,123,4,110
577,34,254,27,123,186,218,74,66,176
577,35,53,239,14,171,202,139,194,60
577,36,154,135,188,20,213,78,110,35
577,37,129,39,199,1,163,219,103,52
577,38,239,109,175,60,102,59,189,68
577,39,195,184,25,230,187,150,30,252
578,0,195,58,23,170,161,60,236,89
578,1,91,55,187,118,125,129,25,71
578,2,222,225,91,248,168,51,181,81
578,3,184,32,195,74,168,156,19,66
578,4,32,125,207,166,218,113,114,223
578,5,36,24,75,179,196,228,211,195
578,6,205,221,219,13,104,158,224,223
578,7,149,18,232,22,90,106,25,150
578,8,106,202,111,128,53,131,245,12
578,9,204,99,43,75,192,118,105,234
578,10,38,183,104,175,168,92,73,254
578,11,166,243,43,184,253,123,38,140
578,12,212,10,200,144,201,188,48,136
578,13,34,144,253,67,68,4,27,9
578,14,223,85,213,190,107,132,228,133
578,15,235,141,193,74,223,254,139,158
578,16,34,151,124,158,191,101,135,197
578,17,161,69,44,192,59,210,209,110
578,18,224,77,8,54,98,140,227,40
578,19,24,50,115,1,192,12,90,246
578,20,53,223,148,195,216,202,105,238
578,21,99,121,210,213,143,233,214,195
578,22,245,161,38,104,21,162,44,27
578,23,140,139,166,121,40,205,129,74
578,24,41,212,244,10,149,117,21,13
578,25,34,144,11,104,208,136,9,91
578,26,132,21,173,34,30,154,107,94
578,27,74,193,139,221,0,235,158,62
578,28,191,151,34,101,124,158,115,135
578,29,161,210,69,59,192,44,57,29
578,30,77,224,8,58,4,92,241,98
578,31,180,188,115,50,127,58,95,61
578,32,132,204,108,233,218,73,74,30
578,33,50,204,51,61,106,66,87,13
578,34,66,218,13,176,150,254,123,154
578,35,53,14,202,220,142,114,60,171
578,36,154,135,188,78,187,160,4,178
578,37,199,132,213,163,171,52,103,237
578,38,239,190,175,200,60,135,67,25
578,39,32,87,184,150,252,57,195,187
579,0,139,77,211,29,19,23,26,220
579,1,149,210,55,118,9,89,65,25
579,2,195,225,91,199,66,161,69,181
579,3,161,22,93,33,121,182,134,180
579,4,134,140,147,132,46,197,200,233
579,5,0,154,164,237,91,112,173,243
579,6,12,7,30,152,72,233,113,205
579,7,142,225,22,175,213,129,252,18
579,8,53,148,59,72,84,233,41,36
579,9,134,99,1,32,237,221,3,79
579,10,217,38,245,135,149,172,147,197
579,11,121,166,230,117,237,143,223,139
579,12,10,13,23,92,240,50,38,126
579,13,34,144,215,180,148,248,208,0
579,14,17,21,223,132,164,34,29,253
579,15,97,74,90,235,6,42,221,124
579,16,34,191,203,163,234,158,175,197
579,17,69,161,59,192,44,215,209,210
579,18,77,54,129,8,99,160,239,100
579,19,24,246,1,144,115,239,238,95
579,20,172,53,50,148,233,24,11,195
579,21,99,58,32,233,214,229,237,192
579,22,21,38,104,245,217,13,135,49
579,23,121,166,74,237,205,40,117,152
579,24,92,126,144,10,158,41,244,254
579,25,34,180,194,57,144,119,208,243
579,26,132,21,17,29,102,130,163,248
579,27,247,74,90,139,141,124,97,0
579,28,191,34,203,48,1,158,245,104
579,29,59,69,161,210,217,13,196,44
579,30,77,129,99,8,96,54,224,58
579,31,174,115,127,114,95,133,144,180
579,32,233,136,108,73,123,204,67,143
579,33,87,61,204,106,66,146,30,167
579,34,154,66,13,218,244,121,214,166
579,35,14,114,171,53,164,202,249,27
579,36,213,154,164,192,78,140,4,99
579,37,132,171,199,92,1,129,216,66
579,38,175,68,239,190,165,228,67,235
579,39,57,91,32,166,140,235,211,165
580,0,119,9,227,125,186,118,59,85
580,1,102,207,160,194,57,108,171,99
580,2,37,66,22,14,229,25,9,189
580,3,5,229,153,137,83,48,122,200
580,4,16,101,200,248,32,72,181,202
580,5,154,149,75,226,211,109,37,63
580,6,30,202,219,12,0,218,222,210
580,7,175,118,89,129,230,206,22,217
580,8,240,53,148,59,213,250,146,106
580,9,193,99,109,237,192,195,1,86
580,10,38,245,223,96,4,149,182,172
580,11,121,139,166,243,117,178,144,90
580,12,10,240,144,21,205,152,111,195
580,13,34,144,148,188,51,179,152,215
580,14,223,132,173,171,94,21,228,188
580,15,74,193,235,97,90,221,223,158
580,16,34,191,78,158,6,125,120,197
580,17,128,210,161,56,192,69,196,209
580,18,8,77,140,224,9,54,40,129
580,19,174,115,151,127,24,175,58,214
580,20,53,148,223,118,128,24,11,158
580,21,99,109,209,237,233,195,19,214
580,22,245,96,38,108,197,13,223,21
580,23,139,205,230,40,105,121,129,38
580,24,10,149,41,144,92,184,244,117
580,25,34,144,179,208,91,4,119,88
580,26,132,94,154,248,21,130,173,163
580,27,90,74,139,145,92,221,0,223
580,28,191,34,1,158,203,115,104,37
580,29,69,210,217,59,13,161,196,192
580,30,77,8,96,224,241,58,74,54
580,31,174,115,127,95,212,165,133,50
580,32,233,136,73,108,204,67,241,149
580,33,87,204,106,66,30,146,199,157
580,34,154,218,66,244,91,176,192,211
580,35,14,171,53,164,202,142,194,69
580,36,213,154,164,29,135,188,78,61
580,37,129,199,1,171,37,219,66,237
580,38,68,175,239,190,60,165,83,228
580,39,25,230,195,184,187,140,150,252
581,0,212,218,67,136,194,169,116,225
581,1,184,94,28,119,91,127,154,240
581,2,22,211,66,177,37,137,189,160
581,3,19,245,126,239,164,229,185,93
581,4,187,101,140,155,146,28,46,135
581,5,128,173,4,80,190,0,13,108
581,6,218,12,0,202,30,69,18,237
581,7,175,33,142,227,88,72,225,26
581,8,53,38,148,59,195,85,24,214
581,9,99,121,222,43,158,77,143,86
581,10,217,245,54,149,23,184,32,38
581,11,105,139,117,216,79,5,26,178
581,12,149,10,32,21,240,233,184,176
581,13,34,144,170,208,65,188,176,58
581,14,132,21,173,184,29,163,223,94
581,15,221,74,90,235,173,193,139,0
581,16,34,191,158,91,201,115,1,25
581,17,161,69,210,128,192,217,13,59
581,18,239,77,54,58,99,8,224,160
581,19,24,163,115,214,208,95,246,98
581,20,38,53,11,148,24,85,50,105
581,21,99,233,143,77,58,158,214,45
581,22,245,23,38,184,127,13,217,108
581,23,105,178,77,139,166,117,79,72
581,24,149,10,32,144,244,21,176,248
581,25,34,144,208,170,56,71,205,82
581,26,184,132,21,173,163,102,188,248
581,27,221,74,235,0,193,145,90,122
581,28,191,91,115,1,25,151,6,239
581,29,69,109,210,196,59,161,94,217
581,30,239,224,77,0,58,40,99,8
581,31,163,115,127,114,95,192,23,139
581,32,108,3,67,139,66,203,30,226
581,33,79,85,182,90,61,115,19,66
581,34,27,74,20,66,6,61,159,192
581,35,239,27,64,128,161,60,47,156
581,36,222,93,192,171,61,144,252,101
581,37,5,72,171,96,80,74,101,63
581,38,64,165,131,61,17,134,143,8
581,39,228,57,163,115,139,169,168,98
582,0,132,158,190,125,141,237,115,81
582,1,184,201,58,188,180,145,113,24
582,2,74,27,29,176,98,225,66,163
582,3,128,34,35,91,77,83,64,140
582,4,130,128,187,183,140,135,95,0
582,5,41,78,47,193,145,85,255,132
582,6,218,60,121,7,210,0,153,202
582,7,118,175,117,78,216,88,29,142
582,8,113,99,175,195,104,234,123,53
582,9,239,164,38,170,191,99,195,77
582,10,113,23,36,27,125,93,198,169
582,11,23,161,178,189,233,86,127,112
582,12,10,93,21,149,44,74,63,201
582,13,34,144,11,147,105,121,45,97
582,14,184,173,20,132,204,105,223,95
582,15,235,74,200,147,141,81,221,124
582,16,115,91,191,151,1,24,117,158
582,17,109,69,210,76,196,250,169,161
582,18,224,0,239,77,179,58,57,98
582,19,163,192,115,116,127,90,208,125
582,20,113,53,85,234,100,148,56,244
582,21,38,239,99,164,209,143,191,195
582,22,23,113,27,38,169,162,125,44
582,23,23,178,161,184,189,117,243,26
582,24,10,93,21,15,44,161,117,229
582,25,34,11,144,170,58,141,45,67
582,26,173,184,132,20,154,248,230,148
582,27,74,193,235,145,90,92,139,147
582,28,191,115,1,25,91,204,135,133
582,29,69,196,109,210,161,76,233,217
582,30,77,224,58,239,0,98,163,145
582,31,115,127,192,163,116,95,208,129
582,32,108,67,226,241,204,218,119,181
582,33,79,85,93,66,50,123,51,227
582,34,27,254,74,123,132,186,82,239
582,35,53,239,27,139,202,14,171,19
582,36,154,222,188,20,135,213,192,110
582,37,129,39,199,219,1,5,237,184
582,38,239,109,64,175,102,189,14,205
582,39,186,195,187,190,150,148,147,126
583,0,193,167,38,54,94,130,44,53
583,1,201,122,117,58,238,105,140,46
583,2,49,20,233,129,6,204,67,186
583,3,34,91,128,35,103,73,119,220
583,4,187,179,159,58,145,130,41,80
583,5,145,85,159,239,255,29,112,111
583,6,7,60,121,0,198,68,124,145
583,7,117,210,106,118,237,145,175,55
583,8,104,113,175,106,245,73,53,12
583,9,239,38,99,195,170,56,105,191
583,10,27,93,115,96,21,240,36,255
583,11,23,253,233,51,224,5,38,205
583,12,10,21,53,6,213,126,41,62
583,13,34,11,15,208,144,67,205,9
583,14,173,132,184,34,21,154,248,230
583,15,74,141,90,139,124,255,69,221
583,16,191,115,151,24,1,134,203,172
583,17,161,69,109,210,196,121,68,59
583,18,224,77,54,58,75,180,98,145
583,19,115,192,127,95,208,24,94,246
583,20,113,148,53,223,50,85,84,72
583,21,99,38,214,239,143,195,141,78
583,22,162,96,27,108,21,245,217,149
583,23,23,140,253,61,40,88,239,26
583,24,13,10,213,126,41,220,244,21
583,25,34,180,11,58,208,144,136,15
583,26,173,132,21,248,30,230,154,130
583,27,74,145,92,90,193,141,235,139
583,28,191,115,1,25,112,172,135,238
583,29,69,196,161,109,59,210,217,249
583,30,77,224,58,54,145,98,127,51
583,31,192,115,127,95,180,125,101,118
583,32,241,108,67,226,204,218,68,63
583,33,79,85,50,66,51,123,93,110
583,34,254,27,186,123,74,218,116,61
583,35,53,239,139,202,171,14,60,194
583,36,154,135,188,20,213,78,51,35
583,37,129,39,199,219,1,103,213,163
583,38,239,109,60,175,189,102,59,14
583,39,25,230,195,184,187,150,252,30
584,0,148,120,173,195,0,238,58,78
584,1,55,118,108,146,129,1,93,125
584,2,143,91,32,11,228,49,6,188
584,3,22,201,93,56,180,69,224,109
584,4,134,147,28,187,88,152,179,26
584,5,0,108,50,146,140,129,222,128
584,6,12,205,30,240,210,72,219,195
584,7,142,166,183,104,225,33,75,137
584,8,53,148,59,233,72,214,161,171
584,9,99,221,32,134,3,58,150,28
584,10,38,221,217,245,135,244,162,123
584,11,118,117,244,253,218,254,35,200
584,12,13,131,10,2,127,234,182,159
584,13,34,180,148,162,208,194,158,174
584,14,173,132,136,205,17,165,34,248
584,15,74,206,90,119,221,124,170,145
584,16,191,60,234,34,1,24,200,176
584,17,161,69,196,210,184,34,59,217
584,18,77,224,54,129,32,58,18,98
584,19,15,115,127,24,95,180,208,112
584,20,148,53,172,50,72,233,202,85
584,21,99,32,58,214,229,121,228,195
584,22,38,229,135,108,162,245,221,73
584,23,118,40,166,48,253,237,61,117
584,24,13,10,244,41,158,213,127,23
584,25,34,180,194,215,58,208,162,144
584,26,136,132,17,173,248,21,30,130
584,27,124,141,6,221,90,145,74,133
584,28,191,1,34,107,112,254,200,25
584,29,69,196,217,184,210,144,161,54
584,30,77,224,129,99,96,54,8,239
584,31,114,15,115,127,174,180,212,95
584,32,108,202,67,241,233,204,144,143
584,33,66,147,87,106,118,204,30,225
584,34,154,226,66,179,254,13,6,244
584,35,14,171,53,40,142,60,64,202
584,36,213,164,154,4,169,84,32,60
584,37,156,132,1,109,129,199,184,83
584,38,68,73,175,50,131,204,202,143
584,39,164,57,8,32,235,112,132,161
585,0,119,9,227,125,118,186,213,59
585,1,102,160,172,146,235,65,207,147
585,2,220,248,25,37,48,195,175,240
585,3,5,139,193,237,93,90,4,245
585,4,187,179,28,247,72,229,56,181
585,5,108,154,103,0,146,128,50,140
585,6,12,205,210,30,219,240,72,37
585,7,142,118,225,175,11,90,69,217
585,8,148,53,59,240,85,213,214,233
585,9,99,109,193,195,6,105,233,229
585,10,38,172,96,135,77,221,245,42
585,11,178,118,23,117,163,254,244,200
585,12,10,131,240,173,152,48,18,204
585,13,34,144,58,215,148,208,11,9
585,14,173,132,34,107,247,248,239,188
585,15,74,90,141,235,212,38,145,139
585,16,191,34,1,24,200,209,125,158
585,17,196,161,69,210,109,34,192,217
585,18,77,224,54,18,129,241,8,98
585,19,115,127,95,192,15,174,153,58
585,20,148,53,85,240,118,202,59,122
585,21,99,228,109,195,121,193,214,141
585,22,38,96,149,93,245,108,28,250
585,23,23,139,129,2,117,24,105,166
585,24,10,13,244,57,184,41,213,233
585,25,34,180,144,179,45,208,91,118
585,26,132,94,173,248,21,154,42,243
585,27,141,90,145,221,101,122,11,124
585,28,191,34,1,112,135,200,241,209
585,29,69,196,217,210,161,13,32,192
585,30,77,8,96,224,241,58,140,189
585,31,174,127,115,95,165,98,212,133
585,32,233,108,73,67,204,149,136,190
585,33,87,204,106,66,30,108,146,79
585,34,154,66,218,244,179,91,192,6
585,35,14,171,53,69,202,164,142,60
585,36,213,164,154,135,146,29,4,230
585,37,129,171,1,199,218,109,66,80
585,38,68,175,60,239,228,190,252,83
585,39,25,230,195,184,140,187,150,164
586,0,218,212,136,169,67,122,206,191
586,1,28,119,184,240,94,91,160,65
586,2,220,25,248,37,175,195,211,18
586,3,245,93,193,126,139,69,185,203
586,4,187,179,140,134,28,155,205,29
586,5,108,128,4,154,0,173,50,152
586,6,12,30,218,205,210,240,237,0
586,7,142,175,118,227,183,11,104,26
586,8,148,53,38,85,59,72,233,152
586,9,99,221,1,134,101,58,78,145
586,10,38,217,148,23,245,96,162,50
586,11,23,117,105,178,34,139,79,35
586,12,10,149,13,184,127,32,255,109
586,13,34,58,144,180,215,170,4,45
586,14,173,132,184,248,165,21,34,17
586,15,74,90,221,139,145,124,238,141
586,16,191,1,158,135,115,48,202,60
586,17,161,69,210,196,144,34,59,86
586,18,224,77,54,239,58,99,129,227
586,19,115,127,163,95,192,174,219,235
586,20,172,148,53,50,38,233,113,143
586,21,99,58,32,121,214,45,38,229
586,22,38,217,23,108,245,13,93,78
586,23,178,40,237,117,61,166,105,23
586,24,10,13,184,149,158,23,213,253
586,25,34,194,180,58,144,208,136,162
586,26,17,21,184,173,136,132,133,248
586,27,141,221,93,6,145,92,124,133
586,28,191,115,1,91,112,25,172,236
586,29,69,196,109,217,161,210,144,127
586,30,77,239,224,0,99,58,54,98
586,31,163,115,114,127,192,98,95,139
586,32,108,67,3,241,226,204,139,218
586,33,79,182,85,118,123,66,225,27
586,34,74,27,222,120,76,103,164,254
586,35,239,139,27,60,64,107,65,238
586,36,192,222,252,93,165,146,15,170
586,37,5,171,63,125,33,101,120,72
586,38,64,8,61,143,176,25,10,111
586,39,115,117,228,163,139,235,108,169
587,0,190,253,208,235,221,237,158,141
587,1,184,113,145,137,7,21,180,25
587,2,225,176,24,181,48,50,156,98
587,3,91,35,164,128,34,64,83,84
587,4,187,183,179,140,135,145,6,28
587,5,145,99,231,237,108,135,184,51
587,6,12,210,218,121,0,30,237,202
587,7,142,118,175,106,225,227,88,72
587,8,175,113,148,104,53,59,85,233
587,9,116,38,99,191,105,195,143,84
587,10,27,23,13,50,93,38,48,120
587,11,23,178,233,117,253,35,254,4
587,12,10,93,149,201,87,85,181,18
587,13,11,58,144,34,105,45,4,208
587,14,173,184,132,248,34,47,105,95
587,15,74,90,139,145,235,147,170,206
587,16,191,115,151,25,1,238,24,172
587,17,69,109,196,161,210,34,58,243
587,18,77,224,239,0,54,105,58,75
587,19,192,115,163,116,127,208,32,246
587,20,113,148,53,72,85,174,179,59
587,21,38,116,99,162,214,143,1,196
587,22,27,23,83,38,28,65,42,149
587,23,23,178,96,92,63,34,2,26
587,24,93,10,220,21,15,173,195,146
587,25,34,11,45,144,58,208,180,83
587,26,173,184,132,26,149,248,95,154
587,27,145,90,193,147,124,38,212,235
587,28,191,115,25,1,238,135,204,66
587,29,69,109,196,217,210,161,34,32
587,30,77,224,58,239,98,47,36,189
587,31,115,127,192,163,116,95,212,58
587,32,108,226,67,241,204,218,190,8
587,33,79,50,85,123,66,93,51,27
587,34,254,27,123,74,132,112,138,211
587,35,53,239,139,27,202,60,11,220
587,36,222,154,135,20,188,192,116,75
587,37,129,39,199,115,218,1,237,184
587,38,239,109,64,165,159,31,70,112
587,39,186,235,169,227,245,208,223,109
588,0,193,167,38,54,94,44,130,53
588,1,122,201,117,105,238,58,249,38
588,2,54,204,181,225,186,6,140,176
588,3,91,35,34,128,183,103,74,47
588,4,187,159,179,145,237,80,114,41
588,5,145,239,160,159,245,226,196,5
588,6,12,118,219,98,181,124,89,88
588,7,142,237,225,88,106,210,153,217
588,8,53,148,113,59,70,111,214,175
588,9,99,116,105,192,39,38,127,88
588,10,96,115,93,240,23,145,108,245
588,11,253,51,4,205,214,183,23,35
588,12,10,2,21,111,213,173,184,201
588,13,34,208,58,201,9,85,162,158
588,14,173,132,34,248,21,247,233,162
588,15,74,90,141,145,66,38,206,212
588,16,191,115,24,1,234,62,135,125
588,17,161,69,210,109,196,59,160,68
588,18,77,224,54,58,176,75,64,156
588,19,95,115,192,208,127,79,180,102
588,20,148,53,113,233,118,44,171,72
588,21,99,143,78,195,122,214,162,141
588,22,108,78,96,245,144,28,223,254
588,23,23,34,61,80,183,26,88,40
588,24,13,10,244,23,213,41,196,173
588,25,34,180,208,136,58,118,91,194
588,26,132,173,248,154,166,21,17,26
588,27,145,74,141,90,235,124,122,92
588,28,191,1,115,25,66,112,104,169
588,29,69,196,161,217,109,192,127,144
588,30,77,224,58,92,75,145,54,137
588,31,115,180,95,127,192,50,212,139
588,32,241,67,108,226,218,204,103,63
588,33,50,79,85,123,51,66,118,110
588,34,254,27,123,186,211,112,138,146
588,35,53,139,202,239,14,11,194,60
588,36,154,135,188,20,116,223,213,75
588,37,129,1,199,39,219,218,115,237
588,38,239,109,60,175,31,137,165,8
588,39,230,25,222,235,195,227,120,225
589,0,148,173,178,195,67,0,194,12
589,1,55,199,129,118,108,103,220,248
589,2,61,143,91,32,248,6,195,79
589,3,22,180,189,90,109,93,4,201
589,4,203,179,147,134,103,229,200,26
589,5,108,0,128,232,140,239,237,122
589,6,12,240,205,30,72,219,212,120
589,7,142,104,183,69,225,11,175,137
589,8,53,148,59,72,108,233,50,161
589,9,99,221,58,134,229,3,90,233
589,10,38,221,245,135,172,217,162,96
589,11,118,117,74,244,253,184,35,254
589,12,13,10,131,127,2,187,184,137
589,13,34,180,148,208,174,144,54,149
589,14,173,132,17,34,205,136,247,248
589,15,74,124,66,97,90,82,145,235
589,16,191,1,107,34,234,197,176,209
589,17,69,161,210,196,184,59,86,217
589,18,77,54,129,224,18,98,241,64
589,19,15,115,95,24,208,127,133,23
589,20,148,53,172,50,233,202,118,72
589,21,99,121,58,143,32,229,195,221
589,22,38,108,245,135,217,249,221,144
589,23,74,118,237,129,40,166,22,24
589,24,13,41,10,184,244,127,158,100
589,25,34,180,194,135,205,177,208,132
589,26,136,17,132,21,248,55,162,173
589,27,66,124,6,92,221,247,90,141
589,28,191,34,112,245,1,107,162,134
589,29,69,196,161,184,217,59,10,210
589,30,77,224,99,129,54,75,239,8
589,31,114,127,15,174,115,95,133,212
589,32,67,108,202,233,204,103,93,190
589,33,66,147,87,118,204,225,106,30
589,34,226,66,154,254,13,6,120,108
589,35,53,14,162,194,65,19,131,40
589,36,213,170,137,32,29,160,113,16
589,37,156,132,139,87,1,109,184,59
589,38,239,204,68,8,165,117,207,31
589,39,57,235,132,115,8,222,98,164
590,0,119,9,125,227,186,118,213,85
590,1,102,199,160,207,235,25,12,30
590,2,248,25,37,7,48,195,175,184
590,3,5,102,139,96,143,210,237,250
590,4,187,247,248,72,181,19,82,97
590,5,108,154,29,13,239,128,75,107
590,6,12,219,30,205,41,98,193,223
590,7,142,118,225,175,106,24,90,73
590,8,148,53,240,59,245,202,85,24
590,9,99,109,193,233,169,195,205,105
590,10,38,135,42,172,73,112,167,33
590,11,74,117,178,140,254,118,163,121
590,12,10,131,111,48,188,98,182,201
590,13,34,58,144,21,215,9,211,179
590,14,173,34,132,107,162,247,188,42
590,15,90,202,254,38,212,74,145,158
590,16,191,34,1,176,135,125,200,241
590,17,196,161,210,69,217,128,34,184
590,18,77,224,54,8,3,241,98,129
590,19,127,115,95,174,208,246,153,192
590,20,148,53,122,216,143,84,128,118
590,21,99,228,121,109,195,214,141,196
590,22,96,38,249,245,108,172,78,181
590,23,74,23,129,139,40,117,2,249
590,24,10,41,196,144,169,13,253,188
590,25,34,144,179,180,171,64,118,174
590,26,132,94,173,55,248,0,228,21
590,27,145,235,141,90,193,223,221,122
590,28,191,34,1,104,112,209,239,125
590,29,69,196,217,210,161,192,13,226
590,30,77,8,241,224,96,58,36,47
590,31,127,174,115,95,58,234,197,195
590,32,233,67,73,108,204,149,103,244
590,33,204,106,66,87,138,187,199,108
590,34,66,154,6,192,218,108,142,120
590,35,193,65,69,162,209,60,14,38
590,36,213,137,170,29,64,140,32,116
590,37,218,139,243,87,102,129,160,226
590,38,190,68,252,239,117,115,165,161
590,39,25,235,140,86,222,115,191,164
591,0,248,71,57,90,149,137,33,183
591,1,65,103,127,28,170,196,240,25
591,2,211,248,7,177,226,48,166,30
591,3,193,203,239,93,139,33,104,131
591,4,140,28,97,46,114,162,11,29
591,5,108,154,24,0,128,75,179,109
591,6,205,218,30,219,12,47,101,181
591,7,142,175,18,225,190,106,168,24
591,8,53,148,59,111,202,245,240,166
591,9,99,148,195,192,224,34,143,193
591,10,38,199,149,73,92,172,42,223
591,11,166,117,139,163,105,154,40,110
591,12,10,240,243,177,182,109,184,136
591,13,34,144,26,148,164,68,198,67
591,14,34,85,94,132,107,188,162,178
591,15,193,235,141,212,56,74,90,35
591,16,124,1,191,179,50,131,104,241
591,17,69,161,210,167,196,233,237,226
591,18,8,77,193,241,224,54,98,145
591,19,127,115,180,191,206,95,188,194
591,20,148,53,195,105,30,128,202,150
591,21,99,148,196,195,121,141,214,201
591,22,38,203,71,141,11,21,226,241
591,23,166,139,117,34,110,26,25,127
591,24,10,87,240,69,230,253,109,146
591,25,34,144,141,161,82,4,253,247
591,26,85,94,132,142,0,188,163,107
591,27,141,29,193,184,223,56,254,243
591,28,89,191,50,1,66,124,134,204
591,29,161,69,175,210,237,95,192,32
591,30,8,77,47,140,241,193,30,229
591,31,188,10,58,16,160,170,220,148
591,32,233,66,244,63,13,190,163,92
591,33,204,66,108,187,177,96,106,61
591,34,66,218,108,159,166,110,177,154
591,35,106,215,65,209,162,19,64,155
591,36,106,170,218,113,21,144,140,99
591,37,165,171,218,133,109,148,47,139
591,38,190,180,165,239,25,143,8,10
591,39,87,115,22,140,56,32,222,90
592,0,211,77,225,139,70,4,224,84
592,1,55,251,71,118,100,3,65,56
592,2,195,91,33,234,221,72,143,163
592,3,137,22,147,57,72,167,80,52
592,4,147,134,29,46,28,100,153,243
592,5,0,154,164,36,56,173,75,74
592,6,12,30,219,205,218,240,176,40
592,7,142,18,149,225,104,190,168,38
592,8,53,148,59,121,118,192,108,233
592,9,99,134,97,150,179,90,31,79
592,10,38,172,245,217,197,149,135,226
592,11,166,117,184,77,105,237,110,139
592,12,10,109,2,240,149,198,182,233
592,13,34,144,180,208,148,240,192,185
592,14,132,34,85,0,173,162,21,247
592,15,193,74,90,235,221,124,141,38
592,16,1,191,201,177,88,115,197,104
592,17,161,69,210,196,209,226,194,217
592,18,77,8,239,54,140,100,58,98
592,19,127,24,115,95,194,208,174,149
592,20,148,53,50,233,11,127,143,240
592,21,99,121,77,122,214,58,195,233
592,22,38,245,13,21,28,172,10,249
592,23,166,117,139,77,105,26,110,123
592,24,10,149,240,109,184,233,87,253
592,25,34,144,71,240,170,83,198,106
592,26,132,173,85,184,94,21,98,163
592,27,74,193,145,223,235,137,0,90
592,28,191,1,115,91,6,158,88,50
592,29,210,69,161,196,217,209,32,226
592,30,77,239,0,8,58,224,161,47
592,31,163,115,127,98,32,197,95,26
592,32,108,67,109,233,3,123,82,204
592,33,79,61,68,106,13,39,236,38
592,34,66,74,27,13,130,108,159,48
592,35,239,27,44,162,20,114,168,64
592,36,93,222,32,61,226,224,79,94
592,37,5,171,96,101,80,74,61,16
592,38,10,61,8,191,64,143,206,62
592,39,228,57,88,159,148,105,169,235
593,0,190,253,208,235,141,158,115,221
593,1,184,113,180,145,247,239,7,21
593,2,176,146,4,114,25,243,37,161
593,3,77,231,183,91,96,181,97,64
593,4,187,95,230,28,159,135,85,92
593,5,99,154,128,145,237,56,4,51
593,6,12,218,0,30,121,202,210,219
593,7,142,118,175,225,104,26,188,111
593,8,148,53,59,175,113,85,174,44
593,9,99,77,38,116,228,233,141,105
593,10,38,23,113,217,172,245,149,112
593,11,178,117,166,35,23,105,74,26
593,12,10,149,109,127,229,111,18,198
593,13,34,144,58,208,180,45,9,198
593,14,173,184,132,34,248,162,136,92
593,15,74,90,139,145,202,156,238,235
593,16,191,1,115,91,135,24,37,200
593,17,161,69,109,210,196,194,68,217
593,18,77,224,54,239,58,0,107,47
593,19,163,127,115,95,192,144,23,208
593,20,113,148,53,150,84,41,246,184
593,21,99,38,116,121,190,196,31,214
593,22,23,38,83,113,13,144,78,108
593,23,178,123,23,74,129,34,117,24
593,24,10,41,242,173,109,184,255,13
593,25,34,144,58,180,11,136,91,4
593,26,184,173,132,92,21,248,95,55
593,27,145,141,92,193,90,124,221,137
593,28,191,115,1,25,91,112,135,134
593,29,69,109,196,161,217,210,34,10
593,30,77,239,224,58,0,38,54,127
593,31,115,163,192,127,95,116,98,32
593,32,67,108,226,204,241,103,250,3
593,33,79,85,66,93,38,51,157,225
593,34,27,74,254,132,171,6,136,164
593,35,239,27,20,168,53,162,222,33
593,36,222,20,192,144,138,169,224,137
593,37,5,39,129,139,49,4,144,38
593,38,64,109,131,248,140,254,32,206
593,39,186,190,168,7,73,235,148,151
594,0,193,167,38,54,94,130,44,176
594,1,122,201,117,238,105,58,249,38
594,2,204,140,176,67,14,200,54,19
594,3,91,34,35,220,128,61,74,183
594,4,159,187,179,237,145,114,177,41
594,5,145,224,239,99,160,51,130,245
594,6,12,218,121,0,187,122,250,210
594,7,142,118,175,106,210,231,225,162
594,8,175,113,104,148,53,245,59,150
594,9,116,38,99,105,30,56,43,7
594,10,23,27,93,113,13,115,255,29
594,11,23,74,178,233,253,140,35,36
594,12,10,93,87,144,201,111,255,73
594,13,34,11,105,208,104,144,198,45
594,14,173,184,132,34,248,105,99,162
594,15,90,74,137,139,212,38,206,141
594,16,191,115,151,24,1,37,125,135
594,17,161,69,109,210,196,34,68,243
594,18,77,224,54,58,107,105,47,98
594,19,115,192,208,95,107,127,32,102
594,20,148,113,53,237,233,12,59,118
594,21,116,99,38,143,184,11,60,162
594,22,96,27,28,93,108,245,33,44
594,23,23,96,26,34,25,178,172,226
594,24,10,21,173,201,41,87,127,195
594,25,34,136,11,208,144,221,83,45
594,26,173,132,21,26,200,107,248,130
594,27,145,74,122,228,92,212,62,187
594,28,191,115,1,25,238,158,66,182
594,29,69,109,196,161,217,210,34,59
594,30,77,224,58,75,155,47,161,88
594,31,115,127,192,95,58,212,98,77
594,32,67,108,226,190,63,218,241,103
594,33,79,85,66,123,51,50,35,38
594,34,254,186,27,123,136,146,239,6
594,35,53,239,139,64,162,107,131,222
594,36,137,170,213,154,29,75,116,146
594,37,129,218,139,148,172,242,69,33
594,38,109,239,175,252,55,204,197,207
594,39,25,81,115,103,164,235,206,192
595,0,169,173,40,143,236,7,58,232
595,1,129,147,172,189,224,112,142,124
595,2,217,6,174,124,181,219,248,206
595,3,245,193,73,137,19,93,69,99
595,4,187,140,199,28,205,134,122,121
595,5,152,108,237,0,111,130,173,17
595,6,0,12,205,121,210,68,198,219
595,7,142,175,52,88,225,24,106,227
595,8,148,53,122,59,85,111,24,245
595,9,99,193,233,121,214,195,97,43
595,10,27,96,217,162,149,250,168,33
595,11,23,139,35,214,183,90,109,223
595,12,10,48,144,211,195,111,13,109
595,13,34,11,144,45,201,208,180,85
595,14,173,132,248,34,21,162,45,115
595,15,90,141,206,74,145,156,202,139
595,16,191,115,1,24,238,135,37,215
595,17,69,109,161,210,196,58,217,215
595,18,77,58,54,224,98,47,75,162
595,19,127,192,115,95,208,179,24,32
595,20,122,148,53,113,59,143,100,41
595,21,99,121,143,233,60,214,170,162
595,22,27,96,93,245,162,250,13,48
595,23,23,139,183,81,40,34,61,109
595,24,175,13,10,41,244,255,23,6
595,25,34,180,144,11,91,208,252,5
595,26,21,173,132,248,149,30,42,26
595,27,141,145,90,139,0,92,133,221
595,28,191,142,115,1,112,158,238,204
595,29,69,161,210,217,196,58,86,34
595,30,77,58,8,224,54,96,47,152
595,31,127,115,192,212,95,174,58,133
595,32,67,233,108,204,137,73,63,103
595,33,87,79,204,106,66,151,13,137
595,34,66,154,138,218,108,76,110,130
595,35,14,65,69,53,137,164,64,171
595,36,4,213,164,137,170,154,229,171
595,37,171,218,226,139,172,243,219,180
595,38,239,68,175,140,25,165,77,159
595,39,230,25,202,226,235,206,88,47
596,0,148,195,222,12,224,0,217,162
596,1,135,55,199,248,118,108,79,115
596,2,173,132,246,32,239,101,174,115
596,3,184,194,147,180,107,217,244,96
596,4,147,229,202,40,125,226,29,21
596,5,36,0,108,130,237,140,128,5
596,6,12,145,219,205,0,252,23,45
596,7,18,149,142,175,225,104,22,106
596,8,148,53,59,108,245,233,111,202
596,9,99,31,141,195,221,105,233,214
596,10,38,172,217,96,245,214,42,221
596,11,184,166,118,117,249,244,77,28
596,12,109,10,13,131,142,91,252,202
596,13,34,144,180,241,201,54,255,24
596,14,85,173,59,34,132,188,136,4
596,15,141,90,193,38,212,74,139,69
596,16,191,1,245,135,115,107,200,236
596,17,161,69,210,86,226,184,74,217
596,18,77,8,54,58,174,239,94,96
596,19,127,24,235,95,149,186,15,208
596,20,148,127,53,202,50,143,122,161
596,21,121,99,141,228,214,170,233,58
596,22,38,245,13,172,224,217,162,28
596,23,237,166,28,249,139,118,129,40
596,24,10,13,109,244,41,142,211,187
596,25,34,144,71,205,91,180,177,82
596,26,173,21,132,85,17,219,248,30
596,27,141,139,145,193,221,90,0,122
596,28,191,142,1,115,112,104,135,134
596,29,161,210,69,217,196,58,184,175
596,30,58,77,8,239,54,96,147,67
596,31,127,115,149,174,95,114,58,148
596,32,233,67,204,202,108,63,242,190
596,33,87,204,147,66,106,51,61,19
596,34,66,154,226,13,218,166,108,120
596,35,14,65,53,171,17,194,164,142
596,36,4,213,164,154,230,240,151,140
596,37,171,205,199,109,213,156,139,59
596,38,175,190,239,68,134,193,177,241
596,39,57,140,112,32,87,103,47,206
597,0,230,133,67,111,71,63,130,194
597,1,12,104,160,196,210,247,199,65
597,2,48,248,195,44,18,7,226,240
597,3,42,93,192,88,71,237,69,139
597,4,155,28,56,22,16,134,46,97
597,5,128,173,0,154,237,130,206,152
597,6,12,0,145,218,175,199,121,219
597,7,142,175,88,11,178,13,190,153
597,8,148,122,53,38,59,240,247,49
597,9,109,99,22,214,145,233,229,105
597,10,96,10,245,217,149,22,28,48
597,11,139,241,117,79,166,215,105,77
597,12,109,149,10,211,202,48,240,6
597,13,34,179,139,144,195,255,253,224
597,14,173,132,34,21,94,162,211,4
597,15,141,221,243,90,228,48,0,38
597,16,191,78,1,115,158,134,135,208
597,17,161,210,69,217,58,134,46,128
597,18,58,8,77,54,23,98,214,75
597,19,127,174,24,115,91,153,208,95
597,20,122,38,148,53,105,24,143,120
597,21,109,99,170,233,229,141,195,228
597,22,203,245,215,184,224,22,49,13
597,23,139,129,241,79,105,23,112,40
597,24,149,10,87,211,229,244,69,88
597,25,34,144,139,179,201,195,255,83
597,26,21,94,132,173,215,119,185,95
597,27,141,221,0,139,137,29,11,56
597,28,191,142,1,115,89,66,34,134
597,29,210,161,114,217,175,69,58,13
597,30,8,58,77,214,241,36,42,215
597,31,127,174,58,115,90,98,176,185
597,32,233,149,139,67,218,73,66,190
597,33,87,204,106,108,24,199,157,19
597,34,154,66,91,108,76,122,17,42
597,35,209,65,14,38,194,155,17,19
597,36,213,252,172,29,140,225,170,66
597,37,218,171,165,160,102,207,243,139
597,38,68,252,149,222,190,165,72,98
597,39,25,235,222,206,192,97,245,191
598,0,248,71,57,90,137,149,67,160
598,1,230,82,157,212,136,161,25,54
598,2,248,246,177,237,7,147,211,48
598,3,132,193,217,93,96,139,181,250
598,4,140,114,28,22,155,97,111,134
598,5,24,128,108,0,154,179,36,75
598,6,205,218,0,145,219,119,12,175
598,7,175,18,88,225,142,253,190,153
598,8,53,148,59,166,111,131,250,70
598,9,99,148,7,34,192,143,90,150
598,10,38,225,30,254,112,92,73,197
598,11,166,110,215,24,105,210,193,61
598,12,68,10,127,24,126,167,213,77
598,13,34,71,114,139,255,64,208,164
598,14,34,173,132,150,162,26,31,247
598,15,90,139,141,74,82,145,187,108
598,16,191,74,175,239,125,1,41,166
598,17,161,210,69,244,58,175,196,186
598,18,58,77,224,54,174,64,98,119
598,19,115,127,208,95,98,150,25,24
598,20,53,85,148,17,30,143,161,105
598,21,99,233,201,148,143,78,141,214
598,22,245,14,103,107,38,32,2,241
598,23,105,57,159,44,166,249,68,223
598,24,149,10,183,231,244,224,21,112
598,25,34,80,144,216,184,192,170,249
598,26,59,228,173,119,251,114,26,162
598,27,157,29,223,203,179,140,237,89
598,28,89,66,134,210,204,29,213,158
598,29,161,26,95,198,249,40,169,68
598,30,8,229,42,36,37,180,58,93
598,31,10,188,154,89,237,98,58,32
598,32,233,66,160,244,163,133,82,139
598,33,204,96,177,108,236,60,84,24
598,34,66,108,166,110,32,137,159,173
598,35,106,65,209,215,155,33,140,225
598,36,31,218,229,178,140,252,127,40
598,37,218,148,98,187,226,141,189,109
598,38,190,165,117,82,17,25,77,183
598,39,87,90,247,222,56,231,48,227
599,0,0,37,241,12,232,8,68,148
599,1,91,187,1,55,161,111,252,25
599,2,170,246,191,237,223,195,91,72
599,3,249,137,147,161,60,237,246,253
599,4,117,147,46,111,198,31,134,47
599,5,0,128,156,42,36,12,179,33
599,6,173,175,30,41,218,12,158,0
599,7,18,88,137,39,149,225,130,129
599,8,53,148,59,38,47,49,70,163
599,9,99,90,233,134,97,143,101,154
599,10,245,109,184,217,149,38,148,77
599,11,105,166,216,117,241,77,79,144
599,12,149,240,10,109,198,176,73,201
599,13,34,144,195,204,240,192,215,248
599,14,132,173,94,34,85,21,163,95
599,15,221,193,0,90,178,141,235,212
599,16,191,1,115,197,104,209,158,25
599,17,161,210,217,69,209,58,192,198
599,18,58,239,8,77,54,70,38,241
599,19,127,115,95,125,149,188,24,219
599,20,53,148,47,38,84,50,248,24
599,21,99,77,170,233,32,214,141,195
599,22,38,245,148,184,217,103,102,154
599,23,166,105,77,117,237,139,241,79
599,24,149,240,10,109,188,198,244,69
599,25,34,144,248,195,240,141,83,194
599,26,21,85,17,132,173,184,94,47
599,27,221,141,178,139,0,45,140,237
599,28,191,115,1,89,66,142,177,112
599,29,161,210,74,175,249,114,69,215
599,30,8,58,239,77,214,129,229,215
599,31,55,37,118,127,15,58,47,186
599,32,233,139,58,235,92,67,202,175
599,33,176,87,204,106,79,199,60,177
599,34,185,66,80,15,122,108,192,166
599,35,101,106,209,155,176,65,38,152
599,36,252,21,112,16,228,144,137,225
599,37,156,244,214,243,110,226,137,109
599,38,141,149,204,50,115,177,165,191
599,39,136,141,247,192,83,58,218,132
600,0,167,94,240,98,26,8,14,159
600,1,91,187,55,252,198,70,255,173
600,2,170,37,91,195,225,175,143,147
600,3,22,93,137,201,63,132,147,154
600,4,134,28,155,147,46,29,121,166
600,5,0,128,173,12,4,50,185,3
600,6,0,175,218,173,12,30,240,20
600,7,142,88,39,175,104,190,18,245
600,8,53,148,59,233,50,192,118,143
600,9,99,221,58,97,195,90,134,79
600,10,217,245,96,162,38,175,199,214
600,11,105,166,241,117,77,139,78,28
600,12,149,109,13,10,184,211,198,234
600,13,34,204,194,180,144,255,195,208
600,14,191,17,173,132,21,34,254,45
600,15,6,221,141,124,90,69,244,225
600,16,191,115,1,177,60,175,234,134
600,17,161,210,144,69,58,74,215,86
600,18,54,77,58,195,99,239,8,129
600,19,24,239,127,141,186,235,208,90
600,20,50,172,53,143,150,148,105,116
600,21,58,99,121,170,221,32,55,214
600,22,13,224,217,44,104,203,60,49
600,23,237,40,28,183,193,77,5,166
600,24,184,23,158,175,213,13,10,127
600,25,34,194,180,91,144,255,205,201
600,26,21,17,173,132,184,191,30,63
600,27,141,6,139,221,53,25,122,92
600,28,191,115,1,162,134,112,175,169
600,29,161,69,249,210,144,127,217,82
600,30,77,58,239,99,54,8,47,98
600,31,114,127,186,176,115,90,163,58
600,32,108,67,233,235,26,203,139,92
600,33,79,87,225,39,13,157,187,90
600,34,164,185,128,66,45,103,61,108
600,35,9,38,209,215,155,64,65,246
600,36,196,143,140,220,25,170,16,137
600,37,5,240,226,137,171,160,98,125
600,38,0,72,156,131,99,176,24,191
600,39,235,6,139,141,107,171,167,148
601,0,9,35,243,119,101,118,227,48
601,1,199,210,184,247,227,31,12,168
601,2,59,225,114,147,4,227,246,30
601,3,88,77,183,147,212,99,136,208
601,4,17,19,108,251,190,229,153,127
601,5,12,13,190,128,237,51,173,111
601,6,0,121,218,175,12,240,20,219
601,7,142,118,33,104,88,75,13,111
601,8,53,148,59,22,152,233,113,85
601,9,99,77,170,38,97,233,195,145
601,10,96,217,149,38,245,113,168,214
601,11,139,178,26,241,77,117,214,166
601,12,109,10,149,198,229,48,111,201
601,13,34,144,180,208,83,37,162,201
601,14,173,184,132,248,21,17,34,162
601,15,90,139,221,74,145,141,238,25
601,16,191,115,1,37,135,201,241,238
601,17,69,161,210,109,86,196,226,58
601,18,58,77,54,224,239,233,160,36
601,19,127,192,186,32,208,235,24,115
601,20,113,148,127,243,143,53,12,223
601,21,170,99,121,214,38,58,196,143
601,22,245,217,23,43,78,162,13,255
601,23,28,178,237,23,183,61,123,230
601,24,175,41,91,13,10,244,109,189
601,25,34,180,144,205,91,11,252,55
601,26,173,21,184,132,55,248,17,42
601,27,141,126,145,74,139,193,92,133
601,28,191,115,1,25,135,204,112,245
601,29,210,161,109,69,196,86,34,216
601,30,77,58,224,239,54,161,93,36
601,31,192,127,115,163,98,95,114,118
601,32,108,226,67,204,124,148,209,3
601,33,79,85,199,112,66,159,210,29
601,34,74,27,91,52,45,222,171,185
601,35,239,27,33,195,117,64,20,208
601,36,222,32,192,196,229,25,123,169
601,37,5,54,139,137,227,13,86,241
601,38,197,193,105,236,25,55,150,64
601,39,228,81,91,235,196,168,164,115
602,0,190,253,235,141,158,221,115,208
602,1,113,179,203,7,217,145,180,73
602,2,127,239,98,109,123,220,173,132
602,3,35,128,91,190,115,34,82,83
602,4,127,153,17,183,91,177,211,229
602,5,13,135,29,237,152,212,166,222
602,6,0,121,210,218,12,198,175,219
602,7,142,118,175,5,111,88,106,123
602,8,104,113,175,53,148,59,106,24
602,9,170,116,38,99,191,195,105,83
602,10,27,96,36,65,29,13,208,255
602,11,23,178,233,35,73,214,127,4
602,12,93,10,109,201,220,87,85,103
602,13,34,11,105,144,45,188,174,4
602,14,184,173,132,47,34,248,228,200
602,15,90,74,141,139,147,145,38,212
602,16,115,191,1,238,24,117,249,241
602,17,109,210,69,196,161,217,58,121
602,18,77,224,58,233,54,47,160,56
602,19,192,127,115,32,116,95,246,208
602,20,113,148,53,12,59,41,237,62
602,21,116,99,38,170,74,15,162,233
602,22,36,27,69,245,48,255,11,96
602,23,23,178,81,73,34,28,92,88
602,24,10,175,91,93,88,87,253,184
602,25,34,11,144,91,180,45,136,143
602,26,173,55,149,207,248,132,21,130
602,27,141,74,145,193,90,139,126,254
602,28,191,115,1,25,238,134,204,66
602,29,210,109,196,161,69,121,159,95
602,30,77,58,224,161,169,36,2,47
602,31,192,115,127,116,118,95,235,125
602,32,108,226,67,204,230,241,124,105
602,33,79,85,66,93,199,29,210,159
602,34,74,27,132,108,171,222,61,47
602,35,27,239,33,72,195,60,139,64
602,36,222,20,192,196,230,5,169,190
602,37,39,218,5,139,49,227,184,83
602,38,64,109,193,252,126,67,207,117
602,39,186,190,61,235,168,47,182,19
603,0,167,193,38,94,54,112,130,44
603,1,201,122,117,105,179,140,217,70
603,2,239,127,167,173,64,43,102,46
603,3,91,35,128,34,90,220,120,122
603,4,159,218,80,205,179,127,17,177
603,5,160,68,5,239,152,37,42,159
603,6,118,0,199,198,219,193,252,176
603,7,142,118,210,67,225,162,153,106
603,8,113,53,148,175,59,104,245,158
603,9,99,116,7,105,91,192,33,123
603,10,96,121,76,189,183,104,115,27
603,11,196,224,253,28,4,249,73,23
603,12,88,53,10,62,184,41,213,91
603,13,34,11,55,119,201,5,208,85
603,14,173,132,34,21,239,248,162,130
603,15,141,90,139,74,38,145,126,212
603,16,191,115,1,62,24,177,89,29
603,17,161,210,69,109,196,249,186,121
603,18,77,58,54,224,233,176,98,36
603,19,127,192,24,208,95,186,132,112
603,20,148,113,53,122,223,144,237,247
603,21,99,225,233,91,195,170,40,11
603,22,96,245,224,254,13,43,78,149
603,23,23,81,61,88,177,40,5,183
603,24,196,10,88,113,184,244,98,41
603,25,34,83,136,91,180,144,208,119
603,26,173,21,248,130,132,34,107,200
603,27,141,139,104,145,126,1,193,92
603,28,191,115,1,25,142,249,66,204
603,29,69,161,210,109,196,217,112,121
603,30,58,77,224,199,211,75,36,127
603,31,127,186,192,95,58,118,115,106
603,32,108,67,226,127,190,63,124,163
603,33,79,85,199,29,35,123,44,12
603,34,186,27,66,138,105,146,171,254
603,35,60,64,149,131,195,238,65,162
603,36,75,137,170,116,196,230,233,224
603,37,218,165,139,252,188,115,54,137
603,38,252,239,150,137,109,207,204,117
603,39,230,222,235,25,206,168,22,229
604,0,148,0,195,173,8,162,224,12
604,1,55,129,118,103,125,115,108,146
604,2,91,143,32,61,6,239,124,11
604,3,184,109,22,19,90,66,217,93
604,4,147,134,179,218,40,229,145,114
604,5,0,108,112,36,13,5,130,239
604,6,205,12,176,199,193,118,219,198
604,7,142,18,149,225,104,33,137,251
604,8,53,148,59,108,233,192,12,225
604,9,99,90,101,221,31,79,162,74
604,10,38,135,245,162,221,172,226,217
604,11,118,117,28,184,244,166,215,200
604,12,13,10,131,91,187,88,234,111
604,13,34,144,148,119,180,215,162,201
604,14,173,132,205,248,85,113,34,162
604,15,141,90,74,193,139,126,119,145
604,16,191,34,1,115,125,245,17,209
604,17,210,161,59,69,196,184,194,58
604,18,54,77,224,58,129,8,32,176
604,19,127,15,235,24,115,95,174,208
604,20,50,172,53,148,143,202,233,84
604,21,99,58,121,32,214,45,229,170
604,22,38,162,245,93,13,96,104,217
604,23,237,166,61,28,118,74,40,22
604,24,13,184,187,91,23,10,88,41
604,25,34,180,194,144,251,135,252,171
604,26,17,21,173,133,85,30,132,207
604,27,141,126,74,6,133,92,93,221
604,28,191,34,1,115,107,236,200,245
604,29,59,210,69,161,184,249,196,10
604,30,99,77,8,54,58,129,239,224
604,31,114,127,15,90,174,115,149,58
604,32,233,202,108,144,63,93,209,190
604,33,147,66,106,204,87,225,118,137
604,34,66,226,154,13,120,108,163,6
604,35,162,65,173,52,155,105,0,168
604,36,213,137,169,144,170,75,230,225
604,37,156,165,171,109,137,24,120,125
604,38,73,207,25,184,131,193,117,143
604,39,164,211,57,193,235,222,180,210
605,0,119,9,227,125,118,186,213,85
605,1,102,160,207,65,57,36,176,99
605,2,220,248,48,37,25,174,181,245
605,3,5,102,250,143,65,203,210,90
605,4,187,179,247,248,3,16,211,199
605,5,13,108,154,87,166,189,130,75
605,6,205,0,193,118,104,121,199,219
605,7,142,118,175,225,241,18,210,251
605,8,148,240,53,59,122,158,150,12
605,9,193,109,99,162,195,105,91,117
605,10,38,96,33,50,112,69,22,42
605,11,188,224,166,31,23,117,200,28
605,12,10,184,195,240,100,187,204,201
605,13,144,34,179,119,215,148,201,9
605,14,173,133,132,94,34,4,107,200
605,15,193,141,90,126,74,139,145,158
605,16,191,34,1,115,209,135,104,125
605,17,210,196,217,69,58,161,134,205
605,18,77,8,224,58,54,233,36,145
605,19,127,174,115,153,32,139,95,235
605,20,148,53,202,143,54,158,39,248
605,21,99,109,237,228,229,162,141,71
605,22,38,76,93,96,43,245,33,78
605,23,129,139,224,58,61,24,196,28
605,24,10,184,211,232,91,181,87,187
605,25,34,144,149,135,119,161,201,153
605,26,133,207,55,188,178,154,215,98
605,27,141,136,126,137,243,56,231,59
605,28,191,66,218,34,158,39,246,89
605,29,210,59,40,237,131,53,34,69
605,30,8,193,216,40,47,189,161,140
605,31,242,58,98,127,148,93,254,185
605,32,233,115,111,218,190,16,66,45
605,33,204,53,106,199,137,38,187,123
605,34,192,66,108,6,203,137,243,223
605,35,65,162,193,64,40,201,203,195
605,36,137,170,159,230,143,86,81,85
605,37,218,24,137,243,165,53,148,160
605,38,117,25,252,115,161,131,137,207
605,39,222,132,206,164,115,235,153,210
606,0,148,195,0,178,162,12,224,8
606,1,55,199,240,248,31,186,115,173
606,2,211,61,220,248,124,32,240,177
606,3,184,240,66,4,207,74,96,82
606,4,179,227,226,125,218,202,229,40
606,5,36,130,0,128,168,75,230,9
606,6,219,218,0,45,244,193,23,223
606,7,149,18,142,115,85,155,88,253
606,8,53,148,59,202,166,128,106,245
606,9,99,31,7,74,177,233,230,105
606,10,38,172,92,245,42,149,112,221
606,11,166,117,184,118,35,244,154,77
606,12,10,109,184,131,240,229,111,232
606,13,34,144,192,148,247,9,161,129
606,14,85,94,34,0,1,188,132,248
606,15,90,193,141,28,74,212,38,139
606,16,191,1,209,201,200,161,135,197
606,17,161,210,184,217,226,69,196,194
606,18,8,77,239,54,58,140,96,36
606,19,98,127,194,235,208,32,139,246
606,20,202,127,223,30,148,53,253,12
606,21,121,99,136,11,37,196,123,74
606,22,224,38,254,13,245,48,92,127
606,23,166,28,224,24,92,249,129,82
606,24,184,10,109,175,229,232,117,57
606,25,34,144,255,198,88,136,82,236
606,26,85,173,55,228,184,215,188,199
606,27,141,74,126,243,193,214,223,190
606,28,191,1,91,115,66,135,208,79
606,29,210,161,10,34,196,95,217,40
606,30,239,58,77,0,8,224,36,173
606,31,163,127,115,98,197,251,58,136
606,32,108,67,233,202,218,3,45,203
606,33,79,147,115,199,38,225,53,137
606,34,66,226,74,130,27,108,120,146
606,35,239,149,215,162,9,209,33,246
606,36,93,137,190,113,199,61,63,75
606,37,5,171,156,96,80,74,148,141
606,38,131,190,193,61,50,160,8,184
606,39,228,235,115,180,132,101,164,148
607,0,190,253,235,158,208,115,141,107
607,1,113,184,180,7,145,247,12,25
607,2,248,162,7,98,48,114,50,30
607,3,231,91,83,96,77,181,234,32
607,4,187,135,91,179,198,159,39,85
607,5,4,99,112,51,13,128,145,173
607,6,0,218,121,12,202,210,30,240
607,7,142,118,11,175,88,241,13,104
607,8,148,53,113,59,104,150,12,158
607,9,38,116,99,77,228,233,213,162
607,10,38,23,113,149,172,245,27,42
607,11,178,23,117,35,224,166,105,139
607,12,10,184,109,248,149,202,159,229
607,13,34,144,162,208,65,176,55,148
607,14,17,173,184,132,248,21,113,63
607,15,90,139,141,74,193,221,145,202
607,16,191,115,1,91,202,60,200,34
607,17,210,161,69,196,109,58,217,144
607,18,77,54,239,58,224,0,8,132
607,19,163,127,115,24,174,208,158,148
607,20,50,53,113,148,127,143,12,59
607,21,99,77,31,141,58,36,32,116
607,22,23,38,13,108,42,245,73,35
607,23,178,166,237,61,28,26,77,117
607,24,184,91,10,255,244,232,23,109
607,25,34,144,180,119,136,152,162,118
607,26,173,184,21,132,130,112,17,63
607,27,141,74,228,145,126,90,133,193
607,28,191,115,1,91,236,25,134,174
607,29,210,109,196,69,217,58,10,243
607,30,58,77,224,239,0,51,211,113
607,31,163,127,192,115,116,254,95,58
607,32,108,67,226,204,190,63,203,115
607,33,79,85,66,93,199,115,225,137
607,34,27,74,254,132,52,61,171,120
607,35,239,27,53,247,33,248,11,236
607,36,222,20,192,116,7,137,170,113
607,37,39,5,129,128,172,88,148,227
607,38,64,109,207,83,202,117,70,82
607,39,186,73,190,168,128,227,133,136
608,0,193,167,38,94,54,130,112,245
608,1,122,201,117,105,181,238,140,249
608,2,6,128,104,220,19,181,166,78
608,3,91,35,34,128,234,220,47,103
608,4,179,159,41,237,177,80,145,187
608,5,159,145,239,5,196,245,130,221
608,6,0,198,218,121,193,124,219,197
608,7,142,118,241,210,67,162,175,153
608,8,113,104,175,148,12,158,53,69
608,9,116,38,105,7,145,99,192,162
608,10,96,23,27,33,13,93,240,42
608,11,23,224,178,35,233,36,38,254
608,12,10,184,93,87,201,103,204,114
608,13,34,144,11,104,119,201,105,224
608,14,173,184,248,132,21,239,133,95
608,15,141,139,90,145,74,65,158,38
608,16,191,115,1,151,91,34,249,206
608,17,210,109,71,196,161,69,160,217
608,18,77,58,224,239,0,128,54,113
608,19,163,127,207,192,115,158,153,208
608,20,113,12,148,39,59,174,54,175
608,21,116,38,99,74,213,190,170,162
608,22,76,11,127,93,43,121,118,69
608,23,112,92,129,28,224,23,88,34
608,24,184,62,88,6,87,10,91,232
608,25,34,104,11,251,136,88,91,144
608,26,173,107,248,130,200,95,207,188
608,27,141,126,254,145,90,38,156,92
608,28,191,115,1,134,204,66,25,50
608,29,210,109,69,196,161,217,95,121
608,30,77,58,224,51,195,199,36,152
608,31,127,192,95,58,115,133,186,118
608,32,67,108,226,204,190,63,137,124
608,33,79,85,66,87,199,51,38,106
608,34,186,27,254,66,154,146,218,130
608,35,239,53,14,69,131,19,202,161
608,36,213,154,95,170,20,137,29,116
608,37,129,199,39,195,87,109,37,183
608,38,109,239,175,166,153,82,233,83
608,39,25,235,225,222,202,100,166,152
609,0,173,40,18,22,169,185,127,7
609,1,112,129,147,224,189,172,127,250
609,2,217,22,181,174,245,72,81,220
609,3,90,92,4,246,53,137,19,73
609,4,199,187,9,140,122,0,219,145
609,5,68,29,189,237,130,13,159,166
609,6,0,118,121,198,122,7,193,145
609,7,142,88,165,145,13,109,22,175
609,8,122,148,53,106,59,150,24,175
609,9,99,170,233,43,74,60,195,193
609,10,96,27,208,245,121,82,104,71
609,11,23,35,241,253,139,215,224,73
609,12,144,6,0,48,88,184,10,195
609,13,34,11,144,201,121,9,117,4
609,14,173,34,132,21,248,162,228,107
609,15,141,139,90,120,0,38,145,124
609,16,191,115,1,29,62,135,236,248
609,17,161,210,69,109,34,74,134,68
609,18,58,77,54,233,224,8,125,98
609,19,186,127,24,192,208,235,125,236
609,20,122,148,50,53,113,72,233,247
609,21,99,121,170,214,213,45,91,36
609,22,96,162,245,27,43,13,249,224
609,23,23,81,183,61,126,139,152,90
609,24,184,127,175,13,113,88,196,92
609,25,34,180,189,136,135,144,91,11
609,26,21,173,130,34,248,254,17,30
609,27,141,139,92,126,104,124,221,1
609,28,191,115,142,1,158,204,236,60
609,29,69,161,210,127,196,249,217,34
609,30,58,77,54,8,224,152,51,96
609,31,127,114,95,133,174,186,58,192
609,32,233,67,108,204,73,63,137,96
609,33,87,79,204,106,66,151,199,243
609,34,66,154,218,138,179,130,176,108
609,35,69,14,53,164,95,202,34,246
609,36,213,4,135,164,154,166,126,170
609,37,171,218,129,199,115,109,47,213
609,38,239,68,175,60,190,58,77,8
609,39,25,230,195,184,187,150,221,235
610,0,195,222,211,139,248,71,70,223
610,1,135,55,118,91,187,125,248,170
610,2,101,32,240,58,224,81,91,251
610,3,107,184,93,18,66,11,80,42
610,4,147,32,166,29,134,125,28,223
610,5,36,108,0,75,179,216,196,24
610,6,205,132,113,145,253,219,252,158
610,7,18,149,225,175,190,168,33,106
610,8,53,148,59,214,202,128,192,36
610,9,99,233,79,195,218,90,101,192
610,10,38,172,245,135,96,92,168,73
610,11,166,184,117,218,105,154,118,215
610,12,10,109,240,201,111,244,13,168
610,13,34,144,148,119,27,208,184,9
610,14,132,85,94,163,63,247,34,173
610,15,74,193,28,90,139,141,235,158
610,16,191,1,124,197,161,209,37,200
610,17,161,210,69,184,192,68,217,196
610,18,8,77,58,54,233,47,132,241
610,19,127,149,144,95,115,246,186,90
610,20,202,53,119,148,24,246,100,238
610,21,121,99,214,195,143,101,11,141
610,22,38,226,245,76,28,254,221,213
610,23,166,154,139,117,87,237,40,184
610,24,10,109,87,240,244,201,153,41
610,25,34,144,136,148,119,205,241,189
610,26,85,132,163,94,81,200,162,130
610,27,141,126,139,92,48,122,56,74
610,28,191,1,158,124,142,134,177,161
610,29,161,69,210,217,34,246,73,232
610,30,8,77,58,96,36,67,31,152
610,31,127,133,99,149,58,174,191,180
610,32,233,67,109,123,204,137,133,190
610,33,204,51,87,61,106,225,66,50
610,34,66,154,13,218,108,76,179,243
610,35,14,53,162,69,9,194,114,245
610,36,4,154,170,113,106,143,137,240
610,37,171,165,13,132,80,127,213,73
610,38,190,239,175,77,180,111,143,8
610,39,87,32,140,235,57,90,100,105
611,0,211,70,77,37,0,26,171,104
611,1,210,55,237,220,118,65,23,115
611,2,195,225,199,31,196,181,161,226
611,3,161,22,33,180,185,93,96,105
611,4,134,147,29,226,46,166,40,28
611,5,154,0,237,91,173,128,75,80
611,6,12,30,7,120,219,72,69,113
611,7,18,175,142,129,149,183,106,75
611,8,53,148,59,108,192,214,171,121
611,9,99,141,150,97,90,101,218,134
611,10,38,96,245,172,149,135,45,105
611,11,166,117,121,218,184,105,194,139
611,12,10,240,14,109,201,188,2,127
611,13,34,144,201,189,208,9,106,83
611,14,85,94,34,21,132,163,68,247
611,15,141,193,28,1,74,139,158,124
611,16,191,1,209,115,155,158,134,83
611,17,161,69,210,42,121,198,34,146
611,18,8,54,58,77,233,42,129,152
611,19,186,127,24,133,149,95,174,58
611,20,148,240,53,72,245,247,166,30
611,21,99,225,121,91,1,143,195,11
611,22,38,78,254,13,217,245,28,172
611,23,166,117,40,139,34,26,237,184
611,24,109,10,240,87,255,14,246,244
611,25,34,83,136,144,189,67,208,109
611,26,85,94,163,21,34,110,248,221
611,27,141,139,126,243,92,104,187,214
611,28,191,1,142,16,115,177,204,209
611,29,161,69,210,217,34,184,246,249
611,30,58,8,96,77,152,147,42,129
611,31,127,186,149,174,133,58,152,89
611,32,233,67,5,109,123,190,133,69
611,33,61,87,204,106,225,199,112,46
611,34,66,154,13,179,163,76,157,130
611,35,14,69,19,77,173,215,44,209
611,36,4,213,164,113,190,7,170,144
611,37,171,149,205,47,2,221,66,132
611,38,132,175,73,239,99,83,177,25
611,39,57,221,108,140,112,31,32,165
612,0,243,133,230,114,186,182,73,103
612,1,210,104,12,65,247,196,232,53
612,2,69,56,206,37,225,197,195,248
612,3,105,71,88,73,83,2,136,109
612,4,46,56,134,28,22,155,126,111
612,5,173,128,0,154,9,237,214,122
612,6,0,218,12,120,30,240,121,219
612,7,11,175,88,178,225,237,142,104
612,8,53,148,122,242,240,59,38,214
612,9,99,109,245,225,15,214,233,195
612,10,96,245,149,28,38,184,77,10
612,11,139,241,77,166,151,117,4,249
612,12,198,110,10,109,240,203,48,202
612,13,34,144,179,83,208,180,185,91
612,14,21,173,132,72,94,130,34,248
612,15,139,141,104,97,90,0,79,202
612,16,191,115,1,78,201,125,169,134
612,17,210,161,69,225,121,151,46,244
612,18,8,58,77,237,96,54,67,153
612,19,186,127,28,235,133,207,67,208
612,20,148,122,38,72,53,247,240,245
612,21,109,99,170,15,225,214,52,91
612,22,96,245,76,71,184,44,28,254
612,23,241,139,77,183,151,126,90,249
612,24,48,87,110,175,131,113,112,177
612,25,34,189,144,136,27,161,242,91
612,26,173,130,34,154,219,107,162,94
612,27,141,139,243,163,228,126,202,42
612,28,191,177,1,142,175,115,78,158
612,29,210,69,161,74,194,217,225,249
612,30,8,58,96,161,120,36,74,42
612,31,186,127,58,133,242,176,160,136
612,32,233,149,137,52,5,16,190,244
612,33,204,106,199,108,51,53,178,27
612,34,66,154,138,91,99,76,108,41
612,35,69,131,215,64,40,141,195,209
612,36,213,223,105,190,106,169,81,54
612,37,149,218,171,47,49,109,160,189
612,38,239,68,190,252,25,166,176,77
612,39,230,25,202,206,168,81,210,245
613,0,148,0,195,224,162,12,178,55
613,1,55,199,31,248,82,204,180,220
613,2,45,237,246,203,177,131,78,13
613,3,184,107,132,96,74,181,165,209
613,4,226,218,40,35,158,11,113,223
613,5,36,128,0,196,75,214,232,139
613,6,240,219,12,45,106,216,0,155
613,7,18,149,253,11,104,88,134,225
613,8,53,148,59,108,202,214,233,248
613,9,99,31,214,192,237,195,141,177
613,10,38,172,245,197,92,73,154,226
613,11,166,184,117,118,154,244,77,43
613,12,109,10,198,240,131,111,248,136
613,13,34,192,144,148,30,240,195,51
613,14,85,132,190,94,34,173,1,188
613,15,141,193,90,28,235,139,10,101
613,16,1,191,124,175,161,177,115,201
613,17,210,161,184,192,217,10,74,69
613,18,8,77,54,193,58,241,56,104
613,19,186,127,90,158,235,148,89,32
613,20,202,53,158,148,114,24,160,70
613,21,121,99,136,248,146,157,11,148
613,22,38,76,254,121,118,42,226,10
613,23,166,139,19,118,233,25,237,110
613,24,109,10,117,177,175,24,248,144
613,25,34,144,136,67,192,91,242,82
613,26,85,55,94,132,34,107,102,199
613,27,141,184,127,243,139,42,19,32
613,28,191,1,175,177,124,125,134,158
613,29,161,210,69,74,247,226,237,95
613,30,8,77,58,36,96,222,161,140
613,31,127,90,58,56,254,191,113,118
613,32,233,218,202,66,160,32,244,63
613,33,204,51,147,106,4,225,199,84
613,34,66,226,108,223,130,38,160,151
613,35,194,215,209,195,155,162,245,38
613,36,106,113,190,7,59,143,29,80
613,37,171,156,165,232,13,152,218,243
613,38,190,239,180,77,111,176,17,193
613,39,87,153,202,235,105,164,41,123
614,0,70,211,94,77,0,104,32,26
614,1,210,55,220,237,115,199,125,170
614,2,195,248,199,18,222,226,61,7
614,3,22,96,57,185,181,33,209,105
614,4,244,134,97,29,166,147,226,46
614,5,128,154,0,91,173,75,237,42
614,6,12,30,240,219,218,0,120,234
614,7,253,88,142,175,129,18,183,190
614,8,53,216,148,59,214,240,247,171
614,9,99,141,90,60,158,150,58,62
614,10,149,38,245,172,74,45,105,28
614,11,166,117,77,144,43,139,241,121
614,12,198,240,10,248,109,14,48,110
614,13,34,192,144,208,83,115,148,201
614,14,132,85,94,21,72,34,163,248
614,15,141,139,90,104,145,212,28,1
614,16,191,1,209,115,155,218,25,201
614,17,161,210,249,74,198,69,217,221
614,18,8,77,239,58,54,233,104,219
614,19,186,127,235,24,154,95,90,246
614,20,148,53,237,72,216,127,245,247
614,21,99,225,121,141,63,117,190,124
614,22,245,78,38,254,11,13,28,33
614,23,166,34,123,163,117,148,40,226
614,24,198,10,109,174,248,177,88,255
614,25,34,136,67,192,35,251,71,144
614,26,215,173,188,221,112,199,85,36
614,27,141,139,128,19,158,199,104,32
614,28,191,115,175,1,134,177,50,204
614,29,74,210,249,161,225,69,95,186
614,30,58,239,224,8,42,113,26,77
614,31,186,127,163,62,58,227,232,170
614,32,108,233,40,66,190,43,163,203
614,33,79,27,137,60,252,112,53,199
614,34,108,122,223,66,20,163,192,100
614,35,215,77,38,209,140,230,246,117
614,36,76,106,113,25,144,93,169,196
614,37,5,171,120,160,137,125,4,243
614,38,73,0,176,35,66,187,153,183
614,39,84,139,193,152,98,4,168,104
615,0,243,9,118,119,227,35,101,242
615,1,199,210,184,12,247,160,227,180
615,2,59,114,248,206,69,30,162,44
615,3,88,77,183,208,105,205,136,212
615,4,19,17,108,230,179,151,64,190
615,5,51,128,214,190,173,212,231,206
615,6,0,121,218,240,147,192,12,30
615,7,142,253,11,13,118,225,88,193
615,8,53,148,113,59,242,214,247,24
615,9,99,77,170,195,15,79,233,38
615,10,96,245,149,113,142,28,167,38
615,11,241,178,139,77,249,203,35,48
615,12,198,110,109,10,229,248,48,202
615,13,34,144,211,1,208,83,162,148
615,14,173,132,21,130,72,184,34,248
615,15,141,90,104,79,0,97,139,74
615,16,191,115,1,201,37,125,177,62
615,17,210,161,225,69,249,121,134,34
615,18,58,77,54,233,132,145,96,47
615,19,186,24,235,208,153,127,132,192
615,20,113,148,127,50,139,175,131,44
615,21,170,99,36,74,52,91,46,135
615,22,76,170,96,245,29,13,112,30
615,23,178,5,87,123,183,149,203,172
615,24,175,243,177,87,127,4,10,62
615,25,34,201,211,152,136,253,67,180
615,26,130,173,107,219,34,249,133,132
615,27,141,243,254,126,74,92,184,202
615,28,191,115,1,177,134,158,50,236
615,29,210,161,109,69,247,95,159,34
615,30,58,77,224,239,30,189,54,42
615,31,186,127,192,115,191,176,90,254
615,32,108,67,226,204,124,203,40,133
615,33,79,199,112,245,137,85,115,38
615,34,27,74,108,189,222,53,171,91
615,35,27,239,117,20,195,60,222,33
615,36,222,196,144,105,113,169,102,237
615,37,5,139,53,172,247,137,227,160
615,38,193,236,252,117,43,153,126,66
615,39,228,168,192,95,235,66,164,50
616,0,190,253,235,141,158,221,64,115
616,1,113,179,203,7,217,145,180,73
616,2,127,239,104,98,220,229,173,62
616,3,115,82,78,83,35,241,91,140
616,4,127,17,183,177,91,246,85,153
616,5,135,166,176,212,37,101,134,51
616,6,0,121,218,210,198,83,117,172
616,7,118,231,175,70,67,123,225,238
616,8,113,104,175,53,106,24,59,69
616,9,170,116,38,191,118,99,83,56
616,10,96,27,208,13,36,33,29,191
616,11,23,35,127,241,178,203,233,73
616,12,93,62,87,195,85,53,10,151
616,13,34,11,105,144,211,121,152,153
616,14,173,184,200,133,229,41,119,239
616,15,141,172,90,139,145,38,0,156
616,16,191,115,1,204,134,174,44,36
616,17,210,109,134,225,34,161,69,121
616,18,77,58,224,54,233,60,132,160
616,19,192,127,153,208,186,89,115,246
616,20,113,148,12,158,24,53,70,131
616,21,116,170,99,38,74,91,135,11
616,22,69,13,36,30,76,11,210,93
616,23,81,129,23,172,163,240,127,96
616,24,87,175,144,243,62,177,253,195
616,25,34,2,117,201,11,128,234,4
616,26,173,130,249,107,95,149,81,119
616,27,141,243,254,126,229,27,128,74
616,28,191,115,1,204,134,238,158,41
616,29,210,109,161,127,243,196,82,226
616,30,77,58,224,30,189,105,104,161
616,31,127,192,115,191,185,148,186,197
616,32,108,226,67,218,204,124,63,66
616,33,79,85,210,199,207,193,137,29
616,34,74,27,132,108,53,189,130,157
616,35,239,27,33,195,176,156,131,20
616,36,222,20,196,169,148,192,80,190
616,37,218,39,88,36,247,128,105,49
616,38,64,193,109,55,165,196,178,70
616,39,186,47,188,249,168,227,109,210
617,0,193,167,38,54,94,130,44,112
617,1,122,201,117,105,140,179,217,46
617,2,127,239,173,64,134,102,46,166
617,3,91,128,35,90,74,120,122,34
617,4,159,218,80,17,205,177,127,18
617,5,35,68,196,37,160,87,101,255
617,6,0,198,176,252,117,88,121,118
617,7,67,210,40,153,162,224,225,139
617,8,113,53,158,69,96,12,148,214
617,9,99,7,116,105,146,192,91,162
617,10,96,166,189,121,76,145,240,183
617,11,41,73,196,214,253,87,127,51
617,12,53,62,88,10,105,0,83,111
617,13,34,67,208,201,189,91,9,106
617,14,173,132,34,130,21,239,247,248
617,15,74,90,141,139,184,145,212,0
617,16,191,115,1,177,62,125,227,50
617,17,210,161,69,244,134,215,109,121
617,18,77,58,224,54,233,64,173,26
617,19,115,208,127,95,24,192,240,153
617,20,148,53,131,11,142,158,223,154
617,21,99,135,233,74,177,78,229,37
617,22,96,245,151,29,30,183,181,7
617,23,148,176,24,46,28,41,58,224
617,24,10,113,218,91,177,182,184,112
617,25,34,161,135,117,141,119,88,2
617,26,154,107,81,98,250,216,228,132
617,27,83,228,82,89,243,69,184,141
617,28,248,134,158,89,18,39,191,6
617,29,45,161,30,40,59,210,232,112
617,30,172,60,216,75,36,193,40,252
617,31,98,32,238,191,58,90,158,160
617,32,127,244,16,160,66,30,108,82
617,33,32,79,123,170,199,112,19,88
617,34,186,108,105,189,100,231,53,27
617,35,195,65,162,203,64,246,60,141
617,36,75,137,170,95,233,186,196,229
617,37,165,218,69,252,148,188,36,114
617,38,239,131,137,204,117,25,164,55
617,39,206,168,235,222,81,229,132,22
618,0,148,67,0,224,162,173,178,12
618,1,55,199,129,118,103,108,204,125
618,2,91,239,6,181,246,77,32,124
618,3,184,207,156,96,217,74,227,82
618,4,218,147,41,158,125,113,3,29
618,5,36,5,130,75,196,35,0,168
618,6,205,124,198,219,223,81,45,193
618,7,149,18,142,225,106,102,139,137
618,8,53,148,245,202,59,12,24,248
618,9,99,31,141,195,158,149,7,162
618,10,38,245,172,42,96,92,197,183
618,11,184,166,117,118,154,244,254,200
618,12,10,13,184,131,187,144,201,180
618,13,34,144,115,148,241,109,41,152
618,14,85,173,132,1,248,4,35,68
618,15,141,193,90,74,145,139,212,38
618,16,191,1,34,115,177,146,125,161
618,17,210,161,217,196,59,184,58,34
618,18,8,77,58,224,54,160,145,173
618,19,127,115,235,186,24,181,148,149
618,20,148,53,202,30,50,246,245,114
618,21,121,99,196,141,74,37,46,233
618,22,38,245,104,93,13,48,183,121
618,23,166,237,28,154,58,233,118,129
618,24,184,10,201,187,88,41,177,218
618,25,34,144,135,205,82,9,241,88
618,26,85,173,132,248,34,30,228,42
618,27,126,141,42,74,243,56,122,92
618,28,191,34,1,177,125,29,6,134
618,29,210,59,161,217,184,226,95,196
618,30,8,77,58,224,113,36,140,241
618,31,127,115,15,90,58,197,178,174
618,32,108,233,202,204,45,63,190,176
618,33,147,204,66,106,87,199,225,13
618,34,66,226,154,163,108,171,120,146
618,35,105,194,195,168,162,246,131,60
618,36,75,137,81,169,196,16,11,213
618,37,165,139,24,156,125,69,36,148
618,38,190,131,239,207,184,177,204,228
618,39,211,57,81,33,216,41,101,227
619,0,119,9,125,227,186,118,213,85
619,1,102,160,199,207,235,12,36,99
619,2,248,7,48,37,25,226,206,30
619,3,5,102,74,203,239,96,250,141
619,4,187,247,16,248,3,82,126,166
619,5,13,130,75,154,29,207,230,112
619,6,0,205,121,219,218,198,87,81
619,7,142,13,175,111,139,24,88,145
619,8,148,240,122,144,53,12,245,158
619,9,109,99,193,195,162,127,105,45
619,10,96,4,33,38,245,238,28,241
619,11,139,214,41,35,16,23,200,180
619,12,10,184,204,201,21,187,177,98
619,13,34,144,254,179,54,153,4,27
619,14,173,132,94,34,228,15,188,250
619,15,141,90,193,145,38,74,212,139
619,16,191,34,115,1,135,92,168,125
619,17,210,181,134,161,217,205,58,121
619,18,8,77,58,30,3,189,173,216
619,19,186,127,139,170,181,115,235,148
619,20,148,131,24,114,231,158,53,34
619,21,109,99,46,196,74,146,233,121
619,22,121,96,49,7,90,145,104,48
619,23,129,87,46,139,58,149,112,224
619,24,184,41,10,87,169,229,201,218
619,25,34,234,161,135,2,128,70,82
619,26,216,102,34,98,154,107,36,228
619,27,42,141,243,126,56,136,89,228
619,28,191,34,1,218,50,177,125,220
619,29,210,59,226,95,161,3,205,217
619,30,8,58,241,60,36,104,47,77
619,31,127,90,58,156,209,254,175,197
619,32,233,52,218,190,66,149,45,32
619,33,204,106,199,108,19,187,27,87
619,34,66,192,154,108,146,137,239,243
619,35,65,60,131,195,40,201,255,38
619,36,137,170,116,106,81,11,75,223
619,37,218,139,243,171,148,53,160,24
619,38,190,239,161,63,131,157,73,117
619,39,216,132,222,245,206,90,153,229
620,0,148,0,195,162,224,178,12,207
620,1,173,240,199,55,204,31,186,220
620,2,211,222,248,7,177,226,32,206
620,3,184,239,66,82,173,143,203,79
620,4,244,32,227,166,169,125,113,117
620,5,36,130,196,168,230,17,35,75
620,6,0,218,219,198,124,202,222,101
620,7,149,18,142,106,113,53,162,34
620,8,148,216,202,53,59,245,12,146
620,9,99,31,195,158,192,91,7,162
620,10,38,149,245,172,42,254,112,168
620,11,166,43,184,117,139,55,131,244
620,12,184,10,109,248,240,177,204,95
620,13,34,115,144,71,201,136,254,51
620,14,85,94,215,71,111,166,34,102
620,15,193,83,220,141,254,59,212,89
620,16,124,1,129,50,177,191,29,18
620,17,161,99,192,74,12,210,73,221
620,18,8,77,239,17,180,92,104,37
620,19,127,144,10,90,115,56,180,160
620,20,78,195,148,216,53,2,34,30
620,21,99,248,214,148,193,229,86,0
620,22,148,38,149,147,172,127,211,158
620,23,166,56,117,129,32,94,215,24
620,24,10,88,107,117,254,109,184,90
620,25,34,161,248,123,45,144,253,216
620,26,215,142,132,204,119,94,163,128
620,27,29,235,56,228,82,34,243,139
620,28,89,158,66,210,177,236,240,191
620,29,161,167,192,91,210,45,59,69
620,30,8,104,47,172,36,241,125,167
620,31,10,90,58,191,160,144,89,1
620,32,233,66,218,133,227,190,163,32
620,33,204,106,147,177,137,60,51,218
620,34,66,108,226,192,242,146,160,157
620,35,155,19,194,65,38,162,195,64
620,36,75,95,137,233,99,143,11,229
620,37,171,13,156,139,232,243,119,108
620,38,190,239,180,111,17,82,131,73
620,39,87,24,105,140,206,90,133,56
621,0,29,230,26,104,48,201,67,19
621,1,55,21,163,210,65,121,125,243
621,2,195,248,226,212,7,199,135,98
621,3,22,33,168,74,244,93,209,184
621,4,134,46,97,147,28,239,183,196
621,5,154,128,0,232,74,42,9,243
621,6,0,218,30,40,62,250,12,219
621,7,142,129,33,252,18,6,225,15
621,8,53,148,59,111,121,144,158,160
621,9,99,192,233,237,134,101,7,105
621,10,245,149,38,197,175,96,30,168
621,11,166,139,144,72,187,117,2,26
621,12,10,184,131,240,248,48,109,233
621,13,34,144,148,255,208,201,65,30
621,14,132,173,247,94,34,162,130,1
621,15,90,97,139,38,74,254,212,193
621,16,191,1,201,115,92,177,91,50
621,17,210,225,161,69,209,217,205,121
621,18,8,77,239,58,54,96,95,60
621,19,24,235,127,115,90,79,186,95
621,20,148,223,53,248,38,12,70,142
621,21,99,121,77,177,230,233,149,196
621,22,245,38,255,30,10,227,184,28
621,23,166,139,117,224,72,28,77,88
621,24,10,131,149,184,240,88,114,233
621,25,34,144,64,119,201,161,238,82
621,26,184,85,107,114,94,173,185,98
621,27,141,254,243,22,154,186,192,91
621,28,91,115,191,1,50,89,66,134
621,29,210,225,95,226,32,3,205,36
621,30,58,239,8,0,104,60,216,30
621,31,163,127,58,8,185,227,170,131
621,32,108,82,3,233,218,45,157,203
621,33,79,198,43,137,161,115,199,60
621,34,66,108,74,160,17,243,122,137
621,35,239,115,209,52,65,81,134,33
621,36,55,93,25,140,229,32,16,94
621,37,5,171,24,125,226,152,141,243
621,38,99,140,131,252,180,112,111,35
621,39,168,115,235,132,228,253,171,224
622,0,190,253,235,141,158,208,237,221
622,1,184,113,7,180,145,247,21,25
622,2,48,204,168,51,176,114,37,162
622,3,231,83,91,77,250,210,12,46
622,4,187,135,91,198,95,85,72,191
622,5,99,145,112,189,51,231,75,173
622,6,0,121,218,202,210,174,12,30
622,7,142,33,145,225,118,90,88,111
622,8,113,148,53,59,158,144,111,24
622,9,77,38,99,116,170,228,244,195
622,10,23,113,245,27,28,7,83,149
622,11,178,214,26,161,90,2,216,23
622,12,10,21,87,184,205,198,201,93
622,13,34,144,11,65,201,208,4,189
622,14,184,173,248,132,1,34,20,42
622,15,90,141,139,145,38,202,0,212
622,16,191,115,91,1,125,24,201,168
622,17,210,134,109,58,244,34,39,194
622,18,58,77,0,239,60,104,125,160
622,19,163,148,13,186,6,175,170,16
622,20,139,113,26,11,30,127,245,94
622,21,116,38,190,74,196,91,213,37
622,22,23,210,69,255,36,181,212,121
622,23,233,178,205,163,123,90,129,127
622,24,184,87,57,49,152,255,201,27
622,25,34,161,153,226,152,143,207,88
622,26,184,173,133,197,107,249,9,95
622,27,141,243,254,126,29,228,38,190
622,28,115,191,91,204,50,110,1,174
622,29,210,109,95,34,161,180,249,160
622,30,58,0,239,224,77,161,60,104
622,31,163,148,176,254,197,186,32,195
622,32,108,226,63,135,67,45,3,190
622,33,79,43,115,210,85,77,137,4
622,34,74,27,137,108,132,189,146,20
622,35,239,27,184,146,33,168,141,127
622,36,222,20,192,94,76,25,86,123
622,37,5,39,88,128,152,233,202,36
622,38,64,134,109,202,16,193,250,32
622,39,186,73,168,128,208,93,50,227
623,0,167,193,38,94,54,130,245,44
623,1,122,201,58,188,117,105,181,20
623,2,74,140,104,186,128,204,53,81
623,3,34,91,35,103,128,99,13,234
623,4,159,219,179,41,130,177,213,117
623,5,78,15,159,152,214,47,134,211
623,6,0,60,121,198,83,206,207,155
623,7,88,142,118,237,90,45,241,162
623,8,113,104,175,245,238,105,158,160
623,9,170,38,116,126,25,191,56,30
623,10,210,27,113,23,36,33,29,10
623,11,233,23,35,127,178,26,161,90
623,12,87,44,98,195,34,93,10,201
623,13,34,11,153,144,254,201,104,68
623,14,173,184,133,147,34,95,200,35
623,15,141,139,243,38,228,59,202,158
623,16,115,191,151,91,26,204,174,134
623,17,109,134,210,243,34,112,226,131
623,18,58,0,77,128,60,239,40,47
623,19,186,163,242,90,158,12,255,246
623,20,113,245,223,26,139,8,81,205
623,21,170,213,116,52,38,190,132,152
623,22,36,69,21,43,23,210,166,13
623,23,129,233,172,34,125,36,127,168
623,24,41,175,201,48,195,98,127,184
623,25,34,104,136,11,152,161,254,153
623,26,173,133,219,107,95,207,130,197
623,27,141,243,38,92,126,97,158,136
623,28,191,115,151,134,248,110,204,1
623,29,210,69,109,249,95,34,161,108
623,30,58,77,51,199,94,74,224,60
623,31,163,186,127,192,176,1,125,195
623,32,108,226,67,63,190,203,135,137
623,33,79,43,85,32,199,19,77,243
623,34,186,27,74,146,137,46,53,153
623,35,239,208,81,140,168,188,52,60
623,36,20,105,86,95,76,75,63,122
623,37,13,39,54,172,125,17,183,120
623,38,109,99,140,115,241,91,165,137
623,39,162,206,25,27,192,100,164,167
624,0,102,7,169,212,173,22,110,218
624,1,147,112,129,224,189,172,250,124
624,2,167,72,74,248,22,176,179,245
624,3,164,99,245,73,138,93,48,193
624,4,140,205,199,72,67,28,187,219
624,5,78,152,154,173,111,134,130,67
624,6,0,60,145,121,198,218,122,155
624,7,142,88,13,175,180,44,66,25
624,8,148,113,53,122,175,247,59,12
624,9,170,99,240,121,247,15,105,57
624,10,96,245,27,168,48,167,33,229
624,11,133,241,139,23,26,57,87,249
624,12,110,203,10,198,48,109,149,98
624,13,34,11,21,144,201,83,153,208
624,14,173,21,184,107,248,133,130,210
624,15,141,139,0,90,104,97,38,79
624,16,191,115,1,201,37,227,177,164
624,17,210,161,69,34,151,113,45,249
624,18,58,54,74,77,233,96,42,172
624,19,24,186,208,235,127,56,125,254
624,20,148,113,53,205,142,122,72,96
624,21,170,99,58,121,240,48,195,223
624,22,245,21,13,162,43,28,27,11
624,23,237,81,241,129,87,88,163,253
624,24,127,149,48,244,175,110,201,98
624,25,34,180,104,136,11,161,243,83
624,26,21,173,34,130,248,184,63,162
624,27,141,139,97,74,229,104,0,92
624,28,191,115,134,1,66,142,203,194
624,29,210,69,161,249,86,109,58,25
624,30,58,77,54,42,51,224,74,239
624,31,186,127,163,192,115,176,114,234
624,32,108,226,67,203,190,227,101,30
624,33,79,182,85,19,39,32,137,87
624,34,9,27,74,146,2,20,108,17
624,35,27,239,81,52,105,40,246,133
624,36,75,192,25,196,222,190,92,77
624,37,5,226,63,36,59,221,13,247
624,38,0,193,25,99,91,5,165,35
624,39,206,235,164,192,27,6,22,223
625,0,9,243,118,15,227,119,21,35
625,1,227,241,157,127,148,134,36,136
625,2,102,172,246,171,233,179,144,62
625,3,244,45,124,204,183,237,49,68
625,4,184,150,97,246,87,69,20,66
625,5,143,32,21,112,162,255,160,130
625,6,0,199,206,254,124,21,219,207
625,7,142,88,13,143,188,225,165,237
625,8,53,148,113,59,192,36,138,160
625,9,99,127,170,235,53,195,184,134
625,10,23,96,145,176,43,245,144,78
625,11,24,110,42,204,35,56,214,135
625,12,10,2,111,251,21,79,244,201
625,13,34,208,158,205,85,201,130,109
625,14,173,132,34,162,165,248,130,58
625,15,74,90,206,145,0,111,170,134
625,16,74,191,195,24,4,62,239,125
625,17,161,244,69,210,8,151,141,190
625,18,77,58,64,233,54,95,11,26
625,19,208,115,152,240,129,95,24,157
625,20,53,100,7,118,85,161,148,98
625,21,99,143,233,214,195,134,90,124
625,22,245,160,52,103,235,207,26,108
625,23,80,17,241,186,122,97,8,72
625,24,244,10,116,149,217,96,229,255
625,25,34,208,158,183,50,23,252,120
625,26,132,21,173,130,248,99,153,239
625,27,74,0,104,40,7,90,206,145
625,28,191,195,4,239,74,24,115,25
625,29,150,161,204,244,41,151,55,169
625,30,4,77,64,119,225,91,149,71
625,31,240,59,126,95,88,115,185,129
625,32,33,236,7,87,115,107,126,203
625,33,192,161,189,28,248,3,5,146
625,34,16,252,109,10,56,211,246,120
625,35,235,202,220,236,161,130,201,37
625,36,110,188,78,148,233,42,49,109
625,37,5,103,8,0,59,87,199,238
625,38,103,64,191,176,70,237,112,233
625,39,228,127,252,101,255,223,227,225
626,0,190,253,158,221,132,141,64,235
626,1,113,179,217,203,7,73,145,180
626,2,102,127,246,62,64,239,220,229
626,3,194,115,82,35,78,19,91,140
626,4,17,127,177,172,246,114,85,0
626,5,135,166,255,230,214,111,37,29
626,6,0,121,198,176,117,122,252,219
626,7,70,231,210,162,54,238,142,45
626,8,175,113,104,245,106,158,24,12
626,9,170,116,38,191,83,105,7,182
626,10,48,27,29,33,210,4,50,83
626,11,23,133,127,73,35,163,16,214
626,12,93,87,141,112,195,253,114,201
626,13,34,11,21,201,105,153,152,254
626,14,173,184,70,133,107,87,200,229
626,15,141,0,38,172,90,139,212,97
626,16,191,115,120,204,50,134,29,1
626,17,210,34,134,226,243,109,112,95
626,18,58,77,74,47,42,104,145,60
626,19,186,208,242,24,235,153,56,127
626,20,113,205,26,216,245,223,148,199
626,21,170,116,74,52,135,195,38,99
626,22,69,11,29,48,129,36,21,76
626,23,129,163,92,205,73,35,16,113
626,24,182,201,149,242,112,98,77,152
626,25,34,161,128,11,136,189,104,246
626,26,173,130,107,70,119,98,219,249
626,27,97,141,243,254,229,156,38,196
626,28,191,115,120,204,158,110,134,1
626,29,210,109,59,45,136,82,112,95
626,30,58,172,224,94,42,174,216,40
626,31,186,10,192,156,175,16,21,148
626,32,108,226,66,103,227,203,52,190
626,33,79,85,210,137,32,115,128,144
626,34,27,74,132,108,173,168,189,146
626,35,239,27,40,234,248,225,64,222
626,36,222,20,192,230,76,64,233,105
626,37,39,218,247,88,105,227,97,5
626,38,64,193,109,252,70,161,207,254
626,39,186,168,253,47,227,64,208,206
627,0,167,193,38,54,94,130,44,112
627,1,122,201,117,105,179,140,217,42
627,2,127,239,102,64,173,132,246,167
627,3,91,122,120,35,128,74,90,32
627,4,80,159,218,177,18,17,237,179
627,5,255,230,112,160,29,239,226,159
627,6,198,214,0,219,118,176,252,217
627,7,210,67,142,162,153,139,237,150
627,8,113,158,12,111,69,53,175,59
627,9,105,7,192,91,53,162,145,33
627,10,96,189,145,240,121,166,183,29
627,11,41,73,196,249,253,4,127,90
627,12,79,24,127,77,105,91,88,113
627,13,34,255,234,64,227,71,114,119
627,14,173,132,34,248,239,31,229,26
627,15,74,90,82,139,141,124,202,145
627,16,191,74,62,4,239,236,24,125
627,17,161,210,244,69,196,151,58,34
627,18,77,224,58,54,64,255,233,53
627,19,208,115,25,95,129,61,127,240
627,20,53,100,166,85,105,143,168,131
627,21,99,143,233,214,177,195,153,135
627,22,245,103,160,96,190,229,112,34
627,23,80,105,57,17,48,121,229,205
627,24,10,244,21,149,177,173,201,159
627,25,34,144,208,136,158,58,45,9
627,26,173,132,59,21,130,34,239,107
627,27,74,0,221,193,92,40,122,223
627,28,191,115,25,4,37,125,239,134
627,29,150,161,210,59,204,55,244,249
627,30,4,77,119,64,52,243,228,26
627,31,240,58,115,59,95,193,197,126
627,32,33,236,87,7,115,242,190,219
627,33,192,5,28,161,24,7,185,123
627,34,16,211,252,146,30,108,2,98
627,35,235,161,202,220,245,236,37,219
627,36,110,188,148,100,80,42,149,11
627,37,8,165,24,199,218,227,252,163
627,38,103,109,176,204,137,117,65,70
627,39,120,230,25,222,206,245,252,22
628,0,148,224,0,67,162,178,194,195
628,1,55,199,129,103,204,220,237,118
628,2,246,102,64,62,239,6,132,77
628,3,184,194,147,207,19,96,156,82
628,4,218,32,125,158,41,113,166,40
628,5,36,75,168,5,239,211,112,33
628,6,205,219,198,223,252,217,170,104
628,7,149,18,142,225,139,102,106,15
628,8,53,148,202,245,59,111,12,158
628,9,99,31,105,141,246,162,158,7
628,10,38,42,92,245,96,183,168,73
628,11,184,166,117,118,43,200,35,140
628,12,10,184,214,243,180,187,201,131
628,13,34,144,201,243,106,115,109,241
628,14,85,173,248,88,190,1,34,42
628,15,193,141,90,247,25,56,38,139
628,16,191,1,115,177,34,101,146,249
628,17,210,58,217,59,196,134,161,244
628,18,77,239,8,58,145,104,21,98
628,19,127,115,181,208,24,235,148,170
628,20,50,217,245,26,202,246,53,216
628,21,121,99,53,196,143,25,78,105
628,22,215,38,121,108,245,195,30,210
628,23,166,58,237,40,163,28,233,61
628,24,184,10,142,88,127,201,255,79
628,25,34,135,205,144,189,161,132,80
628,26,42,85,173,110,215,99,192,132
628,27,141,228,126,127,56,247,74,212
628,28,191,158,101,29,194,204,177,134
628,29,210,59,161,184,10,183,217,246
628,30,8,172,58,74,113,127,161,96
628,31,10,254,58,127,90,178,176,136
628,32,52,16,233,218,160,227,108,190
628,33,147,225,137,239,204,199,19,115
628,34,108,66,120,6,146,226,163,216
628,35,209,9,173,225,64,105,40,195
628,36,75,230,224,106,190,81,112,11
628,37,165,24,218,139,187,125,252,17
628,38,190,131,140,228,117,250,40,233
628,39,107,211,193,216,81,53,204,206
629,0,119,9,125,227,118,186,213,85
629,1,102,199,160,207,235,57,12,36
629,2,248,7,48,37,25,226,202,155
629,3,102,5,250,210,114,143,122,74
629,4,247,16,3,248,39,166,32,162
629,5,29,156,166,230,112,75,239,37
629,6,219,205,0,214,191,81,87,119
629,7,142,241,145,13,139,88,9,136
629,8,240,148,122,205,59,111,245,24
629,9,109,246,162,99,195,193,219,127
629,10,96,189,4,44,79,136,203,160
629,11,126,80,35,140,41,214,152,226
629,12,79,24,127,77,216,142,68,113
629,13,114,139,64,71,34,209,234,161
629,14,166,209,229,12,26,230,154,173
629,15,82,72,124,90,74,45,228,212
629,16,74,166,16,107,191,88,89,245
629,17,171,150,210,86,175,96,59,233
629,18,224,174,77,169,31,24,58,54
629,19,150,115,24,79,148,208,90,246
629,20,195,85,78,30,244,53,142,81
629,21,88,195,105,143,99,177,230,118
629,22,96,149,147,160,207,246,168,245
629,23,57,91,32,78,163,127,242,26
629,24,21,161,10,152,136,184,122,49
629,25,58,34,170,15,95,45,225,82
629,26,59,173,162,0,107,34,95,24
629,27,193,157,170,74,145,235,29,158
629,28,115,25,191,168,1,66,52,134
629,29,150,233,69,161,36,25,210,220
629,30,61,58,224,199,60,77,98,107
629,31,138,160,238,127,235,208,154,108
629,32,108,227,101,213,54,64,63,232
629,33,204,239,137,123,79,35,44,48
629,34,192,108,66,17,146,216,99,142
629,35,193,64,149,161,203,40,33,60
629,36,75,11,137,106,199,230,159,224
629,37,218,165,243,160,53,139,87,189
629,38,117,252,228,190,250,239,165,161
629,39,25,229,230,206,218,168,216,146
630,0,148,195,0,224,162,178,207,12
630,1,240,173,199,55,204,186,220,31
630,2,222,211,248,7,250,177,206,226
630,3,184,66,173,203,82,74,143,239
630,4,32,125,113,207,226,117,169,218
630,5,36,168,38,75,230,196,45,125
630,6,219,0,252,101,119,87,198,179
630,7,149,18,106,102,110,113,94,53
630,8,216,202,53,148,231,59,158,131
630,9,99,192,31,158,139,162,52,7
630,10,38,73,92,168,42,30,254,41
630,11,166,43,184,110,139,117,154,55
630,12,24,79,127,10,68,77,179,113
630,13,34,132,71,139,208,64,161,53
630,14,132,34,248,1,247,26,162,158
630,15,90,74,139,145,206,235,223,170
630,16,74,191,6,158,125,89,123,239
630,17,161,210,69,244,204,217,128,186
630,18,77,58,64,140,54,145,224,98
630,19,127,95,24,115,208,34,79,153
630,20,53,148,85,105,127,161,12,59
630,21,99,143,170,233,141,90,148,88
630,22,160,245,11,13,96,75,46,21
630,23,80,241,88,44,183,72,55,253
630,24,149,10,21,127,233,148,94,198
630,25,34,170,241,208,83,253,243,67
630,26,173,132,59,21,101,248,188,81
630,27,74,0,139,223,145,90,193,235
630,28,74,115,134,6,191,25,1,235
630,29,150,210,125,92,237,191,122,69
630,30,180,61,40,173,199,58,252,94
630,31,154,10,194,160,255,148,175,207
630,32,170,233,66,203,30,218,133,212
630,33,204,177,115,239,199,19,27,243
630,34,66,159,108,17,192,138,146,179
630,35,64,195,155,119,131,215,203,225
630,36,233,165,11,75,163,59,191,95
630,37,165,171,137,232,187,139,242,91
630,38,190,239,117,10,233,140,131,137
630,39,107,87,140,22,105,185,245,24
631,0,29,32,201,104,230,48,45,94
631,1,55,71,251,210,118,100,3,65
631,2,195,248,7,226,234,18,98,61
631,3,33,57,244,96,22,181,185,93
631,4,203,134,182,46,147,97,219,9
631,5,154,0,128,232,42,243,80,173
631,6,0,218,219,12,40,30,139,176
631,7,142,33,145,193,133,22,88,129
631,8,53,148,111,59,158,160,192,245
631,9,99,192,77,218,237,222,7,33
631,10,245,149,23,197,38,121,28,210
631,11,166,74,26,139,140,144,77,136
631,12,10,242,248,184,21,198,203,109
631,13,34,144,65,208,83,21,30,201
631,14,184,173,132,248,92,217,42,88
631,15,139,90,97,141,145,38,74,247
631,16,191,91,115,1,177,201,206,249
631,17,210,134,161,119,58,217,69,244
631,18,77,58,239,0,54,98,145,176
631,19,163,127,115,235,208,24,6,153
631,20,113,53,148,26,139,118,59,12
631,21,99,38,195,74,227,237,31,78
631,22,23,108,121,113,245,69,210,30
631,23,161,123,178,40,88,243,205,233
631,24,184,10,44,70,244,23,41,173
631,25,34,144,180,11,135,152,88,136
631,26,173,184,132,20,42,29,133,30
631,27,141,74,228,25,193,212,158,223
631,28,115,191,91,1,66,125,48,204
631,29,69,210,109,161,249,58,34,196
631,30,58,0,224,77,239,51,54,21
631,31,163,115,127,192,195,139,214,254
631,32,108,226,218,67,204,63,103,3
631,33,79,43,85,115,161,159,96,112
631,34,74,27,132,241,186,20,103,171
631,35,239,27,127,128,168,189,20,9
631,36,222,20,192,93,32,171,101,190
631,37,5,72,65,96,171,215,178,74
631,38,64,193,70,143,10,8,220,202
631,39,228,168,159,148,108,169,185,84
632,0,132,190,158,125,107,141,237,81
632,1,184,58,201,180,188,145,113,24
632,2,74,48,162,114,27,145,29,4
632,3,128,35,34,91,77,64,234,83
632,4,130,128,187,95,91,85,58,135
632,5,78,47,41,193,255,231,184,134
632,6,121,0,60,218,206,153,83,7
632,7,142,118,117,88,175,29,216,106
632,8,113,104,234,175,99,53,59,105
632,9,38,239,170,164,99,191,77,195
632,10,113,27,23,36,125,130,198,169
632,11,23,161,178,26,233,86,189,139
632,12,10,44,93,201,87,21,63,74
632,13,34,11,144,147,45,97,83,208
632,14,184,173,20,132,248,34,247,228
632,15,90,74,141,139,145,200,170,158
632,16,115,191,91,1,24,17,50,125
632,17,109,210,69,161,76,196,68,58
632,18,0,224,77,58,239,54,179,98
632,19,163,115,192,127,116,32,208,246
632,20,113,53,148,24,59,233,12,168
632,21,99,38,239,164,141,74,195,125
632,22,23,27,108,113,245,36,96,162
632,23,161,178,23,81,61,26,253,40
632,24,93,44,21,13,10,184,244,255
632,25,34,180,11,144,15,136,208,4
632,26,173,132,184,21,20,248,154,30
632,27,74,235,141,193,90,92,145,122
632,28,115,191,1,25,125,204,158,236
632,29,69,210,109,196,161,249,59,194
632,30,77,224,58,54,239,0,140,51
632,31,115,163,127,116,192,178,95,195
632,32,108,226,204,67,119,241,218,181
632,33,79,85,93,66,43,199,51,29
632,34,27,74,132,254,138,171,186,108
632,35,239,27,53,60,127,250,33,173
632,36,222,20,192,165,64,61,213,154
632,37,39,129,5,227,144,139,115,2
632,38,64,109,126,228,171,202,40,187
632,39,186,190,61,100,147,11,235,226
633,0,167,193,38,54,130,94,53,44
633,1,201,122,58,188,117,238,140,181
633,2,49,74,20,129,233,27,219,29
633,3,34,35,128,91,103,61,64,234
633,4,159,213,130,224,89,58,114,177
633,5,78,159,15,47,85,255,152,145
633,6,60,206,7,68,0,121,191,214
633,7,142,117,88,118,106,225,145,221
633,8,104,113,175,73,111,238,53,59
633,9,239,38,170,105,195,99,164,56
633,10,27,96,36,115,113,82,240,93
633,11,23,253,161,178,233,35,187,38
633,12,44,10,201,93,21,213,87,54
633,13,34,11,15,144,208,201,188,106
633,14,173,132,184,34,248,247,21,162
633,15,90,74,141,139,221,145,158,212
633,16,115,191,1,24,125,135,151,37
633,17,161,210,69,109,249,226,144,68
633,18,224,54,77,58,176,227,125,140
633,19,192,115,24,127,208,95,163,236
633,20,113,53,148,50,12,143,84,24
633,21,99,38,229,143,135,233,45,214
633,22,96,245,162,27,108,217,21,140
633,23,23,140,237,61,81,40,253,223
633,24,13,142,10,244,21,127,41,173
633,25,34,180,11,15,144,208,136,170
633,26,173,132,21,184,130,17,30,248
633,27,74,235,193,221,145,90,92,122
633,28,115,191,1,25,158,48,134,236
633,29,69,210,109,161,196,59,249,58
633,30,77,224,58,54,227,113,51,98
633,31,115,127,192,163,95,178,101,237
633,32,108,226,204,67,241,212,217,190
633,33,79,85,66,51,199,178,93,50
633,34,186,27,66,138,254,218,171,74
633,35,239,53,60,250,14,201,246,64
633,36,213,154,135,170,116,137,165,20
633,37,129,218,39,139,199,226,115,163
633,38,239,109,175,190,137,228,252,83
633,39,25,230,195,187,184,100,61,191
634,0,58,170,60,195,23,211,236,89
634,1,118,55,91,187,125,170,129,25
634,2,91,32,11,143,49,6,3,225
634,3,184,56,167,93,18,223,180,80
634,4,147,125,166,114,29,134,32,207
634,5,108,36,0,75,5,226,179,196
634,6,205,68,219,253,124,250,41,155
634,7,18,149,145,142,232,225,168,175
634,8,53,59,148,202,128,111,214,144
634,9,99,195,79,97,7,141,192,105
634,10,38,172,92,168,73,135,245,42
634,11,184,166,218,117,253,243,118,154
634,12,10,201,195,240,200,48,73,177
634,13,34,144,148,188,208,106,27,153
634,14,85,132,94,190,107,133,247,57
634,15,74,193,141,235,28,90,139,124
634,16,34,191,124,1,158,197,161,134
634,17,161,210,69,68,196,184,226,34
634,18,224,8,77,54,40,140,100,58
634,19,24,50,115,180,149,90,192,144
634,20,53,202,119,50,223,24,41,118
634,21,121,99,143,195,229,233,134,141
634,22,245,38,44,162,213,172,27,108
634,23,166,237,139,154,40,253,196,110
634,24,13,142,10,244,41,21,255,131
634,25,34,144,11,208,148,205,176,136
634,26,132,173,85,21,154,141,200,248
634,27,74,193,235,141,90,217,92,62
634,28,191,34,158,1,124,115,101,48
634,29,210,161,59,69,196,192,233,217
634,30,77,224,8,58,92,4,145,54
634,31,127,115,180,188,133,99,195,50
634,32,108,233,204,109,73,123,241,218
634,33,204,106,51,66,61,50,108,225
634,34,66,13,154,218,108,138,76,198
634,35,14,53,60,245,202,246,201,162
634,36,154,106,16,170,116,186,143,178
634,37,165,171,139,87,218,191,216,154
634,38,190,239,175,25,159,191,111,10
634,39,87,32,140,105,252,171,222,67
635,0,139,77,211,19,23,29,220,104
635,1,55,210,149,118,9,89,25,65
635,2,225,195,199,69,161,134,66,91
635,3,161,22,121,93,33,182,134,150
635,4,134,147,140,132,46,197,100,114
635,5,0,154,112,91,164,60,173,243
635,6,12,7,205,30,152,72,113,233
635,7,142,18,225,22,145,190,129,168
635,8,53,148,59,233,36,72,192,84
635,9,134,99,79,237,1,3,32,221
635,10,38,245,149,217,135,172,96,197
635,11,166,121,117,230,139,154,237,105
635,12,10,13,111,23,240,2,152,137
635,13,34,144,148,188,180,215,57,67
635,14,17,21,132,223,34,177,107,190
635,15,74,193,90,124,97,235,84,113
635,16,34,191,48,163,6,1,197,158
635,17,59,69,210,161,215,128,192,68
635,18,54,8,77,129,140,100,224,99
635,19,24,144,1,127,115,246,235,106
635,20,53,50,172,24,233,148,59,223
635,21,99,58,214,121,32,237,233,213
635,22,96,38,44,21,13,245,217,49
635,23,237,166,121,40,139,4,152,74
635,24,184,142,13,244,213,10,41,105
635,25,34,180,194,144,139,57,91,136
635,26,17,132,21,173,30,154,29,0
635,27,124,141,74,6,92,25,243,133
635,28,191,34,48,1,169,158,223,115
635,29,59,210,69,161,249,209,73,217
635,30,99,129,77,8,58,54,96,107
635,31,114,127,174,144,115,95,58,152
635,32,233,108,143,204,190,73,123,176
635,33,106,204,87,61,66,199,225,118
635,34,66,154,13,108,76,214,47,48
635,35,114,162,65,246,60,155,136,247
635,36,170,32,137,144,113,196,213,169
635,37,24,165,171,139,54,137,92,148
635,38,165,159,117,153,143,207,8,176
635,39,57,211,193,206,235,185,91,33
636,0,119,9,186,227,125,118,59,85
636,1,102,207,160,57,171,194,25,239
636,2,37,66,14,22,229,9,225,70
636,3,5,229,67,153,88,137,200,102
636,4,247,16,200,187,146,101,181,28
636,5,154,226,149,75,37,211,166,156
636,6,0,30,219,121,222,218,202,210
636,7,175,118,206,227,142,139,129,225
636,8,240,53,148,250,59,146,158,214
636,9,193,99,109,195,237,192,79,143
636,10,96,149,245,4,38,33,30,223
636,11,139,166,121,180,144,5,243,105
636,12,10,21,184,240,5,205,201,195
636,13,34,144,188,117,179,148,152,51
636,14,173,107,94,34,132,228,4,21
636,15,74,193,124,90,158,212,84,223
636,16,34,191,78,115,158,48,1,125
636,17,210,69,128,196,56,34,161,169
636,18,8,224,40,77,173,96,140,98
636,19,153,174,151,236,115,227,175,179
636,20,24,53,223,118,244,158,122,143
636,21,209,109,99,237,233,195,19,213
636,22,96,44,245,145,238,227,49,213
636,23,129,139,112,127,38,40,5,92
636,24,184,10,127,87,224,142,21,204
636,25,34,144,119,121,205,188,159,80
636,26,154,107,94,188,110,239,215,186
636,27,141,187,255,124,74,136,190,137
636,28,34,191,158,1,48,6,50,218
636,29,59,210,161,69,34,237,249,130
636,30,8,241,58,140,36,96,252,40
636,31,127,58,174,254,13,62,102,216
636,32,233,190,149,73,45,176,108,217
636,33,106,204,199,24,66,19,108,105
636,34,108,138,6,66,159,192,140,47
636,35,65,225,248,33,162,64,60,149
636,36,170,137,182,113,190,165,237,84
636,37,218,137,24,165,243,30,247,139
636,38,165,131,117,228,252,115,161,157
636,39,206,222,115,132,47,76,153,48
637,0,148,195,0,122,8,162,12,207
637,1,55,240,204,103,115,42,25,108
637,2,211,66,61,32,177,189,137,212
637,3,184,19,66,107,93,156,207,115
637,4,56,32,101,40,226,212,147,198
637,5,36,0,168,196,33,216,38,149
637,6,23,219,240,218,223,174,101,45
637,7,149,18,142,33,178,104,190,133
637,8,53,148,59,108,233,12,247,214
637,9,99,31,252,237,90,192,15,195
637,10,38,172,149,197,92,168,42,245
637,11,184,166,117,118,77,35,244,154
637,12,10,109,184,240,131,248,198,177
637,13,34,144,148,192,65,208,240,184
637,14,173,132,85,136,94,21,34,248
637,15,90,193,74,139,64,202,145,158
637,16,191,1,115,201,197,209,135,91
637,17,210,69,226,161,249,196,184,59
637,18,8,54,77,58,239,96,224,241
637,19,127,24,115,149,95,174,144,236
637,20,50,53,202,148,243,127,24,143
637,21,99,121,77,58,209,122,170,45
637,22,38,245,13,184,108,42,23,73
637,23,166,77,237,117,118,139,224,40
637,24,184,10,109,149,201,244,255,18
637,25,34,144,71,139,119,136,240,118
637,26,173,184,132,85,21,136,17,94
637,27,141,193,74,90,145,133,235,124
637,28,191,115,1,91,236,210,169,194
637,29,69,210,109,217,196,10,59,161
637,30,58,239,77,0,224,8,99,96
637,31,163,127,115,114,98,192,95,133
637,32,108,67,233,204,202,190,226,218
637,33,79,147,199,225,85,60,118,66
637,34,74,27,66,226,108,171,120,122
637,35,239,27,64,33,246,149,9,219
637,36,93,222,32,113,144,137,61,190
637,37,5,171,139,74,101,65,96,120
637,38,73,131,191,61,227,50,143,241
637,39,164,228,88,148,159,171,196,57
638,0,190,253,235,208,132,221,141,237
638,1,184,113,7,137,180,145,247,151
638,2,220,248,4,50,14,25,155,30
638,3,231,12,91,181,64,96,32,83
638,4,187,179,135,128,234,191,91,85
638,5,145,184,51,99,190,255,138,112
638,6,218,0,121,202,30,120,250,210
638,7,118,33,142,225,103,175,227,217
638,8,53,59,148,113,105,158,214,70
638,9,99,116,38,228,77,237,192,195
638,10,23,113,245,149,38,168,28,223
638,11,178,35,161,117,139,23,214,233
638,12,10,21,184,205,93,233,248,121
638,13,34,144,11,188,208,4,170,148
638,14,184,173,132,20,21,248,94,34
638,15,74,90,235,193,139,170,145,245
638,16,115,91,191,151,1,24,34,168
638,17,210,109,69,161,59,196,215,226
638,18,224,54,239,0,77,58,38,47
638,19,163,192,24,115,246,127,6,208
638,20,113,53,24,237,59,244,143,41
638,21,99,38,209,116,237,233,121,143
638,22,23,13,83,245,113,108,238,44
638,23,178,161,88,35,26,123,61,214
638,24,184,142,244,10,255,177,127,21
638,25,34,11,144,180,136,119,139,104
638,26,173,132,184,130,21,141,30,211
638,27,74,193,92,141,235,90,145,139
638,28,115,191,1,134,91,25,247,48
638,29,210,109,69,196,59,161,58,249
638,30,77,224,58,239,26,140,98,47
638,31,115,127,192,163,95,133,58,254
638,32,108,67,226,204,218,190,45,217
638,33,79,85,66,112,93,199,115,178
638,34,27,74,122,25,132,171,2,53
638,35,239,27,248,33,60,195,201,246
638,36,222,20,218,123,138,113,192,169
638,37,39,5,139,129,42,4,185,86
638,38,109,64,131,171,205,228,157,117
638,39,186,168,175,235,190,73,226,198
639,0,193,38,167,54,94,44,53,176
639,1,122,201,117,58,238,105,181,20
639,2,186,204,220,54,14,104,200,15
639,3,91,34,35,103,61,128,74,220
639,4,159,41,237,179,177,213,114,25
639,5,145,226,239,5,159,73,245,196
639,6,191,250,198,217,181,219,0,55
639,7,103,237,106,210,232,99,145,118
639,8,113,104,106,190,12,70,245,158
639,9,116,38,56,105,30,195,33,126
639,10,96,23,191,175,115,6,13,50
639,11,23,233,214,35,253,127,38,112
639,12,184,201,21,10,93,6,87,213
639,13,34,11,104,33,144,15,201,85
639,14,173,34,184,147,132,136,239,162
639,15,74,141,90,124,139,212,38,158
639,16,151,191,115,62,158,24,48,125
639,17,161,210,109,69,59,215,226,113
639,18,224,54,77,58,140,145,75,98
639,19,192,115,208,153,127,163,95,24
639,20,53,113,148,223,24,12,131,122
639,21,99,135,116,143,233,209,38,162
639,22,96,245,108,44,144,229,227,30
639,23,140,23,34,40,127,5,88,253
639,24,127,10,13,184,244,142,177,201
639,25,34,11,144,136,180,15,205,208
639,26,173,130,132,21,248,55,141,191
639,27,74,145,193,92,141,122,90,62
639,28,115,191,158,1,25,125,247,194
639,29,69,161,196,109,210,194,73,59
639,30,77,224,58,54,140,47,161,173
639,31,127,115,192,95,197,178,133,118
639,32,108,67,226,218,204,212,190,217
639,33,79,85,66,199,87,170,178,151
639,34,186,27,66,254,46,146,25,2
639,35,239,149,60,195,64,162,201,14
639,36,213,137,113,75,20,218,182,29
639,37,129,218,139,39,87,69,137,202
639,38,109,252,228,117,166,131,153,83
639,39,25,222,230,164,187,198,225,195
640,0,173,40,18,22,185,127,7,147
640,1,129,112,224,147,172,250,189,127
640,2,165,206,160,125,54,181,22,135
640,3,19,73,76,186,137,90,200,48
640,4,187,199,140,0,9,122,146,205
640,5,248,29,237,166,11,85,68,231
640,6,0,68,121,208,103,219,160,122
640,7,88,142,145,175,225,106,103,232
640,8,122,53,148,85,59,106,214,111
640,9,99,170,60,43,195,74,121,83
640,10,96,27,82,208,183,245,48,37
640,11,23,35,241,214,253,27,90,5
640,12,48,6,127,0,10,229,144,102
640,13,34,11,144,201,67,121,9,208
640,14,173,34,132,87,21,107,239,162
640,15,141,74,120,124,90,0,202,156
640,16,115,191,1,62,29,48,158,135
640,17,161,210,69,109,226,68,58,34
640,18,54,58,77,224,98,233,125,96
640,19,127,192,24,208,186,115,236,62
640,20,122,148,50,53,113,143,24,100
640,21,99,121,170,143,195,45,233,122
640,22,96,245,162,108,27,13,11,217
640,23,23,237,81,87,139,5,183,172
640,24,127,13,184,149,79,10,244,113
640,25,34,180,11,177,144,194,208,136
640,26,173,132,21,130,123,55,102,17
640,27,141,124,92,122,74,139,221,145
640,28,115,191,1,142,134,236,112,204
640,29,69,161,210,196,217,58,86,127
640,30,58,77,8,224,54,75,161,147
640,31,127,115,174,133,192,212,95,125
640,32,67,233,108,73,204,218,210,241
640,33,87,79,204,66,118,106,199,151
640,34,66,154,218,138,76,176,108,254
640,35,14,69,53,66,60,130,38,171
640,36,4,213,164,166,135,171,154,212
640,37,218,171,129,139,115,227,137,199
640,38,68,175,58,239,165,77,137,143
640,39,25,230,235,192,226,225,222,206
641,0,0,148,195,131,8,207,102,20
641,1,135,55,204,35,170,103,125,248
641,2,101,240,251,224,113,181,191,32
641,3,184,107,85,19,66,115,165,185
641,4,147,125,226,218,32,223,178,219
641,5,36,0,130,112,196,33,5,75
641,6,219,101,23,145,252,205,117,223
641,7,18,149,225,142,106,104,217,137
641,8,53,148,59,108,233,111,202,214
641,9,99,31,195,192,247,158,214,141
641,10,38,245,96,172,92,162,42,226
641,11,184,166,117,237,118,154,244,77
641,12,10,13,131,109,187,18,127,12
641,13,34,148,144,240,115,184,208,201
641,14,173,85,132,34,190,94,1,136
641,15,90,74,193,139,64,202,101,141
641,16,191,1,115,158,201,135,161,209
641,17,161,210,69,59,226,184,100,86
641,18,54,8,58,77,96,180,129,145
641,19,127,24,186,15,115,149,95,144
641,20,50,53,202,172,122,148,84,11
641,21,121,99,58,170,45,214,233,141
641,22,38,76,13,108,162,245,217,48
641,23,237,166,87,139,118,73,183,154
641,24,142,13,127,184,10,255,149,244
641,25,34,180,144,136,194,1,139,118
641,26,173,132,21,85,102,123,55,17
641,27,141,124,187,92,139,221,74,193
641,28,191,1,115,142,134,107,124,169
641,29,69,161,210,217,58,127,196,73
641,30,58,77,8,54,96,239,47,147
641,31,127,115,114,174,95,149,153,133
641,32,233,67,108,218,212,202,190,63
641,33,87,204,147,225,106,66,118,60
641,34,154,66,226,13,218,76,108,179
641,35,14,171,164,130,53,19,64,194
641,36,4,213,164,29,154,159,233,3
641,37,171,109,132,83,25,137,172,86
641,38,175,190,68,239,73,93,143,228
641,39,57,140,164,87,32,112,90,222
642,0,49,85,127,153,170,18,146,227
642,1,210,30,248,65,29,55,43,176
642,2,48,195,25,220,248,18,240,181
642,3,20,93,116,69,193,96,71,181
642,4,28,179,140,46,111,215,12,126
642,5,128,173,169,152,0,130,237,50
642,6,0,218,121,210,132,205,147,30
642,7,175,5,24,217,56,183,106,190
642,8,120,148,85,122,240,53,59,24
642,9,99,109,195,55,143,229,83,192
642,10,96,149,217,38,245,24,33,95
642,11,139,241,166,105,117,180,114,123
642,12,10,149,109,11,240,176,204,48
642,13,34,144,1,121,4,224,135,179
642,14,173,94,21,163,132,34,107,200
642,15,193,141,221,190,0,90,74,168
642,16,1,115,191,158,134,236,209,137
642,17,210,58,69,217,198,192,196,226
642,18,58,8,77,239,113,158,54,241
642,19,127,174,91,115,186,178,153,95
642,20,122,148,120,38,201,85,240,106
642,21,170,99,228,109,1,193,195,196
642,22,13,203,38,70,184,28,245,217
642,23,139,241,105,166,117,19,129,34
642,24,149,10,240,87,176,109,184,112
642,25,34,144,83,170,103,179,1,253
642,26,173,94,132,21,188,163,85,204
642,27,0,193,141,221,90,145,14,11
642,28,142,1,191,115,134,124,6,177
642,29,69,210,58,217,196,86,209,161
642,30,58,8,77,152,241,96,54,239
642,31,194,127,174,115,212,95,133,58
642,32,233,67,136,73,190,203,133,176
642,33,87,204,19,168,106,27,222,213
642,34,192,184,216,142,136,223,154,165
642,35,40,199,14,19,64,38,193,69
642,36,60,213,230,29,240,151,64,224
642,37,242,180,24,219,92,160,102,120
642,38,68,175,88,161,0,236,99,6
642,39,25,230,7,208,185,103,235,192
643,0,122,191,212,218,228,102,136,250
643,1,126,94,29,221,154,210,91,17
643,2,220,236,248,194,240,234,23,223
643,3,20,42,69,245,228,65,93,193
643,4,140,179,155,28,37,134,46,164
643,5,128,173,111,0,4,230,80,185
643,6,0,218,136,121,30,12,147,18
643,7,88,142,175,13,134,83,190,33
643,8,53,148,38,59,50,24,85,214
643,9,99,58,221,45,195,97,192,105
643,10,96,245,217,162,50,149,13,142
643,11,241,219,216,139,166,34,105,79
643,12,149,10,13,127,184,32,109,213
643,13,34,144,135,243,64,117,180,201
643,14,173,21,17,132,163,29,57,94
643,15,221,141,6,124,193,0,74,90
643,16,115,1,48,191,175,177,29,164
643,17,161,210,69,144,74,59,226,58
643,18,54,58,195,99,77,8,160,23
643,19,186,24,235,239,127,141,90,236
643,20,50,172,38,26,11,53,128,127
643,21,58,121,170,99,45,221,55,60
643,22,44,13,96,217,50,21,43,108
643,23,237,5,152,219,34,226,172,126
643,24,184,127,149,213,142,23,158,175
643,25,34,180,194,243,177,144,167,205
643,26,173,17,21,102,57,41,188,30
643,27,221,141,6,124,0,92,223,25
643,28,115,191,175,48,1,162,177,134
643,29,69,161,210,74,59,58,196,47
643,30,58,99,239,77,54,8,224,40
643,31,114,186,127,115,192,163,133,153
643,32,108,67,233,204,104,139,148,3
643,33,79,118,87,182,39,27,4,60
643,34,27,222,66,103,76,45,74,20
643,35,27,239,9,40,64,60,21,195
643,36,192,172,93,252,196,144,171,86
643,37,5,24,125,25,171,189,102,54
643,38,0,25,35,43,5,21,191,99
643,39,139,235,192,118,172,104,98,152
644,0,243,9,35,101,119,227,197,118
644,1,199,184,210,227,41,151,62,127
644,2,225,134,147,190,242,246,130,142
644,3,77,88,183,212,189,33,42,107
644,4,17,19,246,179,120,150,174,251
644,5,51,190,212,255,230,134,112,4
644,6,0,218,121,18,147,175,219,198
644,7,142,88,106,13,172,33,134,217
644,8,148,53,38,59,113,85,7,111
644,9,170,99,195,77,192,83,105,247
644,10,96,245,149,142,1,28,30,168
644,11,241,216,178,79,139,105,17,26
644,12,10,149,32,109,110,217,2,229
644,13,34,144,211,208,1,170,4,67
644,14,173,21,132,184,163,248,34,17
644,15,221,0,90,74,79,139,170,104
644,16,115,191,1,62,135,201,158,171
644,17,161,210,69,58,34,226,121,128
644,18,58,54,77,8,224,40,160,98
644,19,24,186,127,115,208,153,235,178
644,20,53,148,38,128,50,12,201,171
644,21,170,99,196,121,195,143,233,141
644,22,96,108,245,217,28,21,197,13
644,23,241,178,72,203,172,4,243,237
644,24,149,10,244,184,21,229,177,127
644,25,34,144,211,11,4,208,170,205
644,26,173,132,21,188,184,228,63,24
644,27,74,0,221,223,193,141,92,145
644,28,115,191,1,134,25,158,204,142
644,29,210,58,69,109,161,196,92,232
644,30,58,224,77,239,173,98,40,235
644,31,192,115,127,186,163,98,220,93
644,32,108,226,204,67,3,45,203,190
644,33,79,85,19,199,64,153,112,77
644,34,27,74,91,132,76,99,222,250
644,35,239,27,161,255,20,134,60,201
644,36,222,192,196,113,144,7,176,25
644,37,5,139,65,63,72,87,221,241
644,38,64,8,147,25,176,191,140,252
644,39,228,235,66,252,164,91,81,227
645,0,190,253,235,221,158,141,64,132
645,1,113,179,203,217,7,145,180,73
645,2,127,239,98,229,132,54,123,104
645,3,115,82,78,35,241,206,63,83
645,4,127,17,177,85,183,153,211,114
645,5,135,212,176,166,29,37,190,51
645,6,0,121,210,198,218,83,117,175
645,7,231,175,106,172,232,88,201,118
645,8,175,113,104,59,106,21,134,64
645,9,170,116,38,191,83,195,56,121
645,10,96,13,27,208,48,29,191,33
645,11,23,241,203,35,127,233,123,38
645,12,93,149,85,87,32,10,112,151
645,13,34,144,11,105,211,106,4,184
645,14,173,184,34,132,239,21,162,87
645,15,0,74,221,172,90,223,79,202
645,16,115,191,1,158,238,62,125,204
645,17,210,109,58,69,161,34,73,226
645,18,58,224,40,77,54,26,125,47
645,19,192,115,127,153,208,254,186,227
645,20,113,148,223,106,53,201,26,79
645,21,170,116,38,99,196,195,52,56
645,22,27,69,96,36,13,11,83,211
645,23,178,23,96,129,110,203,5,127
645,24,149,177,21,10,184,255,87,93
645,25,34,11,144,4,201,172,121,128
645,26,173,149,132,188,41,107,102,250
645,27,74,223,0,229,193,243,224,235
645,28,115,191,134,1,238,239,25,125
645,29,210,109,58,69,196,161,232,237
645,30,58,224,77,140,98,40,235,17
645,31,115,192,127,116,212,197,126,58
645,32,108,226,204,67,45,63,212,242
645,33,79,85,210,199,66,27,207,112
645,34,27,74,132,108,30,254,222,47
645,35,239,27,255,161,201,155,111,73
645,36,222,20,196,225,61,192,143,140
645,37,39,129,139,109,128,36,184,49
645,38,64,109,134,70,83,67,205,157
645,39,186,47,190,61,235,196,118,66
646,0,167,38,193,94,54,44,112,130
646,1,122,201,117,105,179,140,217,84
646,2,127,239,64,173,102,134,128,166
646,3,91,35,19,90,122,128,120,74
646,4,218,159,17,80,177,237,41,120
646,5,239,68,226,37,196,230,221,35
646,6,198,0,88,85,158,219,124,117
646,7,40,88,67,217,153,106,99,210
646,8,113,53,12,158,111,106,59,214
646,9,192,105,7,145,116,99,33,46
646,10,96,104,166,211,240,189,183,145
646,11,41,73,224,90,196,51,215,183
646,12,105,184,41,53,88,10,62,4
646,13,34,67,184,129,208,205,106,109
646,14,173,132,34,21,247,239,162,130
646,15,74,90,221,0,139,141,170,104
646,16,115,191,62,158,1,177,135,134
646,17,161,210,69,58,215,244,34,74
646,18,58,224,77,54,40,145,98,26
646,19,24,115,192,208,127,153,186,95
646,20,53,113,148,223,85,143,24,128
646,21,99,143,135,233,45,170,177,196
646,22,96,245,224,241,213,249,104,164
646,23,184,243,155,72,5,110,40,91
646,24,244,10,21,177,149,255,246,213
646,25,34,144,109,82,205,106,241,208
646,26,173,132,21,188,162,245,99,81
646,27,74,223,193,0,106,221,10,235
646,28,115,25,134,191,1,239,100,158
646,29,161,210,237,109,122,59,169,73
646,30,58,224,140,77,173,40,252,235
646,31,127,115,98,188,24,192,234,126
646,32,108,204,226,45,103,190,63,180
646,33,79,85,19,227,199,64,187,77
646,34,186,27,66,108,254,168,142,170
646,35,255,65,162,201,239,64,195,249
646,36,170,75,137,229,84,196,116,186
646,37,165,129,139,87,218,114,54,172
646,38,109,190,117,165,239,115,228,25
646,39,25,222,235,230,206,210,105,81
647,0,71,248,57,33,147,58,23,90
647,1,129,189,127,103,170,147,125,142
647,2,134,72,127,105,116,28,165,6
647,3,121,193,240,245,48,4,246,11
647,4,187,140,68,49,125,32,205,254
647,5,166,108,226,24,75,154,13,144
647,6,205,219,0,132,207,198,124,40
647,7,175,110,18,225,142,106,139,168
647,8,53,195,148,245,40,59,202,106
647,9,99,148,193,34,43,143,224,195
647,10,96,38,104,199,241,48,183,225
647,11,166,105,139,214,210,200,110,32
647,12,10,16,144,188,200,36,201,5
647,13,34,144,242,198,67,164,205,241
647,14,34,173,41,55,0,107,132,85
647,15,74,141,235,193,212,56,124,203
647,16,124,115,34,191,158,134,135,29
647,17,210,161,69,237,44,226,26,45
647,18,224,8,77,58,40,140,98,26
647,19,115,180,208,56,191,127,214,195
647,20,201,105,53,128,82,195,106,24
647,21,148,99,196,123,135,46,74,134
647,22,38,199,141,164,224,241,78,60
647,23,166,149,152,110,198,127,233,246
647,24,10,21,127,120,6,152,230,255
647,25,34,144,233,184,82,201,242,225
647,26,188,207,107,114,250,173,132,243
647,27,29,74,91,117,167,223,126,141
647,28,134,248,6,50,240,216,191,241
647,29,210,59,237,161,95,233,187,92
647,30,8,58,229,140,224,130,40,217
647,31,188,10,98,195,16,197,220,14
647,32,108,233,16,204,66,160,244,203
647,33,66,204,137,108,187,138,96,125
647,34,66,108,218,159,166,137,160,98
647,35,106,195,215,155,65,209,162,134
647,36,106,144,75,170,16,143,99,190
647,37,165,218,133,139,109,226,252,54
647,38,190,25,165,117,143,239,180,110
647,39,87,105,210,222,22,56,123,140
648,0,211,225,139,77,84,4,70,224
648,1,55,251,71,118,3,100,65,22
648,2,33,91,72,191,195,234,199,163
648,3,137,147,57,22,72,82,80,185
648,4,147,178,134,29,100,41,68,137
648,5,0,154,75,164,56,226,130,36
648,6,205,40,176,81,219,30,7,158
648,7,18,142,149,225,168,104,227,15
648,8,53,148,59,36,192,233,118,158
648,9,99,134,90,97,150,179,34,192
648,10,38,172,135,245,217,241,223,197
648,11,166,117,184,121,105,237,110,44
648,12,10,240,21,2,13,182,214,177
648,13,34,144,185,242,240,180,215,0
648,14,34,0,85,107,132,173,21,188
648,15,74,221,193,124,90,141,235,79
648,16,34,115,191,177,201,1,158,135
648,17,210,69,161,59,74,125,128,237
648,18,8,77,58,140,54,239,40,129
648,19,24,127,115,90,208,149,186,214
648,20,53,50,223,143,105,24,253,148
648,21,121,99,214,58,246,233,143,195
648,22,104,13,38,241,21,245,217,213
648,23,166,126,74,139,45,237,88,110
648,24,127,184,10,41,21,149,244,105
648,25,34,144,240,227,205,201,180,189
648,26,173,85,132,0,94,107,110,55
648,27,74,235,141,92,223,193,124,149
648,28,34,191,1,134,115,50,104,158
648,29,59,161,210,69,95,167,73,232
648,30,8,58,77,40,129,99,239,109
648,31,127,149,114,174,185,98,126,58
648,32,233,108,109,204,120,190,123,176
648,33,61,87,204,106,66,181,68,60
648,34,66,154,108,13,122,160,130,245
648,35,44,155,208,234,38,65,19,114
648,36,79,213,170,140,144,230,151,113
648,37,24,160,139,165,171,243,59,172
648,38,228,165,186,241,187,126,143,157
648,39,57,235,198,211,196,107,166,193
649,0,119,9,227,125,186,118,85,59
649,1,102,207,57,160,65,99,159,36
649,2,176,37,14,52,196,161,19,148
649,3,161,67,232,102,255,48,123,198
649,4,16,247,83,187,82,166,181,111
649,5,154,75,56,166,226,109,13,207
649,6,0,219,205,222,85,30,121,187
649,7,237,175,118,225,227,139,106,142
649,8,240,148,53,106,250,166,131,59
649,9,99,193,109,195,192,7,143,83
649,10,96,38,175,241,149,4,33,112
649,11,139,166,117,105,110,35,188,215
649,12,10,21,240,184,190,11,182,5
649,13,34,144,241,188,179,209,67,149
649,14,173,34,188,132,107,228,247,55
649,15,74,141,90,124,223,235,193,158
649,16,115,34,191,158,62,135,1,177
649,17,210,69,161,128,125,232,237,58
649,18,8,58,77,40,224,239,140,173
649,19,127,115,174,208,153,95,227,170
649,20,148,240,245,53,122,24,106,143
649,21,99,109,121,213,143,233,158,229
649,22,224,104,199,96,211,145,215,241
649,23,129,126,46,45,139,224,74,183
649,24,184,127,177,10,21,87,41,149
649,25,34,144,172,189,227,198,205,121
649,26,107,173,110,94,0,114,188,154
649,27,141,187,223,92,137,243,74,126
649,28,34,191,158,115,1,208,50,174
649,29,59,210,161,95,69,167,136,34
649,30,58,8,40,140,60,252,36,161
649,31,127,98,58,255,220,194,216,185
649,32,233,118,73,190,108,16,45,13
649,33,87,204,106,108,241,32,27,227
649,34,159,108,223,192,245,98,66,160
649,35,65,38,193,117,95,11,195,221
649,36,144,137,159,170,76,113,165,233
649,37,160,243,24,53,30,137,139,148
649,38,115,236,117,140,25,252,98,166
649,39,47,22,222,90,25,229,132,235
650,0,195,21,225,23,248,211,161,139
650,1,55,91,187,118,125,115,25,170
650,2,211,176,161,191,148,222,81,225
650,3,107,18,184,156,66,175,63,19
650,4,207,32,166,125,113,158,29,169
650,5,36,75,168,179,40,226,196,24
650,6,23,219,158,216,253,223,45,250
650,7,149,18,110,99,130,217,168,106
650,8,53,106,59,245,202,214,111,250
650,9,99,192,90,252,31,158,7,196
650,10,38,172,245,168,241,104,175,226
650,11,166,184,117,183,123,38,6,218
650,12,10,240,184,48,109,21,76,200
650,13,34,144,148,208,27,51,188,184
650,14,94,85,132,68,34,247,21,188
650,15,74,193,235,28,90,141,139,102
650,16,134,197,191,89,6,91,1,158
650,17,161,210,69,169,74,167,192,232
650,18,239,8,58,100,77,40,99,140
650,19,163,24,115,6,90,149,208,127
650,20,53,50,24,100,253,143,223,202
650,21,99,77,121,136,143,195,201,45
650,22,224,38,245,23,213,127,13,104
650,23,166,46,123,77,224,26,5,117
650,24,184,117,10,149,177,255,21,244
650,25,34,144,71,205,109,152,170,184
650,26,173,184,132,107,154,85,162,0
650,27,74,141,193,223,235,92,0,170
650,28,115,91,191,1,134,158,239,84
650,29,210,161,59,167,69,109,58,121
650,30,58,239,0,224,77,60,140,40
650,31,163,115,127,98,195,58,126,227
650,32,108,3,123,109,226,45,67,161
650,33,79,43,61,46,90,118,225,112
650,34,74,27,20,13,66,98,163,108
650,35,239,27,9,161,114,255,168,134
650,36,222,192,93,25,20,32,137,190
650,37,5,101,65,80,96,74,2,139
650,38,64,8,147,176,202,61,42,191
650,39,228,168,115,163,227,132,252,253
651,0,190,253,235,208,141,115,158,221
651,1,113,184,7,180,145,21,136,151
651,2,225,14,146,4,161,31,54,30
651,3,231,204,83,181,91,96,161,12
651,4,187,95,96,179,85,91,198,224
651,5,99,112,51,226,78,41,75,184
651,6,218,0,121,30,202,12,219,83
651,7,118,88,33,142,227,175,13,225
651,8,53,148,113,59,105,24,214,158
651,9,99,38,116,77,228,164,237,195
651,10,23,113,245,149,241,49,175,28
651,11,178,139,110,35,127,117,159,214
651,12,21,10,184,149,93,105,201,205
651,13,34,144,188,11,27,170,9,67
651,14,184,173,20,132,34,21,188,247
651,15,74,124,90,221,139,235,223,158
651,16,115,91,191,177,1,158,62,151
651,17,69,210,161,109,58,95,181,113
651,18,58,0,239,40,77,224,125,252
651,19,163,115,6,208,24,255,90,127
651,20,113,245,24,26,11,81,244,53
651,21,170,116,38,99,213,196,190,162
651,22,23,13,224,210,113,83,27,11
651,23,161,178,46,129,127,45,26,5
651,24,127,149,184,177,87,44,10,5
651,25,34,11,144,88,104,136,153,68
651,26,173,20,184,132,107,110,162,154
651,27,141,243,74,124,212,223,92,128
651,28,115,191,151,91,1,204,125,239
651,29,210,109,69,161,34,59,58,196
651,30,58,224,77,239,0,155,36,98
651,31,127,163,115,192,58,116,186,98
651,32,108,226,67,190,204,45,54,203
651,33,79,43,85,199,115,93,27,19
651,34,27,74,132,146,122,25,2,24
651,35,239,27,222,168,134,248,189,140
651,36,222,20,25,137,237,192,170,190
651,37,5,39,184,34,139,128,0,92
651,38,64,109,202,32,134,115,83,228
651,39,186,190,11,168,100,151,136,128
652,0,193,167,38,54,94,44,53,130
652,1,58,122,201,188,117,181,238,105
652,2,140,74,27,186,245,85,54,14
652,3,34,91,35,103,128,61,13,94
652,4,159,177,213,130,117,219,41,114
652,5,78,15,145,226,184,214,130,159
652,6,60,0,121,198,83,187,155,219
652,7,88,90,237,118,221,180,106,142
652,8,113,104,245,238,105,190,73,106
652,9,170,116,38,164,126,191,25,56
652,10,113,23,27,36,210,224,33,28
652,11,23,233,178,161,26,35,214,241
652,12,10,149,87,44,93,201,21,48
652,13,34,11,144,153,147,4,121,105
652,14,173,20,184,132,34,239,188,133
652,15,74,141,90,124,200,0,223,212
652,16,115,151,91,191,1,158,125,177
652,17,210,109,69,58,161,34,76,113
652,18,0,58,239,77,40,224,128,54
652,19,163,127,208,115,242,227,254,255
652,20,113,245,26,223,215,81,244,11
652,21,170,116,38,99,52,213,196,126
652,22,118,23,36,224,27,78,211,69
652,23,129,45,226,178,35,127,96,205
652,24,127,62,87,177,149,204,4,231
652,25,34,104,11,153,144,209,136,128
652,26,173,184,132,130,154,110,29,123
652,27,141,243,92,212,187,223,126,74
652,28,115,191,1,134,204,151,125,208
652,29,69,210,109,161,196,34,246,108
652,30,58,77,224,54,98,104,36,161
652,31,127,192,115,163,95,58,254,69
652,32,108,67,226,190,203,204,45,63
652,33,79,43,85,199,87,178,27,91
652,34,186,27,74,146,154,122,2,24
652,35,239,27,14,168,66,140,246,149
652,36,20,137,170,237,76,105,121,182
652,37,39,54,120,139,183,148,195,131
652,38,109,207,175,228,241,83,99,72
652,39,162,25,76,100,235,166,27,198
653,0,173,18,40,22,147,7,127,95
653,1,112,129,189,224,147,172,142,124
653,2,72,196,206,119,248,165,67,160
653,3,245,193,73,121,239,19,76,137
653,4,205,140,187,193,199,58,67,122
653,5,152,78,214,185,100,154,12,173
653,6,0,60,145,121,198,68,7,122
653,7,88,142,13,176,44,58,90,180
653,8,122,148,85,175,53,113,33,106
653,9,170,193,99,240,43,247,132,83
653,10,27,96,224,142,4,168,37,22
653,11,23,241,139,133,49,90,35,36
653,12,10,149,212,48,203,109,110,13
653,13,34,11,21,144,33,201,104,1
653,14,173,34,132,21,147,247,162,184
653,15,74,90,141,139,64,223,0,212
653,16,191,115,1,151,177,62,134,17
653,17,210,161,69,110,74,109,34,58
653,18,54,58,77,224,128,96,125,74
653,19,127,24,186,192,208,115,61,203
653,20,122,50,148,53,113,172,143,24
653,21,99,170,214,58,233,132,121,195
653,22,96,245,217,162,13,224,166,27
653,23,23,237,87,126,183,139,40,48
653,24,13,127,244,92,10,23,214,149
653,25,34,180,144,208,11,189,136,162
653,26,130,132,173,21,17,248,55,34
653,27,141,145,104,92,1,139,193,90
653,28,191,115,142,1,177,135,66,158
653,29,69,161,210,217,196,209,74,68
653,30,58,77,8,54,224,147,96,152
653,31,127,186,133,95,192,174,114,152
653,32,67,233,108,63,73,204,52,190
653,33,79,87,204,106,222,66,182,243
653,34,66,154,138,164,176,218,108,76
653,35,69,14,95,246,149,164,189,215
653,36,213,164,166,4,144,135,240,143
653,37,218,171,129,226,115,234,136,71
653,38,68,239,175,72,58,25,17,93
653,39,25,235,222,226,164,230,100,191
654,0,195,211,139,71,248,100,89,222
654,1,135,55,91,187,118,125,25,170
654,2,246,101,5,113,81,78,51,240
654,3,107,147,184,194,165,19,121,18
654,4,125,32,166,158,29,207,223,178
654,5,36,75,24,108,0,196,195,179
654,6,205,252,219,117,145,47,223,101
654,7,18,149,232,168,190,130,162,99
654,8,53,202,214,111,131,250,59,70
654,9,99,192,141,79,7,60,158,147
654,10,38,195,92,73,172,168,104,228
654,11,184,166,214,154,215,117,218,254
654,12,10,109,182,111,76,200,36,231
654,13,34,144,184,148,2,27,188,115
654,14,85,34,247,173,132,190,239,213
654,15,74,193,90,28,141,139,202,212
654,16,191,1,134,124,115,161,197,17
654,17,161,210,69,68,184,244,215,217
654,18,8,58,54,77,233,98,96,173
654,19,127,24,186,208,149,144,62,180
654,20,53,202,148,122,100,118,50,245
654,21,99,121,143,195,233,214,158,201
654,22,245,224,38,76,96,28,108,78
654,23,166,87,205,183,139,40,237,184
654,24,127,142,243,87,92,177,244,229
654,25,34,177,144,189,242,205,1,136
654,26,130,173,85,132,57,163,107,34
654,27,141,139,92,104,66,138,62,126
654,28,191,142,177,158,1,124,134,115
654,29,161,69,210,217,68,127,74,91
654,30,8,58,96,77,104,47,98,127
654,31,186,127,133,58,56,220,125,149
654,32,233,218,30,190,63,52,67,133
654,33,204,61,87,4,225,39,178,137
654,34,66,108,154,122,245,163,120,6
654,35,209,215,69,246,9,19,195,64
654,36,106,170,190,144,230,240,143,186
654,37,171,165,234,253,13,136,218,24
654,38,190,239,25,77,143,43,49,111
654,39,87,140,222,235,105,90,123,24
655,0,211,70,77,0,104,37,82,171
655,1,210,237,220,55,23,115,170,25
655,2,195,225,199,196,181,31,161,206
655,3,33,57,185,96,161,181,180,121
655,4,226,166,134,40,29,125,47,11
655,5,0,75,173,91,128,154,237,36
655,6,12,219,252,250,145,253,223,47
655,7,18,129,149,106,225,142,150,130
655,8,53,148,59,214,192,131,70,238
655,9,99,141,158,195,31,11,192,218
655,10,96,245,38,172,45,104,149,78
655,11,166,117,184,121,200,243,194,214
655,12,127,109,10,188,201,141,48,177
655,13,34,144,189,2,27,9,201,188
655,14,173,85,34,247,132,21,211,239
655,15,74,90,193,66,139,141,128,158
655,16,191,115,1,209,177,134,239,17
655,17,161,210,69,42,121,68,244,34
655,18,54,8,58,233,96,77,42,98
655,19,186,127,24,28,149,208,190,254
655,20,122,148,53,247,50,245,118,143
655,21,99,121,195,143,225,15,170,58
655,22,96,245,76,78,38,13,28,224
655,23,205,126,166,87,139,237,183,40
655,24,127,142,184,177,113,110,244,201
655,25,34,189,63,144,177,35,180,136
655,26,130,110,21,173,34,102,248,211
655,27,141,139,127,92,126,104,187,223
655,28,191,177,142,16,1,158,115,204
655,29,161,69,210,217,127,249,74,34
655,30,58,96,77,8,54,147,47,98
655,31,186,127,149,114,174,95,133,24
655,32,233,67,5,190,63,16,52,169
655,33,87,204,61,106,39,178,27,252
655,34,66,154,192,163,98,160,223,120
655,35,69,215,209,195,77,65,246,173
655,36,4,213,164,224,144,170,230,190
655,37,171,205,108,54,149,221,180,141
655,38,73,25,83,143,8,165,132,220
655,39,57,221,108,206,196,76,81,144
656,0,243,133,230,114,103,74,108,182
656,1,104,210,12,247,65,196,232,53
656,2,69,206,56,197,225,30,248,138
656,3,105,227,2,80,83,71,165,96
656,4,22,56,126,46,19,155,85,134
656,5,173,128,214,0,9,4,196,240
656,6,0,12,218,219,222,198,121,227
656,7,11,178,88,225,237,193,106,217
656,8,53,148,122,242,59,38,240,214
656,9,99,109,245,15,53,195,141,6
656,10,96,245,149,28,1,235,167,145
656,11,241,139,151,77,0,166,126,117
656,12,198,110,109,228,10,203,127,48
656,13,34,144,179,1,57,67,83,208
656,14,173,72,190,132,21,130,34,247
656,15,104,79,139,97,90,74,202,0
656,16,115,191,1,78,201,177,125,198
656,17,210,161,225,69,128,120,244,151
656,18,8,58,54,96,137,237,77,107
656,19,186,127,208,151,28,62,246,56
656,20,122,148,38,128,53,70,96,131
656,21,109,99,170,52,15,195,233,237
656,22,96,245,28,76,70,197,215,254
656,23,241,139,126,48,77,38,233,151
656,24,87,228,149,110,69,127,48,10
656,25,34,63,27,144,161,189,136,172
656,26,130,219,87,173,34,228,188,154
656,27,141,243,163,139,29,158,223,202
656,28,177,191,142,158,1,78,115,134
656,29,210,74,161,194,69,34,247,217
656,30,8,58,161,36,94,120,77,47
656,31,186,127,58,254,174,62,153,197
656,32,233,149,52,190,73,218,164,16
656,33,204,106,87,199,39,178,19,51
656,34,66,154,146,108,138,46,91,99
656,35,195,69,131,64,133,215,60,194
656,36,213,113,196,218,190,75,223,170
656,37,218,149,171,137,133,109,226,243
656,38,239,252,72,117,68,190,77,25
656,39,230,206,226,25,222,202,180,152
657,0,0,195,148,20,224,162,8,153
657,1,204,55,171,237,220,42,74,6
657,2,237,45,203,131,206,177,13,192
657,3,184,107,132,165,207,66,96,79
657,4,158,218,226,56,212,40,32,114
657,5,36,128,112,196,216,75,214,0
657,6,219,172,23,252,117,45,158,0
657,7,18,149,253,225,88,111,134,11
657,8,53,148,59,108,214,202,111,36
657,9,99,31,237,192,177,214,252,15
657,10,38,197,92,226,245,73,172,154
657,11,184,166,154,117,118,77,244,43
657,12,198,10,131,109,248,240,182,2
657,13,34,192,144,148,240,208,9,106
657,14,85,173,132,190,1,94,188,34
657,15,90,193,74,64,139,97,101,141
657,16,191,1,201,177,209,115,197,161
657,17,210,161,69,217,128,68,74,226
657,18,8,54,77,96,58,239,193,156
657,19,186,127,246,144,149,24,195,158
657,20,202,50,53,127,26,171,131,231
657,21,99,121,184,58,148,136,214,237
657,22,118,38,92,73,13,123,76,195
657,23,166,233,129,88,112,154,96,73
657,24,243,109,18,177,78,8,10,201
657,25,34,118,144,251,171,136,109,24
657,26,85,142,55,178,4,200,102,94
657,27,141,29,243,137,127,139,53,187
657,28,191,1,177,134,158,175,248,125
657,29,210,74,161,69,249,237,10,184
657,30,8,58,77,96,36,47,104,113
657,31,186,58,113,153,127,238,170,98
657,32,233,190,218,16,213,63,164,32
657,33,204,51,147,27,177,106,137,199
657,34,66,226,108,146,218,154,136,160
657,35,194,64,69,38,246,14,195,162
657,36,59,149,7,29,144,165,80,190
657,37,171,165,156,180,232,109,13,152
657,38,190,73,239,111,176,77,8,180
657,39,87,164,153,105,222,32,206,41
658,0,70,32,104,94,176,211,0,77
658,1,210,220,237,55,173,115,170,125
658,2,195,220,248,199,222,18,61,240
658,3,57,185,96,181,209,68,7,22
658,4,179,244,134,166,226,29,40,11
658,5,128,154,0,173,75,156,196,179
658,6,12,0,219,218,30,240,223,234
658,7,253,88,129,225,190,150,204,106
658,8,53,148,59,216,214,242,158,24
658,9,99,77,62,141,58,158,192,79
658,10,245,38,149,74,96,28,42,10
658,11,166,77,117,241,144,0,43,139
658,12,198,248,110,109,10,203,48,32
658,13,34,144,192,148,208,51,1,83
658,14,173,130,72,132,34,21,239,248
658,15,90,74,139,104,97,141,0,64
658,16,191,115,1,201,177,62,209,239
658,17,161,210,68,244,69,128,225,74
658,18,54,8,58,96,77,125,137,93
658,19,186,24,127,208,246,235,254,189
658,20,50,18,231,248,148,245,237,11
658,21,99,170,58,52,246,121,237,91
658,22,215,44,76,78,13,48,245,29
658,23,126,233,205,123,87,219,90,34
658,24,243,127,142,184,214,23,177,8
658,25,34,63,243,136,189,135,177,211
658,26,130,173,102,133,216,228,107,188
658,27,141,92,62,243,151,225,160,38
658,28,177,115,134,191,158,1,175,48
658,29,74,161,210,69,247,194,167,34
658,30,58,99,239,224,113,77,26,52
658,31,186,114,127,98,192,185,58,232
658,32,108,190,66,166,203,0,182,115
658,33,79,27,46,252,199,170,39,60
658,34,194,108,6,162,189,100,122,77
658,35,230,246,33,140,200,65,215,195
658,36,190,75,237,170,216,113,186,86
658,37,5,148,137,54,154,24,139,102
658,38,73,0,66,171,228,99,160,40
658,39,193,218,79,107,104,182,196,152
659,0,243,9,118,227,119,35,101,213
659,1,210,199,184,247,12,227,53,168
659,2,248,206,69,59,171,114,30,0
659,3,77,88,183,105,162,240,204,49
659,4,19,179,69,17,191,64,83,97
659,5,51,214,231,190,230,184,112,189
659,6,0,121,218,240,219,192,83,147
659,7,13,142,178,253,112,237,225,11
659,8,53,148,59,113,214,24,250,242
659,9,99,77,170,79,195,15,247,83
659,10,96,245,149,142,28,113,208,167
659,11,241,178,139,203,48,183,77,182
659,12,198,110,109,10,248,48,2,229
659,13,34,144,211,1,67,208,148,83
659,14,173,130,132,34,21,239,184,162
659,15,74,97,90,79,0,104,139,141
659,16,191,115,1,62,201,198,17,177
659,17,210,161,225,244,69,34,68,134
659,18,58,54,77,96,224,125,132,145
659,19,186,127,208,246,192,24,153,236
659,20,148,113,53,100,248,50,118,128
659,21,170,99,135,52,177,36,233,143
659,22,245,96,197,170,76,29,30,224
659,23,205,178,203,233,48,123,243,5
659,24,149,4,127,177,229,87,10,243
659,25,34,211,144,27,201,177,227,11
659,26,130,173,132,107,110,102,228,21
659,27,74,141,62,243,223,104,92,160
659,28,115,191,158,177,134,1,125,194
659,29,210,161,109,247,69,194,112,74
659,30,58,77,224,113,52,239,36,189
659,31,192,127,186,115,98,185,254,58
659,32,108,226,229,190,227,66,133,45
659,33,79,39,199,197,19,32,85,115
659,34,108,184,74,160,203,6,25,104
659,35,195,33,246,52,201,27,248,245
659,36,75,222,196,165,190,113,229,237
659,37,5,17,139,137,63,102,227,165
659,38,24,66,227,43,228,114,126,250
659,39,228,61,196,79,182,218,95,164
660,0,190,253,235,141,221,158,64,125
660,1,113,179,203,7,217,145,180,21
660,2,127,239,220,104,98,229,62,132
660,3,115,78,82,140,83,241,90,160
660,4,127,17,177,85,183,91,179,246
660,5,176,166,212,37,214,184,138,238
660,6,0,121,198,218,117,103,210,252
660,7,231,70,118,45,106,238,237,178
660,8,113,175,104,158,106,59,24,12
660,9,116,170,38,191,83,195,56,118
660,10,208,13,29,96,27,48,33,191
660,11,73,23,133,127,178,163,241,203
660,12,93,87,112,253,53,203,85,204
660,13,34,11,211,144,105,21,67,121
660,14,173,184,239,133,34,119,200,130
660,15,74,172,90,223,156,141,0,113
660,16,115,191,36,1,134,174,177,62
660,17,210,109,34,225,161,243,121,69
660,18,58,224,77,173,54,40,140,104
660,19,192,186,127,153,236,115,208,32
660,20,113,148,245,158,217,12,142,223
660,21,116,170,38,52,99,135,237,162
660,22,69,29,36,11,224,145,30,166
660,23,129,233,38,163,81,203,172,73
660,24,177,62,127,87,77,98,102,201
660,25,34,11,189,234,146,201,141,91
660,26,107,173,130,98,102,149,81,216
660,27,29,243,74,229,254,223,56,89
660,28,134,115,191,158,204,125,110,194
660,29,210,109,161,232,59,246,123,165
660,30,58,77,224,104,36,40,145,252
660,31,192,115,127,186,58,148,62,216
660,32,108,226,204,133,63,227,66,190
660,33,79,32,85,39,199,27,29,19
660,34,74,27,132,108,130,168,36,184
660,35,239,27,195,33,161,131,255,6
660,36,222,196,75,94,190,61,138,230
660,37,218,36,227,105,139,49,11,128
660,38,64,83,131,142,4,157,113,205
660,39,186,182,61,47,153,196,19,168
661,0,167,38,193,94,54,44,130,245
661,1,122,201,117,105,179,140,217,84
661,2,127,239,173,64,102,154,134,99
661,3,120,122,91,19,90,74,220,94
661,4,218,177,41,80,159,179,120,237
661,5,239,35,160,226,230,68,221,196
661,6,85,214,198,199,219,98,119,160
661,7,237,67,219,40,153,109,139,217
661,8,113,158,53,12,111,69,96,214
661,9,99,192,7,105,91,146,74,162
661,10,96,166,189,145,104,121,93,183
661,11,41,73,196,90,87,214,4,183
661,12,53,105,88,117,111,62,72,4
661,13,34,67,184,201,208,129,9,85
661,14,173,132,130,34,239,29,247,110
661,15,74,90,184,141,139,247,38,145
661,16,191,115,177,62,1,134,18,24
661,17,161,210,69,244,109,215,121,58
661,18,54,58,224,77,233,140,173,38
661,19,127,192,115,208,24,95,153,186
661,20,148,53,113,161,223,131,158,24
661,21,99,177,209,135,78,233,52,229
661,22,151,29,224,96,183,144,249,30
661,23,129,148,46,249,233,91,176,5
661,24,184,127,4,117,91,144,6,177
661,25,34,161,117,227,177,189,139,135
661,26,57,110,154,211,228,227,197,12
661,27,243,141,150,176,91,255,127,117
661,28,158,89,218,248,134,6,175,240
661,29,59,161,30,194,40,237,45,112
661,30,60,40,193,172,180,216,100,3
661,31,238,186,156,32,158,81,160,242
661,32,127,16,180,66,52,218,30,190
661,33,32,79,199,39,17,27,19,187
661,34,186,66,108,138,27,130,243,189
661,35,195,60,64,255,6,52,131,162
661,36,75,137,170,95,186,229,190,106
661,37,218,165,148,154,69,183,139,105
661,38,190,239,204,252,248,164,207,157
661,39,222,206,235,168,81,230,25,41
662,0,148,0,195,8,20,173,162,224
662,1,55,125,204,103,115,170,42,84
662,2,91,6,254,239,32,12,124,126
662,3,184,207,121,66,156,19,48,115
662,4,218,41,147,158,198,125,226,212
662,5,36,112,33,75,5,168,35,196
662,6,205,219,223,117,81,198,101,222
662,7,149,18,142,225,139,237,106,110
662,8,53,148,202,245,59,12,111,158
662,9,99,31,158,237,162,196,141,7
662,10,38,92,42,245,183,73,172,197
662,11,184,166,117,154,118,110,254,237
662,12,10,131,13,187,177,18,200,240
662,13,34,144,148,115,241,240,4,106
662,14,85,173,107,132,34,190,1,239
662,15,74,193,141,90,82,101,66,64
662,16,191,1,34,197,201,161,200,135
662,17,210,161,59,184,69,196,217,214
662,18,8,54,224,77,145,58,140,104
662,19,127,115,24,158,180,236,149,195
662,20,202,53,119,223,148,245,69,246
662,21,121,99,136,101,237,158,141,233
662,22,104,38,48,224,92,195,245,191
662,23,166,129,154,139,118,237,233,228
662,24,10,77,21,62,92,184,152,41
662,25,34,144,189,136,135,132,141,88
662,26,85,55,132,136,102,166,250,207
662,27,141,74,126,243,42,62,137,66
662,28,191,158,34,134,124,1,248,194
662,29,59,210,161,73,69,232,184,30
662,30,8,77,113,161,145,47,104,252
662,31,186,58,90,56,127,62,115,254
662,32,233,218,66,16,108,202,63,204
662,33,204,147,106,225,137,60,177,199
662,34,66,226,108,122,171,160,130,25
662,35,162,38,9,209,246,131,245,168
662,36,186,75,170,16,84,58,95,149
662,37,165,156,139,218,171,243,17,102
662,38,190,73,239,204,111,17,180,8
662,39,87,164,140,105,222,185,153,206
663,0,29,230,104,26,94,45,201,48
663,1,21,55,163,210,65,121,125,170
663,2,195,220,248,199,240,18,190,212
663,3,22,168,11,175,240,74,134,209
663,4,179,46,134,147,183,166,125,28
663,5,154,0,128,74,232,73,168,239
663,6,250,12,30,205,81,187,219,0
663,7,129,142,6,18,141,241,252,193
663,8,53,148,111,59,233,158,121,36
663,9,99,192,237,97,101,134,233,105
663,10,245,96,197,149,38,30,158,170
663,11,166,139,144,72,223,237,121,94
663,12,10,131,240,13,21,233,182,48
663,13,34,144,148,67,201,180,208,188
663,14,130,132,21,110,34,29,227,94
663,15,74,97,90,196,139,151,128,187
663,16,34,191,201,158,6,62,1,115
663,17,161,210,225,59,215,69,237,116
663,18,8,54,77,145,173,140,129,107
663,19,24,186,227,246,255,208,115,220
663,20,223,148,53,248,158,238,2,142
663,21,99,121,177,52,237,158,214,233
663,22,245,48,38,104,29,127,71,168
663,23,166,126,139,224,237,72,16,26
663,24,10,184,131,240,177,127,92,201
663,25,34,189,144,201,227,135,4,119
663,26,110,85,107,217,94,219,63,55
663,27,141,126,42,243,29,196,74,19
663,28,191,158,34,50,204,89,134,6
663,29,59,210,161,225,249,95,194,69
663,30,8,113,216,129,110,140,164,54
663,31,174,238,90,127,58,207,98,178
663,32,233,157,66,43,115,203,41,118
663,33,87,204,198,106,161,199,137,19
663,34,108,66,146,154,100,160,2,245
663,35,65,19,155,140,195,168,200,246
663,36,55,170,137,144,140,225,122,30
663,37,24,139,243,30,226,165,240,148
663,38,166,228,164,24,131,115,252,187
663,39,193,107,235,210,90,206,109,196
664,0,119,9,125,227,186,131,118,15
664,1,102,207,160,210,194,57,99,36
664,2,48,204,37,168,51,19,203,220
664,3,5,189,239,102,162,122,67,65
664,4,16,247,166,32,82,83,248,181
664,5,75,226,154,156,211,231,168,149
664,6,219,0,222,85,250,115,58,50
664,7,129,89,178,153,102,225,139,94
664,8,240,148,53,158,59,250,122,214
664,9,109,193,99,237,195,192,83,158
664,10,96,183,4,33,245,238,158,149
664,11,139,82,159,90,166,188,144,180
664,12,10,21,5,240,177,105,205,48
664,13,34,144,179,67,201,188,224,148
664,14,94,55,227,132,173,21,68,35
664,15,74,235,193,10,99,141,196,245
664,16,34,115,78,158,191,6,134,49
664,17,210,122,161,69,237,134,169,205
664,18,8,77,11,58,40,173,54,224
664,19,127,115,174,246,254,151,79,242
664,20,223,53,148,24,245,143,238,11
664,21,109,237,99,213,229,233,135,158
664,22,145,104,48,127,215,213,227,96
664,23,126,129,46,139,102,5,224,22
664,24,184,127,87,104,6,112,213,214
664,25,34,189,121,119,159,2,205,177
664,26,110,217,9,87,12,107,55,98
664,27,136,243,117,141,187,42,29,196
664,28,158,89,50,208,191,216,248,220
664,29,59,210,249,131,97,56,95,34
664,30,193,107,40,42,113,8,3,252
664,31,194,98,186,32,10,204,238,90
664,32,233,66,218,41,244,43,16,103
664,33,27,204,137,53,239,19,115,242
664,34,108,192,159,137,17,245,99,77
664,35,65,19,33,52,195,193,225,234
664,36,186,159,137,170,229,165,113,199
664,37,165,30,247,218,243,137,160,53
664,38,252,166,236,115,25,117,98,142
664,39,22,206,229,235,90,132,164,47
665,0,195,248,34,71,23,201,100,245
665,1,91,187,55,125,115,170,136,25
665,2,204,211,168,48,177,51,104,45
665,3,239,63,165,32,45,11,189,18
665,4,166,32,158,207,178,137,169,113
665,5,36,75,168,24,149,40,179,196
665,6,219,13,250,216,223,253,222,119
665,7,149,18,232,190,130,168,114,99
665,8,53,202,59,106,214,131,128,250
665,9,99,31,192,75,158,237,141,7
665,10,38,172,37,92,245,73,112,175
665,11,166,184,117,43,183,154,123,35
665,12,10,21,240,205,248,184,168,48
665,13,34,148,144,54,27,188,67,208
665,14,85,94,68,223,193,254,26,34
665,15,74,193,235,132,141,102,28,42
665,16,134,89,6,197,191,175,1,48
665,17,161,210,169,69,215,209,116,184
665,18,239,8,100,140,99,77,58,173
665,19,24,163,115,6,90,144,149,208
665,20,53,223,238,160,202,246,215,253
665,21,121,99,77,136,195,143,135,101
665,22,38,213,37,227,245,23,13,224
665,23,166,184,104,90,123,224,78,26
665,24,184,213,87,10,109,127,177,201
665,25,34,144,119,205,71,221,227,177
665,26,107,184,173,154,85,162,81,186
665,27,141,74,193,34,128,223,48,42
665,28,115,91,175,191,134,1,50,158
665,29,210,161,59,95,167,125,121,69
665,30,58,0,239,60,155,161,140,224
665,31,163,177,208,195,58,45,227,13
665,32,108,3,218,112,45,66,103,135
665,33,79,46,43,27,137,19,77,112
665,34,17,20,108,160,146,242,137,192
665,35,33,86,52,65,114,19,162,9
665,36,93,159,186,32,144,113,170,25
665,37,5,130,165,148,160,187,4,96
665,38,131,176,227,190,191,112,75,70
665,39,115,132,235,171,252,67,109,218
666,0,190,253,235,141,221,61,208,158
666,1,113,7,184,145,21,180,136,229
666,2,225,204,168,146,51,4,161,181
666,3,231,204,83,161,181,96,64,32
666,4,96,179,135,187,91,39,234,198
666,5,99,112,51,189,184,41,145,78
666,6,218,0,121,202,219,83,250,30
666,7,33,88,118,225,142,133,22,145
666,8,53,148,59,158,113,105,192,214
666,9,99,228,77,38,237,116,195,74
666,10,23,113,245,238,175,149,158,37
666,11,178,35,82,214,127,139,90,159
666,12,21,10,205,248,184,87,48,5
666,13,34,144,4,27,54,170,188,201
666,14,184,173,193,68,21,29,132,227
666,15,74,124,90,202,97,113,32,212
666,16,115,91,191,24,168,151,1,177
666,17,210,161,69,58,109,121,169,215
666,18,58,77,239,0,224,54,40,140
666,19,163,24,208,115,246,186,255,90
666,20,113,53,158,100,245,11,24,244
666,21,116,99,143,38,237,83,162,11
666,22,224,23,210,52,241,28,254,158
666,23,178,163,123,233,240,127,129,26
666,24,127,184,87,177,255,82,23,34
666,25,34,88,109,144,68,207,4,161
666,26,173,184,9,87,107,98,110,228
666,27,141,247,243,29,74,128,212,219
666,28,115,134,39,91,204,151,191,158
666,29,210,34,161,109,95,135,237,67
666,30,58,60,155,0,224,239,40,94
666,31,163,177,220,8,176,156,246,58
666,32,108,226,66,63,190,135,103,45
666,33,43,79,85,210,4,142,242,115
666,34,74,27,146,52,108,137,189,153
666,35,239,27,52,127,193,78,154,48
666,36,222,20,192,76,216,190,170,159
666,37,5,227,128,39,17,175,53,97
666,38,64,32,134,250,109,228,90,187
666,39,186,216,167,218,170,73,22,47
667,0,193,167,38,54,94,44,53,130
667,1,122,58,201,117,188,181,238,105
667,2,140,204,245,74,186,27,104,54
667,3,103,34,91,35,128,61,13,241
667,4,159,213,130,177,117,41,224,255
667,5,78,15,145,41,214,224,184,159
667,6,60,0,121,198,83,219,155,206
667,7,88,90,237,118,70,224,106,25
667,8,104,245,113,175,105,238,158,160
667,9,170,116,38,126,191,25,164,228
667,10,113,210,27,36,23,28,33,238
667,11,178,233,23,35,161,26,140,133
667,12,87,10,93,195,48,203,44,149
667,13,34,11,144,153,68,4,224,31
667,14,173,50,184,20,92,147,34,130
667,15,189,74,141,90,113,243,223,212
667,16,115,151,191,26,91,177,134,1
667,17,210,131,109,119,113,34,10,56
667,18,0,58,128,239,40,77,145,137
667,19,163,23,12,186,236,255,1,254
667,20,26,113,245,223,18,9,139,81
667,21,170,116,126,38,52,246,132,244
667,22,36,23,69,224,43,27,210,70
667,23,129,126,178,88,38,36,125,127
667,24,242,127,44,201,87,204,98,214
667,25,34,104,11,254,153,61,68,161
667,26,173,50,184,130,29,55,186,162
667,27,141,243,189,136,97,156,38,219
667,28,115,134,151,191,177,255,110,204
667,29,210,161,109,69,57,108,232,74
667,30,58,94,60,224,51,155,74,239
667,31,163,186,127,192,176,227,41,246
667,32,108,226,66,190,67,63,203,135
667,33,79,43,32,85,210,19,39,199
667,34,186,74,27,146,153,137,53,122
667,35,239,155,52,154,27,130,81,208
667,36,20,75,76,105,222,170,95,216
667,37,160,5,39,130,17,77,13,24
667,38,109,17,99,137,252,25,91,83
667,39,162,206,167,192,208,235,6,198
668,0,212,169,7,22,218,102,173,110
668,1,112,147,224,129,189,172,250,127
668,2,248,206,138,165,72,74,68,179
668,3,99,245,121,164,153,89,193,48
668,4,140,205,199,67,72,193,83,28
668,5,78,224,111,152,15,154,130,134
668,6,0,60,198,121,145,252,7,112
668,7,88,142,180,44,13,70,237,224
668,8,113,148,53,245,175,122,36,85
668,9,170,99,240,247,121,43,145,15
668,10,96,27,245,48,167,37,168,191
668,11,133,241,139,23,35,87,110,90
668,12,110,203,141,198,149,48,10,242
668,13,34,21,11,144,1,67,106,208
668,14,173,130,21,184,92,34,247,162
668,15,97,141,74,90,104,0,139,38
668,16,115,191,1,177,201,29,62,49
668,17,161,210,113,34,116,69,131,244
668,18,58,54,74,145,77,137,125,98
668,19,186,24,208,235,246,56,90,127
668,20,50,245,113,139,26,11,148,231
668,21,170,58,99,121,52,223,65,195
668,22,21,43,224,29,162,13,145,170
668,23,205,126,237,129,87,155,219,81
668,24,127,214,92,184,117,242,192,201
668,25,34,177,243,63,161,136,152,104
668,26,130,29,21,173,34,102,123,55
668,27,141,247,229,97,243,62,187,92
668,28,191,115,177,134,158,120,48,162
668,29,161,86,210,69,247,171,109,74
668,30,58,224,94,77,54,217,60,102
668,31,186,192,163,127,235,114,176,148
668,32,108,250,190,203,52,226,227,63
668,33,79,182,39,19,85,115,222,210
668,34,9,27,74,108,76,146,205,24
668,35,239,27,52,40,149,230,156,155
668,36,75,196,25,105,222,190,216,204
668,37,5,63,226,105,17,234,189,215
668,38,0,43,25,171,160,227,126,66
668,39,192,235,196,164,81,22,118,208
669,0,9,243,118,227,15,119,21,35
669,1,227,241,157,148,134,136,127,36
669,2,102,171,172,144,202,179,246,1
669,3,244,68,124,237,45,145,49,28
669,4,97,69,232,21,50,64,87,168
669,5,143,25,20,247,215,200,21,57
669,6,139,225,254,24,211,78,111,163
669,7,241,141,213,148,142,209,200,194
669,8,53,148,59,11,113,81,91,192
669,9,99,246,184,235,127,201,63,203
669,10,23,176,96,78,144,123,145,79
669,11,204,135,152,226,214,42,56,12
669,12,10,251,167,79,244,127,111,176
669,13,34,208,158,146,205,52,78,118
669,14,132,34,173,162,239,161,130,58
669,15,74,206,90,145,122,134,38,158
669,16,74,191,24,62,195,172,4,116
669,17,161,210,244,69,151,196,209,58
669,18,77,58,54,224,67,233,64,225
669,19,127,208,95,25,115,61,117,186
669,20,53,148,85,100,161,72,195,105
669,21,143,99,233,229,90,195,202,22
669,22,245,160,149,34,147,190,52,241
669,23,80,105,223,32,241,242,111,63
669,24,244,10,127,116,161,195,28,201
669,25,34,45,208,58,170,83,158,250
669,26,21,132,130,134,248,59,173,204
669,27,145,206,14,90,139,74,235,104
669,28,74,191,158,142,172,25,1,104
669,29,150,233,161,1,196,209,192,151
669,30,77,4,9,224,58,152,64,67
669,31,95,180,115,127,135,133,192,87
669,32,33,255,67,204,215,233,236,108
669,33,192,87,50,110,51,79,106,220
669,34,16,218,254,123,66,27,149,185
669,35,60,53,202,14,220,194,161,219
669,36,110,154,188,4,213,78,134,11
669,37,199,129,171,145,224,8,163,86
669,38,103,239,191,144,196,21,65,233
669,39,228,140,252,225,210,235,223,198
670,0,190,253,158,221,132,64,141,125
670,1,113,179,217,203,7,73,145,180
670,2,102,127,246,220,132,62,239,54
670,3,194,115,82,78,19,122,140,241
670,4,17,127,177,85,114,172,246,0
670,5,166,135,29,255,184,212,87,37
670,6,0,198,121,219,176,160,217,117
670,7,70,238,231,162,54,106,157,55
670,8,113,175,104,106,158,64,12,59
670,9,170,116,38,191,83,124,192,105
670,10,48,27,29,118,208,11,210,4
670,11,23,133,163,16,35,127,73,183
670,12,93,87,141,201,112,253,122,48
670,13,34,11,21,105,4,67,211,153
670,14,173,184,87,34,70,29,133,200
670,15,74,141,0,172,150,254,38,104
670,16,115,120,191,29,158,36,134,62
670,17,210,34,131,134,161,113,109,247
670,18,58,74,40,145,42,104,132,160
670,19,186,153,56,242,246,90,16,24
670,20,245,223,11,216,205,26,231,113
670,21,170,116,65,74,52,152,195,219
670,22,29,69,11,203,43,78,129,145
670,23,129,73,92,163,16,205,4,131
670,24,77,242,211,127,98,4,224,204
670,25,34,128,161,17,146,236,227,141
670,26,197,70,130,71,250,9,107,123
670,27,29,97,89,243,69,141,247,254
670,28,120,115,158,204,36,125,134,194
670,29,59,210,109,232,180,167,165,95
670,30,58,224,94,172,74,60,36,145
670,31,10,186,16,160,177,242,41,197
670,32,108,226,52,227,190,203,45,66
670,33,79,85,137,210,199,27,115,19
670,34,74,27,108,146,132,46,168,6
670,35,239,27,203,40,33,64,195,60
670,36,222,138,230,17,224,21,190,64
670,37,218,36,160,105,227,130,241,243
670,38,64,252,250,157,142,98,171,3
670,39,186,218,22,19,47,61,255,168
671,0,167,38,193,54,94,130,44,245
671,1,122,201,117,105,179,140,217,84
671,2,127,102,239,64,173,246,132,99
671,3,120,122,19,91,194,74,90,32
671,4,218,177,80,41,237,18,25,223
671,5,239,230,160,226,221,255,196,35
671,6,198,214,219,176,160,199,119,158
671,7,67,237,159,153,136,109,162,219
671,8,113,111,158,12,53,248,59,131
671,9,192,105,53,7,91,99,33,196
671,10,96,189,104,145,166,21,240,29
671,11,41,73,196,4,90,253,110,168
671,12,105,88,127,53,104,152,72,182
671,13,34,227,71,132,67,255,184,85
671,14,132,173,34,130,239,162,247,21
671,15,90,74,139,145,38,206,111,212
671,16,191,74,62,24,4,17,125,115
671,17,161,69,244,210,204,186,34,151
671,18,77,58,64,224,54,67,100,98
671,19,208,127,115,186,61,24,25,98
671,20,53,100,223,85,148,166,54,161
671,21,99,143,214,195,135,45,233,90
671,22,245,160,149,229,52,96,207,112
671,23,80,48,241,55,91,140,242,78
671,24,244,10,4,127,58,243,201,13
671,25,34,208,158,58,170,252,130,15
671,26,130,173,21,248,252,132,228,153
671,27,74,139,0,122,206,82,90,219
671,28,74,191,115,25,142,175,158,1
671,29,150,161,190,204,69,244,113,58
671,30,77,9,64,4,52,11,119,97
671,31,67,61,240,135,45,254,95,211
671,32,33,217,7,115,30,236,101,81
671,33,192,21,161,13,245,159,5,239
671,34,16,70,211,247,230,149,155,2
671,35,60,202,11,206,165,220,219,151
671,36,188,119,110,78,43,15,134,123
671,37,206,219,139,112,163,103,140,165
671,38,103,191,204,192,228,137,31,176
671,39,120,230,25,206,222,204,252,245
672,0,148,0,195,8,162,224,173,20
672,1,204,55,103,125,42,115,84,25
672,2,102,62,64,6,12,246,254,239
672,3,184,19,120,66,121,207,156,194
672,4,218,32,41,207,158,178,223,117
672,5,36,168,75,33,112,226,24,40
672,6,219,205,222,221,252,223,158,101
672,7,149,18,110,225,102,106,139,130
672,8,53,111,59,202,245,148,158,231
672,9,31,99,196,237,192,158,79,7
672,10,38,92,73,197,42,168,221,183
672,11,166,184,154,118,43,117,110,244
672,12,10,177,98,131,18,109,168,200
672,13,34,144,148,67,53,241,54,240
672,14,85,190,34,107,1,188,247,239
672,15,74,90,101,193,139,202,10,28
672,16,191,1,197,6,161,101,125,201
672,17,210,135,161,128,204,217,122,130
672,18,239,77,8,54,145,58,98,64
672,19,24,115,160,246,144,186,139,127
672,20,53,148,59,161,160,85,118,202
672,21,99,246,90,123,196,143,184,149
672,22,160,92,245,231,44,205,191,23
672,23,80,253,2,159,224,17,78,154
672,24,77,68,10,183,127,147,21,113
672,25,34,208,161,109,23,132,174,216
672,26,132,136,154,29,168,227,192,166
672,27,150,74,158,223,139,122,45,101
672,28,89,74,134,191,48,241,6,227
672,29,150,161,246,69,59,135,92,191
672,30,180,216,40,155,199,193,173,98
672,31,10,148,90,176,107,254,156,32
672,32,227,203,138,66,52,190,217,180
672,33,147,27,177,84,204,137,225,115
672,34,66,138,108,146,226,29,242,46
672,35,162,247,215,155,219,195,60,40
672,36,186,190,143,159,233,11,170,230
672,37,165,171,156,13,187,242,137,185
672,38,190,239,73,175,11,193,10,233
672,39,87,107,140,222,22,164,105,133
673,0,29,32,201,104,19,94,45,48
673,1,55,71,251,118,3,100,65,210
673,2,220,195,248,240,234,61,190,18
673,3,57,185,96,244,90,181,240,195
673,4,179,46,203,147,200,134,166,101
673,5,0,154,232,73,239,42,128,75
673,6,12,219,81,250,40,193,187,8
673,7,142,193,129,22,225,145,18,6
673,8,53,148,59,111,158,205,192,160
673,9,99,192,237,97,134,101,7,31
673,10,245,104,197,38,30,149,74,170
673,11,166,74,144,237,126,26,139,41
673,12,10,131,92,21,182,248,13,111
673,13,34,144,21,67,148,4,106,201
673,14,29,92,110,217,193,21,130,68
673,15,97,74,187,25,90,245,139,196
673,16,177,115,134,6,191,201,49,79
673,17,161,119,210,215,59,116,69,221
673,18,172,8,54,239,77,145,42,58
673,19,24,90,186,158,79,131,170,255
673,20,11,223,53,131,248,158,34,142
673,21,246,121,213,158,99,37,101,219
673,22,224,121,30,104,245,195,29,181
673,23,126,224,88,34,102,152,129,136
673,24,127,242,214,184,98,177,201,10
673,25,34,189,135,227,132,161,70,146
673,26,92,110,29,9,217,130,55,219
673,27,141,247,97,69,62,154,136,243
673,28,158,177,245,134,66,204,14,93
673,29,59,210,95,56,136,92,232,36
673,30,113,229,172,30,60,40,42,140
673,31,10,186,207,160,238,177,178,32
673,32,170,101,66,203,157,63,190,217
673,33,39,137,79,161,157,199,115,27
673,34,108,159,66,171,17,137,173,189
673,35,64,215,140,33,208,119,233,155
673,36,170,122,233,94,224,216,75,113
673,37,24,5,148,165,171,247,160,139
673,38,126,187,219,227,164,228,250,252
673,39,193,107,218,216,22,79,61,182
674,0,119,9,125,227,118,186,198,131
674,1,102,207,57,194,36,99,210,88
674,2,48,24,136,220,148,0,215,156
674,3,5,122,222,65,239,145,102,162
674,4,16,32,248,247,166,83,101,120
674,5,156,226,231,211,75,166,179,38
674,6,219,222,17,221,191,158,244,5
674,7,213,241,102,89,162,25,153,189
674,8,240,111,59,158,53,39,250,146
674,9,246,109,135,127,99,122,193,209
674,10,23,44,127,78,60,79,144,136
674,11,80,126,193,152,226,45,22,12
674,12,79,127,142,167,52,251,153,24
674,13,34,139,57,52,146,132,78,205
674,14,132,34,173,165,248,162,84,239
674,15,74,90,139,145,206,82,170,124
674,16,191,74,24,172,239,115,25,166
674,17,161,210,69,58,244,233,95,186
674,18,224,77,58,54,98,53,137,26
674,19,115,208,129,61,127,214,79,192
674,20,53,85,195,100,244,148,144,161
674,21,99,143,195,177,88,105,129,78
674,22,96,207,160,149,245,147,246,28
674,23,78,80,57,252,91,110,163,45
674,24,21,127,244,10,152,177,255,176
674,25,34,15,208,58,158,205,109,170
674,26,173,132,59,34,29,162,230,248
674,27,74,193,122,170,235,255,224,223
674,28,115,191,25,168,1,222,140,239
674,29,161,69,233,150,59,210,196,165
674,30,77,224,58,98,104,199,52,217
674,31,115,127,138,192,90,208,238,94
674,32,108,33,204,67,232,63,101,252
674,33,79,192,123,113,137,71,62,35
674,34,16,27,192,108,74,159,211,99
674,35,239,47,161,64,17,180,193,204
674,36,80,76,159,220,149,171,204,93
674,37,165,5,8,118,36,68,189,160
674,38,103,117,166,252,173,131,176,187
674,39,22,115,25,206,107,86,106,120
675,0,195,248,34,71,100,245,201,23
675,1,91,187,55,125,115,136,170,25
675,2,211,48,136,177,112,45,24,148
675,3,239,165,194,57,123,32,63,178
675,4,32,207,166,178,158,113,117,169
675,5,36,168,179,38,196,149,199,40
675,6,53,250,223,253,158,219,244,13
675,7,149,18,25,42,150,127,83,190
675,8,245,216,111,59,250,202,106,158
675,9,77,222,99,158,33,31,192,237
675,10,23,37,210,113,245,38,168,74
675,11,140,26,35,43,161,136,214,90
675,12,10,21,242,248,44,87,205,27
675,13,34,144,67,208,4,97,54,170
675,14,184,173,132,20,34,21,29,105
675,15,74,124,139,235,90,25,189,212
675,16,91,115,191,24,1,49,48,249
675,17,161,69,210,109,58,68,119,121
675,18,77,0,224,54,239,58,98,140
675,19,24,163,115,208,90,153,127,246
675,20,53,113,148,50,161,244,59,118
675,21,99,38,143,164,195,213,141,135
675,22,23,113,108,245,162,144,195,105
675,23,161,178,123,26,48,46,221,184
675,24,127,244,255,44,21,184,13,117
675,25,34,180,152,11,144,15,136,208
675,26,173,184,132,20,30,42,21,29
675,27,74,141,170,223,193,92,124,247
675,28,115,91,191,48,1,25,168,202
675,29,161,69,210,109,249,59,58,196
675,30,58,224,77,0,239,54,140,99
675,31,163,115,127,192,114,23,125,90
675,32,108,226,204,67,190,103,3,203
675,33,43,79,85,118,66,112,46,3
675,34,74,27,132,20,186,146,164,171
675,35,239,27,161,128,20,64,236,0
675,36,222,20,192,93,110,171,43,232
675,37,5,72,65,96,123,61,74,2
675,38,64,143,254,70,206,62,165,191
675,39,228,168,107,170,84,159,148,169
676,0,132,190,158,125,141,115,237,221
676,1,184,58,201,180,188,145,113,197
676,2,74,29,27,225,197,4,51,104
676,3,128,35,34,91,103,83,64,140
676,4,130,128,135,91,85,183,95,58
676,5,78,41,47,193,184,231,85,255
676,6,60,121,206,7,0,218,153,83
676,7,118,142,117,175,88,106,29,49
676,8,113,234,99,195,104,59,53,115
676,9,164,239,38,170,191,77,99,195
676,10,113,27,198,23,169,36,125,130
676,11,161,178,23,189,86,233,26,63
676,12,44,93,74,21,201,63,87,10
676,13,147,11,45,34,43,97,134,144
676,14,20,184,50,173,124,105,148,132
676,15,200,147,81,74,31,189,235,23
676,16,91,115,133,5,117,238,196,43
676,17,109,76,172,69,255,250,73,233
676,18,0,57,224,179,77,239,163,58
676,19,163,116,192,115,246,109,20,57
676,20,113,234,89,239,83,244,179,195
676,21,38,164,126,239,191,56,99,94
676,22,23,27,113,70,36,169,198,125
676,23,161,178,23,189,86,56,26,184
676,24,93,44,74,63,21,15,26,188
676,25,11,45,144,34,43,147,152,170
676,26,20,173,184,148,149,42,124,162
676,27,200,74,147,170,193,158,47,226
676,28,115,191,25,238,1,91,133,216
676,29,69,109,210,58,196,161,76,165
676,30,224,77,58,0,163,140,239,98
676,31,116,192,115,127,163,246,195,234
676,32,108,226,204,67,181,119,241,63
676,33,79,85,93,66,43,50,137,115
676,34,27,74,132,176,254,218,138,224
676,35,239,27,72,65,160,53,33,115
676,36,20,222,213,192,230,135,64,220
676,37,129,39,5,118,144,92,34,86
676,38,64,109,252,202,70,187,228,254
676,39,186,190,252,226,11,100,235,169
677,0,193,167,38,54,130,94,53,44
677,1,122,201,58,117,238,181,140,188
677,2,49,233,20,186,129,85,80,74
677,3,103,34,91,128,35,61,64,241
677,4,159,213,58,179,41,130,89,177
677,5,78,159,15,112,145,239,47,85
677,6,7,60,206,68,0,198,214,124
677,7,221,106,142,88,225,145,232,117
677,8,113,104,175,111,12,190,106,73
677,9,239,38,56,170,224,195,74,30
677,10,27,175,48,210,93,168,115,50
677,11,23,253,35,41,205,112,214,127
677,12,44,21,93,111,48,201,202,87
677,13,34,11,15,6,82,67,208,188
677,14,173,132,34,184,147,239,248,162
677,15,74,141,90,124,139,170,158,206
677,16,191,115,151,48,62,134,17,158
677,17,161,69,210,109,215,68,121,59
677,18,224,54,77,58,98,227,107,140
677,19,192,24,115,208,163,127,203,95
677,20,53,113,148,161,50,85,143,118
677,21,99,38,143,135,195,214,233,239
677,22,96,245,162,27,217,44,64,224
677,23,140,23,237,253,40,34,223,48
677,24,13,244,127,21,10,213,142,177
677,25,34,11,180,208,158,15,144,205
677,26,173,132,21,42,162,30,248,95
677,27,74,193,170,145,221,235,206,92
677,28,191,115,48,25,1,168,171,239
677,29,69,161,109,210,233,59,196,249
677,30,77,224,58,54,4,98,107,161
677,31,115,192,127,163,90,125,95,139
677,32,108,226,204,67,241,103,64,180
677,33,79,85,66,50,245,137,19,196
677,34,27,186,66,218,176,254,123,132
677,35,239,202,53,14,220,219,64,161
677,36,213,154,20,135,188,254,78,170
677,37,129,39,163,199,103,177,115,86
677,38,109,175,239,60,190,68,133,254
677,39,25,195,187,184,230,150,252,30
678,0,71,57,200,147,248,33,58,95
678,1,129,172,103,147,224,189,170,127
678,2,49,165,11,67,28,233,219,248
678,3,245,121,193,186,240,200,4,73
678,4,140,187,68,125,41,114,5,166
678,5,166,108,226,154,24,75,248,144
678,6,205,68,219,208,124,80,198,7
678,7,142,175,145,221,225,103,18,90
678,8,53,195,148,245,111,59,106,40
678,9,99,148,193,224,34,43,143,1
678,10,38,96,48,37,27,71,6,241
678,11,166,253,210,35,214,125,40,105
678,12,10,102,243,188,201,152,127,16
678,13,34,144,11,164,205,67,184,201
678,14,41,34,173,55,107,243,0,162
678,15,141,74,235,203,56,212,124,223
678,16,124,34,115,191,48,134,158,125
678,17,210,69,161,237,26,44,233,45
678,18,224,77,8,98,58,26,140,40
678,19,115,180,192,50,208,24,56,207
678,20,53,195,161,85,148,105,248,100
678,21,99,148,143,213,135,195,233,193
678,22,27,224,96,147,149,38,162,245
678,23,32,166,45,105,210,139,163,23
678,24,13,127,21,10,244,161,152,177
678,25,34,144,170,95,11,208,205,248
678,26,132,173,0,42,162,30,155,107
678,27,74,193,235,206,255,203,122,92
678,28,124,191,34,104,134,115,48,25
678,29,161,233,69,210,59,58,244,192
678,30,77,92,224,58,8,54,98,107
678,31,180,115,50,188,212,95,127,208
678,32,204,108,241,233,73,64,255,2
678,33,204,50,110,79,66,106,146,96
678,34,218,123,27,66,254,211,176,169
678,35,202,194,14,53,11,106,17,236
678,36,154,135,188,78,136,255,160,170
678,37,163,129,199,237,103,52,92,219
678,38,190,239,60,175,135,133,198,67
678,39,32,87,140,184,195,150,187,252
679,0,211,77,188,232,4,129,76,26
679,1,202,55,118,72,65,76,252,121
679,2,91,72,191,33,221,195,163,166
679,3,137,167,22,180,56,182,93,147
679,4,46,134,147,197,140,166,28,40
679,5,0,154,83,164,144,91,22,226
679,6,30,7,205,69,113,72,12,192
679,7,18,142,225,175,22,139,75,168
679,8,53,148,59,72,171,233,108,240
679,9,99,134,97,150,90,154,3,195
679,10,149,135,217,147,245,207,190,250
679,11,166,32,43,188,44,139,144,105
679,12,21,10,240,13,229,201,202,111
679,13,34,144,170,208,215,15,7,115
679,14,190,34,173,132,94,63,228,162
679,15,74,90,141,170,193,35,206,124
679,16,191,230,34,124,48,254,134,104
679,17,233,161,69,210,44,225,58,121
679,18,77,92,129,224,108,54,8,98
679,19,180,50,115,208,148,24,188,60
679,20,195,53,148,161,118,172,139,233
679,21,99,143,195,213,135,193,140,233
679,22,217,135,147,149,21,109,245,233
679,23,32,166,204,45,205,139,167,4
679,24,240,13,131,244,38,127,21,50
679,25,34,215,115,248,211,208,95,5
679,26,0,132,162,78,34,107,45,94
679,27,206,139,35,122,74,92,108,124
679,28,254,191,124,234,34,158,48,104
679,29,161,69,233,244,127,232,25,44
679,30,92,77,129,108,241,8,60,143
679,31,180,157,208,95,115,50,125,10
679,32,146,73,12,92,173,241,218,64
679,33,110,61,204,67,196,50,19,123
679,34,13,218,121,254,166,211,123,66
679,35,202,136,194,11,164,19,17,53
679,36,188,78,154,160,89,171,170,32
679,37,163,132,199,237,219,13,243,59
679,38,239,87,175,217,198,189,205,60
679,39,8,140,103,32,237,57,252,161
680,0,211,77,188,232,162,248,161,137
680,1,40,214,234,209,30,96,27,8
680,2,125,207,252,205,91,240,2,107
680,3,153,247,192,111,22,156,163,197
680,4,206,147,46,148,134,38,152,29
680,5,0,64,83,42,50,22,129,111
680,6,195,72,30,12,7,219,249,210
680,7,142,166,225,246,187,4,98,30
680,8,53,148,59,72,172,121,233,171
680,9,99,32,134,214,221,3,143,28
680,10,135,149,147,109,245,233,217,152
680,11,32,167,166,222,105,15,204,70
680,12,240,21,10,38,239,201,111,177
680,13,101,34,215,170,16,15,208,45
680,14,132,173,95,34,162,105,45,252
680,15,74,206,193,147,130,35,170,98
680,16,191,172,34,25,254,104,230,168
680,17,233,69,44,210,225,58,153,161
680,18,77,129,92,224,8,241,38,99
680,19,180,115,60,208,214,164,148,125
680,20,195,53,148,72,123,47,233,161
680,21,99,214,143,213,207,233,121,32
680,22,217,135,137,147,6,149,109,102
680,23,32,167,166,222,139,45,56,134
680,24,240,21,10,38,50,161,158,47
680,25,34,215,248,101,170,45,144,208
680,26,132,144,94,0,162,34,248,133
680,27,206,74,139,141,178,122,92,170
680,28,191,254,34,134,234,104,158,105
680,29,69,233,161,126,59,210,244,28
680,30,241,77,129,92,18,8,99,98
680,31,55,157,180,115,60,174,114,37
680,32,73,233,64,12,146,78,92,248
680,33,70,204,176,167,110,61,106,245
680,34,13,249,121,154,80,66,109,15
680,35,44,202,136,194,14,11,106,19
680,36,126,213,188,154,79,78,55,21
680,37,196,132,170,214,1,68,199,163
680,38,239,87,175,132,68,67,196,156
680,39,8,224,103,251,32,57,5,237
681,0,240,96,52,198,17,164,194,209
681,1,195,199,27,231,222,37,209,80
681,2,172,224,125,148,171,2,94,123
681,3,163,22,14,138,201,216,197,86
681,4,206,134,46,147,38,216,148,152
681,5,0,64,42,50,19,83,159,175
681,6,195,72,125,249,30,82,43,12
681,7,166,142,246,4,98,30,225,183
681,8,53,148,121,59,72,233,172,50
681,9,32,99,221,134,3,150,28,58
681,10,217,245,149,233,135,207,147,250
681,11,237,112,4,96,32,222,167,186
681,12,21,10,13,158,38,2,137,184
681,13,34,194,170,101,180,158,248,215
681,14,17,173,132,95,252,34,162,63
681,15,108,6,74,170,168,122,206,12
681,16,234,60,166,191,172,34,48,175
681,17,233,144,161,69,210,96,22,121
681,18,77,129,241,195,99,54,92,33
681,19,180,24,115,239,94,208,148,203
681,20,172,53,195,50,148,233,150,143
681,21,32,99,58,183,201,121,143,214
681,22,217,219,102,208,135,211,6,28
681,23,96,237,32,172,112,204,249,167
681,24,158,184,244,21,58,73,177,79
681,25,34,194,180,248,101,95,208,215
681,26,17,132,94,173,21,248,216,95
681,27,108,74,6,206,217,139,145,235
681,28,191,34,234,254,166,104,228,48
681,29,233,69,9,161,210,192,217,59
681,30,241,77,129,8,99,116,92,108
681,31,114,127,174,115,180,95,60,212
681,32,73,233,146,12,204,109,143,78
681,33,204,70,106,61,167,60,56,245
681,34,182,66,154,13,121,109,108,138
681,35,64,77,44,107,69,25,65,19
681,36,213,170,149,113,220,94,163,240
681,37,170,132,1,85,218,139,80,25
681,38,68,67,243,239,78,191,112,241
681,39,32,57,8,235,103,7,227,47
682,0,139,70,27,222,224,199,162,217
682,1,55,91,28,187,118,25,121,248
682,2,37,240,252,148,125,224,35,112
682,3,184,93,18,138,107,168,216,74
682,4,147,28,29,111,226,114,166,134
682,5,108,36,0,75,179,42,154,40
682,6,30,202,218,113,12,72,253,219
682,7,18,149,142,175,232,24,106,225
682,8,53,148,59,214,250,144,128,163
682,9,99,241,31,90,179,141,134,7
682,10,38,172,135,245,147,168,108,182
682,11,166,184,117,218,118,127,214,244
682,12,240,10,21,109,148,201,244,73
682,13,34,144,170,215,208,148,184,188
682,14,94,163,85,132,34,63,247,162
682,15,74,193,235,90,28,170,173,84
682,16,191,1,104,134,34,89,209,200
682,17,161,69,210,233,217,192,209,184
682,18,241,8,77,239,100,54,98,107
682,19,24,115,127,208,149,180,95,99
682,20,53,50,233,195,202,100,143,24
682,21,99,121,77,143,214,58,233,177
682,22,38,245,226,172,135,221,217,149
682,23,166,117,139,244,77,118,180,40
682,24,10,109,240,131,177,87,148,5
682,25,34,144,170,82,208,201,71,241
682,26,163,85,94,132,107,57,154,162
682,27,74,90,145,193,32,141,92,186
682,28,191,91,1,89,158,248,134,50
682,29,233,210,69,161,184,192,95,217
682,30,241,239,8,0,77,99,60,129
682,31,163,115,45,114,127,99,177,227
682,32,233,108,203,103,109,45,161,13
682,33,79,39,61,70,106,43,108,19
682,34,74,66,27,108,20,13,171,242
682,35,239,64,248,27,9,158,168,245
682,36,32,93,106,19,192,94,225,25
682,37,5,171,122,74,96,100,80,178
682,38,143,160,187,61,62,229,85,227
682,39,193,40,57,65,22,159,206,163
683,0,91,145,51,9,179,242,119,249
683,1,184,170,247,227,229,106,139,20
683,2,225,37,146,54,14,99,44,31
683,3,88,77,121,48,183,83,80,74
683,4,241,230,187,128,151,131,19,108
683,5,154,138,80,108,13,0,51,83
683,6,30,202,218,249,12,210,0,72
683,7,142,118,175,227,33,225,104,4
683,8,148,53,59,85,72,195,24,171
683,9,99,77,38,229,28,150,195,233
683,10,149,147,135,113,23,245,217,38
683,11,178,166,32,139,105,214,44,243
683,12,21,240,10,38,161,176,201,149
683,13,34,170,144,215,15,208,45,248
683,14,173,184,132,94,34,248,162,95
683,15,74,193,170,124,206,90,145,141
683,16,115,91,191,168,25,1,48,134
683,17,233,69,210,161,109,58,95,44
683,18,224,239,77,58,0,8,98,132
683,19,163,115,208,148,127,90,94,214
683,20,113,195,53,85,244,81,160,139
683,21,38,135,99,213,77,143,105,122
683,22,23,27,245,217,149,28,147,246
683,23,178,161,166,152,45,243,149,163
683,24,21,10,127,177,87,44,161,73
683,25,34,11,144,152,95,170,45,205
683,26,184,173,20,132,42,107,45,87
683,27,74,170,193,223,14,145,141,92
683,28,91,115,168,48,191,1,134,50
683,29,210,109,58,161,69,233,95,167
683,30,224,58,0,77,239,140,98,175
683,31,163,115,192,127,95,58,177,227
683,32,108,226,45,181,203,190,244,218
683,33,43,79,85,19,140,90,88,115
683,34,27,74,91,132,20,108,171,164
683,35,239,27,64,135,33,168,245,0
683,36,20,222,192,2,32,171,93,217
683,37,5,72,65,39,2,96,74,86
683,38,64,150,206,70,109,125,8,93
683,39,228,154,168,66,114,91,159,11
684,0,132,158,190,125,141,208,237,115
684,1,184,201,58,180,24,113,188,145
684,2,29,74,68,27,197,85,123,244
684,3,128,35,34,91,83,245,64,77
684,4,130,128,135,187,140,95,58,28
684,5,47,41,78,145,193,154,134,152
684,6,60,121,218,210,0,7,206,153
684,7,118,175,117,142,106,78,231,123
684,8,195,113,104,99,234,59,175,116
684,9,239,164,38,77,170,191,99,195
684,10,23,113,27,169,198,149,125,36
684,11,178,161,189,23,233,243,187,86
684,12,44,93,21,74,87,201,10,63
684,13,147,11,34,144,45,43,97,170
684,14,20,184,173,50,132,128,105,34
684,15,200,74,81,170,147,31,220,124
684,16,91,115,133,172,48,5,117,238
684,17,76,109,69,44,233,58,255,119
684,18,0,179,239,57,77,163,156,181
684,19,163,116,115,57,254,195,97,235
684,20,195,113,234,26,245,24,83,10
684,21,164,38,126,213,239,99,122,141
684,22,23,113,70,27,198,36,169,255
684,23,161,178,86,243,189,32,26,62
684,24,44,74,63,21,93,112,26,87
684,25,11,147,43,45,152,61,153,134
684,26,20,184,148,204,124,51,71,91
684,27,200,147,31,98,170,81,235,154
684,28,172,91,151,133,238,43,208,134
684,29,44,109,76,0,233,57,69,87
684,30,0,239,224,77,138,163,89,252
684,31,163,122,116,115,192,164,74,212
684,32,226,255,181,119,112,108,53,241
684,33,85,43,110,93,79,27,17,115
684,34,27,74,132,244,82,108,215,168
684,35,239,27,64,72,33,47,48,156
684,36,20,222,192,217,61,226,9,232
684,37,39,5,24,2,96,74,80,19
684,38,109,64,249,202,67,8,222,134
684,39,186,190,154,11,227,22,60,93
685,0,167,193,38,54,44,130,53,244
685,1,58,201,122,188,117,184,140,181
685,2,49,29,74,27,20,219,129,85
685,3,34,103,128,35,91,99,94,236
685,4,140,130,89,183,205,255,28,6
685,5,78,47,152,159,127,65,41,184
685,6,60,206,7,68,208,210,239,153
685,7,117,142,118,175,106,176,103,49
685,8,195,113,104,239,175,93,116,238
685,9,38,126,239,164,25,191,2,36
685,10,27,198,125,65,113,36,23,49
685,11,161,86,23,178,108,206,63,233
685,12,44,74,93,54,87,201,151,21
685,13,147,134,45,11,97,58,61,43
685,14,20,184,148,51,50,204,32,124
685,15,147,200,31,81,162,98,87,235
685,16,172,133,117,91,43,5,151,238
685,17,109,76,44,233,0,172,69,255
685,18,0,179,163,77,43,57,239,161
685,19,163,116,122,109,12,20,57,115
685,20,195,113,239,83,234,179,180,99
685,21,38,164,126,191,116,239,35,207
685,22,27,113,23,198,125,70,65,255
685,23,161,178,86,189,63,62,36,128
685,24,44,93,74,63,54,15,26,220
685,25,11,104,45,138,147,61,43,134
685,26,20,184,148,51,10,124,204,86
685,27,200,147,98,31,162,235,81,97
685,28,172,151,133,117,43,91,255,238
685,29,44,109,57,76,233,69,0,29
685,30,77,138,224,227,239,169,0,163
685,31,122,115,163,192,116,212,164,12
685,32,255,226,181,241,132,119,178,204
685,33,110,85,50,93,83,43,49,32
685,34,186,27,176,218,74,244,132,123
685,35,239,14,202,27,53,250,47,17
685,36,20,135,136,217,78,192,188,140
685,37,39,163,129,145,199,66,6,86
685,38,109,175,239,60,249,133,252,31
685,39,25,187,195,184,150,154,140,252
686,0,169,173,43,95,140,147,236,7
686,1,189,129,142,224,172,147,112,94
686,2,49,255,72,20,219,233,11,129
686,3,245,103,193,121,73,252,236,134
686,4,140,193,195,205,9,249,197,255
686,5,154,72,32,159,15,110,78,111
686,6,7,68,206,208,60,145,63,181
686,7,142,145,176,106,175,103,225,39
686,8,53,195,148,59,245,72,175,106
686,9,99,126,1,7,195,60,6,43
686,10,27,126,21,183,141,11,217,71
686,11,253,133,32,183,51,230,188,205
686,12,212,243,144,102,44,164,41,220
686,13,34,58,11,6,84,61,251,5
686,14,107,41,147,34,215,4,88,184
686,15,46,141,228,183,187,166,98,25
686,16,151,172,120,158,156,124,66,39
686,17,44,57,161,233,69,109,95,112
686,18,77,172,176,60,98,47,174,226
686,19,12,115,24,122,208,154,246,90
686,20,195,53,148,113,245,72,81,150
686,21,126,38,99,195,60,119,252,213
686,22,27,126,248,162,199,224,36,168
686,23,140,133,32,126,188,204,36,184
686,24,212,44,21,229,220,127,161,87
686,25,58,34,11,104,136,33,138,45
686,26,147,132,204,118,21,45,90,253
686,27,74,147,139,235,97,170,98,212
686,28,172,151,120,191,66,124,156,204
686,29,44,57,161,233,109,69,29,158
686,30,176,77,169,92,175,138,98,227
686,31,188,95,115,180,50,122,212,159
686,32,255,132,241,204,63,190,226,124
686,33,110,50,85,137,146,67,108,106
686,34,218,176,27,123,254,37,235,239
686,35,14,202,194,53,103,93,87,235
686,36,135,154,188,78,136,4,153,51
686,37,163,199,52,129,171,103,1,237
686,38,239,60,175,133,109,198,189,122
686,39,25,195,184,187,150,230,30,140
687,0,211,195,232,163,26,138,37,4
687,1,55,118,65,248,72,202,78,167
687,2,91,195,79,6,253,240,104,159
687,3,56,22,182,126,180,109,134,147
687,4,46,134,140,197,147,28,27,166
687,5,154,0,60,164,83,42,74,237
687,6,7,30,113,69,12,72,249,219
687,7,142,252,75,193,22,6,39,175
687,8,53,148,59,195,72,192,161,121
687,9,99,134,3,97,90,1,154,32
687,10,149,135,217,207,147,245,233,61
687,11,32,164,97,44,70,188,204,230
687,12,21,212,228,2,13,38,168,244
687,13,34,170,180,0,215,208,205,158
687,14,190,34,132,21,113,162,30,247
687,15,74,35,206,170,90,130,125,85
687,16,101,172,230,191,51,62,254,37
687,17,69,233,225,161,44,158,19,95
687,18,77,129,92,176,98,60,52,143
687,19,50,180,208,115,90,10,191,125
687,20,195,53,123,100,148,216,238,166
687,21,135,143,99,213,32,119,195,218
687,22,135,217,245,233,147,27,109,26
687,23,237,32,37,204,157,63,70,242
687,24,131,38,50,240,220,87,212,21
687,25,115,211,240,215,0,34,45,4
687,26,162,190,215,132,95,34,221,0
687,27,35,130,206,98,125,74,147,139
687,28,172,254,101,191,124,158,66,234
687,29,44,233,161,225,69,158,36,60
687,30,92,129,77,108,143,241,60,98
687,31,180,188,10,176,50,208,157,122
687,32,146,92,255,12,173,66,203,73
687,33,110,61,74,137,19,252,108,254
687,34,166,13,254,121,108,218,122,162
687,35,136,97,162,64,130,17,11,38
687,36,76,171,190,233,186,144,170,149
687,37,165,132,243,232,163,86,61,33
687,38,239,87,143,252,245,77,111,165
687,39,8,32,237,140,235,57,22,223
688,0,211,77,232,188,162,224,144,175
688,1,40,214,209,234,27,48,8,245
688,2,125,252,240,56,205,102,2,91
688,3,247,153,192,50,166,134,156,182
688,4,206,134,46,147,148,248,38,29
688,5,0,83,42,64,129,50,111,222
688,6,195,72,12,30,7,124,219,249
688,7,142,166,225,4,98,187,90,133
688,8,53,148,59,72,172,171,85,121
688,9,99,32,134,143,207,214,3,1
688,10,135,149,109,147,233,245,250,207
688,11,32,237,167,222,184,70,97,204
688,12,21,10,220,38,50,240,12,137
688,13,34,101,170,215,13,208,87,58
688,14,132,17,162,34,95,73,173,254
688,15,74,35,206,170,108,130,178,98
688,16,172,230,191,168,234,254,37,165
688,17,233,69,44,158,21,60,58,225
688,18,77,129,92,146,99,250,98,52
688,19,180,60,115,48,94,208,114,129
688,20,195,47,53,148,123,100,118,150
688,21,99,207,32,143,214,195,6,166
688,22,137,135,217,147,233,109,207,27
688,23,237,32,167,222,70,63,177,134
688,24,50,220,240,158,38,21,87,10
688,25,45,101,240,0,215,58,64,34
688,26,132,253,171,196,58,95,144,162
688,27,35,206,130,178,147,98,139,112
688,28,172,254,234,191,158,134,111,104
688,29,44,233,158,69,126,60,9,27
688,30,241,129,92,77,116,18,99,60
688,31,55,180,174,37,157,60,122,115
688,32,73,255,146,92,173,67,12,43
688,33,110,70,167,137,61,74,123,176
688,34,254,13,166,244,249,121,108,80
688,35,44,53,136,97,202,176,11,106
688,36,126,154,186,21,170,149,31,240
688,37,1,170,214,196,132,4,68,49
688,38,239,87,252,175,241,156,132,67
688,39,224,251,8,103,5,32,142,132
689,0,240,52,96,164,17,198,159,194
689,1,199,195,27,231,222,37,209,80
689,2,172,224,125,171,94,240,123,56
689,3,163,22,14,201,138,216,197,170
689,4,206,134,46,248,132,147,38,216
689,5,0,64,42,222,83,19,111,251
689,6,195,249,72,125,12,82,7,30
689,7,166,142,4,133,246,183,98,187
689,8,53,148,59,121,50,172,72,233
689,9,221,32,99,3,134,58,209,28
689,10,217,245,233,149,207,219,250,135
689,11,237,96,112,4,104,163,97,33
689,12,21,10,13,158,38,2,244,50
689,13,34,194,170,180,101,158,248,0
689,14,17,173,132,34,217,191,162,252
689,15,108,6,74,122,170,206,90,168
689,16,234,60,166,172,191,175,37,230
689,17,69,144,233,161,96,25,22,210
689,18,195,77,129,99,31,54,236,98
689,19,239,94,208,24,180,115,176,148
689,20,172,50,53,195,148,233,100,150
689,21,32,99,58,221,143,214,122,201
689,22,217,102,219,6,176,137,179,245
689,23,237,180,193,163,96,40,32,204
689,24,158,244,50,120,58,243,195,184
689,25,34,194,180,101,64,0,158,95
689,26,17,21,132,173,95,34,216,187
689,27,108,122,6,206,92,74,139,145
689,28,172,191,234,254,37,228,175,134
689,29,69,9,233,161,44,127,209,28
689,30,77,99,241,129,116,92,217,47
689,31,114,115,180,95,125,174,203,98
689,32,67,73,143,255,241,30,12,219
689,33,110,70,50,118,123,61,51,167
689,34,254,123,13,182,61,244,98,109
689,35,53,202,130,77,14,11,194,97
689,36,154,188,110,135,78,164,254,149
689,37,1,170,199,132,219,29,86,137
689,38,239,175,60,241,202,18,67,187
689,39,57,32,235,8,184,91,171,252
690,0,130,230,27,213,45,139,149,202
690,1,127,102,142,172,147,28,54,103
690,2,175,37,125,252,7,240,25,137
690,3,245,193,96,181,138,232,255,204
690,4,140,111,46,27,15,249,0,92
690,5,108,154,50,42,0,83,22,240
690,6,30,249,210,121,72,141,237,221
690,7,142,18,149,175,227,33,118,168
690,8,195,148,53,85,59,179,253,250
690,9,99,203,193,237,150,229,141,241
690,10,149,135,147,217,126,137,219,245
690,11,32,184,178,237,188,63,243,174
690,12,21,220,240,10,38,161,188,177
690,13,34,58,215,170,45,87,101,201
690,14,34,55,132,184,173,162,45,95
690,15,193,74,170,130,98,235,90,172
690,16,172,191,134,120,238,168,25,104
690,17,233,44,69,225,109,58,95,210
690,18,77,224,129,241,197,98,42,92
690,19,115,192,180,208,127,122,94,181
690,20,195,53,106,150,113,100,81,72
690,21,203,38,99,214,143,193,60,213
690,22,137,27,86,147,70,217,149,150
690,23,237,32,178,174,63,45,40,254
690,24,220,10,21,161,87,240,50,38
690,25,58,45,34,170,11,201,174,215
690,26,34,132,119,162,45,94,95,155
690,27,145,139,235,193,147,74,90,122
690,28,172,191,134,104,160,215,1,200
690,29,233,44,69,192,45,217,244,209
690,30,77,241,239,47,224,85,99,98
690,31,115,95,180,174,212,98,125,195
690,32,67,73,241,255,30,8,64,252
690,33,70,110,123,50,66,51,39,64
690,34,254,123,150,138,27,98,211,61
690,35,53,202,139,194,11,14,107,130
690,36,154,135,164,188,110,78,170,114
690,37,1,199,219,122,29,237,109,137
690,38,239,175,60,165,0,202,159,191
690,39,75,235,103,57,40,194,225,252
691,0,97,166,113,210,150,142,205,10
691,1,137,85,102,35,222,172,127,241
691,2,191,9,156,125,196,229,240,19
691,3,137,121,102,147,73,186,232,252
691,4,248,145,120,92,227,0,23,182
691,5,108,222,83,42,154,111,239,0
691,6,41,30,12,193,81,77,98,237
691,7,142,162,143,106,188,67,238,251
691,8,53,195,148,59,174,158,253,70
691,9,99,241,7,150,237,97,117,46
691,10,183,126,71,189,219,42,82,152
691,11,163,180,254,177,239,110,92,221
691,12,10,83,243,127,6,4,164,102
691,13,34,58,5,118,171,205,170,64
691,14,163,34,94,217,107,45,132,95
691,15,141,74,65,124,254,187,90,84
691,16,172,191,107,89,134,104,166,200
691,17,233,69,161,192,44,65,10,95
691,18,241,77,54,98,60,137,99,52
691,19,180,188,174,24,115,208,90,246
691,20,53,195,174,100,148,150,233,98
691,21,99,214,143,121,195,241,228,177
691,22,38,172,183,245,217,224,162,226
691,23,40,22,117,81,184,180,221,219
691,24,13,244,10,243,5,177,184,83
691,25,34,58,180,208,170,135,167,171
691,26,163,132,94,34,0,21,30,42
691,27,74,206,139,92,145,122,193,90
691,28,191,172,209,112,104,89,37,176
691,29,69,161,233,192,44,127,209,249
691,30,77,241,92,236,54,242,98,94
691,31,180,115,95,248,125,98,186,50
691,32,67,241,73,64,255,128,219,31
691,33,70,110,50,123,66,51,146,30
691,34,254,123,150,211,88,138,27,244
691,35,53,202,139,194,11,14,171,103
691,36,154,135,188,78,164,254,89,240
691,37,1,199,219,129,29,109,237,213
691,38,239,60,175,68,73,109,46,202
691,39,230,25,195,184,103,150,187,222
692,0,195,148,0,120,214,37,184,217
692,1,55,168,118,108,248,1,25,170
692,2,143,91,32,126,6,198,228,254
692,3,109,22,201,93,180,56,224,81
692,4,134,147,250,26,56,28,157,43
692,5,0,108,222,140,136,42,216,128
692,6,12,30,240,72,7,212,237,23
692,7,142,104,166,225,4,132,183,18
692,8,53,148,233,59,72,108,161,192
692,9,99,221,134,32,31,137,90,229
692,10,38,221,135,244,217,226,245,139
692,11,118,117,244,143,154,218,200,211
692,12,13,10,131,111,148,109,99,244
692,13,34,180,158,208,171,215,170,174
692,14,17,165,132,163,113,162,143,173
692,15,74,90,170,28,206,221,82,6
692,16,191,60,234,1,209,176,172,104
692,17,161,69,210,192,184,144,217,244
692,18,241,77,129,239,54,58,98,8
692,19,24,15,127,63,208,115,180,174
692,20,53,195,172,50,202,148,233,72
692,21,99,32,121,214,58,143,221,101
692,22,38,245,173,172,217,135,226,221
692,23,118,166,117,40,244,184,19,135
692,24,10,244,158,109,240,113,177,131
692,25,34,215,194,208,170,58,171,135
692,26,163,17,132,173,34,42,107,248
692,27,74,145,90,193,206,92,119,6
692,28,191,107,1,172,89,209,176,254
692,29,69,184,161,233,192,44,196,217
692,30,77,241,239,99,129,224,92,98
692,31,15,114,115,180,95,149,203,49
692,32,67,202,108,241,121,58,73,204
692,33,66,147,70,79,123,110,225,108
692,34,254,226,13,244,121,27,6,108
692,35,53,14,239,139,202,9,11,65
692,36,154,228,164,29,137,80,60,32
692,37,1,5,156,132,109,122,86,25
692,38,73,0,239,176,204,50,117,184
692,39,57,235,40,8,47,101,132,83
693,0,91,9,118,227,119,101,179,35
693,1,102,142,147,172,127,151,39,160
693,2,25,175,37,195,109,18,81,179
693,3,1,212,245,48,77,9,183,130
693,4,15,102,241,19,198,229,151,108
693,5,108,154,0,103,222,42,128,50
693,6,30,12,237,240,249,72,210,66
693,7,142,118,33,133,104,4,183,227
693,8,53,148,195,59,85,118,233,144
693,9,99,203,77,38,237,150,117,90
693,10,38,147,245,149,135,42,86,172
693,11,178,32,117,118,163,244,184,254
693,12,21,10,220,109,240,111,161,12
693,13,34,170,58,215,208,201,4,45
693,14,132,173,184,34,247,162,248,163
693,15,74,193,90,170,145,124,235,141
693,16,172,191,115,1,134,168,24,104
693,17,161,69,210,233,109,58,244,44
693,18,77,224,239,58,54,98,107,60
693,19,208,192,115,127,163,98,61,248
693,20,113,53,100,195,148,24,150,81
693,21,38,99,143,214,203,233,135,74
693,22,245,23,217,38,28,27,250,167
693,23,237,178,40,48,22,123,24,23
693,24,10,244,220,21,13,195,51,87
693,25,34,58,158,180,208,170,194,11
693,26,173,132,184,21,248,34,42,130
693,27,145,74,122,92,90,193,221,206
693,28,191,115,1,25,172,169,135,239
693,29,69,109,161,196,210,217,58,233
693,30,77,58,224,239,98,4,47,197
693,31,115,127,192,95,163,125,133,114
693,32,67,108,226,204,241,210,177,203
693,33,85,79,66,39,115,158,86,248
693,34,27,91,74,132,230,185,235,244
693,35,239,27,60,64,250,235,161,14
693,36,222,192,248,93,171,226,220,148
693,37,5,86,65,96,74,80,51,61
693,38,64,176,227,10,8,25,191,88
693,39,228,235,117,95,252,227,201,194
694,0,190,253,141,221,235,237,64,208
694,1,179,113,203,7,145,217,100,82
694,2,127,109,239,229,98,123,174,220
694,3,35,128,34,91,115,190,160,83
694,4,153,245,163,0,183,140,187,227
694,5,222,108,135,154,111,152,107,42
694,6,210,30,237,121,249,12,203,244
694,7,118,142,175,117,78,123,225,42
694,8,195,113,53,239,52,23,59,116
694,9,203,38,116,99,191,195,1,150
694,10,13,27,65,36,11,121,48,141
694,11,178,233,23,63,32,144,7,62
694,12,220,93,53,21,201,62,10,87
694,13,58,105,45,11,34,170,87,212
694,14,184,41,173,51,204,86,47,132
694,15,172,147,98,74,235,165,139,162
694,16,172,238,191,115,120,117,43,168
694,17,69,109,233,44,87,0,196,73
694,18,224,197,77,43,163,58,60,161
694,19,192,116,115,167,127,208,20,109
694,20,113,195,239,148,72,179,53,180
694,21,38,203,116,99,191,214,143,207
694,22,27,36,125,65,198,247,96,150
694,23,178,23,62,133,63,174,86,32
694,24,93,220,10,54,15,87,161,151
694,25,45,58,11,105,34,170,95,134
694,26,173,184,132,248,149,204,95,51
694,27,147,165,145,172,193,90,162,235
694,28,191,172,238,115,25,1,35,134
694,29,69,109,196,44,210,233,58,108
694,30,77,224,58,197,239,60,98,17
694,31,115,192,127,116,122,95,212,252
694,32,108,226,67,241,204,90,119,178
694,33,79,85,93,66,86,38,210,166
694,34,132,27,74,254,1,61,244,230
694,35,27,239,14,53,235,202,212,11
694,36,20,222,192,248,154,213,235,149
694,37,39,129,5,163,241,86,2,234
694,38,64,109,159,254,67,202,21,176
694,39,186,190,235,252,22,11,102,109
695,0,167,193,38,54,94,44,53,176
695,1,122,117,201,179,105,140,238,70
695,2,127,239,154,217,233,173,46,167
695,3,91,220,120,61,90,94,34,229
695,4,159,120,187,18,177,245,145,218
695,5,159,239,42,111,226,160,68,230
695,6,98,7,12,219,81,30,214,88
695,7,142,118,225,224,175,210,232,106
695,8,113,53,148,59,150,36,158,35
695,9,99,203,192,7,146,116,105,195
695,10,96,183,240,219,189,121,208,175
695,11,239,253,180,73,35,41,88,183
695,12,10,220,53,21,88,62,111,2
695,13,34,58,11,208,170,158,201,180
695,14,173,34,132,17,239,110,130,162
695,15,74,90,141,6,122,184,124,145
695,16,191,115,172,60,24,134,234,1
695,17,69,161,109,210,196,144,59,244
695,18,77,224,54,58,227,107,98,236
695,19,208,192,115,127,61,73,25,180
695,20,113,53,148,122,150,172,50,144
695,21,99,143,38,233,214,74,203,170
695,22,245,162,27,96,217,176,250,28
695,23,239,23,193,40,48,237,111,138
695,24,13,10,220,244,195,213,23,62
695,25,34,180,11,194,45,158,58,208
695,26,173,21,130,132,17,252,248,216
695,27,122,145,206,92,139,147,196,90
695,28,191,115,25,1,172,142,35,158
695,29,69,161,109,196,210,217,58,127
695,30,77,224,58,4,119,197,98,64
695,31,115,127,192,95,133,125,197,208
695,32,67,108,226,204,241,178,210,177
695,33,79,85,66,86,123,50,39,248
695,34,186,27,254,132,1,61,211,98
695,35,202,239,235,53,11,14,60,139
695,36,188,20,154,78,213,110,119,158
695,37,39,163,129,199,103,93,144,4
695,38,109,239,168,175,121,59,60,254
695,39,25,187,195,184,230,150,252,154
696,0,169,193,173,143,7,200,182,140
696,1,112,189,129,224,142,147,172,217
696,2,127,217,239,72,11,200,68,255
696,3,26,230,73,189,90,233,48,43
696,4,187,205,235,146,61,255,189,28
696,5,110,50,188,135,88,152,222,243
696,6,65,7,122,210,143,121,14,68
696,7,117,78,185,175,118,112,142,70
696,8,239,113,85,180,53,23,52,116
696,9,38,191,99,180,1,98,203,85
696,10,27,65,157,193,125,36,96,13
696,11,39,23,63,150,253,99,239,233
696,12,62,85,220,53,151,15,93,54
696,13,11,105,45,103,34,29,138,121
696,14,86,173,226,204,231,214,162,34
696,15,36,46,172,24,147,98,165,162
696,16,35,172,115,96,183,191,24,181
696,17,69,5,109,233,60,44,58,1
696,18,83,77,170,204,224,197,58,22
696,19,167,122,115,109,88,208,117,59
696,20,239,53,113,148,195,4,180,99
696,21,38,99,207,143,191,203,85,180
696,22,27,236,157,207,83,116,132,234
696,23,39,253,174,133,134,63,111,99
696,24,220,116,62,93,127,81,10,244
696,25,105,11,208,45,34,113,158,15
696,26,231,132,173,248,51,52,162,86
696,27,147,172,206,46,122,162,145,139
696,28,35,24,191,183,170,195,96,116
696,29,69,5,1,8,244,222,151,60
696,30,77,170,83,225,91,71,64,22
696,31,59,167,88,122,115,95,240,124
696,32,226,47,90,236,247,158,185,237
696,33,85,92,86,190,232,183,83,166
696,34,116,132,1,10,252,246,82,161
696,35,202,235,167,224,36,218,11,212
696,36,70,188,120,119,153,181,248,78
696,37,58,163,22,39,190,103,124,200
696,38,92,148,118,127,71,168,212,189
696,39,189,2,248,70,38,69,213,78
697,0,144,236,232,188,211,62,4,92
697,1,193,198,124,128,14,242,245,167
697,2,92,188,60,11,133,170,150,157
697,3,30,201,22,197,155,56,249,112
697,4,216,152,94,134,98,88,29,103
697,5,0,58,210,50,60,251,222,129
697,6,92,43,125,12,7,183,102,82
697,7,142,4,181,30,243,158,225,187
697,8,53,148,59,85,233,72,161,50
697,9,99,58,120,207,156,134,221,3
697,10,207,162,245,9,217,132,233,255
697,11,153,164,150,253,24,186,15,7
697,12,21,13,10,2,16,244,199,127
697,13,34,20,170,208,121,180,205,158
697,14,173,132,34,87,17,107,153,162
697,15,248,74,124,123,150,206,60,6
697,16,230,183,54,35,191,169,166,172
697,17,69,161,236,210,244,233,206,34
697,18,83,77,69,54,176,98,236,31
697,19,221,60,248,115,208,114,129,94
697,20,53,172,148,100,7,195,50,85
697,21,99,156,214,143,207,233,120,58
697,22,162,217,207,157,245,102,9,109
697,23,153,150,253,99,15,40,33,165
697,24,13,244,106,127,116,229,158,10
697,25,34,20,194,208,115,183,180,205
697,26,132,248,196,153,17,21,173,243
697,27,139,150,206,92,74,122,248,6
697,28,191,35,230,183,166,54,24,37
697,29,161,69,190,99,244,58,236,204
697,30,77,83,69,64,225,99,11,4
697,31,221,157,114,60,240,125,233,34
697,32,195,146,19,12,236,7,68,86
697,33,21,37,97,94,181,81,72,36
697,34,249,212,255,10,70,90,246,247
697,35,202,44,11,136,43,167,103,143
697,36,188,126,234,78,119,8,153,55
697,37,196,22,103,147,206,220,59,199
697,38,87,127,118,22,52,189,212,79
697,39,224,34,252,30,145,16,116,70
698,0,29,211,163,232,207,28,41,75
698,1,71,193,251,14,153,40,48,100
698,2,172,193,139,148,136,224,112,228
698,3,201,22,154,216,14,56,249,1
698,4,134,216,149,152,175,29,180,4
698,5,0,19,58,225,210,122,185,50
698,6,195,102,123,168,125,12,25,212
698,7,166,30,4,158,187,183,104,193
698,8,53,148,121,59,171,161,172,24
698,9,99,221,3,32,134,28,58,90
698,10,245,233,217,103,146,109,229,117
698,11,180,241,37,146,24,48,122,97
698,12,10,110,166,217,58,13,2,50
698,13,34,0,208,148,19,180,194,158
698,14,17,143,132,173,34,248,239,21
698,15,74,6,0,139,221,79,90,170
698,16,191,166,234,60,4,158,239,102
698,17,161,244,19,210,190,69,22,144
698,18,77,66,186,83,4,236,195,64
698,19,208,98,206,48,47,114,239,83
698,20,172,53,7,50,72,100,144,57
698,21,99,143,32,214,122,135,233,58
698,22,245,109,233,174,102,194,146,219
698,23,180,37,146,70,8,187,217,241
698,24,244,23,55,48,101,58,158,76
698,25,34,208,0,194,252,225,180,203
698,26,248,132,196,130,17,21,78,153
698,27,139,18,206,74,79,35,90,0
698,28,166,56,191,53,10,186,183,234
698,29,190,161,19,244,126,4,69,204
698,30,4,209,143,83,77,66,64,18
698,31,83,157,60,61,55,67,45,95
698,32,144,14,173,92,120,7,28,101
698,33,161,21,185,84,47,12,250,67
698,34,18,249,109,70,247,11,121,143
698,35,202,44,11,106,117,68,254,103
698,36,148,188,55,78,134,92,44,138
698,37,196,244,219,206,162,103,22,7
698,38,52,132,197,177,189,239,205,127
698,39,77,99,252,197,224,66,237,142
699,0,159,29,52,115,220,13,178,50
699,1,173,12,144,15,253,80,208,254
699,2,24,74,148,61,145,48,161,136
699,3,216,22,163,37,63,161,192,197
699,4,221,206,134,175,203,216,168,152
699,5,0,77,56,244,131,58,64,210
699,6,195,102,168,91,12,212,125,129
699,7,166,252,142,183,193,104,187,30
699,8,53,148,121,59,161,171,233,72
699,9,32,99,58,3,134,221,28,1
699,10,146,233,245,229,162,6,96,180
699,11,237,97,180,167,37,141,41,71
699,12,50,23,2,158,10,166,38,13
699,13,34,19,0,158,194,180,216,101
699,14,17,132,34,252,193,78,21,196
699,15,12,74,6,206,122,117,132,127
699,16,59,102,166,234,53,191,183,60
699,17,161,19,69,144,150,4,22,210
699,18,77,83,195,143,66,116,146,209
699,19,248,48,67,239,83,47,208,114
699,20,53,172,50,171,161,148,72,143
699,21,99,32,214,58,122,143,207,134
699,22,102,95,133,60,162,219,208,192
699,23,180,204,40,173,141,148,71,97
699,24,58,244,68,158,127,76,55,166
699,25,34,194,216,158,208,180,167,205
699,26,17,216,132,193,196,243,78,248
699,27,139,206,12,122,127,6,74,117
699,28,166,191,53,37,186,56,183,175
699,29,161,69,99,190,19,4,165,249
699,30,77,83,143,116,66,99,11,91
699,31,83,157,114,248,221,137,59,60
699,32,14,144,120,143,12,26,47,173
699,33,167,203,47,21,81,84,118,161
699,34,128,18,109,11,211,247,73,70
699,35,202,167,44,11,103,121,101,114
699,36,188,44,148,48,78,103,55,129
699,37,162,103,196,22,147,55,26,144
699,38,127,185,132,87,79,52,118,239
699,39,99,77,224,44,116,219,30,252
700,0,211,62,138,224,174,134,124,231
700,1,80,49,193,141,206,235,4,123
700,2,207,40,74,111,71,242,24,235
700,3,201,22,192,216,112,14,146,30
700,4,148,134,152,44,186,221,29,216
700,5,0,19,115,58,210,183,201,236
700,6,57,161,123,49,157,125,185,212
700,7,223,4,158,30,142,246,132,183
700,8,53,148,59,161,85,171,121,22
700,9,99,58,221,1,3,134,32,28
700,10,133,19,50,179,123,95,60,43
700,11,180,173,220,97,24,202,85,222
700,12,10,21,247,210,167,58,116,251
700,13,34,158,57,194,49,216,180,208
700,14,132,173,230,17,34,252,179,216
700,15,74,124,122,33,183,206,177,70
700,16,166,175,191,183,190,35,186,169
700,17,161,150,210,69,164,244,58,21
700,18,77,83,250,99,11,29,26,68
700,19,85,114,248,171,208,67,152,157
700,20,121,172,53,100,7,161,148,85
700,21,99,214,122,143,207,221,58,124
700,22,19,60,242,133,5,102,178,206
700,23,220,180,85,59,218,201,96,193
700,24,11,229,244,158,128,116,10,48
700,25,19,101,158,34,208,183,194,140
700,26,216,153,132,243,84,248,203,87
700,27,33,139,206,146,60,74,28,122
700,28,35,166,183,191,186,193,190,24
700,29,69,99,161,88,164,21,204,1
700,30,83,162,77,63,250,64,99,225
700,31,34,59,88,85,114,95,45,211
700,32,179,123,86,236,140,76,125,7
700,33,234,95,11,21,56,36,104,28
700,34,44,240,238,70,72,195,10,73
700,35,190,202,148,187,129,191,74,235
700,36,227,188,142,147,115,39,26,78
700,37,78,27,22,193,103,59,163,15
700,38,215,251,119,127,80,118,230,169
700,39,158,122,244,252,70,72,125,44
701,0,117,171,187,11,172,185,4,121
701,1,169,13,81,193,66,133,43,232
701,2,22,107,249,242,149,164,35,75
701,3,201,14,221,216,95,177,30,6
701,4,139,8,152,55,123,105,180,228
701,5,114,58,14,18,61,19,23,0
701,6,3,114,2,123,125,43,178,92
701,7,4,158,44,131,108,185,19,187
701,8,53,85,122,148,112,59,246,212
701,9,178,99,19,240,207,206,98,166
701,10,163,250,207,31,159,179,132,245
701,11,142,18,109,180,116,186,216,14
701,12,67,21,10,12,186,2,116,106
701,13,34,200,183,170,208,15,201,145
701,14,38,132,173,248,73,34,113,63
701,15,74,120,103,241,90,170,206,146
701,16,149,78,183,35,191,54,169,166
701,17,69,161,236,155,244,88,210,58
701,18,83,162,6,77,53,63,98,91
701,19,34,233,208,129,248,240,115,59
701,20,53,148,112,195,100,161,85,7
701,21,99,178,143,207,214,19,206,120
701,22,163,246,245,132,207,229,159,250
701,23,18,142,109,17,130,180,193,207
701,24,106,244,12,67,87,4,76,251
701,25,34,208,200,183,205,5,165,221
701,26,132,38,73,31,113,162,181,235
701,27,74,139,103,206,241,120,170,122
701,28,183,78,191,149,37,35,185,122
701,29,161,213,69,244,204,155,65,1
701,30,6,77,83,64,225,91,98,45
701,31,240,233,95,59,88,248,34,129
701,32,17,236,7,194,157,199,116,89
701,33,23,214,28,94,21,117,72,146
701,34,12,211,58,10,187,246,54,177
701,35,202,129,11,167,103,7,63,236
701,36,253,188,78,10,160,92,0,51
701,37,164,163,103,22,219,92,199,84
701,38,136,127,118,22,239,189,205,230
701,39,16,45,34,23,70,145,107,235
702,0,211,163,62,232,50,4,138,83
702,1,153,202,134,193,72,182,98,88
702,2,94,101,157,5,13,193,127,240
702,3,42,22,201,87,197,243,194,23
702,4,134,152,175,197,43,216,103,104
702,5,0,58,164,14,82,210,83,50
702,6,82,178,2,243,125,43,12,152
702,7,142,246,4,206,158,183,252,132
702,8,53,148,59,85,171,50,233,70
702,9,99,134,58,97,3,101,90,221
702,10,207,245,162,233,250,183,238,11
702,11,82,201,25,218,44,168,183,186
702,12,21,12,2,4,10,244,38,76
702,13,34,19,208,170,221,183,0,158
702,14,132,173,21,34,31,17,239,58
702,15,74,184,90,206,221,124,170,122
702,16,191,230,234,37,62,102,183,195
702,17,161,69,244,213,225,144,22,210
702,18,77,99,83,100,75,143,98,236
702,19,208,129,240,114,24,85,115,48
702,20,53,100,24,148,233,118,143,59
702,21,143,99,233,32,214,134,195,27
702,22,245,26,233,246,207,146,28,78
702,23,201,17,37,70,82,116,164,97
702,24,244,2,48,11,12,148,4,50
702,25,208,34,0,158,183,205,211,71
702,26,132,162,196,248,17,130,84,58
702,27,74,206,139,158,122,39,90,146
702,28,35,193,183,230,191,102,62,162
702,29,161,88,21,244,204,151,190,213
702,30,83,77,162,225,64,250,99,119
702,31,34,183,211,85,88,4,157,59
702,32,12,146,125,140,161,179,236,46
702,33,56,75,132,139,54,28,166,133
702,34,5,195,44,10,20,98,72,238
702,35,187,148,190,74,21,210,33,11
702,36,19,93,39,113,115,109,171,92
702,37,65,165,80,5,169,96,25,74
702,38,169,176,252,61,158,159,218,96
702,39,117,235,80,237,129,107,163,45
703,0,237,253,190,141,61,208,235,221
703,1,75,151,46,68,62,184,113,155
703,2,210,109,59,17,88,252,4,38
703,3,91,35,34,128,77,12,130,183
703,4,102,142,222,15,95,127,236,6
703,5,186,50,58,204,90,47,6,235
703,6,43,123,125,167,153,2,157,154
703,7,118,23,185,78,4,29,142,175
703,8,113,116,85,180,53,83,72,52
703,9,203,116,38,99,94,191,85,29
703,10,169,198,207,130,36,206,13,250
703,11,233,189,7,42,32,248,180,107
703,12,220,21,93,15,10,63,74,26
703,13,170,105,34,45,29,11,43,58
703,14,173,86,41,51,132,184,95,162
703,15,172,147,98,162,165,74,122,206
703,16,172,35,115,191,5,134,183,24
703,17,69,250,109,233,87,44,225,58
703,18,224,77,83,197,58,204,43,57
703,19,192,116,115,109,127,208,191,20
703,20,113,195,239,179,180,148,72,85
703,21,38,116,203,99,143,164,124,191
703,22,27,198,125,65,169,88,36,207
703,23,23,178,62,86,63,239,189,32
703,24,93,220,15,10,209,74,87,161
703,25,45,11,58,170,95,134,34,105
703,26,173,184,41,132,51,149,45,248
703,27,147,172,145,165,193,14,154,122
703,28,191,115,35,172,238,25,1,134
703,29,69,109,196,210,233,44,58,124
703,30,77,224,58,197,163,239,213,98
703,31,115,192,127,116,212,163,95,122
703,32,108,226,67,204,241,119,90,181
703,33,79,85,93,66,43,123,38,115
703,34,27,132,74,254,82,244,61,123
703,35,239,27,53,14,11,139,64,242
703,36,20,222,192,213,63,235,220,138
703,37,39,5,129,233,199,139,2,227
703,38,109,64,239,134,83,67,168,197
703,39,186,190,252,7,11,60,249,235
704,0,193,167,38,54,94,44,176,53
704,1,122,201,117,105,238,246,46,249
704,2,54,209,0,220,43,81,19,154
704,3,91,34,35,128,183,220,61,74
704,4,159,247,213,245,179,177,249,187
704,5,239,159,160,132,5,42,73,101
704,6,43,14,63,191,230,55,98,181
704,7,142,118,221,106,175,162,238,210
704,8,113,53,104,148,175,59,70,150
704,9,99,203,116,195,7,105,38,192
704,10,96,183,219,189,240,121,11,76
704,11,253,239,51,180,187,41,224,249
704,12,10,220,16,21,53,111,88,4
704,13,34,58,11,112,158,184,208,170
704,14,173,34,132,239,110,130,30,162
704,15,141,74,90,184,124,122,84,6
704,16,191,115,24,134,172,60,1,125
704,17,69,161,109,210,59,196,244,144
704,18,77,224,54,58,100,107,227,98
704,19,192,208,115,127,24,180,148,25
704,20,113,53,50,150,122,148,172,144
704,21,99,143,38,214,233,116,252,74
704,22,162,245,27,96,176,217,42,189
704,23,23,239,193,40,48,111,140,184
704,24,13,244,10,220,195,213,4,177
704,25,34,180,58,11,158,208,194,167
704,26,173,21,132,130,248,216,252,17
704,27,92,145,122,206,139,90,221,196
704,28,191,115,1,25,172,142,171,238
704,29,69,161,196,109,210,217,127,58
704,30,77,58,224,4,98,119,140,9
704,31,115,127,192,95,125,133,208,212
704,32,67,108,226,204,241,124,219,177
704,33,79,85,66,93,123,50,51,13
704,34,27,186,254,66,218,132,211,123
704,35,239,53,14,139,202,60,11,149
704,36,213,20,154,135,170,137,196,247
704,37,129,39,199,38,233,139,137,163
704,38,109,239,168,175,207,60,102,83
704,39,25,195,187,184,252,230,150,154
705,0,173,169,40,143,58,236,7,22
705,1,129,147,224,172,189,112,142,124
705,2,217,174,102,6,54,124,239,11
705,3,245,193,19,137,73,93,99,69
705,4,199,187,205,28,140,57,134,122
705,5,152,108,111,0,185,248,237,50
705,6,205,0,7,198,12,121,96,210
705,7,142,175,88,225,238,4,106,227
705,8,148,53,122,85,59,111,150,70
705,9,99,193,233,183,121,150,49,229
705,10,27,96,250,217,149,31,183,13
705,11,23,139,109,239,35,2,223,73
705,12,10,13,111,48,16,244,46,202
705,13,34,11,144,208,45,180,201,170
705,14,173,132,34,17,30,248,45,239
705,15,90,74,6,206,145,141,170,146
705,16,191,115,1,60,24,234,238,134
705,17,69,161,109,210,217,127,196,215
705,18,77,54,58,224,98,162,195,236
705,19,192,127,208,115,203,227,235,73
705,20,122,53,172,113,148,150,100,50
705,21,99,143,214,121,233,129,217,38
705,22,27,245,217,162,250,159,96,70
705,23,23,139,109,237,40,81,61,48
705,24,13,244,195,10,175,213,23,158
705,25,34,180,208,45,11,144,162,82
705,26,21,173,248,132,34,17,130,30
705,27,196,139,92,145,90,122,206,0
705,28,191,142,115,1,37,169,171,204
705,29,69,161,217,210,196,58,144,34
705,30,77,58,8,224,4,54,96,147
705,31,127,95,174,115,192,133,203,152
705,32,67,233,204,108,73,241,96,64
705,33,79,204,87,106,66,61,182,151
705,34,66,154,218,138,179,176,254,205
705,35,14,53,202,69,60,11,254,137
705,36,213,4,135,164,154,188,11,254
705,37,129,171,199,218,1,170,109,237
705,38,239,68,190,175,60,58,25,205
705,39,25,230,252,195,140,184,187,90
706,0,148,195,0,78,120,75,207,224
706,1,135,55,168,248,108,118,170,25
706,2,173,32,132,143,91,239,174,237
706,3,184,22,109,180,147,93,42,194
706,4,147,134,40,29,229,56,158,223
706,5,36,0,108,128,216,140,246,173
706,6,12,252,23,199,205,0,240,30
706,7,142,18,149,11,225,175,104,33
706,8,53,148,59,108,233,202,192,70
706,9,99,31,192,229,195,90,141,177
706,10,38,172,221,245,92,217,135,197
706,11,166,118,117,184,244,77,154,127
706,12,10,109,13,240,131,111,187,148
706,13,34,144,208,201,148,80,9,41
706,14,85,132,34,94,163,173,243,162
706,15,74,90,193,28,84,38,245,170
706,16,191,1,200,134,124,209,161,115
706,17,161,69,217,184,210,10,192,244
706,18,8,77,241,54,239,58,98,100
706,19,127,149,15,208,115,125,180,186
706,20,53,202,238,100,148,81,24,150
706,21,121,99,214,143,228,233,101,97
706,22,38,245,172,226,197,221,44,42
706,23,166,118,237,117,139,28,40,154
706,24,10,13,109,244,187,87,195,177
706,25,34,144,241,208,201,71,184,82
706,26,85,173,132,94,248,130,34,21
706,27,92,90,196,139,193,145,151,0
706,28,191,1,142,89,107,115,124,209
706,29,161,69,210,217,184,192,196,127
706,30,8,77,58,96,147,54,109,4
706,31,127,95,149,174,133,15,115,152
706,32,233,67,204,202,73,121,138,108
706,33,204,106,147,51,87,66,225,177
706,34,66,218,154,226,13,150,138,166
706,35,14,53,202,60,142,64,254,107
706,36,4,154,164,135,213,188,254,11
706,37,171,109,199,132,165,56,213,156
706,38,239,190,175,73,68,67,61,143
706,39,32,87,57,140,252,184,171,47
707,0,139,211,77,26,29,36,94,176
707,1,210,55,149,65,9,92,25,118
707,2,195,5,81,199,229,18,66,117
707,3,22,1,93,182,174,246,180,112
707,4,134,147,132,46,29,28,159,85
707,5,0,154,173,128,222,74,233,95
707,6,12,30,218,152,0,7,145,113
707,7,142,129,18,13,175,225,252,104
707,8,53,148,59,192,233,161,121,24
707,9,134,99,237,1,32,3,79,221
707,10,149,38,217,245,197,135,172,92
707,11,166,121,117,139,154,2,144,173
707,12,10,13,240,109,111,182,23,152
707,13,34,144,148,188,180,208,9,109
707,14,17,94,21,132,34,173,85,95
707,15,90,74,64,97,139,6,193,196
707,16,191,1,158,115,60,234,201,37
707,17,69,161,210,74,121,217,128,34
707,18,8,77,54,129,58,100,96,60
707,19,24,127,186,144,115,98,248,94
707,20,53,172,24,50,148,233,143,202
707,21,99,121,214,32,58,233,71,136
707,22,217,245,38,102,121,92,13,49
707,23,166,237,139,28,40,5,19,127
707,24,187,244,195,10,158,13,109,105
707,25,34,180,144,194,148,135,208,71
707,26,21,17,130,85,173,30,219,126
707,27,196,221,92,141,90,104,0,64
707,28,191,142,1,115,169,223,254,158
707,29,161,69,210,249,217,58,121,215
707,30,8,58,77,4,96,129,147,67
707,31,127,174,180,95,152,115,114,149
707,32,233,67,204,73,30,45,108,176
707,33,204,106,61,87,51,151,177,203
707,34,66,13,154,218,150,254,29,121
707,35,14,194,53,114,202,180,11,254
707,36,4,154,164,188,135,254,187,213
707,37,171,92,199,213,132,237,13,66
707,38,239,190,175,200,68,17,67,25
707,39,57,32,87,252,140,166,184,91
708,0,124,211,77,70,234,76,104,37
708,1,210,55,52,109,68,95,115,17
708,2,195,22,91,199,31,207,66,18
708,3,22,39,19,182,209,93,180,96
708,4,134,147,46,28,29,200,197,101
708,5,0,154,173,128,164,75,74,196
708,6,12,30,69,113,72,218,250,199
708,7,142,18,129,225,175,13,104,213
708,8,53,148,121,59,72,24,192,161
708,9,99,134,3,32,221,28,1,229
708,10,245,149,96,217,183,38,45,172
708,11,166,121,194,105,241,139,117,144
708,12,10,240,109,88,127,13,23,179
708,13,34,144,148,158,45,67,224,208
708,14,34,94,173,21,17,132,130,143
708,15,74,141,184,70,196,170,223,0
708,16,191,158,1,177,234,115,169,220
708,17,161,210,69,244,249,95,186,34
708,18,8,77,58,67,4,129,54,99
708,19,127,186,174,24,208,98,227,180
708,20,53,172,72,148,176,150,240,204
708,21,214,135,99,1,143,233,229,32
708,22,245,38,149,183,102,135,13,103
708,23,166,139,105,5,167,40,117,121
708,24,244,88,10,117,158,240,195,87
708,25,34,144,71,248,82,91,136,184
708,26,17,173,21,94,132,130,188,199
708,27,0,141,104,92,221,90,139,74
708,28,191,142,158,1,115,112,16,254
708,29,249,69,210,161,226,58,232,13
708,30,4,58,8,129,219,77,96,152
708,31,127,174,114,149,152,212,186,180
708,32,233,67,136,73,85,204,144,203
708,33,87,204,106,61,102,185,30,177
708,34,66,154,13,29,218,121,115,46
708,35,14,117,77,194,220,161,143,180
708,36,213,4,164,254,37,32,26,146
708,37,171,98,132,59,139,231,66,33
708,38,68,175,239,87,143,182,196,254
708,39,57,252,32,198,140,67,235,226
709,0,230,63,111,186,121,135,46,234
709,1,104,210,65,196,160,12,247,168
709,2,124,37,44,195,23,48,25,213
709,3,88,71,93,83,136,192,42,104
709,4,28,46,16,111,56,126,82,38
709,5,128,173,154,206,0,171,152,75
709,6,0,218,121,199,30,219,115,210
709,7,175,11,225,178,129,13,24,26
709,8,53,148,240,122,247,59,144,24
709,9,99,109,22,233,237,229,193,15
709,10,245,96,183,149,13,158,1,28
709,11,241,139,105,166,122,28,48,117
709,12,10,109,8,48,149,110,240,195
709,13,34,144,179,224,1,201,184,148
709,14,173,21,94,107,34,143,239,17
709,15,0,64,90,74,11,168,223,216
709,16,191,115,158,1,62,50,78,234
709,17,161,210,69,244,95,249,113,34
709,18,58,8,67,77,4,95,96,54
709,19,127,186,174,208,98,227,63,56
709,20,122,53,204,176,100,24,59,233
709,21,109,143,99,233,214,237,218,229
709,22,245,28,121,184,70,44,13,217
709,23,139,241,5,28,73,122,105,40
709,24,244,195,149,117,213,10,87,175
709,25,34,144,158,135,179,208,82,198
709,26,21,173,94,248,130,95,132,188
709,27,139,0,141,219,221,70,90,184
709,28,158,191,142,1,204,34,115,140
709,29,249,161,210,13,232,226,55,69
709,30,4,8,58,77,42,120,67,96
709,31,174,61,155,127,186,98,194,215
709,32,136,233,149,73,52,45,66,203
709,33,87,204,106,30,108,199,12,178
709,34,154,29,244,66,211,218,93,146
709,35,14,11,143,202,220,194,130,161
709,36,213,164,254,146,149,220,42,47
709,37,171,33,86,36,99,231,98,254
709,38,68,175,239,121,196,142,145,37
709,39,25,252,235,198,41,151,90,35
710,0,169,143,241,126,133,57,114,88
710,1,82,230,156,94,146,65,137,240
710,2,124,8,36,237,189,21,247,177
710,3,106,224,226,93,69,1,239,50
710,4,235,28,171,227,46,32,29,140
710,5,128,173,171,4,237,243,152,0
710,6,0,218,113,199,120,115,222,30
710,7,105,175,225,153,67,106,245,13
710,8,53,59,148,72,171,144,62,131
710,9,69,99,241,1,180,229,233,86
710,10,245,184,103,88,217,183,149,148
710,11,105,139,39,241,19,171,166,117
710,12,240,149,10,201,243,176,182,69
710,13,34,208,212,45,174,144,145,14
710,14,94,163,34,21,132,4,143,130
710,15,193,196,139,158,0,11,141,74
710,16,1,191,209,25,158,124,40,104
710,17,198,69,44,192,223,151,217,13
710,18,8,239,77,18,58,92,4,152
710,19,174,188,127,212,154,180,214,50
710,20,72,53,148,123,176,240,195,166
710,21,99,69,143,1,241,225,229,214
710,22,184,70,245,103,148,38,25,149
710,23,105,19,117,139,166,63,241,191
710,24,149,240,10,173,244,109,107,177
710,25,144,45,34,248,136,198,120,83
710,26,94,217,163,162,149,130,173,225
710,27,11,187,56,219,196,0,22,27
710,28,124,158,65,142,83,1,125,123
710,29,13,249,246,232,198,74,45,174
710,30,4,42,253,8,67,169,31,92
710,31,61,186,158,238,161,155,98,254
710,32,136,60,233,66,205,88,43,45
710,33,87,137,108,178,185,33,199,159
710,34,29,93,15,108,115,250,211,99
710,35,11,65,155,195,19,134,64,173
710,36,254,16,148,66,170,47,190,73
710,37,122,25,160,231,148,59,207,183
710,38,239,122,31,0,135,191,196,143
710,39,96,252,175,63,35,46,193,41
711,0,29,180,115,207,60,151,211,178
711,1,71,251,191,100,3,124,82,78
711,2,124,194,188,91,237,23,139,211
711,3,224,191,56,1,182,22,242,164
711,4,210,134,101,233,29,4,38,159
711,5,0,171,128,173,131,4,139,122
711,6,105,212,72,199,178,240,120,110
711,7,13,193,142,104,245,88,225,227
711,8,53,121,59,148,72,192,84,171
711,9,3,99,221,32,134,28,154,101
711,10,245,217,233,229,184,1,96,103
711,11,241,105,48,146,166,110,122,223
711,12,10,110,149,2,109,23,217,213
711,13,34,148,144,201,1,177,167,180
711,14,17,143,173,21,92,130,230,190
711,15,184,97,6,92,221,74,132,0
711,16,60,234,191,115,84,175,177,4
711,17,161,249,210,69,144,95,247,59
711,18,66,58,99,75,77,8,38,236
711,19,186,125,47,239,49,98,208,127
711,20,50,172,243,53,145,72,150,7
711,21,32,99,58,209,135,214,143,233
711,22,245,217,13,176,44,121,227,102
711,23,237,5,61,48,28,193,31,139
711,24,213,23,158,244,243,10,113,218
711,25,34,194,180,208,82,198,144,119
711,26,17,21,173,184,130,88,199,143
711,27,184,92,6,173,190,247,141,139
711,28,191,158,115,91,1,177,142,234
711,29,249,69,161,74,210,34,9,215
711,30,58,99,77,54,239,0,174,224
711,31,186,114,163,127,115,125,98,148
711,32,67,108,233,104,161,218,203,143
711,33,79,118,87,61,185,115,39,123
711,34,109,27,66,13,128,6,78,137
711,35,149,239,27,40,246,234,60,17
711,36,148,75,140,170,93,171,233,19
711,37,5,171,122,33,98,207,61,127
711,38,61,0,197,191,222,196,143,25
711,39,193,57,163,223,235,176,67,109
712,0,227,9,118,119,101,197,179,91
712,1,184,62,199,27,210,150,12,0
712,2,59,114,17,74,227,24,88,4
712,3,77,88,183,212,130,136,83,69
712,4,241,17,108,131,230,151,19,229
712,5,6,190,51,128,212,240,204,66
712,6,0,218,121,243,240,241,178,199
712,7,142,33,4,225,118,11,26,104
712,8,53,148,59,113,85,20,111,24
712,9,99,77,237,170,38,192,228,86
712,10,96,245,113,149,183,158,1,142
712,11,241,178,122,139,48,26,2,105
712,12,10,109,149,110,217,48,244,46
712,13,34,144,208,82,162,201,80,170
712,14,17,184,132,21,173,143,230,134
712,15,6,92,74,97,90,64,184,139
712,16,60,234,191,115,22,1,51,4
712,17,69,161,109,210,249,144,127,95
712,18,77,58,195,54,96,75,239,236
712,19,186,192,125,127,239,163,208,98
712,20,113,172,50,24,145,150,53,105
712,21,38,99,214,32,170,30,209,58
712,22,217,23,245,176,13,27,36,96
712,23,178,237,221,61,23,5,40,28
712,24,175,213,195,87,158,239,10,204
712,25,34,194,180,11,201,82,198,208
712,26,17,173,184,21,130,34,248,102
712,27,92,173,6,141,139,193,190,223
712,28,191,115,1,25,158,112,60,236
712,29,249,69,161,109,210,144,196,127
712,30,58,77,224,239,102,54,99,67
712,31,115,192,127,163,186,125,95,214
712,32,67,108,226,204,241,203,219,152
712,33,79,85,66,19,199,115,112,77
712,34,27,74,91,132,2,47,214,61
712,35,27,239,60,249,19,149,64,246
712,36,222,123,171,235,85,149,113,220
712,37,5,139,86,234,112,241,25,61
712,38,64,8,191,228,160,131,23,206
712,39,228,252,210,91,117,235,66,37
713,0,190,253,235,141,221,158,64,125
713,1,113,179,203,217,7,145,180,68
713,2,127,239,98,109,220,173,123,132
713,3,35,128,91,34,115,83,90,82
713,4,127,17,153,183,179,91,229,177
713,5,135,190,212,166,176,222,152,37
713,6,0,121,218,210,198,199,83,117
713,7,142,118,175,54,70,238,225,241
713,8,113,104,175,53,148,59,20,24
713,9,116,170,38,191,99,118,83,195
713,10,96,13,36,27,48,33,183,208
713,11,23,178,233,35,241,180,38,122
713,12,10,93,87,109,114,204,149,195
713,13,34,11,105,144,45,80,184,4
713,14,184,173,34,107,30,119,132,21
713,15,74,90,172,145,139,60,0,141
713,16,115,191,1,238,62,50,24,92
713,17,109,69,210,244,217,161,121,34
713,18,77,58,224,54,56,227,197,60
713,19,192,127,208,116,115,186,125,227
713,20,113,24,150,53,223,148,139,105
713,21,38,116,99,170,214,143,233,74
713,22,27,245,36,23,65,217,96,250
713,23,23,178,28,73,48,241,138,81
713,24,93,10,87,175,220,195,204,88
713,25,34,11,45,144,201,208,170,247
713,26,173,184,149,248,132,130,95,21
713,27,145,147,90,139,122,193,92,173
713,28,191,115,238,1,25,26,141,236
713,29,109,196,69,210,161,108,127,144
713,30,224,58,77,239,95,102,110,54
713,31,115,192,127,95,116,125,98,163
713,32,108,226,67,204,241,45,203,252
713,33,79,85,66,93,210,115,51,19
713,34,27,74,132,254,239,61,146,222
713,35,239,27,60,53,19,206,134,220
713,36,20,222,192,237,154,190,42,51
713,37,39,129,5,88,139,184,87,120
713,38,64,109,205,207,228,239,202,70
713,39,186,190,235,252,126,48,11,22
714,0,167,38,193,94,54,112,44,130
714,1,122,201,117,105,179,140,217,70
714,2,239,127,173,64,167,43,102,46
714,3,91,220,35,90,34,128,120,122
714,4,218,159,80,179,177,237,17,41
714,5,68,239,160,226,5,211,37,101
714,6,199,198,0,193,219,252,118,176
714,7,142,109,67,210,224,225,219,153
714,8,113,53,148,158,12,69,59,111
714,9,99,223,146,7,192,105,123,116
714,10,96,183,121,76,189,240,93,104
714,11,28,224,249,196,173,73,57,180
714,12,88,53,10,4,111,117,41,70
714,13,34,216,184,201,109,85,11,84
714,14,173,17,130,34,239,132,26,143
714,15,90,74,184,141,38,196,139,32
714,16,191,115,62,234,60,24,4,221
714,17,161,109,69,210,244,33,121,209
714,18,77,58,54,224,96,236,95,107
714,19,192,208,127,73,112,180,255,69
714,20,113,53,24,145,105,148,247,169
714,21,99,233,143,214,30,38,202,135
714,22,96,245,217,162,197,27,30,176
714,23,23,221,140,48,40,61,88,82
714,24,195,13,244,87,10,213,243,239
714,25,34,180,208,158,201,11,135,194
714,26,130,173,21,17,252,122,188,30
714,27,173,219,92,193,147,139,145,32
714,28,191,115,1,25,158,200,209,159
714,29,69,196,161,109,192,34,210,144
714,30,77,224,58,9,54,102,67,185
714,31,192,127,115,95,112,106,61,203
714,32,67,108,226,204,241,217,215,124
714,33,85,79,123,66,50,199,51,49
714,34,186,27,254,47,211,149,198,2
714,35,60,239,202,53,14,139,249,206
714,36,213,154,123,188,217,20,116,121
714,37,129,39,199,139,120,163,29,131
714,38,239,109,228,59,175,102,196,153
714,39,25,187,195,235,230,171,184,252
715,0,173,40,18,22,169,185,127,106
715,1,112,129,224,147,189,172,127,250
715,2,239,217,102,72,127,174,181,22
715,3,90,92,53,48,19,246,137,186
715,4,199,187,17,0,122,9,193,171
715,5,68,189,11,211,166,13,29,112
715,6,199,0,193,7,118,103,198,121
715,7,109,13,142,225,88,45,113,175
715,8,122,148,53,85,59,150,24,106
715,9,170,99,43,195,60,233,214,16
715,10,27,96,37,183,93,22,208,245
715,11,23,35,28,241,224,82,215,139
715,12,88,187,48,10,229,144,195,111
715,13,34,11,144,201,216,184,84,106
715,14,173,34,130,239,87,107,162,30
715,15,141,196,38,90,158,184,120,139
715,16,115,191,62,1,125,135,248,17
715,17,161,69,109,244,210,74,33,95
715,18,58,54,77,96,67,224,236,98
715,19,208,127,192,186,98,112,73,125
715,20,122,53,113,139,24,148,144,105
715,21,99,170,143,135,121,233,214,38
715,22,245,27,217,96,162,197,13,30
715,23,23,81,139,241,48,221,237,217
715,24,195,244,13,87,88,187,255,4
715,25,34,180,208,11,162,135,201,218
715,26,130,173,21,17,134,248,188,34
715,27,173,92,219,139,6,218,193,223
715,28,115,191,1,142,158,25,236,204
715,29,69,161,196,210,109,74,34,144
715,30,58,77,8,224,54,9,147,31
715,31,127,192,174,95,212,133,115,214
715,32,67,233,108,204,73,217,45,203
715,33,79,87,204,106,199,66,178,123
715,34,66,154,218,138,107,47,142,198
715,35,60,14,69,249,202,149,206,19
715,36,213,4,166,164,212,135,247,252
715,37,218,129,171,234,115,139,109,189
715,38,239,68,190,175,228,58,173,60
715,39,25,230,140,171,235,90,76,222
716,0,148,195,0,224,78,217,12,120
716,1,135,55,168,248,108,35,204,103
716,2,101,240,5,81,254,181,251,224
716,3,184,107,115,18,74,175,181,96
716,4,125,158,166,207,169,147,226,223
716,5,36,24,38,179,216,0,149,139
716,6,219,252,101,222,205,216,223,189
716,7,149,18,217,225,130,99,210,190
716,8,53,148,59,111,202,128,214,106
716,9,99,31,192,7,237,141,195,149
716,10,38,172,92,245,96,221,73,168
716,11,166,184,118,183,154,117,244,87
716,12,187,10,117,111,188,131,109,177
716,13,34,144,148,184,9,41,115,109
716,14,34,85,239,107,130,1,141,94
716,15,196,158,173,90,141,28,219,10
716,16,191,1,197,124,125,158,236,62
716,17,161,210,69,184,95,192,217,244
716,18,8,58,77,96,137,54,107,95
716,19,127,208,186,149,98,214,144,125
716,20,53,202,24,105,143,144,223,146
716,21,121,99,214,101,233,143,97,135
716,22,38,245,197,13,30,183,226,172
716,23,166,118,149,233,221,40,237,183
716,24,87,244,195,187,13,109,4,201
716,25,34,201,144,117,148,99,35,82
716,26,130,85,173,228,122,34,107,248
716,27,196,139,254,141,56,219,223,173
716,28,191,1,158,142,89,124,125,17
716,29,161,210,69,74,144,192,184,34
716,30,8,58,77,9,145,67,147,47
716,31,127,149,214,186,133,15,98,48
716,32,233,202,67,58,121,93,204,26
716,33,204,147,106,87,51,225,248,177
716,34,66,226,218,32,154,108,166,13
716,35,60,14,80,162,206,107,17,155
716,36,4,85,144,99,163,143,140,230
716,37,171,165,66,176,109,139,216,51
716,38,190,239,73,175,67,143,37,77
716,39,87,140,171,32,56,67,24,133
717,0,139,211,26,77,29,36,224,176
717,1,210,149,55,9,92,89,65,168
717,2,195,5,81,199,229,62,117,66
717,3,1,22,182,168,96,181,174,57
717,4,244,134,29,159,147,252,85,111
717,5,0,173,149,75,63,154,24,168
717,6,252,152,219,128,221,145,222,250
717,7,18,13,129,225,190,142,217,83
717,8,53,148,59,24,214,36,111,144
717,9,99,237,192,218,134,31,1,79
717,10,38,245,92,149,172,197,96,73
717,11,166,154,43,184,117,173,139,244
717,12,187,10,109,137,111,212,233,177
717,13,34,148,144,115,240,224,109,188
717,14,190,94,34,17,85,143,130,239
717,15,64,89,92,196,28,90,184,97
717,16,101,191,1,197,201,124,158,125
717,17,161,210,128,217,184,69,62,97
717,18,8,96,77,74,60,54,236,38
717,19,186,144,127,24,98,50,125,149
717,20,53,24,202,50,172,143,233,119
717,21,99,121,237,214,71,32,58,135
717,22,76,245,38,13,217,102,197,92
717,23,237,166,139,87,82,127,77,48
717,24,244,187,195,87,214,204,109,13
717,25,34,115,148,251,180,144,71,252
717,26,130,17,21,85,126,34,122,186
717,27,219,141,196,92,70,139,104,151
717,28,158,191,142,1,254,135,177,101
717,29,161,69,210,192,184,219,34,247
717,30,8,58,9,147,77,145,96,129
717,31,127,152,149,174,144,180,175,254
717,32,233,67,204,217,73,45,212,115
717,33,87,204,106,61,51,225,177,202
717,34,66,154,218,13,150,29,211,3
717,35,14,60,114,17,53,164,254,202
717,36,4,213,154,164,254,159,196,187
717,37,171,213,132,199,92,186,66,139
717,38,190,239,175,68,67,196,165,233
717,39,57,140,166,87,32,171,91,90
718,0,230,111,186,63,234,121,46,172
718,1,210,104,196,65,12,160,247,232
718,2,22,48,66,189,229,37,9,14
718,3,19,83,71,192,88,141,52,42
718,4,101,111,16,28,126,46,56,32
718,5,128,149,173,63,75,226,0,168
718,6,0,218,121,219,30,222,147,145
718,7,13,175,217,178,225,104,227,89
718,8,148,53,240,122,247,59,85,144
718,9,99,109,22,237,192,229,195,90
718,10,96,149,245,38,217,183,112,172
718,11,241,139,117,166,180,35,5,105
718,12,10,149,187,195,109,11,179,182
718,13,34,179,144,1,54,148,184,117
718,14,173,130,34,94,21,4,107,132
718,15,196,90,221,158,202,254,64,11
718,16,191,1,115,62,78,158,125,177
718,17,161,128,210,69,217,215,74,95
718,18,8,58,54,96,67,145,100,236
718,19,127,186,151,174,208,98,165,112
718,20,122,53,247,24,120,223,100,105
718,21,109,99,214,97,170,233,195,143
718,22,245,13,217,96,197,223,172,75
718,23,139,241,87,127,40,23,5,105
718,24,244,87,195,149,13,187,117,243
718,25,34,241,82,201,144,208,184,218
718,26,130,21,173,94,188,34,158,219
718,27,219,141,139,11,104,223,92,231
718,28,158,191,177,142,1,115,34,124
718,29,161,210,237,69,13,128,217,196
718,30,8,58,9,145,96,77,147,235
718,31,127,174,106,95,254,165,61,58
718,32,149,233,73,204,67,217,108,45
718,33,106,204,87,66,118,108,199,29
718,34,66,154,138,218,91,211,198,2
718,35,60,14,69,97,17,206,53,19
718,36,213,196,11,51,143,76,247,15
718,37,171,218,234,216,115,54,139,69
718,38,239,190,68,228,173,175,165,233
718,39,25,230,222,140,56,235,171,172
719,0,148,195,0,120,12,207,78,74
719,1,168,55,248,161,108,115,204,25
719,2,222,61,211,177,246,66,1,101
719,3,184,19,74,107,181,18,96,175
719,4,244,166,2,226,169,113,125,207
719,5,36,24,149,63,168,38,35,216
719,6,219,222,218,128,117,223,0,158
719,7,253,18,149,217,99,67,33,225
719,8,53,216,148,59,247,202,111,70
719,9,99,31,192,22,237,141,148,229
719,10,38,245,172,74,92,73,197,221
719,11,166,43,117,183,184,154,77,118
719,12,248,10,109,149,233,119,152,240
719,13,34,115,192,51,148,144,240,1
719,14,173,21,132,34,130,85,107,1
719,15,221,74,90,141,158,7,254,0
719,16,177,191,1,158,115,125,62,236
719,17,161,210,69,74,125,215,128,121
719,18,58,8,77,96,38,100,54,145
719,19,186,127,208,28,255,235,185,144
719,20,53,216,202,105,24,225,148,142
719,21,148,252,214,99,36,135,177,233
719,22,38,245,223,141,13,106,30,201
719,23,166,163,40,26,233,5,184,34
719,24,248,218,87,184,117,255,212,195
719,25,34,115,192,148,201,82,144,184
719,26,130,188,186,178,250,34,85,228
719,27,219,141,32,198,254,101,139,90
719,28,158,124,101,191,1,6,204,50
719,29,161,210,237,192,34,74,144,130
719,30,9,8,145,74,140,92,96,77
719,31,106,50,254,15,127,165,180,61
719,32,233,217,204,202,212,58,93,115
719,33,204,106,147,51,50,177,44,131
719,34,66,29,218,150,226,123,13,211
719,35,14,53,60,202,206,142,194,164
719,36,154,4,51,135,247,121,123,15
719,37,171,56,139,226,156,199,216,109
719,38,239,190,175,73,111,191,228,180
719,39,87,140,32,171,235,185,56,24
720,0,139,211,77,26,29,36,176,104
720,1,210,149,55,9,92,168,89,173
720,2,81,199,222,195,45,5,69,179
720,3,1,246,57,174,168,185,96,22
720,4,244,147,134,29,85,100,111,114
720,5,112,0,154,149,63,173,196,237
720,6,0,219,218,30,128,222,223,117
720,7,253,129,33,18,217,104,175,88
720,8,53,148,216,247,59,240,100,233
720,9,99,192,22,237,229,31,233,210
720,10,38,149,245,92,74,73,172,197
720,11,43,166,154,139,117,77,237,244
720,12,248,109,10,75,212,233,184,40
720,13,34,115,148,51,192,144,48,9
720,14,190,94,21,85,62,132,130,34
720,15,141,90,89,254,102,168,64,226
720,16,177,191,1,124,101,68,125,23
720,17,161,74,210,128,192,217,130,179
720,18,8,96,54,58,77,94,38,30
720,19,186,127,50,144,180,148,158,114
720,20,216,53,148,143,105,158,24,131
720,21,99,136,209,109,214,97,233,196
720,22,38,245,74,92,89,197,223,172
720,23,166,139,167,82,5,154,127,43
720,24,248,218,109,240,75,195,87,117
720,25,34,115,144,184,136,192,223,148
720,26,130,85,94,34,21,186,126,134
720,27,141,219,90,196,139,212,226,198
720,28,158,191,124,177,1,101,134,222
720,29,161,210,192,237,128,74,32,105
720,30,8,9,96,145,77,74,140,47
720,31,165,127,61,180,254,95,106,175
720,32,233,217,204,123,73,212,74,101
720,33,106,204,51,61,50,46,177,167
720,34,66,138,13,150,218,29,154,214
720,35,14,53,114,60,202,164,69,194
720,36,154,4,135,164,123,51,252,32
720,37,171,132,92,4,139,216,109,8
720,38,190,239,175,111,165,228,191,67
720,39,87,32,140,171,103,57,56,185
721,0,139,19,77,116,211,67,194,29
721,1,173,210,149,55,88,9,92,89
721,2,222,195,199,22,18,61,66,229
721,3,19,93,212,96,22,78,69,63
721,4,244,101,46,28,147,134,203,120
721,5,0,154,173,128,171,149,75,237
721,6,30,218,0,240,12,113,72,234
721,7,129,142,253,104,175,178,88,217
721,8,53,148,59,216,100,233,240,36
721,9,99,160,192,221,134,237,32,25
721,10,149,245,74,38,197,96,89,131
721,11,166,139,77,48,117,43,105,241
721,12,248,10,109,75,131,211,40,13
721,13,34,192,148,144,195,51,115,214
721,14,17,92,143,94,173,21,145,132
721,15,64,90,6,92,97,139,196,119
721,16,177,1,191,115,234,158,60,125
721,17,74,161,249,210,69,128,217,121
721,18,8,77,58,54,94,96,147,99
721,19,186,127,235,23,24,98,144,49
721,20,172,50,53,148,247,243,119,145
721,21,32,99,58,214,160,229,45,97
721,22,121,245,38,74,102,13,217,191
721,23,166,237,139,5,40,184,77,48
721,24,23,248,158,20,244,184,109,87
721,25,34,194,56,144,192,82,201,184
721,26,17,130,94,188,21,85,122,250
721,27,139,218,247,141,6,219,198,223
721,28,177,1,191,234,158,208,115,17
721,29,161,210,74,249,69,215,192,144
721,30,8,96,58,9,77,243,145,51
721,31,61,144,127,214,175,98,136,165
721,32,233,217,45,190,115,212,203,73
721,33,106,204,51,61,46,87,112,19
721,34,66,150,154,29,218,214,13,198
721,35,14,60,114,220,194,164,202,219
721,36,4,154,11,123,201,121,164,188
721,37,171,139,199,213,140,237,92,191
721,38,190,239,175,200,111,67,165,35
721,39,87,140,57,32,166,105,185,56
722,0,29,48,230,17,162,104,87,239
722,1,21,163,55,251,210,121,239,243
722,2,22,195,212,66,199,14,31,200
722,3,19,22,82,194,180,81,74,86
722,4,101,134,46,28,146,197,147,22
722,5,154,0,128,232,173,74,21,171
722,6,218,30,0,69,250,113,12,234
722,7,129,142,253,133,178,3,104,33
722,8,53,148,121,59,111,233,158,192
722,9,99,192,237,214,97,221,218,229
722,10,245,197,149,183,74,30,184,233
722,11,166,72,241,139,28,117,77,183
722,12,248,10,131,240,109,110,75,119
722,13,34,192,148,144,201,223,162,60
722,14,130,173,21,94,143,92,1,134
722,15,97,90,79,64,196,141,74,104
722,16,1,177,115,191,62,201,125,158
722,17,225,161,210,69,215,249,74,128
722,18,54,8,58,96,95,77,99,66
722,19,186,127,208,24,87,112,98,49
722,20,50,53,148,172,111,223,62,59
722,21,99,58,214,170,237,60,229,121
722,22,245,197,217,184,183,13,38,28
722,23,5,237,77,144,72,241,166,139
722,24,131,195,248,117,149,110,87,158
722,25,34,194,177,201,180,184,144,1
722,26,130,17,173,21,254,219,228,188
722,27,141,79,6,223,32,219,139,38
722,28,177,158,115,191,1,50,134,236
722,29,249,74,161,210,69,225,144,215
722,30,58,8,239,99,77,129,54,0
722,31,186,127,114,163,214,185,106,98
722,32,233,67,108,157,66,45,217,203
722,33,79,161,198,19,39,106,177,128
722,34,66,20,13,222,108,170,103,163
722,35,60,33,107,206,155,38,134,19
722,36,55,140,170,99,137,11,16,225
722,37,5,171,196,139,226,127,247,180
722,38,0,176,96,197,35,140,191,111
722,39,224,235,193,98,57,109,255,223
723,0,243,9,119,35,118,227,242,101
723,1,199,210,184,180,31,227,158,168
723,2,48,204,168,59,114,37,19,146
723,3,77,88,212,183,208,239,189,204
723,4,19,108,151,17,230,83,101,191
723,5,128,190,51,149,139,142,173,212
723,6,0,218,121,240,66,147,234,64
723,7,13,178,33,142,26,11,118,104
723,8,53,148,59,144,24,247,214,100
723,9,99,77,237,192,22,228,170,233
723,10,96,245,113,149,197,142,30,183
723,11,241,178,139,72,2,211,122,48
723,12,248,10,149,109,111,110,159,2
723,13,34,144,1,211,162,148,184,158
723,14,130,173,143,8,239,134,17,21
723,15,90,141,97,79,64,196,92,184
723,16,115,191,177,1,62,158,125,201
723,17,210,69,225,249,244,161,95,247
723,18,58,54,95,96,77,239,145,107
723,19,186,208,127,235,69,125,192,98
723,20,113,89,53,204,50,111,62,24
723,21,170,99,38,60,97,135,233,214
723,22,23,217,245,197,113,170,13,26
723,23,237,178,72,241,5,217,48,35
723,24,195,87,13,244,229,131,10,62
723,25,34,194,180,201,211,158,82,144
723,26,130,173,17,184,21,30,102,228
723,27,141,173,6,92,219,223,139,32
723,28,115,158,191,1,25,177,175,37
723,29,249,69,161,109,74,196,144,210
723,30,58,77,224,239,54,9,102,144
723,31,186,192,163,214,98,127,61,106
723,32,108,226,67,217,204,32,45,203
723,33,79,85,118,123,112,199,12,66
723,34,27,74,211,254,239,91,149,29
723,35,27,53,239,60,202,249,139,220
723,36,110,222,188,123,192,154,134,51
723,37,5,139,112,199,37,140,131,247
723,38,239,64,228,59,8,176,61,191
723,39,228,225,216,171,66,252,117,73
724,0,190,253,221,141,158,235,64,125
724,1,113,179,203,7,217,180,145,73
724,2,127,104,239,229,98,184,155,168
724,3,115,82,78,83,140,63,241,206
724,4,127,17,177,183,91,85,179,246
724,5,135,176,212,166,238,37,101,134
724,6,0,121,218,198,210,83,117,147
724,7,70,118,231,40,13,67,238,45
724,8,113,175,104,53,158,119,100,59
724,9,170,116,38,118,191,99,192,83
724,10,96,13,27,208,36,113,245,183
724,11,23,241,35,203,178,127,233,122
724,12,93,87,10,111,195,85,149,204
724,13,34,211,144,11,105,224,184,1
724,14,173,130,184,30,34,239,8,47
724,15,172,90,141,196,158,228,139,38
724,16,115,191,1,62,134,125,26,24
724,17,109,69,225,210,244,95,112,106
724,18,58,224,77,54,60,107,47,197
724,19,192,208,186,127,116,98,148,125
724,20,113,53,148,24,59,179,72,139
724,21,38,116,170,99,233,135,143,214
724,22,27,36,245,217,23,96,65,125
724,23,23,178,82,127,221,48,5,26
724,24,93,220,195,87,10,204,255,229
724,25,34,11,45,211,105,144,247,205
724,26,173,130,184,149,162,248,95,34
724,27,147,145,139,193,172,38,92,226
724,28,115,191,238,25,1,158,204,125
724,29,109,196,69,210,108,244,249,74
724,30,58,224,77,102,95,9,54,98
724,31,192,127,115,116,95,203,186,125
724,32,108,226,67,241,204,217,45,32
724,33,79,85,66,50,123,51,93,210
724,34,254,27,74,123,132,211,239,149
724,35,53,27,239,60,139,220,202,249
724,36,154,222,188,135,20,192,223,78
724,37,39,199,129,247,213,5,139,163
724,38,239,64,109,59,102,228,14,175
724,39,186,235,252,216,126,125,190,61
725,0,167,193,38,54,94,130,44,112
725,1,122,201,117,105,179,140,217,42
725,2,127,239,173,64,134,102,46,132
725,3,91,35,128,122,90,74,120,34
725,4,159,17,218,177,80,205,179,18
725,5,226,68,35,37,101,211,221,196
725,6,0,198,88,121,219,117,6,158
725,7,40,67,210,153,109,217,224,99
725,8,113,53,158,69,111,96,12,214
725,9,192,105,7,116,118,33,146,99
725,10,96,240,166,183,104,76,189,121
725,11,41,90,73,196,28,127,249,35
725,12,88,53,111,62,218,117,41,202
725,13,34,184,201,9,85,82,67,53
725,14,130,173,239,34,122,150,30,162
725,15,141,90,196,184,38,74,158,32
725,16,115,62,191,60,17,24,158,125
725,17,210,69,109,244,161,116,112,74
725,18,58,54,77,224,96,95,107,100
725,19,208,192,127,186,112,61,148,98
725,20,113,53,24,148,139,169,145,204
725,21,99,233,143,214,31,202,135,97
725,22,245,96,217,162,13,183,197,30
725,23,23,140,221,48,127,40,237,61
725,24,13,195,244,87,255,10,204,229
725,25,34,148,180,11,201,208,227,158
725,26,130,173,17,21,8,30,186,178
725,27,219,196,92,141,164,139,16,32
725,28,191,158,115,25,200,1,17,37
725,29,161,196,69,249,109,144,232,34
725,30,77,224,9,102,58,54,145,47
725,31,61,186,192,50,98,180,125,1
725,32,108,226,67,241,217,204,132,32
725,33,50,79,85,123,66,51,12,199
725,34,254,186,27,123,29,211,239,112
725,35,53,202,60,139,249,239,220,142
725,36,188,154,135,123,158,78,193,20
725,37,199,39,129,219,139,37,59,38
725,38,239,109,60,59,228,102,14,83
725,39,230,25,195,187,120,235,216,171
