step,layer,experts...
29,0,177,47,235,115,187,81,158,192
29,1,250,112,224,172,205,11,244,118
29,2,10,158,145,109,100,93,179,29
29,3,199,25,214,225,244,159,117,118
29,4,222,142,15,87,154,102,195,108
29,5,158,251,65,193,151,127,188,218
29,6,138,79,153,196,60,143,167,54
29,7,36,147,117,116,35,184,191,14
29,8,191,52,116,180,212,164,123,4
29,9,95,2,161,239,164,59,203,255
29,10,198,65,185,169,247,234,243,36
29,11,108,189,160,206,128,107,12,204
29,12,15,1,74,60,93,221,128,39
29,13,47,134,130,89,202,147,154,6
29,14,51,137,50,224,148,52,160,64
29,15,242,204,148,58,165,162,85,217
29,16,130,205,28,51,252,233,229,43
29,17,64,87,35,250,20,248,119,0
29,18,43,134,13,161,163,30,197,126
29,19,36,20,109,26,30,116,195,215
29,20,191,4,180,224,239,23,186,110
29,21,2,95,164,197,191,47,44,239
29,22,198,185,125,169,65,91,243,196
29,23,206,128,108,189,160,136,74,86
29,24,221,93,242,1,74,60,220,209
29,25,182,134,89,47,130,147,32,108
29,26,137,51,160,103,12,88,32,148
29,27,165,87,58,162,177,204,85,229
29,28,130,229,205,43,46,80,170,252
29,29,248,87,0,20,64,124,22,250
29,30,43,134,163,197,226,161,179,13
29,31,75,20,116,36,4,109,205,167
29,32,112,119,90,192,134,53,181,2
29,33,127,43,93,215,16,86,83,92
29,34,26,85,1,82,51,86,96,132
29,35,42,203,84,57,72,174,108,22
29,36,83,20,70,120,14,23,235,119
29,37,182,104,39,190,58,105,233,31
29,38,209,151,148,27,71,92,249,243
29,39,78,110,38,243,69,154,12,242
30,0,77,238,173,37,138,75,43,26
30,1,214,112,250,172,224,147,129,118
30,2,49,217,219,158,153,29,11,41
30,3,159,25,69,6,199,87,225,224
30,4,163,233,195,5,200,129,57,250
30,5,251,65,71,188,158,127,218,43
30,6,143,138,169,22,203,133,60,254
30,7,184,125,36,35,208,117,229,39
30,8,224,20,61,141,191,173,99,98
30,9,255,243,2,18,161,198,36,95
30,10,65,157,243,185,247,125,162,196
30,11,128,108,150,206,89,228,204,160
30,12,60,145,192,221,53,209,1,193
30,13,89,202,182,243,134,66,138,32
30,14,41,189,103,28,137,12,229,88
30,15,229,185,165,149,242,58,204,46
30,16,163,60,28,205,75,229,252,130
30,17,248,5,208,87,22,64,167,211
30,18,213,43,197,134,203,2,124,217
30,19,36,167,121,195,30,20,201,56
30,20,224,61,220,173,99,116,191,50
30,21,18,255,2,95,170,243,58,155
30,22,243,185,65,125,176,247,150,35
30,23,150,160,89,16,239,128,206,47
30,24,60,145,221,0,209,76,193,53
30,25,243,89,202,182,20,185,66,171
30,26,103,12,28,88,41,137,229,189
30,27,185,229,183,165,242,46,204,87
30,28,163,75,229,28,205,130,60,57
30,29,22,248,241,87,96,15,18,211
30,30,126,134,43,201,197,15,161,203
30,31,36,121,201,167,20,26,19,41
30,32,2,112,53,160,250,90,134,218
30,33,127,92,164,52,9,83,0,43
30,34,63,26,85,105,186,1,92,133
30,35,43,42,72,57,84,22,160,210
30,36,45,14,83,20,201,120,221,75
30,37,72,138,39,23,182,88,190,206
30,38,209,103,120,249,151,0,168,108
30,39,238,162,21,222,159,148,10,190
31,0,115,81,132,158,47,177,235,86
31,1,172,94,112,250,224,19,205,129
31,2,41,129,106,179,153,11,29,119
31,3,37,199,25,41,214,225,233,159
31,4,58,219,129,165,154,88,57,163
31,5,251,218,65,127,158,71,135,88
31,6,143,65,138,22,169,196,31,79
31,7,184,36,14,229,147,117,49,78
31,8,180,191,4,99,224,61,173,52
31,9,239,59,161,2,255,95,85,197
31,10,65,125,196,247,185,243,157,150
31,11,160,108,99,206,128,19,47,150
31,12,60,145,221,193,93,1,151,223
31,13,89,103,182,243,202,134,108,214
31,14,189,103,137,28,51,32,64,229
31,15,229,58,242,165,185,148,46,204
31,16,163,28,252,205,130,60,229,238
31,17,87,64,248,46,241,0,5,15
31,18,43,254,213,126,161,203,195,124
31,19,36,121,116,195,20,26,30,207
31,20,191,224,99,116,180,173,237,239
31,21,239,2,255,95,191,197,156,116
31,22,125,243,65,185,176,150,87,247
31,23,108,160,19,128,206,86,193,9
31,24,60,151,93,221,145,209,192,199
31,25,103,243,182,202,89,134,220,105
31,26,103,88,105,226,28,137,149,209
31,27,242,185,165,58,46,31,87,23
31,28,17,61,229,35,163,40,60,28
31,29,46,87,0,248,198,111,241,167
31,30,43,163,134,15,254,201,203,166
31,31,20,121,116,57,26,36,166,75
31,32,112,119,252,53,90,95,2,160
31,33,92,43,52,127,210,93,164,0
31,34,26,85,132,133,92,1,86,82
31,35,72,42,84,119,57,204,18,174
31,36,45,20,73,83,221,222,56,66
31,37,39,72,182,138,233,88,69,24
31,38,120,249,209,151,103,182,195,109
31,39,162,222,221,211,201,2,238,108
32,0,43,238,30,173,200,95,140,75
32,1,250,224,172,112,129,86,147,19
32,2,49,11,219,217,41,179,60,119
32,3,25,159,38,199,113,163,69,225
32,4,58,233,88,195,154,5,129,57
32,5,251,65,158,127,218,205,71,88
32,6,138,143,22,169,65,68,226,60
32,7,184,35,49,125,36,117,14,229
32,8,99,191,20,173,224,61,123,180
32,9,255,2,59,161,36,170,243,8
32,10,65,125,185,243,247,157,196,27
32,11,160,206,128,150,47,89,108,86
32,12,145,199,60,220,223,221,1,93
32,13,243,89,182,202,134,66,32,160
32,14,189,137,103,32,28,51,64,148
32,15,229,242,165,58,185,87,46,148
32,16,163,43,238,28,60,229,205,252
32,17,87,64,15,5,0,248,20,35
32,18,43,197,134,163,161,195,155,124
32,19,167,20,109,36,116,26,121,195
32,20,116,191,239,99,56,77,224,173
32,21,2,255,197,191,95,161,170,38
32,22,65,125,243,176,185,196,150,247
32,23,160,206,128,9,47,108,107,86
32,24,151,199,60,93,221,145,220,193
32,25,89,182,202,134,243,154,32,212
32,26,103,137,88,51,28,32,189,105
32,27,165,87,242,58,172,162,204,185
32,28,229,43,205,163,252,238,150,80
32,29,0,20,124,87,64,248,5,15
32,30,43,163,134,197,226,155,15,161
32,31,20,116,26,109,205,167,4,75
32,32,192,252,90,119,112,134,181,160
32,33,92,43,16,83,93,127,39,129
32,34,26,85,1,186,133,86,132,96
32,35,42,84,72,57,108,160,204,43
32,36,83,20,221,120,70,45,23,73
32,37,72,138,182,39,190,88,65,58
32,38,151,120,209,148,92,249,71,109
32,39,238,38,2,69,228,114,221,162
33,0,200,81,140,115,158,208,132,206
33,1,182,233,82,33,118,128,16,250
33,2,172,41,106,179,153,217,49,57
33,3,199,233,25,225,118,41,37,230
33,4,58,154,142,108,165,195,219,54
33,5,135,251,65,158,218,127,79,43
33,6,138,22,36,143,79,65,196,226
33,7,14,36,117,184,229,147,78,35
33,8,180,239,77,99,4,61,173,191
33,9,2,203,255,85,239,161,36,59
33,10,65,196,243,247,157,185,198,125
33,11,160,108,206,128,107,62,204,47
33,12,93,220,221,145,1,60,39,193
33,13,134,182,130,138,89,160,108,202
33,14,137,52,32,51,64,148,160,167
33,15,162,165,58,242,87,204,148,4
33,16,229,205,170,252,43,28,32,130
33,17,64,87,20,0,5,115,35,15
33,18,197,43,204,203,192,134,161,226
33,19,109,20,30,167,116,26,36,205
33,20,116,239,191,110,180,115,220,185
33,21,2,197,203,191,85,95,161,164
33,22,196,243,198,234,157,125,65,150
33,23,206,128,107,108,160,111,9,62
33,24,221,220,93,1,145,199,193,74
33,25,182,134,32,202,89,130,138,66
33,26,137,51,103,54,52,159,32,88
33,27,165,162,58,87,181,204,177,172
33,28,229,205,80,43,170,46,252,111
33,29,248,20,0,87,124,5,250,153
33,30,43,197,134,226,155,163,179,13
33,31,116,75,109,20,4,205,26,39
33,32,192,119,90,134,185,112,106,252
33,33,93,16,127,43,83,86,183,39
33,34,85,1,26,82,86,96,207,180
33,35,84,57,42,160,108,22,72,10
33,36,70,20,120,83,14,181,217,23
33,37,104,182,190,31,39,138,58,233
33,38,151,27,148,71,92,209,121,249
33,39,69,38,154,110,12,243,217,78
34,0,106,212,43,218,66,238,4,33
34,1,19,224,242,211,128,124,118,250
34,2,49,11,217,133,60,188,219,255
34,3,214,25,219,159,199,30,19,177
34,4,88,154,74,98,242,195,54,122
34,5,158,251,147,178,127,44,88,218
34,6,138,79,65,68,143,36,22,183
34,7,14,35,147,184,36,191,229,78
34,8,180,173,77,99,61,56,116,191
34,9,156,59,85,161,197,2,217,255
34,10,196,234,157,171,247,65,185,91
34,11,27,107,160,108,206,128,239,111
34,12,1,193,145,191,223,220,60,169
34,13,134,182,154,160,138,202,66,89
34,14,137,52,167,32,51,106,148,64
34,15,165,87,58,162,242,204,88,4
34,16,205,28,252,170,80,229,9,32
34,17,87,15,64,20,0,248,104,35
34,18,43,155,161,204,226,203,197,13
34,19,225,20,30,109,26,19,167,201
34,20,116,191,110,239,115,56,186,61
34,21,156,197,239,148,151,2,85,161
34,22,196,234,157,243,150,46,185,91
34,23,27,107,111,128,206,160,47,3
34,24,145,1,192,220,191,193,221,15
34,25,134,89,202,66,32,182,113,130
34,26,137,51,52,159,106,54,189,231
34,27,58,165,162,204,177,181,242,87
34,28,80,170,205,252,46,0,152,229
34,29,20,104,248,166,230,124,218,201
34,30,13,155,159,192,177,43,134,135
34,31,225,30,75,207,228,201,39,226
34,32,192,185,178,157,247,116,106,237
34,33,16,72,127,182,253,43,39,215
34,34,9,63,45,21,251,205,86,33
34,35,40,22,84,135,86,112,183,10
34,36,45,98,148,67,23,14,119,83
34,37,20,48,145,56,43,209,24,55
34,38,195,163,120,43,255,193,254,123
34,39,27,246,215,235,138,222,1,224
35,0,69,14,127,228,98,140,153,95
35,1,182,63,251,3,158,118,195,128
35,2,49,64,217,94,133,60,117,253
35,3,116,20,214,199,171,70,219,25
35,4,154,79,74,88,54,98,58,195
35,5,158,11,251,147,178,218,127,205
35,6,138,65,79,57,143,196,183,36
35,7,35,78,184,147,14,229,221,101
35,8,173,180,61,116,4,77,52,23
35,9,59,197,85,151,161,255,239,156
35,10,234,196,171,91,24,46,19,157
35,11,27,107,160,111,3,114,228,150
35,12,193,145,191,1,169,192,128,39
35,13,113,89,44,202,66,138,182,154
35,14,167,52,51,231,106,137,189,54
35,15,33,58,162,165,177,242,4,204
35,16,205,252,80,170,28,26,46,32
35,17,15,20,153,104,248,35,87,242
35,18,226,203,155,192,204,43,177,161
35,19,30,225,26,207,201,228,19,75
35,20,185,191,157,115,110,61,116,224
35,21,197,156,120,239,198,151,47,73
35,22,196,234,19,187,46,91,157,247
35,23,107,3,111,27,130,114,145,47
35,24,106,39,145,191,193,192,15,1
35,25,37,66,113,202,89,199,219,32
35,26,137,106,167,54,159,52,231,51
35,27,177,33,204,58,162,233,242,54
35,28,205,80,170,252,152,54,46,0
35,29,20,230,104,218,236,248,201,166
35,30,13,97,135,177,192,203,221,68
35,31,30,225,226,75,233,51,207,228
35,32,221,185,178,195,194,247,237,206
35,33,16,94,121,217,168,40,206,18
35,34,81,187,19,54,251,188,21,141
35,35,84,212,214,108,10,86,196,244
35,36,8,119,239,0,23,198,129,253
35,37,105,48,209,90,20,35,75,57
35,38,34,79,22,86,84,97,76,113
35,39,68,16,23,78,145,188,241,160
36,0,181,82,80,14,194,107,251,68
36,1,234,221,126,92,63,107,94,16
36,2,217,64,253,94,106,117,237,68
36,3,20,38,225,3,194,219,17,166
36,4,79,154,195,5,58,89,127,172
36,5,158,251,174,183,79,147,178,205
36,6,79,57,157,39,196,149,65,15
36,7,30,35,76,36,49,147,221,195
36,8,226,173,61,107,191,185,130,178
36,9,85,100,49,161,198,197,8,218
36,10,178,68,234,196,247,116,187,243
36,11,42,64,111,56,160,204,145,181
36,12,202,39,145,193,97,49,1,18
36,13,130,162,164,250,47,118,226,44
36,14,52,161,212,105,106,54,25,233
36,15,100,107,85,213,165,129,122,162
36,16,170,252,205,229,51,94,73,7
36,17,153,220,225,115,8,81,64,20
36,18,226,192,68,204,17,77,197,2
36,19,30,171,124,177,29,94,237,14
36,20,110,114,161,185,144,27,191,22
36,21,85,100,197,198,8,218,73,34
36,22,234,116,68,196,178,160,187,122
36,23,80,64,56,111,107,145,204,3
36,24,39,193,145,221,139,204,81,220
36,25,211,164,130,13,250,66,219,75
36,26,52,161,137,54,106,167,159,231
36,27,100,177,116,233,204,203,129,26
36,28,170,205,80,252,20,0,149,130
36,29,26,20,101,242,248,230,35,8
36,30,55,97,13,192,68,221,2,135
36,31,237,30,75,14,171,124,229,226
36,32,224,197,206,178,50,199,237,42
36,33,179,16,201,156,40,217,206,245
36,34,49,213,217,141,251,188,107,33
36,35,224,244,214,84,10,108,212,86
36,36,255,239,24,129,23,119,198,214
36,37,105,50,48,14,209,90,35,57
36,38,146,79,34,86,84,97,76,124
36,39,13,62,85,78,203,242,177,181
37,0,24,41,109,72,86,4,29,2
37,1,236,71,3,251,100,226,85,22
37,2,221,139,253,157,93,77,158,64
37,3,159,25,243,177,199,154,58,167
37,4,154,149,243,160,77,51,192,186
37,5,251,183,213,158,115,155,120,2
37,6,171,79,245,149,209,196,157,57
37,7,35,30,76,36,196,171,167,158
37,8,220,130,226,61,178,114,254,107
37,9,85,161,100,198,44,212,47,8
37,10,117,234,178,17,8,222,116,187
37,11,231,209,3,170,111,151,145,107
37,12,166,39,193,116,208,157,1,223
37,13,13,219,230,47,130,113,154,250
37,14,52,179,167,131,106,64,231,161
37,15,100,213,242,54,107,116,122,33
37,16,170,138,252,243,154,80,205,32
37,17,115,78,20,35,15,8,153,64
37,18,68,192,13,204,130,2,141,226
37,19,30,171,229,124,228,26,14,247
37,20,110,114,191,220,242,161,130,27
37,21,197,85,73,198,212,47,161,120
37,22,117,234,17,196,122,116,187,178
37,23,209,3,107,111,145,14,231,59
37,24,166,39,157,1,193,210,68,145
37,25,13,230,211,130,28,250,113,66
37,26,196,137,106,54,52,167,161,159
37,27,116,100,130,177,204,54,35,4
37,28,138,170,80,20,252,205,56,201
37,29,78,20,230,101,242,35,8,200
37,30,13,55,68,97,192,66,237,135
37,31,30,124,228,171,247,237,229,14
37,32,14,197,120,75,50,57,206,178
37,33,5,103,133,179,16,201,54,161
37,34,5,227,11,141,213,94,251,18
37,35,244,214,10,108,136,84,223,28
37,36,48,129,23,157,24,239,198,251
37,37,162,105,48,14,35,57,20,82
37,38,79,34,124,76,185,97,230,84
37,39,77,62,78,13,242,203,181,130
38,0,151,124,134,192,199,180,155,203
38,1,44,236,120,49,92,245,101,206
38,2,235,71,253,3,130,158,213,75
38,3,25,213,159,199,150,76,243,144
38,4,154,44,243,160,192,77,51,221
38,5,251,158,183,62,236,218,165,178
38,6,79,57,82,171,196,39,149,245
38,7,223,35,30,196,147,116,36,76
38,8,159,220,130,226,63,107,144,178
38,9,100,85,161,44,8,197,9,198
38,10,19,234,178,116,242,196,40,207
38,11,3,59,111,145,220,85,204,231
38,12,39,193,157,15,145,208,210,81
38,13,230,219,130,13,113,28,250,47
38,14,52,106,167,161,54,64,131,231
38,15,213,177,100,33,242,162,4,204
38,16,170,252,190,205,230,80,26,32
38,17,164,20,225,15,153,242,104,21
38,18,250,192,226,68,203,204,97,161
38,19,30,26,85,124,229,171,75,225
38,20,159,191,110,185,61,115,220,121
38,21,197,73,198,85,47,161,212,207
38,22,19,234,196,242,178,187,116,216
38,23,85,145,3,59,220,222,107,231
38,24,39,157,1,15,210,55,128,11
38,25,211,230,19,113,155,37,28,130
38,26,118,137,106,196,54,167,231,161
38,27,33,130,177,204,100,54,233,28
38,28,190,170,80,230,82,252,130,0
38,29,164,20,230,200,21,35,142,88
38,30,250,63,97,151,251,135,13,68
38,31,30,51,226,228,171,137,124,34
38,32,76,57,146,18,179,123,247,185
38,33,56,234,162,75,189,11,16,181
38,34,72,44,240,5,251,141,94,21
38,35,74,180,10,108,185,148,251,28
38,36,125,157,92,142,129,119,23,98
38,37,48,126,105,35,208,113,28,82
38,38,34,76,88,79,84,97,230,119
38,39,78,165,242,188,160,229,142,129
39,0,51,49,22,146,153,11,85,247
39,1,169,107,223,87,155,5,177,200
39,2,249,16,90,252,253,10,35,242
39,3,98,97,160,238,146,27,216,119
39,4,14,167,154,240,65,160,181,201
39,5,158,67,235,191,251,165,178,120
39,6,79,57,149,196,157,39,177,204
39,7,44,35,14,76,147,78,23,171
39,8,33,61,180,56,173,77,52,212
39,9,132,197,161,85,73,47,98,198
39,10,19,234,248,196,171,178,216,187
39,11,36,20,3,107,111,160,158,145
39,12,39,193,242,128,15,192,145,1
39,13,33,230,219,66,113,154,142,32
39,14,52,147,51,106,167,137,231,64
39,15,33,213,177,162,204,242,4,58
39,16,252,80,156,170,205,26,46,243
39,17,110,20,242,15,35,230,104,57
39,18,112,192,128,226,203,97,177,204
39,19,30,12,120,26,229,225,228,171
39,20,33,61,191,110,226,185,115,4
39,21,132,120,197,198,85,212,100,161
39,22,248,234,19,196,165,116,178,187
39,23,36,20,3,107,136,204,111,145
39,24,39,242,154,193,43,192,106,68
39,25,33,130,199,142,66,104,13,37
39,26,54,147,118,167,106,67,159,161
39,27,204,213,100,177,33,233,107,94
39,28,156,170,252,80,152,205,0,231
39,29,110,20,230,200,248,142,8,238
39,30,112,128,29,221,192,13,135,251
39,31,30,120,12,171,228,14,124,137
39,32,238,113,158,194,178,155,206,68
39,33,73,41,16,179,40,206,72,177
39,34,97,251,161,34,213,188,141,19
39,35,244,84,214,28,10,224,108,251
39,36,239,129,157,181,198,23,189,8
39,37,105,48,35,82,14,20,233,153
39,38,79,34,76,86,230,97,84,106
39,39,203,62,130,145,242,78,34,13
40,0,124,151,155,161,237,72,222,62
40,1,195,83,173,98,95,245,33,97
40,2,76,71,16,3,10,253,157,158
40,3,25,243,79,159,199,112,15,216
40,4,154,203,77,192,51,44,8,243
40,5,251,183,115,158,62,81,120,236
40,6,79,82,19,57,171,196,49,209
40,7,223,35,76,30,116,32,14,191
40,8,198,178,130,220,61,226,107,159
40,9,85,161,100,49,44,98,150,198
40,10,234,178,19,207,9,116,165,99
40,11,3,59,145,238,136,85,111,83
40,12,39,115,208,202,210,157,116,193
40,13,130,13,219,47,66,93,21,125
40,14,52,171,54,106,161,64,167,25
40,15,213,204,107,177,33,100,242,147
40,16,252,205,170,230,190,7,32,80
40,17,20,164,242,153,119,145,104,15
40,18,204,250,192,203,76,126,226,13
40,19,30,249,171,26,225,85,172,75
40,20,226,191,121,198,159,185,110,107
40,21,85,197,198,212,161,73,100,150
40,22,19,234,196,165,178,242,116,216
40,23,136,85,59,107,111,231,145,158
40,24,115,242,15,157,39,11,128,81
40,25,230,113,28,130,202,19,13,37
40,26,231,137,106,171,54,167,159,83
40,27,33,177,204,233,54,217,162,71
40,28,190,80,170,0,46,205,152,193
40,29,20,164,21,230,88,166,119,101
40,30,250,63,97,204,177,135,162,13
40,31,30,249,151,34,228,39,135,226
40,32,76,18,185,146,179,247,237,123
40,33,75,11,56,234,189,104,95,16
40,34,5,44,72,240,238,220,67,94
40,35,74,148,190,112,185,191,86,187
40,36,142,227,115,125,119,39,248,26
40,37,78,48,27,105,126,175,20,176
40,38,80,119,101,215,169,251,30,76
40,39,244,158,183,9,122,92,72,188
41,0,226,117,171,11,185,146,187,96
41,1,169,81,133,107,16,2,66,195
41,2,169,71,252,208,253,249,63,20
41,3,221,170,188,216,75,25,119,112
41,4,8,105,119,154,55,228,60,192
41,5,61,158,183,251,62,178,236,165
41,6,79,90,57,196,3,54,49,149
41,7,35,181,14,76,131,147,108,78
41,8,112,61,180,173,52,159,77,56
41,9,206,120,178,197,85,161,98,59
41,10,234,196,163,229,19,171,178,111
41,11,18,3,142,107,136,111,145,85
41,12,106,67,193,39,1,15,192,128
41,13,200,113,219,230,202,32,44,66
41,14,52,38,51,231,167,106,159,137
41,15,241,99,177,213,162,33,4,58
41,16,149,205,252,80,170,54,46,28
41,17,236,15,155,88,242,20,35,153
41,18,6,63,203,97,75,204,161,69
41,19,30,26,249,51,233,75,229,225
41,20,112,191,115,61,185,110,159,226
41,21,206,197,198,120,178,85,161,47
41,22,163,234,196,229,19,178,187,171
41,23,18,142,107,130,111,145,3,207
41,24,106,67,39,81,193,102,145,192
41,25,37,200,113,202,130,32,28,199
41,26,54,38,137,83,231,52,106,118
41,27,177,241,99,204,100,213,217,107
41,28,185,149,205,170,46,54,80,152
41,29,155,20,236,242,102,65,230,201
41,30,6,203,97,177,68,13,204,29
41,31,30,51,233,171,63,96,226,75
41,32,210,17,199,194,247,185,89,178
41,33,214,23,105,94,16,40,245,72
41,34,187,19,251,141,107,54,12,58
41,35,10,214,244,7,76,86,251,28
41,36,8,119,253,157,129,0,23,214
41,37,105,164,35,48,82,20,84,147
41,38,136,79,22,76,34,255,230,97
41,39,68,16,23,241,78,145,160,146
42,0,181,82,251,99,107,39,68,160
42,1,217,89,166,9,92,200,222,149
42,2,251,84,253,158,120,224,233,20
42,3,119,131,105,50,227,195,158,17
42,4,133,172,58,20,154,89,211,195
42,5,174,172,32,183,158,250,251,79
42,6,137,236,230,56,171,15,194,79
42,7,30,195,35,134,204,76,116,191
42,8,226,198,107,130,112,27,189,157
42,9,100,85,120,49,150,218,161,0
42,10,68,178,34,241,234,196,187,229
42,11,64,204,56,83,160,42,162,51
42,12,202,189,139,49,145,18,87,106
42,13,164,130,162,44,226,118,4,75
42,14,25,54,105,161,212,52,100,235
42,15,100,107,85,204,243,129,206,4
42,16,229,170,252,40,32,205,233,7
42,17,26,242,220,81,2,243,115,64
42,18,55,192,30,2,230,165,155,226
42,19,237,30,14,171,197,170,234,229
42,20,226,61,198,130,191,27,110,161
42,21,198,212,100,85,197,206,65,120
42,22,68,234,178,119,151,187,241,246
42,23,64,204,83,93,207,162,107,111
42,24,193,67,106,39,202,145,125,107
42,25,164,211,130,200,250,13,202,37
42,26,118,54,159,38,78,161,100,27
42,27,100,116,99,241,177,166,204,107
42,28,149,185,20,147,252,170,205,108
42,29,26,242,83,101,102,35,2,8
42,30,55,97,68,2,29,13,203,176
42,31,237,30,171,14,124,229,137,51
42,32,224,197,210,178,199,206,50,155
42,33,179,201,16,156,40,105,245,206
42,34,49,217,213,141,107,251,247,144
42,35,224,244,214,10,56,108,76,227
42,36,255,129,24,119,157,239,23,189
42,37,50,105,147,35,82,57,48,14
42,38,79,146,76,34,230,86,97,250
42,39,62,85,13,130,177,78,160,30
43,0,109,1,212,136,218,24,3,65
43,1,22,236,190,226,85,217,234,200
43,2,96,221,253,77,158,139,251,125
43,3,202,177,199,159,112,240,17,118
43,4,133,243,154,77,123,186,160,68
43,5,213,31,183,23,172,251,250,158
43,6,39,149,79,157,100,129,196,15
43,7,61,76,35,14,30,147,36,196
43,8,157,61,247,173,52,27,185,180
43,9,160,197,85,161,98,198,47,22
43,10,196,234,98,171,178,191,187,251
43,11,158,201,111,54,93,207,107,156
43,12,193,242,39,192,134,166,249,15
43,13,230,37,42,113,164,130,211,202
43,14,52,54,159,146,64,83,106,231
43,15,116,177,213,204,99,242,162,174
43,16,252,26,80,170,46,205,32,185
43,17,104,20,242,15,35,153,162,64
43,18,203,63,97,72,55,177,251,161
43,19,30,225,75,237,201,26,99,206
43,20,157,185,191,61,110,224,115,237
43,21,160,198,161,197,47,120,22,212
43,22,234,196,98,220,187,191,173,19
43,23,158,54,93,207,156,107,204,225
43,24,106,39,145,192,193,81,125,58
43,25,113,164,37,230,200,199,89,42
43,26,54,28,231,159,38,106,131,52
43,27,116,204,177,99,241,51,213,54
43,28,201,185,170,147,152,46,149,80
43,29,162,20,104,242,230,201,101,216
43,30,203,97,177,221,55,68,251,72
43,31,30,237,135,226,14,201,171,225
43,32,116,197,210,206,75,178,50,224
43,33,206,59,18,179,16,40,201,105
43,34,213,241,251,11,107,141,152,247
43,35,244,224,214,10,86,7,39,3
43,36,251,129,239,198,157,23,255,24
43,37,105,48,147,14,57,35,248,28
43,38,124,79,86,34,97,76,20,146
43,39,13,62,78,242,203,181,177,34
44,0,81,41,134,72,70,222,36,151
44,1,101,69,76,164,61,41,85,116
44,2,96,158,221,3,48,218,180,77
44,3,167,72,243,199,39,218,79,154
44,4,149,154,243,44,175,77,10,134
44,5,120,251,183,164,172,151,250,178
44,6,100,171,168,39,157,149,177,79
44,7,30,35,76,32,199,196,116,147
44,8,220,226,130,61,63,198,150,107
44,9,100,212,161,85,0,9,198,197
44,10,119,178,234,146,232,187,34,196
44,11,231,158,157,204,59,201,37,3
44,12,166,193,39,202,145,49,116,192
44,13,19,230,219,42,130,66,125,75
44,14,167,54,106,105,52,159,64,131
44,15,100,177,4,204,110,71,154,107
44,16,53,59,170,185,252,110,205,190
44,17,242,19,104,35,191,145,185,101
44,18,219,72,251,55,2,191,203,130
44,19,247,30,14,171,26,124,75,206
44,20,226,110,130,220,61,27,198,238
44,21,212,198,100,197,85,8,255,252
44,22,119,234,146,165,178,220,232,187
44,23,231,157,158,204,59,76,93,56
44,24,166,39,55,192,193,125,145,210
44,25,199,230,19,42,202,66,250,130
44,26,54,167,106,159,67,249,161,52
44,27,100,177,204,116,99,233,107,26
44,28,20,53,56,170,138,59,201,147
44,29,19,242,216,200,162,101,20,230
44,30,219,97,68,221,72,251,13,203
44,31,247,30,70,14,171,228,226,124
44,32,14,85,206,210,50,197,107,144
44,33,68,59,103,40,5,16,179,245
44,34,11,107,18,213,251,94,227,141
44,35,244,214,10,114,108,28,251,76
44,36,48,129,44,57,23,157,125,198
44,37,105,14,162,147,57,35,48,20
44,38,185,79,34,124,97,84,76,106
44,39,77,44,62,78,242,181,203,188
45,0,151,124,199,192,72,134,76,231
45,1,44,69,49,174,23,246,236,235
45,2,80,130,3,96,122,250,158,253
45,3,79,25,199,159,72,241,243,112
45,4,44,243,154,148,160,221,192,77
45,5,251,236,81,183,218,165,172,178
45,6,39,171,209,79,196,100,56,157
45,7,35,36,223,76,116,147,30,14
45,8,220,61,191,185,130,107,178,52
45,9,161,85,197,212,198,59,98,9
45,10,242,19,234,196,178,165,187,220
45,11,85,158,201,93,220,3,111,204
45,12,39,193,242,15,192,223,145,239
45,13,130,230,219,32,37,108,66,125
45,14,52,54,64,160,106,137,51,167
45,15,177,204,242,162,213,4,165,100
45,16,190,252,170,80,46,32,205,26
45,17,164,20,242,153,104,35,15,21
45,18,63,203,250,204,72,97,226,155
45,19,30,85,26,225,249,75,201,14
45,20,185,115,191,61,121,220,110,207
45,21,197,198,161,47,212,85,98,131
45,22,242,19,234,196,91,187,220,173
45,23,85,201,158,107,220,93,76,59
45,24,81,11,15,128,1,39,145,193
45,25,230,113,37,19,89,32,202,28
45,26,231,28,137,106,54,52,159,203
45,27,177,204,33,28,54,242,217,58
45,28,46,190,80,170,205,193,252,0
45,29,164,20,21,88,230,201,162,101
45,30,63,250,203,97,177,204,135,162
45,31,30,228,135,151,75,225,249,85
45,32,18,123,76,179,125,185,85,140
45,33,95,11,234,104,16,56,59,132
45,34,240,44,72,251,94,48,220,238
45,35,191,185,74,190,148,10,250,183
45,36,142,125,115,248,227,152,49,26
45,37,48,126,135,78,20,27,174,67
45,38,101,30,80,119,9,234,215,255
45,39,244,183,9,92,250,72,122,203
46,0,155,92,234,188,4,172,146,111
46,1,66,107,133,3,236,43,232,162
46,2,110,249,107,242,150,158,253,90
46,3,25,159,202,199,30,155,177,218
46,4,239,164,154,192,160,228,180,94
46,5,251,27,115,236,218,165,178,155
46,6,39,59,79,204,56,196,157,100
46,7,131,161,14,32,36,108,169,35
46,8,61,220,180,173,52,191,212,224
46,9,197,161,227,98,47,198,85,59
46,10,9,91,196,171,234,19,81,111
46,11,3,158,207,93,201,116,85,107
46,12,193,223,39,128,55,15,194,81
46,13,113,37,99,100,230,66,160,28
46,14,64,52,28,51,231,83,61,159
46,15,177,242,88,204,250,71,58,4
46,16,46,185,80,32,252,205,39,150
46,17,49,88,17,104,35,15,16,20
46,18,203,63,177,161,13,155,166,43
46,19,26,201,225,75,30,39,249,151
46,20,185,237,191,115,186,61,104,224
46,21,197,161,47,171,198,227,73,59
46,22,91,234,196,9,0,151,136,171
46,23,116,93,107,158,201,160,106,3
46,24,81,15,145,193,1,192,175,27
46,25,100,113,32,89,37,202,66,239
46,26,231,137,28,106,52,159,54,109
46,27,44,177,217,204,242,4,54,62
46,28,80,46,193,170,252,205,0,152
46,29,49,20,88,201,21,230,166,124
46,30,177,203,204,162,97,13,135,134
46,31,151,201,30,183,75,4,135,226
46,32,146,125,185,179,237,86,76,18
46,33,97,75,16,104,6,189,205,166
46,34,44,255,238,212,33,227,251,202
46,35,190,74,148,59,10,49,108,112
46,36,115,227,234,19,39,147,214,143
46,37,78,27,175,16,108,169,101,114
46,38,169,119,215,251,18,35,254,96
46,39,231,117,179,22,39,158,229,122
47,0,123,196,249,229,216,105,7,101
47,1,225,231,27,150,155,11,244,93
47,2,103,84,17,117,90,162,43,158
47,3,133,187,37,31,235,199,152,84
47,4,154,236,142,102,222,13,54,108
47,5,158,104,251,161,178,236,193,218
47,6,79,39,196,167,153,157,56,138
47,7,23,14,35,147,29,36,76,184
47,8,180,234,77,116,173,61,89,56
47,9,197,29,85,94,59,161,203,164
47,10,196,234,169,198,130,171,178,247
47,11,189,107,111,3,128,42,158,160
47,12,220,193,39,26,128,74,15,63
47,13,134,154,147,43,130,32,66,160
47,14,52,137,51,167,32,64,106,124
47,15,162,165,242,58,177,87,204,81
47,16,170,252,80,32,5,229,205,106
47,17,20,87,250,15,153,64,35,0
47,18,204,43,226,197,134,13,179,161
47,19,30,20,26,109,183,39,171,19
47,20,115,116,191,234,185,110,180,220
47,21,197,164,29,85,35,2,255,94
47,22,196,169,234,198,150,65,243,39
47,23,189,128,206,107,111,160,108,62
47,24,220,74,15,63,26,221,1,81
47,25,134,182,147,32,202,95,66,89
47,26,137,10,51,41,52,106,54,148
47,27,165,162,58,181,177,217,87,204
47,28,80,252,43,133,106,205,170,5
47,29,20,87,250,76,153,124,0,248
47,30,179,43,226,44,134,13,89,155
47,31,26,109,20,63,205,4,75,30
47,32,98,90,181,112,192,237,185,252
47,33,43,16,127,126,183,83,86,39
47,34,84,26,85,96,1,207,133,251
47,35,84,57,42,160,112,108,204,72
47,36,20,83,221,70,217,59,120,64
47,37,72,65,182,138,88,31,233,39
47,38,209,103,151,176,91,148,249,193
47,39,2,238,162,166,86,228,38,65
48,0,115,158,132,81,235,177,47,208
48,1,182,233,146,155,244,11,93,250
48,2,121,10,43,57,123,93,145,217
48,3,117,119,37,199,133,25,236,187
48,4,236,142,54,154,222,102,108,95
48,5,158,251,43,193,127,90,218,188
48,6,79,138,153,196,60,143,22,182
48,7,14,117,23,147,184,78,36,229
48,8,77,239,173,234,99,56,180,61
48,9,2,85,239,164,255,191,59,161
48,10,65,185,125,196,169,198,247,243
48,11,108,206,160,128,107,189,62,47
48,12,93,220,74,128,145,193,192,223
48,13,134,182,154,89,147,66,130,32
48,14,32,137,148,52,51,64,167,189
48,15,165,162,200,58,242,87,204,185
48,16,43,205,133,252,106,28,80,170
48,17,15,87,250,0,76,20,153,64
48,18,43,161,179,226,134,13,163,197
48,19,20,116,109,19,26,205,30,167
48,20,116,191,239,56,63,4,180,115
48,21,197,191,164,239,255,85,2,161
48,22,176,125,150,243,65,196,198,185
48,23,128,206,160,9,108,86,189,204
48,24,151,93,252,74,60,220,192,15
48,25,134,32,182,154,147,130,95,89
48,26,137,10,51,88,41,103,32,54
48,27,87,165,58,181,162,204,31,172
48,28,43,150,106,111,252,205,80,133
48,29,0,124,20,87,153,250,76,5
48,30,226,163,43,134,195,13,179,170
48,31,20,116,26,109,205,167,75,4
48,32,252,119,90,181,112,192,178,53
48,33,16,93,43,184,83,129,92,210
48,34,85,26,1,82,133,186,96,92
48,35,42,84,72,57,108,160,204,174
48,36,83,221,20,70,73,22,120,217
48,37,182,88,104,138,229,72,58,190
48,38,151,27,148,71,92,209,3,202
48,39,154,38,69,217,78,243,110,12
49,0,238,30,200,95,43,140,206,112
49,1,155,182,146,233,250,19,211,128
49,2,49,121,11,60,219,217,43,167
49,3,117,113,199,25,236,118,38,130
49,4,154,58,222,54,165,195,88,5
49,5,158,43,188,218,127,251,65,88
49,6,65,138,79,196,22,60,143,68
49,7,35,23,117,14,78,229,147,184
49,8,180,77,239,4,99,104,116,52
49,9,197,59,239,2,255,161,85,164
49,10,157,125,65,196,88,27,185,39
49,11,108,39,206,128,107,160,86,62
49,12,93,220,128,15,151,145,74,193
49,13,134,182,103,154,202,32,147,138
49,14,51,137,52,32,148,106,64,10
49,15,46,162,165,58,242,87,4,200
49,16,205,252,43,80,28,106,133,170
49,17,15,87,20,5,0,153,250,46
49,18,43,226,134,204,197,161,15,163
49,19,26,167,109,116,20,195,19,30
49,20,116,239,191,185,104,115,180,23
49,21,191,2,255,197,239,164,161,171
49,22,196,125,65,157,150,234,198,247
49,23,128,206,39,160,111,86,107,47
49,24,93,220,15,151,74,145,199,235
49,25,134,182,32,6,202,66,147,154
49,26,137,10,51,88,106,189,86,52
49,27,46,165,162,58,172,181,87,204
49,28,43,252,80,106,111,170,205,133
49,29,0,87,20,5,153,46,248,76
49,30,226,43,15,170,134,163,197,89
49,31,26,116,167,109,63,20,75,30
49,32,119,90,181,252,178,112,240,223
49,33,43,16,83,93,129,74,39,127
49,34,186,1,85,26,116,251,133,141
49,35,84,42,72,97,57,108,204,160
49,36,83,20,45,221,70,22,102,73
49,37,72,88,182,92,219,58,229,138
49,38,88,120,151,180,23,233,209,147
49,39,238,162,166,106,105,223,67,93
50,0,140,206,158,98,132,67,95,81
50,1,155,233,244,182,93,33,205,250
50,2,95,43,217,172,153,41,158,20
50,3,41,117,225,25,119,233,199,236
50,4,58,154,195,5,165,236,79,153
50,5,158,251,188,218,198,127,205,183
50,6,79,65,196,138,36,236,14,22
50,7,184,14,30,196,36,35,147,117
50,8,239,180,226,130,77,107,99,114
50,9,85,203,100,197,2,47,8,161
50,10,234,178,157,122,196,247,243,65
50,11,42,111,204,128,160,14,107,108
50,12,220,145,193,39,189,49,202,139
50,13,250,130,162,118,157,96,154,125
50,14,52,161,233,25,212,106,105,100
50,15,100,107,122,165,129,87,120,162
50,16,170,24,94,74,205,229,142,252
50,17,2,153,81,83,133,45,121,53
50,18,68,77,204,200,121,226,30,20
50,19,171,147,94,152,172,29,187,19
50,20,144,110,22,161,114,185,27,213
50,21,100,85,49,218,34,8,56,134
50,22,160,178,116,122,131,194,176,180
50,23,80,56,14,204,111,97,78,239
50,24,25,139,189,48,220,64,200,145
50,25,250,130,162,4,50,45,75,96
50,26,161,233,54,78,212,252,21,114
50,27,100,129,107,165,210,122,206,85
50,28,94,74,170,24,172,130,31,182
50,29,150,2,83,8,158,34,60,153
50,30,68,111,2,17,77,52,226,200
50,31,171,177,94,124,227,170,14,67
50,32,33,101,50,107,68,252,203,178
50,33,192,245,16,74,215,12,124,75
50,34,16,247,141,137,144,107,236,51
50,35,108,115,28,202,56,127,35,97
50,36,23,157,176,83,196,235,84,160
50,37,7,35,104,97,58,105,121,219
50,38,151,27,92,148,103,143,254,191
50,39,154,217,78,146,38,37,106,198
51,0,41,238,43,173,30,86,24,89
51,1,155,182,233,140,244,118,93,11
51,2,49,95,20,11,43,60,217,153
51,3,41,199,117,113,25,226,225,233
51,4,54,235,5,154,165,88,174,163
51,5,158,43,188,110,251,127,198,230
51,6,138,65,143,79,14,68,60,22
51,7,117,35,145,184,78,147,229,76
51,8,116,104,239,180,173,56,99,77
51,9,59,255,197,2,8,85,171,161
51,10,157,65,125,196,185,234,122,88
51,11,108,39,128,206,181,111,47,204
51,12,220,193,93,151,0,53,62,145
51,13,134,182,103,138,32,202,112,149
51,14,52,106,51,137,10,159,41,167
51,15,46,162,165,172,58,181,4,204
51,16,252,43,205,75,80,106,170,229
51,17,5,20,15,153,87,0,158,64
51,18,226,204,43,192,170,161,197,134
51,19,26,167,109,30,195,63,20,116
51,20,185,239,116,191,115,104,110,61
51,21,191,2,197,155,255,171,198,164
51,22,157,196,234,65,125,150,243,173
51,23,128,39,206,187,111,204,14,160
51,24,220,93,145,192,193,151,15,187
51,25,134,182,211,6,32,138,202,130
51,26,137,10,86,54,106,41,159,52
51,27,46,165,162,172,58,204,181,217
51,28,252,43,80,170,111,205,106,51
51,29,20,5,153,87,0,158,124,248
51,30,226,170,43,192,134,52,13,89
51,31,63,167,26,30,109,75,116,20
51,32,119,223,90,178,181,240,252,112
51,33,16,83,74,43,93,39,129,231
51,34,116,1,85,186,251,26,141,63
51,35,97,42,174,84,10,108,59,244
51,36,83,70,22,23,129,198,73,119
51,37,182,58,105,88,219,28,48,21
51,38,151,92,148,79,209,42,168,232
51,39,2,189,78,146,38,213,69,162
52,0,70,236,238,211,72,30,151,192
52,1,211,124,205,167,19,33,118,86
52,2,49,60,11,188,106,253,95,3
52,3,41,199,25,121,159,131,118,117
52,4,58,88,154,195,192,165,54,250
52,5,158,251,188,155,198,183,205,218
52,6,79,14,65,138,22,68,209,196
52,7,35,76,147,184,25,204,47,36
52,8,185,61,116,220,180,239,173,191
52,9,197,198,8,161,59,98,104,85
52,10,157,173,234,122,196,111,185,39
52,11,85,111,108,204,14,228,160,89
52,12,131,220,193,191,15,145,249,192
52,13,134,20,211,154,182,138,112,32
52,14,52,106,10,159,51,86,137,167
52,15,162,46,165,58,181,204,174,4
52,16,252,80,106,205,170,43,28,190
52,17,5,20,15,18,153,158,87,242
52,18,226,43,204,161,124,192,203,155
52,19,63,167,26,30,109,75,36,19
52,20,185,239,191,115,116,61,180,110
52,21,171,197,198,2,156,155,8,255
52,22,173,157,196,234,150,247,65,243
52,23,181,14,85,111,160,228,204,72
52,24,220,145,15,192,39,0,252,221
52,25,211,20,112,182,176,6,134,32
52,26,10,137,86,106,159,54,103,41
52,27,46,217,165,204,162,172,58,181
52,28,252,106,111,80,51,170,205,134
52,29,18,153,20,158,124,242,5,15
52,30,226,134,192,43,33,84,13,52
52,31,63,167,75,36,26,241,30,20
52,32,240,19,92,123,252,223,178,68
52,33,231,16,74,95,39,241,127,252
52,34,63,191,112,1,251,219,166,214
52,35,43,59,97,44,191,174,108,42
52,36,22,138,73,221,83,106,125,226
52,37,160,92,88,61,202,130,196,152
52,38,120,242,156,87,0,252,193,104
52,39,21,107,106,162,42,65,166,86
53,0,206,30,79,255,181,246,168,149
53,1,16,133,94,107,234,193,219,224
53,2,97,20,217,1,167,153,49,158
53,3,216,119,27,12,229,225,222,41
53,4,195,150,184,87,58,154,97,5
53,5,79,198,215,120,25,32,251,158
53,6,32,230,21,37,254,211,171,130
53,7,30,178,97,11,31,110,28,69
53,8,226,27,63,198,22,144,108,114
53,9,100,134,50,49,218,15,225,64
53,10,131,180,32,186,34,146,67,178
53,11,83,42,56,100,72,245,37,33
53,12,202,25,139,28,50,97,87,40
53,13,162,90,130,250,96,0,13,218
53,14,233,212,100,21,3,25,34,248
53,15,107,100,47,90,237,15,160,205
53,16,234,24,74,200,94,60,142,172
53,17,81,2,153,145,83,53,121,106
53,18,121,77,30,68,100,204,147,200
53,19,94,171,172,19,187,31,129,106
53,20,144,110,22,213,114,27,161,84
53,21,85,100,49,218,214,8,134,34
53,22,160,178,194,116,122,176,168,48
53,23,80,56,152,181,97,83,14,239
53,24,139,87,104,200,91,48,16,202
53,25,250,130,162,193,4,118,161,255
53,26,233,161,78,54,100,212,21,216
53,27,100,107,129,210,122,139,175,151
53,28,74,94,126,24,176,182,175,191
53,29,2,150,83,81,34,8,158,187
53,30,68,100,30,77,13,200,34,111
53,31,94,171,128,177,129,67,227,170
53,32,33,68,101,252,107,122,215,203
53,33,192,245,215,55,119,220,74,29
53,34,16,247,144,236,61,137,51,141
53,35,115,227,108,56,28,159,202,194
53,36,235,157,23,176,127,119,156,32
53,37,36,29,165,4,7,35,82,219
53,38,103,0,241,17,255,233,78,206
53,39,42,10,136,198,134,227,101,201
54,0,252,25,205,95,42,147,238,204
54,1,133,16,162,94,107,224,234,88
54,2,97,167,218,253,43,106,20,72
54,3,199,119,117,25,226,150,159,236
54,4,154,195,192,250,54,58,165,249
54,5,188,251,158,43,127,90,198,155
54,6,79,138,14,65,196,22,133,230
54,7,35,147,76,23,47,204,184,116
54,8,239,185,116,180,56,191,61,35
54,9,197,98,169,85,59,198,8,97
54,10,173,157,234,122,139,196,185,111
54,11,72,120,108,111,14,39,204,228
54,12,249,220,131,193,39,81,15,191
54,13,211,138,134,112,182,130,32,154
54,14,52,86,51,10,137,106,159,160
54,15,162,213,165,172,181,46,204,166
54,16,252,205,229,243,43,170,106,51
54,17,5,20,158,225,153,15,87,242
54,18,226,192,204,197,52,43,161,13
54,19,167,229,30,109,51,26,124,35
54,20,239,191,115,110,180,185,116,52
54,21,203,85,2,197,156,198,161,120
54,22,157,196,234,150,122,178,173,243
54,23,14,39,204,111,188,145,181,128
54,24,220,43,145,39,192,15,221,154
54,25,211,130,13,6,134,112,32,182
54,26,54,137,86,118,106,161,52,10
54,27,100,172,162,46,165,204,58,129
54,28,170,252,43,205,111,80,51,229
54,29,5,158,20,242,35,124,83,8
54,30,192,226,52,68,13,29,197,34
54,31,167,124,171,30,229,228,35,177
54,32,223,178,158,90,68,2,107,194
54,33,74,16,215,220,83,39,55,49
54,34,241,1,116,236,247,251,85,107
54,35,97,108,28,56,202,227,10,250
54,36,70,23,83,157,98,120,235,189
54,37,58,35,82,105,145,75,7,71
54,38,92,0,230,76,34,148,79,228
54,39,189,78,38,2,146,242,238,74
55,0,209,11,197,101,30,35,79,210
55,1,155,146,70,107,118,211,181,47
55,2,97,43,253,20,52,218,167,46
55,3,226,117,236,233,119,199,25,211
55,4,5,154,20,195,54,79,144,9
55,5,220,158,188,198,251,215,183,127
55,6,79,14,133,65,156,230,196,157
55,7,47,30,196,204,176,116,35,76
55,8,239,35,226,56,191,116,179,185
55,9,203,85,197,169,49,100,180,8
55,10,122,157,196,178,215,182,234,88
55,11,14,204,42,181,56,111,107,39
55,12,220,145,239,193,18,189,211,62
55,13,130,162,250,138,4,112,226,2
55,14,52,54,161,105,233,212,160,100
55,15,100,107,165,129,213,122,206,85
55,16,170,252,205,94,39,229,24,7
55,17,153,220,81,2,145,243,158,121
55,18,68,30,226,192,204,52,17,77
55,19,171,94,124,177,197,51,14,167
55,20,144,110,161,114,27,22,237,150
55,21,85,100,8,134,218,34,65,252
55,22,178,122,116,194,157,229,241,210
55,23,56,14,145,204,39,242,80,107
55,24,139,145,25,202,87,189,200,98
55,25,250,130,13,162,82,110,132,118
55,26,233,161,78,54,114,105,170,21
55,27,100,107,129,206,253,210,233,135
55,28,94,200,108,39,148,215,165,149
55,29,158,83,2,5,35,121,34,8
55,30,52,34,192,68,13,17,176,226
55,31,171,177,128,167,229,124,51,94
55,32,158,223,194,13,68,98,122,96
55,33,74,190,16,215,220,245,39,55
55,34,116,247,1,236,144,34,51,8
55,35,97,108,115,56,202,153,227,181
55,36,70,157,23,181,207,235,239,176
55,37,58,35,82,105,145,7,182,75
55,38,92,148,230,34,76,79,71,32
55,39,2,189,78,38,242,213,69,146
56,0,124,151,76,236,180,192,222,70
56,1,167,120,124,92,205,245,170,33
56,2,188,60,253,3,193,79,158,11
56,3,197,25,159,199,177,56,225,11
56,4,154,77,192,88,195,134,250,186
56,5,251,183,158,62,198,188,60,236
56,6,79,82,14,156,171,49,209,196
56,7,30,35,196,116,36,147,76,167
56,8,159,220,226,63,107,130,144,52
56,9,100,85,8,44,161,134,198,197
56,10,178,122,234,116,207,242,222,157
56,11,59,14,3,204,145,111,164,85
56,12,145,39,210,220,193,189,208,139
56,13,13,130,219,250,211,66,47,226
56,14,52,106,161,54,167,159,131,105
56,15,100,213,165,122,107,162,242,4
56,16,170,252,190,205,230,102,80,243
56,17,20,153,158,15,242,64,124,201
56,18,68,226,204,192,250,77,2,52
56,19,30,171,124,26,51,222,85,94
56,20,110,159,185,161,114,191,144,220
56,21,85,8,156,73,218,161,229,87
56,22,122,234,157,116,178,242,196,9
56,23,14,145,204,85,99,111,56,107
56,24,145,39,220,192,81,50,189,69
56,25,130,250,13,66,20,211,202,75
56,26,54,161,137,52,106,159,231,155
56,27,100,248,129,204,122,112,206,162
56,28,190,170,230,252,80,94,54,28
56,29,158,35,20,242,83,8,48,124
56,30,68,250,226,192,52,13,200,34
56,31,51,171,229,128,124,35,177,30
56,32,19,76,146,68,122,12,215,107
56,33,189,56,74,6,75,119,16,245
56,34,72,195,236,247,63,240,101,144
56,35,180,97,185,108,181,227,191,43
56,36,125,98,23,157,26,119,156,22
56,37,126,58,229,145,82,175,7,115
56,38,92,255,87,230,76,100,221,215
56,39,146,189,129,165,224,188,99,158
57,0,93,11,233,49,85,165,157,69
57,1,81,133,203,222,16,169,66,92
57,2,10,253,39,75,158,120,20,251
57,3,216,55,75,188,112,50,236,221
57,4,119,122,172,105,20,228,154,98
57,5,61,250,198,183,251,69,236,114
57,6,156,79,90,14,49,82,196,180
57,7,196,181,36,101,131,30,116,204
57,8,159,107,112,56,52,144,191,179
57,9,217,85,120,100,98,47,156,161
57,10,122,62,178,222,194,196,207,234
57,11,14,66,145,18,142,56,247,204
57,12,106,43,189,220,145,69,134,15
57,13,200,130,211,13,226,20,203,253
57,14,52,55,175,105,8,236,161,54
57,15,213,100,107,241,233,85,4,243
57,16,243,149,54,134,252,205,200,160
57,17,158,220,65,236,121,248,93,145
57,18,52,20,30,68,176,34,200,60
57,19,51,229,233,171,35,152,177,128
57,20,144,159,27,110,22,213,226,161
57,21,100,217,85,8,134,218,65,56
57,22,122,229,62,178,194,180,241,215
57,23,14,66,142,83,56,42,19,26
57,24,106,202,139,200,87,169,25,2
57,25,13,250,162,130,200,236,110,213
57,26,110,54,233,105,114,212,78,100
57,27,107,100,139,36,129,138,241,230
57,28,187,94,148,149,243,54,204,165
57,29,2,81,65,158,83,35,220,34
57,30,34,234,52,147,176,200,13,17
57,31,229,128,147,172,152,171,94,51
57,32,215,96,68,186,228,155,122,101
57,33,55,119,11,74,220,245,124,136
57,34,180,174,118,40,236,196,144,169
57,35,181,227,153,97,207,159,115,169
57,36,8,72,73,157,127,166,96,200
57,37,29,7,229,115,44,219,88,31
57,38,46,93,255,230,92,209,17,241
57,39,108,146,189,9,68,114,16,2
58,0,79,108,59,135,83,192,72,177
58,1,182,140,146,143,205,48,196,33
58,2,158,8,89,36,120,39,101,20
58,3,106,151,199,129,29,226,110,113
58,4,233,165,171,247,129,254,77,219
58,5,119,65,198,243,251,250,87,69
58,6,156,255,14,180,182,31,76,107
58,7,191,204,184,147,123,254,105,36
58,8,56,179,180,116,226,144,115,107
58,9,152,69,180,100,169,255,8,49
58,10,88,125,122,65,230,194,39,86
58,11,39,108,19,188,14,83,7,11
58,12,151,145,243,54,60,189,221,134
58,13,103,112,130,220,118,210,239,45
58,14,21,55,226,105,149,229,41,103
58,15,56,107,243,4,36,85,47,46
58,16,144,61,243,160,134,7,40,200
58,17,198,46,158,94,81,248,64,145
58,18,170,254,94,34,30,122,127,199
58,19,200,166,195,215,173,35,26,36
58,20,213,144,191,205,223,237,22,198
58,21,100,69,180,152,169,255,128,0
58,22,88,230,65,122,131,217,150,203
58,23,19,39,83,14,188,99,87,76
58,24,169,151,202,145,6,213,27,104
58,25,103,112,13,64,161,130,110,89
58,26,149,105,110,223,114,21,211,41
58,27,183,107,56,151,243,167,188,127
58,28,144,61,175,87,220,108,187,65
58,29,81,220,2,52,35,167,158,232
58,30,34,94,234,170,147,254,202,24
58,31,200,172,0,103,166,94,215,15
58,32,60,25,121,228,225,23,252,227
58,33,33,108,78,76,119,165,55,67
58,34,52,174,134,118,106,42,8,142
58,35,91,84,115,17,211,207,181,21
58,36,96,72,102,238,124,225,143,73
58,37,116,230,88,29,205,44,243,186
58,38,108,199,89,23,176,67,57,180
58,39,50,108,95,236,96,47,98,169
59,0,21,225,24,102,71,228,23,40
59,1,135,205,67,127,56,103,12,196
59,2,32,124,8,158,79,251,6,237
59,3,242,151,104,109,71,56,223,13
59,4,233,57,134,185,77,132,178,75
59,5,60,233,119,246,126,216,95,214
59,6,233,132,152,255,40,171,213,46
59,7,252,6,30,178,75,221,191,13
59,8,63,226,144,27,108,114,244,150
59,9,100,134,218,50,89,49,241,109
59,10,131,230,32,89,70,180,146,194
59,11,83,37,124,100,23,245,188,56
59,12,139,202,13,50,40,25,239,5
59,13,162,13,90,179,130,0,185,180
59,14,21,233,100,212,55,54,34,97
59,15,107,100,246,243,138,15,129,47
59,16,37,142,234,144,94,23,77,59
59,17,2,81,145,220,121,184,46,97
59,18,30,51,121,147,120,199,234,202
59,19,200,49,0,103,48,94,172,186
59,20,213,144,27,135,22,114,149,122
59,21,100,109,241,49,214,169,128,0
59,22,230,131,70,89,122,228,217,211
59,23,19,83,244,87,58,14,228,177
59,24,91,202,50,4,213,105,239,78
59,25,13,132,233,64,110,0,5,3
59,26,223,110,21,55,219,105,114,251
59,27,151,107,127,244,243,168,27,139
59,28,18,243,144,114,83,148,164,108
59,29,220,232,170,34,145,32,184,2
59,30,120,234,34,94,176,30,52,184
59,31,172,47,48,214,132,49,35,186
59,32,121,120,60,101,25,84,228,138
59,33,165,78,33,76,67,108,243,197
59,34,42,32,174,134,3,179,40,118
59,35,91,181,119,252,115,207,121,96
59,36,168,96,102,72,55,200,76,171
59,37,198,230,77,61,29,88,92,240
59,38,193,104,241,23,223,186,100,207
59,39,238,21,73,151,106,228,47,81
60,0,168,52,209,255,130,87,193,220
60,1,209,222,234,67,119,137,176,54
60,2,81,2,129,160,39,158,41,1
60,3,50,104,151,71,27,212,255,244
60,4,185,57,21,136,134,189,28,48
60,5,206,233,243,126,229,119,79,231
60,6,132,84,233,236,230,254,21,207
60,7,30,245,191,178,28,110,196,75
60,8,144,226,27,114,22,63,161,130
60,9,100,50,49,134,225,99,218,63
60,10,176,131,180,210,136,43,178,186
60,11,42,83,239,56,124,181,1,135
60,12,202,25,139,28,239,87,18,171
60,13,162,90,10,250,130,218,96,50
60,14,212,233,100,3,25,21,248,34
60,15,107,100,90,92,138,129,253,175
60,16,24,94,234,142,200,74,51,77
60,17,2,81,153,145,83,121,106,138
60,18,121,77,204,68,147,30,200,226
60,19,94,171,19,172,152,129,29,125
60,20,144,110,22,114,213,161,27,185
60,21,85,100,49,218,214,34,80,134
60,22,178,160,180,131,229,122,176,111
60,23,80,97,83,181,26,56,239,14
60,24,139,48,25,104,201,202,189,116
60,25,162,250,130,50,26,4,75,213
60,26,233,100,252,161,212,54,24,21
60,27,107,129,100,139,122,151,210,253
60,28,94,74,169,175,176,191,7,182
60,29,2,150,83,60,34,81,153,187
60,30,100,77,200,2,111,68,30,3
60,31,94,171,186,147,129,102,227,128
60,32,33,68,122,101,64,214,127,15
60,33,192,55,245,33,165,170,248,115
60,34,16,236,137,142,107,40,216,184
60,35,227,115,181,28,97,64,198,106
60,36,127,176,139,23,157,210,73,55
60,37,230,29,241,159,239,7,97,140
60,38,103,144,37,100,241,5,23,65
60,39,42,146,86,106,228,22,73,10
61,0,252,25,42,180,5,176,100,131
61,1,209,31,56,40,253,96,12,180
61,2,81,160,39,2,137,151,120,112
61,3,50,191,232,138,111,244,107,192
61,4,84,3,233,22,134,178,136,77
61,5,206,116,214,59,60,33,139,77
61,6,84,233,40,145,229,236,117,32
61,7,252,30,75,150,130,110,15,245
61,8,63,144,135,244,27,114,22,36
61,9,100,160,89,218,252,31,134,43
61,10,131,32,89,70,98,162,229,146
61,11,83,199,77,33,37,56,237,119
61,12,139,202,13,25,87,50,239,189
61,13,162,90,130,13,94,0,250,194
61,14,233,143,17,212,100,21,3,54
61,15,100,107,45,64,157,95,246,138
61,16,234,142,94,126,144,37,7,18
61,17,2,81,121,145,162,220,14,30
61,18,30,79,121,199,100,94,234,229
61,19,49,94,48,47,172,186,149,215
61,20,213,144,135,114,27,252,22,150
61,21,160,100,218,49,32,214,128,124
61,22,229,131,244,70,98,211,122,20
61,23,83,48,199,77,71,19,244,37
61,24,50,4,243,2,139,104,202,25
61,25,162,0,130,13,250,110,2,90
61,26,17,114,233,100,3,143,21,212
61,27,45,95,107,175,151,139,51,12
61,28,18,114,175,187,102,84,204,234
61,29,184,2,81,34,158,14,145,131
61,30,147,34,79,234,52,94,229,30
61,31,152,49,149,172,186,47,194,94
61,32,121,101,138,27,68,40,203,52
61,33,241,47,78,165,90,74,55,229
61,34,241,175,40,163,46,137,108,169
61,35,97,94,86,9,119,81,187,181
61,36,4,73,67,231,69,93,72,143
61,37,100,230,43,101,61,123,51,19
61,38,143,199,57,242,23,10,210,77
61,39,40,185,163,236,189,74,235,196
62,0,154,67,130,179,48,168,219,213
62,1,139,64,216,106,123,59,41,15
62,2,160,81,158,175,45,48,18,35
62,3,59,142,192,50,29,27,129,0
62,4,241,131,151,230,10,191,30,15
62,5,206,139,175,233,33,103,243,231
62,6,233,107,229,84,180,255,32,234
62,7,30,252,191,130,52,249,75,38
62,8,144,63,27,114,226,244,213,108
62,9,100,69,77,134,50,44,119,229
62,10,113,131,122,228,194,180,146,70
62,11,174,83,56,100,37,70,124,71
62,12,139,202,28,50,160,239,11,25
62,13,13,130,47,162,90,211,250,167
62,14,146,212,175,105,16,54,235,114
62,15,100,107,135,216,142,85,210,95
62,16,59,73,233,219,94,102,7,142
62,17,220,2,115,158,81,225,145,121
62,18,94,30,229,20,17,68,200,199
62,19,48,171,47,197,49,177,94,170
62,20,144,213,114,27,120,237,110,107
62,21,69,100,0,218,85,34,119,252
62,22,122,211,20,137,180,178,241,42
62,23,174,14,19,70,56,71,152,123
62,24,50,139,87,200,68,4,189,27
62,25,13,137,64,203,0,130,185,110
62,26,110,114,170,168,105,119,27,209
62,27,23,100,210,95,216,230,45,151
62,28,102,204,187,243,153,225,94,200
62,29,158,2,121,83,34,35,106,131
62,30,52,34,30,234,17,40,188,147
62,31,194,152,229,128,170,85,35,47
62,32,101,102,27,68,121,48,122,227
62,33,126,55,47,74,225,224,241,90
62,34,175,64,67,91,120,40,236,169
62,35,94,97,56,2,187,85,9,5
62,36,2,67,156,73,23,157,195,112
62,37,58,43,7,219,83,20,61,202
62,38,92,230,163,255,126,100,76,93
62,39,189,138,185,27,140,215,196,17
63,0,127,85,18,49,153,58,146,11
63,1,43,29,123,30,4,66,116,205
63,2,169,164,40,111,120,48,158,45
63,3,116,20,171,51,50,55,141,232
63,4,12,215,228,172,130,159,39,82
63,5,250,249,169,56,198,134,37,175
63,6,107,180,156,136,84,61,230,236
63,7,56,85,161,204,30,62,134,183
63,8,120,144,107,226,64,27,93,114
63,9,100,117,183,192,153,182,0,83
63,10,122,24,218,178,180,69,194,1
63,11,114,56,174,14,241,173,254,226
63,12,139,11,28,239,251,202,189,87
63,13,13,71,35,167,162,130,118,137
63,14,233,21,222,212,34,161,230,154
63,15,100,107,157,0,216,211,237,199
63,16,94,142,137,49,74,37,200,203
63,17,2,81,121,145,220,83,60,82
63,18,30,20,68,200,17,168,199,121
63,19,152,94,170,171,128,68,168,45
63,20,144,114,110,120,7,22,161,213
63,21,100,218,134,8,196,56,34,0
63,22,60,122,180,24,210,194,178,127
63,23,114,248,14,173,210,241,97,172
63,24,139,78,202,200,87,189,91,69
63,25,162,250,13,137,231,193,82,196
63,26,110,114,21,105,119,223,78,212
63,27,100,210,59,179,45,151,156,62
63,28,137,177,175,114,187,83,182,153
63,29,158,35,34,60,220,121,145,2
63,30,52,34,40,13,30,100,17,166
63,31,194,170,177,14,35,197,227,128
63,32,221,101,13,27,122,102,203,11
63,33,168,74,55,121,245,224,67,57
63,34,81,192,55,208,8,40,108,67
63,35,39,97,56,64,181,227,110,99
63,36,49,23,157,32,156,189,73,143
63,37,15,7,58,61,82,241,20,26
63,38,230,92,76,100,126,17,32,14
63,39,189,2,114,185,213,244,22,218
64,0,72,4,191,248,71,192,120,211
64,1,72,202,153,49,205,121,167,130
64,2,228,223,194,170,212,236,42,227
64,3,112,154,16,249,23,144,242,7
64,4,77,134,186,155,239,164,233,59
64,5,233,33,82,77,183,123,241,164
64,6,32,136,107,62,171,185,175,156
64,7,252,6,30,13,62,228,116,178
64,8,63,47,7,38,144,27,226,84
64,9,100,134,218,49,44,225,50,32
64,10,180,109,131,233,146,95,178,32
64,11,83,241,97,79,124,37,56,248
64,12,50,139,202,32,28,25,239,189
64,13,185,0,13,162,20,130,90,250
64,14,21,233,212,3,222,17,252,78
64,15,100,107,178,122,129,0,138,198
64,16,234,169,142,94,102,59,77,223
64,17,2,49,60,81,145,121,220,83
64,18,108,20,66,200,121,68,199,30
64,19,94,152,48,83,171,128,49,55
64,20,144,47,38,114,22,161,213,7
64,21,100,32,134,218,214,95,11,128
64,22,122,233,180,131,194,117,146,52
64,23,248,97,14,241,79,116,70,201
64,24,50,139,202,119,25,87,28,195
64,25,0,130,250,13,162,20,193,203
64,26,252,233,21,161,54,212,114,105
64,27,178,107,100,129,210,122,62,139
64,28,94,102,234,193,39,59,130,219
64,29,158,60,49,94,35,2,88,4
64,30,52,197,108,17,162,34,99,66
64,31,177,83,171,55,247,132,4,253
64,32,120,19,248,140,161,92,122,254
64,33,133,74,176,54,39,245,5,140
64,34,80,15,227,249,191,5,166,1
64,35,106,176,97,136,121,187,108,28
64,36,21,17,228,32,138,47,140,171
64,37,214,244,110,92,61,243,123,126
64,38,156,141,197,177,24,185,143,18
64,39,226,209,251,198,83,66,37,142
65,0,52,15,198,131,240,159,194,5
65,1,49,72,202,71,79,56,126,3
65,2,227,93,236,212,83,194,223,63
65,3,243,154,112,144,2,242,151,192
65,4,77,155,149,134,164,186,22,75
65,5,77,233,82,164,95,230,56,151
65,6,107,180,175,136,62,84,32,233
65,7,252,30,196,116,85,178,193,191
65,8,63,121,144,38,7,114,244,226
65,9,100,134,49,218,44,32,97,225
65,10,178,180,95,233,146,1,131,32
65,11,241,83,79,56,97,124,14,37
65,12,50,28,189,139,202,32,239,25
65,13,162,130,0,13,47,90,194,20
65,14,3,233,212,21,17,161,222,54
65,15,100,107,122,129,138,0,157,210
65,16,234,37,59,205,200,252,51,94
65,17,220,153,81,145,60,21,121,158
65,18,30,68,17,197,226,77,204,250
65,19,94,171,48,177,124,197,172,30
65,20,144,110,114,161,213,121,22,27
65,21,85,100,8,218,34,32,47,134
65,22,122,178,116,137,234,60,196,241
65,23,56,174,116,201,14,107,220,111
65,24,50,220,139,189,87,11,15,200
65,25,130,250,0,82,101,66,4,13
65,26,137,52,54,161,86,231,78,233
65,27,100,165,162,129,122,107,210,135
65,28,170,111,205,80,94,102,7,200
65,29,20,158,21,94,35,60,124,34
65,30,197,226,17,68,205,250,43,22
65,31,4,205,109,171,20,177,75,253
65,32,90,192,186,77,254,19,161,134
65,33,86,238,5,215,74,133,83,16
65,34,96,1,207,5,180,191,227,8
65,35,160,57,108,145,115,84,153,136
65,36,83,98,120,70,23,235,181,171
65,37,65,58,229,190,31,61,123,72
65,38,151,92,148,196,61,209,143,185
65,39,129,117,189,217,38,2,166,251
66,0,237,182,208,81,79,235,158,132
66,1,182,62,155,75,233,118,70,11
66,2,210,59,164,17,109,158,88,123
66,3,37,230,199,235,26,117,233,187
66,4,102,15,142,154,222,54,214,95
66,5,188,43,186,251,158,90,198,65
66,6,79,14,156,138,196,157,180,22
66,7,23,117,147,116,36,64,196,14
66,8,239,116,180,56,52,35,77,99
66,9,203,85,2,197,191,239,59,161
66,10,198,196,157,122,234,125,185,65
66,11,128,108,174,42,62,111,206,14
66,12,220,160,93,193,15,74,128,39
66,13,134,211,29,130,182,154,32,138
66,14,137,52,51,86,106,167,54,32
66,15,162,165,172,213,181,58,87,204
66,16,170,5,43,252,205,80,32,106
66,17,250,87,20,0,153,15,158,166
66,18,197,204,43,226,161,163,192,134
66,19,109,20,116,30,205,167,26,4
66,20,239,110,116,180,191,115,4,83
66,21,203,85,191,2,239,197,35,161
66,22,198,196,157,169,125,150,234,65
66,23,128,107,206,189,62,42,111,86
66,24,220,93,74,15,160,54,26,81
66,25,134,147,130,182,32,154,6,66
66,26,137,51,52,54,86,10,124,161
66,27,165,162,181,58,100,172,87,204
66,28,43,170,5,205,80,150,7,111
66,29,87,20,250,0,60,124,5,153
66,30,197,226,179,205,43,163,68,170
66,31,109,205,4,116,20,26,171,30
66,32,119,192,90,178,186,134,77,185
66,33,93,16,238,183,86,83,215,129
66,34,1,96,82,207,85,26,180,101
66,35,57,160,108,84,42,153,76,145
66,36,83,70,181,23,98,120,157,217
66,37,182,31,104,58,229,105,35,190
66,38,27,148,71,151,92,76,230,95
66,39,69,38,243,110,78,217,154,12
67,0,238,200,43,88,112,173,140,89
67,1,182,140,146,70,233,155,62,211
67,2,49,217,11,60,43,188,158,8
67,3,106,117,199,236,226,25,233,38
67,4,165,58,88,235,5,54,45,195
67,5,188,158,90,251,43,65,69,198
67,6,65,14,138,79,22,68,143,156
67,7,117,78,254,184,147,35,23,76
67,8,239,116,180,104,173,185,52,77
67,9,85,239,2,197,255,69,191,59
67,10,157,196,125,88,65,39,185,247
67,11,181,39,111,108,107,239,89,206
67,12,220,193,53,62,81,151,191,15
67,13,103,134,182,29,138,112,5,154
67,14,52,106,86,10,41,51,167,53
67,15,46,165,162,87,172,181,122,204
67,16,205,170,252,43,106,248,80,150
67,17,5,20,153,87,15,158,0,60
67,18,226,204,170,43,197,161,192,77
67,19,109,167,30,19,26,205,195,171
67,20,239,110,185,116,180,191,104,114
67,21,191,85,69,239,2,255,197,47
67,22,157,196,234,65,125,150,178,243
67,23,39,239,111,128,107,206,228,204
67,24,93,220,193,225,151,145,39,54
67,25,134,182,32,130,138,66,6,250
67,26,54,137,52,106,10,161,86,51
67,27,46,165,162,100,122,204,58,172
67,28,170,43,252,205,111,80,106,24
67,29,20,5,87,158,0,60,153,124
67,30,226,170,192,68,43,29,163,22
67,31,167,30,26,109,166,75,124,171
67,32,90,178,60,119,223,181,68,206
67,33,16,83,74,43,40,245,93,129
67,34,1,116,82,141,186,247,26,85
67,35,84,244,108,224,160,202,42,115
67,36,23,129,70,83,157,176,189,235
67,37,104,58,35,182,105,57,147,48
67,38,27,151,148,92,79,76,34,230
67,39,110,78,243,12,38,242,69,160
68,0,107,181,236,82,57,83,191,106
68,1,124,132,118,191,167,211,205,19
68,2,49,60,188,11,217,255,133,80
68,3,229,131,25,112,169,56,117,119
68,4,165,88,154,195,79,242,77,74
68,5,174,251,183,147,188,120,198,158
68,6,14,156,149,65,79,157,22,68
68,7,30,196,199,221,76,35,101,14
68,8,56,116,115,185,80,220,161,178
68,9,85,197,156,49,151,217,98,47
68,10,157,68,122,234,178,196,171,194
68,11,64,111,181,27,99,107,14,239
68,12,191,193,220,1,139,138,189,239
68,13,164,250,162,230,130,20,28,155
68,14,233,52,212,161,21,54,34,131
68,15,100,107,122,162,120,110,129,165
68,16,170,205,94,24,181,10,252,142
68,17,26,153,2,158,145,60,81,121
68,18,226,68,204,55,30,159,77,192
68,19,237,171,30,26,19,177,124,244
68,20,110,144,114,185,161,239,225,22
68,21,85,151,218,100,87,34,56,47
68,22,157,178,68,234,196,116,122,241
68,23,64,111,99,27,107,56,195,239
68,24,220,191,139,225,42,138,155,39
68,25,250,164,130,82,113,75,202,226
68,26,54,52,161,252,233,21,238,131
68,27,100,110,129,122,162,107,116,210
68,28,170,80,94,205,111,252,20,7
68,29,60,26,158,20,83,8,124,101
68,30,55,226,68,192,159,22,29,17
68,31,237,171,124,30,14,26,75,177
68,32,224,42,178,68,107,206,122,19
68,33,201,179,16,74,156,245,124,40
68,34,63,49,217,247,141,196,213,144
68,35,224,210,108,115,56,244,214,227
68,36,23,255,129,157,17,24,228,21
68,37,110,214,244,50,35,7,58,14
68,38,43,120,76,230,92,146,34,24
68,39,10,85,189,78,5,251,177,213
69,0,239,225,209,240,93,69,98,54
69,1,189,19,224,214,170,205,85,211
69,2,49,60,11,188,3,217,253,95
69,3,159,25,199,167,163,112,56,151
69,4,77,88,233,154,165,250,192,134
69,5,183,188,251,60,236,62,120,158
69,6,14,79,22,180,157,100,68,156
69,7,30,196,35,199,178,76,116,198
69,8,226,159,161,220,130,63,185,27
69,9,85,100,8,49,134,198,197,98
69,10,157,178,234,242,122,222,111,39
69,11,85,111,89,106,3,150,228,59
69,12,193,220,191,81,145,3,192,39
69,13,130,250,20,219,154,28,113,176
69,14,106,52,161,10,53,131,105,252
69,15,162,100,122,165,110,87,46,129
69,16,170,190,252,205,160,106,150,80
69,17,153,20,158,93,60,5,201,15
69,18,68,204,226,43,197,161,200,250
69,19,167,171,26,124,30,122,109,222
69,20,110,185,159,239,180,4,161,191
69,21,85,156,8,131,218,87,169,56
69,22,157,242,65,178,234,150,173,243
69,23,85,47,228,150,99,56,204,106
69,24,220,145,193,81,192,189,139,191
69,25,250,202,176,130,32,220,20,112
69,26,161,54,10,53,86,105,52,21
69,27,100,162,172,217,165,129,87,46
69,28,111,160,106,170,94,150,205,190
69,29,20,153,124,83,158,18,60,81
69,30,197,226,200,22,68,192,34,250
69,31,167,63,171,122,128,20,147,124
69,32,192,19,122,240,123,186,215,68
69,33,16,68,74,139,95,238,86,215
69,34,1,191,63,72,48,236,180,195
69,35,43,108,191,115,153,227,56,185
69,36,83,23,125,157,235,22,73,32
69,37,229,126,88,58,16,61,123,66
69,38,0,92,255,61,35,180,151,72
69,39,197,189,129,146,219,67,223,99
70,0,197,35,101,79,34,179,242,30
70,1,62,155,97,70,16,146,107,47
70,2,253,130,109,90,20,164,149,167
70,3,236,199,37,211,129,230,26,25
70,4,200,241,15,102,142,129,154,131
70,5,220,183,188,236,69,251,90,43
70,6,14,79,182,133,22,157,65,180
70,7,23,196,199,147,64,14,30,191
70,8,239,159,180,35,116,56,185,179
70,9,203,85,180,197,8,49,69,98
70,10,157,88,196,39,178,234,122,193
70,11,107,42,106,111,228,85,150,66
70,12,220,193,81,3,15,1,39,191
70,13,112,130,29,176,28,250,158,138
70,14,161,52,10,105,51,233,53,55
70,15,100,172,36,162,107,165,122,87
70,16,160,205,181,170,106,94,252,7
70,17,93,5,81,60,153,248,83,121
70,18,68,197,20,170,30,204,200,176
70,19,167,51,171,152,128,109,26,124
70,20,144,114,239,110,27,22,161,255
70,21,100,85,218,203,8,134,217,56
70,22,62,157,88,39,178,180,13,65
70,23,42,39,107,66,188,26,172,83
70,24,139,202,193,34,25,220,200,106
70,25,250,162,130,112,213,82,196,226
70,26,233,21,212,54,114,161,105,100
70,27,107,172,36,129,100,139,150,253
70,28,94,142,205,182,169,148,204,96
70,29,81,2,83,5,121,60,250,34
70,30,197,34,200,170,147,176,205,100
70,31,94,128,147,171,167,218,152,172
70,32,98,96,186,122,215,192,68,155
70,33,126,238,119,86,55,215,245,232
70,34,116,180,144,207,1,236,51,196
70,35,153,227,108,56,181,160,207,57
70,36,181,157,70,120,23,83,166,72
70,37,31,229,7,44,182,29,115,175
70,38,255,71,148,230,151,92,76,46
70,39,2,69,38,189,217,146,213,178
71,0,107,181,82,106,83,236,99,251
71,1,124,73,132,170,191,242,128,19
71,2,188,255,217,238,11,253,60,80
71,3,219,169,92,131,119,50,173,237
71,4,254,195,88,255,77,79,172,245
71,5,174,147,159,79,183,32,220,109
71,6,230,65,133,14,28,180,118,166
71,7,221,30,134,196,75,195,54,15
71,8,144,27,114,226,161,255,150,218
71,9,100,85,217,151,49,229,183,218
71,10,228,68,178,62,180,22,211,210
71,11,64,27,69,107,56,239,57,181
71,12,16,139,189,202,25,28,13,211
71,13,164,162,250,130,112,20,185,158
71,14,233,21,238,212,213,34,180,222
71,15,100,107,120,243,157,198,129,122
71,16,169,142,94,14,60,200,160,37
71,17,26,2,65,121,81,145,93,83
71,18,199,30,55,20,68,121,200,176
71,19,237,94,152,170,233,128,171,51
71,20,144,213,22,114,27,161,150,199
71,21,100,214,217,218,134,128,0,113
71,22,229,228,68,162,131,180,13,217
71,23,64,83,26,124,100,97,76,48
71,24,139,202,106,25,105,13,4,251
71,25,162,164,250,20,180,64,13,200
71,26,233,212,105,21,238,223,114,97
71,27,107,151,82,138,183,139,2,168
71,28,14,18,149,148,169,175,84,248
71,29,26,2,220,34,60,145,81,83
71,30,34,55,176,234,199,100,40,30
71,31,94,237,128,172,147,238,207,246
71,32,224,42,215,68,122,101,71,155
71,33,55,179,201,156,57,245,217,119
71,34,196,49,217,144,236,213,247,234
71,35,210,227,224,56,181,129,28,115
71,36,255,157,24,119,189,23,176,156
71,37,7,219,50,44,82,35,158,26
71,38,146,230,255,14,76,47,43,34
71,39,10,114,85,177,13,116,34,30
72,0,70,24,109,72,199,151,76,248
72,1,236,226,85,22,121,205,91,187
72,2,58,221,3,77,193,194,5,216
72,3,167,243,113,151,39,19,112,177
72,4,77,243,134,186,57,175,75,132
72,5,164,147,233,60,18,33,123,79
72,6,149,180,32,152,230,49,213,132
72,7,30,11,178,61,221,116,75,252
72,8,27,144,226,63,22,114,150,108
72,9,100,134,49,225,0,229,97,50
72,10,228,86,34,180,242,131,226,162
72,11,218,83,168,97,124,100,85,231
72,12,139,28,16,3,202,13,25,189
72,13,230,250,130,185,49,162,167,180
72,14,238,223,212,105,21,233,97,110
72,15,100,243,107,160,59,34,196,47
72,16,190,14,169,160,144,182,18,94
72,17,2,121,65,93,145,220,60,25
72,18,199,55,30,200,34,20,176,207
72,19,94,194,85,197,114,186,170,152
72,20,144,22,114,213,27,161,150,244
72,21,100,214,218,0,34,11,252,225
72,22,228,242,191,229,88,180,131,13
72,23,83,168,85,87,97,218,119,107
72,24,202,139,25,200,68,27,87,2
72,25,250,162,230,110,130,132,112,96
72,26,212,233,21,105,54,114,78,223
72,27,107,36,150,151,59,155,2,129
72,28,14,190,176,148,84,220,18,169
72,29,2,81,220,60,34,247,145,83
72,30,34,147,242,184,63,234,200,30
72,31,94,85,152,147,172,128,246,238
72,32,215,85,22,68,228,122,71,54
72,33,119,55,95,139,11,102,165,245
72,34,94,174,72,118,236,204,202,73
72,35,181,191,187,227,207,210,115,169
72,36,26,72,127,200,168,96,157,73
72,37,29,115,198,44,7,36,61,229
72,38,93,255,46,241,209,132,143,23
72,39,114,108,99,146,185,151,48,47
73,0,79,59,135,108,83,88,177,192
73,1,182,133,140,146,107,236,143,162
73,2,8,36,39,225,226,169,200,31
73,3,106,131,129,151,29,226,242,110
73,4,171,233,247,165,72,254,248,146
73,5,231,119,82,95,220,109,51,69
73,6,255,180,149,182,76,100,132,162
73,7,75,191,110,13,206,30,11,183
73,8,144,27,226,179,56,114,37,150
73,9,100,152,69,180,229,0,169,49
73,10,88,228,86,180,39,34,230,77
73,11,39,83,11,56,69,107,239,19
73,12,68,202,28,25,139,151,189,216
73,13,71,162,161,130,44,250,167,234
73,14,233,212,21,100,34,25,248,161
73,15,107,90,100,122,253,129,211,243
73,16,94,24,191,74,142,187,77,226
73,17,2,81,145,83,121,133,67,34
73,18,121,147,30,200,42,77,68,204
73,19,152,171,94,172,138,128,227,129
73,20,144,22,213,110,114,255,161,166
73,21,100,49,85,218,113,214,56,69
73,22,160,180,178,131,39,86,168,254
73,23,80,97,83,26,107,241,58,184
73,24,139,25,28,62,89,226,116,48
73,25,162,250,130,50,10,241,82,231
73,26,233,100,252,134,114,212,216,222
73,27,129,107,100,139,155,210,230,253
73,28,175,182,169,204,210,176,148,194
73,29,34,2,60,81,121,25,18,220
73,30,170,180,111,234,34,242,176,122
73,31,94,172,154,200,166,15,147,186
73,32,60,121,25,228,225,252,23,227
73,33,33,108,78,76,119,165,55,19
73,34,52,174,134,118,138,8,142,179
73,35,91,181,207,84,115,17,211,81
73,36,96,72,124,225,127,28,200,64
73,37,116,230,29,44,205,127,88,8
73,38,108,89,199,176,67,83,23,241
73,39,50,95,236,108,96,86,98,169
74,0,21,225,24,102,71,23,228,40
74,1,135,67,56,205,127,103,178,12
74,2,32,124,8,188,225,79,247,6
74,3,242,109,131,151,104,71,56,223
74,4,233,134,57,132,77,75,18,178
74,5,60,95,119,246,233,126,109,33
74,6,233,132,40,255,46,246,32,152
74,7,252,75,6,178,30,110,13,221
74,8,63,144,27,226,108,244,114,22
74,9,100,134,218,50,241,252,89,119
74,10,131,230,32,89,70,118,180,13
74,11,83,124,230,5,100,188,37,23
74,12,50,13,202,139,25,4,239,40
74,13,162,185,90,13,179,130,0,240
74,14,21,233,212,100,55,34,105,114
74,15,107,100,246,92,243,138,129,151
74,16,234,37,94,77,142,49,144,84
74,17,2,81,145,121,184,220,60,94
74,18,51,30,120,199,147,234,121,94
74,19,49,200,48,94,172,103,0,197
74,20,213,144,27,135,114,201,122,149
74,21,100,109,49,241,214,0,169,192
74,22,230,70,89,127,166,131,221,20
74,23,83,244,19,87,177,58,228,46
74,24,50,202,4,213,91,105,201,2
74,25,13,233,64,0,110,132,130,223
74,26,105,21,223,3,251,55,185,114
74,27,127,107,151,93,47,243,26,42
74,28,18,114,148,164,200,84,203,169
74,29,220,184,60,32,34,106,2,121
74,30,120,34,234,147,30,24,180,184
74,31,49,94,197,48,47,161,10,170
74,32,121,120,60,84,138,13,25,101
74,33,78,76,33,108,165,115,245,67
74,34,42,32,174,134,179,3,118,40
74,35,119,181,91,115,189,207,81,71
74,36,168,145,196,102,171,76,96,47
74,37,198,230,252,130,61,77,240,244
74,38,193,23,104,11,241,223,207,184
74,39,238,21,73,22,106,228,151,226
75,0,168,52,209,255,87,130,193,220
75,1,209,222,234,137,119,148,67,54
75,2,81,1,233,2,217,41,129,172
75,3,244,50,12,27,212,255,216,183
75,4,21,185,87,97,150,236,174,134
75,5,25,79,243,162,32,206,229,95
75,6,21,254,233,132,230,236,211,139
75,7,30,196,178,28,191,97,134,198
75,8,144,226,114,161,27,22,63,130
75,9,100,134,49,99,218,229,50,225
75,10,176,180,178,136,210,217,131,116
75,11,42,239,83,124,56,204,181,135
75,12,202,25,139,28,239,87,18,201
75,13,162,250,130,90,10,50,218,96
75,14,212,233,21,100,3,248,34,222
75,15,107,100,90,122,92,129,120,139
75,16,24,94,74,234,142,200,84,191
75,17,2,81,121,145,106,83,220,153
75,18,121,68,30,77,204,200,127,147
75,19,94,171,129,172,152,193,19,138
75,20,144,110,114,22,161,213,150,84
75,21,100,85,218,49,214,134,212,34
75,22,160,178,180,39,131,86,254,52
75,23,80,97,56,83,181,107,26,41
75,24,139,48,25,195,202,104,201,18
75,25,250,162,130,50,75,26,118,158
75,26,233,252,54,161,24,100,21,114
75,27,100,107,129,122,210,253,192,151
75,28,94,74,175,24,223,169,31,7
75,29,2,60,150,83,8,81,48,25
75,30,100,30,111,200,77,68,22,34
75,31,94,171,128,129,187,138,227,67
75,32,33,68,122,101,215,252,15,213
75,33,192,55,245,170,229,215,115,33
75,34,16,236,144,247,137,142,61,184
75,35,115,108,28,227,56,194,180,35
75,36,23,176,127,157,235,139,210,32
75,37,4,7,36,140,227,241,159,69
75,38,103,37,144,100,23,245,223,233
75,39,42,185,10,76,86,73,146,228
76,0,252,25,42,176,180,5,100,221
76,1,209,56,40,253,114,31,180,119
76,2,81,39,160,2,137,151,120,140
76,3,50,191,232,138,111,244,13,107
76,4,84,3,233,134,178,136,22,157
76,5,206,116,214,33,59,77,139,131
76,6,84,233,117,40,145,32,227,229
76,7,252,30,75,150,110,6,178,130
76,8,144,63,135,114,27,244,22,36
76,9,100,160,218,252,89,31,134,43
76,10,131,32,89,70,162,229,146,211
76,11,83,199,33,237,77,56,124,37
76,12,139,13,50,25,202,87,239,48
76,13,162,90,194,130,0,13,240,185
76,14,233,17,21,212,143,105,97,166
76,15,100,107,45,95,92,64,157,47
76,16,234,126,142,60,94,84,37,18
76,17,2,81,121,145,14,144,220,162
76,18,30,79,199,121,100,51,94,234
76,19,49,94,47,48,172,149,186,125
76,20,213,144,135,27,114,252,22,149
76,21,160,100,49,214,218,32,128,58
76,22,229,131,244,98,221,89,211,70
76,23,83,48,77,244,199,123,152,71
76,24,50,4,2,202,139,243,25,48
76,25,162,0,110,250,13,130,90,71
76,26,233,21,3,114,212,17,105,100
76,27,45,95,107,151,175,210,230,139
76,28,18,114,102,169,175,84,176,14
76,29,2,184,94,34,81,220,60,121
76,30,147,34,79,90,200,17,234,30
76,31,94,152,49,194,147,149,170,197
76,32,121,122,48,22,138,140,54,68
76,33,55,47,90,78,245,224,225,165
76,34,175,241,67,163,40,236,108,183
76,35,94,187,119,5,86,85,227,9
76,36,67,93,4,73,156,69,143,23
76,37,101,100,43,252,19,4,123,195
76,38,57,23,199,173,10,143,8,7
76,39,163,40,155,185,236,235,118,18
77,0,67,154,130,179,168,48,219,197
77,1,139,64,106,216,59,123,87,41
77,2,160,81,175,164,25,45,227,169
77,3,142,59,27,50,124,80,52,0
77,4,131,241,151,191,230,10,30,3
77,5,139,206,252,33,175,46,103,231
77,6,180,32,255,233,229,246,4,66
77,7,30,75,38,121,178,110,28,95
77,8,144,114,63,27,226,22,213,161
77,9,100,69,0,77,134,99,117,119
77,10,228,113,131,180,86,137,118,13
77,11,174,83,107,70,164,56,100,124
77,12,28,202,139,11,25,239,201,5
77,13,167,185,162,13,130,250,121,19
77,14,212,21,233,105,213,3,114,97
77,15,100,107,210,135,59,216,192,199
77,16,94,142,49,200,102,79,37,161
77,17,2,81,121,220,83,145,82,182
77,18,30,199,20,90,68,147,200,37
77,19,94,152,49,48,246,170,194,177
77,20,144,120,213,114,205,110,244,149
77,21,69,100,214,218,8,174,0,192
77,22,24,13,137,118,168,78,127,180
77,23,123,174,172,26,154,107,83,149
77,24,139,202,200,213,27,189,16,4
77,25,26,250,137,185,13,162,130,110
77,26,105,233,114,110,21,119,200,170
77,27,23,230,151,107,39,100,59,2
77,28,18,169,94,142,14,148,102,187
77,29,2,83,93,121,34,247,132,145
77,30,34,188,200,147,30,176,24,40
77,31,94,152,194,128,218,246,172,85
77,32,102,48,122,68,64,254,40,155
77,33,55,224,245,126,225,107,72,57
77,34,175,67,236,240,64,8,120,220
77,35,94,56,227,187,5,85,2,198
77,36,157,195,67,156,23,73,2,189
77,37,7,43,82,20,140,227,44,26
77,38,230,163,76,255,100,93,32,201
77,39,138,114,246,215,1,185,27,245
78,0,127,85,49,18,153,58,146,11
78,1,43,66,123,29,30,223,4,116
78,2,169,164,40,111,217,180,104,22
78,3,116,20,171,51,55,50,131,141
78,4,228,12,215,77,130,191,159,182
78,5,249,169,56,231,134,175,51,82
78,6,180,166,136,149,107,37,213,73
78,7,56,40,161,196,183,30,199,126
78,8,120,144,114,226,64,27,161,93
78,9,100,224,183,0,117,86,229,49
78,10,218,24,180,213,194,196,118,86
78,11,114,241,107,173,174,183,90,56
78,12,11,28,189,16,73,139,89,65
78,13,38,185,251,130,91,137,184,250
78,14,21,213,105,223,180,0,8,107
78,15,100,168,34,45,243,157,59,47
78,16,137,169,160,37,205,142,187,18
78,17,93,121,218,2,83,145,82,60
78,18,20,188,199,30,176,200,68,40
78,19,94,91,152,233,170,194,246,128
78,20,144,120,114,22,161,186,213,110
78,21,100,218,134,8,214,128,229,34
78,22,60,218,24,180,127,13,105,210
78,23,114,76,248,138,173,26,172,74
78,24,139,202,200,87,16,25,251,105
78,25,250,162,38,193,242,13,185,196
78,26,78,21,105,233,110,114,252,34
78,27,141,100,151,45,107,139,155,115
78,28,18,137,169,142,13,175,94,182
78,29,2,83,60,34,218,121,145,25
78,30,34,147,100,200,176,40,30,126
78,31,194,94,152,128,172,238,147,170
78,32,221,102,68,122,101,11,155,40
78,33,55,168,121,224,245,57,205,72
78,34,81,55,208,192,67,8,144,236
78,35,39,56,99,227,110,129,64,189
78,36,49,157,23,189,156,195,73,176
78,37,7,15,82,20,44,219,26,140
78,38,230,47,76,80,14,32,106,255
78,39,114,72,244,36,185,120,203,183
79,0,72,223,76,50,29,122,4,151
79,1,126,29,221,72,202,3,49,205
79,2,236,194,212,23,147,110,234,161
79,3,243,242,154,112,151,163,131,50
79,4,77,164,155,134,149,233,75,159
79,5,82,77,230,164,60,233,95,56
79,6,136,62,32,180,175,107,233,36
79,7,252,30,6,116,75,178,13,237
79,8,63,121,38,144,27,84,226,108
79,9,100,134,218,49,58,32,44,138
79,10,180,95,146,233,1,131,162,178
79,11,241,83,237,97,248,79,124,37
79,12,50,139,28,32,202,189,25,239
79,13,185,0,130,13,162,194,250,180
79,14,21,17,233,212,222,3,252,78
79,15,100,107,122,6,129,0,198,138
79,16,234,169,94,142,205,102,18,223
79,17,81,49,121,60,2,145,83,93
79,18,108,20,151,200,40,100,199,66
79,19,94,152,48,6,49,55,83,171
79,20,144,38,114,172,7,22,110,27
79,21,100,32,218,134,214,8,34,85
79,22,180,233,199,13,131,60,210,194
79,23,97,116,248,241,174,26,79,70
79,24,50,139,202,25,119,195,28,87
79,25,0,250,130,162,193,71,13,4
79,26,21,233,252,17,161,54,114,105
79,27,107,129,100,151,39,155,122,210
79,28,94,18,193,169,102,205,196,7
79,29,60,94,49,83,61,2,88,21
79,30,200,0,162,17,34,68,22,99
79,31,128,94,4,171,147,218,205,152
79,32,161,125,254,120,122,140,179,215
79,33,133,5,19,132,54,104,39,55
79,34,5,227,44,238,109,96,8,20
79,35,74,108,148,187,86,190,160,57
79,36,115,156,19,93,83,227,23,32
79,37,101,169,16,27,78,66,250,179
79,38,169,119,251,96,158,255,18,23
79,39,231,117,179,122,218,235,163,253
80,0,123,196,229,249,105,7,216,104
80,1,225,150,231,27,11,155,62,93
80,2,227,17,4,210,164,235,162,109
80,3,187,133,31,37,152,235,84,176
80,4,142,13,108,236,102,167,15,222
80,5,104,193,88,186,6,198,204,41
80,6,180,107,61,167,153,62,156,246
80,7,196,29,23,199,126,116,108,64
80,8,234,161,7,114,144,89,105,56
80,9,29,85,94,49,203,164,118,100
80,10,169,178,198,113,130,196,180,1
80,11,189,107,241,174,56,14,42,250
80,12,15,26,28,63,220,65,74,32
80,13,130,43,250,253,203,147,28,50
80,14,161,105,175,222,52,21,43,131
80,15,100,162,165,122,87,213,210,129
80,16,205,160,170,5,252,172,94,216
80,17,93,250,220,81,121,153,172,20
80,18,197,68,20,204,30,179,43,57
80,19,94,171,26,130,109,152,124,20
80,20,110,234,115,179,144,114,36,81
80,21,85,164,29,8,94,218,34,203
80,22,198,169,178,113,65,150,39,196
80,23,189,107,174,56,128,193,111,86
80,24,74,220,63,189,26,15,3,87
80,25,130,43,147,250,134,182,4,253
80,26,161,54,137,124,10,52,21,233
80,27,165,162,100,129,81,200,31,181
80,28,133,170,43,205,94,5,7,172
80,29,20,76,250,60,87,153,172,124
80,30,179,0,226,22,68,43,200,205
80,31,109,205,4,122,26,171,20,75
80,32,181,90,98,192,161,254,178,134
80,33,126,16,86,215,183,83,43,238
80,34,96,84,207,180,62,26,1,101
80,35,57,108,160,84,153,28,145,204
80,36,70,83,181,120,23,98,217,171
80,37,65,31,182,229,58,190,72,179
80,38,71,148,151,92,100,255,76,95
80,39,2,69,38,217,189,78,213,188
81,0,158,235,132,115,141,47,208,81
81,1,182,93,244,233,155,11,62,118
81,2,10,57,123,121,145,109,17,29
81,3,37,187,133,235,199,230,119,128
81,4,142,95,236,102,15,222,214,58
81,5,90,43,193,47,88,188,65,251
81,6,153,138,60,22,79,215,36,196
81,7,23,117,29,147,196,199,184,78
81,8,239,116,180,234,56,104,52,77
81,9,239,191,85,203,2,164,197,59
81,10,198,125,169,196,157,65,113,39
81,11,189,108,107,128,206,86,160,233
81,12,93,74,15,220,193,63,26,81
81,13,134,147,43,130,182,29,154,32
81,14,51,86,52,106,137,32,161,53
81,15,162,165,87,200,31,58,172,181
81,16,5,170,205,43,106,252,133,80
81,17,250,87,153,0,20,76,172,15
81,18,43,204,197,179,226,161,163,57
81,19,116,109,20,26,205,30,19,171
81,20,239,110,116,234,180,4,191,115
81,21,239,191,164,85,203,197,2,35
81,22,198,169,196,125,157,65,150,39
81,23,128,189,86,206,111,107,62,12
81,24,93,220,74,15,63,26,151,54
81,25,134,147,130,32,182,154,6,43
81,26,51,10,137,86,52,161,54,124
81,27,165,162,181,58,31,87,200,172
81,28,43,170,133,5,111,252,106,205
81,29,20,0,87,76,250,153,124,5
81,30,226,163,179,43,68,197,192,170
81,31,116,109,205,26,4,20,122,30
81,32,119,90,178,181,192,252,161,68
81,33,16,93,83,215,129,43,183,86
81,34,1,82,26,85,96,133,141,207
81,35,108,84,42,160,57,76,28,202
81,36,83,23,70,22,176,157,120,28
81,37,229,104,58,35,182,123,105,61
81,38,151,27,148,92,76,100,230,71
81,39,243,78,38,154,69,110,217,12
82,0,238,200,43,112,88,173,95,140
82,1,182,47,140,93,181,70,46,146
82,2,49,217,20,11,219,179,140,60
82,3,106,38,117,233,103,26,118,110
82,4,58,45,193,165,235,5,171,205
82,5,188,90,43,88,145,65,135,73
82,6,60,68,138,22,65,7,143,98
82,7,117,145,78,65,221,42,254,184
82,8,239,116,104,180,185,52,115,56
82,9,239,85,171,197,255,2,191,69
82,10,157,125,196,65,88,27,166,210
82,11,39,181,47,108,111,89,150,140
82,12,212,62,220,4,102,93,192,209
82,13,251,103,6,134,182,206,138,226
82,14,52,53,106,41,10,86,161,231
82,15,46,162,165,100,122,87,107,147
82,16,170,205,252,106,248,43,160,24
82,17,5,153,20,15,93,87,60,158
82,18,226,204,43,68,192,77,170,197
82,19,26,30,109,19,171,167,94,222
82,20,110,239,185,161,114,180,140,104
82,21,85,191,239,155,218,69,2,73
82,22,157,234,178,196,65,150,116,179
82,23,39,111,140,239,128,107,89,228
82,24,220,93,225,145,192,193,54,189
82,25,6,250,130,251,182,32,134,66
82,26,52,161,54,137,10,106,86,252
82,27,46,100,165,162,122,129,107,217
82,28,170,205,252,43,111,80,94,24
82,29,20,5,158,153,60,124,201,8
82,30,226,68,192,170,43,29,22,2
82,31,167,26,30,171,124,122,177,75
82,32,223,178,119,90,60,181,68,206
82,33,16,74,83,43,93,245,40,215
82,34,116,1,82,26,186,141,247,34
82,35,84,108,224,244,28,202,42,115
82,36,23,83,70,129,157,203,176,22
82,37,104,58,182,35,105,48,57,147
82,38,151,27,148,92,76,79,34,230
82,39,110,78,243,12,38,242,69,160
83,0,124,236,151,76,106,66,23,72
83,1,124,120,205,167,118,92,19,170
83,2,60,49,11,217,3,219,188,133
83,3,25,39,159,225,112,167,199,197
83,4,200,165,154,192,233,77,250,88
83,5,251,188,43,183,158,236,62,60
83,6,79,14,22,171,36,143,138,68
83,7,30,196,6,35,76,221,191,110
83,8,63,159,220,239,116,52,178,84
83,9,85,8,197,98,49,59,156,84
83,10,157,234,196,178,122,65,111,27
83,11,150,47,111,3,89,59,85,145
83,12,220,192,208,145,193,209,191,189
83,13,130,243,219,95,176,134,185,182
83,14,52,53,161,10,106,51,86,32
83,15,165,162,100,87,172,122,217,213
83,16,170,205,252,231,106,190,216,80
83,17,153,20,15,5,93,87,158,124
83,18,204,226,43,197,68,192,161,77
83,19,26,222,167,109,171,30,124,75
83,20,110,239,185,159,180,191,220,161
83,21,156,85,8,73,2,203,151,118
83,22,157,196,234,150,116,65,178,243
83,23,111,107,85,47,14,56,204,99
83,24,220,145,192,81,189,15,3,191
83,25,66,250,20,176,130,95,182,6
83,26,161,10,137,52,86,54,231,105
83,27,162,100,165,217,129,122,58,181
83,28,170,111,205,252,80,94,106,190
83,29,20,158,153,124,8,15,21,83
83,30,226,197,68,250,22,200,141,2
83,31,26,75,167,171,30,124,177,20
83,32,12,19,68,146,90,192,237,76
83,33,16,56,189,74,139,245,166,83
83,34,195,63,191,1,72,247,186,86
83,35,43,185,108,180,84,28,183,202
83,36,125,23,83,26,176,44,157,235
83,37,126,229,58,78,35,7,48,105
83,38,120,92,0,76,87,119,97,34
83,39,44,189,197,99,78,129,219,146
84,0,11,117,128,226,185,171,187,96
84,1,81,133,169,16,162,222,107,13
84,2,10,253,252,20,75,251,189,191
84,3,216,25,221,188,50,112,170,75
84,4,8,119,77,139,154,172,105,55
84,5,183,114,251,61,62,198,120,236
84,6,16,14,3,79,82,156,114,92
84,7,30,196,178,28,158,191,134,221
84,8,114,35,220,112,179,178,144,110
84,9,178,49,85,19,98,206,100,229
84,10,163,122,157,178,116,39,229,196
84,11,18,14,111,181,142,3,56,130
84,12,220,67,164,255,106,191,139,239
84,13,200,250,130,185,203,226,3,113
84,14,52,21,34,161,38,55,252,233
84,15,100,103,122,107,162,129,206,46
84,16,205,170,179,24,252,94,79,228
84,17,158,155,153,220,8,2,121,34
84,18,68,30,77,226,204,6,17,200
84,19,171,94,124,233,30,177,19,222
84,20,110,144,161,114,22,27,106,148
84,21,178,100,85,218,134,8,229,252
84,22,116,157,178,163,122,194,109,241
84,23,99,18,181,56,142,130,14,204
84,24,25,145,195,200,42,202,116,48
84,25,250,162,161,203,193,130,4,118
84,26,78,233,21,161,34,105,252,114
84,27,100,103,107,122,129,206,217,59
84,28,179,205,228,215,66,94,111,79
84,29,158,165,155,2,83,8,34,20
84,30,68,77,6,29,2,226,42,17
84,31,67,94,171,177,75,124,77,187
84,32,101,17,68,89,194,128,122,203
84,33,23,74,214,245,16,55,57,117
84,34,247,58,12,236,144,182,137,19
84,35,28,56,108,202,99,84,115,227
84,36,23,253,176,157,235,156,189,32
84,37,7,219,164,84,82,35,58,26
84,38,136,230,76,92,34,128,100,228
84,39,146,189,2,16,114,63,113,216
85,0,4,72,71,191,151,248,78,120
85,1,95,153,154,190,98,253,195,217
85,2,194,5,115,10,253,228,56,106
85,3,167,188,16,75,216,243,112,25
85,4,77,93,186,233,250,57,120,180
85,5,23,82,183,251,62,236,120,198
85,6,82,185,171,243,77,43,25,156
85,7,30,196,19,178,221,6,28,167
85,8,47,7,110,38,220,161,247,114
85,9,49,134,85,22,12,218,8,100
85,10,109,222,233,178,136,122,146,14
85,11,42,181,216,111,209,145,97,79
85,12,139,202,47,239,25,255,171,28
85,13,250,162,10,130,50,226,96,156
85,14,233,212,222,21,3,34,43,100
85,15,100,107,0,90,237,47,122,138
85,16,94,142,24,234,7,77,200,37
85,17,2,81,121,145,83,34,108,245
85,18,68,121,30,146,147,204,200,77
85,19,152,94,171,172,244,106,19,254
85,20,144,110,114,213,22,199,205,38
85,21,85,100,49,218,134,12,56,147
85,22,178,180,86,122,222,131,39,109
85,23,80,181,41,97,184,246,96,180
85,24,48,175,189,139,164,89,195,87
85,25,250,242,162,44,20,52,130,2
85,26,233,24,161,252,211,114,216,21
85,27,210,178,100,129,122,107,70,139
85,28,223,10,39,24,175,94,205,228
85,29,126,158,96,18,245,25,4,165
85,30,18,75,141,68,111,42,30,166
85,31,55,157,83,94,60,244,67,186
85,32,120,248,19,101,92,58,210,68
85,33,176,133,54,245,19,74,24,32
85,34,15,80,249,247,143,63,137,194
85,35,180,28,106,43,176,117,77,136
85,36,23,21,17,138,60,55,252,176
85,37,92,214,160,110,244,126,219,176
85,38,177,156,141,195,120,197,24,185
85,39,66,226,83,209,142,50,37,237
86,0,15,241,131,156,240,52,150,72
86,1,195,64,97,154,2,68,95,215
86,2,194,10,5,115,253,251,16,56
86,3,167,112,216,243,199,75,25,39
86,4,77,180,221,75,136,233,250,134
86,5,82,183,251,172,62,236,77,252
86,6,82,43,185,79,171,77,186,114
86,7,30,196,252,116,158,191,221,228
86,8,47,7,144,63,38,220,159,110
86,9,49,134,22,85,100,218,32,97
86,10,233,222,178,146,109,122,26,162
86,11,97,216,137,209,37,59,145,14
86,12,50,139,23,202,164,201,48,189
86,13,185,250,130,0,10,110,180,50
86,14,21,233,222,161,43,3,252,17
86,15,178,100,122,0,107,47,210,198
86,16,205,24,169,7,94,234,170,142
86,17,93,81,108,121,8,158,49,4
86,18,68,204,100,20,108,250,30,200
86,19,94,172,19,48,171,124,247,152
86,20,110,47,7,159,114,38,161,106
86,21,85,32,134,156,49,229,87,8
86,22,178,233,116,122,157,194,48,222
86,23,181,56,59,204,99,14,97,201
86,24,50,175,48,119,69,116,139,55
86,25,0,250,130,20,101,67,19,206
86,26,161,252,78,21,54,17,86,233
86,27,178,122,100,129,187,12,162,210
86,28,205,234,59,179,24,170,111,252
86,29,20,158,4,60,124,88,220,21
86,30,197,68,226,204,77,166,250,42
86,31,75,157,183,26,124,171,77,30
86,32,19,120,140,68,13,161,248,203
86,33,133,56,74,181,166,132,245,75
86,34,191,249,5,195,15,80,247,72
86,35,136,176,28,108,115,97,180,43
86,36,23,21,17,235,176,32,138,157
86,37,214,229,126,110,35,175,4,26
86,38,197,156,0,141,177,185,254,24
86,39,83,251,142,209,66,226,189,22
87,0,210,93,209,240,17,241,247,52
87,1,154,195,97,144,64,16,254,2
87,2,115,253,10,194,106,5,251,101
87,3,216,112,167,173,75,87,154,39
87,4,180,77,136,221,155,75,159,120
87,5,82,183,251,77,172,220,252,32
87,6,79,82,43,14,180,185,243,114
87,7,30,196,191,116,126,158,204,252
87,8,63,159,144,7,178,220,38,114
87,9,49,85,134,100,8,97,218,22
87,10,122,233,178,222,146,26,210,39
87,11,204,42,14,56,220,111,145,97
87,12,139,220,239,189,50,202,255,28
87,13,250,10,130,162,185,0,110,20
87,14,233,21,3,161,34,222,43,52
87,15,100,122,107,92,2,47,56,0
87,16,205,24,170,37,234,94,7,169
87,17,93,153,81,220,121,53,158,21
87,18,204,68,30,226,100,146,77,42
87,19,94,171,154,26,254,124,177,19
87,20,110,114,56,106,63,178,161,180
87,21,85,8,218,35,156,32,203,34
87,22,157,116,178,196,137,122,233,100
87,23,56,107,99,174,220,193,111,14
87,24,15,220,3,50,81,175,128,145
87,25,130,20,0,19,250,101,113,152
87,26,231,86,161,54,52,44,105,10
87,27,162,100,165,129,122,217,12,147
87,28,205,111,170,80,94,24,102,193
87,29,20,158,21,124,211,94,153,88
87,30,197,226,250,22,204,77,68,17
87,31,26,4,171,132,30,75,183,124
87,32,19,90,237,192,254,104,13,76
87,33,56,74,166,132,16,139,19,75
87,34,191,1,195,5,247,240,99,63
87,35,28,115,108,43,127,97,202,84
87,36,23,235,157,32,176,189,83,84
87,37,229,35,78,126,123,175,58,61
87,38,76,92,0,230,17,95,143,128
87,39,129,197,189,158,146,117,163,164
88,0,101,197,35,34,79,242,179,16
88,1,62,155,97,146,70,75,47,123
88,2,109,210,242,252,164,130,253,35
88,3,37,236,230,26,211,199,129,233
88,4,102,15,142,200,241,108,154,251
88,5,188,43,220,236,183,251,158,69
88,6,79,14,182,156,43,157,196,22
88,7,196,23,147,30,191,64,204,199
88,8,239,35,180,116,56,52,114,179
88,9,203,49,85,29,180,13,94,197
88,10,157,196,178,122,169,88,39,234
88,11,42,107,111,185,14,56,106,145
88,12,220,193,15,3,28,81,189,209
88,13,29,130,250,10,162,176,28,226
88,14,52,161,233,86,34,21,54,51
88,15,162,100,165,107,172,122,168,120
88,16,24,205,7,170,94,142,216,181
88,17,81,250,153,93,2,121,87,108
88,18,197,204,30,68,226,77,170,43
88,19,109,171,94,172,19,20,167,205
88,20,239,110,144,114,213,205,161,179
88,21,203,85,49,100,218,29,35,8
88,22,157,178,198,169,39,100,196,236
88,23,42,107,111,128,56,181,180,189
88,24,220,48,15,87,175,74,139,225
88,25,250,134,130,253,162,147,4,50
88,26,233,10,21,86,161,54,51,52
88,27,165,162,172,129,107,87,100,122
88,28,94,205,5,24,7,43,170,111
88,29,250,87,20,60,83,81,2,8
88,30,197,22,205,68,179,200,170,226
88,31,4,109,205,171,94,75,20,129
88,32,90,192,98,186,161,68,134,77
88,33,126,215,238,86,83,183,16,129
88,34,1,116,96,207,180,26,101,86
88,35,84,108,160,57,115,217,204,153
88,36,70,83,23,120,181,22,171,98
88,37,65,31,72,61,182,123,229,88
88,38,151,100,176,202,159,255,18,115
88,39,114,228,2,168,217,65,97,218
89,0,158,208,235,115,132,141,81,47
89,1,182,62,217,233,155,146,211,128
89,2,95,109,123,167,43,255,106,128
89,3,37,117,187,236,199,118,235,190
89,4,102,142,54,15,58,165,222,95
89,5,90,43,188,65,251,158,135,88
89,6,79,14,138,182,22,133,156,196
89,7,117,23,147,196,14,78,42,184
89,8,239,180,116,56,52,104,99,173
89,9,239,203,191,85,2,197,59,164
89,10,157,198,125,88,196,185,65,169
89,11,108,128,111,206,42,107,86,160
89,12,93,220,15,74,193,128,81,3
89,13,134,29,154,130,103,182,32,95
89,14,52,51,86,41,32,137,161,106
89,15,162,165,172,87,181,58,31,100
89,16,170,205,5,43,106,252,24,9
89,17,250,87,153,20,0,15,5,166
89,18,204,43,197,226,170,161,163,77
89,19,116,109,20,19,26,205,167,30
89,20,239,110,116,180,4,191,23,83
89,21,239,191,85,203,35,197,2,164
89,22,125,198,157,169,196,39,65,150
89,23,128,111,206,86,107,189,42,62
89,24,220,93,74,15,151,54,252,225
89,25,134,147,32,130,182,253,95,154
89,26,10,86,51,137,52,54,161,149
89,27,165,162,87,172,58,181,31,217
89,28,43,205,7,5,106,170,111,150
89,29,87,250,0,153,20,5,124,81
89,30,226,197,170,163,43,179,77,205
89,31,116,109,205,4,20,75,167,63
89,32,119,90,192,178,252,161,134,68
89,33,93,16,83,129,215,231,86,183
89,34,82,1,26,85,96,133,207,132
89,35,84,108,42,57,160,72,174,59
89,36,83,22,70,23,221,120,217,20
89,37,229,104,182,88,31,58,61,190
89,38,151,27,148,71,92,17,196,202
89,39,217,243,38,154,69,110,12,46
90,0,43,238,252,25,205,95,147,112
90,1,182,140,217,250,146,152,224,211
90,2,49,11,217,167,60,20,43,121
90,3,130,117,236,226,199,106,38,233
90,4,58,54,205,45,235,144,213,165
90,5,90,43,188,65,251,183,158,135
90,6,14,79,65,157,22,138,68,182
90,7,117,23,49,78,254,196,184,191
90,8,239,180,116,104,35,99,110,185
90,9,85,191,197,171,49,169,2,98
90,10,157,88,173,196,125,39,65,27
90,11,39,111,72,181,108,239,47,228
90,12,220,249,193,93,54,15,81,191
90,13,134,103,112,176,29,154,130,138
90,14,86,52,10,51,54,161,167,105
90,15,162,165,122,172,107,87,100,166
90,16,170,24,205,106,43,7,238,231
90,17,5,153,87,20,81,93,145,158
90,18,226,204,197,43,170,77,161,68
90,19,109,19,167,171,205,26,172,30
90,20,110,239,185,180,179,4,116,161
90,21,191,85,113,203,49,2,116,155
90,22,157,173,125,39,196,65,88,236
90,23,239,39,111,128,72,181,206,83
90,24,220,93,54,225,15,151,145,43
90,25,134,250,32,130,112,138,253,6
90,26,86,10,54,51,52,21,161,137
90,27,165,162,122,172,107,31,129,181
90,28,43,24,170,111,106,7,94,205
90,29,5,20,87,153,158,0,81,83
90,30,226,68,170,197,77,29,192,43
90,31,167,109,171,228,20,30,124,129
90,32,223,178,90,68,119,192,252,161
90,33,231,83,16,215,74,86,220,129
90,34,186,241,1,252,21,133,26,132
90,35,108,160,84,27,57,42,76,204
90,36,192,222,83,23,70,98,248,221
90,37,229,72,62,58,163,182,175,123
90,38,236,99,166,197,10,5,8,147
90,39,238,106,81,17,91,50,237,198
91,0,209,43,206,104,95,30,105,147
91,1,62,182,146,155,217,11,47,205
91,2,49,167,43,20,52,217,106,253
91,3,117,236,119,233,226,118,41,130
91,4,144,5,58,79,87,20,193,81
91,5,188,220,183,69,230,229,90,32
91,6,65,43,14,180,157,79,230,133
91,7,30,196,191,109,204,70,79,28
91,8,35,239,144,114,27,150,179,110
91,9,49,203,85,100,88,169,218,43
91,10,210,62,240,86,39,182,178,76
91,11,239,181,42,88,57,107,111,76
91,12,189,220,139,202,28,164,4,239
91,13,162,250,10,3,44,112,130,226
91,14,233,212,21,3,100,34,223,55
91,15,107,120,100,92,122,162,47,138
91,16,24,94,142,181,7,60,205,176
91,17,2,81,145,121,5,53,65,82
91,18,204,30,100,68,121,102,77,146
91,19,94,172,19,171,129,152,125,200
91,20,144,213,110,114,22,150,199,178
91,21,85,100,49,214,218,134,0,34
91,22,236,157,178,180,39,86,131,111
91,23,239,181,42,80,83,180,97,107
91,24,48,220,139,202,102,25,189,200
91,25,250,162,130,50,10,4,226,247
91,26,233,21,86,211,212,161,54,34
91,27,107,129,100,210,120,162,122,187
91,28,24,94,7,223,142,175,205,176
91,29,5,83,81,2,158,25,8,20
91,30,100,226,22,68,200,77,29,71
91,31,94,167,129,171,128,186,228,109
91,32,68,223,192,122,252,107,227,178
91,33,215,74,16,55,245,231,86,190
91,34,1,116,247,236,137,8,252,211
91,35,108,28,56,202,84,227,115,76
91,36,23,157,176,70,189,83,35,241
91,37,7,58,82,35,44,219,229,97
91,38,76,150,148,92,230,151,105,42
91,39,217,91,198,38,37,164,136,134
92,0,32,206,238,95,168,181,255,246
92,1,182,140,62,201,217,77,207,192
92,2,49,52,20,11,43,253,218,167
92,3,199,118,113,117,129,230,233,6
92,4,205,54,6,144,193,96,229,5
92,5,188,90,43,135,230,198,65,185
92,6,7,14,65,22,254,133,143,138
92,7,117,254,110,49,184,136,78,204
92,8,239,116,185,56,179,114,144,233
92,9,85,203,239,49,100,169,118,8
92,10,157,219,39,125,240,247,76,210
92,11,239,181,42,19,88,249,111,108
92,12,189,16,151,202,220,139,0,18
92,13,44,162,149,250,118,103,3,57
92,14,233,212,100,21,34,54,193,223
92,15,107,100,120,122,168,129,162,92
92,16,24,94,142,126,200,18,176,205
92,17,2,81,145,121,82,153,83,34
92,18,68,121,204,30,77,147,200,119
92,19,171,152,173,166,94,19,138,227
92,20,144,213,114,110,22,150,25,218
92,21,100,85,218,113,49,34,0,214
92,22,178,180,131,236,157,34,39,75
92,23,80,239,83,145,107,181,97,26
92,24,139,25,53,189,116,202,220,48
92,25,250,162,130,4,226,75,193,241
92,26,233,24,161,100,21,54,114,252
92,27,107,129,100,53,162,42,122,210
92,28,24,94,7,205,89,172,176,182
92,29,5,158,2,83,121,60,198,153
92,30,100,226,68,77,200,22,199,192
92,31,166,167,94,246,171,129,122,187
92,32,223,68,178,227,107,252,213,192
92,33,74,16,215,231,245,83,190,93
92,34,186,1,116,82,252,247,137,236
92,35,108,160,56,202,84,76,250,28
92,36,23,70,157,176,83,129,189,181
92,37,229,58,104,82,35,7,48,44
92,38,230,76,148,92,151,34,27,100
92,39,243,78,2,38,46,217,237,248
93,0,238,88,112,43,95,200,173,140
93,1,181,182,140,70,47,152,128,192
93,2,49,72,52,20,253,11,43,218
93,3,106,233,117,236,226,113,199,119
93,4,193,165,5,45,54,235,171,58
93,5,188,47,230,90,220,183,135,43
93,6,65,14,122,7,22,173,77,138
93,7,117,78,110,176,196,70,142,254
93,8,239,116,104,52,179,180,115,35
93,9,69,85,180,169,49,84,197,118
93,10,157,122,88,196,125,39,121,210
93,11,239,181,39,111,99,88,253,108
93,12,220,62,102,169,16,53,151,189
93,13,103,251,112,149,138,176,233,204
93,14,86,41,52,233,161,21,34,112
93,15,46,162,122,107,100,168,120,157
93,16,24,205,170,248,94,61,39,191
93,17,5,158,153,20,93,34,108,2
93,18,226,170,68,77,30,204,100,40
93,19,19,171,167,109,94,227,51,129
93,20,110,239,161,185,114,144,205,150
93,21,85,218,69,113,100,155,49,156
93,22,157,178,236,111,232,122,210,34
93,23,39,239,181,111,17,145,140,41
93,24,225,220,48,116,87,145,62,98
93,25,250,251,6,226,138,4,130,253
93,26,21,86,54,233,161,252,24,34
93,27,122,107,46,129,162,100,210,172
93,28,24,205,170,94,43,252,7,37
93,29,5,158,20,8,83,153,48,251
93,30,68,226,170,100,29,77,22,192
93,31,167,228,171,94,166,129,122,150
93,32,68,223,60,178,158,107,227,64
93,33,74,16,231,245,83,215,190,220
93,34,116,1,82,34,252,186,247,137
93,35,108,84,56,202,224,35,244,76
93,36,23,70,157,129,83,176,239,189
93,37,104,58,219,7,35,82,48,182
93,38,27,92,148,230,151,76,34,79
93,39,110,12,243,38,78,69,248,242
94,0,4,72,92,236,155,172,78,106
94,1,124,241,191,182,128,121,211,240
94,2,60,188,49,11,92,228,255,79
94,3,177,112,199,155,16,30,218,101
94,4,98,122,94,77,88,165,154,75
94,5,183,251,115,188,18,62,39,2
94,6,14,43,82,79,156,180,92,171
94,7,30,196,3,28,181,21,167,109
94,8,159,47,110,220,122,178,27,114
94,9,49,156,85,97,134,98,100,218
94,10,122,157,109,222,9,178,39,210
94,11,181,153,239,66,247,27,99,82
94,12,47,16,189,175,48,239,191,89
94,13,3,185,250,206,176,20,241,70
94,14,55,21,233,107,223,24,123,216
94,15,178,122,248,162,107,100,47,198
94,16,24,205,169,7,223,37,142,94
94,17,93,158,25,108,20,65,81,153
94,18,100,68,108,204,30,226,69,20
94,19,51,19,94,171,24,170,172,233
94,20,110,159,47,144,178,161,122,57
94,21,156,85,218,49,134,100,97,229
94,22,157,9,178,122,222,86,48,62
94,23,181,153,99,66,239,150,17,195
94,24,48,175,47,139,220,78,145,106
94,25,250,242,20,130,176,67,204,226
94,26,21,233,86,54,161,24,252,63
94,27,178,122,248,162,129,107,100,217
94,28,24,223,94,205,37,230,7,142
94,29,158,48,20,83,25,93,8,251
94,30,68,226,100,22,29,142,77,30
94,31,51,171,129,128,243,117,152,187
94,32,68,248,19,195,146,107,64,122
94,33,75,74,37,6,176,54,97,16
94,34,255,249,80,212,9,204,63,182
94,35,43,106,108,136,176,153,202,77
94,36,21,23,17,138,8,157,176,228
94,37,214,126,244,110,92,144,229,115
94,38,88,177,120,141,236,47,156,43
94,39,142,127,209,83,66,174,251,175
95,0,93,239,209,210,14,228,225,102
95,1,182,241,121,186,83,195,120,205
95,2,60,3,188,193,49,11,253,58
95,3,112,199,243,197,25,30,87,159
95,4,77,75,154,192,250,54,134,88
95,5,251,236,115,183,188,2,0,164
95,6,14,43,82,49,180,157,79,161
95,7,196,30,167,28,126,79,14,32
95,8,159,110,144,27,161,220,114,22
95,9,49,85,97,134,100,218,8,156
95,10,122,157,222,178,86,9,39,213
95,11,239,85,181,59,111,82,66,218
95,12,16,193,220,210,139,239,175,48
95,13,250,176,130,28,3,10,185,20
95,14,233,21,43,24,34,222,55,161
95,15,122,162,100,107,47,0,92,210
95,16,205,169,24,142,190,94,223,160
95,17,93,96,108,158,25,81,20,153
95,18,68,100,250,204,108,20,200,30
95,19,94,19,85,138,170,24,171,152
95,20,110,159,178,114,144,161,57,185
95,21,85,156,134,218,49,100,229,87
95,22,157,122,178,242,222,86,180,9
95,23,85,181,59,99,17,111,150,47
95,24,220,175,48,139,189,167,225,116
95,25,250,130,176,20,19,211,67,161
95,26,86,21,24,161,211,54,233,252
95,27,162,122,129,210,100,107,28,92
95,28,190,24,94,7,37,223,205,111
95,29,20,158,48,83,8,21,153,93
95,30,197,68,250,226,22,29,77,108
95,31,171,129,167,85,4,128,117,150
95,32,19,76,68,192,161,12,146,107
95,33,75,56,86,74,139,133,215,238
95,34,1,72,191,195,5,240,73,204
95,35,108,185,191,43,160,187,227,57
95,36,23,125,26,19,83,157,93,142
95,37,126,229,58,143,175,123,186,16
95,38,0,92,255,17,5,100,61,119
95,39,197,189,129,44,235,99,122,223
96,0,101,35,197,34,79,242,179,9
96,1,62,155,47,97,70,16,20,216
96,2,253,109,101,130,65,210,173,43
96,3,236,26,230,211,37,233,199,226
96,4,15,102,200,241,142,172,54,245
96,5,236,188,183,43,220,69,90,251
96,6,14,43,157,79,182,180,156,133
96,7,23,196,199,79,191,147,64,14
96,8,159,239,35,110,180,56,116,179
96,9,49,203,85,180,197,29,97,118
96,10,157,122,88,39,196,222,86,62
96,11,42,239,111,107,82,181,99,66
96,12,220,193,28,16,164,15,189,4
96,13,29,176,112,10,28,44,154,206
96,14,86,52,41,161,55,30,233,21
96,15,162,172,36,107,120,100,122,196
96,16,205,181,24,7,142,94,37,176
96,17,93,81,250,65,87,5,121,83
96,18,197,204,170,30,68,100,20,200
96,19,109,205,167,19,152,171,51,243
96,20,239,110,144,180,178,114,205,150
96,21,85,203,100,49,180,113,229,218
96,22,157,39,86,62,222,180,178,236
96,23,42,107,181,39,239,83,66,106
96,24,175,220,167,48,102,34,139,52
96,25,250,162,134,180,128,130,2,4
96,26,21,233,86,211,24,54,63,161
96,27,162,172,129,107,165,210,187,120
96,28,94,7,24,142,223,5,205,37
96,29,250,83,5,81,48,2,8,87
96,30,197,22,68,100,200,170,205,30
96,31,109,94,128,171,129,205,117,150
96,32,192,68,98,96,186,161,122,64
96,33,126,86,215,238,183,55,72,232
96,34,116,207,1,96,180,86,252,101
96,35,108,57,160,153,22,145,218,129
96,36,70,181,120,23,83,157,156,176
96,37,31,143,65,182,58,219,67,190
96,38,151,148,71,92,101,255,230,76
96,39,2,189,69,248,38,217,114,213
97,0,4,172,106,92,66,188,155,144
97,1,128,182,124,241,198,121,242,211
97,2,188,255,60,150,222,133,87,58
97,3,177,112,30,92,11,25,101,199
97,4,98,122,94,54,244,88,77,112
97,5,147,18,183,251,194,114,69,11
97,6,43,180,14,147,183,79,65,56
97,7,196,3,30,101,108,23,221,181
97,8,159,122,144,35,110,216,180,114
97,9,49,156,85,97,98,217,8,229
97,10,62,61,39,222,86,162,9,196
97,11,247,66,27,181,153,107,57,74
97,12,189,16,191,175,211,4,48,89
97,13,251,115,180,185,29,70,250,10
97,14,21,216,55,233,123,43,127,193
97,15,248,120,107,100,162,196,122,47
97,16,205,24,169,142,181,94,7,223
97,17,93,65,236,81,25,108,121,145
97,18,100,68,30,20,204,200,40,42
97,19,51,233,172,19,24,152,94,170
97,20,110,159,144,122,178,213,106,84
97,21,156,85,100,49,214,8,217,134
97,22,62,39,61,222,180,86,9,178
97,23,181,66,27,107,42,153,247,195
97,24,175,48,139,202,25,189,191,145
97,25,250,162,180,251,1,130,242,96
97,26,233,211,21,43,54,24,100,222
97,27,107,36,129,139,253,248,210,100
97,28,142,94,13,7,169,37,176,205
97,29,48,81,83,2,145,25,8,65
97,30,68,142,22,200,30,100,34,29
97,31,51,128,94,152,117,171,147,186
97,32,68,96,186,195,146,122,215,64
97,33,75,6,97,37,119,55,151,215
97,34,9,255,212,180,204,236,101,144
97,35,153,108,22,49,129,66,227,250
97,36,234,23,8,0,166,176,157,156
97,37,115,7,219,84,77,229,175,92
97,38,255,93,120,230,76,139,47,58
97,39,241,75,68,114,23,146,9,174
98,0,97,166,113,142,210,150,205,215
98,1,62,34,26,16,40,135,205,79
98,2,120,101,173,2,84,159,65,236
98,3,211,42,37,236,46,112,84,31
98,4,161,122,14,17,251,240,172,167
98,5,250,254,183,161,44,147,100,88
98,6,180,147,117,200,73,142,114,193
98,7,91,19,2,196,3,178,110,13
98,8,159,110,180,244,114,144,27,189
98,9,49,39,85,156,97,118,229,199
98,10,61,62,222,39,142,126,211,210
98,11,181,82,66,162,69,27,127,192
98,12,164,34,189,16,167,105,78,255
98,13,3,70,2,20,241,185,236,188
98,14,211,193,119,107,40,236,223,55
98,15,65,42,48,157,196,168,59,187
98,16,166,144,92,141,202,164,216,29
98,17,93,100,121,165,108,95,74,92
98,18,100,68,30,148,20,166,113,40
98,19,19,222,94,178,255,138,24,170
98,20,110,81,17,178,159,106,114,244
98,21,39,156,85,97,229,8,232,214
98,22,61,249,210,211,195,39,208,217
98,23,181,239,249,224,87,127,74,82
98,24,175,145,16,68,102,232,189,34
98,25,20,180,250,27,52,161,242,176
98,26,211,24,193,63,21,125,217,244
98,27,65,187,122,100,195,210,196,217
98,28,144,166,223,218,216,205,152,164
98,29,93,48,247,8,241,53,83,251
98,30,68,100,22,148,77,30,34,29
98,31,94,186,130,75,36,117,51,129
98,32,68,107,64,192,252,99,128,122
98,33,72,190,6,16,232,55,151,245
98,34,9,88,34,161,86,204,97,236
98,35,108,22,250,129,151,28,74,153
98,36,207,23,120,14,176,106,156,227
98,37,219,206,190,141,7,88,92,27
98,38,71,255,100,120,139,93,47,32
98,39,114,162,69,235,185,146,165,151
99,0,185,171,106,117,226,6,66,4
99,1,191,128,79,242,217,226,205,121
99,2,120,101,198,84,87,58,2,237
99,3,42,177,107,134,112,148,132,95
99,4,139,8,172,17,55,105,228,254
99,5,250,114,147,18,183,254,32,166
99,6,114,90,180,107,3,147,43,198
99,7,91,19,196,2,3,191,13,30
99,8,112,159,122,110,114,59,7,27
99,9,178,206,49,12,155,112,214,235
99,10,236,14,249,123,136,60,144,79
99,11,181,45,80,34,239,152,42,22
99,12,124,91,113,68,189,153,167,78
99,13,44,167,171,118,26,57,139,255
99,14,216,211,54,150,212,166,21,161
99,15,107,85,100,199,210,89,99,157
99,16,74,7,41,119,79,233,170,32
99,17,2,81,145,211,97,153,243,198
99,18,204,75,127,13,22,77,166,30
99,19,171,128,94,30,132,227,232,197
99,20,144,11,237,213,114,81,142,25
99,21,100,85,178,113,206,122,218,12
99,22,178,249,59,167,131,152,33,61
99,23,80,83,215,73,183,239,34,75
99,24,144,232,202,139,25,105,104,68
99,25,171,216,250,162,68,82,130,193
99,26,212,154,100,233,114,0,211,81
99,27,107,99,82,175,225,187,93,42
99,28,18,126,204,227,89,218,94,176
99,29,155,2,150,247,34,53,25,159
99,30,75,158,30,100,3,180,34,166
99,31,94,186,36,75,154,238,93,41
99,32,210,68,17,42,11,107,64,101
99,33,105,72,23,214,16,245,94,55
99,34,12,9,45,58,204,137,236,54
99,35,108,28,99,250,135,194,56,22
99,36,253,23,0,176,8,157,245,35
99,37,219,164,7,84,206,205,105,82
99,38,136,120,100,47,230,206,255,196
99,39,114,23,146,68,16,185,229,206
100,0,181,82,251,107,99,39,68,221
100,1,217,89,92,9,190,166,149,120
100,2,251,101,84,233,120,224,5,113
100,3,42,107,134,195,119,148,85,125
100,4,133,172,21,58,139,249,20,213
100,5,172,174,114,183,250,147,111,159
100,6,114,243,3,90,194,147,180,107
100,7,19,196,195,3,91,28,37,134
100,8,112,81,110,235,159,27,106,197
100,9,206,178,155,49,122,85,12,232
100,10,236,68,176,79,60,127,136,123
100,11,181,64,135,42,45,204,138,56
100,12,202,139,25,130,171,189,204,239
100,13,162,44,218,164,229,90,62,120
100,14,212,233,100,21,34,222,114,248
100,15,107,100,138,90,122,129,205,246
100,16,74,94,24,142,77,126,200,225
100,17,2,81,145,121,83,34,97,26
100,18,121,147,77,202,200,30,68,33
100,19,152,112,94,187,125,173,171,172
100,20,144,22,114,110,199,213,161,25
100,21,100,49,85,218,201,56,214,229
100,22,160,131,180,178,34,68,59,168
100,23,80,83,97,26,145,249,119,181
100,24,25,139,200,48,28,164,116,189
100,25,162,250,130,50,70,226,2,10
100,26,211,233,100,212,21,59,134,252
100,27,107,100,53,129,99,177,175,203
100,28,94,18,39,74,204,126,248,169
100,29,150,26,2,34,25,53,60,247
100,30,75,180,55,100,3,42,146,174
100,31,237,94,186,36,238,154,194,93
100,32,210,224,101,68,11,42,64,37
100,33,179,201,156,105,16,117,245,24
100,34,217,12,49,58,204,213,137,177
100,35,224,28,108,56,210,250,194,64
100,36,255,23,24,57,176,245,65,225
100,37,219,158,50,7,206,98,127,119
100,38,47,146,120,230,32,100,206,76
100,39,10,114,85,177,206,151,237,185
101,0,109,24,225,102,4,250,180,151
101,1,14,154,217,226,190,22,233,128
101,2,120,101,5,251,58,84,253,159
101,3,42,30,112,177,199,144,101,159
101,4,139,105,133,37,243,116,77,180
101,5,114,183,172,27,250,251,115,147
101,6,114,243,107,3,147,42,79,200
101,7,91,196,158,19,37,79,14,181
101,8,110,178,220,212,159,77,103,114
101,9,85,178,49,98,97,104,8,87
101,10,222,178,211,196,210,48,95,163
101,11,181,132,192,142,57,69,82,5
101,12,34,99,232,164,252,105,255,16
101,13,171,185,3,149,176,236,152,70
101,14,215,38,193,211,24,119,12,133
101,15,99,225,100,122,92,103,42,187
101,16,218,169,54,205,166,37,227,144
101,17,93,25,247,155,236,100,51,226
101,18,68,75,100,77,30,102,184,199
101,19,19,138,94,186,233,170,171,172
101,20,110,178,81,114,112,244,63,103
101,21,178,85,71,206,218,134,97,8
101,22,249,203,118,48,163,178,182,210
101,23,181,89,228,249,142,40,214,18
101,24,232,164,189,48,102,113,34,145
101,25,171,44,255,250,206,226,161,119
101,26,24,211,21,12,193,63,230,252
101,27,99,70,225,122,187,195,100,217
101,28,144,169,126,223,152,54,37,186
101,29,247,155,8,34,251,48,67,121
101,30,75,68,174,42,100,51,77,2
101,31,201,238,75,228,186,94,171,124
101,32,210,68,101,107,64,128,71,203
101,33,6,16,68,105,72,23,214,244
101,34,182,12,204,45,9,72,19,137
101,35,108,194,28,191,84,151,43,44
101,36,23,98,253,176,59,234,235,55
101,37,84,219,126,165,7,206,115,92
101,38,100,43,173,47,73,230,10,25
101,39,146,165,114,168,151,235,66,97
102,0,226,96,102,198,93,194,80,15
102,1,154,157,92,175,195,217,2,131
102,2,101,84,251,173,5,63,115,116
102,3,42,188,148,221,170,122,14,112
102,4,20,119,172,105,133,8,21,184
102,5,114,172,183,194,27,215,32,61
102,6,16,230,243,154,124,147,254,90
102,7,196,19,30,28,62,181,3,67
102,8,112,235,144,114,27,161,81,159
102,9,100,122,12,232,127,112,155,134
102,10,176,127,144,60,79,78,236,136
102,11,181,42,135,83,45,58,56,110
102,12,139,25,202,28,171,2,116,189
102,13,162,250,90,218,10,50,96,44
102,14,212,233,21,100,134,248,222,3
102,15,107,100,90,15,138,129,196,124
102,16,74,24,94,142,200,126,18,77
102,17,2,81,145,121,83,34,138,82
102,18,121,147,30,77,200,68,243,156
102,19,152,94,129,187,193,173,209,171
102,20,144,22,247,114,110,161,122,84
102,21,100,49,218,22,214,85,60,149
102,22,160,131,180,52,93,178,86,34
102,23,80,97,83,241,26,119,38,41
102,24,25,28,200,226,201,202,48,10
102,25,162,250,50,130,188,213,10,2
102,26,233,100,222,134,59,24,212,21
102,27,107,129,139,53,141,100,175,219
102,28,74,94,169,175,39,126,47,148
102,29,150,34,2,92,53,134,247,113
102,30,100,146,180,44,3,172,174,156
102,31,154,1,186,194,238,94,246,160
102,32,127,89,101,210,64,68,71,11
102,33,105,71,214,23,24,68,245,19
102,34,182,12,204,187,99,137,45,70
102,35,108,28,117,151,250,115,133,64
102,36,253,23,0,176,8,143,15,235
102,37,84,219,164,165,206,7,98,55
102,38,136,120,47,230,100,32,76,173
102,39,146,114,16,23,120,206,97,168
103,0,50,71,151,4,250,248,180,155
103,1,154,153,253,217,195,95,190,64
103,2,84,211,115,5,173,251,253,13
103,3,42,243,148,112,14,247,39,132
103,4,180,133,77,37,219,134,243,250
103,5,172,82,251,183,111,185,254,77
103,6,43,243,147,114,154,180,79,82
103,7,196,30,191,108,19,91,178,129
103,8,7,178,38,159,63,114,144,110
103,9,49,134,8,85,97,58,221,100
103,10,61,222,95,142,178,233,126,196
103,11,209,181,239,107,164,241,66,124
103,12,189,23,139,232,48,99,164,217
103,13,185,171,149,180,250,130,10,176
103,14,211,193,123,43,55,161,21,222
103,15,70,82,100,0,122,162,42,2
103,16,24,205,169,7,245,94,228,92
103,17,93,108,247,81,49,96,74,243
103,18,68,100,20,14,204,30,126,99
103,19,94,19,24,114,189,41,51,172
103,20,110,159,7,38,150,106,178,81
103,21,85,156,214,8,49,200,97,229
103,22,61,191,48,210,142,178,211,39
103,23,181,73,66,203,40,239,183,116
103,24,175,232,167,48,189,102,77,78
103,25,171,242,206,250,180,67,220,176
103,26,211,193,21,236,123,81,166,161
103,27,187,82,68,195,122,210,129,243
103,28,245,134,94,169,92,7,142,44
103,29,247,83,34,48,25,8,53,255
103,30,68,100,200,75,42,142,22,250
103,31,51,246,128,94,186,171,152,238
103,32,68,120,186,96,64,122,180,11
103,33,133,6,132,119,54,55,56,75
103,34,9,5,204,180,8,101,202,22
103,35,108,153,185,136,145,115,155,138
103,36,171,172,122,218,208,143,85,65
103,37,126,36,4,229,175,68,234,91
103,38,255,23,5,18,35,193,254,96
103,39,75,151,155,235,146,185,179,117
104,0,166,142,113,97,205,150,123,215
104,1,59,34,158,199,26,64,62,11
104,2,246,242,130,64,35,101,251,117
104,3,124,42,146,211,216,132,236,135
104,4,105,161,17,172,131,231,251,190
104,5,254,67,250,172,183,100,14,161
104,6,43,147,180,200,154,107,56,59
104,7,91,196,19,3,23,40,13,204
104,8,159,7,35,122,114,168,174,150
104,9,39,49,85,97,214,78,8,229
104,10,62,61,210,39,222,95,86,208
104,11,42,181,66,107,247,96,241,82
104,12,189,28,211,139,202,188,195,239
104,13,10,162,250,1,3,81,149,110
104,14,233,212,21,222,34,3,43,223
104,15,100,107,47,0,120,237,175,168
104,16,94,37,142,169,7,84,79,202
104,17,2,121,81,145,108,93,65,95
104,18,30,100,121,68,20,146,204,200
104,19,94,152,172,186,51,170,24,233
104,20,144,122,110,114,22,213,159,84
104,21,100,214,39,49,218,217,56,85
104,22,62,61,180,86,217,39,131,211
104,23,181,66,42,246,83,215,107,97
104,24,48,68,102,202,139,195,25,175
104,25,162,250,242,161,180,1,44,2
104,26,211,233,223,100,54,222,212,166
104,27,107,139,82,129,120,138,36,230
104,28,142,94,148,13,169,18,176,139
104,29,25,81,48,247,83,2,82,34
104,30,100,142,34,234,146,147,30,200
104,31,94,152,128,51,186,172,147,170
104,32,68,96,186,215,122,71,64,11
104,33,119,55,238,6,151,29,58,99
104,34,9,180,88,236,204,144,8,216
104,35,153,227,108,181,170,165,129,64
104,36,171,64,161,176,102,85,23,208
104,37,68,229,36,130,165,175,61,84
104,38,255,176,5,177,206,192,100,23
104,39,146,165,86,185,226,114,47,151
105,0,165,233,106,85,6,66,22,49
105,1,158,203,81,191,79,57,207,92
105,2,120,101,84,64,2,173,65,159
105,3,148,236,216,42,55,14,214,162
105,4,119,122,254,172,98,20,105,17
105,5,159,250,18,183,194,114,144,69
105,6,147,90,107,43,180,101,166,230
105,7,196,13,101,3,91,109,204,54
105,8,122,159,7,144,35,114,103,27
105,9,217,49,97,85,100,214,182,200
105,10,62,61,208,95,222,86,210,219
105,11,181,66,247,241,215,41,230,82
105,12,189,211,102,195,144,28,202,19
105,13,1,10,171,250,3,149,185,180
105,14,21,211,223,216,233,107,55,123
105,15,107,120,168,36,82,100,0,47
105,16,142,223,169,182,94,245,37,50
105,17,65,93,81,121,2,236,145,108
105,18,30,20,100,204,68,200,40,121
105,19,233,152,51,186,94,172,170,24
105,20,144,110,122,22,213,159,161,114
105,21,100,217,214,218,85,56,8,49
105,22,62,180,86,39,241,61,217,60
105,23,181,42,66,83,107,224,97,41
105,24,139,68,106,202,175,25,102,189
105,25,250,162,149,242,180,161,130,137
105,26,211,233,100,21,54,223,43,114
105,27,107,82,139,138,36,129,230,196
105,28,142,13,18,148,94,177,169,187
105,29,81,247,2,25,48,83,65,145
105,30,34,100,234,30,200,142,147,146
105,31,94,172,186,152,128,147,132,170
105,32,68,96,186,215,122,71,64,40
105,33,55,119,11,245,151,238,29,232
105,34,204,236,180,196,144,9,8,118
105,35,227,181,153,66,234,64,233,165
105,36,166,8,127,64,171,23,161,143
105,37,115,77,36,229,130,31,165,61
105,38,93,255,46,140,6,100,233,159
105,39,114,225,241,9,68,47,146,48
106,0,59,108,83,135,79,61,88,160
106,1,182,85,143,238,152,170,140,78
106,2,8,36,89,120,251,101,229,108
106,3,106,29,129,151,110,250,226,46
106,4,254,171,17,202,248,165,7,127
106,5,87,51,109,29,206,68,32,220
106,6,180,147,255,107,193,76,96,221
106,7,13,3,183,191,110,204,134,200
106,8,144,122,114,37,244,106,189,160
106,9,100,49,69,152,225,180,169,229
106,10,88,86,231,192,77,240,42,210
106,11,39,188,57,149,83,11,224,183
106,12,211,78,189,254,202,28,105,195
106,13,149,112,10,121,2,161,216,3
106,14,21,212,233,211,223,55,34,26
106,15,107,82,196,243,47,59,225,168
106,16,66,176,88,94,126,200,182,63
106,17,2,81,65,121,145,34,53,25
106,18,30,147,156,199,170,60,76,230
106,19,200,173,186,172,158,69,166,177
106,20,144,213,205,114,232,209,81,201
106,21,69,100,49,214,0,248,218,12
106,22,195,228,88,86,80,71,241,127
106,23,83,39,188,38,87,19,224,107
106,24,169,202,195,104,201,8,87,68
106,25,161,193,196,68,102,226,75,173
106,26,211,185,55,217,223,114,170,251
106,27,183,42,59,141,107,243,53,151
106,28,177,63,18,144,210,187,66,61
106,29,247,81,220,82,34,25,121,106
106,30,24,30,184,34,44,147,234,230
106,31,186,48,15,161,172,94,246,10
106,32,60,121,25,66,35,54,252,11
106,33,33,108,99,53,137,78,197,101
106,34,52,174,118,114,134,8,142,40
106,35,81,91,104,38,95,234,182,17
106,36,63,102,127,69,106,40,3,225
106,37,116,88,230,226,149,244,125,127
106,38,108,23,176,204,98,117,67,17
106,39,50,95,229,198,47,226,175,22
107,0,21,225,71,102,23,228,24,40
107,1,135,56,103,67,127,205,178,238
107,2,32,124,8,6,251,78,237,58
107,3,109,56,151,242,195,223,13,165
107,4,233,134,178,185,125,132,57,18
107,5,60,126,119,233,109,33,206,246
107,6,233,40,132,101,140,23,213,152
107,7,252,6,13,200,75,15,178,110
107,8,144,63,27,114,244,22,226,232
107,9,100,218,134,196,225,89,49,50
107,10,131,230,89,32,199,129,162,13
107,11,83,188,230,124,100,56,87,5
107,12,13,50,139,202,40,4,25,239
107,13,162,240,90,179,185,13,223,0
107,14,21,233,100,212,55,34,3,114
107,15,107,246,196,100,82,53,243,92
107,16,76,84,77,37,126,251,49,245
107,17,2,81,145,121,184,182,52,74
107,18,120,51,30,147,141,199,146,234
107,19,200,49,186,0,172,103,149,215
107,20,213,144,135,232,201,149,122,168
107,21,100,109,241,49,169,214,248,0
107,22,230,127,89,166,228,191,131,70
107,23,87,83,244,224,149,183,19,188
107,24,202,8,105,113,213,78,104,37
107,25,137,132,110,161,64,167,102,233
107,26,211,223,110,251,55,185,114,4
107,27,42,244,151,210,107,141,47,82
107,28,18,63,177,164,245,118,187,114
107,29,247,220,182,184,34,134,73,145
107,30,120,34,141,24,234,30,147,229
107,31,47,49,48,186,170,10,197,161
107,32,121,120,60,111,138,40,203,118
107,33,78,108,33,115,53,99,128,197
107,34,42,32,108,99,40,8,245,46
107,35,119,215,81,121,181,234,71,104
107,36,55,102,40,168,76,161,145,3
107,37,230,198,244,36,252,108,92,130
107,38,193,23,11,184,241,223,207,186
107,39,238,21,193,22,198,106,118,103
108,0,168,52,255,209,87,193,130,220
108,1,209,222,148,137,234,136,119,54
108,2,81,1,231,151,41,73,233,172
108,3,244,50,86,124,161,237,255,1
108,4,21,168,97,48,50,69,87,141
108,5,25,20,143,234,57,180,200,121
108,6,139,127,254,21,231,111,211,207
108,7,30,200,194,186,49,247,141,204
108,8,226,223,81,144,11,130,27,114
108,9,246,100,155,235,8,248,136,72
108,10,243,247,176,150,185,25,65,134
108,11,128,206,108,204,9,12,160,56
108,12,128,145,1,60,208,221,18,134
108,13,134,118,182,154,32,130,202,89
108,14,137,32,148,51,52,10,167,106
108,15,162,165,58,200,87,242,31,100
108,16,106,43,133,205,252,80,51,28
108,17,87,211,0,15,153,198,76,20
108,18,43,161,127,134,13,163,226,204
108,19,20,116,109,19,26,36,154,205
108,20,116,56,63,191,115,4,180,77
108,21,197,117,35,255,169,85,152,122
108,22,150,125,176,65,39,185,243,36
108,23,9,128,206,160,254,86,150,108
108,24,151,252,93,74,192,18,145,60
108,25,134,32,118,182,154,147,95,105
108,26,51,137,10,41,88,103,32,45
108,27,87,165,181,58,31,242,162,204
108,28,182,150,106,43,205,7,111,225
108,29,124,0,87,153,15,20,76,16
108,30,195,161,134,163,13,43,226,34
108,31,20,75,116,109,241,205,166,26
108,32,252,160,112,33,119,68,192,90
108,33,16,184,43,210,92,39,129,127
108,34,133,231,85,26,92,1,16,51
108,35,42,108,84,72,204,57,174,160
108,36,221,83,45,73,20,75,22,212
108,37,138,182,100,72,104,239,40,20
108,38,103,37,23,184,43,57,223,11
108,39,42,185,235,63,227,202,65,103
109,0,252,25,42,100,214,176,5,221
109,1,209,56,253,40,31,114,180,96
109,2,81,160,39,2,137,151,112,120
109,3,50,191,232,138,111,107,57,13
109,4,84,3,178,52,136,134,137,248
109,5,206,116,214,33,139,59,131,77
109,6,84,145,117,40,101,32,4,71
109,7,252,150,15,13,71,30,75,245
109,8,144,135,114,63,244,22,27,36
109,9,100,160,31,218,252,89,43,134
109,10,131,32,89,162,229,211,217,230
109,11,83,199,77,33,87,237,26,56
109,12,13,139,50,202,25,87,239,48
109,13,162,90,240,194,130,0,223,180
109,14,233,21,17,55,212,3,30,143
109,15,107,100,45,92,246,196,95,47
109,16,126,234,84,60,18,177,223,37
109,17,81,2,121,145,144,184,14,220
109,18,30,79,121,100,51,234,120,34
109,19,186,49,149,172,94,47,48,215
109,20,213,144,135,114,232,149,27,236
109,21,160,100,49,214,218,169,128,11
109,22,131,211,98,13,89,229,244,241
109,23,83,87,123,90,82,199,77,152
109,24,8,243,202,4,139,2,200,227
109,25,162,110,71,2,64,10,194,70
109,26,211,110,17,114,8,55,251,119
109,27,45,95,107,151,139,42,175,138
109,28,18,175,177,169,142,84,204,113
109,29,2,184,145,34,53,247,81,73
109,30,34,147,234,100,79,30,180,42
109,31,152,186,94,49,172,149,194,41
109,32,121,68,138,48,64,40,122,102
109,33,55,47,224,245,90,72,225,107
109,34,241,175,163,67,137,204,236,209
109,35,94,187,9,85,64,5,110,127
109,36,69,67,139,40,161,127,128,32
109,37,43,100,7,101,140,4,195,130
109,38,57,199,23,242,173,210,140,248
109,39,40,163,235,193,185,155,108,236
110,0,154,67,130,179,168,219,48,213
110,1,139,64,106,216,59,41,168,151
110,2,160,81,175,111,35,9,206,45
110,3,142,59,107,204,52,205,135,208
110,4,241,131,151,230,191,3,214,181
110,5,139,206,175,37,113,176,33,92
110,6,147,107,180,250,4,32,27,64
110,7,13,71,15,204,168,121,52,30
110,8,144,114,244,63,93,189,36,202
110,9,100,69,225,49,117,229,143,196
110,10,113,213,86,210,228,131,179,129
110,11,174,83,56,100,154,215,70,254
110,12,11,28,139,202,189,180,89,18
110,13,121,149,216,71,167,141,82,110
110,14,223,211,217,213,251,114,186,236
110,15,196,192,157,191,82,225,243,187
110,16,177,66,88,37,89,161,134,63
110,17,182,74,82,165,220,92,121,25
110,18,30,37,104,60,14,184,34,40
110,19,186,94,170,90,158,106,32,138
110,20,120,144,114,106,201,37,205,202
110,21,69,100,218,248,11,192,174,0
110,22,211,60,195,241,121,24,86,13
110,23,123,87,224,126,183,38,174,246
110,24,68,139,113,200,87,251,201,105
110,25,137,161,2,242,233,26,82,162
110,26,211,110,21,251,114,233,55,223
110,27,139,23,191,196,230,42,175,151
110,28,13,18,142,177,169,223,187,148
110,29,247,2,83,145,25,34,131,48
110,30,34,188,100,30,142,146,234,147
110,31,194,94,186,152,172,128,246,170
110,32,68,102,48,122,64,133,40,11
110,33,55,224,225,245,126,72,107,57
110,34,175,236,67,120,64,204,137,8
110,35,94,56,227,85,187,2,129,198
110,36,157,195,67,156,23,2,139,32
110,37,7,229,43,20,140,82,225,227
110,38,163,230,93,255,100,32,40,23
110,39,138,114,246,1,215,185,216,106
111,0,127,85,18,153,49,58,146,227
111,1,30,43,29,4,116,66,158,123
111,2,169,111,120,40,164,173,104,160
111,3,116,171,20,51,141,55,52,203
111,4,215,12,228,130,254,120,159,248
111,5,169,249,189,56,37,250,134,68
111,6,147,107,180,170,136,228,73,252
111,7,56,13,3,183,62,161,134,15
111,8,120,144,114,122,59,244,37,213
111,9,100,182,11,49,192,117,143,224
111,10,24,218,95,211,86,192,180,210
111,11,114,241,224,173,41,215,230,90
111,12,11,78,28,189,195,68,139,19
111,13,1,149,216,121,251,70,10,137
111,14,223,211,21,180,154,107,191,34
111,15,196,254,82,107,93,100,168,160
111,16,137,177,169,37,182,142,66,84
111,17,86,121,145,93,2,150,74,65
111,18,30,20,188,100,184,200,40,68
111,19,91,186,94,233,170,152,138,41
111,20,144,120,114,22,110,161,213,122
111,21,100,218,248,214,134,11,8,56
111,22,60,24,180,211,199,218,13,95
111,23,114,224,181,241,246,41,173,248
111,24,113,78,68,139,105,202,102,48
111,25,162,250,242,38,167,137,149,234
111,26,211,21,233,110,223,114,193,252
111,27,141,82,138,139,107,59,151,70
111,28,18,175,142,177,137,169,13,182
111,29,145,125,247,25,2,34,48,83
111,30,100,34,42,30,234,51,147,200
111,31,194,94,186,172,152,238,41,128
111,32,221,68,102,122,64,101,40,232
111,33,55,168,121,245,224,72,57,205
111,34,81,204,55,208,236,192,137,209
111,35,39,56,227,99,129,64,189,110
111,36,49,157,23,189,176,139,156,73
111,37,7,15,219,20,82,140,44,115
111,38,230,47,14,32,93,106,139,255
111,39,114,72,244,185,36,146,183,203
112,0,223,122,72,50,29,76,41,151
112,1,221,126,71,100,29,3,251,153
112,2,212,194,236,110,23,93,159,120
112,3,243,154,112,151,144,42,15,20
112,4,149,164,77,134,178,75,233,186
112,5,82,164,95,233,77,33,56,42
112,6,147,62,136,32,180,107,12,213
112,7,13,252,178,6,30,249,75,196
112,8,63,144,27,114,84,121,22,108
112,9,100,134,218,49,225,97,229,58
112,10,95,233,131,180,1,32,162,86
112,11,83,241,97,124,248,230,82,37
112,12,50,28,139,189,202,25,23,239
112,13,185,162,130,90,149,250,180,0
112,14,21,3,233,212,17,100,252,0
112,15,107,100,138,122,79,47,92,246
112,16,18,169,84,94,142,234,60,77
112,17,81,2,121,145,49,60,45,247
112,18,30,100,66,20,121,108,51,200
112,19,94,172,186,48,49,152,24,83
112,20,144,213,172,22,114,232,106,27
112,21,100,214,32,248,218,134,58,49
112,22,199,60,180,233,131,13,217,144
112,23,181,224,97,248,83,126,116,26
112,24,113,50,202,48,139,25,28,158
112,25,162,149,250,0,194,10,130,180
112,26,17,233,21,211,100,252,3,54
112,27,141,79,107,139,129,138,47,6
112,28,18,177,193,176,223,205,94,102
112,29,49,125,60,61,88,249,81,4
112,30,99,100,200,0,29,162,22,234
112,31,94,4,205,186,128,114,197,171
112,32,161,125,120,254,104,122,140,215
112,33,133,5,86,55,238,215,54,132
112,34,5,96,227,44,236,137,238,103
112,35,108,160,57,129,187,136,148,74
112,36,19,115,156,120,98,23,227,28
112,37,233,175,16,73,169,101,126,27
112,38,169,255,185,18,196,96,180,100
112,39,231,117,167,179,22,198,163,235
113,0,123,229,249,196,7,105,216,242
113,1,150,231,225,27,11,155,207,216
113,2,4,227,103,17,130,210,235,162
113,3,133,187,152,235,37,31,84,231
113,4,13,142,236,102,167,108,222,251
113,5,104,193,186,204,161,6,32,88
113,6,147,107,167,180,153,62,61,172
113,7,13,196,23,29,3,204,240,191
113,8,89,234,114,180,105,7,110,144
113,9,49,29,94,203,85,97,164,169
113,10,169,130,1,95,208,222,196,113
113,11,189,241,107,185,124,174,122,82
113,12,28,189,78,63,139,15,202,201
113,13,10,1,250,162,97,130,43,29
113,14,3,43,21,233,222,107,34,223
113,15,107,162,100,47,254,122,168,210
113,16,142,94,7,5,2,24,205,37
113,17,108,81,121,93,250,95,172,2
113,18,30,100,68,20,200,204,179,42
113,19,130,94,6,152,205,19,172,170
113,20,110,234,144,114,178,209,180,56
113,21,29,85,94,49,218,124,164,100
113,22,169,113,39,86,180,222,198,178
113,23,189,193,42,181,107,174,241,97
113,24,48,78,63,113,74,175,64,98
113,25,43,250,147,134,50,49,130,2
113,26,233,211,21,124,24,100,161,86
113,27,162,107,81,129,200,100,214,122
113,28,94,5,7,133,223,32,131,24
113,29,250,76,172,83,81,87,60,8
113,30,179,22,187,205,29,200,68,100
113,31,205,109,128,171,4,130,94,186
113,32,98,161,186,68,99,122,192,215
113,33,86,126,183,238,55,215,73,232
113,34,96,84,207,180,101,62,236,144
113,35,57,160,108,153,227,56,183,145
113,36,70,181,98,120,83,157,23,156
113,37,65,182,31,58,233,190,175,143
113,38,151,148,71,92,100,230,255,76
113,39,2,69,217,38,189,154,190,114
114,0,141,235,115,192,221,253,125,47
114,1,182,93,244,152,155,11,70,233
114,2,10,57,145,103,121,123,109,93
114,3,190,12,187,119,162,37,158,174
114,4,95,236,142,127,102,91,222,214
114,5,90,193,188,43,47,135,65,88
114,6,153,43,60,167,138,215,180,22
114,7,23,117,29,196,78,64,147,123
114,8,116,239,180,234,104,52,99,77
114,9,116,191,85,164,203,13,49,126
114,10,169,198,125,36,13,208,65,157
114,11,233,189,108,107,128,86,239,206
114,12,93,74,15,220,128,63,193,254
114,13,134,29,147,97,176,32,43,130
114,14,86,51,41,161,32,105,3,45
114,15,162,87,165,31,200,81,232,100
114,16,24,5,205,106,43,7,9,170
114,17,250,87,93,153,81,0,76,172
114,18,204,179,43,197,163,100,170,161
114,19,116,109,19,20,205,79,172,171
114,20,239,110,234,116,179,83,180,56
114,21,116,191,85,164,29,94,49,35
114,22,169,125,198,39,113,88,150,86
114,23,128,189,86,193,206,42,239,172
114,24,93,74,220,15,63,54,151,26
114,25,134,147,253,32,107,43,130,2
114,26,86,10,51,149,124,148,211,20
114,27,162,31,165,200,87,81,181,58
114,28,43,7,133,94,5,134,106,238
114,29,87,250,0,76,81,153,172,20
114,30,179,163,0,22,170,187,205,226
114,31,116,205,109,4,20,171,57,166
114,32,90,119,161,181,252,192,68,186
114,33,93,210,86,129,83,183,238,215
114,34,82,1,96,132,207,86,74,112
114,35,84,160,27,57,108,42,72,204
114,36,222,22,192,83,70,20,181,120
114,37,229,39,88,182,31,58,233,175
114,38,64,151,109,28,148,200,145,202
114,39,186,190,154,38,217,69,11,189
115,0,193,38,167,54,44,244,94,53
115,1,140,182,122,117,103,152,105,207
115,2,121,217,167,10,128,145,219,11
115,3,91,128,35,34,12,199,130,99
115,4,205,95,58,6,54,163,187,118
115,5,90,188,152,145,154,222,65,74
115,6,14,22,31,43,182,180,138,121
115,7,117,23,254,78,64,184,110,118
115,8,104,239,180,116,234,56,100,99
115,9,116,191,239,203,85,49,38,56
115,10,88,125,157,120,36,166,27,151
115,11,233,86,108,39,239,99,5,106
115,12,93,220,151,85,193,195,54,60
115,13,29,103,112,134,176,107,10,11
115,14,86,41,51,10,226,52,149,45
115,15,162,172,36,31,56,232,107,243
115,16,96,106,61,24,134,205,9,7
115,17,250,153,81,93,87,150,108,20
115,18,197,204,170,100,163,30,43,200
115,19,116,109,19,205,166,172,227,79
115,20,110,239,179,234,209,180,144,114
115,21,191,85,116,248,49,203,100,94
115,22,88,125,157,39,169,198,236,120
115,23,42,86,39,189,83,128,193,184
115,24,93,220,15,54,151,74,85,27
115,25,134,107,32,118,147,253,250,130
115,26,86,149,10,51,233,100,226,41
115,27,162,31,107,165,129,172,87,217
115,28,7,43,5,94,61,106,134,133
115,29,250,81,0,87,5,153,76,172
115,30,179,22,163,200,205,170,187,197
115,31,116,205,109,4,171,166,128,20
115,32,119,161,90,186,68,122,192,252
115,33,93,86,238,55,183,215,129,73
115,34,186,96,207,180,82,1,236,144
115,35,108,160,57,153,56,227,84,145
115,36,181,70,83,157,23,120,156,98
115,37,31,182,229,58,233,190,175,7
115,38,151,148,71,92,168,230,76,255
115,39,2,69,154,38,189,217,213,78
116,0,4,185,106,172,40,236,248,66
116,1,128,124,242,226,19,211,118,233
116,2,219,60,255,58,217,188,49,11
116,3,177,92,30,219,119,19,73,214
116,4,139,8,88,118,242,54,98,77
116,5,147,114,10,183,11,161,44,251
116,6,183,16,14,180,68,43,65,56
116,7,196,30,101,19,15,109,54,23
116,8,114,27,142,234,180,35,110,150
116,9,178,49,85,156,19,151,214,100
116,10,142,163,62,157,178,22,161,39
116,11,27,181,195,69,66,99,41,107
116,12,138,191,193,28,102,139,15,202
116,13,29,10,168,216,235,250,103,20
116,14,21,233,212,34,100,216,24,217
116,15,107,103,120,100,36,129,122,168
116,16,96,181,94,24,142,176,119,179
116,17,2,81,108,155,60,34,145,121
116,18,204,159,200,158,121,220,30,68
116,19,171,152,193,19,128,94,205,170
116,20,144,110,22,114,213,180,112,122
116,21,178,100,85,49,218,124,134,19
116,22,142,34,178,180,163,121,192,60
116,23,27,195,69,181,97,83,242,56
116,24,191,48,202,25,139,116,195,138
116,25,250,158,162,69,10,8,96,226
116,26,233,21,100,24,212,252,161,54
116,27,107,100,103,129,155,110,120,139
116,28,94,179,223,205,169,131,175,7
116,29,60,155,83,2,188,165,145,8
116,30,158,22,29,159,6,174,200,68
116,31,94,171,233,128,75,117,132,241
116,32,42,17,68,194,122,89,178,37
116,33,23,214,55,166,16,117,245,94
116,34,45,12,58,247,187,19,9,236
116,35,28,99,108,56,227,155,84,194
116,36,23,253,235,8,157,127,176,189
116,37,164,219,7,105,84,82,35,159
116,38,136,120,230,47,76,22,34,100
116,39,146,16,23,114,68,174,235,228
117,0,250,10,194,50,155,4,151,102
117,1,154,153,119,190,88,32,98,121
117,2,5,194,115,58,201,49,56,133
117,3,177,30,39,167,113,199,112,243
117,4,77,57,134,75,118,88,233,74
117,5,147,254,183,82,115,67,100,251
117,6,183,243,56,180,43,171,114,140
117,7,30,199,191,196,19,32,28,198
117,8,159,144,27,226,220,114,161,213
117,9,100,85,49,151,156,134,218,8
117,10,142,34,178,17,222,196,162,9
117,11,66,195,85,27,181,106,209,101
117,12,193,191,138,139,189,28,116,202
117,13,250,158,168,10,22,162,29,216
117,14,21,252,233,212,131,161,223,114
117,15,107,100,196,110,122,155,129,47
117,16,185,181,169,94,142,205,37,24
117,17,60,2,81,153,145,83,193,96
117,18,130,204,20,200,68,90,22,115
117,19,171,4,19,152,51,252,94,128
117,20,144,159,110,180,103,84,35,114
117,21,85,151,100,218,134,49,229,98
117,22,142,34,178,62,180,39,192,13
117,23,66,195,42,85,97,203,106,107
117,24,191,48,81,139,195,116,25,138
117,25,250,162,158,220,10,50,189,22
117,26,233,252,21,100,161,131,83,222
117,27,107,129,100,162,155,39,36,122
117,28,94,7,190,169,32,181,205,223
117,29,60,83,2,8,247,145,132,81
117,30,22,250,29,130,200,68,205,100
117,31,94,128,171,51,147,117,4,241
117,32,148,122,96,68,186,254,215,76
117,33,55,95,75,166,238,56,215,132
117,34,45,9,72,101,236,180,107,144
117,35,191,153,108,56,227,28,160,35
117,36,98,23,157,127,189,171,99,176
117,37,126,219,144,16,7,250,73,175
117,38,100,255,230,196,145,5,76,70
117,39,75,146,165,216,179,223,235,65
118,0,166,142,97,113,210,205,150,215
118,1,158,34,62,199,26,59,151,187
118,2,130,253,149,237,65,39,64,189
118,3,211,42,132,135,255,84,176,236
118,4,17,161,105,251,122,254,118,150
118,5,161,69,183,147,100,14,254,82
118,6,180,166,56,243,42,183,28,65
118,7,196,40,199,91,23,101,191,28
118,8,159,35,144,114,27,213,192,42
118,9,39,49,151,85,100,118,93,217
118,10,62,142,34,222,196,178,118,86
118,11,66,195,42,203,181,27,107,236
118,12,189,193,28,211,191,139,138,102
118,13,10,250,162,29,22,2,158,91
118,14,21,212,233,55,252,100,56,34
118,15,107,36,100,65,138,196,168,160
118,16,181,142,169,94,176,84,66,202
118,17,2,81,60,65,121,145,25,82
118,18,121,30,147,200,20,204,100,102
118,19,94,152,186,200,172,128,171,233
118,20,144,213,22,122,35,232,159,114
118,21,100,12,217,39,214,49,218,85
118,22,62,180,34,131,236,13,61,86
118,23,42,83,66,97,181,27,107,26
118,24,48,202,102,25,139,68,191,189
118,25,162,250,10,50,193,158,161,102
118,26,233,211,100,212,21,252,123,134
118,27,107,129,141,82,139,120,138,65
118,28,169,245,94,223,63,148,176,7
118,29,60,125,81,2,83,25,247,132
118,30,100,200,29,205,159,22,42,51
118,31,94,128,147,130,171,186,152,233
118,32,96,122,68,186,64,215,148,155
118,33,55,238,190,86,232,215,119,245
118,34,180,88,144,196,45,207,236,9
118,35,56,153,227,108,198,129,28,160
118,36,157,181,207,8,23,189,119,127
118,37,7,31,82,44,219,26,35,140
118,38,230,76,14,255,100,71,196,34
118,39,241,68,9,216,146,114,16,225
119,0,78,6,56,241,136,89,238,33
119,1,158,242,191,186,250,165,79,103
119,2,58,64,253,130,134,194,65,120
119,3,100,134,112,223,39,85,92,191
119,4,253,254,17,77,134,79,215,92
119,5,147,174,18,183,159,32,85,231
119,6,246,166,194,37,28,180,152,32
119,7,3,199,196,30,11,75,191,134
119,8,157,27,161,114,144,22,226,88
119,9,100,12,218,151,85,134,229,49
119,10,12,68,228,34,180,252,71,231
119,11,64,69,27,66,124,195,83,191
119,12,193,211,139,232,102,189,28,56
119,13,42,250,162,10,22,158,164,44
119,14,21,252,180,238,233,212,213,222
119,15,107,36,100,155,122,243,138,160
119,16,181,169,247,142,94,245,176,37
119,17,60,2,185,145,65,83,121,132
119,18,121,20,200,220,72,30,68,67
119,19,94,233,171,152,83,55,128,4
119,20,144,157,22,114,110,150,161,213
119,21,100,218,217,134,214,151,232,229
119,22,12,180,228,68,229,131,34,60
119,23,64,69,27,97,181,83,195,66
119,24,139,202,48,25,106,245,147,182
119,25,250,42,162,138,193,198,242,226
119,26,233,252,21,100,238,212,211,114
119,27,107,139,100,129,138,36,141,116
119,28,247,169,176,175,245,142,187,148
119,29,60,185,2,125,83,145,65,82
119,30,72,100,29,51,200,242,180,34
119,31,94,128,152,172,147,132,171,186
119,32,42,224,68,122,197,64,155,215
119,33,63,55,156,18,245,57,206,72
119,34,152,196,144,236,213,54,234,202
119,35,210,56,227,129,28,5,39,189
119,36,251,157,23,239,176,24,127,156
119,37,7,50,82,62,44,165,219,140
119,38,230,146,14,76,255,34,47,209
119,39,114,85,177,13,134,160,130,203
120,0,36,41,151,72,134,29,28,76
120,1,254,101,71,100,22,3,251,69
120,2,58,201,182,194,139,77,5,143
120,3,243,167,154,56,112,39,15,151
120,4,253,149,233,77,134,175,178,186
120,5,164,95,233,82,77,33,60,63
120,6,32,152,246,171,233,213,98,180
120,7,252,75,6,13,30,62,178,116
120,8,63,144,27,114,226,22,16,161
120,9,134,100,218,225,11,3,49,43
120,10,131,180,233,228,12,146,162,32
120,11,83,124,97,164,241,37,237,230
120,12,50,139,166,202,189,25,28,23
120,13,185,0,162,130,250,90,42,13
120,14,21,252,233,212,78,100,238,17
120,15,107,138,100,79,155,151,160,122
120,16,169,142,247,18,37,77,94,84
120,17,60,2,145,4,185,49,121,247
120,18,66,20,200,30,51,34,141,207
120,19,94,48,83,49,55,147,186,152
120,20,144,213,114,22,161,150,178,106
120,21,100,32,214,218,134,8,128,56
120,22,12,180,233,228,131,13,109,60
120,23,97,164,26,83,237,181,38,87
120,24,50,202,48,139,25,195,166,214
120,25,42,250,0,162,193,161,242,158
120,26,21,213,233,252,166,212,100,114
120,27,107,79,138,139,151,141,129,175
120,28,247,169,176,18,102,181,175,142
120,29,125,60,185,4,145,2,83,251
120,30,90,66,51,29,72,242,147,200
120,31,94,152,85,128,83,186,246,147
120,32,22,64,68,122,120,254,48,215
120,33,133,55,103,205,5,72,57,107
120,34,175,5,152,227,236,18,67,234
120,35,5,94,187,136,129,227,56,114
120,36,48,44,67,157,156,37,127,73
120,37,7,126,36,165,43,20,121,61
120,38,185,255,23,230,242,100,209,112
120,39,167,114,99,77,27,151,185,223
121,0,159,134,70,116,151,220,199,72
121,1,69,44,254,23,253,166,114,80
121,2,149,130,161,243,155,111,238,148
121,3,127,123,21,243,151,174,33,162
121,4,253,221,44,77,134,233,175,178
121,5,164,77,56,159,82,60,233,33
121,6,246,233,32,180,40,152,230,171
121,7,252,75,38,3,199,126,11,6
121,8,63,144,150,114,27,84,88,232
121,9,100,134,218,58,43,225,229,49
121,10,12,228,180,242,162,95,131,26
121,11,218,220,83,124,96,5,57,215
121,12,68,211,232,202,28,189,214,124
121,13,185,42,149,26,242,10,19,162
121,14,136,213,21,97,166,191,212,107
121,15,160,107,138,157,82,59,191,141
121,16,247,169,160,18,84,142,190,37
121,17,125,60,2,145,185,121,34,247
121,18,30,20,90,51,200,40,121,100
121,19,94,114,85,186,144,24,242,246
121,20,144,114,213,22,232,178,84,88
121,21,100,214,218,71,122,134,56,49
121,22,12,242,180,228,13,148,86,34
121,23,83,218,97,220,203,123,26,181
121,24,202,11,139,28,25,195,48,105
121,25,250,26,162,193,198,141,42,161
121,26,213,233,97,21,100,212,252,222
121,27,107,138,129,139,28,151,141,39
121,28,169,247,181,176,102,94,139,142
121,29,125,60,145,2,132,83,185,21
121,30,29,90,51,147,242,200,188,100
121,31,94,128,152,85,147,171,199,246
121,32,64,215,48,68,254,122,123,22
121,33,55,95,102,107,205,139,119,72
121,34,175,67,240,236,204,64,234,72
121,35,94,5,187,227,85,2,129,56
121,36,67,195,208,156,157,246,152,142
121,37,43,7,29,82,135,36,44,61
121,38,163,255,230,100,93,23,201,76
121,39,114,246,1,138,215,185,27,122
122,0,63,172,233,127,202,46,121,4
122,1,165,66,43,109,52,123,133,232
122,2,164,169,15,110,22,23,225,31
122,3,116,171,55,20,112,39,131,132
122,4,215,228,12,254,77,61,172,150
122,5,27,249,183,11,169,56,18,159
122,6,154,246,180,107,166,235,182,73
122,7,56,40,199,196,161,242,28,11
122,8,144,65,114,27,22,161,88,204
122,9,100,96,215,85,49,218,225,229
122,10,24,218,12,34,182,180,26,212
122,11,114,247,203,241,96,124,83,107
122,12,11,178,43,28,139,56,202,113
122,13,38,141,10,29,185,250,162,129
122,14,180,21,212,233,252,222,219,191
122,15,16,107,138,100,36,160,39,122
122,16,169,181,147,142,187,94,84,24
122,17,2,145,218,60,83,65,121,81
122,18,30,121,188,20,200,111,29,14
122,19,94,171,233,19,199,152,128,186
122,20,144,120,65,22,213,209,114,106
122,21,100,215,214,218,248,134,147,85
122,22,218,24,180,191,34,60,13,192
122,23,41,114,247,82,181,97,224,203
122,24,113,48,105,202,43,195,139,78
122,25,162,250,44,38,189,193,180,102
122,26,233,100,123,212,21,252,97,8
122,27,16,138,107,139,141,151,129,42
122,28,169,144,18,177,247,148,84,94
122,29,125,145,218,2,247,53,249,83
122,30,29,71,34,51,188,100,199,204
122,31,94,128,238,152,186,240,171,199
122,32,64,221,68,215,155,122,48,254
122,33,244,55,121,107,215,72,253,205
122,34,81,208,204,236,64,202,137,252
122,35,132,129,225,183,56,94,227,198
122,36,152,195,176,246,156,157,43,171
122,37,158,219,7,135,130,43,20,82
122,38,100,32,230,47,6,10,233,91
122,39,114,246,1,73,170,185,106,250
123,0,14,102,136,69,228,84,15,80
123,1,165,109,52,135,220,208,252,237
123,2,159,124,57,161,169,15,225,250
123,3,116,20,171,55,51,33,131,21
123,4,215,228,12,37,172,164,249,182
123,5,56,159,160,221,111,82,229,245
123,6,154,76,91,246,136,170,182,40
123,7,161,56,11,178,30,203,15,252
123,8,144,27,120,114,22,255,161,226
123,9,100,218,214,134,225,49,215,229
123,10,212,24,182,34,29,11,95,192
123,11,230,82,41,246,83,124,163,40
123,12,202,105,25,28,139,178,113,189
123,13,162,10,250,185,90,193,130,50
123,14,212,233,21,100,3,123,34,134
123,15,107,100,16,15,138,243,246,129
123,16,94,202,18,84,66,60,126,24
123,17,2,81,45,121,106,145,86,34
123,18,121,102,30,147,100,156,44,77
123,19,94,172,186,129,19,125,55,171
123,20,144,213,22,15,114,219,120,246
123,21,214,100,49,12,85,218,150,97
123,22,86,217,176,24,141,131,199,180
123,23,80,41,181,82,97,138,38,246
123,24,202,48,226,201,53,51,195,68
123,25,162,250,26,161,193,227,189,180
123,26,233,100,0,63,223,212,166,54
123,27,16,141,139,107,151,183,129,138
123,28,18,177,169,223,148,176,144,16
123,29,125,145,2,247,249,218,93,25
123,30,100,146,51,199,44,126,147,111
123,31,94,221,81,186,129,152,172,242
123,32,64,221,68,215,122,214,102,84
123,33,244,55,121,168,215,72,107,205
123,34,81,204,208,236,211,64,55,137
123,35,129,39,99,56,183,227,198,28
123,36,152,49,157,176,156,195,43,189
123,37,158,219,7,82,135,130,15,20
123,38,47,230,100,32,76,9,255,120
123,39,114,250,244,183,72,92,203,27
124,0,4,92,50,155,76,172,122,72
124,1,188,221,198,135,182,143,211,165
124,2,159,92,236,124,150,110,212,57
124,3,177,156,242,30,155,112,113,39
124,4,134,228,239,164,77,37,216,49
124,5,115,56,220,231,183,111,95,82
124,6,154,92,180,246,125,182,132,40
124,7,75,161,252,30,11,191,199,178
124,8,144,27,40,22,150,50,161,159
124,9,100,134,58,218,214,215,221,49
124,10,191,212,141,90,49,199,136,34
124,11,183,246,171,82,124,173,96,83
124,12,105,4,189,202,113,178,232,99
124,13,185,242,132,141,10,121,231,119
124,14,123,166,55,21,12,212,31,233
124,15,16,138,248,107,157,243,196,126
124,16,169,18,144,177,162,37,66,247
124,17,25,145,2,125,65,49,121,81
124,18,51,30,40,99,199,102,35,34
124,19,94,24,186,114,19,233,172,171
124,20,144,213,159,22,172,209,42,114
124,21,214,100,210,248,218,215,221,58
124,22,191,60,90,218,9,86,166,0
124,23,82,246,181,83,38,40,116,183
124,24,105,202,4,195,201,113,48,189
124,25,162,119,44,231,161,180,250,242
124,26,123,254,31,233,252,100,223,97
124,27,138,16,107,139,141,129,248,151
124,28,169,144,18,177,176,148,162,63
124,29,247,125,249,145,2,49,25,99
124,30,204,29,199,121,184,200,147,100
124,31,94,221,128,152,19,147,171,240
124,32,64,215,68,146,155,35,122,86
124,33,55,75,97,119,72,6,57,36
124,34,204,236,255,212,144,238,202,19
124,35,227,49,129,56,180,28,115,64
124,36,234,227,157,156,200,119,189,35
124,37,7,219,44,82,115,76,175,130
124,38,100,230,255,32,139,177,233,215
124,39,114,165,158,185,146,224,167,27
125,0,117,187,93,22,185,171,121,198
125,1,209,13,230,183,96,57,166,234
125,2,149,124,39,35,253,236,7,159
125,3,50,166,255,170,173,188,153,51
125,4,123,119,228,239,12,55,159,37
125,5,220,82,56,159,194,114,95,61
125,6,182,154,180,76,246,125,77,16
125,7,161,3,11,178,85,191,131,75
125,8,144,120,27,35,22,213,114,161
125,9,100,49,178,214,215,218,225,229
125,10,163,182,218,12,95,212,34,191
125,11,130,83,213,18,116,183,246,124
125,12,202,28,189,11,139,178,195,105
125,13,185,112,179,10,200,162,141,91
125,14,40,123,21,212,55,30,233,8
125,15,107,36,138,16,157,160,2,196
125,16,169,176,66,177,37,160,202,84
125,17,2,65,145,121,125,218,182,60
125,18,30,121,40,140,51,146,202,102
125,19,200,94,233,24,55,138,161,172
125,20,144,213,22,120,114,232,106,150
125,21,214,100,12,228,218,8,178,56
125,22,163,88,191,95,115,131,13,86
125,23,181,130,83,38,246,26,41,18
125,24,202,48,113,53,4,175,201,105
125,25,162,180,44,119,193,250,189,242
125,26,123,211,100,233,223,254,212,97
125,27,139,138,107,141,151,115,36,16
125,28,169,144,63,177,176,18,148,139
125,29,125,247,249,2,145,53,81,34
125,30,147,242,51,172,29,100,44,199
125,31,94,221,186,19,233,128,242,152
125,32,64,17,68,215,122,35,155,194
125,33,55,168,94,72,119,57,63,205
125,34,204,236,144,205,19,55,202,54
125,35,132,227,56,129,28,60,35,183
125,36,253,8,157,176,189,0,156,35
125,37,7,219,82,115,44,130,55,226
125,38,230,14,100,255,88,32,233,22
125,39,114,68,16,23,185,155,225,142
126,0,136,241,78,14,56,89,18,68
126,1,241,228,82,63,126,186,179,79
126,2,237,39,194,95,196,124,209,161
126,3,166,173,3,50,134,17,100,195
126,4,123,253,89,159,133,134,61,171
126,5,174,159,82,56,231,230,160,111
126,6,76,62,194,77,91,11,233,154
126,7,11,85,3,15,252,31,97,48
126,8,144,157,120,27,22,148,226,161
126,9,100,214,218,232,134,225,229,71
126,10,68,12,212,115,182,175,95,29
126,11,64,130,41,83,46,213,249,82
126,12,202,139,113,25,91,189,216,105
126,13,42,162,185,44,119,10,193,250
126,14,212,233,21,100,223,25,134,34
126,15,107,100,243,15,225,138,157,246
126,16,66,142,94,18,84,247,169,177
126,17,2,185,121,81,145,45,83,65
126,18,121,30,147,44,200,146,202,77
126,19,94,152,186,83,193,187,209,125
126,20,144,22,213,114,247,25,161,67
126,21,100,214,218,248,49,134,229,56
126,22,68,131,180,12,115,76,141,199
126,23,64,97,41,78,246,51,213,224
126,24,48,202,139,201,25,53,144,200
126,25,162,42,250,189,161,44,193,26
126,26,211,233,100,123,166,223,236,212
126,27,141,139,107,138,137,228,70,198
126,28,247,169,18,177,63,148,176,39
126,29,125,185,249,145,2,247,53,83
126,30,72,100,3,146,121,51,29,172
126,31,94,221,186,152,128,172,19,129
126,32,64,224,68,197,35,215,122,31
126,33,63,55,156,168,18,57,71,72
126,34,152,236,204,144,213,54,202,137
126,35,56,227,129,28,64,115,35,180
126,36,251,176,157,189,156,23,239,24
126,37,7,219,50,62,176,82,115,44
126,38,230,14,255,47,146,100,32,209
126,39,114,85,134,177,185,13,253,120
127,0,134,36,151,72,4,211,76,62
127,1,254,22,150,101,82,221,56,154
127,2,237,194,95,182,3,39,5,13
127,3,243,167,132,242,39,66,151,112
127,4,134,253,175,77,132,233,180,75
127,5,82,164,159,60,95,33,233,160
127,6,152,62,132,76,125,154,46,118
127,7,252,85,11,191,246,30,13,198
127,8,144,63,27,114,22,108,226,150
127,9,100,134,218,49,58,214,232,99
127,10,95,175,34,131,115,191,76,12
127,11,97,83,124,213,51,249,37,183
127,12,4,202,189,119,139,40,28,25
127,13,185,119,162,42,44,90,236,250
127,14,123,21,212,233,166,55,100,3
127,15,228,107,138,70,246,157,15,160
127,16,177,169,247,190,66,142,176,84
127,17,125,145,2,185,121,249,53,81
127,18,51,44,30,121,123,146,199,111
127,19,94,85,248,172,19,24,83,200
127,20,144,213,172,63,22,150,232,209
127,21,214,100,71,98,221,58,248,218
127,22,12,175,242,115,76,90,191,86
127,23,83,218,97,132,40,26,61,51
127,24,202,4,48,201,157,28,113,53
127,25,44,162,42,180,119,250,193,194
127,26,123,254,166,100,63,21,215,233
127,27,141,138,107,70,139,228,28,42
127,28,169,176,177,144,190,247,63,139
127,29,125,247,145,2,249,185,81,21
127,30,204,147,123,242,29,44,51,151
127,31,94,85,128,152,186,242,129,19
127,32,215,64,68,140,123,109,122,120
127,33,55,119,102,95,139,11,68,99
127,34,72,204,240,118,236,67,174,44
127,35,187,129,139,227,191,74,207,213
127,36,72,142,26,157,126,156,200,18
127,37,7,29,115,44,229,219,140,61
127,38,255,93,230,46,100,119,32,80
127,39,122,244,99,114,146,108,225,129
128,0,59,135,83,108,79,61,130,88
128,1,133,182,67,146,162,78,143,140
128,2,8,39,226,36,107,149,224,90
128,3,106,226,29,129,151,110,131,46
128,4,171,247,253,233,165,185,248,202
128,5,82,231,166,87,119,222,95,69
128,6,255,182,180,62,76,132,246,74
128,7,3,85,11,110,204,13,191,240
128,8,144,179,94,148,37,198,189,100
128,9,180,100,152,69,169,49,119,0
128,10,88,12,86,34,95,13,175,10
128,11,39,83,11,96,88,188,213,183
128,12,28,55,119,211,195,157,123,73
128,13,112,42,102,139,185,10,241,103
128,14,55,40,123,8,30,107,63,105
128,15,36,107,2,196,151,140,160,243
128,16,176,144,247,177,160,66,202,169
128,17,125,94,121,65,2,182,145,185
128,18,170,30,3,51,44,42,40,204
128,19,200,15,161,172,166,1,254,24
128,20,144,250,114,213,218,166,84,22
128,21,69,100,214,136,12,152,56,180
128,22,88,86,230,179,208,241,80,12
128,23,39,83,38,26,19,41,138,82
128,24,169,202,201,195,48,70,123,211
128,25,112,162,242,180,193,44,49,234
128,26,211,223,100,254,123,105,63,219
128,27,141,251,183,107,139,151,138,115
128,28,144,77,139,176,204,160,61,202
128,29,81,125,52,145,2,247,34,53
128,30,242,147,202,170,44,146,111,234
128,31,200,0,172,103,94,165,186,50
128,32,60,225,228,23,25,121,35,252
128,33,55,78,76,33,108,119,99,228
128,34,52,174,118,134,138,204,3,126
128,35,91,84,139,68,207,227,60,123
128,36,96,102,72,89,143,40,218,187
128,37,116,29,230,88,44,205,226,127
128,38,108,199,89,176,117,36,197,159
128,39,50,95,108,236,155,48,216,235
129,0,77,37,163,102,228,232,169,138
129,1,35,127,67,25,42,135,103,56
129,2,8,124,188,247,32,6,226,36
129,3,242,29,100,131,224,136,212,151
129,4,233,132,28,61,57,134,185,171
129,5,60,119,95,82,231,126,222,65
129,6,132,46,76,255,233,96,74,207
129,7,191,252,110,75,123,249,178,6
129,8,144,40,114,213,150,27,179,94
129,9,100,241,152,20,169,229,62,17
129,10,37,230,177,95,70,61,129,227
129,11,19,83,179,23,124,188,213,63
129,12,211,189,4,202,175,41,151,123
129,13,179,185,112,103,3,56,102,120
129,14,55,123,21,212,97,219,116,62
129,15,48,107,243,138,196,141,246,59
129,16,144,164,176,160,202,126,65,66
129,17,2,121,125,145,53,52,182,18
129,18,51,30,60,199,102,121,44,34
129,19,200,0,103,94,165,24,172,215
129,20,144,213,150,114,92,223,232,250
129,21,100,241,109,214,12,169,152,56
129,22,230,179,166,191,115,89,203,61
129,23,19,41,215,179,83,61,246,132
129,24,169,202,113,53,123,4,77,151
129,25,162,132,44,242,231,161,233,234
129,26,123,223,97,216,126,211,217,4
129,27,141,42,48,151,138,115,139,243
129,28,144,18,177,63,204,202,103,77
129,29,125,145,53,247,52,34,2,82
129,30,120,100,111,202,40,234,146,242
129,31,172,94,200,165,0,186,103,1
129,32,60,23,228,225,25,35,214,68
129,33,33,76,55,78,165,108,72,99
129,34,138,174,118,134,204,42,3,236
129,35,139,227,84,91,207,53,68,115
129,36,96,72,200,168,35,176,102,89
129,37,230,29,44,213,7,218,68,88
129,38,89,100,199,193,223,108,159,117
129,39,238,236,108,7,157,76,22,106
130,0,193,255,129,87,156,176,54,168
130,1,176,148,54,122,117,105,36,248
130,2,233,156,119,41,1,129,191,81
130,3,212,39,126,38,48,149,27,242
130,4,185,120,24,189,174,145,150,153
130,5,145,243,111,79,76,180,106,162
130,6,124,21,76,32,96,132,254,211
130,7,30,245,13,196,134,200,11,183
130,8,144,22,114,27,161,244,148,226
130,9,100,134,49,225,99,229,233,196
130,10,176,136,144,217,145,29,131,43
130,11,42,83,181,239,58,124,135,56
130,12,202,25,139,28,189,239,201,171
130,13,162,10,90,250,218,130,44,50
130,14,212,233,21,3,100,223,134,34
130,15,107,100,15,246,92,243,90,122
130,16,24,202,94,84,126,60,234,142
130,17,2,81,121,145,106,45,34,108
130,18,121,30,147,102,77,204,68,156
130,19,172,129,19,94,171,152,125,232
130,20,144,213,110,22,114,246,199,223
130,21,100,49,85,214,218,12,150,136
130,22,86,131,160,39,178,217,176,180
130,23,80,184,83,41,181,246,97,138
130,24,195,200,202,201,25,53,48,144
130,25,162,250,189,26,130,161,226,188
130,26,233,100,24,0,212,211,120,107
130,27,107,139,129,164,66,175,141,59
130,28,18,175,148,223,126,176,191,74
130,29,150,2,51,34,48,249,73,81
130,30,146,3,100,44,156,111,40,14
130,31,1,186,94,44,154,246,161,238
130,32,127,54,252,35,64,101,16,68
130,33,170,165,99,219,241,140,25,243
130,34,138,192,254,113,211,99,31,229
130,35,96,81,181,198,53,139,115,64
130,36,168,126,199,75,171,138,228,161
130,37,239,230,29,218,195,36,76,200
130,38,89,144,199,57,100,17,23,143
130,39,96,157,236,108,35,110,10,66
131,0,0,148,189,137,195,248,201,12
131,1,186,31,119,240,205,161,196,71
131,2,32,221,45,143,178,119,203,112
131,3,242,109,93,209,104,71,39,114
131,4,134,56,233,185,26,75,77,62
131,5,36,126,246,140,216,231,9,95
131,6,132,233,23,76,96,234,240,53
131,7,75,11,178,252,191,53,3,137
131,8,144,27,108,84,22,114,226,94
131,9,100,134,218,225,43,15,124,229
131,10,221,131,230,89,86,229,186,191
131,11,118,83,244,124,76,26,245,77
131,12,131,202,189,25,99,139,18,13
131,13,162,180,44,185,82,90,223,130
131,14,55,212,233,21,244,123,34,219
131,15,107,138,196,102,160,139,243,188
131,16,176,66,77,202,142,247,200,213
131,17,2,184,81,145,53,121,82,34
131,18,108,121,51,30,100,77,146,202
131,19,15,200,49,172,94,149,125,99
131,20,144,213,114,22,250,84,178,150
131,21,100,214,121,12,8,218,134,169
131,22,229,221,131,230,217,89,226,77
131,23,118,244,83,26,19,196,171,100
131,24,202,25,131,48,175,109,28,201
131,25,162,223,44,250,132,180,161,90
131,26,244,212,85,123,236,211,100,223
131,27,141,138,107,139,251,42,115,228
131,28,18,148,246,176,63,144,70,77
131,29,184,53,2,247,225,52,34,125
131,30,202,234,44,40,120,100,242,96
131,31,200,15,149,165,0,49,172,103
131,32,5,138,121,228,225,23,202,35
131,33,147,76,78,55,99,90,165,135
131,34,226,134,174,3,137,204,118,32
131,35,91,139,81,207,119,115,252,71
131,36,96,72,92,254,200,218,148,80
131,37,205,230,62,100,208,181,29,109
131,38,193,57,199,184,159,50,204,8
131,39,134,40,108,236,10,170,7,193
132,0,168,36,34,130,94,44,156,193
132,1,187,104,91,168,186,185,220,252
132,2,182,25,161,50,12,240,155,224
132,3,208,205,32,143,139,153,39,217
132,4,126,106,182,3,24,185,2,146
132,5,116,9,206,126,231,173,79,109
132,6,132,234,233,76,229,23,95,8
132,7,178,75,252,3,245,110,11,191
132,8,144,27,40,114,244,22,94,108
132,9,100,109,241,89,218,137,229,225
132,10,131,177,95,74,89,115,93,29
132,11,83,76,41,167,224,74,36,124
132,12,189,202,87,75,40,139,25,175
132,13,179,185,104,162,90,223,56,132
132,14,55,21,212,62,123,107,104,8
132,15,246,107,15,138,151,2,196,160
132,16,126,66,251,68,169,76,164,202
132,17,2,125,45,121,145,179,52,53
132,18,51,30,120,44,32,40,156,121
132,19,200,0,103,173,254,244,11,242
132,20,144,213,237,232,100,250,106,25
132,21,109,241,100,214,122,56,224,174
132,22,74,129,115,166,89,29,199,121
132,23,138,213,215,112,224,129,102,38
132,24,113,213,201,123,53,120,48,202
132,25,44,132,26,102,121,167,185,68
132,26,166,254,127,123,217,216,110,244
132,27,136,184,141,70,228,151,42,59
132,28,63,18,217,246,247,177,66,92
132,29,125,34,247,53,249,220,113,134
132,30,44,120,32,67,40,110,199,37
132,31,197,49,242,186,221,1,11,161
132,32,13,118,101,44,54,203,31,175
132,33,33,99,115,227,108,219,0,243
132,34,32,159,137,204,158,209,99,40
132,35,119,64,53,139,198,102,222,250
132,36,75,80,199,240,63,76,28,245
132,37,100,133,230,245,1,29,213,92
132,38,144,37,57,159,100,199,23,193
132,39,96,113,106,22,103,41,76,10
133,0,0,137,189,148,248,178,201,214
133,1,31,12,186,173,197,208,165,196
133,2,61,182,115,45,81,143,203,195
133,3,93,132,109,71,104,114,242,33
133,4,203,134,185,22,56,26,77,84
133,5,36,82,9,126,216,246,206,230
133,6,132,233,23,234,11,229,66,130
133,7,252,178,75,11,53,15,198,30
133,8,144,27,108,63,114,84,22,226
133,9,100,134,218,43,31,147,15,50
133,10,74,221,131,89,229,95,230,162
133,11,244,118,83,124,77,26,245,74
133,12,189,40,25,131,75,202,248,109
133,13,162,185,90,223,180,44,26,119
133,14,55,166,92,212,233,21,123,254
133,15,70,107,228,196,97,138,136,246
133,16,176,66,169,84,142,77,251,202
133,17,184,2,125,81,121,51,145,53
133,18,51,121,30,44,100,14,146,202
133,19,15,200,49,172,94,149,125,24
133,20,144,213,22,122,114,84,63,247
133,21,100,214,121,49,71,138,58,218
133,22,221,131,74,10,217,230,229,180
133,23,244,118,132,77,83,213,123,167
133,24,202,25,48,201,100,123,226,28
133,25,162,180,26,71,44,223,90,194
133,26,123,254,212,166,21,100,92,233
133,27,141,107,138,136,228,139,115,70
133,28,18,176,169,177,142,63,148,139
133,29,184,125,2,81,94,145,247,249
133,30,147,242,88,44,200,51,110,123
133,31,94,49,152,200,147,172,129,81
133,32,138,68,121,140,161,64,122,84
133,33,147,55,72,132,119,90,78,99
133,34,226,159,204,44,120,236,137,17
133,35,187,74,129,121,250,119,64,86
133,36,115,156,93,176,143,124,43,66
133,37,100,101,62,127,169,123,133,36
133,38,57,199,61,173,143,134,100,196
133,39,163,40,108,236,106,216,35,139
134,0,179,130,168,145,67,213,34,48
134,1,139,64,106,216,59,194,39,151
134,2,215,50,44,175,146,25,18,73
134,3,59,142,107,27,29,78,52,8
134,4,241,151,131,230,191,170,198,183
134,5,206,103,252,231,175,243,76,51
134,6,180,255,246,62,234,76,66,233
134,7,75,178,3,13,85,68,252,133
134,8,144,89,114,22,27,148,219,94
134,9,100,69,77,49,134,229,228,99
134,10,113,95,86,180,131,12,118,93
134,11,83,124,243,230,174,76,127,254
134,12,28,202,189,25,139,119,157,87
134,13,185,162,90,10,250,97,120,193
134,14,3,212,233,55,100,21,166,34
134,15,107,138,16,246,15,175,160,168
134,16,77,94,66,176,142,202,84,126
134,17,81,2,145,121,51,125,182,82
134,18,51,30,147,44,121,111,31,156
134,19,200,172,49,254,242,186,24,158
134,20,144,213,106,232,67,198,209,25
134,21,69,100,49,214,12,174,85,8
134,22,113,86,12,217,71,131,241,34
134,23,83,174,38,123,97,40,112,41
134,24,202,195,28,113,201,23,60,49
134,25,10,35,44,162,161,50,26,42
134,26,3,63,212,123,100,8,233,217
134,27,107,141,139,23,136,16,129,34
134,28,176,94,169,177,18,142,66,7
134,29,125,2,249,247,145,83,25,94
134,30,88,200,204,29,147,121,67,242
134,31,94,128,152,221,147,242,81,17
134,32,68,215,140,161,64,247,122,254
134,33,55,126,132,72,119,104,101,11
134,34,236,91,44,240,204,120,137,72
134,35,187,227,74,129,56,148,250,64
134,36,2,156,157,115,43,119,142,127
134,37,7,27,101,219,20,36,78,123
134,38,255,230,251,100,80,119,32,93
134,39,75,158,122,114,244,146,117,106
135,0,113,166,142,97,140,58,205,67
135,1,34,26,59,225,11,132,187,181
135,2,227,103,59,164,34,50,146,162
135,3,211,31,37,84,46,135,146,39
135,4,161,65,13,14,167,183,131,211
135,5,161,104,186,103,10,235,51,6
135,6,180,167,154,246,62,215,93,76
135,7,91,199,29,23,133,196,2,85
135,8,89,33,114,144,56,22,219,189
135,9,39,94,100,29,49,143,85,83
135,10,113,34,192,130,180,12,50,1
135,11,20,107,230,83,241,174,246,124
135,12,28,63,119,178,26,189,113,15
135,13,97,10,43,29,185,216,118,44
135,14,3,55,21,105,8,56,63,252
135,15,65,16,107,2,168,196,141,160
135,16,176,169,94,24,142,202,247,66
135,17,81,94,172,2,121,100,145,60
135,18,30,148,51,204,184,220,14,44
135,19,130,161,242,158,81,214,254,227
135,20,144,56,213,114,106,209,22,37
135,21,39,100,29,214,85,0,218,124
135,22,86,113,192,180,39,179,34,115
135,23,246,88,107,97,20,230,41,123
135,24,48,15,113,251,201,229,60,63
135,25,161,43,162,250,158,68,50,106
135,26,21,149,63,215,233,211,252,219
135,27,65,107,141,162,139,129,81,136
135,28,94,169,5,7,142,96,18,235
135,29,2,125,83,249,25,172,247,60
135,30,148,88,22,200,29,67,204,64
135,31,128,130,94,147,81,152,171,161
135,32,68,254,99,64,215,113,161,122
135,33,190,55,119,72,215,232,101,25
135,34,88,236,161,62,120,97,137,204
135,35,74,227,129,187,0,108,35,250
135,36,207,156,198,66,124,217,15,143
135,37,36,7,77,250,61,111,93,109
135,38,255,100,23,71,230,140,187,159
135,39,114,139,185,235,69,165,146,73
136,0,185,106,233,22,40,4,66,18
136,1,223,128,250,189,191,73,107,112
136,2,22,198,87,59,121,217,119,152
136,3,166,92,76,242,143,72,33,219
136,4,228,122,65,118,61,242,139,183
136,5,159,10,161,14,249,231,82,18
136,6,90,180,3,114,246,76,62,154
136,7,91,44,2,131,3,108,199,11
136,8,122,198,144,103,212,57,22,213
136,9,217,100,178,214,49,143,103,83
136,10,86,62,113,253,175,191,208,50
136,11,142,224,195,20,230,183,81,88
136,12,251,144,67,195,28,3,4,189
136,13,185,44,100,216,220,10,200,161
136,14,21,123,55,38,254,212,57,216
136,15,107,36,141,196,138,16,120,243
136,16,176,147,169,18,96,160,142,177
136,17,2,65,53,93,100,145,60,160
136,18,148,67,121,30,100,51,200,6
136,19,94,24,200,233,81,152,161,242
136,20,144,122,213,22,150,63,114,178
136,21,100,217,214,71,218,60,178,8
136,22,62,180,76,86,39,131,36,121
136,23,132,142,181,246,97,88,42,40
136,24,202,251,48,53,25,144,113,229
136,25,162,189,180,138,250,44,161,52
136,26,254,233,123,100,21,223,149,212
136,27,141,138,107,228,139,36,70,151
136,28,169,18,142,176,177,144,63,148
136,29,2,81,247,125,249,65,93,145
136,30,147,242,100,200,51,97,67,44
136,31,94,147,152,128,172,129,19,81
136,32,68,96,64,122,186,71,42,155
136,33,11,119,151,55,72,238,99,57
136,34,9,236,180,204,144,196,138,118
136,35,227,153,139,207,217,115,35,250
136,36,166,198,73,63,127,176,64,200
136,37,218,7,36,229,115,61,140,128
136,38,93,0,255,23,193,230,100,31
136,39,114,108,225,216,68,9,235,48
137,0,83,135,59,108,130,88,79,57
137,1,182,135,143,140,78,152,146,193
137,2,8,89,36,237,101,64,108,239
137,3,106,129,29,226,110,151,250,46
137,4,254,171,202,61,247,132,127,150
137,5,29,243,87,189,82,110,109,106
137,6,76,96,98,28,12,207,87,164
137,7,206,136,110,57,203,90,134,191
137,8,144,122,37,181,166,219,244,100
137,9,100,69,135,152,63,183,71,235
137,10,88,133,192,167,29,145,43,86
137,11,239,11,162,253,181,22,88,82
137,12,251,144,189,113,254,216,28,126
137,13,44,162,10,161,189,250,52,218
137,14,212,233,21,100,3,34,223,222
137,15,107,243,246,100,15,90,120,168
137,16,202,94,126,142,18,66,24,176
137,17,2,81,145,121,51,34,82,45
137,18,121,147,30,200,77,102,156,31
137,19,152,94,173,200,172,129,112,187
137,20,144,247,22,122,114,25,161,110
137,21,100,214,218,49,22,134,60,69
137,22,131,180,86,208,160,217,182,52
137,23,80,97,41,184,40,45,205,83
137,24,25,144,48,251,201,200,202,51
137,25,162,250,189,130,10,52,161,180
137,26,211,100,233,24,212,223,95,21
137,27,141,107,139,138,66,70,228,219
137,28,18,177,176,148,142,169,63,223
137,29,2,145,125,81,247,249,53,34
137,30,100,146,147,242,195,127,111,110
137,31,166,94,15,246,24,172,197,200
137,32,60,121,71,68,127,64,35,25
137,33,33,108,78,123,119,99,55,101
137,34,138,134,118,174,3,31,179,106
137,35,91,207,115,69,189,234,95,139
137,36,4,96,72,200,225,3,64,238
137,37,239,230,218,29,205,36,226,109
137,38,100,252,23,223,241,144,199,193
137,39,96,236,114,175,216,63,185,108
138,0,0,189,248,184,148,137,60,78
138,1,135,186,103,161,205,196,240,252
138,2,32,124,247,143,237,89,91,61
138,3,109,184,93,33,131,48,240,153
138,4,233,202,56,132,26,250,137,134
138,5,36,206,140,126,246,216,51,130
138,6,76,131,101,23,45,12,98,28
138,7,149,18,251,11,15,57,230,178
138,8,144,22,108,27,94,84,153,106
138,9,100,225,218,31,157,43,137,118
138,10,86,221,131,167,162,229,76,182
138,11,184,244,118,83,74,123,188,124
138,12,131,202,251,189,164,144,5,94
138,13,44,115,162,185,82,240,161,193
138,14,55,85,244,212,68,223,123,21
138,15,196,107,138,243,228,173,175,70
138,16,176,66,37,160,169,202,18,84
138,17,2,184,53,247,121,145,182,225
138,18,121,30,51,100,108,199,40,146
138,19,200,94,15,49,149,125,186,173
138,20,144,213,114,122,22,172,106,250
138,21,214,100,121,60,12,218,228,71
138,22,221,229,131,167,37,191,76,217
138,23,118,244,237,246,40,168,73,26
138,24,202,131,195,175,53,113,25,201
138,25,162,161,227,180,44,233,52,119
138,26,211,212,223,85,110,35,185,123
138,27,138,141,107,196,42,66,139,228
138,28,18,169,176,148,246,142,177,144
138,29,2,184,225,53,34,81,247,125
138,30,147,100,40,242,234,110,146,42
138,31,94,149,152,49,200,172,186,15
138,32,121,138,57,68,5,71,122,64
138,33,147,78,162,55,72,195,225,76
138,34,226,134,120,204,163,137,179,113
138,35,91,207,86,252,71,124,115,164
138,36,4,96,72,200,218,73,63,254
138,37,62,100,230,205,181,109,226,101
138,38,199,57,23,134,50,17,89,61
138,39,134,108,236,211,75,157,163,185
139,0,130,213,36,179,168,94,176,197
139,1,139,106,216,64,87,78,239,111
139,2,25,182,175,240,18,155,37,174
139,3,142,59,205,208,46,27,97,135
139,4,241,131,151,198,183,101,191,39
139,5,112,37,103,231,176,175,51,29
139,6,76,119,87,222,8,223,45,12
139,7,224,206,51,205,203,134,15,251
139,8,59,95,219,144,153,93,249,48
139,9,69,63,71,183,135,194,184,159
139,10,212,136,86,115,192,60,71,93
139,11,249,24,193,22,76,45,162,25
139,12,251,113,216,79,68,77,153,124
139,13,44,161,57,167,146,139,189,35
139,14,212,233,97,230,34,26,21,244
139,15,107,243,228,124,59,90,199,237
139,16,94,141,176,142,74,66,24,225
139,17,2,81,34,121,99,83,145,82
139,18,121,147,30,42,200,60,77,31
139,19,152,94,171,173,128,187,227,112
139,20,144,25,22,110,213,18,114,44
139,21,100,49,85,218,56,80,210,12
139,22,131,123,180,160,210,195,144,168
139,23,80,34,152,83,149,183,26,97
139,24,144,251,25,28,200,153,182,164
139,25,162,2,57,68,146,250,10,130
139,26,211,57,24,230,154,59,236,233
139,27,137,23,243,228,93,175,157,48
139,28,177,169,112,89,18,66,223,204
139,29,2,53,225,247,25,47,34,125
139,30,147,100,180,110,146,40,242,121
139,31,94,152,186,194,24,49,48,144
139,32,57,35,71,121,68,127,254,122
139,33,162,126,55,72,225,32,151,115
139,34,120,204,163,229,137,140,234,6
139,35,198,86,102,231,238,71,187,213
139,36,218,2,161,63,29,69,143,32
139,37,36,133,54,108,120,130,61,102
139,38,159,23,255,17,166,193,241,100
139,39,114,235,185,170,115,222,10,146
140,0,51,49,153,58,22,85,247,227
140,1,30,169,87,177,77,5,207,111
140,2,195,16,18,25,22,40,182,240
140,3,98,27,97,160,238,48,181,153
140,4,14,67,72,65,240,96,39,248
140,5,67,237,159,206,103,112,130,29
140,6,76,110,8,180,99,145,237,193
140,7,44,57,11,206,224,75,143,13
140,8,247,33,144,22,27,219,193,181
140,9,132,100,22,183,225,63,49,18
140,10,86,175,93,228,71,192,191,6
140,11,36,205,38,40,254,183,163,82
140,12,242,79,137,251,216,195,68,113
140,13,44,161,33,121,231,185,242,233
140,14,110,223,140,219,217,8,127,57
140,15,243,196,187,240,59,228,140,244
140,16,175,131,14,16,37,160,176,66
140,17,110,182,99,2,47,171,100,53
140,18,128,112,97,100,184,166,3,9
140,19,238,94,138,161,193,158,203,1
140,20,144,213,245,11,18,244,37,40
140,21,132,100,214,225,60,192,218,11
140,22,195,182,206,127,60,42,44,208
140,23,168,246,40,36,34,230,162,177
140,24,251,102,53,16,175,195,0,242
140,25,119,189,233,161,44,159,242,35
140,26,127,110,207,217,223,185,244,35
140,27,136,243,141,183,187,228,42,140
140,28,175,18,89,39,210,66,248,63
140,29,110,100,119,59,10,72,34,134
140,30,128,180,166,127,172,67,112,100
140,31,238,10,197,90,242,246,48,81
140,32,238,71,66,212,184,231,203,111
140,33,73,225,115,123,41,137,29,227
140,34,99,137,108,61,228,6,153,120
140,35,149,52,65,215,209,64,127,133
140,36,199,29,224,165,75,63,138,69
140,37,61,111,130,168,133,110,218,184
140,38,193,248,252,182,241,159,23,184
140,39,113,218,170,185,22,115,47,39
141,0,83,130,59,135,108,88,61,57
141,1,173,143,110,182,219,78,212,237
141,2,16,76,8,108,138,36,99,155
141,3,106,12,250,204,27,244,49,162
141,4,21,97,99,64,50,176,69,168
141,5,57,25,200,143,20,215,180,234
141,6,139,24,225,127,211,231,78,207
141,7,200,141,213,247,63,194,211,241
141,8,81,11,217,235,18,223,17,139
141,9,235,72,136,209,155,246,213,248
141,10,243,176,247,150,79,78,185,127
141,11,42,135,204,128,12,160,181,108
141,12,251,139,202,91,18,126,247,189
141,13,250,118,10,162,130,50,96,45
141,14,233,21,212,3,100,222,25,161
141,15,107,100,122,90,168,237,243,129
141,16,24,94,74,202,142,200,175,228
141,17,2,81,83,121,220,153,67,34
141,18,147,30,121,68,204,76,200,42
141,19,171,172,152,19,94,209,227,187
141,20,144,213,110,22,114,27,246,25
141,21,49,85,100,113,218,88,201,214
141,22,160,178,131,140,210,144,78,168
141,23,80,83,183,233,184,205,56,172
141,24,139,25,201,202,195,144,64,5
141,25,15,162,250,193,130,4,118,41
141,26,251,233,100,212,120,55,95,59
141,27,107,196,100,129,202,210,42,139
141,28,74,94,24,7,103,66,191,89
141,29,150,2,81,187,83,8,48,249
141,30,68,29,52,22,100,77,56,146
141,31,171,129,128,138,186,94,170,227
141,32,33,215,155,68,107,252,64,54
141,33,192,215,55,21,245,71,248,75
141,34,16,70,144,247,137,236,252,6
141,35,108,227,28,56,151,236,161,202
141,36,157,23,176,161,59,110,230,220
141,37,165,7,77,218,226,184,8,244
141,38,103,252,100,193,233,112,191,173
141,39,198,113,5,96,127,134,164,132
142,0,0,148,184,248,189,12,60,201
142,1,173,197,135,208,5,165,186,161
142,2,16,61,76,182,195,32,143,124
142,3,184,109,107,132,48,93,33,78
142,4,203,26,56,233,153,101,110,72
142,5,206,36,111,140,246,33,126,51
142,6,54,76,12,23,11,141,131,101
142,7,149,18,11,178,15,203,71,13
142,8,144,22,27,94,114,247,108,84
142,9,100,218,147,31,157,43,48,86
142,10,86,162,74,231,95,221,131,229
142,11,136,205,244,118,74,83,184,144
142,12,242,102,202,189,131,98,25,180
142,13,44,185,162,3,171,121,119,2
142,14,127,123,55,92,223,110,212,85
142,15,196,243,107,59,160,2,168,97
142,16,66,84,176,18,202,37,169,160
142,17,2,184,45,47,182,34,145,100
142,18,51,199,121,30,40,184,97,3
142,19,94,249,238,15,49,81,242,125
142,20,144,213,63,22,122,84,15,243
142,21,100,214,121,60,228,218,71,138
142,22,221,118,37,131,229,249,90,231
142,23,136,244,237,118,205,132,246,22
142,24,102,202,242,195,201,25,48,144
142,25,162,119,189,44,227,71,180,161
142,26,223,110,212,236,34,211,123,254
142,27,107,141,138,115,117,175,243,139
142,28,18,175,142,169,176,177,148,37
142,29,2,119,184,81,247,34,125,53
142,30,242,172,147,100,97,146,51,180
142,31,94,152,81,249,147,238,129,49
142,32,68,64,121,71,122,35,138,214
142,33,55,147,72,225,151,140,99,78
142,34,226,120,236,175,204,163,67,209
142,35,94,71,187,227,213,129,238,121
142,36,218,176,43,210,31,130,160,28
142,37,100,69,7,133,230,195,140,219
142,38,23,173,254,14,32,171,110,100
142,39,107,114,216,106,222,236,185,115
143,0,130,213,179,168,94,145,197,164
143,1,139,106,64,216,208,177,87,5
143,2,215,85,16,25,98,73,186,19
143,3,59,142,27,135,205,208,107,97
143,4,241,131,96,198,191,211,151,39
143,5,51,176,112,37,175,103,56,207
143,6,54,11,12,180,44,221,192,141
143,7,51,224,206,203,121,205,207,34
143,8,93,219,249,153,48,95,250,144
143,9,69,107,103,117,118,33,235,149
143,10,86,212,192,69,2,208,42,210
143,11,205,82,38,254,249,40,129,183
143,12,251,11,195,98,28,102,242,189
143,13,44,161,2,171,121,118,185,68
143,14,223,213,230,127,219,63,123,34
143,15,196,243,177,175,228,140,157,59
143,16,176,66,169,160,18,37,131,79
143,17,2,47,182,100,82,99,10,34
143,18,184,97,30,3,121,40,60,14
143,19,238,94,249,81,138,242,161,173
143,20,144,120,22,114,213,250,209,21
143,21,100,214,69,218,228,60,248,122
143,22,121,76,192,115,123,6,29,86
143,23,246,73,132,40,168,26,183,76
143,24,251,144,195,102,53,0,48,189
143,25,189,119,161,52,162,44,35,68
143,26,223,211,233,110,63,149,230,34
143,27,141,139,228,107,243,137,198,138
143,28,169,18,175,142,177,148,176,223
143,29,2,247,34,113,83,100,249,53
143,30,172,97,100,242,51,147,180,146
143,31,94,152,128,238,147,81,129,187
143,32,68,64,71,102,122,48,214,128
143,33,55,72,126,57,225,151,227,205
143,34,236,120,204,144,175,67,199,211
143,35,56,227,213,94,115,129,71,5
143,36,157,176,156,43,23,36,67,189
143,37,7,219,82,69,140,20,43,200
143,38,230,14,100,32,163,255,23,171
143,39,114,185,165,27,222,216,106,146
144,0,49,85,127,153,58,18,170,227
144,1,30,43,66,228,4,141,235,193
144,2,195,217,22,215,169,40,15,232
144,3,116,20,55,51,171,141,39,193
144,4,215,228,12,254,61,219,182,146
144,5,249,29,169,37,82,56,206,159
144,6,54,180,76,246,136,240,182,228
144,7,11,206,56,203,57,224,90,15
144,8,120,144,247,22,219,249,100,198
144,9,100,101,183,224,214,48,33,137
144,10,212,86,182,175,76,48,192,208
144,11,205,114,88,132,162,230,192,41
144,12,144,0,28,195,189,11,251,102
144,13,44,185,171,100,91,121,118,198
144,14,223,123,230,55,212,180,21,8
144,15,228,107,177,243,141,117,196,183
144,16,169,18,137,160,176,147,37,66
144,17,2,65,47,100,99,218,145,53
144,18,97,121,100,67,3,40,184,194
144,19,238,94,24,138,233,81,55,242
144,20,144,120,213,22,114,84,122,63
144,21,100,214,228,218,248,71,72,134
144,22,76,229,180,191,115,121,37,167
144,23,132,181,114,40,73,168,224,205
144,24,144,202,175,48,251,113,195,213
144,25,119,189,162,180,5,193,44,227
144,26,223,212,254,110,34,233,63,21
144,27,141,138,139,137,228,107,117,70
144,28,175,169,18,177,142,148,144,63
144,29,2,247,125,249,53,218,34,47
144,30,97,172,100,242,147,51,123,146
144,31,94,238,152,147,19,128,172,132
144,32,68,221,64,128,71,122,102,214
144,33,55,72,168,121,57,94,245,205
144,34,236,204,81,55,144,192,208,19
144,35,56,227,39,129,115,0,60,32
144,36,176,157,23,156,35,189,198,43
144,37,7,219,82,140,55,44,200,209
144,38,14,230,100,47,32,255,76,173
144,39,114,16,185,68,146,27,203,222
145,0,70,151,72,237,76,223,203,139
145,1,221,202,126,153,121,72,3,69
145,2,194,182,71,236,3,201,93,212
145,3,243,167,39,144,242,42,132,72
145,4,77,22,132,134,233,75,178,175
145,5,82,164,95,33,237,111,4,233
145,6,152,62,54,20,240,180,66,233
145,7,252,223,11,13,75,15,30,198
145,8,144,22,63,114,27,226,84,161
145,9,100,134,49,101,218,97,225,58
145,10,131,86,180,19,95,76,162,182
145,11,83,97,88,37,230,124,248,132
145,12,0,28,25,139,202,254,164,99
145,13,185,162,90,250,119,130,180,10
145,14,21,223,212,3,233,55,34,230
145,15,107,70,183,228,141,243,138,196
145,16,169,160,142,176,18,177,37,66
145,17,2,145,164,45,53,144,81,121
145,18,100,66,121,67,151,108,40,184
145,19,94,24,238,173,81,49,144,128
145,20,144,22,172,213,63,150,122,84
145,21,214,100,218,58,221,138,8,134
145,22,131,76,180,217,175,19,148,231
145,23,183,40,132,97,237,181,205,88
145,24,175,0,202,48,25,174,144,213
145,25,162,119,189,180,44,242,5,161
145,26,223,21,254,212,34,63,207,110
145,27,141,70,107,139,247,138,228,47
145,28,169,18,142,175,177,176,148,223
145,29,2,125,247,249,164,145,81,21
145,30,147,97,51,242,24,67,123,200
145,31,94,152,128,85,238,81,147,144
145,32,68,161,140,64,215,128,122,254
145,33,55,234,119,102,72,151,54,11
145,34,67,240,44,72,236,62,204,137
145,35,187,74,227,129,114,71,250,148
145,36,115,156,142,127,157,176,43,169
145,37,7,55,27,130,95,101,36,78
145,38,255,251,230,119,169,88,32,93
145,39,75,122,158,244,114,197,222,146
146,0,142,166,113,97,205,123,150,160
146,1,34,26,59,132,187,11,87,181
146,2,210,31,103,249,59,146,162,4
146,3,211,31,146,37,46,84,135,176
146,4,161,65,14,167,13,67,61,131
146,5,161,104,186,235,51,10,112,82
146,6,167,180,54,62,215,240,12,243
146,7,91,29,155,126,11,33,199,92
146,8,33,89,144,100,193,114,22,174
146,9,39,132,94,29,100,183,49,228
146,10,248,86,113,212,50,130,210,180
146,11,20,36,241,88,183,230,76,243
146,12,28,195,99,189,41,98,175,63
146,13,33,185,171,205,97,44,104,57
146,14,147,55,63,223,3,123,105,230
146,15,65,107,168,16,136,196,243,141
146,16,176,169,151,66,142,160,202,156
146,17,2,160,182,93,110,121,100,81
146,18,148,30,67,128,40,44,184,200
146,19,130,161,94,128,152,193,173,1
146,20,144,33,213,122,22,25,114,36
146,21,100,39,214,132,218,18,60,71
146,22,76,248,131,32,180,86,212,217
146,23,36,20,97,88,41,181,38,230
146,24,144,202,48,195,25,229,60,201
146,25,162,189,250,227,193,52,33,171
146,26,223,212,21,233,134,100,63,34
146,27,65,107,141,139,66,138,115,70
146,28,142,169,177,151,18,156,148,176
146,29,2,125,249,247,81,145,160,100
146,30,147,51,148,123,200,110,242,67
146,31,94,152,81,128,12,130,129,147
146,32,68,113,64,215,99,238,161,128
146,33,190,119,55,232,41,151,72,215
146,34,88,97,161,62,144,204,236,199
146,35,227,213,234,46,153,74,56,64
146,36,207,166,157,43,29,156,200,15
146,37,7,115,36,109,175,69,82,42
146,38,93,255,230,71,32,196,176,241
146,39,114,241,68,9,222,72,69,202
147,0,83,130,59,6,135,108,88,57
147,1,182,140,152,78,143,238,181,189
147,2,198,76,87,8,121,108,64,249
147,3,106,194,150,226,250,29,129,210
147,4,118,61,254,7,17,67,202,211
147,5,51,29,87,237,229,112,109,68
147,6,19,180,76,140,255,12,62,160
147,7,91,2,176,126,11,57,201,155
147,8,33,144,122,100,44,230,192,193
147,9,132,100,69,39,180,152,183,56
147,10,161,86,88,212,253,228,240,192
147,11,39,36,11,22,38,224,20,253
147,12,144,28,115,212,92,195,137,253
147,13,33,142,86,106,44,104,162,112
147,14,223,213,21,212,147,233,34,55
147,15,107,65,175,36,160,141,138,120
147,16,151,147,142,169,176,160,202,66
147,17,2,100,93,121,182,47,34,145
147,18,148,67,121,123,30,40,36,200
147,19,200,94,128,12,24,161,152,147
147,20,144,213,122,22,150,33,139,25
147,21,100,69,60,39,214,132,218,71
147,22,161,76,212,32,131,199,90,115
147,23,39,140,238,132,36,40,26,1
147,24,144,202,195,25,48,92,200,175
147,25,162,189,5,250,193,226,138,198
147,26,212,223,21,110,31,233,34,100
147,27,141,107,139,66,138,221,219,163
147,28,142,18,148,169,176,63,103,202
147,29,2,81,125,249,82,247,145,34
147,30,147,146,123,234,51,169,242,40
147,31,152,94,200,165,172,15,242,147
147,32,60,121,124,25,64,54,232,68
147,33,33,78,108,119,55,76,218,241
147,34,138,134,192,118,174,31,142,204
147,35,91,69,234,207,195,217,152,95
147,36,4,96,72,64,3,225,230,143
147,37,239,230,218,109,29,226,144,243
147,38,159,100,239,17,98,131,117,23
147,39,96,218,175,162,114,106,216,35
148,0,0,148,189,248,184,137,12,60
148,1,197,5,103,173,161,208,135,165
148,2,198,32,61,222,76,143,91,124
148,3,184,109,93,107,131,102,212,227
148,4,56,250,26,202,233,244,137,203
148,5,36,246,206,126,140,95,33,112
148,6,11,140,101,19,76,64,131,141
148,7,149,18,11,15,178,57,53,224
148,8,144,22,27,84,114,108,216,94
148,9,100,31,218,157,147,86,177,225
148,10,131,221,86,192,95,104,229,230
148,11,118,244,184,83,237,162,51,124
148,12,144,131,202,4,253,25,180,189
148,13,162,115,171,90,86,240,185,44
148,14,212,223,55,213,85,21,56,34
148,15,107,66,97,168,157,175,196,243
148,16,169,142,66,176,84,218,160,18
148,17,2,184,100,121,145,182,247,225
148,18,51,40,30,121,96,230,67,36
148,19,49,149,15,200,94,173,128,125
148,20,213,144,122,106,22,15,40,150
148,21,100,121,71,163,214,60,218,158
148,22,221,32,167,90,131,50,76,229
148,23,237,244,118,173,22,246,40,238
148,24,144,202,131,25,48,195,229,109
148,25,162,44,189,171,193,99,226,180
148,26,21,123,212,63,223,34,110,100
148,27,66,141,138,107,115,221,175,139
148,28,142,18,169,39,37,163,148,176
148,29,2,184,34,100,42,81,145,47
148,30,147,51,123,146,234,40,100,242
148,31,152,149,15,94,200,172,175,153
148,32,121,138,202,68,232,128,25,54
148,33,147,78,30,76,72,99,225,108
148,34,226,163,120,134,158,179,3,215
148,35,121,91,252,71,211,137,165,207
148,36,4,96,72,73,238,230,254,64
148,37,205,230,62,181,109,144,88,69
148,38,199,57,134,184,17,182,193,89
148,39,108,236,211,7,73,35,157,47
149,0,230,149,243,45,214,213,94,90
149,1,106,208,197,177,156,232,74,5
149,2,195,215,25,18,37,85,73,175
149,3,71,104,47,64,143,40,46,83
149,4,96,156,19,146,7,198,185,32
149,5,206,119,21,130,95,57,243,112
149,6,140,11,110,96,207,164,221,214
149,7,206,126,52,15,11,134,207,110
149,8,144,244,114,100,11,95,122,93
149,9,71,194,69,135,155,63,122,100
149,10,144,127,78,136,43,123,145,14
149,11,45,181,24,58,135,152,22,226
149,12,113,139,25,28,189,202,247,251
149,13,162,10,250,44,189,90,52,50
149,14,233,212,21,3,222,43,100,134
149,15,107,100,246,243,0,15,90,237
149,16,94,24,142,74,202,88,77,37
149,17,2,81,145,121,83,34,106,232
149,18,147,121,30,186,68,76,200,42
149,19,152,172,19,171,94,187,112,128
149,20,144,213,110,22,247,25,114,122
149,21,100,49,214,85,218,134,113,56
149,22,160,131,178,180,52,168,208,34
149,23,80,97,83,45,184,216,183,26
149,24,25,10,28,201,200,144,116,195
149,25,162,250,50,68,130,226,10,106
149,26,59,233,222,100,211,120,87,24
149,27,139,133,107,129,171,224,219,53
149,28,74,186,148,235,126,158,191,100
149,29,150,34,2,51,134,18,122,163
149,30,100,146,180,3,172,141,40,24
149,31,154,166,1,246,220,15,186,97
149,32,127,16,252,111,121,133,54,203
149,33,32,30,98,196,99,27,115,108
149,34,52,42,120,99,137,31,15,199
149,35,211,155,21,91,72,124,174,17
149,36,102,4,124,45,238,143,69,127
149,37,116,205,230,88,69,173,219,92
149,38,108,199,149,36,57,134,207,166
149,39,50,95,236,108,96,221,127,47
150,0,40,71,24,23,225,21,228,7
150,1,12,127,196,104,247,67,30,160
150,2,195,18,48,25,215,37,85,50
150,3,71,83,104,242,40,151,72,39
150,4,155,56,22,146,132,77,134,233
150,5,206,95,246,237,12,82,4,216
150,6,175,180,19,11,140,20,135,240
150,7,126,11,75,178,198,88,252,91
150,8,38,122,144,22,49,27,247,94
150,9,100,109,49,86,169,22,218,147
150,10,86,253,131,180,50,104,49,182
150,11,79,241,19,83,124,230,40,22
150,12,144,28,229,48,202,224,195,32
150,13,179,185,100,162,171,86,44,224
150,14,21,223,123,63,55,107,87,212
150,15,221,107,0,160,66,168,228,243
150,16,169,18,142,160,78,84,164,66
150,17,2,100,18,46,121,93,145,108
150,18,67,51,153,214,40,230,44,85
150,19,81,128,94,152,173,138,1,200
150,20,213,122,38,144,244,209,15,40
150,21,71,109,100,122,218,214,155,18
150,22,32,167,127,49,215,214,76,131
150,23,19,79,183,241,129,172,246,132
150,24,144,113,48,195,92,251,87,189
150,25,171,44,162,189,35,201,185,206
150,26,223,21,207,116,63,236,9,254
150,27,66,141,243,163,221,115,228,137
150,28,142,89,18,177,227,141,202,109
150,29,46,18,100,2,47,34,45,114
150,30,40,123,166,147,24,184,67,120
150,31,36,197,94,186,7,227,24,175
150,32,139,149,66,252,203,136,115,184
150,33,32,87,30,108,115,157,27,25
150,34,42,179,159,52,137,15,99,69
150,35,91,252,18,106,155,84,104,101
150,36,45,252,102,96,143,238,172,72
150,37,116,230,198,205,88,219,3,92
150,38,108,193,63,43,149,177,78,199
150,39,238,21,108,127,236,173,5,88
151,0,210,14,225,71,84,93,228,54
151,1,134,127,157,91,2,20,54,94
151,2,246,147,237,41,172,179,102,241
151,3,27,204,48,85,107,28,252,183
151,4,155,217,150,255,61,130,120,146
151,5,109,206,4,243,111,162,159,239
151,6,175,124,110,181,11,98,53,214
151,7,88,195,134,245,183,203,11,143
151,8,144,114,49,22,27,244,38,106
151,9,100,235,127,155,63,225,49,72
151,10,144,176,127,123,78,60,136,160
151,11,45,181,58,135,42,83,239,56
151,12,139,25,202,28,189,171,239,126
151,13,162,10,250,44,90,218,96,50
151,14,233,212,21,100,3,134,223,25
151,15,107,100,246,15,138,243,129,122
151,16,24,103,74,94,77,7,88,126
151,17,81,2,145,108,121,159,133,106
151,18,147,76,30,202,100,204,42,31
151,19,172,19,103,171,94,79,129,152
151,20,213,144,198,110,37,27,232,255
151,21,49,100,85,248,122,65,133,12
151,22,160,207,140,131,121,86,78,199
151,23,83,80,184,183,193,97,57,233
151,24,113,202,201,60,182,87,195,37
151,25,10,15,90,50,4,250,2,162
151,26,100,59,3,8,24,212,120,68
151,27,107,157,129,224,27,139,210,243
151,28,7,24,94,103,177,74,63,66
151,29,150,81,2,108,249,134,36,42
151,30,180,146,184,76,213,176,119,230
151,31,138,94,31,238,193,6,197,129
151,32,161,127,64,252,203,111,43,139
151,33,99,241,32,98,27,101,71,113
151,34,159,52,184,142,32,228,99,42
151,35,102,46,240,133,81,107,198,234
151,36,75,199,102,143,29,208,252,224
151,37,230,68,198,49,254,92,69,30
151,38,108,193,199,23,166,186,223,161
151,39,21,151,108,236,39,35,66,230
152,0,131,168,15,255,246,216,181,206
152,1,137,148,207,159,136,99,110,36
152,2,144,231,1,41,233,28,237,151
152,3,85,86,244,253,28,124,222,27
152,4,97,21,69,23,184,99,66,87
152,5,25,57,79,21,215,143,200,243
152,6,207,21,254,225,211,127,132,190
152,7,30,213,200,141,194,195,191,110
152,8,144,91,81,226,114,27,127,11
152,9,100,235,155,72,136,210,112,209
152,10,127,176,78,79,160,144,236,60
152,11,135,56,181,42,204,83,12,96
152,12,139,202,25,78,126,91,167,189
152,13,162,118,250,26,44,10,90,130
152,14,233,212,21,105,100,222,114,34
152,15,107,100,129,245,122,243,237,199
152,16,74,94,24,142,200,88,225,79
152,17,2,81,83,145,220,159,121,82
152,18,121,147,68,36,30,200,77,17
152,19,152,171,128,147,227,112,177,55
152,20,144,22,114,213,25,161,27,135
152,21,100,218,49,85,34,56,201,174
152,22,131,160,180,178,168,123,245,254
152,23,80,97,26,83,119,241,249,149
152,24,25,28,200,139,201,116,2,202
152,25,162,250,50,130,4,193,213,226
152,26,59,233,212,211,21,134,222,100
152,27,107,129,219,100,157,53,139,177
152,28,74,94,89,204,18,169,31,235
152,29,2,150,34,83,121,92,187,246
152,30,100,3,17,200,146,105,40,156
152,31,138,194,14,128,1,171,170,227
152,32,33,122,215,203,236,68,45,66
152,33,192,55,245,227,57,115,19,3
152,34,16,144,236,137,177,247,107,214
152,35,64,181,180,56,115,227,108,110
152,36,157,110,245,210,127,176,172,43
152,37,92,165,105,241,7,244,97,69
152,38,103,43,166,182,233,177,145,149
152,39,113,151,76,226,41,137,42,136
153,0,42,252,12,25,165,100,183,73
153,1,154,60,240,230,180,82,79,37
153,2,246,247,147,237,186,211,194,215
153,3,252,39,40,13,72,66,193,132
153,4,155,22,146,134,77,251,227,56
153,5,206,82,4,95,12,13,230,51
153,6,175,11,23,152,20,18,66,130
153,7,88,11,252,198,75,178,48,126
153,8,144,22,84,94,27,49,38,244
153,9,100,86,218,77,49,58,134,138
153,10,32,131,95,50,86,104,180,162
153,11,79,83,77,241,112,124,88,251
153,12,149,25,109,202,144,224,28,239
153,13,185,162,90,171,44,3,2,250
153,14,21,223,55,123,3,212,233,56
153,15,221,107,168,243,160,104,228,0
153,16,18,142,169,84,141,160,164,176
153,17,2,100,108,145,121,81,83,136
153,18,51,32,151,99,44,230,30,40
153,19,94,49,128,152,173,1,6,81
153,20,213,144,106,245,122,63,223,150
153,21,100,214,122,8,218,71,163,49
153,22,32,131,180,167,90,104,76,113
153,23,40,173,77,246,22,183,172,123
153,24,144,25,202,48,109,229,28,195
153,25,162,189,171,185,44,226,250,82
153,26,223,21,212,233,123,34,63,100
153,27,141,107,139,247,115,66,163,133
153,28,18,142,151,148,66,227,176,202
153,29,2,247,99,94,125,249,145,61
153,30,147,123,24,200,67,40,100,146
153,31,152,94,81,128,147,129,135,114
153,32,68,161,122,215,64,125,128,139
153,33,55,132,115,25,90,72,162,99
153,34,241,137,120,20,44,62,236,103
153,35,46,74,187,86,170,250,129,64
153,36,93,143,29,217,208,224,156,240
153,37,101,100,233,175,230,169,130,123
153,38,254,199,18,57,143,193,134,196
153,39,163,218,107,236,35,39,108,75
154,0,113,97,142,154,166,197,179,48
154,1,34,26,59,87,216,225,64,11
154,2,163,227,59,103,4,147,146,17
154,3,146,211,46,31,84,37,135,27
154,4,161,14,67,167,65,241,131,81
154,5,224,186,51,206,104,235,161,12
154,6,180,175,135,167,54,18,140,20
154,7,91,126,176,51,52,57,205,92
154,8,33,89,122,114,250,144,249,244
154,9,39,132,94,29,100,228,83,153
154,10,248,113,253,86,50,2,180,216
154,11,36,20,241,173,136,213,243,74
154,12,144,28,115,189,251,195,175,246
154,13,33,171,162,185,104,44,106,121
154,14,147,21,223,63,105,233,55,212
154,15,65,107,189,160,243,168,173,175
154,16,151,169,142,156,176,147,202,66
154,17,2,110,93,83,100,145,136,81
154,18,121,128,30,67,40,200,148,147
154,19,94,128,152,112,1,147,161,227
154,20,144,213,33,122,22,114,25,247
154,21,100,132,39,214,218,134,8,99
154,22,180,131,248,62,86,32,217,210
154,23,20,36,97,205,40,38,42,119
154,24,202,48,144,25,229,201,251,60
154,25,162,250,189,50,193,33,161,118
154,26,233,100,21,212,223,134,222,24
154,27,141,107,65,139,115,138,129,66
154,28,156,169,142,177,148,94,18,151
154,29,2,247,125,110,83,145,34,249
154,30,147,29,100,200,123,51,67,121
154,31,94,128,152,81,147,172,12,129
154,32,68,113,215,238,96,186,122,161
154,33,55,119,190,232,238,41,151,215
154,34,180,88,144,97,236,161,62,204
154,35,153,227,46,129,56,108,187,111
154,36,207,119,102,157,156,98,200,176
154,37,7,229,115,175,44,130,250,82
154,38,255,230,100,176,46,117,159,241
154,39,114,165,139,185,146,86,226,235
155,0,106,22,153,6,51,85,49,66
155,1,223,250,189,177,5,110,200,158
155,2,59,16,108,198,163,22,87,147
155,3,98,97,238,160,27,146,153,31
155,4,14,67,65,167,81,242,118,248
155,5,224,67,10,191,161,235,12,51
155,6,180,54,19,215,167,62,136,135
155,7,44,176,91,240,52,108,156,92
155,8,122,33,249,56,212,57,95,15
155,9,132,85,49,214,56,118,83,94
155,10,248,161,253,62,86,50,104,231
155,11,36,20,238,28,241,205,5,140
155,12,144,28,99,102,195,189,137,115
155,13,142,33,162,104,44,171,10,106
155,14,147,21,223,212,233,123,180,55
155,15,107,120,138,141,243,100,198,36
155,16,147,169,151,142,176,156,94,202
155,17,2,110,100,145,83,93,47,121
155,18,121,112,67,200,30,147,128,40
155,19,152,128,94,147,112,242,161,176
155,20,144,122,213,33,247,22,25,114
155,21,100,132,214,217,134,218,72,99
155,22,62,161,180,131,121,32,86,253
155,23,205,20,97,42,40,36,38,83
155,24,202,48,25,92,201,251,229,144
155,25,162,250,50,189,180,171,118,193
155,26,233,100,21,212,223,134,222,24
155,27,141,107,66,138,139,115,129,198
155,28,169,156,177,142,148,235,94,176
155,29,2,110,247,125,145,81,65,83
155,30,147,112,100,29,51,121,123,200
155,31,94,172,152,128,81,129,147,187
155,32,68,96,186,238,113,215,122,155
155,33,55,73,119,232,238,41,151,215
155,34,180,144,161,236,97,196,204,207
155,35,227,153,56,129,139,108,60,160
155,36,181,157,8,166,189,119,200,35
155,37,7,31,229,115,44,82,175,219
155,38,255,230,76,14,32,93,22,46
155,39,241,68,9,114,16,146,23,72
156,0,181,82,107,251,68,99,39,221
156,1,189,222,73,237,110,45,170,54
156,2,108,76,16,113,243,30,28,229
156,3,194,169,105,158,107,143,3,42
156,4,254,133,17,229,172,61,249,92
156,5,174,159,18,147,97,29,109,111
156,6,19,166,90,140,194,118,180,149
156,7,195,44,52,11,206,242,126,57
156,8,144,27,122,125,193,22,255,114
156,9,100,217,214,225,53,86,18,183
156,10,68,228,161,34,50,231,62,212
156,11,64,238,205,253,183,40,195,41
156,12,202,28,144,92,254,189,139,25
156,13,164,162,142,230,250,44,10,86
156,14,180,212,213,223,21,233,238,100
156,15,107,138,141,243,120,100,198,66
156,16,169,147,142,176,14,94,88,177
156,17,2,26,145,83,60,65,121,100
156,18,121,55,67,147,200,29,112,68
156,19,237,94,152,128,171,147,83,81
156,20,144,247,22,213,122,110,114,36
156,21,100,217,214,218,22,134,72,99
156,22,68,228,131,180,161,62,231,86
156,23,205,64,97,238,83,40,183,181
156,24,202,92,251,48,25,229,106,201
156,25,162,164,189,250,193,50,132,52
156,26,238,223,100,233,212,134,21,24
156,27,141,138,107,139,66,53,198,115
156,28,169,186,148,14,177,89,144,103
156,29,65,2,26,145,247,83,101,53
156,30,51,55,100,123,29,121,147,45
156,31,237,94,172,81,128,19,186,129
156,32,68,42,224,215,199,128,64,214
156,33,55,179,201,156,217,57,72,248
156,34,196,217,49,236,144,213,204,202
156,35,210,224,227,56,129,13,35,202
156,36,255,24,157,119,23,189,176,156
156,37,7,50,219,158,82,44,115,55
156,38,146,230,14,47,255,76,32,34
156,39,114,85,177,10,13,203,116,130
157,0,151,109,72,24,4,76,211,62
157,1,22,226,236,150,85,121,115,35
157,2,3,58,221,193,76,5,143,77
157,3,167,243,66,151,39,79,197,19
157,4,243,134,175,77,233,132,75,186
157,5,164,233,60,95,82,33,51,159
157,6,149,152,140,19,180,213,125,221
157,7,246,57,38,252,11,126,198,191
157,8,144,27,63,22,84,16,94,255
157,9,100,134,214,218,58,50,53,49
157,10,228,34,242,131,162,161,86,226
157,11,83,218,93,97,164,238,205,124
157,12,92,202,28,13,11,4,189,252
157,13,185,132,230,162,19,243,25,44
157,14,213,223,21,212,55,123,100,110
157,15,107,66,138,160,198,243,151,141
157,16,169,190,142,177,14,94,77,202
157,17,2,145,121,83,81,251,182,100
157,18,147,121,55,67,29,30,184,51
157,19,94,85,83,152,19,81,128,186
157,20,144,213,110,172,232,22,114,247
157,21,100,214,71,134,218,8,49,98
157,22,228,242,76,180,21,34,86,231
157,23,205,93,97,218,238,83,40,183
157,24,202,92,48,68,25,229,70,60
157,25,162,189,132,250,230,188,102,193
157,26,100,233,63,223,55,110,21,97
157,27,66,138,141,107,139,115,28,128
157,28,177,186,169,89,176,144,14,103
157,29,2,145,132,100,125,83,247,34
157,30,100,188,123,29,51,121,146,147
157,31,94,85,1,172,152,128,81,246
157,32,68,48,22,128,109,115,102,123
157,33,55,102,139,224,107,95,119,133
157,34,175,204,94,64,67,240,236,72
157,35,94,129,187,227,85,5,213,2
157,36,26,156,195,157,176,67,35,79
157,37,7,43,229,219,115,82,20,135
157,38,255,230,163,76,32,201,100,93
157,39,246,138,99,1,114,215,122,185
158,0,49,127,85,18,153,146,112,227
158,1,43,29,66,57,232,17,162,107
158,2,169,226,224,12,90,148,250,244
158,3,20,116,171,51,203,131,141,55
158,4,215,12,228,249,3,89,150,246
158,5,249,169,82,245,231,109,56,221
158,6,149,19,136,180,182,166,140,239
158,7,56,161,11,126,57,222,156,198
158,8,120,144,65,27,148,219,255,214
158,9,100,224,107,214,225,86,99,159
158,10,24,218,192,34,180,161,231,208
158,11,114,238,93,205,83,40,183,253
158,12,11,28,202,189,206,92,227,195
158,13,38,142,162,106,100,1,102,250
158,14,180,213,212,21,233,222,223,24
158,15,107,243,138,100,198,139,36,168
158,16,169,147,142,137,94,202,176,177
158,17,2,145,83,121,218,60,100,82
158,18,121,188,30,67,147,29,200,68
158,19,128,152,83,91,94,171,1,161
158,20,144,120,213,114,22,110,161,122
158,21,100,218,214,134,72,228,71,56
158,22,24,218,180,86,32,131,117,76
158,23,114,205,97,238,210,41,38,26
158,24,202,92,48,25,201,144,102,195
158,25,162,189,250,38,161,50,5,180
158,26,233,223,100,21,87,236,254,222
158,27,141,139,107,138,66,198,129,115
158,28,177,169,137,142,186,89,13,148
158,29,2,218,145,34,247,83,249,125
158,30,100,188,51,29,121,123,146,147
158,31,94,1,194,172,81,28,129,246
158,32,68,221,102,64,128,214,115,155
158,33,55,168,121,224,57,205,72,115
158,34,81,204,208,137,64,55,67,236
158,35,39,129,99,227,0,56,64,213
158,36,49,157,156,176,195,15,35,32
158,37,7,229,15,82,219,193,20,115
158,38,230,32,80,255,76,14,173,23
158,39,114,244,72,183,250,92,185,167
159,0,68,185,117,226,122,171,146,243
159,1,126,221,202,29,79,13,200,178
159,2,23,236,226,194,212,224,45,12
159,3,20,242,112,221,166,143,209,131
159,4,228,182,12,134,37,8,77,55
159,5,223,95,233,243,3,231,123,23
159,6,136,3,180,152,125,32,194,66
159,7,11,57,191,198,178,97,224,206
159,8,144,27,94,22,255,16,148,198
159,9,100,19,206,218,49,86,137,107
159,10,34,163,218,180,95,192,1,52
159,11,83,124,116,97,238,130,18,205
159,12,206,11,28,202,255,41,25,134
159,13,162,185,100,200,38,130,193,1
159,14,21,180,212,123,100,233,24,223
159,15,107,103,198,138,122,168,241,160
159,16,232,177,147,176,202,142,169,84
159,17,2,145,155,121,218,65,95,83
159,18,121,67,188,194,30,200,3,102
159,19,94,91,83,233,254,19,161,55
159,20,144,213,114,22,161,110,68,199
159,21,100,19,206,214,218,134,228,56
159,22,218,163,180,231,49,117,13,95
159,23,130,114,97,205,18,26,38,181
159,24,202,48,175,25,70,195,102,229
159,25,162,180,189,250,161,193,38,119
159,26,254,223,233,4,100,185,87,34
159,27,141,139,107,103,138,115,175,126
159,28,232,177,18,169,103,144,164,223
159,29,2,145,155,249,247,34,83,53
159,30,100,6,51,29,123,176,121,40
159,31,94,1,221,233,172,28,19,128
159,32,175,68,37,17,128,122,214,115
159,33,55,117,23,72,214,94,27,57
159,34,182,204,58,187,236,54,137,199
159,35,7,28,227,84,129,56,35,0
159,36,245,176,157,8,0,189,35,253
159,37,7,164,229,219,84,200,82,44
159,38,136,230,14,22,47,76,255,173
159,39,114,16,23,146,36,68,145,185
160,0,88,61,135,122,108,241,89,160
160,1,192,181,140,70,152,121,233,48
160,2,8,36,47,236,185,125,13,194
160,3,106,226,211,236,12,110,151,29
160,4,240,171,133,96,129,45,170,6
160,5,223,254,47,3,67,245,241,82
160,6,255,122,136,186,37,180,140,62
160,7,117,30,19,198,61,11,254,123
160,8,115,180,179,56,105,161,83,52
160,9,69,180,85,100,49,13,124,98
160,10,88,125,240,34,180,86,120,194
160,11,99,39,108,19,241,156,188,191
160,12,85,151,101,28,253,69,128,116
160,13,204,103,29,100,222,50,250,120
160,14,180,21,223,222,149,179,212,233
160,15,36,107,103,100,46,171,199,155
160,16,61,232,142,176,94,96,79,147
160,17,2,198,60,46,121,145,83,69
160,18,170,67,121,200,30,220,161,166
160,19,166,171,152,254,128,83,233,173
160,20,144,114,161,22,110,120,36,218
160,21,69,180,100,85,218,134,229,99
160,22,86,180,194,120,178,34,52,117
160,23,39,99,19,156,97,181,119,98
160,24,151,48,201,202,144,195,139,25
160,25,204,250,162,103,224,193,198,161
160,26,149,223,254,226,233,21,24,212
160,27,139,107,46,100,115,36,155,129
160,28,61,232,164,103,94,169,176,204
160,29,2,249,198,34,83,60,145,133
160,30,170,100,29,176,121,64,77,68
160,31,166,94,1,152,129,128,67,176
160,32,68,60,175,37,158,122,115,203
160,33,55,229,33,117,220,57,245,63
160,34,82,204,236,137,177,58,144,31
160,35,7,28,56,227,84,0,129,35
160,36,245,176,157,57,189,35,23,73
160,37,7,104,219,84,200,82,164,44
160,38,136,230,135,14,76,27,100,32
160,39,114,146,36,243,110,12,23,63
161,0,4,29,86,41,233,65,163,223
161,1,153,191,163,243,190,28,121,21
161,2,47,83,185,139,131,203,194,211
161,3,144,242,112,2,180,159,151,209
161,4,134,149,77,186,180,75,132,233
161,5,3,223,82,233,213,95,231,39
161,6,152,62,136,32,129,171,114,213
161,7,11,191,116,97,178,48,198,57
161,8,144,242,27,22,161,63,178,114
161,9,100,218,49,134,97,50,99,225
161,10,233,109,180,131,95,32,111,226
161,11,97,83,124,151,241,17,209,137
161,12,50,166,25,202,28,87,5,139
161,13,185,162,130,0,250,10,193,90
161,14,21,233,212,100,222,219,252,134
161,15,107,138,122,139,141,198,160,116
161,16,142,169,94,191,138,234,202,112
161,17,2,145,49,101,81,69,247,83
161,18,237,121,66,100,102,67,147,77
161,19,19,83,94,172,152,128,186,81
161,20,144,47,22,213,242,178,232,110
161,21,100,214,32,218,134,9,98,150
161,22,233,109,17,180,194,95,86,131
161,23,38,99,97,209,181,61,19,151
161,24,50,48,202,91,119,157,201,25
161,25,162,0,250,161,180,193,194,189
161,26,254,223,100,17,63,24,252,21
161,27,141,79,139,107,138,115,47,151
161,28,63,169,232,18,164,177,176,175
161,29,249,145,60,2,69,4,100,247
161,30,100,151,237,66,123,51,143,29
161,31,94,83,1,19,157,172,186,152
161,32,68,157,175,37,101,115,75,14
161,33,161,185,55,229,198,103,59,5
161,34,11,204,227,18,143,236,247,137
161,35,7,227,117,28,129,64,56,250
161,36,55,48,148,245,251,157,172,176
161,37,7,196,219,20,55,61,200,130
161,38,124,132,230,173,32,185,100,14
161,39,166,27,114,224,185,77,167,146
162,0,151,211,134,192,72,102,159,69
162,1,88,157,206,101,253,15,17,116
162,2,203,131,83,47,192,177,218,227
162,3,2,242,239,159,114,5,192,132
162,4,134,180,221,123,44,77,22,79
162,5,3,82,231,77,223,233,21,89
162,6,152,136,62,43,46,180,114,186
162,7,223,116,191,155,97,48,252,240
162,8,144,22,161,63,27,114,178,244
162,9,100,49,134,58,218,97,99,229
162,10,180,233,95,131,34,86,1,111
162,11,97,83,241,124,72,99,220,248
162,12,28,25,50,202,139,119,185,2
162,13,162,10,185,250,90,1,130,50
162,14,233,3,21,212,17,134,222,100
162,15,107,138,122,100,90,139,196,141
162,16,202,176,94,191,142,60,77,18
162,17,2,81,51,145,101,83,121,249
162,18,121,102,30,100,151,66,147,14
162,19,152,172,24,49,94,19,1,186
162,20,144,213,172,89,22,199,110,178
162,21,214,100,49,32,58,98,85,218
162,22,86,180,233,216,131,217,70,121
162,23,97,205,38,116,246,72,83,17
162,24,50,48,202,28,25,175,201,195
162,25,162,250,0,50,101,193,194,161
162,26,233,21,100,223,63,4,24,230
162,27,141,107,139,129,47,115,39,138
162,28,177,176,94,18,193,169,102,63
162,29,249,2,88,60,145,61,21,49
162,30,100,250,162,29,147,64,200,99
162,31,152,128,135,34,94,218,171,129
162,32,125,161,254,215,140,179,123,68
162,33,234,95,55,229,102,132,119,104
162,34,44,238,72,236,20,240,204,137
162,35,187,148,74,190,191,227,129,108
162,36,115,156,227,143,147,142,171,19
162,37,100,169,175,229,127,101,123,16
162,38,169,61,88,18,143,255,196,158
162,39,197,163,129,22,185,142,179,128
163,0,179,197,91,145,119,146,213,9
163,1,64,139,87,216,59,5,74,181
163,2,249,88,164,227,17,203,218,146
163,3,211,59,37,142,240,27,8,146
163,4,241,240,131,170,181,230,15,129
163,5,3,223,56,235,186,6,89,82
163,6,255,136,62,180,135,246,245,186
163,7,199,240,196,161,66,134,68,131
163,8,89,22,150,144,115,161,114,218
163,9,69,85,100,49,99,140,83,229
163,10,1,180,216,178,86,34,70,130
163,11,99,241,174,97,20,248,17,216
163,12,28,201,160,119,25,116,56,157
163,13,100,250,29,50,204,222,10,1
163,14,222,233,21,43,161,3,179,120
163,15,107,171,100,122,76,199,90,168
163,16,176,47,191,142,94,96,195,202
163,17,94,2,60,101,83,8,34,121
163,18,151,57,22,170,68,77,30,148
163,19,171,152,130,128,166,227,183,48
163,20,110,144,180,161,114,89,22,153
163,21,69,85,100,49,124,229,227,87
163,22,86,113,178,180,34,1,70,137
163,23,97,174,20,17,98,241,122,205
163,24,160,15,201,195,48,116,225,139
163,25,250,50,178,113,161,118,159,204
163,26,233,161,21,222,24,231,149,44
163,27,23,107,129,39,139,162,36,253
163,28,94,195,196,164,169,235,32,96
163,29,94,2,60,61,83,151,8,133
163,30,22,64,29,200,100,121,204,148
163,31,128,218,135,152,171,166,130,240
163,32,254,215,68,155,161,122,247,133
163,33,126,55,119,166,104,132,215,238
163,34,44,238,236,204,120,67,144,240
163,35,74,148,187,227,108,56,190,129
163,36,2,156,115,227,157,127,143,119
163,37,7,169,27,78,250,16,123,101
163,38,169,255,135,230,119,96,187,254
163,39,117,122,158,179,129,114,146,197
164,0,35,27,101,166,58,108,135,187
164,1,26,11,139,132,216,34,146,181
164,2,210,249,130,149,121,22,164,0
164,3,37,211,226,146,106,29,46,39
164,4,65,14,242,240,118,167,146,170
164,5,161,10,235,6,191,223,186,142
164,6,167,255,215,246,180,136,62,135
164,7,2,199,240,161,196,44,204,108
164,8,35,180,56,89,115,212,179,83
164,9,241,180,94,85,98,83,49,169
164,10,88,216,1,180,26,50,253,83
164,11,20,99,39,174,241,238,7,248
164,12,28,160,15,253,3,56,26,32
164,13,29,178,112,100,222,50,10,157
164,14,21,222,212,233,252,179,197,95
164,15,36,107,171,122,155,198,120,139
164,16,96,164,142,169,176,147,202,47
164,17,94,2,60,145,83,34,121,100
164,18,148,170,121,67,200,30,100,147
164,19,130,152,94,128,171,19,186,161
164,20,144,22,122,213,110,161,212,150
164,21,100,241,180,214,134,85,218,49
164,22,83,88,62,253,180,86,131,34
164,23,20,42,39,97,174,38,241,181
164,24,67,48,202,175,201,25,70,200
164,25,162,178,250,50,29,193,189,161
164,26,233,21,222,100,212,252,24,134
164,27,141,107,139,36,138,39,115,47
164,28,164,96,169,142,177,94,176,195
164,29,2,94,249,125,60,145,83,81
164,30,100,148,170,29,22,121,147,85
164,31,130,94,152,128,36,135,171,129
164,32,254,99,68,215,60,158,186,122
164,33,55,33,190,232,41,119,238,166
164,34,82,161,97,180,236,144,34,204
164,35,24,227,56,153,108,39,64,35
164,36,207,157,176,156,49,189,23,43
164,37,7,104,82,219,44,97,15,190
164,38,71,135,230,76,27,255,187,32
164,39,69,243,12,110,36,114,244,146
165,0,238,78,0,148,57,207,189,120
165,1,28,191,189,250,86,72,112,217
165,2,121,87,188,47,228,22,217,43
165,3,39,199,226,27,118,177,242,166
165,4,242,118,219,5,122,129,74,110
165,5,161,21,79,223,83,215,73,231
165,6,51,246,21,180,75,77,37,255
165,7,110,194,2,134,155,126,204,30
165,8,91,144,114,56,53,148,244,233
165,9,135,100,63,71,85,12,49,127
165,10,43,23,78,96,145,210,29,144
165,11,42,181,61,239,56,88,58,230
165,12,28,202,25,139,189,251,195,239
165,13,162,10,250,50,130,90,118,96
165,14,233,3,212,222,21,134,100,43
165,15,107,100,90,122,139,120,0,124
165,16,202,94,24,142,191,77,176,84
165,17,2,81,145,51,34,83,106,121
165,18,121,30,147,102,68,77,100,200
165,19,152,94,172,173,187,186,227,96
165,20,144,22,213,49,114,110,25,166
165,21,100,214,49,85,218,134,12,56
165,22,131,180,241,195,108,160,174,176
165,23,80,246,26,97,41,96,83,40
165,24,25,91,139,182,48,68,28,189
165,25,162,250,10,130,50,161,82,241
165,26,134,233,212,100,244,211,21,130
165,27,107,53,139,39,219,177,151,175
165,28,142,148,18,164,66,94,176,169
165,29,150,2,249,81,247,53,25,255
165,30,172,32,100,110,147,156,24,3
165,31,186,15,36,225,246,94,152,238
165,32,252,15,58,68,111,229,209,54
165,33,32,67,197,166,140,19,223,55
165,34,9,226,164,133,15,249,202,80
165,35,24,95,209,72,106,84,91,204
165,36,59,45,83,143,161,228,1,240
165,37,156,233,244,36,73,144,86,242
165,38,50,204,115,73,255,18,98,23
165,39,37,231,39,114,7,185,19,22
166,0,102,14,228,10,239,250,225,194
166,1,128,28,154,189,217,152,211,86
166,2,121,22,87,43,47,80,235,255
166,3,177,146,113,30,39,92,76,226
166,4,118,242,54,65,228,122,146,74
166,5,161,10,67,254,100,44,223,183
166,6,51,182,246,167,136,180,75,122
166,7,2,44,199,32,23,91,108,110
166,8,35,180,56,52,212,122,115,86
166,9,240,85,156,98,217,169,13,9
166,10,88,253,62,161,39,34,10,208
166,11,195,20,42,49,99,142,149,101
166,12,138,253,28,189,69,153,15,3
166,13,178,112,29,22,100,157,206,50
166,14,21,222,212,233,40,219,56,95
166,15,36,39,107,120,171,0,141,122
166,16,96,169,142,147,13,181,191,176
166,17,2,60,94,83,145,132,100,81
166,18,121,148,147,67,200,100,20,77
166,19,152,128,51,94,233,19,81,147
166,20,144,122,22,247,213,35,161,110
166,21,100,217,240,214,71,22,218,156
166,22,62,88,253,180,236,131,183,208
166,23,42,20,195,97,66,49,83,73
166,24,202,48,25,68,67,70,200,251
166,25,162,250,178,50,189,112,227,52
166,26,233,100,211,21,134,212,222,252
166,27,107,141,139,138,36,129,115,47
166,28,169,96,142,148,177,223,94,103
166,29,2,81,249,83,145,65,247,132
166,30,100,147,51,121,148,29,40,123
166,31,152,94,128,147,129,172,135,19
166,32,15,68,96,215,186,122,158,155
166,33,55,119,232,238,182,205,215,108
166,34,9,180,236,144,161,97,101,204
166,35,153,227,56,129,24,108,160,60
166,36,59,181,157,8,166,98,119,176
166,37,7,31,115,219,82,175,229,44
166,38,255,230,76,100,23,32,46,17
166,39,75,238,146,114,165,142,83,185
167,0,10,98,5,140,69,23,67,129
167,1,154,217,54,200,161,65,94,20
167,2,72,43,154,246,237,240,0,117
167,3,226,121,17,146,147,169,236,105
167,4,242,20,118,161,72,179,120,172
167,5,220,10,223,230,106,239,83,82
167,6,98,51,133,136,182,246,19,118
167,7,2,44,91,136,90,72,57,206
167,8,35,144,120,122,100,218,150,255
167,9,100,39,214,49,107,18,53,86
167,10,62,240,88,82,11,253,182,231
167,11,42,88,73,253,149,195,183,224
167,12,28,202,189,175,0,92,51,25
167,13,162,112,22,178,193,106,250,185
167,14,212,21,233,219,222,134,223,100
167,15,107,36,138,120,141,243,139,122
167,16,142,169,96,147,191,202,94,164
167,17,2,145,83,65,60,121,69,81
167,18,121,147,67,100,30,200,3,194
167,19,94,152,138,186,19,161,200,81
167,20,144,122,247,11,213,22,49,114
167,21,100,217,214,218,12,22,39,49
167,22,62,131,88,180,10,249,236,104
167,23,42,73,97,96,38,26,246,181
167,24,202,48,25,68,70,200,51,144
167,25,162,189,250,227,52,161,193,141
167,26,211,233,223,100,21,212,134,34
167,27,141,107,138,66,53,139,151,115
167,28,169,142,148,177,18,175,63,176
167,29,2,81,249,125,145,247,34,65
167,30,100,147,51,121,110,146,97,40
167,31,152,94,172,129,19,147,128,81
167,32,15,68,96,215,186,64,122,128
167,33,55,119,190,232,238,108,41,99
167,34,180,144,236,196,161,204,97,88
167,35,153,129,227,56,60,139,110,250
167,36,8,181,166,157,207,119,176,156
167,37,7,31,115,82,219,44,84,29
167,38,230,255,76,93,32,47,71,14
167,39,241,68,9,146,16,114,225,23
168,0,83,108,59,135,6,130,57,88
168,1,182,143,146,67,140,238,78,170
168,2,8,72,36,194,237,108,43,76
168,3,106,29,129,226,151,110,46,69
168,4,171,72,165,247,219,202,254,24
168,5,87,109,69,220,51,83,230,131
168,6,182,76,51,180,255,46,74,75
168,7,2,110,57,3,206,191,233,92
168,8,144,122,98,40,218,67,193,213
168,9,100,152,69,180,49,195,183,169
168,10,88,228,86,48,192,90,76,34
168,11,39,253,224,88,83,38,123,188
168,12,28,202,92,188,101,16,195,189
168,13,112,178,179,10,68,162,106,22
168,14,233,212,223,55,21,34,219,100
168,15,107,36,141,243,138,160,56,140
168,16,142,164,176,96,23,191,88,77
168,17,2,145,65,81,100,83,94,34
168,18,147,121,170,200,67,40,30,194
168,19,200,138,152,173,94,193,166,1
168,20,144,122,22,247,217,213,25,40
168,21,100,69,112,152,218,12,214,180
168,22,88,230,210,104,195,82,180,78
168,23,39,96,34,19,73,88,38,61
168,24,202,169,48,25,70,87,201,200
168,25,162,250,112,189,196,226,173,178
168,26,211,21,24,233,212,223,34,100
168,27,141,107,138,251,139,115,66,219
168,28,142,144,18,77,177,176,139,191
168,29,2,81,34,145,125,52,217,121
168,30,100,147,24,51,242,34,170,146
168,31,200,172,147,0,36,94,166,152
168,32,60,121,25,68,225,252,124,64
168,33,108,33,55,78,119,99,76,196
168,34,52,134,118,174,138,3,204,42
168,35,84,91,207,68,17,69,115,211
168,36,96,72,4,225,124,18,200,189
168,37,116,230,88,44,29,219,205,127
168,38,108,199,89,57,216,100,36,176
168,39,50,108,236,96,95,176,221,190
169,0,24,23,225,71,40,77,47,21
169,1,7,113,56,203,52,73,205,109
169,2,32,42,188,79,221,194,223,8
169,3,151,104,71,242,243,112,69,93
169,4,233,132,134,77,57,75,186,196
169,5,60,95,233,119,216,77,82,206
169,6,152,132,255,171,233,180,46,99
169,7,252,6,191,178,145,30,48,75
169,8,247,63,144,22,161,27,150,94
169,9,100,22,49,134,218,18,84,119
169,10,77,131,180,32,95,230,45,233
169,11,83,124,97,0,119,19,241,144
169,12,28,202,25,50,185,60,51,145
169,13,185,162,0,179,178,10,180,130
169,14,21,123,134,233,219,55,212,17
169,15,107,138,243,122,228,90,198,196
169,16,142,169,176,37,191,77,94,177
169,17,2,54,145,18,53,81,65,83
169,18,51,121,147,200,102,3,194,242
169,19,200,219,24,152,49,94,173,161
169,20,144,247,122,22,213,161,114,40
169,21,100,22,218,169,32,214,109,49
169,22,77,230,217,131,180,71,221,104
169,23,19,83,118,144,244,97,119,124
169,24,251,50,202,53,25,185,87,229
169,25,162,0,189,250,161,178,132,141
169,26,21,62,185,212,134,211,219,126
169,27,141,138,251,66,47,139,254,191
169,28,142,177,77,65,191,176,37,18
169,29,54,2,18,81,145,52,121,34
169,30,147,100,202,120,242,213,234,96
169,31,219,0,200,165,172,103,152,49
169,32,225,121,23,138,73,25,228,252
169,33,78,250,76,108,19,55,61,112
169,34,128,134,118,138,42,174,3,179
169,35,91,207,84,198,77,139,176,115
169,36,96,72,103,143,102,64,4,182
169,37,170,230,29,109,205,54,88,66
169,38,243,17,67,199,78,159,241,89
169,39,108,236,7,235,66,32,211,47
170,0,27,103,137,0,133,37,114,139
170,1,186,196,135,31,28,205,170,130
170,2,32,12,51,246,2,45,27,241
170,3,184,4,93,143,109,104,71,111
170,4,26,134,185,56,110,227,101,209
170,5,36,126,140,106,246,216,130,231
170,6,96,4,87,76,23,252,129,132
170,7,149,18,11,53,251,230,190,137
170,8,144,22,108,153,94,84,27,252
170,9,100,31,241,118,157,177,225,183
170,10,221,131,230,38,186,105,229,89
170,11,184,244,118,83,123,77,122,188
170,12,131,202,25,109,200,5,253,98
170,13,162,240,90,82,68,193,223,254
170,14,85,212,68,55,244,219,34,233
170,15,107,243,97,173,138,160,139,59
170,16,176,66,251,191,202,49,37,213
170,17,2,184,145,121,225,82,182,53
170,18,121,100,30,60,108,36,199,51
170,19,149,49,15,173,94,200,186,165
170,20,144,213,202,25,114,149,22,98
170,21,121,100,12,60,218,214,71,169
170,22,131,221,229,82,71,226,104,166
170,23,118,244,196,246,51,215,26,96
170,24,175,202,109,226,131,200,232,227
170,25,162,161,223,227,90,26,82,67
170,26,212,85,211,219,236,185,4,63
170,27,243,141,53,42,196,66,136,138
170,28,18,63,148,204,227,177,164,246
170,29,184,2,225,34,145,121,53,246
170,30,100,110,40,234,147,24,180,30
170,31,149,172,200,10,15,186,254,36
170,32,5,138,121,225,228,15,23,209
170,33,251,147,78,76,196,19,32,219
170,34,226,179,231,134,113,228,199,137
170,35,91,119,135,207,24,115,17,81
170,36,96,238,72,45,143,200,182,137
170,37,205,230,62,100,181,88,215,2
170,38,193,184,50,159,199,17,57,207
170,39,75,134,108,170,106,7,144,253
171,0,113,97,166,142,150,213,36,205
171,1,196,12,53,67,65,160,247,104
171,2,182,195,240,244,25,18,161,12
171,3,71,104,143,136,151,47,46,33
171,4,161,134,22,56,185,46,26,162
171,5,231,95,206,119,246,243,128,230
171,6,96,207,28,76,218,145,193,46
171,7,11,178,191,75,48,145,57,230
171,8,247,144,174,22,251,40,114,27
171,9,100,241,109,132,22,210,39,49
171,10,93,127,255,212,123,136,50,141
171,11,36,40,226,61,24,219,45,126
171,12,216,126,79,113,91,25,70,77
171,13,162,10,255,161,193,90,213,146
171,14,233,212,3,134,21,34,219,100
171,15,107,90,243,100,205,15,251,219
171,16,94,142,74,77,24,191,66,225
171,17,2,81,145,83,121,34,82,95
171,18,121,147,30,77,202,36,42,200
171,19,152,94,172,173,187,86,138,227
171,20,144,213,247,114,25,22,161,199
171,21,49,100,218,22,56,214,229,80
171,22,131,160,245,180,168,241,108,254
171,23,80,241,83,26,97,41,79,72
171,24,25,28,139,51,200,217,164,42
171,25,162,10,250,130,213,50,2,193
171,26,211,134,233,212,100,59,21,3
171,27,107,219,175,89,139,65,177,210
171,28,18,218,204,112,74,191,227,118
171,29,150,25,2,86,53,34,246,145
171,30,180,100,146,234,160,24,75,13
171,31,10,186,1,238,154,161,254,153
171,32,5,127,15,101,184,121,54,111
171,33,251,87,19,241,32,98,227,219
171,34,159,99,179,192,234,151,52,199
171,35,119,46,91,117,24,197,248,64
171,36,4,96,51,111,143,89,37,72
171,37,230,130,205,100,133,4,137,160
171,38,193,223,159,17,99,184,5,207
171,39,230,103,173,222,66,63,115,108
172,0,8,148,0,60,137,178,222,131
172,1,173,196,12,160,197,208,186,165
172,2,61,198,195,182,32,18,12,161
172,3,184,109,93,4,71,33,107,132
172,4,203,56,26,134,22,19,217,101
172,5,36,206,246,216,140,95,126,82
172,6,11,96,23,99,252,145,253,141
172,7,18,149,53,178,11,134,252,204
172,8,144,247,22,94,114,108,60,244
172,9,100,31,22,218,149,35,177,86
172,10,74,131,221,230,38,229,95,50
172,11,244,118,136,77,83,124,224,184
172,12,202,242,25,109,248,232,131,200
172,13,162,240,90,171,223,185,192,67
172,14,85,92,212,233,219,68,34,120
172,15,243,107,97,59,196,240,157,160
172,16,66,202,84,175,176,92,37,251
172,17,2,184,145,82,121,95,51,182
172,18,121,30,99,137,60,100,42,51
172,19,49,149,94,249,79,15,173,160
172,20,144,213,247,25,245,67,22,56
172,21,100,121,155,218,49,214,138,58
172,22,221,74,131,249,82,127,118,229
172,23,244,224,22,51,118,96,90,77
172,24,109,232,175,195,226,202,200,242
172,25,162,223,171,26,189,233,102,68
172,26,85,127,185,92,236,212,55,219
172,27,66,141,47,243,219,138,151,136
172,28,18,175,142,227,177,148,245,176
172,29,184,2,145,34,53,81,121,247
172,30,147,100,51,213,146,40,110,24
172,31,152,200,49,149,227,172,186,123
172,32,121,138,136,225,217,203,242,35
172,33,78,147,251,87,76,19,199,219
172,34,226,99,137,228,134,179,151,168
172,35,119,91,155,104,209,121,207,248
172,36,4,230,96,240,143,208,51,64
172,37,230,100,24,62,152,133,198,127
172,38,193,134,99,83,17,159,138,18
172,39,211,40,193,235,108,210,128,106
173,0,91,213,145,179,51,197,209,9
173,1,227,87,64,177,168,247,53,208
173,2,215,146,73,114,175,44,37,69
173,3,59,142,88,208,162,52,71,27
173,4,241,230,131,151,191,181,96,19
173,5,206,231,106,130,109,80,212,176
173,6,207,234,66,51,240,130,11,54
173,7,178,11,75,52,126,71,33,72
173,8,247,144,22,114,94,215,36,209
173,9,100,77,69,22,49,229,218,34
173,10,131,113,180,95,93,45,168,32
173,11,83,124,1,90,40,241,0,97
173,12,28,25,202,239,87,255,109,189
173,13,162,10,90,250,173,195,193,82
173,14,3,233,134,21,212,219,223,34
173,15,107,15,138,243,122,198,53,90
173,16,142,94,77,84,191,202,141,37
173,17,2,81,145,83,121,34,82,51
173,18,121,147,30,200,102,14,9,202
173,19,94,49,152,24,254,172,187,173
173,20,144,247,122,213,22,114,49,199
173,21,49,100,218,22,214,69,12,56
173,22,131,180,77,174,71,241,75,127
173,23,246,45,79,216,224,172,205,26
173,24,25,28,182,189,53,70,226,245
173,25,250,162,189,10,141,2,233,52
173,26,3,211,233,222,24,87,186,153
173,27,66,163,53,70,219,107,224,139
173,28,18,177,169,37,142,223,204,158
173,29,249,34,145,2,121,184,51,81
173,30,147,100,146,40,24,160,213,172
173,31,152,49,200,1,24,186,94,36
173,32,121,138,43,54,64,111,15,136
173,33,87,239,19,98,78,199,76,115
173,34,99,151,137,199,228,91,52,179
173,35,155,64,200,101,115,104,209,217
173,36,4,230,208,143,240,18,127,101
173,37,230,198,133,165,54,33,139,254
173,38,193,159,17,83,18,134,138,207
173,39,211,107,66,115,193,155,235,170
174,0,119,125,9,227,118,221,58,59
174,1,207,196,104,227,160,247,12,138
174,2,68,34,114,44,18,14,48,195
174,3,83,71,242,192,102,104,200,151
174,4,16,83,247,146,56,49,199,96
174,5,206,231,4,166,109,119,106,237
174,6,182,180,51,66,207,140,234,220
174,7,143,178,52,198,190,75,113,156
174,8,122,247,144,22,213,250,148,166
174,9,109,100,49,22,245,199,45,169
174,10,4,113,83,76,77,191,182,69
174,11,241,16,144,19,188,192,124,41
174,12,28,11,48,124,144,87,37,41
174,13,179,162,112,10,178,34,173,185
174,14,219,186,21,55,236,102,120,24
174,15,243,221,163,89,160,244,254,141
174,16,57,37,169,142,191,218,223,79
174,17,94,2,42,145,34,113,100,82
174,18,3,51,67,194,121,147,58,172
174,19,138,152,173,193,161,153,186,200
174,20,144,122,40,247,106,217,114,22
174,21,109,112,100,213,218,246,72,22
174,22,215,76,127,227,212,179,32,219
174,23,192,19,246,34,241,16,96,72
174,24,251,175,124,53,68,70,87,37
174,25,178,189,196,141,173,161,52,226
174,26,87,9,24,185,236,215,21,140
174,27,163,136,141,191,221,254,115,61
174,28,18,89,177,142,57,37,235,143
174,29,94,249,46,60,42,183,18,220
174,30,100,40,3,240,151,121,213,67
174,31,36,197,227,94,49,152,193,254
174,32,149,15,161,217,203,84,115,118
174,33,32,108,87,227,55,98,19,157
174,34,159,52,179,120,69,209,22,133
174,35,24,74,228,64,115,155,250,91
174,36,143,208,65,115,18,64,230,240
174,37,198,230,100,169,123,239,178,175
174,38,108,193,17,145,173,42,241,159
174,39,21,115,114,106,148,7,159,118
175,0,255,246,168,34,181,216,245,149
175,1,207,176,148,54,248,200,136,137
175,2,1,233,209,28,53,247,211,232
175,3,253,162,85,27,244,9,252,12
175,4,227,184,66,246,187,87,150,120
175,5,243,106,162,145,4,79,82,231
175,6,124,145,207,214,53,199,140,46
175,7,142,236,160,134,143,155,194,195
175,8,144,114,22,27,148,161,244,81
175,9,100,235,49,137,229,134,225,183
175,10,176,144,23,78,127,123,136,217
175,11,181,83,239,45,58,135,56,42
175,12,25,28,202,139,239,116,126,189
175,13,162,10,250,90,50,118,130,44
175,14,233,3,212,21,134,100,248,222
175,15,107,100,90,243,124,122,129,246
175,16,24,74,94,77,202,142,200,234
175,17,2,81,145,121,106,83,34,153
175,18,121,30,147,202,204,77,76,68
175,19,172,173,19,94,171,152,129,125
175,20,144,213,110,22,114,223,25,199
175,21,49,100,85,8,218,214,56,134
175,22,160,131,178,123,207,176,111,144
175,23,80,83,184,181,41,246,26,56
175,24,25,48,202,195,201,200,51,42
175,25,162,26,250,15,10,161,130,226
175,26,100,212,233,55,24,21,236,134
175,27,107,139,129,82,100,53,210,196
175,28,74,94,7,24,66,191,18,175
175,29,150,2,81,249,153,53,108,73
175,30,3,100,52,180,24,30,146,156
175,31,138,238,186,227,94,6,246,161
175,32,127,15,161,203,43,252,205,33
175,33,80,98,101,2,32,99,113,45
175,34,159,20,184,137,120,142,216,172
175,35,24,74,245,180,215,234,198,0
175,36,115,143,208,172,225,75,249,85
175,37,100,239,169,123,178,127,230,207
175,38,103,70,42,236,73,143,220,37
175,39,42,192,76,106,39,227,148,159
176,0,252,42,205,12,25,165,89,100
176,1,180,240,145,126,221,31,208,84
176,2,211,232,247,124,53,209,12,166
176,3,120,66,111,143,191,253,9,4
176,4,84,227,22,146,177,19,134,255
176,5,206,4,82,95,231,80,230,243
176,6,66,180,207,152,130,20,18,32
176,7,252,11,193,178,48,198,97,143
176,8,144,247,22,135,161,27,94,40
176,9,100,22,49,77,218,134,137,252
176,10,32,131,95,180,93,1,76,48
176,11,72,83,241,124,97,183,77,119
176,12,28,25,202,32,87,139,189,239
176,13,162,90,10,185,250,130,96,193
176,14,3,233,21,134,212,100,223,43
176,15,107,138,160,243,100,251,253,173
176,16,94,202,142,77,66,84,18,191
176,17,2,81,145,51,83,121,100,53
176,18,121,102,30,147,194,151,51,200
176,19,49,152,94,172,254,6,1,128
176,20,144,213,247,22,38,89,150,122
176,21,100,49,214,218,58,22,77,32
176,22,113,131,180,76,70,217,32,86
176,23,72,97,38,174,83,241,116,26
176,24,48,25,28,202,50,165,119,27
176,25,162,250,10,0,50,188,178,225
176,26,3,21,233,24,222,87,100,35
176,27,107,141,139,39,219,129,138,133
176,28,18,94,169,142,193,196,177,176
176,29,94,2,61,88,81,145,60,83
176,30,100,0,147,162,200,121,64,232
176,31,152,135,128,49,218,94,34,147
176,32,161,125,254,140,15,179,122,215
176,33,55,132,90,104,119,143,162,47
176,34,241,44,20,120,238,159,236,197
176,35,24,74,187,148,210,108,250,64
176,36,115,156,227,93,143,98,208,241
176,37,101,100,169,123,175,20,178,215
176,38,57,199,7,61,169,143,23,196
176,39,163,236,108,74,107,139,218,157
177,0,113,154,166,97,142,197,150,219
177,1,34,26,59,11,132,225,216,87
177,2,17,59,227,103,114,146,162,88
177,3,31,146,211,84,46,37,135,136
177,4,161,14,65,167,241,67,131,170
177,5,161,104,6,103,235,10,191,83
177,6,180,215,167,51,83,207,107,140
177,7,91,2,176,29,156,231,110,72
177,8,33,89,251,115,56,40,122,247
177,9,39,132,94,29,83,85,49,56
177,10,113,248,1,93,180,253,130,216
177,11,20,241,36,99,185,72,174,251
177,12,28,63,26,251,119,160,253,255
177,13,178,29,33,97,43,222,112,157
177,14,3,222,179,147,219,24,21,244
177,15,65,36,107,81,160,199,171,243
177,16,96,142,196,169,94,164,176,47
177,17,94,60,172,83,2,61,81,93
177,18,148,67,200,121,187,166,20,77
177,19,130,152,128,171,161,94,227,138
177,20,144,22,213,33,247,110,25,168
177,21,39,100,29,94,180,85,134,214
177,22,83,113,76,34,180,131,253,104
177,23,20,174,241,97,38,72,253,83
177,24,251,202,48,160,63,175,200,67
177,25,162,178,250,50,193,43,226,196
177,26,21,233,222,212,35,24,100,252
177,27,65,107,39,139,138,129,141,115
177,28,96,169,94,18,195,196,142,5
177,29,2,145,94,172,61,83,60,8
177,30,100,148,22,64,187,121,29,142
177,31,130,128,218,152,135,94,171,240
177,32,254,99,113,215,68,161,15,122
177,33,190,55,232,143,119,215,41,104
177,34,88,161,62,97,236,67,34,220
177,35,74,24,153,2,108,129,35,39
177,36,207,156,49,119,208,157,246,112
177,37,7,43,135,60,175,15,82,67
177,38,71,255,230,80,139,176,76,93
177,39,69,244,72,114,92,250,183,139
178,0,106,92,66,4,234,172,6,111
178,1,128,189,198,191,250,211,164,76
178,2,87,198,110,134,22,150,121,180
178,3,30,92,177,214,76,146,189,55
178,4,228,118,242,122,71,94,139,65
178,5,10,161,114,100,183,254,67,249
178,6,180,90,246,235,51,3,167,122
178,7,44,2,91,199,101,108,32,196
178,8,35,159,180,56,103,212,122,52
178,9,85,217,151,156,96,49,98,240
178,10,62,253,161,34,113,46,114,39
178,11,195,142,20,66,203,49,99,241
178,12,138,28,251,43,67,69,15,253
178,13,29,116,22,178,100,10,112,50
178,14,222,21,212,180,233,3,100,134
178,15,36,39,107,243,138,155,122,0
178,16,96,169,142,13,147,94,191,37
178,17,2,60,83,145,94,218,132,81
178,18,121,148,147,200,20,68,100,9
178,19,152,51,128,233,173,171,147,81
178,20,144,247,22,213,159,110,122,255
178,21,100,217,22,214,134,218,96,138
178,22,62,253,131,236,180,88,208,32
178,23,42,20,195,66,97,83,38,203
178,24,202,251,48,25,139,67,200,175
178,25,162,250,227,178,50,84,193,29
178,26,233,134,100,21,212,222,248,35
178,27,107,138,139,36,151,66,53,141
178,28,169,96,148,177,18,142,94,103
178,29,2,145,65,81,247,132,83,53
178,30,100,51,142,121,147,29,64,146
178,31,152,135,218,94,19,128,129,240
178,32,96,186,68,215,162,15,155,122
178,33,55,119,238,58,232,6,72,97
178,34,180,9,144,101,236,196,212,204
178,35,153,227,129,56,64,198,183,139
178,36,8,166,157,181,119,98,156,234
178,37,7,31,115,82,175,219,84,20
178,38,230,255,93,76,14,32,176,23
178,39,241,68,9,146,114,16,225,185
179,0,83,108,59,135,130,79,88,57
179,1,143,182,146,78,152,238,140,70
179,2,194,36,8,173,120,141,39,128
179,3,106,129,29,17,226,150,110,250
179,4,254,171,247,72,172,150,159,17
179,5,87,106,109,243,83,68,189,237
179,6,76,46,180,140,182,107,181,87
179,7,206,57,3,110,156,191,60,92
179,8,144,122,100,218,119,40,166,22
179,9,100,49,152,69,183,80,180,107
179,10,88,62,104,228,48,240,161,253
179,11,38,39,253,168,88,11,123,155
179,12,28,190,82,202,124,253,255,144
179,13,162,112,10,68,178,227,254,86
179,14,212,233,21,219,100,134,34,223
179,15,107,36,243,39,138,139,90,111
179,16,142,96,191,94,176,37,77,164
179,17,2,145,83,81,34,100,121,65
179,18,121,147,200,30,3,9,67,40
179,19,152,94,173,200,161,147,128,138
179,20,144,22,122,247,11,49,213,225
179,21,100,69,22,214,217,218,148,180
179,22,131,228,180,62,88,75,210,77
179,23,39,40,148,97,41,91,38,246
179,24,202,25,190,200,68,201,251,123
179,25,162,227,250,141,88,225,102,146
179,26,134,212,233,100,21,34,223,35
179,27,107,53,138,139,219,198,66,141
179,28,148,142,175,18,169,177,186,44
179,29,2,145,81,53,247,25,130,93
179,30,147,100,97,51,110,121,146,169
179,31,188,172,152,160,94,48,153,32
179,32,60,121,124,71,68,57,35,133
179,33,108,33,55,119,78,225,112,135
179,34,138,234,2,106,137,134,6,192
179,35,69,91,64,215,182,95,0,137
179,36,225,106,3,208,66,64,240,96
179,37,239,230,218,29,127,73,34,93
179,38,23,100,143,252,122,83,144,17
179,39,96,162,35,235,185,218,236,216
180,0,0,189,148,137,248,78,60,184
180,1,186,103,204,135,240,161,170,213
180,2,32,124,247,141,181,190,182,173
180,3,184,109,105,48,147,85,121,217
180,4,137,41,178,202,250,125,19,101
180,5,36,126,132,130,106,140,206,231
180,6,76,45,252,87,46,217,198,141
180,7,149,18,251,230,11,110,59,51
180,8,144,22,40,108,94,252,215,114
180,9,100,31,225,157,149,223,177,91
180,10,221,131,90,45,105,192,104,33
180,11,184,244,118,83,123,124,38,243
180,12,202,131,180,200,189,94,5,87
180,13,162,115,240,82,193,68,173,198
180,14,212,85,213,55,68,244,219,233
180,15,107,243,97,138,173,111,175,15
180,16,176,37,251,142,66,49,169,89
180,17,2,184,145,225,182,121,34,53
180,18,121,30,147,108,36,40,60,146
180,19,149,49,200,94,173,15,254,186
180,20,144,213,202,22,25,114,205,149
180,21,100,121,12,214,218,60,18,71
180,22,221,131,104,195,82,228,226,77
180,23,118,244,51,26,246,237,196,154
180,24,202,131,25,68,41,200,164,105
180,25,162,227,161,115,49,141,193,196
180,26,212,35,211,134,85,21,63,236
180,27,107,66,138,141,139,243,175,251
180,28,142,177,169,148,18,103,176,247
180,29,2,184,225,53,145,81,247,99
180,30,147,100,110,234,40,51,121,34
180,31,149,152,172,94,49,15,48,144
180,32,121,57,138,5,35,133,214,68
180,33,147,162,55,78,195,225,90,84
180,34,226,163,6,120,137,204,234,158
180,35,210,9,95,155,152,230,127,209
180,36,106,148,225,4,208,240,231,92
180,37,62,230,100,127,117,54,156,173
180,38,23,159,138,193,173,196,42,17
180,39,107,134,235,185,193,159,148,218
181,0,130,36,179,168,213,176,94,15
181,1,139,106,216,64,87,78,111,219
181,2,182,69,155,240,25,161,19,244
181,3,142,59,205,208,8,135,97,160
181,4,241,131,151,198,39,181,101,96
181,5,231,37,176,103,24,112,113,175
181,6,76,212,222,252,107,6,88,189
181,7,51,156,224,206,205,110,225,104
181,8,144,59,199,100,48,202,96,166
181,9,69,100,183,225,107,157,103,192
181,10,228,212,69,82,42,199,86,71
181,11,254,168,38,41,40,123,174,243
181,12,11,251,28,190,18,14,195,2
181,13,162,68,121,211,161,193,173,227
181,14,212,180,213,219,186,233,223,34
181,15,243,107,228,160,138,59,141,139
181,16,142,169,37,191,57,177,213,245
181,17,2,145,225,82,251,34,83,122
181,18,121,30,166,77,9,60,3,147
181,19,152,173,94,186,254,227,91,128
181,20,144,120,22,11,49,202,67,149
181,21,100,69,218,209,210,214,228,148
181,22,131,195,24,71,180,210,228,199
181,23,40,154,51,112,38,72,253,149
181,24,25,68,200,202,190,195,139,201
181,25,162,227,250,211,161,141,148,193
181,26,134,211,110,233,212,236,21,222
181,27,139,66,141,107,198,138,219,59
181,28,169,177,245,44,142,148,63,204
181,29,2,225,145,214,53,247,83,34
181,30,147,100,51,166,180,121,188,234
181,31,152,194,94,172,218,149,128,123
181,32,57,121,35,115,217,68,214,203
181,33,195,55,225,126,162,151,227,90
181,34,234,120,137,140,175,6,199,229
181,35,198,215,213,5,209,170,8,222
181,36,2,208,225,75,25,63,106,130
181,37,54,226,141,119,130,156,36,173
181,38,159,138,55,115,207,23,166,17
181,39,235,185,114,134,170,10,47,80
182,0,51,49,153,22,58,85,247,18
182,1,30,169,13,177,223,87,111,232
182,2,16,195,18,22,240,48,69,40
182,3,98,97,27,238,160,47,181,208
182,4,14,72,81,65,67,182,240,101
182,5,67,231,159,103,95,130,243,112
182,6,193,76,252,180,107,110,212,8
182,7,44,11,206,57,142,48,51,230
182,8,247,144,22,33,40,27,161,174
182,9,100,132,22,18,49,183,229,107
182,10,228,86,93,95,6,213,206,180
182,11,36,38,40,254,253,163,83,168
182,12,11,190,28,242,137,255,18,202
182,13,162,185,33,193,75,227,121,173
182,14,223,219,8,213,186,212,133,185
182,15,243,240,107,59,177,160,138,198
182,16,57,169,37,75,142,131,14,103
182,17,2,145,110,65,182,72,121,99
182,18,121,128,194,112,9,3,97,110
182,19,238,94,138,254,81,158,186,107
182,20,247,144,11,40,25,22,223,67
182,21,132,100,22,218,60,214,56,210
182,22,195,249,6,71,127,104,95,82
182,23,253,40,246,38,36,205,16,96
182,24,102,16,251,187,87,124,0,48
182,25,227,162,161,193,49,233,141,68
182,26,110,127,223,185,4,186,142,8
182,27,243,141,240,219,137,151,198,47
182,28,175,18,177,169,245,89,37,247
182,29,110,59,53,72,34,106,99,119
182,30,128,166,100,30,110,180,112,184
182,31,238,10,197,161,135,246,94,107
182,32,238,217,214,15,184,115,231,212
182,33,73,225,195,55,41,227,135,98
182,34,99,234,204,137,199,108,34,14
182,35,94,245,215,5,64,104,209,238
182,36,199,69,112,230,208,224,219,75
182,37,252,4,111,42,51,130,61,144
182,38,255,193,248,55,182,173,206,110
182,39,113,185,218,47,114,146,22,159
183,0,83,130,59,135,88,108,57,79
183,1,143,237,182,212,110,136,78,173
183,2,16,76,8,138,108,36,171,105
183,3,106,12,162,49,124,250,161,1
183,4,21,50,64,99,141,176,97,31
183,5,57,200,25,143,20,215,234,247
183,6,190,24,78,139,231,225,163,248
183,7,141,186,247,211,63,213,241,200
183,8,11,81,8,78,235,217,17,127
183,9,72,235,209,112,213,136,246,248
183,10,243,150,79,176,247,185,78,65
183,11,128,108,206,12,160,204,135,9
183,12,251,145,68,209,153,1,52,18
183,13,118,49,130,161,57,134,154,114
183,14,233,212,161,21,54,222,52,105
183,15,107,100,90,129,162,199,122,253
183,16,170,24,74,94,79,7,191,32
183,17,153,81,211,2,220,15,97,20
183,18,204,226,127,192,161,68,2,13
183,19,171,29,30,227,45,124,19,96
183,20,110,114,11,161,22,144,238,215
183,21,85,47,87,56,34,207,218,49
183,22,234,160,116,196,178,39,150,176
183,23,80,111,56,106,128,160,57,107
183,24,3,225,81,39,116,68,189,237
183,25,216,250,86,130,236,41,32,191
183,26,52,161,179,252,231,138,24,167
183,27,157,100,199,165,147,87,2,129
183,28,74,94,26,170,216,220,79,116
183,29,150,2,159,124,83,8,34,39
183,30,3,52,68,60,17,13,133,2
183,31,138,238,171,207,227,234,204,246
183,32,33,15,231,127,63,11,97,105
183,33,192,245,241,227,229,124,113,109
183,34,16,107,230,137,247,189,201,2
183,35,180,108,110,64,198,245,56,250
183,36,199,157,210,59,191,149,172,245
183,37,69,92,144,226,184,218,244,250
183,38,103,37,144,176,43,65,233,100
183,39,185,96,76,33,48,152,41,5
184,0,0,148,189,248,12,60,201,137
184,1,173,197,208,5,165,135,161,186
184,2,16,61,76,182,195,32,77,240
184,3,184,107,109,137,48,139,132,32
184,4,203,26,72,19,101,209,153,218
184,5,36,206,33,111,140,131,196,74
184,6,54,141,11,76,95,252,99,19
184,7,149,18,11,51,251,59,60,168
184,8,144,247,22,94,40,60,148,44
184,9,100,31,149,177,35,218,137,91
184,10,74,221,131,118,231,86,95,90
184,11,136,244,118,184,123,83,124,173
184,12,242,202,214,180,102,200,131,25
184,13,162,121,240,227,2,185,67,90
184,14,85,212,219,92,213,186,127,68
184,15,243,107,59,196,160,177,97,168
184,16,66,37,84,50,142,176,92,18
184,17,2,184,145,182,121,247,82,119
184,18,121,30,97,60,42,40,61,180
184,19,238,249,49,94,149,173,15,123
184,20,144,213,22,202,247,199,36,25
184,21,100,218,214,228,22,60,58,121
184,22,118,131,104,221,249,231,195,90
184,23,123,136,51,205,246,244,118,40
184,24,102,200,202,68,48,242,25,41
184,25,162,227,189,161,233,71,193,213
184,26,223,110,236,212,21,34,55,233
184,27,107,66,138,151,141,139,117,198
184,28,175,18,169,142,148,177,245,37
184,29,2,53,145,184,119,247,99,214
184,30,100,51,97,147,121,146,110,188
184,31,94,152,135,249,129,128,238,186
184,32,68,48,15,64,214,122,115,217
184,33,55,72,147,107,225,151,99,227
184,34,175,204,226,67,113,137,236,202
184,35,94,187,129,85,56,5,2,227
184,36,156,246,195,176,152,106,1,143
184,37,100,7,43,60,219,200,230,135
184,38,32,173,140,100,163,42,230,199
184,39,114,107,236,83,248,185,35,193
185,0,130,179,168,213,94,145,15,38
185,1,139,106,64,216,208,177,87,5
185,2,215,85,186,16,98,144,73,19
185,3,59,142,27,205,208,135,204,97
185,4,241,131,96,181,151,39,101,219
185,5,176,231,37,112,24,175,242,51
185,6,54,107,128,222,44,19,141,67
185,7,51,205,156,224,206,107,34,68
185,8,247,144,48,251,250,96,93,219
185,9,69,100,107,103,117,118,22,149
185,10,228,69,210,24,212,86,192,50
185,11,38,254,40,174,164,173,243,88
185,12,11,190,28,102,251,0,200,115
185,13,185,22,162,68,193,10,188,102
185,14,180,213,219,223,212,34,134,186
185,15,107,243,177,138,160,228,59,139
185,16,169,57,142,147,37,137,191,13
185,17,2,145,83,82,121,100,34,182
185,18,121,188,97,9,67,166,30,194
185,19,152,94,138,238,135,254,173,161
185,20,144,120,247,11,22,49,223,114
185,21,100,22,69,218,214,134,228,148
185,22,24,180,249,210,208,11,191,104
185,23,123,253,96,38,51,40,41,210
185,24,48,68,102,200,202,139,190,25
185,25,162,227,189,250,161,193,88,141
185,26,110,211,233,21,223,236,212,87
185,27,141,139,138,107,198,151,115,66
185,28,169,175,18,177,245,148,142,103
185,29,2,145,53,247,214,249,132,34
185,30,100,51,121,188,166,147,97,40
185,31,94,152,135,128,238,199,19,129
185,32,68,48,15,214,64,102,128,122
185,33,55,107,224,151,72,126,99,57
185,34,204,175,236,67,137,240,64,120
185,35,94,56,85,129,5,227,187,2
185,36,156,195,246,157,176,152,2,189
185,37,7,82,219,43,60,200,135,26
185,38,47,230,163,201,255,32,76,100
185,39,114,246,1,248,250,92,215,203
186,0,4,234,92,72,172,58,155,211
186,1,43,198,66,30,50,111,239,141
186,2,110,150,230,23,15,212,195,86
186,3,116,177,30,180,155,218,112,144
186,4,134,71,94,228,12,77,2,112
186,5,82,23,95,115,249,18,243,79
186,6,235,107,54,204,125,240,92,213
186,7,11,240,48,181,243,97,151,237
186,8,247,144,22,161,246,27,40,255
186,9,100,22,49,96,18,229,218,214
186,10,218,1,180,131,50,95,9,206
186,11,124,114,130,241,153,54,97,83
186,12,202,28,11,190,25,4,110,185
186,13,162,185,38,10,22,173,227,193
186,14,219,134,180,212,21,233,223,100
186,15,138,107,248,111,198,122,0,90
186,16,169,142,57,147,223,13,37,191
186,17,145,2,83,218,216,65,121,197
186,18,121,194,69,67,9,214,147,176
186,19,152,94,254,233,138,161,135,81
186,20,144,247,49,65,22,213,161,11
186,21,100,22,218,239,96,134,214,99
186,22,0,218,131,9,180,76,21,95
186,23,114,205,130,38,40,153,97,15
186,24,202,48,139,102,200,25,174,70
186,25,162,227,38,250,195,193,49,91
186,26,223,21,219,212,110,233,34,87
186,27,138,139,248,107,151,141,198,47
186,28,169,148,13,142,18,103,223,37
186,29,2,145,247,53,249,34,218,157
186,30,51,100,121,69,214,147,215,194
186,31,94,19,152,128,240,135,186,60
186,32,195,68,146,128,16,64,214,115
186,33,55,217,97,37,189,72,57,75
186,34,204,212,255,236,188,144,113,54
186,35,49,196,129,56,227,44,64,183
186,36,234,0,157,8,106,176,156,172
186,37,7,219,82,244,130,69,207,44
186,38,230,32,14,177,255,47,145,100
186,39,114,23,68,16,185,224,241,167
187,0,65,218,4,46,110,136,212,202
187,1,96,40,183,234,209,98,206,166
187,2,1,178,147,112,201,56,125,46
187,3,15,124,162,177,112,9,158,14
187,4,155,71,134,123,180,24,12,37
187,5,31,23,213,82,19,12,123,221
187,6,18,175,204,235,107,241,240,16
187,7,61,240,48,169,11,167,97,243
187,8,247,157,38,49,144,22,161,27
187,9,100,22,218,239,214,229,103,99
187,10,1,180,131,220,50,95,218,76
187,11,79,241,124,64,130,4,192,216
187,12,32,202,175,28,51,25,190,78
187,13,185,162,193,42,173,10,245,231
187,14,21,134,223,57,219,233,212,180
187,15,138,107,116,76,243,160,228,0
187,16,169,142,57,13,223,147,37,191
187,17,145,2,216,114,65,121,83,69
187,18,121,214,194,156,67,100,9,40
187,19,94,152,81,138,233,19,24,161
187,20,144,38,157,247,49,11,22,213
187,21,100,239,218,214,22,210,134,138
187,22,76,220,206,21,61,131,95,127
187,23,205,38,79,181,40,64,4,193
187,24,175,202,213,48,91,102,216,25
187,25,162,227,195,250,49,231,209,193
187,26,223,21,212,55,219,35,233,34
187,27,53,138,139,151,141,107,198,66
187,28,169,18,175,142,177,201,103,13
187,29,145,2,114,249,53,247,216,34
187,30,100,51,214,121,215,172,72,156
187,31,94,19,152,172,128,186,135,240
187,32,139,68,116,197,128,16,214,64
187,33,55,182,59,217,206,18,21,71
187,34,204,152,236,213,205,188,113,144
187,35,129,196,56,227,84,64,28,183
187,36,172,251,176,252,157,239,156,35
187,37,219,7,82,200,225,55,50,44
187,38,14,124,230,32,47,106,100,23
187,39,114,45,203,185,201,85,13,177
188,0,41,4,86,29,65,223,171,2
188,1,134,37,101,221,83,157,53,88
188,2,201,147,178,112,56,1,24,139
188,3,15,189,162,14,180,150,127,247
188,4,134,149,155,77,180,123,75,186
188,5,12,23,82,19,213,13,15,221
188,6,18,175,152,241,204,53,213,140
188,7,240,191,88,11,48,51,169,167
188,8,247,144,49,22,157,27,40,38
188,9,100,22,218,214,49,229,86,134
188,10,95,131,180,21,50,100,233,166
188,11,124,4,79,83,97,54,163,241
188,12,166,202,157,91,78,25,48,175
188,13,185,162,195,193,49,173,42,227
188,14,219,223,134,21,212,55,233,100
188,15,107,138,53,116,198,2,160,243
188,16,169,177,223,142,50,191,126,2
188,17,2,145,114,49,95,121,182,247
188,18,121,156,194,100,214,172,40,130
188,19,94,24,19,186,138,152,81,172
188,20,144,247,49,11,157,213,150,223
188,21,214,100,218,22,58,210,213,60
188,22,21,95,104,191,71,166,231,60
188,23,4,38,40,205,148,219,79,183
188,24,91,175,213,78,202,157,48,166
188,25,162,227,49,119,195,177,209,180
188,26,223,193,21,212,55,177,4,219
188,27,53,141,138,151,139,107,115,66
188,28,169,18,177,201,138,175,103,142
188,29,2,145,249,247,114,53,34,78
188,30,100,51,130,121,214,172,156,215
188,31,94,19,152,186,172,254,70,75
188,32,68,128,214,139,16,75,64,15
188,33,55,5,59,103,161,72,18,206
188,34,204,227,11,236,144,152,213,18
188,35,198,129,56,227,196,84,28,64
188,36,48,172,157,176,156,251,55,189
188,37,219,7,82,26,200,44,69,162
188,38,230,124,185,14,47,32,76,120
188,39,114,167,185,224,228,166,203,77
189,0,151,134,211,72,220,159,4,116
189,1,230,88,166,44,206,157,101,17
189,2,241,147,1,71,201,46,112,246
189,3,15,243,213,112,13,189,14,66
189,4,134,44,77,221,180,75,186,10
189,5,82,12,23,13,15,19,95,136
189,6,18,175,152,57,240,241,204,53
189,7,88,223,240,191,195,11,169,178
189,8,247,144,49,22,63,114,27,161
189,9,100,22,49,218,134,58,99,97
189,10,95,131,180,19,1,220,138,32
189,11,124,79,83,97,241,220,216,59
189,12,28,202,25,139,157,32,0,189
189,13,185,162,10,195,90,82,193,250
189,14,3,21,233,212,134,219,230,223
189,15,107,53,138,243,122,160,111,228
189,16,142,94,77,169,193,177,176,202
189,17,2,145,247,81,164,121,83,34
189,18,121,151,100,156,250,214,30,200
189,19,152,138,81,94,85,161,254,172
189,20,144,49,247,38,213,22,40,114
189,21,100,218,214,22,49,98,58,210
189,22,19,220,131,95,102,71,216,104
189,23,79,38,40,4,116,97,148,85
189,24,91,175,48,202,157,128,25,201
189,25,162,227,195,194,19,49,97,250
189,26,21,212,223,63,34,222,219,35
189,27,53,141,139,107,138,33,151,76
189,28,169,177,142,18,193,245,66,190
189,29,2,164,145,249,114,88,61,53
189,30,100,121,214,51,215,250,147,162
189,31,152,128,94,135,34,85,114,32
189,32,123,139,140,179,215,76,125,161
189,33,55,234,95,104,102,11,59,56
189,34,204,240,44,72,238,236,113,67
189,35,129,187,148,191,24,74,190,181
189,36,172,142,227,156,115,39,147,176
189,37,95,7,27,78,219,198,193,15
189,38,139,230,255,251,215,119,47,173
189,39,114,158,122,244,40,99,7,72
190,0,212,218,88,59,4,65,146,110
190,1,133,66,162,232,13,166,43,60
190,2,147,107,249,110,247,134,22,89
190,3,15,228,226,177,112,218,2,95
190,4,228,180,105,123,164,139,134,183
190,5,12,23,82,31,123,95,13,61
190,6,18,114,3,175,207,90,241,157
190,7,240,169,44,131,195,66,228,206
190,8,247,144,22,35,122,38,49,103
190,9,100,240,22,218,49,58,99,97
190,10,180,191,1,220,95,131,152,255
190,11,124,142,49,143,241,79,116,40
190,12,67,202,137,91,175,32,28,48
190,13,185,162,200,49,193,221,173,4
190,14,38,223,21,219,26,134,212,31
190,15,76,138,107,221,53,47,55,243
190,16,169,78,142,57,147,37,13,218
190,17,145,2,65,100,121,88,113,102
190,18,121,194,156,100,9,75,67,184
190,19,161,152,138,233,153,24,173,94
190,20,144,122,22,213,11,247,38,114
190,21,240,218,100,210,72,56,214,194
190,22,32,95,71,82,115,123,215,241
190,23,142,163,49,90,181,196,148,72
190,24,202,91,175,139,87,245,25,216
190,25,162,52,119,75,226,193,141,88
190,26,21,223,31,212,87,24,219,233
190,27,53,76,138,141,107,66,139,221
190,28,142,169,78,177,103,148,175,204
190,29,2,145,249,34,102,53,100,55
190,30,100,147,51,166,121,214,146,40
190,31,152,19,94,186,36,176,24,254
190,32,116,68,139,75,64,136,158,128
190,33,182,55,205,168,133,98,6,119
190,34,205,204,236,219,211,12,177,137
190,35,129,104,34,181,64,155,66,56
190,36,185,172,251,148,252,64,208,22
190,37,198,95,7,92,69,219,229,12
190,38,255,230,93,173,32,209,14,193
190,39,27,114,165,146,185,235,7,39
191,0,69,98,198,80,250,140,5,10
191,1,133,154,85,88,169,60,137,2
191,2,147,247,134,22,189,89,249,113
191,3,226,15,216,228,14,112,221,98
191,4,105,119,155,180,228,139,123,20
191,5,12,82,67,23,123,95,18,254
191,6,18,114,3,90,182,175,16,157
191,7,66,240,44,195,169,131,228,11
191,8,247,35,144,22,122,112,38,49
191,9,100,22,240,49,218,99,214,19
191,10,191,180,152,95,229,163,255,71
191,11,124,142,18,130,168,49,143,123
191,12,67,106,175,91,202,0,58,16
191,13,162,200,52,179,193,185,49,195
191,14,223,21,219,186,31,38,212,26
191,15,221,107,138,243,141,76,219,53
191,16,223,78,169,37,142,57,63,218
191,17,2,145,121,34,249,65,113,72
191,18,121,9,156,36,40,3,194,75
191,19,138,161,153,24,152,94,227,173
191,20,144,11,213,122,114,22,247,37
191,21,210,218,100,184,72,122,194,209
191,22,76,32,71,123,215,241,189,166
191,23,148,112,246,183,253,26,205,196
191,24,213,41,245,175,91,144,99,87
191,25,162,52,119,161,231,193,75,171
191,26,21,212,114,219,223,209,31,186
191,27,141,53,219,179,243,139,192,254
191,28,39,63,142,148,177,218,169,204
191,29,249,2,145,53,247,97,82,34
191,30,100,166,172,146,180,147,75,30
191,31,36,186,238,94,161,246,170,24
191,32,136,16,139,66,51,101,64,184
191,33,55,98,168,182,23,165,24,187
191,34,204,205,137,182,187,151,179,199
191,35,129,104,64,155,181,137,96,115
191,36,185,168,253,8,69,64,73,143
191,37,198,7,233,219,84,92,69,95
191,38,93,255,136,46,230,193,161,32
191,39,21,114,7,146,185,108,151,39
192,0,255,246,216,135,34,168,61,181
192,1,192,48,115,193,20,78,54,137
192,2,246,247,72,147,101,237,45,189
192,3,46,27,212,72,250,228,9,226
192,4,150,23,32,146,171,184,123,6
192,5,82,243,12,4,95,106,160,215
192,6,152,207,118,18,89,199,110,211
192,7,66,11,194,136,88,143,72,206
192,8,144,22,218,219,244,114,64,250
192,9,100,235,127,72,135,71,99,122
192,10,23,144,78,123,160,127,79,60
192,11,181,135,42,45,58,19,11,34
192,12,202,25,139,124,28,91,113,58
192,13,162,10,250,50,44,90,255,218
192,14,233,212,3,21,222,134,100,248
192,15,107,100,90,243,104,124,246,219
192,16,24,74,142,94,126,77,213,70
192,17,2,81,145,121,232,83,34,82
192,18,121,147,30,9,20,36,186,77
192,19,173,152,94,172,138,187,125,19
192,20,144,213,11,25,114,40,219,22
192,21,49,100,218,12,122,56,85,223
192,22,131,160,241,71,123,178,180,245
192,23,80,83,26,41,241,97,246,183
192,24,25,28,200,164,150,2,42,8
192,25,162,10,213,26,82,68,250,128
192,26,100,212,21,211,63,34,31,233
192,27,53,219,175,210,107,42,191,139
192,28,177,218,39,194,235,204,89,79
192,29,249,114,51,53,111,94,145,92
192,30,100,180,166,40,184,14,146,121
192,31,238,161,144,160,186,153,227,214
192,32,161,139,15,230,51,104,231,125
192,33,152,98,55,240,241,165,231,132
192,34,158,204,69,183,22,159,179,137
192,35,24,64,181,155,157,74,195,215
192,36,185,168,106,231,145,92,18,208
192,37,239,198,248,233,71,100,226,173
192,38,255,20,233,23,166,143,209,112
192,39,42,39,240,55,35,175,227,185
193,0,42,252,205,25,12,160,5,165
193,1,230,180,221,194,98,82,79,48
193,2,247,246,72,45,147,101,201,5
193,3,15,213,82,132,194,66,191,72
193,4,22,180,134,188,146,84,177,150
193,5,82,206,95,13,4,12,230,243
193,6,18,152,175,240,118,87,207,227
193,7,66,11,136,193,240,48,88,191
193,8,144,247,22,135,49,244,161,216
193,9,100,22,218,99,49,86,134,223
193,10,32,131,95,76,180,104,13,11
193,11,72,124,241,163,164,88,26,143
193,12,32,149,110,202,25,51,60,37
193,13,162,52,185,115,173,141,222,4
193,14,21,3,219,223,233,134,212,186
193,15,76,228,107,243,221,160,0,138
193,16,169,142,193,94,37,191,77,79
193,17,2,145,249,83,81,53,121,34
193,18,121,151,66,79,200,9,147,3
193,19,49,152,6,161,173,227,138,1
193,20,144,247,89,40,38,49,63,106
193,21,49,218,56,100,55,214,22,210
193,22,113,216,1,208,115,131,71,86
193,23,40,72,241,79,26,123,97,17
193,24,128,32,28,201,195,27,119,226
193,25,97,162,178,193,10,50,250,198
193,26,20,3,21,233,222,24,195,95
193,27,107,141,129,39,171,128,139,115
193,28,94,196,66,204,193,79,7,235
193,29,94,61,2,88,34,114,83,134
193,30,0,22,200,40,162,232,64,166
193,31,4,128,152,135,205,227,214,171
193,32,161,125,139,254,118,203,54,122
193,33,132,166,215,90,55,115,86,98
193,34,241,20,44,137,219,96,238,216
193,35,24,108,74,148,21,64,187,190
193,36,172,19,93,115,39,227,171,64
193,37,169,100,175,233,101,69,98,130
193,38,7,169,18,143,196,96,134,158
193,39,39,117,74,40,163,170,37,139
194,0,196,229,105,197,7,101,118,249
194,1,150,225,231,27,244,11,93,188
194,2,100,103,163,34,88,74,227,17
194,3,133,187,235,152,231,37,77,84
194,4,13,142,236,241,222,108,102,128
194,5,104,186,193,6,41,253,99,12
194,6,51,167,153,180,18,175,246,107
194,7,23,29,196,199,216,64,33,204
194,8,89,234,180,56,114,105,57,83
194,9,29,94,164,49,85,100,228,13
194,10,130,169,113,180,216,210,198,1
194,11,189,161,107,241,230,185,96,248
194,12,28,63,26,74,195,25,15,189
194,13,147,97,43,10,162,130,250,50
194,14,20,3,233,51,222,124,21,43
194,15,107,81,100,162,122,200,129,243
194,16,5,142,94,196,24,191,37,176
194,17,81,172,250,2,51,76,121,145
194,18,179,0,30,57,121,187,100,200
194,19,130,171,109,152,205,172,6,94
194,20,144,234,89,110,213,56,150,114
194,21,164,29,94,49,85,100,8,56
194,22,113,169,198,130,86,180,178,39
194,23,161,189,83,97,174,26,1,42
194,24,63,74,26,28,201,48,189,195
194,25,43,147,50,161,250,10,128,134
194,26,20,3,124,148,233,100,63,161
194,27,107,129,200,81,162,253,164,210
194,28,94,7,133,5,196,32,176,79
194,29,81,76,250,172,61,83,2,87
194,30,22,179,76,187,0,200,204,205
194,31,109,205,128,171,130,4,129,117
194,32,161,98,215,90,99,155,125,181
194,33,86,126,215,238,183,72,166,55
194,34,84,96,207,180,86,62,204,133
194,35,160,57,108,84,153,47,145,204
194,36,70,181,120,83,171,98,217,222
194,37,65,31,182,72,61,123,58,190
194,38,151,148,202,92,143,71,17,5
194,39,2,217,38,228,189,190,69,114
195,0,132,158,190,47,141,235,177,125
195,1,182,244,188,93,197,155,233,11
195,2,100,57,123,93,29,103,145,34
195,3,187,190,133,158,235,40,37,34
195,4,236,95,142,128,127,0,87,91
195,5,193,47,90,78,43,41,65,188
195,6,153,60,215,22,206,138,173,43
195,7,117,23,29,64,196,78,254,199
195,8,234,180,116,239,104,99,56,52
195,9,164,239,191,85,171,2,8,13
195,10,169,198,125,36,65,113,130,196
195,11,189,161,108,206,86,128,233,107
195,12,93,74,63,26,15,128,44,193
195,13,134,147,43,97,130,154,32,105
195,14,51,86,20,124,148,32,137,3
195,15,162,200,81,165,31,87,100,58
195,16,133,5,43,24,196,106,7,9
195,17,250,87,76,172,0,153,198,81
195,18,179,0,43,163,204,57,187,161
195,19,116,109,20,19,205,171,26,172
195,20,239,116,234,56,110,179,83,63
195,21,164,239,191,85,94,126,49,29
195,22,169,113,198,125,39,130,150,65
195,23,128,189,161,86,206,83,193,41
195,24,93,74,63,15,26,54,52,44
195,25,134,147,43,253,32,6,130,2
195,26,51,20,148,3,10,88,124,86
195,27,162,200,31,165,58,81,107,87
195,28,43,7,133,5,94,134,106,24
195,29,87,0,76,81,250,172,153,108
195,30,179,163,76,0,22,187,226,133
195,31,116,109,205,20,4,171,129,19
195,32,161,90,119,181,252,215,68,53
195,33,93,129,210,83,86,215,43,183
195,34,82,96,132,86,1,26,74,207
195,35,84,160,27,42,57,108,72,239
195,36,222,22,45,83,20,70,192,120
195,37,229,182,39,88,31,58,190,138
195,38,151,64,109,148,92,71,70,202
195,39,186,154,190,38,69,162,217,189
196,0,193,38,167,206,54,53,44,238
196,1,182,140,122,201,117,58,152,103
196,2,49,20,140,80,100,219,233,167
196,3,128,35,34,91,103,233,26,117
196,4,58,205,95,6,91,0,179,187
196,5,193,90,47,188,145,152,5,43
196,6,60,22,215,153,68,121,65,31
196,7,117,254,78,23,210,64,229,196
196,8,104,239,234,116,180,56,99,179
196,9,239,191,49,85,116,118,164,170
196,10,125,27,157,36,88,65,93,198
196,11,86,181,233,39,189,108,253,224
196,12,93,175,44,195,85,54,53,15
196,13,103,134,11,29,15,168,176,10
196,14,86,41,3,10,32,51,52,95
196,15,162,31,36,107,122,200,100,243
196,16,96,24,106,133,43,176,9,7
196,17,81,153,250,172,76,93,193,145
196,18,204,179,76,30,200,187,163,170
196,19,116,19,109,172,171,205,117,57
196,20,234,110,213,239,144,179,205,198
196,21,191,85,239,94,49,164,100,116
196,22,125,169,88,198,113,34,39,157
196,23,83,189,86,42,193,39,1,128
196,24,93,113,54,60,27,195,52,202
196,25,134,15,6,147,250,35,128,10
196,26,100,3,51,233,10,21,54,149
196,27,107,162,31,200,129,81,196,210
196,28,94,7,43,5,133,24,144,9
196,29,81,250,76,172,0,87,153,5
196,30,22,179,187,76,170,200,204,163
196,31,116,109,19,205,128,171,20,191
196,32,119,90,161,215,155,68,128,252
196,33,93,129,86,215,83,119,183,72
196,34,186,96,82,86,207,1,132,62
196,35,84,160,108,57,227,153,129,204
196,36,45,70,181,83,23,20,120,157
196,37,182,31,229,58,190,88,39,29
196,38,151,148,71,92,255,168,109,121
196,39,2,154,69,38,189,217,213,162
197,0,140,43,95,238,200,98,173,229
197,1,182,140,152,70,19,199,86,143
197,2,49,11,219,8,167,60,72,20
197,3,151,106,113,130,129,118,199,226
197,4,58,54,205,247,45,88,132,57
197,5,65,69,119,188,87,79,166,152
197,6,65,22,182,31,180,68,14,207
197,7,117,254,78,49,123,70,229,184
197,8,104,180,116,56,99,52,179,141
197,9,255,191,49,152,85,208,84,180
197,10,88,125,27,65,157,39,86,230
197,11,39,108,19,89,150,179,86,106
197,12,151,145,60,81,85,93,54,193
197,13,103,112,220,105,29,10,168,11
197,14,26,41,55,10,191,21,86,105
197,15,36,172,31,107,56,141,162,243
197,16,144,106,61,176,96,160,66,238
197,17,153,81,5,46,2,145,34,121
197,18,170,204,85,76,30,163,254,200
197,19,200,19,172,173,52,215,195,57
197,20,179,213,144,205,209,198,255,106
197,21,191,152,49,100,169,85,56,248
197,22,88,125,65,230,150,127,27,247
197,23,39,83,19,86,108,188,26,183
197,24,169,151,54,145,202,195,34,87
197,25,112,103,138,189,250,10,161,226
197,26,149,100,223,105,10,88,26,41
197,27,107,31,172,139,183,42,196,141
197,28,144,77,142,238,111,134,139,177
197,29,81,52,2,145,108,0,153,107
197,30,170,147,76,163,24,200,202,161
197,31,200,0,19,103,116,150,172,147
197,32,53,60,225,90,25,228,23,252
197,33,33,210,119,129,78,55,76,108
197,34,52,118,174,134,91,86,3,133
197,35,91,84,207,211,174,169,68,139
197,36,96,72,192,200,45,23,143,238
197,37,65,29,230,205,88,44,239,73
197,38,199,108,57,89,232,223,216,83
197,39,108,236,230,157,35,162,176,17
198,0,140,60,189,149,112,58,214,45
198,1,82,103,135,213,172,137,234,18
198,2,11,49,119,247,81,1,172,117
198,3,151,38,104,69,149,227,99,109
198,4,58,57,171,189,195,88,79,185
198,5,119,65,152,79,182,243,214,126
198,6,65,207,31,132,22,180,233,28
198,7,49,123,184,200,78,254,117,191
198,8,245,95,144,179,166,91,26,255
198,9,49,152,239,180,6,205,84,200
198,10,88,125,231,65,27,166,93,215
198,11,19,39,253,108,192,183,83,162
198,12,151,243,16,0,189,195,164,28
198,13,112,10,103,3,2,220,205,243
198,14,55,123,223,26,100,217,30,41
198,15,107,36,141,56,243,160,157,191
198,16,66,176,144,164,23,160,63,77
198,17,81,2,145,121,65,45,182,34
198,18,30,147,204,34,102,121,42,76
198,19,200,172,19,173,166,138,170,79
198,20,144,213,205,209,25,122,106,201
198,21,100,49,214,56,152,171,60,169
198,22,88,227,230,162,127,71,224,199
198,23,83,39,188,183,38,26,78,246
198,24,169,202,195,175,182,87,23,201
198,25,57,112,161,10,189,226,241,193
198,26,223,100,55,185,0,26,254,126
198,27,141,42,107,183,244,151,168,139
198,28,144,77,63,18,177,187,202,142
198,29,81,34,249,145,108,52,2,53
198,30,147,146,100,24,76,30,17,37
198,31,200,172,94,166,0,186,170,246
198,32,127,60,124,225,53,35,25,252
198,33,33,108,210,55,223,196,78,44
198,34,52,174,118,134,142,99,8,192
198,35,211,115,221,91,159,104,123,17
198,36,124,225,102,208,111,226,40,230
198,37,116,230,88,215,69,243,185,160
198,38,108,199,89,223,83,36,117,176
198,39,50,236,95,108,96,86,106,216
199,0,21,102,228,225,23,71,224,24
199,1,103,67,56,135,127,170,178,238
199,2,11,32,124,8,6,49,79,237
199,3,56,223,242,109,165,104,200,195
199,4,233,134,132,57,185,110,75,111
199,5,60,119,126,207,109,95,173,231
199,6,233,132,46,140,40,23,101,207
199,7,252,6,191,75,178,249,221,15
199,8,144,63,232,27,40,22,108,84
199,9,100,218,49,134,183,177,50,34
199,10,230,131,89,13,210,162,32,70
199,11,83,124,188,155,56,23,5,100
199,12,13,16,202,50,180,40,139,5
199,13,162,240,179,185,90,141,68,2
199,14,21,100,55,212,233,223,62,197
199,15,107,246,243,100,15,255,192,237
199,16,77,76,37,68,88,251,94,49
199,17,2,81,145,52,121,184,46,179
199,18,120,51,147,30,102,202,146,76
199,19,200,0,172,235,103,49,173,246
199,20,213,144,232,135,201,25,168,91
199,21,100,49,109,241,169,128,60,0
199,22,89,230,70,131,162,221,203,127
199,23,83,244,183,16,253,188,87,177
199,24,202,75,40,175,105,87,60,16
199,25,189,223,10,110,177,90,132,161
199,26,223,104,55,3,87,105,100,34
199,27,244,42,48,151,107,27,56,175
199,28,18,164,144,63,76,217,77,187
199,29,59,34,32,215,99,220,254,187
199,30,120,141,234,24,146,37,180,3
199,31,10,195,48,11,161,170,60,252
199,32,120,38,60,101,111,121,115,41
199,33,108,33,128,196,19,250,12,243
199,34,32,42,52,122,174,114,46,234
199,35,119,215,81,133,104,123,91,0
199,36,40,111,55,218,145,230,28,37
199,37,230,69,198,165,88,108,133,92
199,38,193,223,241,11,23,100,5,186
199,39,238,21,216,228,223,118,63,90
200,0,168,52,87,209,255,129,193,198
200,1,209,222,234,119,137,67,54,148
200,2,81,1,129,172,213,160,2,39
200,3,50,244,255,237,124,99,246,232
200,4,21,185,87,66,189,136,127,174
200,5,229,243,25,231,145,79,162,32
200,6,214,124,207,206,53,12,110,199
200,7,245,160,194,143,73,236,200,62
200,8,144,114,244,27,22,81,92,91
200,9,100,63,235,135,225,49,201,229
200,10,29,145,217,14,176,240,43,210
200,11,83,42,181,56,58,76,124,162
200,12,202,139,25,28,239,189,18,87
200,13,162,10,90,250,130,118,82,193
200,14,233,3,212,21,100,134,34,39
200,15,107,100,246,124,243,15,90,122
200,16,24,94,142,7,77,202,234,60
200,17,81,2,145,121,106,34,51,108
200,18,147,30,121,204,76,202,102,42
200,19,172,19,103,173,129,171,152,94
200,20,213,144,110,198,114,232,223,199
200,21,49,100,85,214,147,60,124,8
200,22,131,166,144,160,162,141,140,127
200,23,83,80,183,184,246,181,41,163
200,24,202,105,113,68,51,64,87,201
200,25,10,162,26,15,161,52,193,90
200,26,100,55,212,63,3,21,31,0
200,27,107,139,168,196,115,210,175,243
200,28,103,24,202,18,177,191,74,7
200,29,81,2,249,108,150,69,51,175
200,30,100,146,76,213,77,52,34,30
200,31,94,129,238,19,79,246,150,186
200,32,33,35,215,252,68,64,231,101
200,33,192,123,113,196,248,99,55,39
200,34,16,99,61,6,192,31,184,142
200,35,234,236,115,28,245,108,119,68
200,36,176,210,28,43,139,89,199,42
200,37,165,4,77,133,140,120,45,245
200,38,103,100,65,245,159,23,223,21
200,39,198,86,228,164,73,76,210,245
201,0,252,25,42,176,100,214,152,5
201,1,209,40,253,56,114,31,180,96
201,2,81,160,39,120,2,151,137,140
201,3,50,191,232,138,111,107,244,57
201,4,84,3,136,134,137,191,178,248
201,5,116,206,214,33,59,196,139,131
201,6,84,40,117,233,145,101,4,189
201,7,252,150,249,15,191,75,130,245
201,8,144,135,63,40,244,232,114,22
201,9,100,160,252,31,89,218,35,80
201,10,131,32,89,162,70,213,13,217
201,11,83,199,77,33,26,237,100,56
201,12,139,50,202,239,25,13,40,87
201,13,162,240,90,94,161,223,255,82
201,14,21,233,143,55,212,3,0,105
201,15,107,100,45,246,95,92,47,243
201,16,126,234,84,223,76,142,77,23
201,17,2,81,121,145,184,84,14,214
201,18,30,120,79,51,147,121,100,234
201,19,49,149,94,172,0,103,47,186
201,20,213,144,135,149,232,244,114,25
201,21,160,100,49,128,169,43,218,11
201,22,89,131,217,241,71,212,98,206
201,23,83,77,123,183,87,199,244,237
201,24,75,202,40,248,243,87,239,8
201,25,10,110,90,223,2,82,70,64
201,26,3,55,85,0,100,223,34,105
201,27,45,107,95,243,151,175,210,246
201,28,18,175,77,76,251,68,84,177
201,29,81,59,184,34,52,53,179,69
201,30,147,202,100,234,76,146,213,30
201,31,200,152,172,103,149,0,94,215
201,32,225,138,228,23,121,252,16,103
201,33,78,76,227,241,165,128,197,27
201,34,134,99,174,241,3,228,118,106
201,35,91,81,119,38,215,104,133,207
201,36,208,51,230,63,81,32,143,240
201,37,230,24,88,4,133,226,252,202
201,38,91,159,241,138,11,184,206,117
201,39,193,40,107,155,211,148,118,202
202,0,154,219,179,129,91,145,34,130
202,1,184,168,41,74,53,25,161,106
202,2,160,81,44,9,213,45,24,97
202,3,59,142,50,232,245,88,71,52
202,4,241,131,151,230,3,30,191,16
202,5,206,139,113,176,94,175,28,131
202,6,4,233,229,101,189,140,117,221
202,7,249,15,71,121,130,77,67,178
202,8,144,114,100,232,36,202,218,93
202,9,100,69,77,49,137,143,89,35
202,10,113,210,213,131,192,69,13,129
202,11,83,184,179,56,243,251,127,162
202,12,180,11,28,202,200,87,139,239
202,13,10,240,161,162,3,90,91,205
202,14,3,223,233,21,212,55,100,107
202,15,107,246,100,56,15,196,191,243
202,16,77,76,176,142,94,251,92,49
202,17,81,2,145,184,121,214,187,34
202,18,51,147,30,120,146,102,76,207
202,19,200,49,149,172,79,103,0,97
202,20,213,144,122,201,73,168,217,50
202,21,49,109,100,69,12,147,78,169
202,22,227,89,144,78,241,230,61,179
202,23,253,83,183,38,123,187,102,244
202,24,202,195,98,182,16,113,89,34
202,25,161,10,205,57,26,146,102,198
202,26,3,87,55,223,185,0,105,34
202,27,243,108,244,56,141,42,210,59
202,28,76,77,18,50,215,118,175,177
202,29,25,34,59,52,81,92,187,226
202,30,147,202,120,146,30,40,100,17
202,31,200,172,103,0,215,170,77,242
202,32,225,228,23,252,38,111,66,49
202,33,227,76,78,210,241,27,108,19
202,34,52,99,174,31,65,228,8,134
202,35,234,199,133,140,81,208,245,38
202,36,230,233,81,63,208,163,86,85
202,37,230,24,53,118,226,88,254,243
202,38,241,159,117,91,223,23,177,83
202,39,107,211,198,155,91,148,168,22
203,0,119,125,9,227,137,186,118,221
203,1,207,104,196,4,247,116,138,12
203,2,48,160,44,114,119,120,111,50
203,3,192,83,50,200,102,140,71,130
203,4,16,247,83,57,199,85,127,159
203,5,206,166,109,119,51,111,231,222
203,6,182,180,233,140,234,236,64,173
203,7,178,249,191,15,70,198,75,204
203,8,122,144,213,22,114,179,27,40
203,9,109,49,100,193,45,229,6,143
203,10,88,13,188,194,192,33,210,182
203,11,179,83,188,127,56,243,23,200
203,12,11,28,189,202,188,201,48,16
203,13,179,10,112,91,121,3,204,239
203,14,55,223,107,100,3,30,208,212
203,15,107,36,196,246,160,102,56,89
203,16,202,163,76,49,66,176,160,187
203,17,81,145,2,65,111,121,107,34
203,18,51,30,147,34,3,40,42,102
203,19,200,172,215,94,153,24,0,138
203,20,213,144,122,217,22,25,106,114
203,21,109,100,12,214,49,169,177,8
203,22,177,145,61,60,80,179,230,166
203,23,179,192,83,129,16,23,87,26
203,24,169,175,195,202,201,211,98,34
203,25,161,57,173,128,172,102,3,184
203,26,223,63,105,55,236,13,110,170
203,27,56,141,243,47,136,151,196,59
203,28,175,177,144,18,216,50,215,164
203,29,249,53,125,34,45,82,113,52
203,30,120,147,202,100,40,2,146,30
203,31,200,172,0,103,215,94,197,227
203,32,149,225,228,23,252,64,35,13
203,33,108,76,197,27,124,227,0,78
203,34,52,99,174,40,137,65,8,6
203,35,234,140,33,38,115,104,91,81
203,36,143,208,182,111,63,80,81,40
203,37,230,118,226,4,53,232,243,185
203,38,108,117,159,252,36,228,176,98
203,39,198,164,228,155,216,76,132,137
204,0,149,90,60,143,100,81,39,224
204,1,240,238,103,117,42,25,249,213
204,2,211,177,55,6,9,191,21,190
204,3,203,73,220,131,204,141,210,74
204,4,227,255,120,159,187,145,249,25
204,5,119,231,109,239,243,230,68,111
204,6,46,98,96,164,76,118,41,140
204,7,249,155,206,134,191,245,110,3
204,8,144,244,106,114,245,92,148,64
204,9,100,49,225,137,109,34,7,214
204,10,29,189,166,145,118,212,175,37
204,11,4,76,41,249,78,187,31,171
204,12,202,105,189,211,117,213,214,126
204,13,162,10,179,255,193,120,189,3
204,14,212,100,233,21,25,3,34,95
204,15,107,15,124,157,246,243,100,43
204,16,88,94,24,126,103,79,66,74
204,17,2,81,145,121,34,138,106,51
204,18,147,76,30,202,42,102,121,77
204,19,172,19,103,79,200,0,171,129
204,20,213,144,232,110,198,255,12,114
204,21,49,100,248,12,78,122,133,56
204,22,140,182,166,131,160,145,33,168
204,23,83,80,184,183,173,233,78,215
204,24,113,202,78,98,68,105,201,177
204,25,57,10,4,90,15,2,141,231
204,26,100,59,68,8,99,107,0,63
204,27,168,107,244,48,89,225,59,196
204,28,103,175,18,177,50,220,204,100
204,29,34,42,108,150,77,205,3,249
204,30,146,60,180,40,184,172,166,230
204,31,238,246,186,220,154,254,1,195
204,32,127,54,35,111,44,160,101,244
204,33,32,67,236,99,223,159,44,138
204,34,52,99,122,8,6,106,192,40
204,35,133,195,234,33,140,112,240,104
204,36,208,102,218,225,106,182,75,143
204,37,116,69,226,118,88,125,189,36
204,38,108,117,159,166,23,36,91,228
204,39,50,95,216,48,118,155,206,41
205,0,77,37,131,169,232,163,138,102
205,1,240,35,67,127,42,25,126,238
205,2,211,124,6,191,177,21,24,226
205,3,203,131,100,73,102,136,217,182
205,4,227,111,28,255,140,223,205,194
205,5,119,109,9,107,60,130,79,243
205,6,46,76,40,131,233,96,10,132
205,7,249,191,110,252,155,207,203,67
205,8,144,64,40,106,114,244,245,215
205,9,100,0,163,183,17,7,56,137
205,10,37,177,227,129,118,61,126,192
205,11,23,179,83,246,89,127,76,188
205,12,211,189,214,184,202,41,99,48
205,13,179,185,3,121,141,91,49,153
205,14,62,123,55,97,212,21,12,116
205,15,48,107,196,157,42,246,59,141
205,16,144,164,66,217,76,18,126,14
205,17,145,2,121,52,34,179,53,125
205,18,51,30,120,60,102,199,121,34
205,19,200,0,103,1,94,227,255,176
205,20,144,92,213,25,223,114,106,244
205,21,241,109,100,12,232,8,60,224
205,22,166,249,191,179,203,182,48,89
205,23,246,132,179,76,38,171,127,215
205,24,169,202,4,175,123,184,243,195
205,25,231,185,102,132,44,82,141,242
205,26,223,12,0,217,127,123,216,97
205,27,141,48,136,196,70,59,151,183
205,28,18,144,175,92,14,177,246,63
205,29,53,125,82,32,220,167,145,113
205,30,120,111,3,146,37,60,40,100
205,31,186,10,254,197,172,215,195,246
205,32,60,38,214,160,54,66,111,13
205,33,33,108,115,76,124,78,243,12
205,34,32,99,174,118,42,40,138,122
205,35,119,18,91,38,133,130,96,104
205,36,208,126,106,240,64,196,51,230
205,37,36,130,230,202,4,185,111,110
205,38,23,223,159,117,241,190,150,193
205,39,238,218,216,22,118,90,87,123
206,0,193,255,129,87,54,215,156,176
206,1,176,117,148,122,54,248,105,119
206,2,156,191,233,231,129,119,41,171
206,3,114,48,149,38,126,212,136,99
206,4,185,120,145,28,153,197,23,189
206,5,243,79,180,76,162,111,106,130
206,6,53,207,98,110,124,96,24,211
206,7,160,194,245,200,236,134,155,249
206,8,144,81,114,244,92,148,91,22
206,9,100,155,235,232,63,248,71,194
206,10,176,127,144,78,136,217,14,145
206,11,181,239,135,42,58,56,45,83
206,12,202,139,25,189,239,251,18,28
206,13,162,10,250,90,118,34,26,218
206,14,233,212,3,21,43,134,222,100
206,15,107,100,243,124,90,120,122,246
206,16,24,94,74,142,202,7,77,49
206,17,81,2,121,145,83,95,232,34
206,18,30,147,68,121,42,204,200,186
206,19,152,171,172,173,227,94,68,232
206,20,144,110,213,7,114,22,44,246
206,21,49,100,85,87,218,56,136,149
206,22,160,178,39,245,210,131,144,11
206,23,80,45,95,172,186,184,122,246
206,24,42,139,64,200,252,195,144,95
206,25,250,15,162,2,156,241,75,161
206,26,233,114,134,165,21,95,120,212
206,27,107,210,129,123,0,177,216,199
206,28,74,2,204,94,62,31,79,126
206,29,150,48,51,2,190,34,187,97
206,30,68,146,52,22,24,186,111,56
206,31,138,246,171,170,128,227,45,186
206,32,33,107,62,252,231,203,10,117
206,33,192,21,245,215,75,170,227,213
206,34,16,70,201,184,68,137,25,40
206,35,151,108,245,102,180,130,199,198
206,36,59,233,208,171,80,224,138,220
206,37,8,218,165,232,179,241,244,36
206,38,103,144,23,63,65,184,37,43
206,39,198,5,106,218,123,132,73,255
207,0,0,148,189,195,137,12,248,201
207,1,186,31,240,119,161,60,130,204
207,2,221,32,191,211,45,156,5,246
207,3,184,109,114,48,239,66,203,168
207,4,250,137,158,178,218,207,238,52
207,5,36,126,9,216,79,140,33,130
207,6,23,132,76,213,53,252,233,253
207,7,149,18,11,53,178,137,75,15
207,8,144,108,22,84,27,114,94,244
207,9,100,218,225,31,8,157,49,43
207,10,89,221,230,131,191,229,186,162
207,11,83,118,244,124,77,245,26,76
207,12,131,202,189,75,25,13,109,18
207,13,162,82,223,90,240,215,237,68
207,14,212,85,55,233,68,34,95,114
207,15,107,196,59,160,173,139,15,246
207,16,176,66,202,77,164,251,18,142
207,17,2,184,81,121,145,53,34,51
207,18,121,51,30,108,100,102,42,120
207,19,15,200,149,49,172,1,0,94
207,20,144,213,114,22,232,98,244,25
207,21,121,100,214,12,60,8,169,58
207,22,221,89,229,230,131,217,37,38
207,23,118,244,83,246,26,38,40,77
207,24,202,131,226,109,195,175,75,201
207,25,162,223,90,193,185,161,240,71
207,26,212,85,0,100,105,3,17,34
207,27,107,115,141,139,244,136,196,42
207,28,18,177,148,66,68,175,176,251
207,29,184,53,2,121,51,34,86,74
207,30,120,40,100,30,146,44,202,234
207,31,200,172,149,227,197,17,52,250
207,32,5,138,121,203,228,225,54,208
207,33,147,76,78,27,115,0,241,236
207,34,226,32,159,137,173,99,108,110
207,35,119,81,105,65,91,104,162,115
207,36,92,208,218,80,161,230,138,75
207,37,62,230,4,6,185,36,144,173
207,38,159,11,131,117,204,196,193,17
207,39,134,193,40,107,216,22,204,171
208,0,168,36,34,130,94,44,156,176
208,1,187,104,91,168,235,185,186,76
208,2,182,161,155,240,50,244,250,19
208,3,208,205,32,153,96,181,143,238
208,4,126,2,106,218,113,3,182,252
208,5,116,9,109,173,92,195,181,107
208,6,132,234,76,189,229,222,250,212
208,7,178,249,83,110,75,245,155,191
208,8,144,40,44,244,22,64,114,13
208,9,100,109,89,241,157,137,225,117
208,10,177,89,74,199,131,33,175,191
208,11,83,127,41,179,254,246,36,200
208,12,75,202,189,40,195,87,123,49
208,13,179,104,90,185,162,223,153,121
208,14,62,104,123,81,107,116,212,154
208,15,70,196,2,137,246,151,157,59
208,16,66,217,126,76,177,164,50,92
208,17,2,34,179,145,45,121,125,52
208,18,51,120,30,60,14,37,202,40
208,19,103,0,254,200,1,227,158,123
208,20,213,144,98,106,114,223,25,237
208,21,109,241,100,60,174,163,135,34
208,22,89,74,144,213,127,78,73,136
208,23,138,183,168,129,82,102,162,112
208,24,75,113,123,213,184,224,87,195
208,25,185,121,184,68,102,44,242,132
208,26,127,8,223,123,0,244,3,154
208,27,136,141,59,210,55,151,115,70
208,28,18,217,114,177,175,66,92,155
208,29,53,160,32,34,125,45,51,220
208,30,120,0,40,37,100,166,211,240
208,31,197,193,227,161,232,77,74,11
208,32,13,175,54,118,210,64,203,212
208,33,227,0,115,33,210,105,27,140
208,34,32,159,99,8,140,173,199,133
208,35,119,97,215,102,245,65,64,41
208,36,218,208,127,76,143,12,106,111
208,37,24,71,202,130,230,36,144,245
208,38,37,23,159,117,176,144,223,110
208,39,22,96,106,65,76,170,91,162
209,0,0,195,189,178,137,8,148,248
209,1,31,173,186,197,12,208,179,165
209,2,115,61,182,81,45,13,174,250
209,3,132,184,107,114,93,57,13,139
209,4,203,22,26,185,56,134,52,99
209,5,9,36,126,206,216,243,230,33
209,6,23,234,233,132,11,98,213,229
209,7,252,178,18,53,249,149,15,75
209,8,144,108,22,114,244,27,84,94
209,9,100,31,89,218,43,86,157,134
209,10,74,89,221,131,229,38,162,230
209,11,244,118,83,26,77,246,74,124
209,12,40,75,189,202,25,248,131,109
209,13,162,90,223,240,185,218,82,193
209,14,92,233,212,3,21,55,85,30
209,15,107,70,196,97,157,246,15,247
209,16,66,176,164,18,77,202,84,251
209,17,184,2,51,81,145,121,125,34
209,18,51,30,121,100,120,102,147,14
209,19,200,49,172,149,15,103,186,94
209,20,144,213,22,106,232,114,67,25
209,21,100,49,121,214,58,60,77,174
209,22,221,74,217,37,89,131,230,10
209,23,123,244,83,118,246,77,38,26
209,24,202,175,60,226,25,195,28,109
209,25,71,162,185,223,90,10,193,194
209,26,100,3,0,85,212,105,92,233
209,27,107,139,115,141,251,136,59,196
209,28,18,202,175,142,103,177,111,139
209,29,94,81,2,184,107,51,145,53
209,30,147,0,200,76,242,202,51,88
209,31,200,147,152,172,49,52,149,129
209,32,161,68,138,205,203,128,25,225
209,33,147,90,210,78,0,72,27,227
209,34,133,159,226,3,134,120,174,52
209,35,119,207,135,86,252,97,91,221
209,36,93,72,45,96,4,128,208,143
209,37,24,230,100,72,101,62,141,5
209,38,120,57,176,18,166,199,159,197
209,39,40,73,193,235,106,222,236,81
210,0,179,145,18,129,91,118,34,242
210,1,184,168,194,57,208,204,39,177
210,2,215,44,50,73,146,85,14,231
210,3,59,208,142,88,205,52,32,141
210,4,241,151,131,230,16,198,191,85
210,5,206,76,28,176,243,181,139,212
210,6,234,229,188,222,46,121,221,98
210,7,249,71,15,178,245,83,155,134
210,8,144,114,244,215,209,218,36,22
210,9,77,100,69,228,222,43,183,157
210,10,113,175,131,192,69,89,74,213
210,11,83,243,246,230,123,76,124,46
210,12,202,28,189,139,25,119,75,195
210,13,162,10,90,97,250,223,193,192
210,14,3,233,212,21,100,134,114,55
210,15,107,100,246,15,157,124,173,251
210,16,94,77,142,126,202,66,24,76
210,17,81,2,145,121,51,106,45,53
210,18,30,51,147,121,102,31,111,120
210,19,172,49,200,1,94,254,19,186
210,20,213,144,232,89,106,56,198,114
210,21,49,100,69,214,6,8,85,60
210,22,113,131,217,83,199,78,213,86
210,23,83,246,184,123,161,38,102,183
210,24,202,60,201,195,78,37,175,48
210,25,10,161,90,71,193,67,241,68
210,26,3,100,63,105,13,55,239,170
210,27,107,23,59,174,139,210,115,244
210,28,103,202,94,9,175,111,106,7
210,29,81,94,108,2,145,51,34,134
210,30,0,76,147,213,200,34,166,60
210,31,200,158,52,56,129,19,31,57
210,32,161,252,205,54,68,166,203,118
210,33,210,90,227,43,0,27,113,72
210,34,52,133,91,159,74,120,99,137
210,35,119,135,207,221,86,234,128,204
210,36,45,93,143,72,171,85,217,18
210,37,72,5,65,230,24,101,202,71
210,38,199,57,120,18,159,197,166,196
210,39,236,154,108,31,107,162,35,106
211,0,130,229,182,54,237,140,126,242
211,1,247,216,12,188,196,97,151,64
211,2,17,88,74,145,227,34,119,59
211,3,235,59,129,187,230,130,83,77
211,4,108,191,128,15,234,236,241,135
211,5,193,88,206,222,6,41,134,51
211,6,180,234,121,60,83,153,246,210
211,7,249,29,121,3,118,207,15,85
211,8,89,114,144,105,104,215,234,115
211,9,49,77,100,228,29,164,94,6
211,10,113,169,86,168,69,130,28,120
211,11,83,246,189,172,243,230,161,251
211,12,28,60,87,27,63,195,188,201
211,13,97,10,43,176,204,147,110,75
211,14,3,55,233,105,20,223,21,30
211,15,107,23,168,196,100,102,124,81
211,16,24,94,202,187,176,142,5,79
211,17,81,172,51,2,121,145,34,108
211,18,30,51,147,0,179,204,42,184
211,19,172,19,6,171,200,152,117,173
211,20,213,144,106,245,179,89,110,209
211,21,49,191,164,85,100,31,29,6
211,22,113,169,83,60,78,198,162,141
211,23,83,189,161,246,174,34,184,86
211,24,78,63,64,98,202,175,74,177
211,25,147,43,10,67,4,197,2,241
211,26,20,3,100,148,63,124,226,91
211,27,107,200,23,81,162,31,129,59
211,28,103,133,94,7,24,168,106,5
211,29,81,76,108,2,153,250,134,0
211,30,0,76,22,213,179,166,34,200
211,31,129,109,205,158,56,191,246,116
211,32,161,181,215,205,166,54,90,184
211,33,43,215,126,113,90,55,210,115
211,34,91,133,96,74,84,137,86,132
211,35,108,160,84,133,204,221,64,128
211,36,222,93,217,171,20,29,85,9
211,37,65,72,61,96,74,5,2,123
211,38,151,210,18,254,222,120,159,143
211,39,228,114,86,190,106,66,22,39
212,0,132,158,141,235,190,125,47,237
212,1,182,82,188,244,93,70,47,152
212,2,119,140,241,172,53,29,27,95
212,3,187,133,235,118,128,35,34,37
212,4,58,128,95,91,236,142,0,135
212,5,193,47,78,135,79,65,90,88
212,6,60,207,153,22,215,206,180,31
212,7,117,23,29,49,64,249,254,78
212,8,234,180,116,239,104,99,89,56
212,9,164,239,191,8,85,2,36,49
212,10,113,169,125,36,198,65,90,120
212,11,189,161,108,86,233,206,99,128
212,12,93,74,63,44,26,15,60,175
212,13,147,97,134,43,10,176,105,70
212,14,3,20,86,51,161,124,226,184
212,15,162,31,200,196,81,107,232,173
212,16,24,133,5,57,106,43,134,196
212,17,250,81,172,76,87,153,0,34
212,18,179,0,163,204,30,161,187,43
212,19,116,109,20,57,19,205,171,172
212,20,234,239,116,56,110,179,209,205
212,21,164,191,85,94,49,239,126,29
212,22,169,113,198,125,39,93,121,130
212,23,189,161,86,128,206,183,83,41
212,24,93,74,63,15,113,54,44,26
212,25,134,147,43,6,2,128,241,253
212,26,20,51,148,3,124,10,86,88
212,27,162,107,200,31,81,165,58,129
212,28,43,133,7,24,94,5,103,168
212,29,87,76,0,250,153,172,81,108
212,30,179,163,226,0,76,187,22,133
212,31,116,109,205,20,129,4,246,203
212,32,119,181,161,90,252,15,223,35
212,33,93,129,43,184,231,39,157,215
212,34,96,82,132,85,106,133,26,74
212,35,203,72,84,204,160,42,27,108
212,36,222,22,83,20,217,221,218,199
212,37,138,88,229,61,173,39,69,226
212,38,64,151,23,77,143,70,206,100
212,39,162,186,190,206,159,148,60,208
213,0,43,238,252,25,95,147,112,183
213,1,250,46,224,129,172,103,19,147
213,2,140,49,29,20,27,186,119,167
213,3,26,233,230,117,130,236,103,40
213,4,81,183,67,144,213,45,224,235
213,5,188,78,43,90,180,65,135,47
213,6,60,206,68,101,22,138,173,143
213,7,117,65,176,196,23,54,78,42
213,8,239,104,116,180,185,56,73,110
213,9,126,171,160,191,85,113,8,2
213,10,157,173,27,65,139,125,39,185
213,11,181,133,39,108,111,233,47,120
213,12,249,44,54,93,220,74,144,34
213,13,6,134,15,176,11,138,2,105
213,14,86,147,10,51,148,52,41,32
213,15,162,122,46,165,31,200,181,107
213,16,24,151,43,133,170,205,156,106
213,17,5,153,108,81,158,87,20,57
213,18,226,77,204,68,179,100,30,161
213,19,19,109,167,12,171,172,120,117
213,20,110,239,180,185,116,140,144,213
213,21,126,85,191,49,113,164,100,56
213,22,157,173,236,178,207,125,248,39
213,23,111,181,140,189,83,95,86,133
213,24,93,220,44,43,54,74,225,98
213,25,6,15,134,250,130,176,33,4
213,26,86,100,10,54,51,161,233,21
213,27,107,162,165,122,129,200,100,46
213,28,43,24,7,170,94,103,168,133
213,29,5,158,20,8,2,57,81,76
213,30,226,29,22,68,76,192,77,71
213,31,167,171,129,109,228,12,19,128
213,32,223,68,181,178,215,90,155,119
213,33,83,215,74,55,231,16,28,86
213,34,241,1,252,186,21,204,116,86
213,35,160,129,108,84,28,135,227,61
213,36,70,248,23,157,98,176,83,129
213,37,62,229,58,219,163,72,143,175
213,38,239,100,120,166,147,62,217,10
213,39,238,45,81,106,223,229,235,91
214,0,209,104,43,206,7,105,95,30
214,1,47,46,188,213,156,197,246,205
214,2,20,82,167,172,49,251,85,186
214,3,117,119,130,233,183,230,26,77
214,4,81,184,20,183,5,144,246,193
214,5,159,32,111,42,29,162,230,76
214,6,206,230,145,124,7,176,43,180
214,7,196,142,236,15,134,203,210,30
214,8,144,114,7,42,106,239,30,113
214,9,49,100,88,203,85,34,229,218
214,10,240,21,115,231,208,96,133,76
214,11,181,88,42,253,83,124,183,230
214,12,189,28,139,202,25,175,195,144
214,13,162,10,250,15,130,49,50,185
214,14,233,3,212,21,222,223,134,100
214,15,107,100,120,122,124,90,246,243
214,16,24,94,202,142,126,7,60,77
214,17,2,81,145,121,34,108,106,51
214,18,121,30,147,204,100,102,76,77
214,19,172,19,94,173,129,171,152,125
214,20,213,144,110,114,232,199,223,56
214,21,49,100,85,214,218,56,8,12
214,22,236,131,162,178,157,127,111,207
214,23,83,181,140,184,80,183,246,42
214,24,202,51,220,25,48,60,200,43
214,25,10,162,15,26,250,6,50,67
214,26,100,212,55,223,25,233,34,134
214,27,107,15,246,139,162,129,126,228
214,28,103,24,7,94,202,168,177,148
214,29,108,158,81,5,2,8,249,69
214,30,100,22,76,213,226,29,77,71
214,31,129,19,94,171,167,240,128,228
214,32,68,215,223,214,227,128,155,252
214,33,55,74,215,72,244,190,231,196
214,34,204,116,6,99,1,252,120,8
214,35,129,108,28,183,227,56,180,121
214,36,176,157,70,23,156,169,59,217
214,37,219,7,226,58,82,163,143,214
214,38,92,230,148,151,76,63,100,150
214,39,248,238,2,189,114,106,127,190
215,0,32,206,168,95,238,181,255,246
215,1,182,140,201,122,176,77,188,46
215,2,20,49,82,52,204,172,218,98
215,3,117,233,178,119,103,150,204,91
215,4,81,193,144,183,249,246,130,213
215,5,230,32,85,255,159,42,239,29
215,6,7,206,118,124,145,193,230,137
215,7,142,136,237,221,206,15,236,210
215,8,239,106,144,30,113,114,100,175
215,9,49,203,88,100,183,85,53,34
215,10,240,231,115,21,215,219,121,192
215,11,181,253,88,249,41,132,51,187
215,12,175,102,53,189,28,195,164,62
215,13,10,15,162,2,6,44,3,49
215,14,233,212,223,3,21,100,41,34
215,15,107,120,100,124,122,243,15,129
215,16,24,126,202,103,94,49,88,18
215,17,2,81,145,34,108,106,121,5
215,18,147,30,204,100,76,121,42,146
215,19,172,19,103,94,129,171,125,173
215,20,213,144,110,232,198,114,199,40
215,21,100,49,85,133,218,31,124,248
215,22,157,207,131,166,236,162,122,140
215,23,83,184,140,183,181,91,55,193
215,24,202,43,60,220,177,87,64,34
215,25,15,10,162,250,6,90,50,255
215,26,100,21,212,34,107,55,54,25
215,27,107,168,162,129,203,139,246,100
215,28,103,24,7,94,168,248,220,23
215,29,158,2,108,5,81,8,145,34
215,30,226,22,76,100,29,213,77,71
215,31,129,19,167,171,240,94,128,191
215,32,223,68,215,158,227,214,155,178
215,33,74,55,190,215,244,41,72,83
215,34,116,1,204,34,252,82,186,247
215,35,129,108,183,227,56,28,160,84
215,36,70,176,157,23,181,156,119,248
215,37,7,219,58,82,104,35,143,229
215,38,230,148,92,151,76,27,34,71
215,39,2,38,248,243,238,114,69,106
216,0,88,95,112,140,43,238,173,200
216,1,181,47,152,140,192,70,36,54
216,2,20,62,82,218,253,49,72,186
216,3,233,117,106,150,236,103,76,226
216,4,193,9,62,5,235,199,45,0
216,5,230,188,29,220,160,43,198,189
216,6,118,7,208,193,63,160,181,122
216,7,176,142,112,54,236,145,134,196
216,8,239,104,237,100,114,160,205,244
216,9,85,126,49,113,53,34,56,118
216,10,122,157,215,121,240,100,21,195
216,11,181,253,39,88,224,41,28,249
216,12,102,62,175,144,164,0,195,53
216,13,15,2,6,204,121,243,149,3
216,14,41,223,21,233,197,114,211,30
216,15,46,107,120,136,122,100,196,168
216,16,24,94,66,218,248,23,191,39
216,17,5,2,81,158,108,34,121,153
216,18,226,30,68,204,100,77,42,121
216,19,19,171,227,94,1,172,152,186
216,20,110,144,213,104,239,114,198,205
216,21,85,49,100,113,155,69,218,120
216,22,157,236,178,207,122,34,127,121
216,23,140,83,181,39,183,184,14,111
216,24,43,202,127,102,25,220,116,8
216,25,6,15,250,162,50,204,4,130
216,26,100,233,212,86,54,161,25,248
216,27,107,129,100,46,122,162,253,139
216,28,24,94,103,170,7,168,248,62
216,29,158,5,2,8,108,81,83,20
216,30,226,29,22,71,100,170,76,68
216,31,129,19,167,171,120,240,228,128
216,32,223,68,60,158,215,155,227,178
216,33,74,190,55,215,41,244,72,83
216,34,116,82,204,34,1,252,247,97
216,35,129,183,108,227,56,28,84,244
216,36,70,176,157,23,156,119,181,166
216,37,104,7,58,82,219,35,143,182
216,38,230,27,92,148,76,151,34,47
216,39,110,243,38,12,248,69,160,78
217,0,70,72,4,192,211,151,76,222
217,1,153,63,167,131,178,124,170,126
217,2,60,92,193,150,3,79,188,216
217,3,197,243,155,144,112,154,249,167
217,4,98,94,134,77,88,175,186,57
217,5,60,233,164,95,198,16,251,23
217,6,43,168,14,156,125,82,92,180
217,7,252,30,198,246,249,178,191,243
217,8,144,27,63,84,198,114,119,226
217,9,160,100,49,218,134,50,156,229
217,10,131,122,207,34,35,162,140,186
217,11,83,97,124,153,37,245,181,40
217,12,40,202,25,139,28,13,189,239
217,13,10,162,90,15,2,0,3,185
217,14,100,3,212,21,233,55,143,25
217,15,107,246,15,138,64,248,243,92
217,16,24,94,76,77,79,223,7,251
217,17,2,81,145,108,121,158,34,179
217,18,100,147,202,30,76,39,120,121
217,19,19,103,172,129,60,244,99,49
217,20,213,144,232,47,199,36,110,37
217,21,156,160,49,100,128,218,45,60
217,22,122,207,140,157,131,95,233,109
217,23,83,153,181,253,99,55,14,26
217,24,47,202,60,87,106,182,37,201
217,25,162,10,0,90,15,4,173,193
217,26,100,57,63,55,25,212,21,16
217,27,107,248,168,15,246,202,125,138
217,28,103,24,230,7,168,94,62,194
217,29,108,2,158,81,4,245,145,15
217,30,213,100,29,34,209,69,51,76
217,31,129,60,19,128,221,83,240,171
217,32,68,215,19,109,195,120,128,155
217,33,55,37,102,74,250,97,72,36
217,34,249,255,109,212,204,90,236,144
217,35,129,49,44,136,43,227,11,185
217,36,79,55,119,234,8,157,147,21
217,37,196,219,7,175,110,220,115,214
217,38,132,120,87,92,230,252,43,242
217,39,224,23,189,45,99,68,251,66
218,0,212,218,46,63,202,110,157,11
218,1,40,166,209,183,206,96,13,165
218,2,48,35,165,9,209,151,141,55
218,3,192,232,30,55,222,247,155,76
218,4,98,134,180,123,156,71,77,216
218,5,19,31,67,213,23,231,254,233
218,6,43,125,123,241,92,14,156,9
218,7,198,52,49,61,58,243,24,106
218,8,157,119,144,213,245,84,255,27
218,9,49,100,160,214,218,195,229,143
218,10,122,95,61,133,162,140,208,207
218,11,83,102,162,34,13,1,40,183
218,12,175,153,252,60,124,76,98,99
218,13,3,15,243,2,185,164,10,231
218,14,136,223,21,102,56,100,55,133
218,15,107,69,83,196,248,45,255,178
218,16,166,103,24,175,131,35,149,49
218,17,108,158,145,81,165,167,2,127
218,18,100,217,39,61,14,83,76,60
218,19,19,129,172,1,221,244,158,235
218,20,213,197,110,157,223,37,192,114
218,21,156,210,100,49,8,160,195,25
218,22,61,95,255,215,140,122,133,207
218,23,162,253,181,83,173,40,233,99
218,24,60,175,153,202,102,98,247,78
218,25,243,221,64,205,49,17,152,44
218,26,29,223,100,215,243,140,99,197
218,27,183,178,255,69,107,27,33,153
218,28,166,103,175,24,201,39,163,248
218,29,108,158,216,15,167,165,245,34
218,30,100,34,204,166,51,161,60,30
218,31,19,129,221,60,238,246,183,1
218,32,68,116,150,214,133,227,35,215
218,33,206,18,74,59,55,182,229,177
218,34,204,159,177,8,202,63,108,140
218,35,129,178,155,86,95,28,154,44
218,36,55,251,225,171,61,36,94,124
218,37,240,165,160,127,38,36,141,4
218,38,173,120,124,62,132,206,23,17
218,39,55,114,224,45,235,185,106,47
219,0,69,239,116,151,250,240,159,134
219,1,88,154,157,85,101,17,253,79
219,2,48,165,96,197,97,9,141,232
219,3,76,232,192,130,75,222,123,164
219,4,199,101,180,123,159,77,187,134
219,5,231,19,80,243,42,82,252,110
219,6,43,9,180,123,125,233,226,140
219,7,198,223,52,126,178,203,191,20
219,8,119,84,144,213,205,27,114,36
219,9,49,100,218,137,229,8,34,195
219,10,133,95,35,162,122,210,34,192
219,11,83,93,1,102,95,124,246,251
219,12,175,202,252,126,164,40,239,28
219,13,10,3,243,15,227,2,90,162
219,14,3,100,223,21,136,41,230,55
219,15,107,246,15,168,69,243,131,2
219,16,175,24,76,103,94,49,223,131
219,17,108,81,145,2,121,34,167,45
219,18,100,39,147,199,30,99,204,217
219,19,19,172,1,129,103,189,114,235
219,20,213,50,209,127,56,144,15,168
219,21,49,58,25,8,60,195,122,45
219,22,133,95,61,60,122,231,141,48
219,23,83,246,253,96,230,173,123,162
219,24,175,60,102,68,202,51,5,98
219,25,10,243,90,49,173,161,15,44
219,26,100,3,63,107,140,24,55,223
219,27,107,69,115,168,246,183,243,128
219,28,103,24,7,175,168,166,202,193
219,29,108,158,81,15,21,2,34,99
219,30,197,204,76,232,100,22,99,29
219,31,129,19,183,246,191,1,227,203
219,32,68,161,215,157,205,214,140,227
219,33,234,95,132,55,86,36,74,166
219,34,204,1,44,20,238,72,191,137
219,35,129,148,187,108,21,227,65,191
219,36,19,124,217,227,115,93,171,201
219,37,229,16,169,78,61,127,55,123
219,38,0,169,61,196,166,96,88,35
219,39,197,129,179,117,163,73,122,225
220,0,101,197,35,34,242,9,179,79
220,1,62,155,75,70,27,97,151,47
220,2,210,109,59,146,189,164,17,249
220,3,230,26,37,211,233,84,31,176
220,4,15,241,102,142,245,144,120,108
220,5,204,188,43,183,90,186,251,236
220,6,43,14,180,156,182,79,125,9
220,7,198,23,196,191,110,64,42,127
220,8,239,180,56,119,179,83,115,89
220,9,203,49,29,85,180,118,6,13
220,10,122,157,207,198,169,88,34,39
220,11,95,99,42,83,19,185,98,233
220,12,220,60,21,28,15,160,252,195
220,13,15,10,29,2,152,6,162,247
220,14,3,100,86,21,25,212,233,30
220,15,107,172,15,162,246,129,168,173
220,16,24,94,9,103,204,76,77,7
220,17,108,81,250,2,158,121,145,34
220,18,197,204,100,170,30,76,42,147
220,19,19,172,1,109,171,129,205,103
220,20,213,239,144,127,106,110,179,209
220,21,203,49,85,100,56,29,31,195
220,22,198,157,61,169,207,39,83,121
220,23,83,42,189,253,26,86,95,127
220,24,220,60,34,102,175,202,15,87
220,25,15,10,4,134,147,152,2,68
220,26,100,86,25,51,21,107,24,63
220,27,107,162,172,168,165,243,102,84
220,28,103,24,7,5,9,94,168,32
220,29,108,81,250,2,5,87,34,8
220,30,76,197,22,213,204,179,100,24
220,31,129,19,109,205,191,246,4,130
220,32,98,90,215,68,161,186,96,155
220,33,126,86,238,215,55,183,83,129
220,34,1,116,207,96,180,252,86,204
220,35,160,129,57,153,108,227,84,236
220,36,70,181,157,217,120,176,166,23
220,37,65,31,58,143,61,123,7,115
220,38,151,92,148,93,128,71,255,159
220,39,2,248,189,38,69,114,217,86
221,0,141,235,208,115,253,221,81,158
221,1,62,217,182,152,70,140,155,21
221,2,109,95,128,127,255,167,220,54
221,3,230,26,219,128,35,117,233,34
221,4,142,102,45,15,165,95,58,127
221,5,90,188,43,135,65,47,5,207
221,6,14,43,182,156,79,22,138,75
221,7,117,23,78,64,254,42,250,229
221,8,239,104,180,116,56,99,83,178
221,9,116,203,191,85,49,148,13,118
221,10,88,157,125,198,152,71,13,120
221,11,233,108,86,73,88,128,246,62
221,12,93,220,60,175,195,151,85,193
221,13,29,103,15,134,243,176,6,105
221,14,41,86,51,226,149,10,215,88
221,15,162,172,31,107,117,87,168,153
221,16,24,9,106,175,43,131,7,92
221,17,108,250,153,87,81,158,0,121
221,18,197,204,170,163,100,39,43,76
221,19,19,116,109,172,205,167,1,171
221,20,239,116,110,127,213,179,180,232
221,21,203,191,116,85,49,113,152,78
221,22,88,125,198,157,39,169,150,236
221,23,83,86,233,172,128,42,88,62
221,24,93,220,60,15,102,54,98,151
221,25,134,15,103,112,26,17,147,139
221,26,10,149,86,51,88,166,100,41
221,27,162,107,172,165,31,168,87,2
221,28,238,144,7,43,103,24,134,106
221,29,108,81,250,87,0,153,5,22
221,30,76,170,197,213,163,24,161,22
221,31,116,19,129,109,205,191,20,200
221,32,90,215,119,161,53,252,228,68
221,33,93,210,129,86,55,83,215,238
221,34,86,1,82,96,132,207,133,174
221,35,84,160,27,174,108,57,204,72
221,36,222,70,192,217,45,200,83,171
221,37,229,58,61,182,39,88,31,143
221,38,151,64,92,148,62,67,100,77
221,39,186,154,189,38,248,190,11,60
222,0,38,193,54,44,244,53,167,176
222,1,140,117,122,105,217,62,201,179
222,2,128,167,106,154,99,127,173,209
222,3,91,128,35,34,12,204,26,250
222,4,120,213,144,159,58,224,205,6
222,5,239,145,42,160,5,51,166,37
222,6,118,43,133,65,14,28,193,191
222,7,221,206,54,49,24,198,110,162
222,8,144,192,239,119,237,244,219,230
222,9,203,49,116,100,88,200,113,201
222,10,231,22,29,166,192,121,115,93
222,11,253,88,181,57,41,102,73,42
222,12,175,102,53,254,83,195,88,4
222,13,10,3,2,44,193,198,135,15
222,14,100,21,3,41,212,223,217,215
222,15,107,15,246,36,173,120,168,243
222,16,103,24,49,94,175,76,164,79
222,17,108,81,2,145,121,34,11,150
222,18,147,76,100,39,42,204,30,230
222,19,19,172,103,200,69,227,186,94
222,20,213,232,106,127,144,37,142,179
222,21,49,100,248,232,56,31,65,8
222,22,145,95,88,121,11,162,188,231
222,23,83,226,42,132,26,88,91,184
222,24,60,202,102,87,34,68,40,177
222,25,10,251,15,90,26,2,189,4
222,26,100,104,166,55,25,223,107,254
222,27,107,246,168,15,183,244,172,175
222,28,103,76,24,175,7,182,163,204
222,29,108,81,5,145,2,249,34,121
222,30,76,213,100,197,34,204,184,30
222,31,19,103,0,129,200,191,69,94
222,32,228,90,119,96,161,23,186,215
222,33,93,55,86,238,129,215,83,190
222,34,186,86,207,1,96,174,82,116
222,35,84,160,129,57,108,75,227,153
222,36,70,45,181,176,200,89,157,166
222,37,31,58,182,219,143,115,7,229
222,38,151,92,148,71,255,93,230,67
222,39,154,2,189,38,248,69,217,159
223,0,140,43,200,98,238,95,229,112
223,1,182,152,70,140,199,143,38,238
223,2,11,167,72,8,49,219,36,128
223,3,106,129,151,11,113,210,29,110
223,4,247,205,45,58,235,76,171,159
223,5,166,65,109,87,243,5,69,152
223,6,65,182,14,31,22,68,143,122
223,7,254,70,49,117,123,249,203,78
223,8,104,119,141,56,99,179,213,115
223,9,191,84,195,152,8,25,118,49
223,10,88,125,27,65,39,157,210,48
223,11,39,192,108,179,57,19,233,73
223,12,16,151,243,102,164,4,169,85
223,13,103,112,243,251,105,135,205,91
223,14,41,26,217,119,110,215,55,254
223,15,56,229,172,36,168,183,196,136
223,16,144,66,175,92,223,163,218,93
223,17,107,108,111,81,121,74,5,145
223,18,39,170,42,3,30,204,76,40
223,19,19,200,172,1,186,56,69,103
223,20,213,175,104,179,217,232,144,106
223,21,232,25,191,152,49,169,8,12
223,22,145,88,127,13,121,162,60,65
223,23,39,83,233,179,172,26,126,108
223,24,169,60,202,87,182,105,34,151
223,25,251,112,3,10,189,173,2,135
223,26,104,100,55,149,88,223,110,140
223,27,183,246,72,107,15,31,196,244
223,28,76,103,77,144,163,62,164,194
223,29,108,81,52,145,107,179,121,34
223,30,213,76,170,202,147,100,23,30
223,31,19,0,103,200,50,165,172,116
223,32,228,23,225,53,60,94,25,128
223,33,55,33,76,172,78,243,129,210
223,34,174,138,52,134,118,3,91,129
223,35,211,91,75,207,84,252,69,17
223,36,96,72,168,238,64,192,200,171
223,37,230,198,170,205,65,29,239,233
223,38,108,199,89,232,57,67,17,100
223,39,108,236,230,21,144,169,106,162
224,0,167,168,206,181,246,189,38,208
224,1,201,196,135,176,137,24,82,247
224,2,11,247,81,119,49,128,172,1
224,3,151,227,38,99,196,255,149,73
224,4,58,57,185,171,6,189,205,92
224,5,243,119,166,101,214,207,56,134
224,6,233,96,207,205,239,7,221,118
224,7,49,191,207,110,165,203,134,249
224,8,245,144,119,114,106,166,37,205
224,9,49,100,62,200,183,34,80,122
224,10,76,88,145,255,29,192,166,93
224,11,183,76,11,179,253,88,168,246
224,12,105,243,189,211,16,58,254,120
224,13,227,10,26,189,2,161,82,205
224,14,212,100,34,233,3,21,26,223
224,15,107,15,246,175,173,124,237,199
224,16,94,76,202,77,84,213,49,24
224,17,2,81,121,145,97,34,82,232
224,18,121,147,30,146,202,76,42,60
224,19,172,103,200,166,170,227,0,176
224,20,144,213,114,199,201,36,37,12
224,21,49,100,80,201,218,56,223,60
224,22,145,71,131,175,206,127,123,29
224,23,83,183,246,58,76,233,26,226
224,24,87,182,175,91,188,195,164,245
224,25,193,82,2,70,226,173,10,162
224,26,55,114,104,251,140,79,63,56
224,27,244,192,27,230,59,168,175,128
224,28,18,76,204,175,70,220,100,118
224,29,121,92,232,82,187,73,34,134
224,30,30,120,184,40,146,100,60,166
224,31,186,1,170,227,176,254,69,160
224,32,127,35,228,94,240,231,203,111
224,33,152,172,98,243,157,128,197,155
224,34,174,138,32,129,151,17,142,224
224,35,211,75,173,59,91,137,81,69
224,36,168,111,208,230,171,64,101,182
224,37,239,198,230,170,36,73,185,252
224,38,17,112,223,220,70,180,159,233
224,39,42,227,86,168,202,175,223,76
225,0,252,42,25,152,100,12,183,165
225,1,84,213,103,125,176,170,45,19
225,2,11,104,79,6,203,124,9,126
225,3,215,223,191,13,120,198,52,195
225,4,84,41,137,80,35,3,76,132
225,5,33,60,136,116,206,5,207,28
225,6,101,96,40,198,233,217,117,87
225,7,15,249,150,28,110,51,67,134
225,8,135,144,114,40,36,201,244,27
225,9,100,160,89,252,218,49,43,17
225,10,131,89,35,98,70,192,162,175
225,11,83,199,179,33,175,77,123,124
225,12,13,75,40,25,202,48,234,189
225,13,162,240,90,94,82,185,223,115
225,14,212,62,21,143,100,55,114,233
225,15,107,246,45,64,51,15,196,173
225,16,76,251,68,23,77,58,37,49
225,17,2,121,145,84,81,14,82,162
225,18,120,79,121,30,51,147,202,96
225,19,0,103,49,200,172,149,112,186
225,20,144,213,135,232,84,114,246,88
225,21,160,49,100,218,107,86,60,65
225,22,89,131,70,98,230,162,241,168
225,23,83,237,77,199,183,179,246,48
225,24,75,40,202,60,87,248,165,195
225,25,162,2,90,10,223,193,94,189
225,26,104,55,3,110,56,85,100,207
225,27,45,246,15,27,56,107,51,175
225,28,76,68,251,77,103,144,175,70
225,29,84,108,179,52,226,121,73,184
225,30,76,120,79,213,202,96,100,184
225,31,103,0,149,200,19,165,195,186
225,32,228,23,225,129,5,83,138,35
225,33,76,78,196,240,158,243,152,98
225,34,174,3,241,134,118,140,151,108
225,35,91,75,211,252,207,137,68,38
225,36,96,72,230,89,208,63,240,151
225,37,230,24,152,54,66,243,118,61
225,38,83,241,134,91,138,11,206,17
225,39,107,211,86,168,108,164,48,235
226,0,119,125,9,186,227,118,154,219
226,1,116,207,41,15,196,247,6,235
226,2,48,96,152,97,50,184,218,9
226,3,192,200,83,102,5,223,140,72
226,4,16,247,84,10,85,57,196,19
226,5,206,166,13,237,4,95,29,9
226,6,233,180,96,182,64,234,117,236
226,7,178,113,165,198,249,110,126,159
226,8,122,144,213,135,40,22,114,244
226,9,49,100,109,193,229,89,147,80
226,10,145,13,35,80,70,131,33,49
226,11,83,179,200,1,100,122,76,188
226,12,48,189,202,164,234,139,13,188
226,13,10,179,162,90,3,185,82,152
226,14,3,208,21,212,100,62,55,26
226,15,107,246,45,173,160,196,15,192
226,16,76,49,187,103,251,77,66,37
226,17,2,121,81,111,145,108,86,34
226,18,51,120,147,30,76,100,42,202
226,19,200,0,103,172,235,123,1,97
226,20,213,144,122,106,36,232,114,209
226,21,109,49,100,121,12,169,218,8
226,22,145,162,177,13,89,241,70,230
226,23,179,83,24,23,237,126,75,192
226,24,169,202,211,60,34,75,195,40
226,25,3,189,251,10,121,162,90,135
226,26,104,55,100,140,110,26,63,107
226,27,246,72,45,15,107,115,56,168
226,28,76,144,77,103,68,247,251,163
226,29,108,52,179,81,107,82,226,84
226,30,213,202,23,76,120,96,51,30
226,31,0,19,103,200,165,172,186,176
226,32,228,23,225,149,35,54,111,25
226,33,76,55,78,67,158,124,64,197
226,34,52,174,3,118,134,99,17,153
226,35,211,91,75,133,222,71,137,240
226,36,96,208,64,89,230,182,171,80
226,37,230,205,170,130,73,61,127,242
226,38,108,117,159,196,36,11,91,176
226,39,108,137,230,202,226,118,86,148
227,0,149,90,60,143,169,214,81,224
227,1,240,238,103,117,42,25,213,249
227,2,211,177,55,99,204,191,156,53
227,3,203,220,204,74,131,252,73,210
227,4,227,255,120,197,237,7,145,19
227,5,243,119,68,231,109,239,166,134
227,6,110,124,64,118,164,41,199,96
227,7,206,134,249,159,155,237,230,225
227,8,144,244,245,92,37,106,25,166
227,9,135,100,12,200,127,122,80,172
227,10,145,29,96,189,175,14,118,93
227,11,78,249,76,4,31,34,187,171
227,12,126,105,189,213,58,79,68,113
227,13,162,10,213,68,62,82,34,193
227,14,212,21,100,233,3,34,223,134
227,15,107,15,246,90,100,205,122,43
227,16,24,94,77,202,142,76,213,84
227,17,2,81,121,145,95,106,97,34
227,18,121,147,30,202,76,42,60,102
227,19,172,103,19,152,112,173,187,170
227,20,144,213,22,110,114,25,232,199
227,21,49,100,12,201,121,85,80,214
227,22,131,71,175,160,189,206,182,95
227,23,80,83,246,132,184,183,58,26
227,24,48,25,195,188,104,113,91,87
227,25,162,10,2,15,193,44,226,161
227,26,55,100,63,24,31,91,107,8
227,27,107,244,15,45,139,34,183,219
227,28,18,39,177,76,191,88,175,164
227,29,51,86,175,249,108,205,116,121
227,30,120,30,40,146,3,37,156,180
227,31,186,238,1,246,158,90,32,176
227,32,127,35,111,54,66,203,43,229
227,33,32,67,158,196,44,208,77,19
227,34,52,122,106,76,40,6,151,142
227,35,211,133,112,159,240,173,71,140
227,36,208,102,182,37,186,225,230,109
227,37,116,170,88,226,118,36,243,152
227,38,108,199,166,117,159,36,23,42
227,39,50,95,236,48,255,134,216,108
228,0,131,77,169,37,163,232,138,102
228,1,240,35,127,67,42,25,126,238
228,2,124,211,177,191,99,6,24,152
228,3,203,131,102,41,100,73,252,189
228,4,227,111,28,223,255,194,199,205
228,5,119,243,109,130,9,227,56,231
228,6,46,233,247,64,131,41,96,222
228,7,249,191,51,110,113,126,162,155
228,8,144,244,40,64,106,25,92,58
228,9,100,163,17,121,56,159,7,157
228,10,37,177,129,224,118,227,90,175
228,11,179,23,83,127,74,123,124,192
228,12,211,214,189,184,202,195,4,48
228,13,179,162,193,121,198,153,75,149
228,14,62,123,116,21,100,212,154,114
228,15,48,107,246,157,173,156,69,27
228,16,76,144,164,68,66,236,217,84
228,17,52,2,145,121,179,34,108,182
228,18,120,51,30,102,202,61,199,23
228,19,0,103,1,200,235,194,186,78
228,20,213,144,92,217,40,223,17,114
228,21,241,109,100,121,49,232,163,60
228,22,89,249,145,177,90,127,255,175
228,23,179,246,83,132,23,173,144,51
228,24,75,40,169,195,226,202,87,182
228,25,251,185,161,231,44,82,102,226
228,26,104,55,0,223,150,13,12,140
228,27,48,196,175,56,69,246,137,86
228,28,76,70,144,14,18,158,177,66
228,29,121,108,82,125,137,34,242,113
228,30,120,111,30,213,146,23,100,199
228,31,186,172,1,148,246,19,165,0
228,32,38,60,228,35,23,84,54,160
228,33,33,67,76,19,0,243,196,44
228,34,174,138,32,142,118,151,140,106
228,35,91,211,133,215,18,130,137,75
228,36,168,96,64,240,151,182,230,196
228,37,230,152,218,61,130,127,185,36
228,38,223,159,193,5,225,23,117,83
228,39,238,216,63,90,206,118,109,22
229,0,193,129,255,87,156,54,215,176
229,1,117,148,176,105,122,54,248,36
229,2,156,231,233,191,171,1,41,129
229,3,114,48,149,85,246,38,244,126
229,4,185,69,21,120,28,87,23,153
229,5,243,180,25,162,79,76,143,200
229,6,248,225,207,124,21,211,139,254
229,7,160,194,213,141,245,200,186,165
229,8,144,81,114,223,244,91,148,92
229,9,100,235,232,155,248,112,225,122
229,10,176,127,78,243,79,23,217,144
229,11,42,135,181,83,56,61,58,12
229,12,139,202,25,58,251,239,28,189
229,13,162,10,250,118,90,110,130,82
229,14,233,212,3,222,21,43,34,39
229,15,107,100,90,0,122,196,173,199
229,16,24,94,74,142,126,37,202,200
229,17,2,81,121,83,99,232,145,34
229,18,121,30,147,68,186,20,77,42
229,19,152,227,94,171,170,254,128,79
229,20,144,110,7,114,22,25,199,161
229,21,49,100,194,218,87,85,149,134
229,22,160,123,71,245,131,222,210,174
229,23,80,172,122,186,184,45,26,56
229,24,139,217,42,48,116,27,25,200
229,25,162,250,15,156,10,109,2,50
229,26,212,21,233,114,39,222,17,134
229,27,107,100,123,210,177,2,129,39
229,28,74,2,94,204,31,79,26,118
229,29,150,2,190,48,8,83,121,187
229,30,68,64,22,186,56,200,52,24
229,31,171,128,211,186,45,170,240,124
229,32,33,107,62,68,203,122,252,231
229,33,192,21,245,12,223,135,215,115
229,34,16,70,250,144,8,137,142,247
229,35,151,108,194,202,56,64,96,181
229,36,23,157,210,235,224,84,176,254
229,37,241,234,36,97,77,206,104,195
229,38,144,159,233,77,103,5,191,223
229,39,96,41,90,63,66,48,84,10
230,0,0,148,195,189,137,12,248,60
230,1,186,240,31,60,119,161,130,71
230,2,221,191,32,156,5,211,104,178
230,3,184,114,215,48,239,207,168,109
230,4,137,51,178,224,218,238,199,80
230,5,36,126,9,216,130,243,33,246
230,6,23,101,253,47,252,119,53,198
230,7,149,18,53,11,251,110,178,245
230,8,144,108,22,114,84,27,244,60
230,9,100,225,218,89,157,17,31,229
230,10,89,221,131,191,93,229,230,104
230,11,83,244,118,184,122,26,124,127
230,12,131,75,189,164,109,202,13,204
230,13,240,162,82,68,223,90,237,198
230,14,85,212,68,62,114,107,244,95
230,15,196,107,59,2,69,151,173,128
230,16,66,251,76,68,18,247,79,202
230,17,2,184,121,34,53,82,51,145
230,18,121,120,30,100,44,42,51,202
230,19,149,15,1,0,186,144,200,227
230,20,144,213,114,15,244,56,245,232
230,21,121,100,136,155,12,8,60,218
230,22,221,215,37,89,182,104,213,166
230,23,173,244,118,246,4,183,221,171
230,24,75,195,99,146,224,87,131,243
230,25,161,223,82,2,184,44,67,162
230,26,12,244,4,85,0,55,223,195
230,27,136,244,137,219,183,175,69,141
230,28,18,63,66,204,246,68,213,39
230,29,184,121,51,134,225,34,86,113
230,30,120,24,30,37,111,230,100,60
230,31,186,99,56,175,78,177,131,255
230,32,5,138,184,209,11,111,66,203
230,33,147,19,196,124,208,44,25,67
230,34,32,226,228,8,31,40,106,137
230,35,119,133,115,65,71,91,17,159
230,36,92,16,143,89,182,230,127,240
230,37,198,230,62,205,173,185,180,54
230,38,193,17,11,159,42,138,23,83
230,39,107,21,134,202,90,193,7,216
231,0,230,36,45,94,134,213,244,16
231,1,186,228,12,240,67,25,83,237
231,2,182,195,155,161,168,240,244,138
231,3,71,104,47,212,52,254,93,151
231,4,185,238,163,111,52,3,22,199
231,5,126,130,9,119,243,112,216,206
231,6,229,96,233,23,132,117,212,189
231,7,53,51,206,134,75,52,110,67
231,8,144,244,114,36,148,25,166,22
231,9,89,100,183,80,7,34,11,229
231,10,191,89,131,230,221,212,254,115
231,11,167,83,205,244,100,171,122,163
231,12,75,189,164,40,37,70,254,68
231,13,161,68,162,189,82,223,179,118
231,14,62,21,223,144,57,85,219,212
231,15,178,243,136,59,196,2,42,53
231,16,66,89,107,112,79,37,68,227
231,17,112,2,34,53,121,184,182,82
231,18,120,30,51,202,42,2,121,146
231,19,0,186,1,193,138,254,209,103
231,20,223,213,144,18,158,245,237,114
231,21,100,122,160,218,163,11,121,7
231,22,49,191,89,203,183,93,224,182
231,23,183,41,230,224,168,51,5,244
231,24,113,58,174,126,216,213,100,224
231,25,161,121,57,189,68,177,146,233
231,26,9,112,57,236,193,223,63,8
231,27,136,137,141,89,48,127,187,243
231,28,89,18,158,66,29,16,50,227
231,29,112,97,73,51,171,67,134,226
231,30,120,24,14,174,42,60,100,37
231,31,186,1,193,195,242,246,177,131
231,32,127,184,5,43,111,203,180,24
231,33,177,67,252,0,27,19,135,115
231,34,32,17,122,42,228,245,137,229
231,35,119,133,65,165,164,149,137,233
231,36,75,130,47,37,127,231,97,208
231,37,234,36,198,133,173,130,13,139
231,38,37,11,138,159,174,222,83,187
231,39,42,164,22,190,155,152,81,48
232,0,19,21,116,239,198,5,240,250
232,1,228,241,82,186,209,63,179,69
232,2,182,161,77,98,240,12,199,155
232,3,185,57,96,139,181,52,134,212
232,4,22,56,238,137,185,134,80,100
232,5,206,9,126,173,79,116,216,246
232,6,229,234,23,233,188,96,132,117
232,7,83,252,53,178,75,249,95,198
232,8,144,40,13,22,36,232,244,114
232,9,100,160,89,218,43,229,183,49
232,10,131,191,89,208,35,93,230,175
232,11,83,124,249,26,102,127,213,4
232,12,189,75,40,239,139,25,13,164
232,13,162,223,90,240,82,213,118,158
232,14,21,212,3,233,134,114,143,8
232,15,107,15,246,64,139,97,92,251
232,16,76,68,251,77,94,84,142,234
232,17,2,121,81,179,184,52,108,47
232,18,120,121,202,51,30,147,146,100
232,19,49,0,103,172,149,200,125,1
232,20,144,213,232,22,84,56,199,114
232,21,49,160,100,121,169,214,218,163
232,22,89,131,191,221,74,230,241,168
232,23,83,244,183,246,26,184,171,77
232,24,75,248,164,87,40,131,109,255
232,25,223,162,10,90,226,193,67,44
232,26,3,104,55,63,85,195,91,223
232,27,137,128,244,27,246,219,47,141
232,28,68,251,76,204,63,213,77,18
232,29,34,121,84,51,253,226,184,73
232,30,120,30,24,42,2,213,40,111
232,31,186,177,227,1,11,148,193,7
232,32,5,228,184,23,111,43,203,217
232,33,19,76,159,124,208,67,248,252
232,34,32,151,99,108,106,228,8,142
232,35,104,119,91,102,65,162,0,133
232,36,208,171,224,182,230,47,161,111
232,37,130,254,36,61,118,54,123,230
232,38,11,159,3,228,171,83,5,252
232,39,193,40,216,33,76,204,118,155
233,0,168,34,130,150,48,44,219,176
233,1,187,104,91,168,235,185,0,220
233,2,105,250,244,196,118,231,50,166
233,3,32,208,205,191,139,46,238,255
233,4,126,106,2,252,182,113,3,60
233,5,116,181,9,173,92,109,75,240
233,6,229,234,188,132,189,64,4,117
233,7,83,178,110,51,126,249,122,150
233,8,144,13,40,244,44,12,114,218
233,9,100,109,89,241,56,157,233,229
233,10,33,175,191,199,141,89,140,152
233,11,83,179,23,36,127,38,26,100
233,12,75,40,248,48,255,195,184,164
233,13,179,104,162,223,88,173,90,106
233,14,62,116,21,104,100,212,114,8
233,15,246,107,173,151,27,160,167,15
233,16,76,68,66,236,251,164,202,37
233,17,2,52,121,34,145,179,182,108
233,18,120,51,102,30,202,3,42,60
233,19,235,0,103,186,254,1,78,32
233,20,213,106,144,17,15,137,25,40
233,21,109,241,121,100,163,49,60,224
233,22,89,74,192,129,37,93,175,177
233,23,179,51,138,82,58,132,184,129
233,24,75,40,248,224,232,187,195,120
233,25,44,185,132,68,172,55,128,121
233,26,104,207,12,110,8,154,125,107
233,27,196,141,136,59,55,115,137,70
233,28,18,217,66,14,76,164,108,215
233,29,45,134,34,182,42,82,242,220
233,30,120,213,2,30,40,60,161,27
233,31,186,197,36,41,56,77,177,203
233,32,13,175,101,184,38,54,111,45
233,33,196,159,67,137,33,39,208,157
233,34,32,159,99,108,17,130,192,194
233,35,119,198,245,102,215,64,33,222
233,36,89,208,168,76,190,106,230,237
233,37,130,133,36,24,252,71,213,243
233,38,144,159,11,37,200,117,225,207
233,39,48,41,218,103,76,223,22,208
234,0,0,148,137,189,195,60,217,207
234,1,31,197,173,5,208,165,130,179
234,2,61,115,81,160,196,182,45,231
234,3,107,184,114,132,240,191,75,139
234,4,203,185,136,22,84,26,52,56
234,5,126,9,36,246,196,243,216,33
234,6,234,11,229,253,131,233,64,158
234,7,149,252,53,18,178,83,110,150
234,8,144,108,22,114,244,232,27,36
234,9,100,89,31,218,157,147,43,177
234,10,89,74,221,131,229,141,10,175
234,11,244,118,26,83,77,41,124,127
234,12,75,40,189,248,255,195,37,239
234,13,162,240,223,90,185,82,196,68
234,14,92,85,212,62,21,100,68,114
234,15,107,97,196,246,151,15,59,160
234,16,66,251,92,68,76,202,79,77
234,17,2,184,121,34,145,82,51,179
234,18,120,121,202,30,42,96,40,100
234,19,149,0,103,15,186,254,49,74
234,20,213,144,135,25,15,244,106,232
234,21,121,100,49,136,60,80,163,218
234,22,37,221,175,131,89,74,238,10
234,23,246,244,183,104,77,118,90,38
234,24,75,224,248,40,195,175,146,109
234,25,44,90,223,161,135,10,132,82
234,26,92,85,254,3,55,104,215,81
234,27,70,184,117,225,243,132,69,196
234,28,18,63,175,213,204,177,202,194
234,29,134,184,34,121,74,137,45,73
234,30,120,40,42,213,2,60,37,14
234,31,1,246,161,186,177,235,175,227
234,32,170,66,184,93,203,72,161,35
234,33,147,135,19,27,60,25,252,0
234,34,159,32,226,8,137,17,173,115
234,35,119,121,215,65,32,165,140,38
234,36,127,76,161,45,40,47,240,218
234,37,24,198,62,144,133,120,128,69
234,38,193,11,197,182,159,207,50,40
234,39,107,193,21,22,48,216,206,196
235,0,230,94,38,174,45,213,16,44
235,1,197,208,5,177,156,67,212,237
235,2,215,73,85,50,144,231,186,174
235,3,40,222,145,127,192,49,253,143
235,4,229,31,217,39,224,113,163,238
235,5,243,130,222,57,206,80,21,154
235,6,11,214,98,199,229,212,119,110
235,7,136,52,241,150,143,134,122,141
235,8,144,244,81,166,250,101,22,39
235,9,194,135,122,248,12,71,100,136
235,10,144,127,78,123,23,43,176,160
235,11,181,58,45,135,24,148,42,61
235,12,139,25,113,70,58,79,202,126
235,13,162,10,44,255,161,90,250,34
235,14,212,233,100,3,21,134,34,223
235,15,107,246,15,90,199,122,124,160
235,16,24,94,74,142,77,88,103,126
235,17,2,81,145,108,121,34,83,106
235,18,147,121,30,76,202,77,42,200
235,19,19,152,171,172,246,94,103,129
235,20,144,22,213,110,245,11,168,114
235,21,100,49,12,122,85,210,218,56
235,22,131,182,160,140,178,179,180,115
235,23,80,83,97,149,184,246,183,57
235,24,25,113,45,28,127,122,48,201
235,25,162,10,68,15,26,226,106,191
235,26,59,24,100,233,0,63,31,120
235,27,157,107,123,129,199,228,82,210
235,28,94,63,74,18,7,182,186,88
235,29,150,51,36,116,163,246,34,134
235,30,60,184,14,61,40,180,52,146
235,31,246,1,138,255,220,254,232,238
235,32,127,161,54,43,184,111,203,229
235,33,227,0,177,112,80,113,27,67
235,34,32,159,184,192,137,122,140,210
235,35,119,204,140,65,133,245,200,234
235,36,127,218,62,76,45,208,161,29
235,37,24,133,71,144,160,165,130,36
235,38,37,11,91,138,23,104,43,159
235,39,42,155,22,193,106,198,175,164
236,0,19,116,198,5,21,239,250,240
236,1,228,82,209,241,208,186,69,197
236,2,215,85,144,186,73,50,98,115
236,3,185,57,40,72,181,96,143,52
236,4,22,244,35,203,238,68,217,100
236,5,206,9,80,116,126,243,196,173
236,6,229,234,188,11,233,117,66,64
236,7,252,83,178,53,249,198,150,88
236,8,144,216,13,36,244,106,22,40
236,9,100,89,160,218,43,86,35,222
236,10,89,131,74,35,208,10,95,175
236,11,83,124,26,43,77,140,74,122
236,12,248,75,40,189,239,48,234,164
236,13,162,223,90,185,82,115,193,240
236,14,21,3,92,212,62,100,233,134
236,15,107,15,246,64,251,97,136,173
236,16,76,68,251,77,84,66,37,79
236,17,121,2,179,52,81,47,145,106
236,18,120,51,202,147,30,42,60,40
236,19,172,103,235,0,254,186,49,74
236,20,213,144,135,106,40,232,244,254
236,21,49,100,160,77,121,163,58,218
236,22,74,89,37,131,175,48,121,90
236,23,246,123,77,83,244,112,199,34
236,24,40,75,248,60,175,23,48,202
236,25,90,71,10,223,255,44,185,84
236,26,3,100,207,92,104,55,0,85
236,27,107,246,15,69,174,59,208,53
236,28,18,103,62,175,76,9,217,194
236,29,108,107,81,94,84,145,45,226
236,30,213,0,76,40,33,60,24,230
236,31,36,19,200,1,114,235,172,163
236,32,161,138,53,54,170,83,112,203
236,33,164,72,210,90,157,43,115,111
236,34,159,133,52,113,86,20,17,231
236,35,119,86,135,204,27,211,71,240
236,36,45,93,76,69,230,218,192,143
236,37,24,72,71,230,100,130,5,144
236,38,120,91,11,159,138,207,18,193
236,39,193,40,73,22,107,106,155,45
237,0,179,145,18,91,242,118,67,34
237,1,184,168,194,204,38,57,74,199
237,2,44,215,73,85,14,50,130,4
237,3,59,142,208,32,77,88,252,52
237,4,241,151,131,230,85,16,217,181
237,5,206,184,99,243,181,176,212,28
237,6,229,234,188,64,121,117,222,130
237,7,83,249,126,178,121,95,134,110
237,8,144,114,244,13,215,36,24,218
237,9,77,100,89,69,228,49,56,118
237,10,113,118,35,131,192,175,89,141
237,11,243,83,230,127,246,123,172,26
237,12,189,48,248,87,40,75,255,202
237,13,162,10,90,97,82,223,110,192
237,14,3,21,212,100,208,114,233,154
237,15,107,246,173,15,160,59,69,157
237,16,76,94,77,142,103,49,84,66
237,17,81,2,121,108,145,125,45,111
237,18,120,147,51,30,76,60,202,100
237,19,235,172,19,103,246,6,125,1
237,20,213,144,217,223,232,135,245,114
237,21,49,100,8,248,69,48,159,6
237,22,113,188,83,131,182,199,129,95
237,23,192,83,123,75,246,184,183,124
237,24,60,175,87,40,202,232,243,227
237,25,10,90,2,132,68,91,193,251
237,26,3,100,8,55,107,30,63,81
237,27,107,246,23,15,45,69,174,59
237,28,103,62,9,18,175,177,144,76
237,29,108,81,94,107,145,153,253,205
237,30,213,0,76,40,33,24,184,60
237,31,19,36,129,1,163,158,173,56
237,32,161,53,112,68,54,166,35,111
237,33,210,164,72,43,157,55,90,115
237,34,52,86,159,133,74,91,113,209
237,35,119,86,204,211,135,75,174,27
237,36,45,222,93,73,63,127,196,18
237,37,72,65,5,230,24,71,205,61
237,38,120,199,57,193,166,91,143,63
237,39,162,236,107,108,154,91,73,31
238,0,130,229,182,140,237,54,101,7
238,1,247,216,12,188,196,97,151,106
238,2,17,227,88,74,145,34,119,4
238,3,235,59,129,130,187,77,230,152
238,4,128,191,108,135,234,159,236,15
238,5,193,88,222,6,134,99,206,41
238,6,180,234,121,233,60,229,83,188
238,7,249,198,29,207,118,70,122,178
238,8,89,104,114,144,105,234,215,244
238,9,49,77,164,228,29,100,8,118
238,10,113,169,35,49,130,210,69,36
238,11,172,161,246,230,189,83,243,1
238,12,87,60,48,189,195,255,98,27
238,13,97,10,162,90,43,147,110,82
238,14,3,100,21,20,223,114,233,212
238,15,107,173,246,45,160,23,2,81
238,16,76,94,24,9,103,79,49,23
238,17,121,108,81,2,111,172,34,51
238,18,147,39,30,51,76,0,100,179
238,19,19,172,6,235,94,177,1,171
238,20,213,217,144,245,232,179,209,110
238,21,49,31,164,191,29,85,100,8
238,22,113,83,169,188,162,39,95,48
238,23,189,83,192,233,184,161,243,34
238,24,175,87,60,64,202,48,82,188
238,25,251,2,15,3,68,147,10,43
238,26,100,3,8,30,63,208,81,215
238,27,107,200,162,59,246,81,23,174
238,28,103,62,133,9,7,168,24,23
238,29,108,81,76,250,145,153,107,2
238,30,213,0,76,179,22,60,184,40
238,31,129,19,116,109,150,173,246,158
238,32,161,90,181,215,68,125,54,119
238,33,43,55,86,215,126,210,72,129
238,34,86,96,91,84,74,62,133,132
238,35,160,84,57,108,129,204,86,27
238,36,222,70,2,93,45,171,165,217
238,37,72,65,61,219,2,186,19,182
238,38,151,100,159,67,180,143,145,70
238,39,190,228,66,2,11,154,217,206
239,0,190,235,141,253,158,208,221,115
239,1,182,82,137,244,93,152,63,70
239,2,119,140,241,172,53,129,121,95
239,3,187,235,133,128,35,12,231,34
239,4,58,95,91,142,135,236,127,128
239,5,135,193,47,65,88,145,99,134
239,6,60,207,215,22,31,121,206,153
239,7,249,117,49,23,29,194,70,64
239,8,104,234,116,99,239,180,89,56
239,9,116,191,8,164,36,49,56,195
239,10,113,36,82,90,125,198,169,13
239,11,233,192,189,102,161,86,172,108
239,12,93,175,87,60,74,63,85,54
239,13,97,29,103,15,147,134,176,105
239,14,86,3,41,32,226,149,51,91
239,15,162,31,208,168,200,107,232,81
239,16,9,103,106,24,5,131,96,163
239,17,172,108,250,111,81,153,193,87
239,18,179,39,163,100,85,60,76,204
239,19,116,19,109,172,205,171,1,235
239,20,234,110,217,239,179,116,180,213
239,21,191,116,85,49,94,29,164,117
239,22,125,36,113,169,39,69,83,255
239,23,83,189,86,233,192,215,163,88
239,24,93,60,74,175,64,87,15,27
239,25,251,15,134,253,147,2,234,103
239,26,100,3,149,51,91,10,24,200
239,27,107,162,200,31,59,81,43,27
239,28,103,62,7,133,43,24,9,5
239,29,108,81,76,250,87,0,172,153
239,30,213,76,179,22,0,24,163,34
239,31,116,129,109,19,205,191,150,158
239,32,119,161,90,215,68,181,155,54
239,33,93,86,55,215,129,83,183,43
239,34,86,96,82,1,62,207,132,204
239,35,160,84,57,129,108,27,135,204
239,36,70,222,176,181,157,83,200,192
239,37,219,58,229,182,39,143,88,31
239,38,151,64,92,148,100,255,230,180
239,39,186,154,189,38,69,190,248,11
240,0,38,193,54,44,53,167,244,176
240,1,122,117,140,58,105,201,188,38
240,2,241,140,119,172,128,53,250,121
240,3,35,128,91,34,12,250,210,204
240,4,58,213,159,6,187,179,205,23
240,5,145,239,5,135,243,42,255,166
240,6,118,63,206,207,60,28,164,193
240,7,54,210,49,165,249,109,9,231
240,8,104,239,113,106,218,73,244,100
240,9,116,203,56,49,34,80,105,88
240,10,115,240,231,166,96,29,212,210
240,11,253,88,102,51,181,41,4,214
240,12,175,189,53,102,0,195,70,213
240,13,10,15,162,2,4,11,121,82
240,14,3,21,100,212,223,41,24,34
240,15,107,246,183,173,175,36,157,15
240,16,24,103,94,202,9,66,49,76
240,17,2,81,108,121,145,34,51,150
240,18,147,76,121,30,39,42,100,202
240,19,19,172,1,103,94,171,69,246
240,20,144,213,110,232,22,217,114,106
240,21,100,49,85,116,201,12,191,229
240,22,95,175,131,162,34,83,140,105
240,23,83,215,184,177,42,140,34,26
240,24,202,175,60,91,87,45,25,98
240,25,251,15,162,10,68,2,78,209
240,26,100,55,4,24,81,8,33,150
240,27,107,246,15,244,40,59,43,168
240,28,103,62,24,7,177,18,23,63
240,29,108,81,2,249,5,145,34,121
240,30,213,76,22,100,60,24,34,40
240,31,129,19,246,116,238,1,158,109
240,32,119,68,215,161,223,90,128,54
240,33,93,55,86,190,215,157,129,83
240,34,86,186,82,96,207,204,1,116
240,35,160,129,84,108,57,227,11,75
240,36,70,176,181,157,200,201,45,207
240,37,219,58,182,31,115,7,143,36
240,38,151,92,148,71,255,230,168,100
240,39,2,154,189,69,38,248,213,217
241,0,4,92,236,144,191,71,147,232
241,1,76,164,61,124,195,120,19,83
241,2,92,219,60,49,86,58,11,150
241,3,155,30,177,144,56,217,197,219
241,4,98,94,88,216,134,118,77,75
241,5,147,60,29,243,23,82,39,18
241,6,43,183,92,68,14,180,28,65
241,7,198,145,101,181,191,139,243,32
241,8,119,144,213,247,84,114,27,94
241,9,100,156,49,22,218,80,56,118
241,10,35,207,162,95,34,140,161,133
241,11,83,153,102,27,150,181,95,98
241,12,175,48,60,252,191,202,253,189
241,13,15,10,162,168,90,121,4,110
241,14,100,21,41,212,134,223,30,25
241,15,107,246,248,15,173,59,160,138
241,16,103,24,9,236,76,187,94,230
241,17,108,2,145,81,121,34,182,74
241,18,76,39,100,202,147,213,30,69
241,19,19,103,129,172,221,1,60,254
241,20,213,232,144,110,106,36,40,84
241,21,100,156,49,25,8,195,218,31
241,22,95,207,157,131,0,162,140,39
241,23,153,83,150,99,181,195,124,26
241,24,60,202,40,106,175,87,48,200
241,25,15,180,162,10,4,2,90,20
241,26,100,25,208,24,21,99,33,55
241,27,107,248,246,15,59,69,138,43
241,28,103,24,230,62,168,197,7,245
241,29,108,2,81,145,65,69,161,253
241,30,213,34,76,100,69,60,78,29
241,31,129,19,60,246,221,128,187,1
241,32,215,68,195,128,146,184,86,35
241,33,55,37,97,133,72,189,36,75
241,34,204,255,212,159,90,63,137,209
241,35,129,49,136,43,11,127,243,86
241,36,234,201,8,130,200,176,18,147
241,37,219,36,165,68,7,76,115,20
241,38,120,255,93,100,139,87,47,196
241,39,23,224,68,225,241,45,106,185
242,0,212,218,46,4,110,63,157,202
242,1,209,40,183,166,96,98,234,13
242,2,35,247,192,2,9,7,128,250
242,3,217,72,192,55,247,216,123,4
242,4,123,145,98,180,215,216,182,135
242,5,231,19,31,80,67,82,243,213
242,6,43,140,241,28,13,53,96,217
242,7,52,61,49,198,24,134,90,206
242,8,119,245,157,213,247,215,250,37
242,9,49,182,18,34,121,22,214,107
242,10,61,95,129,133,162,22,231,71
242,11,102,171,215,196,4,246,162,180
242,12,175,99,211,92,76,224,70,60
242,13,3,121,251,119,216,242,2,221
242,14,59,229,136,223,217,119,41,97
242,15,183,83,55,153,45,178,191,48
242,16,166,103,131,245,141,216,248,175
242,17,108,182,167,99,150,74,145,92
242,18,217,100,39,199,14,61,155,60
242,19,19,221,129,1,235,172,89,158
242,20,197,127,11,81,243,209,50,213
242,21,210,25,8,159,83,195,246,12
242,22,61,95,231,255,48,213,215,206
242,23,148,253,180,162,173,246,74,183
242,24,175,60,102,216,91,247,127,195
242,25,251,78,44,205,221,216,234,119
242,26,193,217,140,97,177,211,223,29
242,27,183,117,69,83,153,178,25,55
242,28,103,166,175,245,182,134,89,162
242,29,108,216,106,145,182,79,93,138
242,30,34,100,213,60,51,166,102,30
242,31,19,129,221,24,238,246,36,235
242,32,68,116,35,160,54,215,94,128
242,33,206,55,59,18,182,27,195,36
242,34,204,205,159,209,137,177,46,63
242,35,129,178,121,95,86,203,11,111
242,36,55,251,18,69,201,138,148,231
242,37,36,219,165,160,173,240,92,110
242,38,120,124,132,255,23,164,185,206
242,39,224,235,185,55,106,45,151,162
243,0,69,239,116,151,250,240,211,225
243,1,88,85,157,154,101,17,22,94
243,2,247,192,35,96,48,7,181,9
243,3,217,72,123,45,76,9,4,227
243,4,199,123,101,145,180,3,159,187
243,5,231,19,42,80,82,189,29,243
243,6,43,140,145,239,9,252,226,221
243,7,198,139,203,223,33,126,20,54
243,8,119,84,213,144,245,37,205,25
243,9,49,182,8,163,17,159,55,100
243,10,95,133,129,35,162,61,177,210
243,11,246,93,88,102,83,4,74,192
243,12,175,252,224,60,99,98,126,48
243,13,3,121,206,149,242,10,2,251
243,14,59,230,3,30,223,41,136,119
243,15,55,168,131,183,45,107,153,157
243,16,103,245,166,49,175,236,79,202
243,17,108,34,145,182,74,121,81,167
243,18,39,100,217,199,14,61,60,30
243,19,19,172,1,246,129,89,235,123
243,20,213,50,243,197,209,217,138,63
243,21,25,210,121,58,8,12,246,195
243,22,95,231,61,133,129,48,255,213
243,23,148,246,253,76,83,74,180,24
243,24,175,60,91,102,126,68,99,40
243,25,44,251,135,3,78,205,180,2
243,26,140,223,230,100,55,104,24,56
243,27,183,55,107,243,59,69,246,153
243,28,103,166,62,162,24,175,78,204
243,29,108,145,34,216,2,81,99,69
243,30,34,100,213,76,78,60,40,123
243,31,129,19,54,103,235,0,221,246
243,32,68,228,157,215,35,23,86,82
243,33,95,36,55,234,119,29,219,98
243,34,204,137,209,151,177,90,216,159
243,35,129,49,104,191,165,127,11,86
243,36,75,69,218,18,147,64,196,230
243,37,36,219,165,173,130,77,183,141
243,38,88,255,159,241,117,166,196,23
243,39,165,86,224,106,73,235,47,185
244,0,96,226,117,187,171,146,15,185
244,1,158,13,43,88,195,96,81,17
244,2,9,102,48,189,209,203,247,44
244,3,217,200,192,170,45,247,73,53
244,4,119,123,8,55,22,2,145,34
244,5,243,80,82,237,231,29,42,130
244,6,43,16,239,145,241,9,155,59
244,7,198,24,203,139,133,191,49,134
244,8,119,144,84,112,213,40,244,37
244,9,100,49,109,19,182,218,17,80
244,10,95,35,133,206,163,118,162,121
244,11,150,83,88,18,177,89,102,205
244,12,175,92,48,126,232,254,211,106
244,13,3,179,10,180,121,15,162,227
244,14,223,100,21,59,30,212,8,55
244,15,107,246,15,240,59,173,103,157
244,16,103,223,78,76,187,24,79,236
244,17,108,145,2,121,34,65,81,179
244,18,202,100,96,76,147,39,102,213
244,19,103,19,172,1,0,129,123,233
244,20,213,232,144,106,122,114,40,36
244,21,109,100,49,19,25,121,8,184
244,22,95,177,133,48,231,214,37,163
244,23,181,18,124,179,83,155,150,233
244,24,40,60,175,202,91,79,227,87
244,25,44,180,162,2,90,227,10,70
244,26,71,100,254,140,223,200,142,170
244,27,107,246,15,183,69,59,225,138
244,28,103,245,62,163,175,76,18,16
244,29,108,34,42,81,2,249,179,247
244,30,34,213,100,202,40,30,60,76
244,31,19,129,103,0,238,254,172,246
244,32,228,17,23,68,35,124,111,225
244,33,23,55,214,119,94,29,195,98
244,34,204,174,113,118,177,138,151,40
244,35,104,95,133,209,34,165,207,90
244,36,69,18,253,64,75,225,196,171
244,37,36,164,130,61,77,218,76,165
244,38,136,73,255,93,143,159,31,23
244,39,47,225,86,108,73,48,226,81
245,0,83,135,59,130,79,108,88,57
245,1,182,48,143,152,146,140,78,193
245,2,115,8,36,81,56,189,46,203
245,3,106,129,29,110,250,226,210,46
245,4,171,165,247,136,62,219,185,61
245,5,82,87,243,231,29,106,80,237
245,6,214,244,239,46,255,53,199,28
245,7,24,232,155,110,134,225,54,165
245,8,244,37,219,144,250,166,67,131
245,9,69,152,200,183,219,182,56,211
245,10,133,88,208,214,206,29,95,37
245,11,102,11,92,13,39,19,168,177
245,12,76,211,175,126,49,195,70,105
245,13,44,78,242,227,161,146,135,171
245,14,223,212,34,26,95,244,149,114
245,15,107,59,243,89,43,199,157,225
245,16,103,66,79,218,236,84,42,182
245,17,2,97,81,121,34,127,67,92
245,18,121,60,30,42,147,230,61,133
245,19,1,32,246,227,93,97,74,10
245,20,11,144,67,245,101,215,81,138
245,21,184,72,136,122,201,210,33,63
245,22,120,175,100,167,219,231,206,192
245,23,180,41,87,96,132,187,149,162
245,24,53,124,216,8,24,144,62,224
245,25,167,52,139,221,119,189,177,236
245,26,81,57,217,211,244,181,150,136
245,27,247,191,225,53,117,187,82,45
245,28,107,203,126,88,182,248,16,141
245,29,171,249,125,106,25,112,96,86
245,30,31,174,75,24,94,100,44,3
245,31,204,154,238,186,207,194,173,1
245,32,60,184,111,54,252,205,127,30
245,33,33,19,108,123,78,229,137,197
245,34,99,174,32,138,118,108,40,134
245,35,215,117,38,133,64,91,95,189
245,36,143,225,76,101,196,3,18,47
245,37,239,218,230,36,243,61,130,226
245,38,0,239,159,23,143,98,83,17
245,39,96,22,175,185,109,144,223,56
246,0,0,148,189,184,12,60,248,217
246,1,197,5,204,161,208,165,74,55
246,2,115,32,247,81,189,248,9,78
246,3,184,234,81,215,123,217,159,107
246,4,136,137,56,159,178,250,18,51
246,5,82,36,126,130,196,246,206,237
246,6,11,198,28,117,253,40,64,227
246,7,149,18,24,134,53,139,168,126
246,8,144,40,84,108,25,244,94,36
246,9,100,89,31,157,118,17,86,218
246,10,35,221,89,131,95,208,49,140
246,11,244,118,83,77,184,26,124,237
246,12,40,75,202,131,109,175,87,248
246,13,162,240,44,90,3,223,115,82
246,14,85,100,62,212,68,223,63,24
246,15,107,246,196,97,59,173,168,15
246,16,76,236,251,79,218,68,84,103
246,17,145,108,121,184,2,34,225,92
246,18,120,30,100,230,61,42,96,121
246,19,149,186,1,94,103,0,49,15
246,20,213,144,106,232,119,205,114,138
246,21,121,100,136,49,8,218,246,80
246,22,95,221,238,37,48,214,231,131
246,23,244,144,246,45,118,180,77,26
246,24,68,40,75,60,175,76,184,58
246,25,44,90,227,161,255,216,223,167
246,26,216,85,71,215,63,140,142,3
246,27,136,132,59,117,191,243,137,175
246,28,89,103,18,63,175,204,210,202
246,29,184,108,86,134,121,34,182,247
246,30,100,120,213,40,30,60,166,42
246,31,246,41,1,19,56,49,173,183
246,32,138,184,121,54,161,35,231,205
246,33,147,19,67,27,99,241,195,219
246,34,32,204,159,226,40,209,137,99
246,35,121,59,119,115,9,209,65,165
246,36,143,76,196,75,137,80,165,127
246,37,198,230,165,62,36,6,195,100
246,38,0,193,23,17,159,197,11,85
246,39,107,21,45,22,106,73,196,206
247,0,230,94,45,38,16,149,174,213
247,1,208,197,177,5,25,212,74,136
247,2,215,85,144,73,186,206,50,181
247,3,40,227,254,49,72,222,86,253
247,4,39,136,229,211,224,145,217,7
247,5,130,243,80,82,162,189,175,37
247,6,11,214,124,199,41,239,191,244
247,7,90,134,160,165,136,24,143,225
247,8,144,244,91,166,37,215,250,39
247,9,135,127,100,63,62,71,235,194
247,10,43,145,144,14,49,214,255,115
247,11,1,230,104,58,83,88,76,167
247,12,88,216,68,40,6,142,70,255
247,13,34,44,135,161,216,162,189,198
247,14,216,223,34,71,24,95,140,57
247,15,136,225,196,59,84,199,32,93
247,16,16,166,245,227,66,84,175,236
247,17,150,171,106,249,30,96,74,86
247,18,174,201,100,3,75,94,172,44
247,19,204,41,238,207,44,142,221,246
247,20,127,17,11,139,18,175,217,104
247,21,184,72,53,246,210,71,201,135
247,22,120,175,167,100,29,179,219,50
247,23,180,41,87,149,132,187,96,162
247,24,124,53,8,216,24,144,62,174
247,25,167,52,139,119,189,233,236,221
247,26,81,57,217,211,181,150,244,223
247,27,247,225,191,53,117,82,108,187
247,28,107,126,203,88,248,16,141,182
247,29,171,249,106,112,125,25,86,96
247,30,31,174,24,75,100,44,3,94
247,31,204,238,186,207,194,173,221,1
247,32,15,184,33,205,54,30,142,252
247,33,90,227,241,71,219,144,77,237
247,34,202,16,105,219,122,63,215,229
247,35,102,170,213,198,225,96,203,95
247,36,161,199,102,106,75,148,224,208
247,37,71,69,160,165,116,176,92,244
247,38,37,0,166,23,159,138,117,222
247,39,42,166,76,227,106,81,175,22
248,0,19,116,5,21,198,239,240,131
248,1,82,228,241,209,208,186,197,69
248,2,215,85,144,186,50,98,199,73
248,3,185,57,40,181,96,72,52,247
248,4,22,137,56,35,80,238,217,169
248,5,206,82,80,9,130,126,116,173
248,6,11,229,234,227,117,64,40,67
248,7,83,241,53,178,95,198,24,150
248,8,144,13,244,40,36,22,27,114
248,9,100,160,89,86,163,118,43,183
248,10,35,208,131,89,95,49,221,140
248,11,83,237,77,124,1,43,33,199
248,12,40,248,75,189,48,109,239,255
248,13,162,240,90,223,44,115,49,82
248,14,21,100,3,212,216,62,63,30
248,15,107,246,15,173,136,151,196,160
248,16,76,103,251,223,236,68,79,84
248,17,108,145,121,74,34,2,92,81
248,18,120,51,100,30,61,202,213,42
248,19,49,1,41,186,149,103,172,19
248,20,213,144,232,135,106,209,199,40
248,21,49,100,121,160,58,163,8,224
248,22,95,208,231,131,115,48,37,203
248,23,77,123,83,132,244,237,201,245
248,24,60,248,40,68,175,91,48,234
248,25,10,90,44,162,223,71,180,70
248,26,100,3,24,216,254,71,25,63
248,27,107,246,15,173,59,43,25,128
248,28,103,62,24,175,7,204,79,168
248,29,108,81,94,184,2,253,145,42
248,30,213,76,204,34,100,184,42,230
248,31,129,19,1,246,183,173,49,36
248,32,161,68,184,138,140,128,215,54
248,33,132,90,47,55,98,147,3,241
248,34,204,163,209,241,159,120,44,128
248,35,129,86,11,250,187,74,9,59
248,36,115,93,143,19,208,217,43,1
248,37,100,101,169,127,123,219,61,232
248,38,0,199,61,57,143,196,42,67
248,39,108,236,163,218,106,107,66,155
249,0,197,101,35,48,242,105,179,108
249,1,27,97,231,216,62,150,11,181
249,2,59,210,35,88,227,109,17,164
249,3,37,106,211,84,130,236,77,76
249,4,222,142,108,102,15,241,19,251
249,5,204,51,186,104,6,243,184,82
249,6,43,180,182,9,59,167,75,125
249,7,198,23,231,191,156,110,49,210
249,8,119,213,105,114,166,89,117,141
249,9,49,203,29,195,180,182,118,6
249,10,88,208,118,169,140,210,113,192
249,11,88,74,95,73,233,102,203,246
249,12,60,21,164,243,252,87,251,195
249,13,10,15,97,152,3,247,205,78
249,14,3,100,21,56,55,208,200,8
249,15,107,246,15,173,175,59,160,2
249,16,76,103,24,9,66,92,182,187
249,17,111,108,121,81,34,145,182,51
249,18,39,76,30,204,60,42,3,213
249,19,19,172,235,1,153,158,123,242
249,20,217,245,213,209,106,36,223,114
249,21,122,31,8,232,56,43,222,65
249,22,88,208,48,215,118,60,39,210
249,23,172,83,96,95,26,226,34,73
249,24,60,87,182,141,98,27,64,241
249,25,82,3,2,15,161,78,68,251
249,26,63,215,81,24,56,70,119,91
249,27,175,89,107,243,117,183,168,244
249,28,103,62,92,182,76,204,144,164
249,29,108,81,121,34,165,22,97,250
249,30,213,76,85,42,30,170,24,60
249,31,19,238,36,246,158,69,255,161
249,32,53,112,98,124,184,161,54,11
249,33,126,157,64,19,44,112,39,115
249,34,116,113,204,132,86,1,137,142
249,35,174,240,8,231,64,234,115,154
249,36,208,218,143,106,171,219,217,94
249,37,65,72,61,130,71,245,76,123
249,38,5,23,138,18,104,55,25,193
249,39,228,218,48,170,86,192,235,206
250,0,190,235,141,158,253,115,208,47
250,1,217,182,21,152,62,47,70,146
250,2,255,167,128,121,109,123,220,127
250,3,190,35,128,106,37,11,187,160
250,4,127,45,247,95,142,171,236,6
250,5,90,135,166,47,65,5,188,176
250,6,182,43,153,75,31,206,14,121
250,7,117,231,23,49,254,118,78,70
250,8,104,116,56,99,180,123,100,117
250,9,116,191,8,195,56,208,38,152
250,10,88,125,13,208,152,36,210,27
250,11,233,108,74,86,246,102,73,88
250,12,93,85,243,69,144,209,60,87
250,13,251,103,15,152,105,205,29,206
250,14,41,86,119,51,32,149,110,226
250,15,31,162,225,172,229,117,108,196
250,16,9,106,166,18,238,66,158,61
250,17,107,111,250,153,121,25,150,108
250,18,39,170,204,85,163,60,15,33
250,19,116,19,172,153,1,56,235,109
250,20,179,116,209,104,217,245,205,197
250,21,191,152,116,85,113,49,201,33
250,22,125,88,69,36,78,150,65,118
250,23,86,233,172,74,83,39,192,96
250,24,93,169,15,151,60,54,141,98
250,25,251,134,112,15,2,206,152,3
250,26,149,10,88,215,197,63,41,3
250,27,31,183,167,2,162,172,156,175
250,28,134,144,238,76,62,106,103,216
250,29,108,81,0,87,107,153,34,121
250,30,213,76,170,163,24,161,40,85
250,31,116,19,200,36,20,246,161,0
250,32,53,119,252,90,54,240,112,124
250,33,93,210,157,129,83,64,119,44
250,34,86,99,82,174,113,132,210,133
250,35,174,204,84,234,27,33,231,208
250,36,222,208,224,218,171,143,106,192
250,37,130,245,240,160,229,61,36,128
250,38,64,104,5,77,248,222,254,25
250,39,162,186,118,167,91,190,24,206
251,0,38,193,53,54,44,244,167,176
251,1,122,117,105,140,217,201,58,115
251,2,128,167,220,121,153,104,99,106
251,3,12,35,128,91,34,250,210,204
251,4,179,6,159,213,171,127,205,145
251,5,239,145,5,166,68,73,159,207
251,6,214,164,118,193,133,81,28,206
251,7,49,194,221,230,237,200,155,159
251,8,106,245,166,244,219,215,30,113
251,9,116,203,200,171,201,113,127,122
251,10,88,145,29,96,115,166,22,240
251,11,253,88,57,51,102,4,215,41
251,12,113,88,58,78,243,251,216,68
251,13,227,161,135,57,139,205,216,255
251,14,3,39,43,222,34,82,114,26
251,15,107,210,216,157,2,199,192,207
251,16,94,74,142,24,2,191,79,126
251,17,81,2,95,121,34,83,82,92
251,18,121,68,30,147,186,77,200,42
251,19,152,227,171,119,93,79,178,29
251,20,144,110,78,114,244,49,199,149
251,21,49,85,56,100,124,88,218,78
251,22,160,178,222,52,180,51,118,210
251,23,57,80,122,17,96,97,241,26
251,24,10,195,19,132,201,122,95,225
251,25,250,10,106,41,50,109,156,102
251,26,59,235,24,222,63,13,114,233
251,27,199,157,210,123,202,196,206,154
251,28,74,186,131,134,94,2,211,216
251,29,150,51,153,122,36,163,30,121
251,30,61,119,115,60,68,156,146,184
251,31,138,158,238,254,241,242,246,29
251,32,33,184,127,231,240,252,30,16
251,33,192,173,227,210,16,166,98,231
251,34,186,133,16,137,99,130,24,203
251,35,108,221,111,245,38,96,133,170
251,36,208,218,45,230,171,151,224,124
251,37,165,61,130,160,36,76,66,86
251,38,151,200,249,159,17,138,248,70
251,39,162,154,201,235,86,24,167,198
252,0,140,43,98,200,229,7,173,54
252,1,152,182,199,70,140,143,38,212
252,2,167,128,11,8,72,36,219,189
252,3,106,129,11,113,151,210,250,110
252,4,247,205,45,235,58,27,159,219
252,5,166,109,87,243,5,65,136,152
252,6,179,122,65,239,217,143,31,96
252,7,49,70,254,123,221,203,113,134
252,8,104,119,245,106,213,244,98,141
252,9,195,163,84,152,8,191,25,83
252,10,88,125,27,166,48,65,210,82
252,11,39,57,179,192,73,88,246,51
252,12,243,16,102,0,144,214,184,189
252,13,251,112,135,103,227,243,205,91
252,14,26,41,110,217,215,191,119,140
252,15,183,136,56,229,36,196,172,48
252,16,39,66,76,93,163,144,177,218
252,17,107,111,108,121,34,45,145,81
252,18,39,42,30,40,76,3,60,172
252,19,235,200,1,172,186,19,69,153
252,20,175,217,104,213,144,205,114,245
252,21,232,25,12,157,8,152,80,65
252,22,145,88,175,48,127,215,224,182
252,23,126,179,74,172,183,39,192,104
252,24,169,79,60,87,214,182,184,177
252,25,251,3,2,227,49,112,82,135
252,26,104,56,140,126,110,55,100,63
252,27,183,175,72,244,246,27,59,168
252,28,76,103,144,77,62,204,177,202
252,29,108,81,121,52,34,69,145,179
252,30,213,76,147,202,30,161,96,40
252,31,19,0,103,200,165,186,50,148
252,32,228,225,23,35,60,53,124,54
252,33,76,78,33,172,64,243,55,196
252,34,174,138,134,118,3,52,176,99
252,35,115,91,211,75,33,207,84,69
252,36,96,72,168,225,200,64,123,32
252,37,198,230,29,218,127,25,141,239
252,38,89,199,108,223,83,57,17,159
252,39,230,236,108,21,25,63,157,7
253,0,167,168,206,181,246,208,255,38
253,1,201,137,196,24,176,234,122,248
253,2,247,11,128,172,189,81,1,119
253,3,28,227,255,196,254,99,38,100
253,4,58,189,6,92,185,205,171,153
253,5,243,166,185,239,56,134,106,180
253,6,7,124,199,214,96,81,205,239
253,7,194,159,49,165,221,90,207,142
253,8,245,144,244,197,98,114,250,106
253,9,235,122,53,248,63,71,135,12
253,10,145,144,23,78,96,123,136,127
253,11,181,58,24,34,76,135,226,45
253,12,189,251,79,58,139,91,195,201
253,13,10,162,250,57,34,52,82,118
253,14,3,233,212,21,34,100,134,222
253,15,107,246,15,90,173,199,104,100
253,16,24,60,94,77,142,202,213,84
253,17,2,81,121,145,83,97,34,99
253,18,121,147,30,20,202,77,200,76
253,19,172,152,94,125,173,1,242,187
253,20,144,199,114,110,213,21,22,36
253,21,49,100,229,218,85,80,214,79
253,22,71,123,131,160,162,129,176,217
253,23,80,83,246,181,184,143,26,149
253,24,48,13,25,164,42,139,8,239
253,25,162,26,10,15,161,250,193,213
253,26,100,21,212,233,63,55,211,56
253,27,107,139,175,133,92,89,45,151
253,28,18,191,204,202,175,148,31,94
253,29,2,81,108,51,48,158,150,34
253,30,40,30,44,182,111,234,146,156
253,31,238,186,161,194,94,246,215,74
253,32,127,35,228,227,124,54,229,64
253,33,152,172,98,223,243,157,197,44
253,34,32,138,174,129,99,192,140,142
253,35,115,75,81,95,91,33,233,211
253,36,168,208,96,80,137,123,230,72
253,37,239,198,230,29,141,252,25,242
253,38,144,159,83,111,17,8,42,138
253,39,227,76,42,175,168,55,41,134
254,0,252,42,152,100,25,183,12,89
254,1,84,213,125,103,45,42,176,180
254,2,79,11,104,122,124,126,208,203
254,3,215,120,66,191,207,13,223,81
254,4,84,41,137,207,218,80,177,3
254,5,136,33,196,28,101,105,166,116
254,6,101,96,217,40,198,252,117,131
254,7,15,150,51,95,67,121,134,210
254,8,135,144,114,40,201,244,36,205
254,9,100,160,89,252,80,43,118,218
254,10,131,35,89,13,175,48,162,49
254,11,199,83,33,100,26,175,179,77
254,12,13,75,189,48,234,87,239,139
254,13,162,240,90,94,82,110,193,161
254,14,62,21,212,114,63,190,82,143
254,15,107,246,192,45,64,51,221,160
254,16,76,251,68,23,37,79,62,101
254,17,2,121,84,145,14,82,81,97
254,18,121,120,79,30,147,96,102,202
254,19,0,103,112,186,49,149,235,172
254,20,144,135,232,114,213,22,84,149
254,21,160,49,100,218,229,86,223,65
254,22,131,89,98,70,230,162,244,219
254,23,83,77,237,179,199,183,126,143
254,24,75,40,79,248,24,87,8,48
254,25,162,2,223,90,251,193,10,70
254,26,104,110,63,3,211,55,85,140
254,27,45,56,175,27,246,15,34,86
254,28,76,68,251,77,18,204,175,210
254,29,179,52,84,51,121,171,194,145
254,30,120,202,79,96,213,30,100,111
254,31,0,103,200,186,165,148,149,195
254,32,225,228,129,23,83,35,184,138
254,33,78,76,108,152,19,128,243,196
254,34,174,241,3,134,118,32,138,113
254,35,91,211,207,252,115,234,104,139
254,36,96,72,238,200,171,230,101,89
254,37,205,230,29,151,109,81,61,243
254,38,7,89,199,57,17,8,42,143
254,39,74,108,96,236,157,101,90,169
255,0,154,219,1,0,19,8,137,248
255,1,116,6,15,41,197,5,31,161
255,2,96,48,137,160,97,9,184,218
255,3,184,72,109,227,215,71,239,123
255,4,10,137,26,84,56,5,63,178
255,5,126,36,9,216,246,173,116,33
255,6,23,11,252,233,234,101,229,253
255,7,149,53,18,83,178,134,95,110
255,8,144,135,22,13,114,108,244,27
255,9,100,89,225,218,157,231,80,177
255,10,221,131,89,229,230,35,74,38
255,11,118,244,83,77,184,38,26,127
255,12,75,131,248,25,234,109,239,189
255,13,162,240,223,90,161,115,68,56
255,14,85,212,62,34,63,114,82,21
255,15,107,45,246,97,173,15,59,196
255,16,76,68,251,79,84,77,202,226
255,17,2,184,121,34,84,179,52,145
255,18,120,121,30,96,202,42,2,147
255,19,149,0,186,103,254,200,207,165
255,20,144,213,232,106,119,114,25,22
255,21,121,100,49,218,80,233,56,223
255,22,221,89,82,131,230,74,71,33
255,23,237,244,83,58,118,26,246,77
255,24,131,75,248,87,40,224,98,195
255,25,162,223,227,2,90,193,82,10
255,26,85,104,110,195,3,55,26,63
255,27,117,45,244,128,175,56,196,243
255,28,18,175,204,158,68,76,118,251
255,29,184,34,84,121,23,92,82,59
255,30,120,40,42,100,166,14,2,30
255,31,186,246,10,175,1,227,238,242
255,32,184,138,24,203,54,230,11,63
255,33,147,19,140,115,27,167,44,157
255,34,32,226,8,228,137,245,142,99
255,35,121,119,140,115,33,133,209,17
255,36,127,47,161,37,76,143,137,101
255,37,198,62,54,165,245,120,254,133
255,38,182,197,17,138,171,159,196,222
255,39,107,21,193,83,3,144,216,155
256,0,230,45,213,149,38,16,214,174
256,1,208,197,177,25,148,212,5,229
256,2,215,85,144,50,73,184,162,156
256,3,227,28,72,40,49,190,86,253
256,4,31,224,229,217,39,238,113,66
256,5,80,199,243,154,181,179,130,8
256,6,11,214,229,212,222,242,244,189
256,7,213,159,134,150,206,234,136,90
256,8,244,250,166,144,37,39,101,215
256,9,89,100,127,80,12,183,46,135
256,10,89,131,254,145,129,221,230,82
256,11,83,167,76,100,41,244,246,240
256,12,75,189,77,40,68,204,91,243
256,13,162,161,68,171,223,82,189,34
256,14,62,63,114,57,211,26,91,34
256,15,187,225,136,196,59,178,243,191
256,16,16,227,245,107,166,175,88,218
256,17,171,150,106,249,125,86,72,96
256,18,174,31,100,172,201,94,111,75
256,19,207,204,238,246,142,41,138,44
256,20,11,127,17,18,245,139,21,244
256,21,184,72,201,246,209,135,210,194
256,22,120,100,175,179,206,219,82,50
256,23,180,41,87,96,149,162,171,82
256,24,124,53,24,8,216,144,62,52
256,25,167,139,52,189,119,236,177,233
256,26,81,57,217,211,150,181,244,87
256,27,247,225,191,53,117,187,82,108
256,28,107,203,126,248,141,182,88,16
256,29,171,112,249,106,125,25,86,96
256,30,31,174,24,94,75,44,100,146
256,31,204,238,186,207,194,173,1,94
256,32,15,160,54,184,205,180,33,30
256,33,90,241,71,227,77,144,237,4
256,34,202,16,122,151,223,211,99,219
256,35,102,170,213,96,198,225,38,33
256,36,161,199,102,106,224,208,148,126
256,37,71,69,165,160,202,176,53,119
256,38,37,138,222,23,43,88,166,252
256,39,42,155,81,48,175,227,164,76
257,0,19,116,198,5,239,21,250,240
257,1,241,228,82,209,186,69,208,134
257,2,215,85,144,50,186,98,73,66
257,3,185,57,72,40,96,181,227,245
257,4,22,35,238,80,137,169,217,10
257,5,80,126,206,9,116,173,187,199
257,6,229,234,11,188,233,40,189,222
257,7,83,241,178,53,75,150,110,213
257,8,144,13,22,244,114,27,36,245
257,9,100,160,89,43,218,86,229,225
257,10,131,89,35,74,82,162,221,230
257,11,83,124,26,75,244,100,237,41
257,12,239,75,248,40,189,25,23,87
257,13,162,223,90,194,171,240,115,180
257,14,17,212,57,233,21,3,62,166
257,15,107,92,246,196,15,45,175,173
257,16,76,68,251,84,175,223,77,37
257,17,2,84,121,81,108,106,179,52
257,18,120,121,202,147,30,51,96,2
257,19,0,172,186,49,207,149,103,1
257,20,144,213,232,22,244,114,135,84
257,21,49,100,121,160,77,58,218,169
257,22,131,89,74,221,82,203,179,6
257,23,83,24,244,237,243,77,123,26
257,24,248,75,48,100,105,87,188,224
257,25,162,223,2,90,227,194,10,67
257,26,110,26,3,63,56,150,85,57
257,27,45,117,141,175,107,244,191,56
257,28,18,175,76,77,218,158,251,162
257,29,81,184,51,249,59,84,34,121
257,30,30,99,120,147,234,202,146,76
257,31,186,114,200,103,148,0,254,94
257,32,5,228,138,225,16,11,23,111
257,33,76,19,241,140,115,78,243,44
257,34,228,99,137,108,151,31,142,25
257,35,209,133,165,38,60,215,102,0
257,36,230,208,16,106,47,219,123,31
257,37,252,128,133,54,38,152,179,232
257,38,228,83,159,227,11,98,23,138
257,39,193,107,155,216,218,255,204,20
258,0,119,125,9,186,227,118,221,137
258,1,207,104,247,4,235,196,159,138
258,2,50,48,215,114,9,44,85,152
258,3,192,227,83,102,200,139,72,5
258,4,16,247,83,196,19,85,38,177
258,5,166,206,80,13,109,243,231,119
258,6,229,188,234,233,189,64,66,222
258,7,198,178,83,113,126,206,165,110
258,8,122,144,22,213,244,114,119,245
258,9,109,49,100,89,193,229,80,43
258,10,35,145,33,80,113,13,192,131
258,11,83,179,144,1,26,246,200,100
258,12,48,75,189,248,234,87,37,255
258,13,162,179,10,90,223,193,82,213
258,14,3,62,208,100,212,21,34,26
258,15,107,173,246,175,196,128,15,59
258,16,76,49,103,100,251,66,226,216
258,17,111,121,2,81,108,145,34,84
258,18,51,120,147,121,30,42,202,102
258,19,235,200,0,186,103,1,172,56
258,20,144,213,114,122,232,223,245,106
258,21,109,49,100,121,163,56,37,141
258,22,145,89,177,105,13,74,2,136
258,23,179,83,26,237,192,226,246,233
258,24,79,224,87,117,48,169,105,175
258,25,3,104,159,121,177,172,135,161
258,26,104,87,110,9,63,55,26,185
258,27,56,196,27,117,243,244,89,168
258,28,76,175,18,204,92,100,103,132
258,29,121,42,97,92,34,51,163,232
258,30,120,213,3,30,40,24,42,230
258,31,186,238,161,254,246,10,195,56
258,32,149,35,66,101,228,24,111,231
258,33,243,197,108,157,27,19,88,67
258,34,52,192,174,142,108,32,137,215
258,35,33,233,115,234,215,38,222,137
258,36,106,47,143,208,127,182,123,69
258,37,243,53,130,234,185,160,133,128
258,38,159,117,98,252,228,5,11,222
258,39,218,216,206,22,230,193,128,132
259,0,195,169,184,56,232,26,37,60
259,1,240,186,31,55,60,170,103,248
259,2,211,61,32,124,190,104,9,54
259,3,184,207,239,215,168,252,109,217
259,4,196,227,224,226,84,203,178,52
259,5,36,126,246,216,196,243,9,130
259,6,131,233,253,198,47,45,213,234
259,7,149,18,110,53,178,251,145,150
259,8,144,108,22,114,244,106,27,36
259,9,100,89,31,177,218,43,225,34
259,10,221,131,89,74,229,175,80,230
259,11,184,118,244,83,77,124,188,100
259,12,189,131,75,234,139,25,248,13
259,13,162,240,192,82,223,90,68,3
259,14,85,62,212,92,68,233,34,114
259,15,97,107,45,196,246,173,59,192
259,16,76,68,251,84,202,66,213,49
259,17,184,2,121,81,145,34,53,84
259,18,121,120,30,51,108,202,100,147
259,19,149,0,15,49,125,200,103,144
259,20,144,213,149,22,114,232,119,25
259,21,121,49,100,218,214,58,11,56
259,22,221,89,131,74,226,71,229,189
259,23,244,83,118,26,246,184,173,43
259,24,248,131,75,195,109,146,234,243
259,25,162,223,10,90,2,82,213,193
259,26,3,92,85,244,100,185,69,63
259,27,69,219,247,107,175,137,154,83
259,28,18,66,164,182,148,246,89,62
259,29,184,51,121,53,167,34,175,36
259,30,120,166,30,100,42,37,132,60
259,31,186,10,173,99,177,255,238,41
259,32,209,202,24,54,66,93,184,133
259,33,147,19,197,44,60,115,63,173
259,34,32,226,8,159,228,137,40,108
259,35,119,234,33,102,101,97,137,159
259,36,127,76,148,16,143,161,240,230
259,37,198,165,62,128,54,180,226,144
259,38,17,193,11,171,23,159,110,187
259,39,107,134,45,21,144,159,193,218
260,0,36,230,134,94,45,213,149,244
260,1,186,148,212,136,229,252,159,74
260,2,168,161,138,151,244,55,250,202
260,3,253,49,28,86,254,114,145,68
260,4,39,224,23,96,229,7,234,255
260,5,162,8,243,130,143,179,56,25
260,6,214,225,41,110,119,199,244,124
260,7,155,136,160,52,141,241,235,188
260,8,244,144,166,11,101,215,250,24
260,9,63,135,71,194,12,122,184,235
260,10,144,23,127,78,145,123,43,44
260,11,45,58,181,24,61,135,152,126
260,12,79,70,189,139,58,25,255,251
260,13,162,10,34,82,146,250,90,193
260,14,3,212,233,21,100,134,34,223
260,15,107,90,246,15,122,199,129,139
260,16,24,94,142,77,84,74,225,62
260,17,2,81,121,145,108,83,34,138
260,18,121,147,30,77,20,202,60,76
260,19,172,125,152,19,94,177,112,254
260,20,144,110,22,114,213,199,40,161
260,21,49,100,85,229,218,87,134,80
260,22,131,160,123,245,71,182,179,111
260,23,80,83,181,184,97,26,149,127
260,24,25,48,104,116,8,64,42,239
260,25,162,10,15,255,250,26,213,70
260,26,100,212,21,211,233,63,208,3
260,27,107,228,122,141,89,133,219,139
260,28,18,94,24,191,60,74,7,98
260,29,2,51,81,48,158,167,34,145
260,30,100,121,20,3,40,182,30,2
260,31,238,138,246,36,94,194,207,186
260,32,33,161,215,43,24,68,203,205
260,33,192,55,245,196,115,215,77,243
260,34,16,137,142,31,184,102,8,61
260,35,115,180,234,213,181,86,198,137
260,36,176,199,127,196,210,123,110,15
260,37,8,69,241,140,0,128,54,227
260,38,103,37,138,159,177,100,150,17
260,39,166,42,146,81,33,223,76,255
261,0,19,116,198,5,21,239,240,250
261,1,241,228,82,186,209,179,171,63
261,2,182,161,77,240,168,244,69,12
261,3,185,57,96,181,52,132,241,13
261,4,137,238,22,100,173,169,80,111
261,5,206,126,9,116,196,173,130,107
261,6,229,233,234,213,117,188,4,67
261,7,83,178,252,53,155,150,134,51
261,8,144,216,13,106,244,22,36,114
261,9,100,160,89,222,252,43,35,118
261,10,131,89,35,74,175,104,162,217
261,11,83,43,124,26,140,77,100,244
261,12,248,189,75,40,234,25,239,139
261,13,162,192,90,115,223,240,214,82
261,14,92,3,233,212,21,134,8,62
261,15,107,246,97,157,15,64,139,100
261,16,76,84,126,142,77,68,213,60
261,17,2,81,184,84,121,45,145,83
261,18,121,120,147,51,30,202,20,199
261,19,49,172,125,152,149,186,6,235
261,20,144,213,22,232,135,199,254,84
261,21,49,160,100,58,121,214,77,229
261,22,131,89,74,221,29,144,229,217
261,23,83,244,77,34,123,58,118,43
261,24,248,25,75,48,165,28,87,224
261,25,162,10,223,67,90,2,218,213
261,26,100,3,110,212,92,21,17,34
261,27,107,247,122,15,175,93,27,132
261,28,18,91,62,103,94,9,175,88
261,29,81,94,2,51,184,107,34,167
261,30,0,76,99,147,30,213,146,3
261,31,94,114,200,36,186,19,49,238
261,32,161,138,54,101,205,170,35,118
261,33,52,90,0,157,43,210,72,166
261,34,133,159,241,137,234,52,209,86
261,35,119,86,135,27,108,59,204,47
261,36,45,192,83,93,217,73,222,200
261,37,72,65,230,88,5,130,205,24
261,38,199,57,120,23,64,108,193,70
261,39,108,236,154,31,162,35,91,107
262,0,130,229,126,54,182,237,242,243
262,1,247,216,12,188,97,151,196,64
262,2,17,88,4,74,227,179,244,162
262,3,235,59,129,231,130,230,187,77
262,4,128,234,135,191,108,159,144,15
262,5,193,41,6,243,222,88,51,134
262,6,233,234,180,121,83,188,229,60
262,7,249,198,29,121,118,210,216,178
262,8,89,104,144,105,114,247,244,22
262,9,77,49,228,100,164,29,118,222
262,10,113,169,35,175,131,130,210,49
262,11,161,243,83,189,172,1,246,74
262,12,87,255,248,48,139,189,239,25
262,13,162,97,10,90,213,110,82,204
262,14,3,233,20,212,21,134,34,100
262,15,107,246,173,175,168,102,139,92
262,16,76,24,94,9,142,77,84,23
262,17,2,81,121,172,111,108,193,145
262,18,121,147,30,51,20,100,0,39
262,19,6,172,94,125,235,152,19,138
262,20,144,213,245,22,234,110,199,114
262,21,49,100,164,85,29,31,94,79
262,22,113,131,169,111,83,127,180,206
262,23,83,189,161,174,181,246,97,243
262,24,48,25,64,165,87,175,188,69
262,25,162,10,2,67,147,43,15,161
262,26,100,21,3,20,233,212,110,24
262,27,107,200,162,81,129,23,133,117
262,28,18,133,94,7,5,9,62,103
262,29,76,81,250,2,153,87,51,172
262,30,0,22,76,179,100,205,33,200
262,31,205,109,94,171,4,128,246,129
262,32,161,181,215,68,54,125,155,90
262,33,43,215,86,126,238,157,183,210
262,34,96,91,84,74,207,133,137,86
262,35,160,108,57,204,64,84,234,250
262,36,222,70,217,83,93,218,20,106
262,37,65,72,123,61,182,245,40,74
262,38,134,64,210,23,151,222,143,202
262,39,228,190,86,162,10,253,144,39
263,0,132,158,141,190,125,235,47,115
263,1,182,188,244,93,82,197,58,47
263,2,140,119,29,172,241,27,53,57
263,3,187,133,235,158,128,234,35,34
263,4,128,91,58,95,142,236,130,0
263,5,193,47,78,41,90,243,134,135
263,6,60,206,153,207,121,22,180,75
263,7,117,29,23,249,64,210,254,42
263,8,234,104,180,239,116,56,99,89
263,9,164,239,191,8,36,126,118,49
263,10,113,36,169,198,125,90,82,13
263,11,161,189,233,86,95,108,206,172
263,12,93,74,44,63,60,87,26,54
263,13,97,147,134,10,43,105,176,70
263,14,3,20,86,51,124,43,230,161
263,15,162,107,200,81,31,173,196,100
263,16,24,133,5,9,41,218,94,7
263,17,81,172,76,250,87,108,121,153
263,18,179,0,30,163,161,39,43,42
263,19,116,109,171,20,19,205,172,186
263,20,239,234,116,110,180,179,56,83
263,21,164,85,191,126,239,94,49,29
263,22,169,113,198,39,125,130,178,23
263,23,189,161,86,128,206,83,88,62
263,24,93,74,63,54,15,44,26,98
263,25,134,147,43,15,6,32,2,253
263,26,20,51,86,148,124,10,3,21
263,27,162,200,165,81,31,107,58,181
263,28,43,133,5,7,94,168,24,220
263,29,87,76,0,153,250,172,97,34
263,30,179,226,163,0,22,187,60,24
263,31,116,109,205,4,63,20,246,255
263,32,119,181,161,90,252,178,223,192
263,33,93,231,129,43,215,16,223,157
263,34,82,96,112,106,132,85,130,142
263,35,203,42,160,27,204,108,84,72
263,36,222,22,221,83,217,192,101,20
263,37,229,138,61,245,123,118,133,144
263,38,64,151,23,77,42,70,143,179
263,39,162,186,190,86,97,81,128,159
264,0,43,238,252,95,147,25,112,173
264,1,250,46,224,129,172,147,103,189
264,2,140,49,186,20,29,27,167,82
264,3,26,233,230,103,117,130,40,4
264,4,81,183,213,9,45,229,144,92
264,5,78,188,43,90,180,5,135,37
264,6,60,206,68,101,208,143,122,173
264,7,117,65,176,254,205,78,54,127
264,8,104,239,116,185,73,56,180,179
264,9,126,171,160,25,113,8,191,85
264,10,157,173,139,100,238,27,211,115
264,11,133,181,47,39,120,86,108,132
264,12,44,249,144,54,93,34,164,74
264,13,6,134,15,61,11,176,49,34
264,14,86,147,51,10,148,50,41,32
264,15,162,31,189,107,46,200,168,173
264,16,24,43,151,133,106,66,156,9
264,17,5,153,108,81,87,158,57,95
264,18,226,77,204,179,30,68,161,42
264,19,19,109,167,171,12,172,243,227
264,20,110,239,144,180,116,185,161,114
264,21,126,85,191,113,49,100,164,229
264,22,157,236,178,173,207,39,100,127
264,23,140,189,95,111,181,83,145,86
264,24,93,220,43,44,116,54,164,74
264,25,6,15,134,250,162,176,130,32
264,26,86,10,21,51,54,100,233,161
264,27,107,162,165,122,200,129,46,100
264,28,43,24,170,94,168,7,133,62
264,29,5,158,20,8,2,76,83,87
264,30,68,226,22,192,29,71,77,100
264,31,167,228,171,109,12,129,30,63
264,32,223,181,178,68,119,90,155,215
264,33,83,74,215,231,28,16,86,129
264,34,241,1,252,21,204,186,116,189
264,35,108,160,129,218,183,202,76,61
264,36,248,23,70,98,157,119,176,156
264,37,62,58,219,63,143,163,175,186
264,38,100,62,175,166,120,206,10,239
264,39,238,81,45,127,223,237,208,93
265,0,209,104,206,43,7,95,30,105
265,1,46,47,188,156,58,197,246,213
265,2,20,82,186,98,85,251,233,215
265,3,119,117,233,103,178,183,130,229
265,4,184,20,81,183,246,144,193,150
265,5,42,159,32,106,29,162,111,180
265,6,206,145,7,230,124,199,176,53
265,7,237,143,136,165,142,210,221,134
265,8,144,114,244,106,27,113,36,30
265,9,100,49,53,88,34,203,43,218
265,10,96,240,115,145,21,215,231,29
265,11,181,88,253,42,57,4,41,249
265,12,189,175,139,28,25,99,58,239
265,13,162,10,15,82,250,34,185,90
265,14,3,233,212,21,34,222,134,223
265,15,107,120,90,246,168,100,173,122
265,16,60,24,202,142,94,213,9,84
265,17,81,2,121,145,83,99,108,97
265,18,121,147,30,77,20,200,102,42
265,19,125,152,94,172,242,173,19,1
265,20,144,199,114,110,213,22,36,21
265,21,49,100,218,85,214,229,134,80
265,22,131,123,245,71,162,236,111,122
265,23,80,181,83,145,140,26,42,246
265,24,25,220,48,139,13,239,116,8
265,25,162,15,10,250,255,213,2,50
265,26,233,100,212,211,21,222,34,208
265,27,107,162,175,129,39,92,90,122
265,28,24,94,18,84,191,7,62,168
265,29,2,158,48,81,5,83,8,51
265,30,226,22,100,121,111,77,71,192
265,31,228,167,240,128,238,171,187,94
265,32,68,223,227,128,252,215,24,155
265,33,74,215,231,55,244,245,190,72
265,34,116,1,236,204,252,137,51,144
265,35,56,108,183,202,227,11,115,250
265,36,23,157,176,70,119,156,235,189
265,37,58,82,7,219,35,97,104,143
265,38,148,92,230,76,151,100,27,55
265,39,248,238,38,2,146,127,243,186
266,0,32,206,168,95,238,181,255,246
266,1,201,182,140,122,46,77,176,58
266,2,82,98,20,204,53,215,21,49
266,3,178,103,117,233,119,204,143,183
266,4,81,249,193,183,246,245,144,199
266,5,42,85,159,230,255,132,166,32
266,6,7,206,118,145,124,193,133,176
266,7,136,210,237,134,206,221,142,65
266,8,239,106,144,114,30,244,113,199
266,9,49,113,88,53,126,105,34,33
266,10,240,215,115,21,231,96,219,210
266,11,181,253,88,249,41,196,57,51
266,12,175,0,189,62,164,195,53,88
266,13,10,15,6,162,34,3,44,243
266,14,3,223,233,21,212,34,100,30
266,15,107,120,168,228,246,15,157,173
266,16,24,94,202,60,9,84,142,126
266,17,2,81,121,108,5,158,145,34
266,18,121,147,30,20,77,100,204,60
266,19,94,172,152,125,19,246,112,186
266,20,144,213,110,22,114,199,36,122
266,21,49,100,85,229,218,12,214,87
266,22,157,236,71,131,123,162,122,111
266,23,181,83,145,140,14,42,97,184
266,24,25,220,48,139,79,116,43,127
266,25,162,15,176,6,255,10,250,67
266,26,21,100,233,212,211,86,34,208
266,27,107,162,228,122,129,117,139,133
266,28,24,94,62,7,191,18,168,116
266,29,5,2,158,83,8,48,81,34
266,30,100,226,22,68,71,29,192,121
266,31,228,167,240,171,128,120,129,238
266,32,223,68,158,178,227,128,155,194
266,33,74,215,190,244,245,107,55,231
266,34,116,1,252,236,82,204,247,137
266,35,183,108,202,56,227,129,218,28
266,36,23,70,157,119,176,248,189,156
266,37,104,58,82,7,219,35,135,143
266,38,148,27,92,230,76,151,34,101
266,39,248,238,243,38,78,2,12,69
267,0,88,140,95,112,43,173,238,89
267,1,181,47,152,36,192,115,140,212
267,2,82,62,20,186,218,229,165,197
267,3,233,117,106,103,236,76,194,186
267,4,193,199,9,62,235,45,5,27
267,5,230,29,160,188,220,189,166,237
267,6,118,7,63,208,193,217,179,122
267,7,176,112,145,134,142,106,65,136
267,8,239,104,100,205,237,142,199,114
267,9,113,126,53,49,85,34,56,118
267,10,122,215,157,100,121,210,195,212
267,11,181,28,39,253,41,249,88,196
267,12,62,175,102,144,76,0,212,164
267,13,15,6,121,2,243,251,204,255
267,14,97,41,215,223,107,34,21,95
267,15,107,46,136,168,120,157,100,122
267,16,24,94,66,248,191,218,175,23
267,17,2,5,81,158,108,121,34,153
267,18,121,30,226,77,147,68,42,60
267,19,19,171,227,152,94,1,246,177
267,20,144,110,22,213,114,104,161,239
267,21,49,100,85,113,218,229,69,12
267,22,236,157,207,178,122,180,162,131
267,23,181,145,39,14,140,83,95,111
267,24,43,116,127,25,139,220,8,48
267,25,15,162,6,250,176,50,130,52
267,26,233,100,21,86,54,161,212,208
267,27,107,46,162,122,129,100,123,233
267,28,24,94,170,168,62,116,191,195
267,29,5,158,2,8,83,48,81,187
267,30,68,71,22,226,170,29,100,192
267,31,228,167,171,240,128,120,129,199
267,32,223,68,60,158,178,155,107,194
267,33,74,190,215,244,245,41,107,16
267,34,116,82,252,1,34,236,247,56
267,35,183,108,202,227,56,129,28,218
267,36,23,70,157,119,176,129,248,156
267,37,104,58,82,7,135,143,35,67
267,38,27,148,92,230,76,151,34,71
267,39,248,243,38,110,12,78,69,92
268,0,78,236,136,56,68,248,120,147
268,1,252,124,211,186,240,228,1,128
268,2,60,92,150,228,79,255,86,11
268,3,155,30,16,112,190,201,157,177
268,4,98,77,94,88,134,253,186,239
268,5,183,251,115,120,2,188,198,147
268,6,92,43,14,156,79,84,180,183
268,7,181,196,30,76,198,35,158,204
268,8,47,159,110,226,27,198,116,180
268,9,85,156,49,120,98,100,197,218
268,10,122,9,178,207,157,234,0,99
268,11,181,153,145,3,95,14,27,98
268,12,191,175,220,144,164,15,253,127
268,13,15,6,49,113,28,243,10,176
268,14,52,107,223,233,34,222,100,54
268,15,248,107,178,162,122,100,129,168
268,16,24,170,9,94,62,191,205,168
268,17,2,158,81,236,153,145,121,108
268,18,121,226,69,147,100,192,204,77
268,19,51,19,171,152,233,128,243,187
268,20,144,110,159,22,180,114,213,185
268,21,49,85,100,156,120,218,136,229
268,22,9,157,122,178,207,111,0,63
268,23,145,153,181,83,14,195,111,66
268,24,106,127,116,220,191,25,202,139
268,25,162,15,250,50,6,200,176,218
268,26,100,233,21,208,212,54,52,248
268,27,248,107,233,162,122,129,241,177
268,28,230,24,62,94,54,185,170,195
268,29,2,158,65,236,102,83,8,48
268,30,69,22,226,192,45,29,142,68
268,31,51,128,233,171,240,63,117,243
268,32,146,195,155,194,215,68,86,178
268,33,75,37,97,74,94,57,55,189
268,34,255,212,19,249,144,187,236,204
268,35,176,136,49,56,227,129,108,28
268,36,21,157,17,8,119,138,228,23
268,37,214,7,82,110,244,145,84,144
268,38,63,230,255,43,76,149,177,92
268,39,251,127,5,146,189,83,209,45
269,0,209,93,210,240,84,14,228,4
269,1,215,252,195,128,211,68,255,121
269,2,92,60,150,86,118,230,108,255
269,3,30,112,155,144,177,159,11,101
269,4,94,98,77,186,134,8,154,112
269,5,183,115,251,188,2,198,220,62
269,6,43,14,92,52,156,84,79,180
269,7,181,196,30,198,124,158,204,0
269,8,159,27,144,114,226,110,244,178
269,9,100,49,85,120,80,23,34,118
269,10,122,178,229,9,96,207,240,219
269,11,181,153,145,111,88,130,42,83
269,12,175,189,144,191,139,164,239,64
269,13,162,10,15,82,68,4,49,226
269,14,212,21,222,233,3,223,34,211
269,15,107,120,168,248,100,90,122,111
269,16,24,94,142,62,77,166,84,202
269,17,2,81,121,145,158,65,83,34
269,18,121,147,30,20,77,204,192,200
269,19,152,94,51,125,254,112,19,246
269,20,144,213,114,22,110,159,36,199
269,21,49,100,218,85,120,214,229,134
269,22,131,122,95,236,245,229,206,180
269,23,145,181,83,153,66,97,87,58
269,24,106,25,139,116,127,204,200,185
269,25,162,15,10,2,250,50,200,255
269,26,211,212,100,21,233,208,222,56
269,27,107,233,241,248,36,120,129,219
269,28,94,149,62,24,191,54,185,142
269,29,2,65,158,236,48,81,34,83
269,30,69,45,100,6,22,121,29,142
269,31,51,233,128,240,171,187,63,19
269,32,194,195,199,146,155,215,68,206
269,33,97,75,37,94,74,57,119,55
269,34,212,187,255,144,19,236,204,54
269,35,56,227,49,129,244,28,202,64
269,36,8,157,23,129,0,234,119,166
269,37,82,7,145,84,147,35,115,44
269,38,230,255,22,76,34,79,47,12
269,39,16,146,68,145,23,160,241,189
270,0,124,72,211,13,192,222,223,151
270,1,149,153,89,9,68,92,120,40
270,2,193,120,157,42,216,5,3,2
270,3,243,197,112,215,159,157,144,87
270,4,77,134,186,75,175,51,57,250
270,5,235,250,115,183,82,23,123,233
270,6,49,161,180,82,152,185,32,233
270,7,11,30,246,198,116,178,48,97
270,8,144,22,27,246,226,161,114,63
270,9,100,49,218,225,134,229,84,22
270,10,131,122,233,32,180,146,117,251
270,11,83,241,97,59,194,202,37,124
270,12,25,210,28,110,50,189,2,175
270,13,162,10,90,185,0,82,130,250
270,14,212,21,3,233,222,143,248,100
270,15,107,221,64,100,111,138,0,122
270,16,62,142,94,24,77,191,169,82
270,17,2,81,121,158,145,103,108,83
270,18,121,250,147,30,20,77,100,200
270,19,152,19,172,94,85,247,83,112
270,20,144,110,213,114,22,161,98,84
270,21,100,49,218,134,85,229,98,32
270,22,122,131,233,34,245,180,146,95
270,23,194,97,145,181,59,83,241,14
270,24,210,50,25,8,28,11,185,42
270,25,162,0,250,19,50,37,10,137
270,26,211,21,208,212,100,252,233,161
270,27,177,107,122,129,28,100,39,233
270,28,190,24,94,26,193,102,116,168
270,29,158,2,21,88,83,19,8,20
270,30,250,63,197,226,162,29,97,68
270,31,85,128,157,171,146,151,63,187
270,32,144,76,140,85,120,215,92,179
270,33,133,56,102,74,250,139,54,119
270,34,72,5,195,73,44,191,169,238
270,35,187,227,129,185,148,16,202,35
270,36,23,157,227,115,156,44,119,176
270,37,7,78,82,186,126,229,145,113
270,38,230,76,255,119,17,250,169,215
270,39,158,122,197,165,146,99,179,44
271,0,96,226,11,80,247,171,93,107
271,1,169,81,149,195,92,9,89,2
271,2,63,101,149,66,2,109,131,118
271,3,221,188,2,112,170,144,180,157
271,4,119,134,77,123,186,105,152,181
271,5,61,250,235,123,23,183,19,151
271,6,49,16,161,156,180,84,14,43
271,7,11,198,196,48,30,167,126,150
271,8,112,144,22,114,107,161,251,27
271,9,206,49,100,6,218,19,233,84
271,10,229,122,163,131,34,180,178,245
271,11,18,194,202,83,142,97,14,145
271,12,106,210,28,175,67,55,76,164
271,13,200,162,10,137,15,68,213,28
271,14,212,34,6,211,223,21,233,38
271,15,241,107,233,168,175,59,219,243
271,16,149,94,62,24,142,84,191,77
271,17,2,81,65,158,121,155,150,34
271,18,121,6,147,77,60,30,20,36
271,19,233,152,112,19,254,246,125,94
271,20,144,112,213,110,114,22,107,84
271,21,206,100,49,218,136,229,80,120
271,22,229,122,163,131,180,226,245,111
271,23,18,181,142,83,145,14,97,194
271,24,106,25,185,204,28,67,87,127
271,25,162,200,10,50,213,211,218,176
271,26,233,38,212,100,34,134,211,21
271,27,241,107,219,36,164,127,233,122
271,28,149,62,142,191,185,94,84,176
271,29,2,65,158,81,102,34,155,48
271,30,6,169,147,45,121,29,97,100
271,31,233,128,240,172,19,51,187,63
271,32,89,215,17,199,68,155,35,7
271,33,214,23,119,55,94,74,57,72
271,34,182,204,138,187,236,113,151,118
271,35,227,129,139,215,60,43,115,209
271,36,253,8,166,157,64,200,23,143
271,37,164,229,115,29,7,127,61,186
271,38,93,255,136,230,17,67,209,23
271,39,108,16,23,146,225,68,216,90
272,0,83,79,135,108,59,88,57,130
272,1,48,182,143,192,140,146,193,152
272,2,8,101,36,149,2,66,137,247
272,3,106,129,29,110,226,250,85,210
272,4,165,171,247,72,219,135,240,179
272,5,87,252,231,82,58,243,122,198
272,6,255,129,156,14,37,207,180,87
272,7,11,24,57,204,183,164,153,126
272,8,144,22,244,198,25,37,179,166
272,9,69,49,100,152,183,180,169,225
272,10,88,122,133,86,192,34,77,195
272,11,39,19,201,123,11,83,188,102
272,12,211,106,76,243,124,189,77,254
272,13,162,10,255,82,68,221,146,103
272,14,212,34,223,233,219,186,21,95
272,15,107,59,219,124,243,90,15,237
272,16,142,94,62,84,24,77,141,191
272,17,2,81,82,121,34,145,83,65
272,18,121,147,30,77,20,42,9,60
272,19,152,94,158,173,112,246,254,74
272,20,144,213,22,114,110,25,149,199
272,21,100,49,69,136,218,12,80,192
272,22,131,122,210,123,229,180,120,127
272,23,58,181,39,83,173,184,87,168
272,24,200,28,25,182,8,246,78,68
272,25,10,162,2,15,211,221,255,161
272,26,211,34,119,233,212,56,69,130
272,27,219,127,107,89,175,47,132,164
272,28,142,191,176,16,194,62,84,18
272,29,158,81,29,175,48,34,167,2
272,30,169,147,100,234,170,132,127,3
272,31,188,166,15,246,161,172,160,48
272,32,121,60,35,25,227,124,205,54
272,33,33,108,78,74,229,119,115,29
272,34,138,174,134,118,204,142,234,108
272,35,234,91,115,69,207,17,64,0
272,36,225,112,96,143,64,3,72,224
272,37,239,218,230,29,127,109,186,123
272,38,23,0,143,17,100,67,122,83
272,39,96,162,185,236,175,76,216,144
273,0,189,0,148,78,184,60,207,12
273,1,186,135,48,103,240,204,130,205
273,2,32,101,124,66,247,137,2,143
273,3,184,109,50,240,85,165,33,131
273,4,137,178,56,250,233,26,213,134
273,5,36,126,206,246,216,140,231,252
273,6,101,129,252,67,253,141,213,37
273,7,149,18,11,178,53,198,24,59
273,8,144,22,108,27,114,244,84,232
273,9,100,31,49,218,225,43,157,177
273,10,131,221,229,86,45,226,186,122
273,11,184,244,118,83,123,245,127,124
273,12,131,189,25,180,87,255,202,139
273,13,162,240,82,90,10,148,223,68
273,14,85,212,233,68,34,219,21,95
273,15,107,97,168,15,246,111,173,219
273,16,84,76,77,142,62,251,202,213
273,17,2,184,225,81,53,158,214,34
273,18,121,147,30,100,202,20,94,60
273,19,49,149,94,125,254,172,15,144
273,20,213,144,202,119,84,254,245,199
273,21,49,100,121,218,214,192,138,79
273,22,221,226,131,122,229,77,95,111
273,23,118,244,83,201,154,194,70,184
273,24,131,28,148,204,55,11,185,25
273,25,162,10,211,148,240,213,137,90
273,26,85,100,212,34,3,208,233,69
273,27,107,130,219,141,89,39,175,127
273,28,102,62,219,191,193,94,24,176
273,29,184,225,158,2,81,94,54,88
273,30,197,147,200,76,121,162,42,127
273,31,149,49,15,152,254,85,32,118
273,32,121,138,140,161,202,205,227,111
273,33,147,74,47,78,225,162,90,132
273,34,226,163,204,191,44,169,6,120
273,35,187,97,129,9,115,101,11,86
273,36,143,115,124,93,1,171,63,225
273,37,100,181,101,229,62,198,230,123
273,38,0,199,57,89,23,216,61,143
273,39,236,108,157,107,163,8,134,176
274,0,101,35,197,242,79,48,105,108
274,1,97,62,27,75,123,231,216,155
274,2,59,88,210,164,17,40,4,158
274,3,37,211,84,31,199,230,26,176
274,4,241,15,131,165,142,222,108,102
274,5,206,235,103,252,186,250,236,204
274,6,180,161,129,255,43,14,37,125
274,7,11,198,129,196,23,178,204,110
274,8,144,22,114,89,107,25,244,27
274,9,203,49,100,29,225,233,143,107
274,10,131,122,32,245,180,86,42,113
274,11,241,194,174,83,42,202,72,40
274,12,28,25,110,11,131,189,255,2
274,13,162,10,82,211,90,1,218,68
274,14,3,212,21,233,34,222,143,173
274,15,107,221,0,233,104,90,219,111
274,16,142,94,62,24,77,76,191,202
274,17,81,2,225,158,121,108,34,150
274,18,121,147,20,100,30,77,197,200
274,19,152,172,19,125,94,254,74,246
274,20,144,213,114,110,84,199,21,36
274,21,49,218,85,203,100,229,8,80
274,22,122,131,245,157,111,169,75,180
274,23,145,181,83,42,241,189,201,173
274,24,220,87,68,25,131,48,239,200
274,25,162,211,10,15,2,161,188,50
274,26,86,21,211,100,110,233,212,222
274,27,162,107,172,165,129,39,23,127
274,28,94,7,24,62,32,103,92,204
274,29,158,81,250,2,167,48,83,34
274,30,197,22,205,100,24,155,115,76
274,31,4,205,128,171,109,187,129,32
274,32,161,90,215,98,252,186,205,54
274,33,126,86,215,238,90,223,227,195
274,34,1,91,116,96,207,137,20,180
274,35,160,108,57,231,47,204,0,59
274,36,217,143,93,171,9,101,124,2
274,37,229,100,123,61,65,19,245,186
274,38,61,143,174,196,145,222,55,70
274,39,235,162,197,193,134,163,86,35
275,0,32,197,189,179,88,91,119,126
275,1,62,217,155,75,97,151,70,216
275,2,109,210,88,127,59,17,255,40
275,3,37,130,77,230,235,183,26,85
275,4,102,241,142,15,108,222,87,120
275,5,186,188,220,235,204,236,183,250
275,6,43,14,180,84,156,79,52,167
275,7,23,196,204,198,14,112,124,29
275,8,239,180,144,89,114,22,83,35
275,9,203,49,29,85,94,84,100,8
275,10,122,198,157,169,130,178,42,86
275,11,42,145,202,174,185,241,194,111
275,12,220,15,28,160,26,128,63,10
275,13,10,15,211,162,29,6,43,50
275,14,3,222,86,212,233,34,21,173
275,15,107,162,172,0,90,84,100,104
275,16,24,94,62,142,9,191,5,77
275,17,81,2,250,108,225,158,121,153
275,18,121,197,147,30,226,204,77,200
275,19,152,109,19,172,205,171,128,246
275,20,144,110,239,81,213,114,199,180
275,21,203,49,85,218,100,229,29,124
275,22,157,198,169,39,178,245,236,123
275,23,42,83,189,145,127,181,174,149
275,24,220,15,74,25,87,175,48,160
275,25,162,15,10,211,2,147,176,50
275,26,21,86,100,233,222,212,10,110
275,27,107,162,172,165,120,129,39,232
275,28,94,5,62,7,32,24,9,103
275,29,2,250,81,5,83,48,87,108
275,30,197,22,179,205,100,142,76,115
275,31,109,205,128,171,4,187,117,94
275,32,161,98,215,186,90,155,192,68
275,33,126,238,215,86,183,55,129,22
275,34,207,96,1,180,116,86,101,137
275,35,160,108,57,153,129,149,227,0
275,36,70,181,171,217,156,120,101,9
275,37,65,31,186,61,123,19,2,58
275,38,151,100,145,18,73,70,237,180
275,39,228,190,86,2,222,10,73,81
276,0,141,235,208,253,115,81,221,158
276,1,62,217,182,70,152,155,82,140
276,2,109,95,255,127,128,220,154,123
276,3,230,26,219,233,190,35,235,128
276,4,15,165,102,144,142,245,45,224
276,5,90,188,43,135,65,47,5,184
276,6,14,43,156,79,182,157,75,206
276,7,23,117,78,64,42,254,210,196
276,8,239,180,116,104,56,83,35,99
276,9,203,116,191,85,49,13,8,208
276,10,157,198,122,88,125,169,13,196
276,11,233,42,145,95,111,62,108,133
276,12,220,93,15,160,193,128,74,81
276,13,29,15,134,6,10,107,154,211
276,14,86,51,52,3,32,41,161,200
276,15,162,172,107,181,31,165,232,100
276,16,24,9,94,5,62,7,43,170
276,17,250,81,108,153,87,193,158,2
276,18,197,204,170,121,226,147,20,161
276,19,116,109,19,171,205,152,172,20
276,20,110,144,239,180,213,81,114,232
276,21,203,85,49,191,116,100,229,78
276,22,236,157,198,39,125,169,178,83
276,23,42,83,189,127,86,181,128,1
276,24,220,93,54,15,74,48,85,175
276,25,162,15,134,250,6,10,176,68
276,26,21,100,86,10,233,212,51,149
276,27,107,162,165,172,120,129,31,87
276,28,43,94,5,7,9,62,24,32
276,29,250,5,81,2,87,0,48,83
276,30,197,179,22,205,76,29,100,163
276,31,109,205,116,171,4,128,117,129
276,32,119,161,90,215,186,155,192,134
276,33,93,215,86,238,183,129,55,119
276,34,96,82,207,1,180,86,101,132
276,35,160,108,57,153,129,27,84,145
276,36,222,70,181,98,157,83,192,156
276,37,31,58,229,182,219,186,7,175
276,38,151,64,148,92,255,100,145,67
276,39,186,38,189,69,190,217,2,154
277,0,38,193,54,44,53,244,167,176
277,1,122,140,117,62,105,201,217,179
277,2,154,173,127,209,128,220,99,167
277,3,91,12,35,128,34,183,250,210
277,4,120,213,144,159,20,187,245,58
277,5,239,160,42,68,255,5,159,51
277,6,118,230,89,37,65,133,199,14
277,7,162,142,217,54,143,99,93,110
277,8,144,22,25,244,114,35,64,239
277,9,49,203,100,116,88,43,225,192
277,10,240,96,22,29,175,11,219,21
277,11,42,181,41,187,88,253,239,4
277,12,189,28,175,25,102,255,4,18
277,13,162,10,82,193,68,118,213,91
277,14,21,3,212,233,222,30,34,95
277,15,107,120,221,45,124,100,92,246
277,16,24,94,142,62,77,84,60,126
277,17,2,81,121,108,145,247,106,34
277,18,121,147,20,30,204,202,100,77
277,19,172,152,94,125,19,254,112,186
277,20,144,213,22,110,122,114,199,36
277,21,49,100,85,214,218,229,134,217
277,22,131,236,157,34,62,162,180,142
277,23,83,42,181,97,243,124,27,40
277,24,25,48,188,204,164,139,87,220
277,25,162,10,250,15,2,50,188,67
277,26,100,21,212,222,233,110,200,130
277,27,107,120,39,129,175,162,104,122
277,28,94,18,62,7,175,88,32,142
277,29,2,81,5,48,250,132,167,83
277,30,100,197,22,147,179,205,121,76
277,31,94,109,128,205,171,117,129,152
277,32,215,96,186,161,68,155,119,223
277,33,238,86,215,93,183,190,119,55
277,34,207,186,180,96,82,116,1,84
277,35,160,108,153,57,227,129,92,84
277,36,70,181,157,83,119,120,23,156
277,37,31,182,58,7,82,175,219,190
277,38,151,148,71,92,230,255,76,128
277,39,2,69,38,189,217,154,213,78
278,0,106,40,185,236,147,43,46,66
278,1,128,124,226,19,242,211,112,73
278,2,188,255,60,58,217,49,80,11
278,3,92,177,55,214,30,219,19,202
278,4,122,54,139,88,215,242,150,254
278,5,147,114,11,161,100,97,10,183
278,6,208,230,65,183,14,166,180,122
278,7,101,54,109,242,191,32,196,23
278,8,180,122,35,110,57,56,173,142
278,9,49,178,217,85,156,151,98,182
278,10,62,142,196,22,39,71,96,157
278,11,27,69,181,195,66,241,236,107
278,12,191,138,193,28,189,0,175,195
278,13,10,29,162,15,50,68,168,44
278,14,21,212,222,233,34,3,30,100
278,15,107,120,221,104,93,100,36,47
278,16,94,142,24,62,181,9,77,202
278,17,2,81,108,132,145,82,83,121
278,18,121,147,158,159,20,200,30,22
278,19,152,128,172,171,205,112,145,94
278,20,144,122,213,110,22,114,232,180
278,21,49,100,178,217,85,229,134,218
278,22,131,62,142,180,236,34,178,39
278,23,83,27,69,195,42,181,97,241
278,24,25,48,191,202,139,243,69,204
278,25,162,10,250,50,15,218,67,213
278,26,21,100,134,222,212,233,34,200
278,27,107,120,36,133,39,70,122,129
278,28,62,94,122,142,32,7,109,204
278,29,81,2,188,65,145,83,48,251
278,30,174,147,158,22,100,159,76,29
278,31,152,128,172,117,94,240,129,147
278,32,215,96,68,42,186,155,124,122
278,33,119,11,55,151,215,123,238,232
278,34,9,196,180,45,176,236,204,12
278,35,153,227,129,104,234,219,108,69
278,36,166,69,8,157,200,225,35,160
278,37,115,130,218,175,31,165,36,29
278,38,93,255,230,23,248,31,143,6
278,39,68,225,241,114,235,9,166,175
279,0,83,59,79,135,88,130,108,57
279,1,143,182,152,78,238,79,181,38
279,2,5,173,101,116,8,154,108,94
279,3,106,194,150,129,42,29,110,250
279,4,254,150,171,17,7,215,23,21
279,5,29,87,147,206,243,68,230,51
279,6,230,76,87,89,160,221,180,145
279,7,242,110,57,136,156,217,54,234
279,8,144,122,25,244,37,64,100,202
279,9,49,69,100,152,183,192,60,33
279,10,88,71,142,212,93,195,133,96
279,11,205,69,39,253,5,88,168,239
279,12,76,211,189,175,28,6,16,83
279,13,10,162,3,2,44,68,236,82
279,14,212,213,21,136,223,154,34,219
279,15,107,120,70,150,36,59,56,20
279,16,142,94,141,62,175,77,84,66
279,17,2,81,34,82,247,65,51,121
279,18,121,147,158,174,30,20,200,199
279,19,94,152,186,112,128,254,200,125
279,20,144,213,122,22,114,110,232,149
279,21,100,49,69,214,218,229,12,233
279,22,131,71,142,88,180,62,212,162
279,23,83,69,39,205,181,243,40,58
279,24,25,243,169,189,254,48,188,204
279,25,162,10,112,67,2,68,209,121
279,26,110,21,100,134,212,34,200,233
279,27,107,175,70,15,36,150,92,117
279,28,77,18,175,109,62,142,204,16
279,29,81,2,175,188,29,34,51,249
279,30,147,174,169,158,76,30,100,75
279,31,200,188,186,152,0,103,172,74
279,32,60,124,121,35,225,111,228,54
279,33,33,78,108,76,119,123,223,137
279,34,138,174,176,134,118,142,106,3
279,35,91,69,207,234,95,189,137,17
279,36,96,72,143,166,64,225,218,219
279,37,218,239,230,29,59,198,195,130
279,38,83,199,23,100,89,57,17,159
279,39,96,236,157,216,110,108,66,175
280,0,0,189,148,78,248,60,12,184
280,1,186,135,103,204,252,161,240,130
280,2,32,5,124,190,247,6,101,187
280,3,184,109,240,165,147,194,33,121
280,4,178,137,101,250,41,202,233,5
280,5,36,206,126,140,33,246,216,60
280,6,230,205,101,76,145,87,252,253
280,7,149,18,251,242,59,15,57,168
280,8,144,108,22,252,25,114,125,27
280,9,100,31,225,149,183,43,177,141
280,10,221,131,195,71,192,162,93,77
280,11,184,244,118,83,205,188,123,117
280,12,180,131,189,18,13,87,200,164
280,13,162,240,82,115,10,2,90,68
280,14,85,212,213,21,34,68,233,219
280,15,107,97,2,102,15,45,243,251
280,16,77,251,62,176,202,84,142,23
280,17,2,184,225,247,81,145,34,108
280,18,121,158,30,147,156,202,174,108
280,19,149,49,15,200,172,125,112,254
280,20,144,213,119,22,139,202,232,244
280,21,121,49,100,214,228,209,218,60
280,22,221,226,131,71,228,142,230,111
280,23,118,244,69,83,205,26,154,245
280,24,131,28,25,148,155,13,243,48
280,25,10,162,148,240,82,213,90,51
280,26,85,212,134,100,110,21,233,34
280,27,107,15,251,95,246,122,47,70
280,28,77,62,23,251,148,109,204,142
280,29,184,81,2,51,188,175,52,179
280,30,147,174,202,158,120,76,30,100
280,31,200,0,149,103,172,15,48,152
280,32,121,138,228,23,66,225,202,54
280,33,147,78,76,255,19,55,84,108
280,34,226,32,3,234,134,163,68,228
280,35,71,17,91,115,59,101,95,9
280,36,96,51,127,111,230,219,85,63
280,37,198,230,62,165,252,51,54,181
280,38,23,17,193,140,11,143,159,49
280,39,107,134,21,193,22,159,56,24
281,0,230,36,45,94,213,149,134,244
281,1,186,25,252,74,83,228,77,212
281,2,182,168,240,155,161,195,138,250
281,3,193,8,254,0,64,49,47,241
281,4,238,39,124,150,41,23,229,162
281,5,206,154,179,189,199,192,1,74
281,6,67,99,212,110,95,220,87,117
281,7,6,53,242,217,51,157,129,11
281,8,144,22,244,25,114,202,251,232
281,9,100,49,233,183,89,225,62,192
281,10,131,195,69,228,221,230,93,109
281,11,83,184,167,244,205,179,188,123
281,12,180,40,75,47,189,187,124,243
281,13,10,240,162,3,2,179,68,223
281,14,21,85,223,212,213,34,238,3
281,15,107,178,15,35,168,246,130,59
281,16,76,251,77,23,50,142,218,223
281,17,2,81,188,225,184,112,121,47
281,18,121,147,158,202,88,30,20,146
281,19,186,149,49,254,200,94,103,125
281,20,144,213,232,22,47,199,135,211
281,21,49,100,71,79,121,141,233,109
281,22,131,221,226,229,230,129,228,77
281,23,83,244,58,243,118,34,26,184
281,24,25,48,28,131,69,243,188,213
281,25,10,162,240,188,82,2,121,223
281,26,110,85,21,185,100,212,62,134
281,27,107,175,70,15,92,178,47,130
281,28,77,62,76,204,23,142,251,158
281,29,184,81,2,51,175,34,251,97
281,30,147,158,120,76,202,100,121,234
281,31,149,152,200,186,172,49,48,103
281,32,121,138,228,54,111,214,101,252
281,33,78,76,177,128,225,55,19,197
281,34,32,163,99,174,113,31,175,142
281,35,94,104,203,0,101,182,71,245
281,36,230,69,122,111,224,171,101,199
281,37,230,24,116,252,165,54,36,51
281,38,37,23,223,105,43,159,233,140
281,39,42,166,106,155,164,81,33,211
282,0,19,116,5,21,198,239,240,250
282,1,228,241,82,186,209,179,63,171
282,2,182,77,161,240,199,174,98,195
282,3,185,57,96,181,132,52,139,245
282,4,22,137,56,238,100,134,233,173
282,5,206,173,126,60,207,9,89,196
282,6,229,40,23,234,233,117,213,66
282,7,252,6,83,53,75,178,11,15
282,8,144,22,244,63,40,232,13,114
282,9,160,100,89,49,35,233,218,222
282,10,131,89,162,93,199,208,70,149
282,11,83,124,237,179,123,244,100,167
282,12,13,23,189,239,40,25,4,75
282,13,162,240,90,10,223,185,118,82
282,14,21,212,3,143,233,17,213,134
282,15,107,246,15,64,92,42,139,111
282,16,76,223,77,251,142,84,218,94
282,17,2,81,121,184,47,82,247,99
282,18,121,147,158,120,202,51,174,20
282,19,49,186,149,125,172,94,200,103
282,20,144,213,232,22,199,135,63,114
282,21,49,160,100,214,218,169,58,128
282,22,131,221,89,226,230,142,76,229
282,23,83,244,123,118,26,183,237,243
282,24,48,25,87,28,13,243,213,69
282,25,162,10,233,188,194,223,2,5
282,26,110,85,212,3,185,21,100,56
282,27,107,175,70,151,92,139,141,47
282,28,77,76,175,18,251,169,62,84
282,29,184,2,81,51,247,97,99,34
282,30,147,174,158,202,3,100,121,111
282,31,200,149,152,186,172,94,0,103
282,32,121,138,228,225,68,23,101,214
282,33,78,76,55,128,118,225,147,197
282,34,174,163,175,134,99,3,67,151
282,35,94,91,101,5,182,0,34,115
282,36,72,96,230,4,168,69,64,40
282,37,230,24,100,66,101,127,252,51
282,38,134,23,199,11,242,67,223,233
282,39,211,107,236,108,31,80,22,235
283,0,119,125,9,186,227,118,221,213
283,1,207,196,247,12,235,160,104,194
283,2,48,50,155,244,183,44,196,111
283,3,83,200,192,102,255,191,140,160
283,4,16,247,150,83,61,120,56,187
283,5,206,166,109,243,231,51,190,122
283,6,182,180,230,66,229,234,233,37
283,7,198,178,113,242,126,11,201,234
283,8,122,144,22,213,25,247,148,244
283,9,49,109,100,233,229,245,45,6
283,10,33,69,199,88,188,4,182,13
283,11,179,83,205,188,243,254,183,123
283,12,11,28,48,243,189,69,136,188
283,13,10,179,162,68,82,2,184,241
283,14,40,3,208,185,217,100,55,21
283,15,107,36,70,246,2,34,140,15
283,16,76,216,103,49,84,112,66,62
283,17,81,2,188,111,121,65,247,82
283,18,147,121,158,30,174,14,51,20
283,19,186,94,200,138,172,235,153,238
283,20,144,122,213,232,209,114,245,199
283,21,109,49,100,214,141,158,228,163
283,22,177,145,88,230,162,13,131,144
283,23,83,179,39,183,23,26,127,124
283,24,169,243,48,188,64,87,69,189
283,25,162,10,57,179,206,233,82,193
283,26,110,34,208,200,21,100,62,185
283,27,70,107,246,15,244,56,55,151
283,28,76,62,77,204,192,177,251,164
283,29,52,179,81,2,34,97,175,232
283,30,202,147,120,96,76,174,121,3
283,31,200,0,103,165,74,19,172,254
283,32,149,225,228,23,101,252,51,25
283,33,108,76,78,55,165,67,128,64
283,34,174,138,99,40,52,3,24,134
283,35,91,211,115,234,33,193,137,130
283,36,168,96,64,80,230,112,137,143
283,37,198,230,130,243,33,178,185,119
283,38,223,159,252,23,117,140,248,11
283,39,21,218,115,20,90,22,228,171
284,0,255,246,34,168,181,206,216,149
284,1,148,122,159,105,99,136,36,117
284,2,231,196,99,211,105,149,9,1
284,3,253,145,255,244,73,1,86,49
284,4,227,66,150,184,187,87,23,120
284,5,243,160,215,143,106,25,145,122
284,6,214,124,98,230,207,199,212,225
284,7,155,160,194,142,134,195,245,233
284,8,144,22,244,114,148,27,25,53
284,9,100,49,135,225,233,127,63,80
284,10,29,96,145,23,14,43,144,78
284,11,42,181,83,187,24,124,11,173
284,12,25,28,189,239,139,2,255,202
284,13,162,10,90,82,250,193,213,204
284,14,3,212,21,233,222,219,34,134
284,15,107,92,221,100,90,0,111,64
284,16,24,94,142,62,84,60,76,77
284,17,2,81,121,145,83,71,103,232
284,18,121,147,20,30,77,202,199,200
284,19,125,152,94,172,158,254,242,74
284,20,144,213,199,114,36,110,254,122
284,21,49,218,214,100,80,229,34,85
284,22,131,71,160,245,140,180,168,95
284,23,80,83,181,149,241,97,191,40
284,24,239,25,2,104,42,68,204,200
284,25,162,10,188,15,250,2,213,193
284,26,211,21,110,212,233,100,222,56
284,27,107,175,219,141,151,139,89,45
284,28,18,142,175,74,84,148,169,194
284,29,167,73,2,48,255,249,150,81
284,30,3,24,14,174,132,20,146,180
284,31,186,238,194,1,74,246,215,10
284,32,127,252,101,213,43,35,231,229
284,33,170,25,152,227,223,67,155,44
284,34,32,99,192,122,40,110,137,76
284,35,211,193,240,95,234,115,64,65
284,36,159,238,168,233,219,101,106,123
284,37,239,230,71,198,130,148,170,252
284,38,23,159,117,16,233,100,17,82
284,39,42,218,227,175,90,76,166,185
285,0,42,252,152,55,100,165,89,73
285,1,240,84,145,126,180,42,208,31
285,2,211,57,149,196,26,122,189,191
285,3,191,66,239,215,120,240,107,21
285,4,84,227,41,22,185,135,159,207
285,5,4,206,33,116,99,196,139,28
285,6,233,131,101,96,117,217,77,198
285,7,252,150,75,83,122,249,110,95
285,8,135,144,22,244,114,40,25,201
285,9,100,160,252,89,43,80,218,222
285,10,89,131,175,35,32,98,229,70
285,11,83,199,33,77,179,175,26,124
285,12,25,13,239,75,243,40,2,48
285,13,162,240,90,94,192,223,214,115
285,14,21,143,212,233,219,62,8,248
285,15,107,246,64,92,221,111,51,47
285,16,76,62,68,251,77,223,142,84
285,17,2,84,179,121,81,52,145,14
285,18,121,120,79,96,202,147,51,30
285,19,0,103,186,49,172,112,94,125
285,20,144,135,213,22,232,149,114,199
285,21,49,160,100,109,218,229,233,214
285,22,131,89,175,70,98,230,229,244
285,23,83,77,132,199,244,179,43,124
285,24,243,248,75,48,224,25,189,24
285,25,162,10,90,223,2,3,193,233
285,26,212,3,21,110,254,85,100,208
285,27,45,107,70,51,151,175,92,141
285,28,68,175,77,18,251,76,62,169
285,29,179,2,52,145,249,81,184,51
285,30,120,202,96,100,160,147,79,3
285,31,200,0,186,172,103,165,149,238
285,32,225,5,23,228,129,25,43,230
285,33,76,78,152,240,108,19,158,243
285,34,241,3,174,134,118,138,32,99
285,35,91,211,207,252,135,115,101,139
285,36,96,72,238,200,4,143,101,127
285,37,205,230,29,170,117,109,70,151
285,38,7,89,17,199,67,159,77,143
285,39,236,96,74,108,101,157,141,206
286,0,154,219,1,0,19,8,248,217
286,1,116,6,15,31,41,197,5,161
286,2,96,61,48,160,137,54,97,229
286,3,184,109,72,107,213,159,93,165
286,4,203,26,10,56,178,137,52,5
286,5,126,36,9,246,216,206,33,173
286,6,234,233,229,23,252,11,253,99
286,7,149,53,18,178,83,198,252,253
286,8,144,22,108,232,25,135,27,244
286,9,100,89,31,218,225,177,147,157
286,10,131,221,74,89,229,230,175,38
286,11,184,244,83,118,77,124,127,167
286,12,75,248,25,239,131,40,109,48
286,13,162,240,192,223,90,68,3,56
286,14,85,92,212,233,34,219,82,114
286,15,97,107,246,111,92,15,219,151
286,16,76,68,251,84,77,218,142,79
286,17,2,184,179,84,52,121,81,82
286,18,121,120,202,147,30,96,51,74
286,19,149,49,94,186,0,103,152,172
286,20,144,213,232,119,22,114,135,149
286,21,49,121,100,77,218,60,233,80
286,22,89,131,221,74,70,230,175,226
286,23,244,83,118,77,243,26,200,245
286,24,248,75,243,131,25,28,109,188
286,25,162,10,90,223,193,240,192,226
286,26,3,85,21,55,212,110,100,92
286,27,107,70,45,117,20,244,151,175
286,28,18,175,62,114,204,169,158,112
286,29,94,184,81,2,145,249,121,108
286,30,174,158,147,0,42,76,160,100
286,31,49,152,36,149,200,23,227,186
286,32,161,148,138,133,214,203,126,118
286,33,147,90,255,167,132,115,140,241
286,34,45,159,226,32,163,99,137,120
286,35,119,86,101,121,140,74,213,115
286,36,115,93,224,143,112,9,101,133
286,37,100,36,71,62,245,54,198,120
286,38,197,23,17,42,245,11,143,182
286,39,107,21,106,22,153,8,193,155
287,0,230,174,149,38,45,94,213,217
287,1,208,148,177,136,197,229,159,212
287,2,215,144,85,73,50,156,184,231
287,3,72,86,222,246,127,253,28,49
287,4,229,224,39,31,23,217,66,127
287,5,57,243,21,215,80,179,199,122
287,6,214,11,98,244,212,119,229,223
287,7,155,136,213,150,122,162,52,159
287,8,144,244,25,92,22,166,215,250
287,9,194,135,63,71,12,127,100,122
287,10,78,127,123,144,43,136,249,14
287,11,34,193,181,24,135,80,226,58
287,12,113,126,91,77,251,68,24,124
287,13,10,162,255,63,231,234,114,161
287,14,3,212,233,21,34,223,193,222
287,15,107,90,111,219,2,45,246,84
287,16,94,142,77,74,191,84,62,24
287,17,2,81,83,34,121,145,82,244
287,18,121,147,30,20,200,77,186,156
287,19,152,94,254,128,138,150,227,119
287,20,144,78,247,114,199,22,110,149
287,21,49,100,12,22,88,218,214,209
287,22,160,131,180,105,52,166,51,210
287,23,57,80,97,241,17,216,147,83
287,24,200,19,28,164,91,18,201,25
287,25,10,162,192,2,41,68,50,226
287,26,59,3,211,21,68,222,186,235
287,27,157,219,210,199,123,127,101,175
287,28,74,175,211,186,118,200,2,79
287,29,150,255,116,51,97,163,249,10
287,30,174,61,158,195,60,146,42,111
287,31,186,246,138,227,255,242,158,213
287,32,161,148,54,205,118,231,10,160
287,33,90,227,113,173,209,140,52,77
287,34,45,159,32,120,231,192,20,163
287,35,140,86,157,245,101,8,180,155
287,36,75,115,224,199,122,93,237,18
287,37,100,71,36,54,30,49,144,4
287,38,37,43,222,177,90,88,23,186
287,39,106,107,155,5,42,223,118,93
288,0,19,116,198,5,239,21,250,240
288,1,241,82,228,209,186,69,208,134
288,2,215,85,144,50,186,73,98,66
288,3,185,57,72,96,181,40,52,141
288,4,22,238,100,244,35,111,173,137
288,5,206,80,126,9,116,196,199,173
288,6,234,229,188,233,66,11,220,117
288,7,83,178,53,252,198,155,75,150
288,8,144,216,22,13,135,244,36,25
288,9,100,160,89,35,43,222,218,252
288,10,131,74,89,35,175,168,230,229
288,11,83,43,26,124,244,77,199,100
288,12,248,75,239,40,25,23,189,87
288,13,162,90,192,223,240,194,214,171
288,14,3,233,17,92,57,21,212,30
288,15,107,246,92,70,15,97,196,64
288,16,76,84,251,223,68,77,142,94
288,17,81,2,84,121,247,106,249,215
288,18,121,147,120,30,51,20,174,146
288,19,186,49,125,94,172,152,6,149
288,20,144,213,89,232,63,22,135,199
288,21,49,100,214,58,77,160,121,229
288,22,131,113,74,89,175,142,182,70
288,23,83,123,174,77,243,203,246,26
288,24,243,25,248,48,69,247,188,224
288,25,162,10,71,209,67,194,2,193
288,26,3,21,212,110,100,222,200,208
288,27,70,107,39,151,133,45,117,122
288,28,62,94,175,32,102,7,204,169
288,29,94,81,2,145,83,51,108,121
288,30,174,147,158,22,0,76,121,205
288,31,152,49,128,129,4,171,36,218
288,32,148,161,215,186,68,133,155,96
288,33,132,90,238,55,72,215,86,115
288,34,45,241,180,20,159,197,120,101
288,35,86,153,160,108,129,187,74,101
288,36,93,115,156,98,123,224,171,101
288,37,101,100,175,123,36,169,186,74
288,38,61,42,143,196,67,21,16,8
288,39,107,163,236,75,197,139,206,45
289,0,113,142,166,97,123,154,197,150
289,1,34,26,199,59,132,11,62,225
289,2,227,59,4,50,162,164,17,127
289,3,31,42,211,76,135,84,37,121
289,4,17,161,131,241,167,102,13,251
289,5,10,161,104,206,204,243,51,190
289,6,180,230,167,62,121,83,243,0
289,7,40,242,91,29,23,198,253,216
289,8,89,247,56,113,115,105,57,180
289,9,39,49,94,29,228,13,124,22
289,10,113,142,130,133,199,62,1,195
289,11,203,174,243,241,83,20,185,123
289,12,87,28,255,239,48,63,69,175
289,13,10,97,162,29,43,2,82,15
289,14,3,223,233,21,34,212,95,100
289,15,107,65,39,168,246,150,175,102
289,16,24,94,9,181,142,77,84,76
289,17,81,2,193,121,172,108,132,247
289,18,121,147,20,30,90,200,146,32
289,19,152,172,254,128,94,19,125,186
289,20,144,213,110,22,199,40,36,149
289,21,39,49,100,85,214,94,31,218
289,22,62,131,142,113,83,180,39,236
289,23,83,42,203,97,181,123,195,107
289,24,25,48,188,64,243,116,139,251
289,25,162,10,15,250,67,50,2,43
289,26,21,100,222,212,233,208,110,200
289,27,107,65,39,162,133,36,70,104
289,28,62,94,5,32,7,181,195,96
289,29,2,81,132,83,65,172,145,247
289,30,22,142,205,147,121,174,29,200
289,31,130,128,152,240,171,117,129,186
289,32,148,96,186,215,68,155,161,99
289,33,190,238,215,232,86,55,119,72
289,34,88,45,180,196,144,236,207,101
289,35,153,129,227,160,108,56,66,202
289,36,207,157,8,166,181,156,119,35
289,37,31,7,115,175,82,219,20,250
289,38,255,230,71,93,76,14,143,160
289,39,241,68,9,225,114,146,108,16
290,0,83,6,130,59,108,88,57,135
290,1,238,152,182,78,158,213,38,110
290,2,198,64,134,87,239,8,127,36
290,3,106,129,110,29,250,46,8,121
290,4,17,171,254,61,118,7,25,196
290,5,29,87,243,109,51,160,207,166
290,6,180,166,28,193,221,140,76,81
290,7,91,40,110,136,156,201,234,162
290,8,119,37,122,25,218,244,93,100
290,9,49,152,69,39,183,180,56,233
290,10,228,88,167,62,104,93,161,252
290,11,203,39,38,22,173,168,27,123
290,12,144,190,28,164,251,177,189,175
290,13,10,227,162,68,4,91,44,82
290,14,213,223,212,180,34,219,21,95
290,15,107,36,39,65,45,219,59,151
290,16,94,142,181,66,88,24,216,62
290,17,2,81,121,65,132,145,108,82
290,18,121,147,20,30,32,200,148,202
290,19,254,152,94,186,172,125,166,158
290,20,144,122,213,22,232,114,149,199
290,21,100,49,69,218,214,229,217,39
290,22,131,71,62,180,228,167,59,210
290,23,83,39,181,124,97,243,195,69
290,24,25,190,106,169,188,69,64,116
290,25,162,10,67,250,227,15,148,193
290,26,21,110,100,200,212,238,233,134
290,27,107,141,36,175,27,139,122,39
290,28,62,142,169,88,23,18,77,225
290,29,2,81,145,65,167,53,247,121
290,30,147,170,169,121,76,42,47,146
290,31,15,172,188,152,194,186,254,166
290,32,60,121,25,124,11,51,49,24
290,33,33,108,78,119,195,255,225,115
290,34,142,108,0,40,174,36,192,38
290,35,215,95,209,104,189,38,182,69
290,36,143,69,225,208,224,64,219,112
290,37,239,218,230,63,71,195,130,242
290,38,23,100,143,70,144,179,11,98
290,39,96,216,185,66,22,56,46,180
291,0,0,189,60,148,207,78,248,195
291,1,186,204,103,55,130,161,252,213
291,2,32,198,54,124,6,190,137,152
291,3,184,207,165,215,240,156,109,159
291,4,178,137,41,196,250,5,202,101
291,5,36,126,33,72,216,245,140,5
291,6,205,28,141,193,170,179,47,45
291,7,149,18,59,251,139,210,15,168
291,8,144,108,114,25,244,22,252,60
291,9,100,31,149,233,225,218,183,177
291,10,221,131,167,93,104,228,90,45
291,11,184,244,118,83,38,100,123,1
291,12,180,131,189,94,25,255,13,87
291,13,162,240,82,115,90,227,10,185
291,14,85,212,213,233,34,68,21,223
291,15,107,97,45,246,15,92,183,111
291,16,76,77,84,251,62,142,202,66
291,17,184,2,225,81,121,145,214,82
291,18,121,147,30,20,202,136,102,108
291,19,49,149,125,200,15,254,94,242
291,20,144,213,119,199,254,149,22,202
291,21,49,121,214,100,218,79,138,192
291,22,221,131,104,228,71,226,167,77
291,23,118,244,83,26,154,243,184,173
291,24,131,25,28,204,64,188,189,239
291,25,162,10,227,115,148,67,188,193
291,26,110,85,100,212,21,34,119,233
291,27,107,141,92,47,175,89,15,66
291,28,18,77,23,247,62,142,84,204
291,29,184,2,81,214,34,145,51,125
291,30,147,120,34,30,111,42,202,40
291,31,186,194,15,172,246,149,254,173
291,32,121,138,82,35,11,49,202,133
291,33,147,78,255,76,99,108,84,253
291,34,226,32,68,40,162,231,24,175
291,35,119,71,94,5,97,234,101,9
291,36,75,196,230,240,51,133,7,151
291,37,198,62,252,230,54,51,195,12
291,38,23,11,17,193,159,140,110,49
291,39,107,134,45,193,21,22,159,24
292,0,230,36,45,94,134,149,213,244
292,1,186,212,136,148,110,74,25,54
292,2,138,168,151,155,161,250,240,202
292,3,86,253,49,28,254,8,68,161
292,4,23,39,124,87,229,168,96,73
292,5,162,179,154,122,8,219,124,56
292,6,214,110,205,193,41,199,7,252
292,7,104,183,233,160,235,175,164,201
292,8,244,144,166,37,25,215,22,101
292,9,100,183,49,233,53,135,80,229
292,10,255,93,228,167,131,104,212,29
292,11,83,167,100,1,144,131,38,162
292,12,212,47,189,177,98,246,187,37
292,13,115,10,82,162,240,68,213,241
292,14,213,85,223,110,144,238,212,34
292,15,178,243,59,112,196,35,53,47
292,16,66,76,50,89,37,131,23,226
292,17,2,184,112,121,82,34,225,92
292,18,121,147,154,30,120,51,146,3
292,19,186,149,49,254,194,94,200,235
292,20,144,213,47,232,22,114,40,199
292,21,49,100,233,218,112,71,214,141
292,22,221,131,78,104,226,93,229,49
292,23,244,83,58,167,243,118,224,1
292,24,131,200,114,188,87,190,28,182
292,25,115,10,162,240,68,2,188,121
292,26,110,85,21,3,8,9,185,200
292,27,175,70,141,219,92,47,178,139
292,28,18,158,247,16,84,66,89,23
292,29,184,2,51,214,53,97,161,34
292,30,147,121,146,100,160,30,111,229
292,31,186,194,152,94,36,172,48,246
292,32,121,214,138,24,133,51,35,111
292,33,197,177,255,225,195,53,227,7
292,34,32,163,159,175,36,137,46,142
292,35,94,5,9,215,245,71,248,149
292,36,103,97,112,69,224,161,148,230
292,37,36,252,195,130,100,244,116,51
292,38,37,23,11,138,206,140,233,65
292,39,166,42,107,193,81,106,223,76
293,0,19,116,21,5,198,239,240,131
293,1,228,241,186,82,209,179,63,171
293,2,182,77,161,240,168,199,12,174
293,3,185,57,96,181,52,245,193,141
293,4,137,22,238,100,68,111,178,125
293,5,206,126,173,60,196,33,192,116
293,6,40,229,233,101,23,193,234,67
293,7,6,252,53,83,178,75,126,129
293,8,144,216,22,244,40,13,114,25
293,9,100,160,89,233,43,183,35,49
293,10,131,89,162,104,93,199,35,70
293,11,83,124,244,184,179,100,237,43
293,12,189,40,13,239,25,75,23,212
293,13,162,240,115,90,223,10,82,193
293,14,213,21,212,3,190,233,85,143
293,15,107,15,246,92,196,64,42,219
293,16,76,77,251,84,142,223,101,68
293,17,2,81,184,121,45,82,59,53
293,18,121,120,147,51,202,20,30,146
293,19,49,186,149,200,254,172,125,152
293,20,144,213,232,106,22,122,114,199
293,21,49,160,100,214,218,58,71,163
293,22,131,221,78,199,229,13,188,168
293,23,83,244,123,237,26,118,124,243
293,24,48,87,25,200,190,13,28,239
293,25,162,10,115,188,233,57,194,2
293,26,110,212,21,185,3,85,56,100
293,27,175,141,107,92,247,139,151,47
293,28,18,169,84,247,62,142,148,77
293,29,184,2,247,53,214,81,51,132
293,30,147,121,34,90,3,188,146,111
293,31,94,152,172,186,194,149,49,246
293,32,121,48,138,68,102,214,35,215
293,33,55,107,224,47,225,197,90,72
293,34,67,163,175,64,236,204,113,120
293,35,94,5,129,187,2,161,86,71
293,36,67,156,69,195,196,143,230,151
293,37,43,7,100,130,195,232,140,51
293,38,23,143,233,254,32,42,245,242
293,39,107,114,193,73,155,138,35,115
294,0,130,179,168,145,154,219,164,150
294,1,139,106,64,216,87,78,151,123
294,2,40,111,244,105,175,174,183,99
294,3,142,59,135,46,52,208,8,205
294,4,241,131,151,198,181,191,39,96
294,5,231,103,176,175,37,167,122,212
294,6,180,6,67,64,140,207,170,146
294,7,129,126,51,40,121,234,95,251
294,8,144,37,25,114,244,22,199,48
294,9,69,49,100,233,157,231,229,183
294,10,228,113,131,69,175,167,104,206
294,11,174,83,164,203,243,127,40,184
294,12,11,190,28,255,180,251,185,200
294,13,10,162,115,82,152,211,4,121
294,14,213,3,185,212,180,0,21,34
294,15,107,246,243,47,131,16,59,9
294,16,76,77,180,142,62,94,24,161
294,17,2,225,81,121,145,11,132,77
294,18,121,147,20,90,88,188,102,14
294,19,186,152,94,254,49,153,1,222
294,20,144,120,213,122,40,106,232,199
294,21,69,100,49,214,218,228,79,163
294,22,24,131,252,13,28,206,78,71
294,23,123,83,34,26,243,58,124,40
294,24,25,190,48,69,197,139,254,165
294,25,162,10,193,67,227,2,250,188
294,26,110,21,200,222,212,208,100,55
294,27,107,39,23,175,141,45,36,151
294,28,62,181,18,169,142,94,216,204
294,29,2,132,145,214,247,81,34,83
294,30,188,147,121,34,51,142,88,42
294,31,152,186,94,19,194,128,199,240
294,32,215,102,68,48,214,133,254,155
294,33,55,224,126,107,205,225,96,121
294,34,175,67,236,64,113,240,220,204
294,35,94,129,5,85,2,227,187,56
294,36,195,156,67,157,2,152,246,69
294,37,7,43,95,135,82,140,60,20
294,38,230,163,255,32,201,76,23,47
294,39,114,138,246,1,215,206,92,250
295,0,127,85,18,49,153,146,58,112
295,1,43,29,30,66,123,4,235,57
295,2,169,40,111,22,164,250,15,152
295,3,116,20,171,55,51,141,121,203
295,4,215,228,12,120,159,150,254,61
295,5,249,231,169,82,243,134,56,122
295,6,166,180,136,37,170,252,47,193
295,7,40,56,11,156,126,234,164,161
295,8,120,144,22,25,213,114,37,198
295,9,224,49,100,233,183,182,214,124
295,10,218,24,212,199,69,206,175,192
295,11,114,127,123,183,241,88,40,38
295,12,190,11,28,144,251,189,48,255
295,13,10,38,162,91,227,82,193,4
295,14,21,180,212,213,3,34,110,30
295,15,107,36,47,45,39,196,160,93
295,16,137,142,94,216,62,76,162,18
295,17,2,121,81,218,65,247,108,145
295,18,121,20,147,188,100,30,40,230
295,19,186,91,94,233,152,194,158,172
295,20,144,120,213,122,114,22,40,149
295,21,100,218,49,214,228,128,134,248
295,22,131,218,24,13,127,180,71,32
295,23,114,181,124,97,83,90,40,26
295,24,25,48,190,110,69,139,224,64
295,25,162,10,38,3,227,193,34,67
295,26,21,110,208,212,200,34,55,100
295,27,141,107,151,117,175,70,36,93
295,28,137,18,142,62,175,94,204,169
295,29,2,218,247,145,34,125,83,42
295,30,147,121,188,100,34,20,88,51
295,31,194,94,152,186,19,28,172,128
295,32,68,221,215,102,214,128,51,133
295,33,55,168,121,224,205,72,57,245
295,34,81,208,55,204,67,236,113,206
295,35,39,99,129,56,227,228,75,183
295,36,49,156,157,195,119,176,8,23
295,37,7,15,219,95,82,193,20,55
295,38,230,47,139,80,255,14,32,76
295,39,114,244,72,183,250,36,68,92
296,0,136,14,78,241,122,56,89,68
296,1,126,252,29,63,221,228,240,17
296,2,194,236,23,68,212,209,196,189
296,3,20,166,203,134,45,100,147,107
296,4,253,228,12,196,134,79,49,37
296,5,174,56,230,95,243,82,122,123
296,6,62,180,32,136,194,37,193,6
296,7,11,85,198,48,126,217,145,97
296,8,22,144,120,157,114,27,244,161
296,9,100,49,218,233,225,157,229,183
296,10,68,12,131,199,180,50,175,104
296,11,64,83,248,213,40,200,88,130
296,12,255,251,164,28,254,239,25,189
296,13,162,10,42,82,91,193,255,226
296,14,212,21,3,233,223,34,95,79
296,15,107,70,45,59,246,219,134,192
296,16,247,94,142,77,137,84,62,49
296,17,2,185,81,121,145,83,82,125
296,18,121,147,30,20,100,2,200,202
296,19,186,152,94,246,158,207,112,177
296,20,144,22,114,213,36,149,3,82
296,21,100,218,49,248,232,252,214,124
296,22,12,131,68,180,43,175,71,189
296,23,64,248,83,213,40,97,184,173
296,24,25,48,139,224,177,204,254,189
296,25,42,162,250,10,67,146,233,70
296,26,21,212,177,110,211,136,30,252
296,27,247,141,107,70,254,117,151,55
296,28,137,247,18,169,175,177,142,204
296,29,185,2,125,145,53,83,60,247
296,30,72,121,147,100,199,88,42,34
296,31,94,194,186,172,19,152,112,128
296,32,68,224,215,197,35,102,214,64
296,33,63,55,168,156,18,245,206,57
296,34,152,55,236,204,192,113,144,213
296,35,129,56,39,193,227,137,95,199
296,36,251,157,156,239,208,176,73,143
296,37,7,219,50,82,36,69,55,130
296,38,14,230,32,146,255,63,100,47
296,39,114,85,45,177,185,206,13,67
297,0,4,36,134,29,136,65,72,46
297,1,254,221,101,143,240,22,126,205
297,2,194,182,139,236,23,201,95,211
297,3,243,242,144,2,154,134,112,228
297,4,253,149,134,77,22,132,186,75
297,5,82,60,95,206,233,243,213,23
297,6,62,152,233,32,180,136,66,213
297,7,252,11,178,6,198,75,13,85
297,8,144,22,63,135,114,27,232,161
297,9,100,49,218,160,134,225,80,229
297,10,131,32,233,180,175,95,12,117
297,11,83,241,37,248,97,124,33,199
297,12,25,110,119,239,139,189,28,50
297,13,162,10,185,90,0,42,194,180
297,14,3,21,212,233,143,123,248,208
297,15,107,221,246,138,64,142,100,139
297,16,76,142,62,169,94,77,234,84
297,17,49,2,81,103,121,185,145,125
297,18,121,20,100,66,147,151,30,108
297,19,49,186,125,152,6,94,172,48
297,20,144,213,22,114,84,36,254,110
297,21,100,49,218,214,160,134,8,128
297,22,131,233,95,12,13,127,32,180
297,23,124,181,241,248,83,97,183,37
297,24,50,25,48,119,110,87,28,239
297,25,162,10,42,0,3,193,250,67
297,26,21,3,208,110,166,212,100,4
297,27,79,107,141,39,151,116,129,70
297,28,18,94,247,175,62,169,177,138
297,29,2,185,125,78,145,83,94,4
297,30,151,66,121,108,100,147,72,34
297,31,128,186,83,152,94,34,194,112
297,32,68,215,140,161,214,75,14,28
297,33,133,161,55,103,5,63,18,104
297,34,227,152,236,109,11,204,18,144
297,35,129,56,187,227,74,44,219,202
297,36,55,48,157,251,156,148,44,143
297,37,7,162,36,196,126,82,4,207
297,38,124,230,14,185,255,132,177,149
297,39,114,224,27,167,77,73,45,99
298,0,134,70,220,159,50,116,69,36
298,1,157,254,37,44,230,79,88,154
298,2,132,235,72,203,166,97,57,229
298,3,162,76,138,132,239,33,213,90
298,4,44,253,221,77,134,186,101,196
298,5,82,164,95,243,233,89,76,123
298,6,62,180,233,136,32,66,20,130
298,7,11,85,126,178,191,198,48,13
298,8,144,22,114,232,27,251,150,64
298,9,49,100,218,58,229,225,134,101
298,10,131,12,175,242,95,191,180,32
298,11,220,248,83,163,241,97,218,183
298,12,119,175,28,24,25,190,139,255
298,13,10,162,185,82,90,97,57,190
298,14,3,21,212,223,34,217,233,110
298,15,107,70,246,221,142,175,138,131
298,16,76,193,177,142,169,62,94,202
298,17,125,2,81,121,47,145,21,185
298,18,121,151,20,100,147,30,99,123
298,19,6,186,94,152,172,194,85,254
298,20,89,144,213,36,22,114,56,232
298,21,49,100,218,214,252,8,98,34
298,22,131,113,180,127,216,13,199,179
298,23,83,40,241,97,123,173,220,116
298,24,48,25,87,175,64,24,200,239
298,25,10,162,71,2,97,15,50,209
298,26,3,21,110,222,100,212,208,30
298,27,107,39,27,47,129,253,139,219
298,28,196,94,193,32,7,18,62,84
298,29,2,21,61,94,81,83,88,49
298,30,22,0,121,99,200,162,147,29
298,31,128,4,139,171,205,152,112,186
298,32,215,161,125,140,254,179,123,85
298,33,95,55,132,102,104,215,166,90
298,34,44,240,236,238,67,204,206,62
298,35,148,74,129,187,190,191,108,227
298,36,156,115,157,227,143,39,119,93
298,37,27,95,78,7,169,101,123,186
298,38,230,135,169,251,119,255,76,100
298,39,117,122,179,158,197,174,165,129
299,0,27,35,101,135,166,242,133,169
299,1,26,11,139,132,216,34,181,97
299,2,210,22,31,90,164,242,121,130
299,3,211,106,37,146,226,29,46,131
299,4,65,14,118,242,240,167,146,89
299,5,10,161,235,6,191,231,29,243
299,6,167,62,215,180,136,61,37,255
299,7,2,85,11,199,126,108,231,44
299,8,180,89,35,56,115,212,204,179
299,9,241,49,180,94,85,83,13,169
299,10,88,1,22,13,175,216,248,50
299,11,20,241,39,248,174,163,185,88
299,12,190,28,110,160,119,253,193,69
299,13,29,178,10,162,222,185,91,112
299,14,21,3,212,222,34,46,154,200
299,15,36,107,120,221,104,155,47,100
299,16,96,164,142,94,62,24,169,77
299,17,2,94,81,145,121,132,83,103
299,18,148,121,20,147,170,200,4,30
299,19,130,152,172,145,112,94,128,186
299,20,144,213,122,110,22,232,35,114
299,21,100,241,49,180,85,218,134,214
299,22,83,131,34,180,88,236,62,253
299,23,20,83,42,39,97,241,174,124
299,24,67,25,139,116,69,189,202,48
299,25,162,178,250,10,50,29,193,148
299,26,21,212,222,100,233,134,208,200
299,27,107,36,39,120,155,205,93,133
299,28,96,169,94,62,32,164,195,122
299,29,2,94,145,61,83,132,125,60
299,30,148,22,170,121,85,147,29,142
299,31,130,94,128,152,240,112,172,19
299,32,99,215,254,60,68,158,96,214
299,33,55,33,190,232,41,238,205,215
299,34,82,161,236,97,67,204,180,55
299,35,24,129,39,153,227,56,228,74
299,36,207,156,157,49,176,119,23,188
299,37,104,7,95,82,15,190,186,27
299,38,230,135,71,255,14,139,76,27
299,39,69,243,12,110,244,114,252,46
300,0,106,22,66,46,63,233,121,4
300,1,28,128,191,223,217,189,211,197
300,2,22,87,121,188,134,47,242,198
300,3,92,55,177,30,214,76,202,19
300,4,228,122,139,118,242,65,105,54
300,5,114,161,10,100,18,183,44,254
300,6,51,114,90,61,180,3,167,62
300,7,44,2,242,14,108,191,196,10
300,8,35,180,122,212,77,52,56,110
300,9,178,217,49,85,156,98,84,94
300,10,62,253,63,163,1,34,71,39
300,11,142,42,195,20,99,236,241,49
300,12,67,193,28,190,255,138,110,48
300,13,10,178,162,22,29,200,50,44
300,14,38,21,212,3,46,222,233,100
300,15,120,107,36,221,104,246,129,111
300,16,96,94,142,62,24,77,164,179
300,17,2,81,121,132,145,83,65,251
300,18,121,147,20,202,200,148,6,30
300,19,152,145,172,112,233,128,19,94
300,20,144,213,232,35,22,122,110,114
300,21,100,178,49,217,218,85,214,233
300,22,62,131,253,236,180,34,175,1
300,23,83,42,207,142,97,195,20,124
300,24,25,67,202,139,116,48,2,252
300,25,162,178,10,250,50,148,67,29
300,26,21,212,222,134,100,233,208,200
300,27,107,70,120,36,39,122,90,138
300,28,62,96,94,122,32,195,169,204
300,29,2,145,65,81,83,132,223,251
300,30,121,147,22,100,29,159,34,142
300,31,94,172,152,128,240,139,129,19
300,32,215,96,186,68,15,155,214,82
300,33,55,11,238,232,119,184,215,151
300,34,9,236,180,205,204,101,144,196
300,35,153,129,227,56,2,238,11,94
300,36,156,157,181,8,168,166,208,69
300,37,31,7,95,130,115,250,175,82
300,38,255,230,93,14,182,233,6,196
300,39,241,68,114,9,225,235,173,80
301,0,57,56,165,110,127,194,250,157
301,1,79,63,179,73,203,222,243,228
301,2,5,238,234,108,134,220,251,154
301,3,70,55,171,121,51,189,105,194
301,4,254,74,150,138,122,21,242,183
301,5,114,249,11,24,230,243,97,169
301,6,90,230,194,98,166,47,164,37
301,7,242,56,110,11,126,44,136,3
301,8,120,35,144,244,65,37,22,125
301,9,148,217,96,49,100,200,117,233
301,10,46,24,50,34,71,22,253,191
301,11,210,207,93,195,83,205,192,142
301,12,11,28,2,153,255,175,67,164
301,13,162,10,22,213,177,188,82,178
301,14,213,180,21,212,46,8,40,3
301,15,107,120,36,70,246,160,138,131
301,16,142,77,96,147,62,94,169,92
301,17,2,121,65,145,81,132,51,97
301,18,121,147,20,188,202,30,88,60
301,19,94,186,152,199,254,194,28,103
301,20,144,120,232,213,22,122,199,35
301,21,148,100,49,228,214,218,70,31
301,22,131,24,46,34,229,226,180,253
301,23,83,210,207,123,97,93,127,183
301,24,25,139,202,64,69,48,87,182
301,25,162,10,148,250,193,51,82,67
301,26,21,212,222,110,233,208,134,100
301,27,70,203,39,107,36,175,122,151
301,28,62,169,13,204,162,191,122,175
301,29,2,145,132,104,247,161,83,251
301,30,121,147,188,100,29,34,88,71
301,31,94,152,199,240,19,128,172,112
301,32,215,68,102,48,221,15,214,64
301,33,55,96,121,205,224,107,168,184
301,34,208,236,204,175,67,64,220,206
301,35,129,94,85,228,5,2,99,56
301,36,195,67,156,246,152,157,202,139
301,37,43,95,7,135,60,82,198,115
301,38,230,163,255,93,195,201,76,100
301,39,114,246,138,1,215,250,92,196
302,0,122,127,84,85,49,18,194,102
302,1,29,111,255,72,3,63,65,251
302,2,234,238,5,15,108,72,179,134
302,3,116,51,20,171,55,203,141,42
302,4,215,74,150,12,254,228,130,138
302,5,249,11,169,82,189,112,29,51
302,6,166,136,230,73,37,98,76,243
302,7,242,56,161,11,156,110,126,85
302,8,120,144,219,100,24,129,230,244
302,9,148,100,49,183,233,182,224,140
302,10,46,24,218,71,253,129,90,175
302,11,114,210,207,93,205,246,195,192
302,12,11,206,48,28,136,189,4,175
302,13,10,22,38,162,178,68,91,70
302,14,180,21,213,40,46,212,8,34
302,15,70,107,36,120,20,228,140,196
302,16,137,57,96,142,94,62,169,122
302,17,2,65,121,145,81,218,83,82
302,18,121,188,20,147,202,60,30,88
302,19,91,233,103,94,152,19,227,242
302,20,144,120,232,22,213,122,135,110
302,21,100,228,49,232,148,218,109,229
302,22,218,131,24,46,175,180,34,212
302,23,114,83,210,97,207,127,248,26
302,24,25,202,48,139,69,188,116,42
302,25,162,38,193,250,206,135,67,10
302,26,21,212,110,134,208,100,8,222
302,27,70,36,107,141,203,198,139,122
302,28,62,137,169,204,13,191,177,57
302,29,2,218,145,125,251,247,65,249
302,30,121,147,100,188,34,88,51,29
302,31,94,194,19,152,172,28,240,129
302,32,68,215,221,102,15,64,214,228
302,33,55,168,121,205,96,224,245,72
302,34,81,208,236,204,55,206,67,144
302,35,39,99,129,56,228,227,183,181
302,36,49,156,157,195,168,8,139,152
302,37,198,15,7,95,82,193,219,115
302,38,230,255,80,139,47,93,14,76
302,39,114,244,72,183,250,68,92,21
303,0,135,255,246,216,61,168,122,181
303,1,192,126,221,193,29,111,78,115
303,2,234,236,194,212,238,136,15,196
303,3,20,223,46,134,41,203,29,169
303,4,37,150,134,215,7,171,240,179
303,5,82,95,4,122,207,230,33,245
303,6,136,62,37,182,180,76,98,88
303,7,11,242,85,61,126,48,217,156
303,8,144,120,22,64,135,114,25,37
303,9,245,100,49,233,225,80,183,109
303,10,46,34,131,218,29,88,90,95
303,11,11,156,83,241,207,124,210,248
303,12,101,11,119,206,28,136,4,164
303,13,162,10,22,179,112,82,155,68
303,14,212,180,21,40,123,46,95,203
303,15,36,221,70,107,51,20,142,246
303,16,137,58,10,142,180,141,62,49
303,17,2,121,81,145,65,92,82,223
303,18,121,147,202,188,96,20,4,76
303,19,91,166,28,103,227,112,176,169
303,20,135,144,232,120,122,22,225,37
303,21,109,100,49,228,180,233,218,56
303,22,131,88,21,218,46,177,89,212
303,23,83,156,11,127,19,48,114,88
303,24,202,25,27,169,87,22,46,47
303,25,162,179,90,10,193,209,2,178
303,26,21,212,110,104,123,128,200,151
303,27,51,246,15,70,150,139,107,20
303,28,62,169,204,58,197,10,15,137
303,29,2,145,179,251,177,162,167,18
303,30,147,208,121,96,19,3,100,42
303,31,194,172,54,103,152,112,134,94
303,32,68,174,228,51,29,25,64,23
303,33,152,55,247,240,206,137,165,128
303,34,183,206,159,236,204,249,80,137
303,35,129,95,228,181,24,120,75,64
303,36,168,73,1,145,143,228,208,251
303,37,248,239,198,117,7,233,226,25
303,38,20,255,14,23,100,145,52,176
303,39,240,55,114,42,200,185,29,39
304,0,42,25,252,100,152,89,183,165
304,1,221,126,84,115,42,161,131,17
304,2,234,236,194,212,201,228,104,5
304,3,223,44,191,66,63,215,16,206
304,4,84,22,134,250,41,52,80,61
304,5,4,82,33,95,139,230,206,207
304,6,62,136,101,98,198,227,67,117
304,7,11,85,61,126,242,95,99,110
304,8,135,144,22,40,114,25,64,244
304,9,160,100,245,233,225,252,80,218
304,10,131,46,98,175,229,32,89,70
304,11,199,83,33,77,179,175,124,156
304,12,119,180,25,13,243,4,101,55
304,13,162,240,94,90,73,213,42,169
304,14,21,143,212,123,40,203,62,219
304,15,51,246,107,64,111,221,70,142
304,16,169,76,68,62,177,251,137,142
304,17,2,145,179,121,162,52,82,84
304,18,121,79,120,96,202,20,147,19
304,19,0,103,49,149,112,194,125,227
304,20,144,232,135,213,114,22,149,37
304,21,100,160,49,218,109,86,128,233
304,22,131,98,89,70,46,229,32,244
304,23,83,199,77,248,48,26,164,200
304,24,119,25,75,243,202,48,42,69
304,25,162,90,10,115,179,193,178,240
304,26,21,212,143,208,62,110,85,123
304,27,51,107,15,246,99,198,122,70
304,28,169,62,137,68,204,251,197,77
304,29,2,145,162,179,184,251,14,194
304,30,79,147,19,34,96,121,120,100
304,31,149,172,49,152,240,103,19,94
304,32,68,215,228,83,5,129,23,25
304,33,55,152,247,240,184,47,72,137
304,34,241,183,236,206,204,249,235,137
304,35,129,187,24,252,56,116,11,63
304,36,73,1,251,156,145,157,143,49
304,37,248,7,117,82,55,233,95,20
304,38,20,7,230,255,14,100,47,139
304,39,55,240,74,114,244,29,122,113
305,0,4,1,154,219,134,248,76,23
305,1,116,15,6,41,221,30,101,205
305,2,48,96,110,18,180,97,50,212
305,3,2,213,144,139,112,72,15,221
305,4,10,123,134,180,37,22,239,77
305,5,67,95,23,82,254,243,123,233
305,6,62,136,125,114,3,74,37,233
305,7,11,253,198,85,242,19,61,178
305,8,135,40,144,22,246,247,64,27
305,9,100,49,109,22,240,89,233,245
305,10,131,34,46,32,98,229,218,175
305,11,83,179,124,199,248,33,36,186
305,12,75,119,40,106,48,164,229,25
305,13,162,10,179,90,185,104,213,3
305,14,212,21,40,46,100,3,123,134
305,15,246,107,240,15,111,228,196,64
305,16,78,169,76,68,177,77,49,251
305,17,2,65,179,121,145,53,82,251
305,18,121,96,202,120,147,20,36,51
305,19,103,0,233,94,151,204,71,172
305,20,144,232,135,213,22,114,122,37
305,21,100,109,49,214,218,160,132,233
305,22,177,131,21,229,46,163,74,69
305,23,83,130,207,18,97,123,142,248
305,24,25,106,243,87,48,202,69,42
305,25,162,200,250,179,10,90,148,193
305,26,21,212,123,62,55,110,208,38
305,27,241,70,107,141,175,36,198,240
305,28,62,78,169,57,204,197,139,11
305,29,65,2,145,125,34,247,162,161
305,30,147,6,45,172,100,51,121,34
305,31,240,233,172,152,128,94,19,129
305,32,68,215,64,116,75,17,214,133
305,33,55,182,94,23,240,105,168,245
305,34,236,204,205,187,54,144,19,15
305,35,129,56,227,171,116,0,64,11
305,36,8,157,253,234,0,189,156,251
305,37,7,82,220,44,95,219,164,226
305,38,255,230,14,93,136,22,76,100
305,39,23,68,16,114,146,241,222,224
306,0,78,136,56,241,68,89,18,146
306,1,17,88,166,134,252,158,183,179
306,2,180,239,45,246,96,173,218,183
306,3,72,213,53,132,2,90,15,1
306,4,253,123,215,134,180,22,228,182
306,5,174,95,123,148,82,63,23,31
306,6,62,16,129,194,37,125,136,240
306,7,11,253,61,217,85,110,31,242
306,8,157,22,135,25,144,64,114,154
306,9,100,49,218,200,107,229,233,214
306,10,12,68,199,50,21,254,131,46
306,11,64,83,130,40,207,76,34,163
306,12,106,214,243,126,99,164,75,204
306,13,42,192,162,179,10,3,131,118
306,14,46,212,177,219,34,0,81,8
306,15,70,228,246,59,244,47,241,107
306,16,223,247,77,76,182,49,161,62
306,17,2,185,121,65,145,82,51,125
306,18,121,202,72,96,100,147,44,30
306,19,94,103,244,233,138,206,152,10
306,20,144,213,135,232,157,22,114,84
306,21,100,135,49,233,214,218,86,232
306,22,12,131,68,177,206,226,69,180
306,23,64,83,123,45,34,243,26,97
306,24,25,28,42,48,2,252,98,27
306,25,162,42,10,2,192,90,193,82
306,26,21,55,212,62,34,136,114,134
306,27,198,70,107,228,175,141,122,45
306,28,175,177,169,247,57,142,197,204
306,29,2,185,249,145,125,34,121,161
306,30,72,147,100,242,34,172,121,45
306,31,172,94,152,128,14,240,129,19
306,32,224,197,68,11,230,133,215,15
306,33,63,55,18,206,156,245,57,59
306,34,152,236,204,213,164,144,54,31
306,35,129,56,171,227,0,24,11,64
306,36,251,157,73,189,208,156,239,151
306,37,7,50,165,82,226,176,77,195
306,38,14,230,255,63,146,100,106,42
306,39,114,85,185,136,177,235,10,47
307,0,134,70,151,36,139,76,122,152
307,1,254,202,101,252,72,22,190,154
307,2,45,239,180,194,182,246,115,192
307,3,243,72,167,132,1,247,17,15
307,4,253,22,134,77,180,10,175,183
307,5,82,164,95,237,63,233,243,23
307,6,152,129,62,233,66,98,213,240
307,7,11,253,252,38,178,198,97,48
307,8,144,22,246,114,135,63,25,27
307,9,100,49,134,101,218,225,233,229
307,10,131,12,180,32,34,95,50,186
307,11,83,97,245,124,218,37,119,201
307,12,25,28,75,48,119,139,239,109
307,13,162,90,192,10,185,42,70,118
307,14,21,212,3,34,215,219,68,107
307,15,70,107,246,228,196,240,219,34
307,16,177,142,77,169,94,193,76,84
307,17,2,121,185,125,249,145,81,51
307,18,151,121,72,20,147,202,42,200
307,19,85,144,49,152,1,125,6,93
307,20,144,135,22,232,213,114,36,218
307,21,100,98,49,218,86,232,233,252
307,22,12,131,180,242,226,233,13,210
307,23,97,201,83,123,218,119,72,243
307,24,25,28,119,109,48,87,252,11
307,25,10,162,42,178,71,19,2,192
307,26,212,21,222,3,62,6,208,8
307,27,39,107,28,70,141,47,219,128
307,28,193,94,196,219,177,204,62,190
307,29,2,88,61,185,83,94,21,145
307,30,72,63,162,147,242,132,121,24
307,31,85,144,128,152,83,139,90,227
307,32,140,161,125,215,179,133,203,123
307,33,102,132,139,119,104,95,11,151
307,34,44,240,67,236,204,73,72,183
307,35,187,129,74,24,148,227,64,114
307,36,115,39,44,142,156,157,19,26
307,37,169,100,29,27,115,95,66,78
307,38,255,93,230,251,169,119,42,158
307,39,122,40,129,117,99,158,75,27
308,0,196,101,229,249,105,7,216,118
308,1,150,225,231,27,11,244,84,216
308,2,103,34,227,4,210,17,163,57
308,3,152,133,187,235,31,84,231,176
308,4,13,142,236,241,222,108,167,170
308,5,104,193,186,6,161,112,90,41
308,6,167,153,51,180,62,61,37,83
308,7,29,23,216,196,126,242,11,57
308,8,89,234,105,180,56,114,83,100
308,9,49,29,94,164,228,118,13,124
308,10,130,169,113,175,1,210,22,69
308,11,189,241,161,248,185,38,233,122
308,12,63,26,28,255,110,189,87,190
308,13,97,162,10,43,147,29,82,4
308,14,3,20,21,212,124,233,222,110
308,15,107,81,175,221,246,168,100,92
308,16,142,62,94,76,5,24,196,9
308,17,81,2,172,193,108,250,121,145
308,18,121,20,147,179,30,57,187,200
308,19,6,152,254,130,186,125,172,128
308,20,234,144,36,213,114,110,199,254
308,21,49,29,100,218,94,85,164,229
308,22,113,169,131,180,83,39,130,241
308,23,189,83,42,181,161,97,48,26
308,24,48,25,87,63,139,200,2,202
308,25,162,10,15,250,147,43,218,213
308,26,100,21,212,3,233,222,20,124
308,27,107,162,200,81,39,129,253,139
308,28,94,5,133,7,32,98,196,84
308,29,2,250,76,83,172,81,48,133
308,30,179,22,205,187,29,200,0,142
308,31,205,128,109,4,171,94,130,186
308,32,98,161,215,68,186,192,77,99
308,33,238,126,86,55,215,183,73,232
308,34,96,84,207,180,101,62,236,144
308,35,160,57,108,153,227,129,56,181
308,36,70,181,157,98,120,23,156,176
308,37,65,31,58,182,7,105,190,145
308,38,100,148,5,252,151,92,230,55
308,39,2,217,38,189,17,146,222,69
309,0,235,190,141,115,47,253,158,61
309,1,182,93,21,244,68,152,215,163
309,2,121,10,57,34,145,123,103,93
309,3,187,12,133,235,190,231,162,230
309,4,236,142,95,127,222,144,96,179
309,5,90,193,47,188,135,43,65,5
309,6,153,215,60,206,180,22,121,31
309,7,23,117,78,29,229,64,254,231
309,8,234,104,180,239,116,99,56,77
309,9,116,191,164,49,13,85,118,56
309,10,169,36,125,198,210,238,13,120
309,11,233,189,86,161,108,88,149,107
309,12,93,63,74,26,85,87,175,15
309,13,97,29,147,10,43,15,107,118
309,14,86,3,124,20,51,95,32,215
309,15,162,81,168,200,107,31,62,232
309,16,9,24,5,196,220,94,62,204
309,17,250,81,172,108,193,121,2,61
309,18,179,20,121,204,187,30,42,163
309,19,116,109,205,152,19,171,227,222
309,20,110,234,239,180,144,114,36,116
309,21,191,85,116,49,164,94,29,229
309,22,169,113,39,125,198,236,178,83
309,23,189,42,86,172,83,88,62,149
309,24,93,48,74,64,220,15,27,87
309,25,15,134,253,162,147,250,68,206
309,26,21,86,100,51,233,124,149,119
309,27,162,107,200,81,129,165,31,100
309,28,43,94,5,133,7,9,24,168
309,29,250,76,172,87,2,0,83,48
309,30,22,179,205,187,163,200,100,68
309,31,116,109,205,4,171,94,128,20
309,32,119,90,161,192,186,215,68,77
309,33,93,215,86,238,183,55,129,83
309,34,82,96,207,180,1,86,62,132
309,35,160,108,27,57,84,153,227,145
309,36,222,70,181,23,157,120,192,176
309,37,229,31,58,39,105,7,182,35
309,38,64,151,148,92,76,230,100,131
309,39,186,38,189,154,217,69,190,146
310,0,38,193,53,54,44,244,167,176
310,1,122,117,140,58,105,201,115,20
310,2,121,128,241,140,186,54,167,10
310,3,12,91,128,35,34,250,204,210
310,4,58,179,187,213,6,96,146,159
310,5,239,145,160,5,68,255,29,159
310,6,118,206,63,230,81,145,193,181
310,7,221,109,180,162,157,136,210,155
310,8,144,113,114,239,244,25,64,104
310,9,49,116,203,88,33,214,53,183
310,10,240,96,115,166,219,93,21,22
310,11,181,41,253,4,88,42,51,57
310,12,175,189,28,212,126,255,239,117
310,13,162,10,82,15,68,118,213,168
310,14,3,212,21,233,219,34,222,134
310,15,107,120,219,246,168,175,160,221
310,16,24,62,94,142,84,202,126,77
310,17,2,81,121,145,108,82,132,193
310,18,121,20,147,77,30,202,36,200
310,19,186,152,94,254,125,242,172,128
310,20,144,114,22,213,110,36,122,161
310,21,100,49,218,85,229,124,217,134
310,22,131,236,62,178,180,229,162,26
310,23,42,83,181,80,97,40,69,124
310,24,48,25,139,87,2,204,200,91
310,25,162,250,15,10,213,50,70,29
310,26,21,212,100,233,110,222,150,208
310,27,107,39,151,129,120,162,139,122
310,28,94,142,18,7,98,84,32,31
310,29,2,5,83,250,81,48,132,145
310,30,22,100,197,205,179,34,200,187
310,31,94,171,128,109,205,186,152,167
310,32,215,68,96,186,119,35,24,223
310,33,238,86,215,93,55,183,245,190
310,34,207,180,96,236,82,144,186,84
310,35,108,160,153,57,56,227,84,202
310,36,157,181,23,70,176,120,156,189
310,37,31,7,58,182,82,105,229,35
310,38,148,71,92,230,76,151,255,168
310,39,2,69,189,38,154,217,78,213
311,0,106,40,127,22,66,147,18,236
311,1,128,226,242,124,72,73,19,211
311,2,58,60,255,80,219,49,121,217
311,3,92,177,30,119,55,219,19,76
311,4,122,118,139,254,228,172,242,54
311,5,147,11,114,18,161,183,29,97
311,6,183,147,166,180,65,68,90,122
311,7,101,109,196,172,14,15,126,191
311,8,122,110,180,114,144,56,212,204
311,9,49,217,178,156,85,151,98,100
311,10,142,62,161,26,196,39,192,157
311,11,27,69,247,195,241,181,236,66
311,12,191,138,0,6,193,155,195,175
311,13,10,168,81,162,1,29,22,15
311,14,222,21,212,233,34,46,219,91
311,15,120,107,0,36,39,100,129,219
311,16,142,94,181,24,62,119,218,77
311,17,2,188,81,132,121,65,108,145
311,18,121,158,20,147,159,200,204,42
311,19,152,186,34,233,94,128,112,172
311,20,122,110,144,114,22,232,161,36
311,21,217,100,49,178,85,218,229,134
311,22,62,142,131,180,26,13,178,245
311,23,27,69,83,247,195,241,97,42
311,24,48,25,106,191,139,13,204,87
311,25,162,250,1,10,50,15,218,213
311,26,233,21,100,222,212,43,134,208
311,27,107,120,36,139,141,0,247,150
311,28,142,94,13,62,122,169,98,119
311,29,2,188,65,81,48,145,83,251
311,30,158,100,34,142,147,159,30,121
311,31,186,94,172,152,34,128,233,240
311,32,68,96,215,42,186,214,35,71
311,33,151,55,11,119,58,29,232,215
311,34,196,236,12,144,180,45,101,204
311,35,153,227,56,129,202,139,60,113
311,36,157,8,212,119,166,156,0,176
311,37,7,82,31,115,44,84,55,158
311,38,230,255,14,93,22,76,100,139
311,39,68,114,241,16,9,146,23,27
312,0,82,181,107,251,68,99,246,39
312,1,135,222,35,79,92,63,89,134
312,2,101,113,240,156,224,238,181,108
312,3,107,42,105,147,85,227,134,121
312,4,254,17,172,58,92,120,249,199
312,5,174,147,18,159,29,68,189,97
312,6,147,145,194,149,166,47,221,118
312,7,195,13,109,54,217,172,3,11
312,8,122,144,22,114,27,25,110,125
312,9,100,49,217,214,229,225,218,183
312,10,68,228,142,34,71,192,155,180
312,11,64,69,181,241,27,40,41,183
312,12,211,28,106,139,189,83,239,117
312,13,164,1,162,10,81,82,250,230
312,14,180,21,212,222,233,34,46,134
312,15,120,107,2,142,90,219,100,111
312,16,142,94,62,119,14,84,77,149
312,17,2,188,26,65,121,81,145,83
312,18,121,158,55,20,147,30,200,202
312,19,237,186,152,94,34,233,125,254
312,20,144,22,114,122,213,110,161,36
312,21,100,217,218,49,229,214,134,252
312,22,68,131,142,180,228,13,62,229
312,23,64,69,83,97,27,40,181,87
312,24,25,106,48,139,13,87,185,202
312,25,162,250,1,164,148,213,96,193
312,26,212,21,233,100,110,134,222,238
312,27,107,150,139,36,247,198,120,191
312,28,142,14,149,169,148,94,175,39
312,29,2,26,188,65,145,83,101,81
312,30,55,158,100,34,45,121,147,29
312,31,186,237,94,172,240,128,152,254
312,32,224,42,215,68,197,101,24,214
312,33,179,201,55,156,217,57,72,245
312,34,196,49,217,236,204,144,213,177
312,35,210,224,129,227,56,11,182,35
312,36,255,24,157,176,119,156,143,23
312,37,7,219,158,50,82,121,213,59
312,38,14,230,146,47,100,255,93,106
312,39,114,10,85,185,177,27,167,115
313,0,70,151,24,109,72,211,192,76
313,1,226,22,236,85,190,131,63,205
313,2,58,221,3,101,77,94,143,193
313,3,42,167,243,197,249,144,107,56
313,4,243,134,175,77,186,57,22,100
313,5,164,60,233,16,82,95,180,231
313,6,149,147,145,213,152,125,40,76
313,7,252,246,6,13,200,11,178,198
313,8,144,22,232,63,27,84,25,114
313,9,160,100,218,49,134,214,225,229
313,10,131,228,34,226,186,200,242,32
313,11,83,97,124,37,164,218,245,87
313,12,239,13,25,40,139,180,28,50
313,13,162,230,90,1,3,0,19,185
313,14,21,212,3,233,143,238,134,100
313,15,107,138,64,246,92,112,100,15
313,16,142,126,77,94,23,84,76,14
313,17,2,188,81,145,121,53,82,226
313,18,121,158,147,202,30,20,55,146
313,19,186,94,49,125,152,99,172,55
313,20,144,213,232,22,36,150,114,56
313,21,100,160,49,128,214,218,134,60
313,22,131,233,228,109,78,226,142,180
313,23,83,97,69,87,218,123,124,26
313,24,48,25,87,28,185,139,4,182
313,25,162,1,230,10,0,173,188,194
313,26,110,21,100,212,233,62,185,56
313,27,107,139,79,151,198,138,28,47
313,28,169,190,142,102,175,14,94,204
313,29,2,188,83,53,251,145,99,4
313,30,158,147,234,100,121,180,29,42
313,31,94,186,85,152,172,128,83,112
313,32,22,68,120,109,215,64,101,214
313,33,102,55,72,250,139,68,161,56
313,34,72,236,109,94,234,73,204,144
313,35,187,129,227,44,210,117,60,121
313,36,79,55,148,157,31,37,119,44
313,37,196,7,219,77,30,180,130,244
313,38,132,255,93,100,161,252,91,96
313,39,165,99,185,224,10,27,166,146
314,0,96,226,80,247,171,128,11,198
314,1,63,166,236,131,175,169,178,15
314,2,48,165,254,141,190,101,81,196
314,3,221,188,170,144,42,192,180,2
314,4,134,119,22,77,57,185,243,123
314,5,61,95,233,60,82,189,147,18
314,6,147,16,145,49,149,213,180,130
314,7,178,252,11,198,13,191,200,48
314,8,112,144,22,27,232,40,84,114
314,9,206,160,100,49,218,19,214,233
314,10,228,229,131,163,226,34,45,186
314,11,18,83,69,97,124,245,142,55
314,12,106,28,239,13,25,185,139,67
314,13,200,1,162,10,179,81,185,3
314,14,21,46,212,238,233,95,100,38
314,15,241,107,246,219,92,138,142,191
314,16,149,169,142,78,84,77,94,23
314,17,188,65,2,121,81,145,155,53
314,18,158,121,6,147,30,20,146,94
314,19,186,94,233,151,152,112,125,34
314,20,144,112,213,232,63,22,114,157
314,21,206,100,218,214,49,229,192,19
314,22,229,131,78,226,228,163,13,69
314,23,69,18,83,58,97,181,40,16
314,24,106,25,48,87,139,254,243,28
314,25,162,1,200,250,10,173,218,5
314,26,21,212,233,100,110,38,34,222
314,27,241,107,138,191,247,196,139,151
314,28,142,149,175,169,176,201,16,23
314,29,2,188,65,145,251,83,247,81
314,30,158,6,100,147,34,234,45,121
314,31,94,172,186,152,112,128,240,233
314,32,89,68,199,215,101,64,214,122
314,33,55,214,23,94,72,57,68,245
314,34,182,236,234,144,54,204,196,187
314,35,227,129,56,210,60,35,202,16
314,36,157,253,8,23,0,119,35,212
314,37,7,219,164,82,158,44,149,213
314,38,230,14,136,255,93,100,22,47
314,39,114,23,68,16,146,27,241,185
315,0,136,78,241,56,68,89,18,33
315,1,166,131,253,252,190,35,165,89
315,2,48,211,22,196,165,141,9,209
315,3,232,75,73,42,222,45,50,200
315,4,253,134,133,120,77,159,123,135
315,5,174,189,252,82,63,95,243,233
315,6,147,129,16,145,194,193,37,125
315,7,13,217,11,126,145,198,129,61
315,8,157,22,27,144,114,112,25,148
315,9,100,214,218,49,229,206,60,233
315,10,12,68,228,192,142,14,254,93
315,11,64,69,83,40,104,201,130,112
315,12,106,243,83,89,6,12,124,28
315,13,42,1,10,162,242,82,253,81
315,14,21,140,212,219,95,34,233,82
315,15,107,241,219,120,150,103,142,225
315,16,149,175,142,247,169,94,84,131
315,17,2,65,185,188,121,82,145,81
315,18,121,158,20,30,147,180,72,9
315,19,186,94,152,128,34,254,244,233
315,20,157,144,139,114,22,213,149,25
315,21,100,218,214,232,229,206,60,136
315,22,12,131,180,13,68,206,78,183
315,23,69,64,40,83,58,97,181,34
315,24,25,48,106,4,139,87,147,243
315,25,162,42,1,250,213,221,200,96
315,26,166,212,21,110,233,100,150,136
315,27,141,107,151,139,150,184,70,116
315,28,175,142,247,16,169,126,176,177
315,29,2,185,188,99,53,145,65,34
315,30,100,158,72,180,147,242,121,234
315,31,94,186,152,172,128,48,246,132
315,32,68,35,22,224,197,101,64,214
315,33,63,18,55,156,206,72,59,245
315,34,152,234,236,204,175,213,144,199
315,35,129,210,56,227,94,5,178,238
315,36,251,157,156,73,31,127,208,23
315,37,7,219,50,242,82,240,176,213
315,38,14,230,255,63,146,47,100,124
315,39,114,85,185,27,177,136,10,13
316,0,134,151,70,36,139,76,72,152
316,1,254,202,101,190,253,22,252,72
316,2,48,211,182,3,141,174,165,226
316,3,243,232,192,167,222,42,247,132
316,4,253,134,77,175,22,185,159,157
316,5,164,82,95,252,246,233,99,237
316,6,129,152,233,147,32,66,213,145
316,7,38,252,11,13,178,126,198,217
316,8,144,63,22,114,27,232,25,84
316,9,100,49,134,218,225,214,101,229
316,10,131,12,180,32,242,162,228,192
316,11,83,97,201,218,245,104,164,124
316,12,25,28,139,148,4,48,147,239
316,13,162,90,70,42,1,10,82,19
316,14,21,212,3,56,219,30,166,34
316,15,107,196,70,219,92,175,192,100
316,16,175,142,169,247,77,177,94,16
316,17,2,121,185,188,81,125,145,53
316,18,121,158,72,30,20,42,202,174
316,19,186,94,144,85,49,152,112,10
316,20,144,22,232,114,213,108,36,25
316,21,100,214,218,71,49,98,192,60
316,22,12,131,226,242,180,183,182,13
316,23,218,83,201,97,58,104,123,154
316,24,25,11,48,148,28,109,105,4
316,25,162,71,1,42,242,148,10,19
316,26,166,212,21,222,203,110,233,100
316,27,107,39,28,70,141,139,219,192
316,28,175,142,16,102,169,181,176,247
316,29,2,188,132,21,145,83,185,99
316,30,158,188,147,100,90,142,121,242
316,31,152,85,186,94,128,172,112,144
316,32,48,140,22,215,35,102,214,18
316,33,102,139,224,55,133,95,151,54
316,34,67,175,204,240,236,64,113,229
316,35,187,94,129,227,5,2,85,238
316,36,67,143,142,156,157,195,44,25
316,37,7,43,219,169,115,20,36,186
316,38,93,255,163,230,119,100,96,14
316,39,122,138,114,27,215,99,246,235
317,0,49,127,85,18,153,146,227,128
317,1,43,66,29,158,223,17,133,57
317,2,169,164,31,22,107,130,23,9
317,3,171,116,42,20,51,131,55,242
317,4,215,12,228,249,134,79,62,85
317,5,82,249,134,169,122,95,243,231
317,6,147,182,180,129,125,246,37,136
317,7,129,56,126,11,40,198,178,75
317,8,120,22,144,27,232,148,25,122
317,9,100,49,218,233,214,245,225,229
317,10,24,131,218,12,142,252,180,26
317,11,83,114,69,241,40,203,213,97
317,12,11,28,25,139,239,69,89,48
317,13,162,1,10,90,81,82,179,213
317,14,21,212,180,3,40,56,134,233
317,15,107,246,175,198,102,219,92,99
317,16,142,175,169,94,77,147,49,137
317,17,188,2,121,81,65,82,145,226
317,18,121,158,147,20,30,188,146,42
317,19,186,152,94,233,34,112,153,178
317,20,120,144,213,122,232,36,22,63
317,21,100,214,218,71,128,134,228,49
317,22,142,131,24,183,12,11,136,44
317,23,114,69,40,123,83,97,233,26
317,24,48,25,105,87,182,113,139,200
317,25,162,233,1,188,250,173,5,193
317,26,166,110,21,254,185,212,31,233
317,27,70,139,191,141,107,184,151,175
317,28,175,13,142,169,137,204,162,62
317,29,2,188,99,247,167,53,218,249
317,30,158,147,121,30,188,100,234,20
317,31,186,94,194,152,112,36,128,234
317,32,35,221,68,101,102,24,214,148
317,33,168,121,55,224,205,72,137,245
317,34,81,204,208,45,236,55,192,159
317,35,39,99,129,96,155,137,56,189
317,36,49,130,143,176,47,99,36,69
317,37,7,219,15,77,130,92,121,140
317,38,14,93,100,230,42,88,32,23
317,39,114,72,185,244,27,222,86,206
318,0,4,46,122,218,29,212,63,50
318,1,221,126,143,29,240,17,60,205
318,2,23,212,236,194,110,211,104,226
318,3,243,242,42,2,154,131,232,32
318,4,164,149,134,22,77,4,37,185
318,5,82,95,243,230,60,206,233,164
318,6,136,147,233,62,152,180,213,129
318,7,252,13,178,11,75,126,198,48
318,8,144,22,114,27,63,135,232,244
318,9,100,218,160,49,134,58,225,214
318,10,131,32,175,233,180,54,95,1
318,11,83,241,37,40,97,33,183,164
318,12,25,110,189,48,248,113,139,28
318,13,162,90,1,10,82,194,0,192
318,14,21,3,212,17,233,143,254,31
318,15,107,221,64,138,246,100,92,198
318,16,175,84,169,62,142,234,76,223
318,17,249,49,81,2,145,103,121,144
318,18,121,20,174,158,66,147,151,30
318,19,186,49,125,152,94,172,114,112
318,20,213,144,89,63,223,172,36,56
318,21,100,214,160,49,128,58,218,60
318,22,131,219,233,183,136,127,141,44
318,23,183,116,241,237,40,164,124,70
318,24,113,48,25,158,213,8,189,224
318,25,162,10,209,71,0,1,188,233
318,26,110,3,21,222,254,31,166,100
318,27,39,107,79,6,151,184,156,139
318,28,175,102,94,181,62,248,162,219
318,29,49,2,247,21,249,145,83,132
318,30,142,34,90,200,147,22,30,24
318,31,186,152,94,128,254,218,240,85
318,32,148,35,215,161,140,186,96,24
318,33,161,5,133,55,132,238,101,115
318,34,227,45,109,180,236,101,137,204
318,35,153,86,129,187,80,8,180,74
318,36,55,148,115,143,5,226,75,156
318,37,16,169,232,250,130,145,180,175
318,38,177,91,169,255,115,36,5,134
318,39,75,164,17,27,114,222,185,73
319,0,97,166,113,123,142,205,150,210
319,1,34,26,199,59,62,132,187,151
319,2,227,132,235,59,210,242,4,162
319,3,42,31,211,135,46,76,37,84
319,4,17,161,167,131,102,251,13,19
319,5,10,161,204,104,14,51,186,6
319,6,147,167,180,243,136,61,93,62
319,7,40,91,126,23,29,196,172,109
319,8,89,114,110,56,88,105,57,3
319,9,39,49,94,29,85,118,13,115
319,10,142,1,26,130,13,248,62,113
319,11,203,241,236,20,107,185,213,122
319,12,28,146,56,11,110,139,190,87
319,13,10,1,152,29,81,82,162,22
319,14,21,3,222,212,233,95,47,34
319,15,39,107,65,100,142,129,219,175
319,16,94,142,181,24,169,218,31,62
319,17,2,81,121,132,145,83,193,82
319,18,121,20,90,30,147,200,42,146
319,19,186,152,94,125,172,128,19,178
319,20,144,110,36,213,114,103,57,139
319,21,39,218,100,85,217,214,8,49
319,22,62,142,13,131,136,180,178,113
319,23,203,83,42,97,123,26,40,181
319,24,48,25,200,139,2,87,204,182
319,25,162,250,15,10,91,50,247,196
319,26,222,254,233,21,208,100,212,30
319,27,65,107,39,184,37,139,219,36
319,28,62,13,94,175,181,169,98,142
319,29,2,132,65,145,83,130,247,53
319,30,142,34,22,121,100,51,29,64
319,31,186,240,128,130,152,254,94,112
319,32,96,148,215,186,68,35,245,7
319,33,55,190,232,238,58,245,215,86
319,34,88,45,180,236,196,144,204,101
319,35,153,227,129,56,35,137,16,66
319,36,207,8,157,119,181,148,23,176
319,37,7,31,250,130,229,175,115,145
319,38,230,14,71,255,91,93,137,196
319,39,241,68,9,114,10,73,222,27
320,0,181,82,251,107,6,68,99,39
320,1,250,158,73,189,199,191,170,110
320,2,134,239,238,198,64,127,87,229
320,3,178,169,76,121,219,227,105,194
320,4,17,254,172,89,61,19,49,79
320,5,174,159,18,97,68,255,109,134
320,6,166,194,164,40,118,147,37,81
320,7,40,195,109,217,99,126,54,156
320,8,25,114,144,125,64,37,204,96
320,9,100,217,151,49,214,183,118,124
320,10,68,228,62,104,71,69,175,105
320,11,64,181,183,203,173,41,177,40
320,12,190,105,144,224,189,117,212,211
320,13,164,10,162,82,57,91,68,230
320,14,21,212,180,219,8,223,233,31
320,15,107,39,196,219,175,243,184,45
320,16,14,62,142,162,94,84,66,218
320,17,2,26,121,65,81,145,82,132
320,18,121,55,147,20,30,9,202,100
320,19,186,237,94,125,152,233,246,98
320,20,144,216,36,213,254,114,22,149
320,21,217,100,218,252,192,214,229,11
320,22,68,104,136,62,131,13,167,228
320,23,64,183,40,58,181,83,246,26
320,24,106,48,113,105,200,224,87,25
320,25,162,164,189,91,251,233,200,148
320,26,110,212,31,8,21,185,238,197
320,27,184,241,107,66,196,219,151,139
320,28,14,149,185,169,227,62,177,148
320,29,2,65,26,145,53,249,247,125
320,30,100,55,45,51,121,29,176,34
320,31,186,237,94,240,172,128,254,152
320,32,224,215,42,68,245,199,64,197
320,33,55,179,201,156,245,217,57,72
320,34,196,217,49,236,213,144,204,202
320,35,224,210,129,227,16,56,35,137
320,36,255,157,24,176,23,57,240,143
320,37,7,219,50,158,200,82,115,77
320,38,230,14,146,47,106,209,76,255
320,39,10,114,85,177,13,27,206,222
321,0,24,70,109,151,139,76,72,152
321,1,226,22,236,85,202,72,252,190
321,2,3,58,221,193,77,222,141,5
321,3,167,243,197,32,66,234,195,13
321,4,243,134,175,77,244,51,162,43
321,5,164,60,95,33,15,233,89,230
321,6,149,152,98,193,40,213,221,32
321,7,11,38,15,252,178,217,126,183
321,8,216,22,144,114,63,27,232,25
321,9,100,225,218,49,229,134,192,118
321,10,131,228,226,242,180,90,34,186
321,11,83,218,164,93,97,124,245,154
321,12,28,190,187,25,148,180,185,11
321,13,115,162,240,90,230,10,237,70
321,14,212,21,219,34,213,68,31,85
321,15,107,196,219,246,28,251,15,126
321,16,77,142,76,14,84,62,49,251
321,17,2,121,145,214,82,81,184,130
321,18,121,30,147,20,202,9,242,34
321,19,186,49,194,254,149,85,144,94
321,20,144,213,216,36,22,232,202,254
321,21,100,53,218,71,252,192,58,121
321,22,104,136,226,131,191,167,242,183
321,23,58,183,218,83,237,93,74,230
321,24,105,189,48,121,2,28,11,204
321,25,115,189,162,230,10,57,233,225
321,26,110,12,21,212,30,185,150,62
321,27,184,126,219,151,107,247,141,47
321,28,14,177,169,102,142,148,162,176
321,29,2,247,53,145,214,99,125,93
321,30,100,90,188,63,147,199,51,34
321,31,186,85,152,94,144,128,172,112
321,32,48,245,22,215,35,140,68,18
321,33,102,55,139,54,133,95,151,107
321,34,94,175,204,67,236,240,64,73
321,35,187,5,94,129,227,85,117,191
321,36,67,142,44,26,156,195,157,240
321,37,43,7,219,240,130,193,169,115
321,38,119,93,230,255,47,163,139,91
321,39,122,99,114,174,27,185,10,225
322,0,4,212,218,57,110,46,157,146
322,1,43,236,66,133,17,141,232,235
322,2,31,164,207,169,23,90,22,200
322,3,131,55,70,242,95,240,177,218
322,4,138,164,215,228,12,134,74,123
322,5,100,254,67,23,249,24,95,31
322,6,149,166,180,114,125,128,74,152
322,7,11,40,129,56,66,178,242,217
322,8,22,144,246,114,27,148,201,213
322,9,100,240,148,49,225,229,192,11
322,10,228,226,131,210,180,95,34,69
322,11,49,83,210,93,124,97,40,154
322,12,190,11,28,25,187,180,185,94
322,13,10,162,57,192,185,141,237,90
322,14,21,8,197,212,219,3,208,223
322,15,107,219,196,246,59,45,79,174
322,16,62,142,76,84,94,79,77,49
322,17,2,121,145,82,81,167,34,92
322,18,121,147,20,130,30,176,42,90
322,19,186,94,125,254,152,178,98,242
322,20,144,120,36,213,103,40,200,254
322,21,100,148,240,218,252,11,192,56
322,22,136,127,104,78,210,131,252,24
322,23,123,40,210,26,38,246,183,113
322,24,48,87,200,246,141,187,105,204
322,25,189,162,57,10,21,91,27,225
322,26,110,21,185,203,222,212,34,8
322,27,203,247,39,141,107,139,219,151
322,28,13,169,142,181,94,204,163,102
322,29,2,247,145,132,167,53,83,92
322,30,188,142,130,121,90,51,42,100
322,31,152,186,128,94,112,142,172,254
322,32,48,245,116,35,68,157,102,128
322,33,96,55,224,132,107,182,151,115
322,34,175,67,204,64,236,113,205,137
322,35,5,94,85,187,129,2,86,149
322,36,67,195,36,143,156,69,29,230
322,37,43,7,130,36,186,127,232,229
322,38,163,93,23,230,255,91,72,100
322,39,246,122,215,1,222,114,27,86
323,0,172,63,46,233,127,202,121,110
323,1,198,43,164,76,61,158,111,255
323,2,15,23,110,169,72,134,189,102
323,3,116,137,55,148,171,20,53,213
323,4,215,12,228,71,254,164,172,72
323,5,27,169,11,249,100,18,254,97
323,6,52,166,73,180,235,147,149,170
323,7,40,56,126,196,66,108,178,109
323,8,65,204,120,103,110,114,144,44
323,9,215,96,49,240,118,85,124,148
323,10,24,252,218,210,114,192,55,46
323,11,247,114,241,49,210,236,66,203
323,12,190,11,43,28,87,195,69,98
323,13,38,10,253,91,57,81,34,234
323,14,21,180,222,197,46,8,110,219
323,15,107,39,196,219,175,142,243,93
323,16,169,62,142,131,94,218,39,181
323,17,2,218,121,82,81,145,132,83
323,18,121,20,188,147,30,3,42,176
323,19,233,186,152,91,94,158,254,112
323,20,120,144,36,213,149,122,114,110
323,21,215,100,218,252,117,229,8,210
323,22,127,24,218,252,115,215,131,241
323,23,114,247,40,246,24,241,26,16
323,24,48,200,87,139,246,25,218,110
323,25,162,91,38,10,193,27,188,225
323,26,110,21,254,212,215,185,34,30
323,27,141,247,184,151,139,107,219,175
323,28,13,142,169,177,94,62,39,204
323,29,2,249,53,247,145,218,167,125
323,30,42,199,40,121,188,147,142,100
323,31,152,186,94,112,254,28,128,227
323,32,221,35,115,51,245,102,203,68
323,33,121,244,55,224,115,96,253,25
323,34,81,208,204,137,67,228,202,108
323,35,132,94,215,64,149,127,86,152
323,36,195,130,36,69,143,31,99,149
323,37,158,43,252,165,7,186,130,160
323,38,23,145,100,163,70,236,11,196
323,39,246,222,114,106,170,86,235,248
324,0,80,136,69,84,98,14,127,15
324,1,79,157,29,230,76,57,61,164
324,2,159,189,15,250,65,136,169,94
324,3,148,20,116,51,171,137,203,141
324,4,215,12,228,37,182,172,164,23
324,5,82,249,189,169,83,132,56,221
324,6,136,76,37,170,147,88,128,44
324,7,56,11,217,3,126,161,40,236
324,8,120,144,22,25,114,244,64,125
324,9,100,11,225,183,192,215,229,218
324,10,24,192,182,69,218,240,96,0
324,11,88,114,83,241,127,249,41,40
324,12,28,190,255,11,25,189,79,211
324,13,162,10,82,193,118,227,34,209
324,14,3,212,57,21,197,233,219,34
324,15,107,196,219,221,90,246,104,243
324,16,62,142,202,84,94,24,213,76
324,17,2,81,121,86,145,34,71,83
324,18,121,147,20,30,36,146,77,202
324,19,152,186,172,242,125,94,129,98
324,20,144,213,114,199,244,254,245,36
324,21,49,218,229,80,100,214,223,12
324,22,71,131,123,166,46,136,140,95
324,23,181,80,38,173,246,83,224,40
324,24,48,200,8,189,175,239,141,87
324,25,162,10,193,15,213,68,67,188
324,26,21,34,212,110,219,24,233,211
324,27,70,141,107,47,89,175,247,151
324,28,39,169,177,204,94,62,223,7
324,29,249,125,2,53,168,145,121,247
324,30,42,204,199,151,40,20,121,100
324,31,186,194,241,132,152,94,128,112
324,32,161,221,35,170,82,24,245,214
324,33,168,121,55,96,151,213,223,101
324,34,81,159,204,208,55,192,67,137
324,35,39,129,99,193,60,64,199,78
324,36,49,143,36,69,93,130,47,99
324,37,7,15,165,77,179,130,232,176
324,38,173,93,23,14,100,254,145,230
324,39,114,222,72,106,155,170,22,185
325,0,4,50,218,46,212,29,63,248
325,1,221,126,188,143,240,17,29,79
325,2,212,236,194,23,159,110,189,123
325,3,243,242,148,2,137,32,0,66
325,4,164,149,134,244,22,37,4,185
325,5,82,206,95,4,111,164,136,33
325,6,136,152,32,62,241,237,180,147
325,7,75,178,11,252,13,126,66,193
325,8,144,216,22,114,63,244,161,27
325,9,100,218,49,160,225,134,229,192
325,10,131,32,180,1,233,95,245,175
325,11,83,241,164,88,37,97,33,237
325,12,110,189,25,248,50,255,28,164
325,13,162,115,10,185,90,82,251,0
325,14,3,21,212,110,233,143,123,219
325,15,107,221,0,97,64,138,142,100
325,16,62,76,142,169,158,94,60,77
325,17,2,81,103,145,249,121,34,49
325,18,121,20,151,30,100,51,108,136
325,19,49,6,186,172,152,48,125,112
325,20,144,213,232,22,216,199,110,178
325,21,49,100,53,218,134,214,229,58
325,22,95,131,233,115,46,168,229,245
325,23,181,5,83,116,38,241,183,97
325,24,48,189,50,214,87,218,25,248
325,25,162,10,193,0,115,194,67,213
325,26,21,3,212,100,34,17,233,252
325,27,107,247,141,39,129,47,79,122
325,28,196,94,7,193,177,18,32,169
325,29,94,61,2,21,88,83,249,49
325,30,22,121,29,0,100,200,99,204
325,31,4,128,171,205,112,218,227,34
325,32,125,161,215,140,128,254,179,203
325,33,161,5,215,166,132,86,133,55
325,34,96,44,227,109,62,180,204,20
325,35,160,108,57,74,148,84,153,187
325,36,115,23,120,93,19,157,156,83
325,37,101,61,169,123,229,102,27,175
325,38,169,255,251,119,143,61,158,151
325,39,231,117,179,122,129,197,163,222
326,0,123,229,249,196,216,7,105,242
326,1,150,225,231,27,93,244,11,84
326,2,4,162,227,163,103,57,17,210
326,3,152,133,187,31,235,84,231,176
326,4,13,236,142,222,167,102,108,251
326,5,104,193,161,6,204,186,112,90
326,6,167,153,180,107,147,241,61,123
326,7,29,23,196,216,126,14,110,95
326,8,89,234,56,114,180,105,83,110
326,9,94,29,49,164,215,118,228,13
326,10,169,130,113,210,1,13,248,216
326,11,189,161,241,185,236,255,243,248
326,12,63,26,190,28,87,255,110,74
326,13,97,10,43,147,29,162,250,82
326,14,3,20,21,124,222,34,95,8
326,15,107,81,142,200,129,175,100,219
326,16,24,94,5,196,9,142,158,202
326,17,172,250,81,193,2,108,61,121
326,18,121,20,179,30,57,187,200,204
326,19,6,130,186,152,205,19,172,109
326,20,234,144,110,36,89,213,114,180
326,21,85,29,49,94,100,164,229,218
326,22,169,113,130,198,178,83,131,180
326,23,189,161,42,83,97,124,172,26
326,24,63,26,74,160,48,15,81,32
326,25,147,43,162,15,10,50,134,97
326,26,124,20,3,51,222,233,148,100
326,27,107,81,200,162,129,39,31,253
326,28,94,133,7,5,196,32,9,24
326,29,76,250,172,61,2,81,83,87
326,30,22,179,187,205,17,200,0,121
326,31,205,4,109,171,130,128,218,243
326,32,98,161,99,192,254,186,215,77
326,33,215,126,86,183,238,73,166,55
326,34,96,84,207,180,62,101,86,51
326,35,57,160,108,84,153,145,227,202
326,36,70,181,83,23,120,157,98,143
326,37,65,182,31,229,58,190,105,175
326,38,151,148,92,71,255,95,230,76
326,39,2,69,38,217,189,78,97,222
327,0,235,190,141,253,47,115,158,61
327,1,182,93,244,21,68,46,215,152
327,2,121,10,57,123,145,103,229,109
327,3,187,12,133,190,231,235,128,35
327,4,236,142,95,222,96,127,144,135
327,5,90,193,47,135,188,224,145,43
327,6,153,215,60,167,206,121,75,180
327,7,23,117,29,78,229,64,14,231
327,8,234,104,180,116,239,99,56,89
327,9,116,191,164,13,85,49,170,8
327,10,169,198,125,36,210,130,39,191
327,11,189,233,161,86,108,128,140,74
327,12,93,63,74,26,87,195,15,193
327,13,97,147,29,43,15,10,134,107
327,14,86,20,124,51,3,215,95,32
327,15,162,81,200,168,31,232,62,84
327,16,9,5,196,24,133,204,220,158
327,17,250,172,81,193,76,153,121,61
327,18,204,179,20,30,187,163,121,200
327,19,116,109,19,205,227,6,172,97
327,20,234,110,239,144,180,179,114,116
327,21,191,116,85,164,94,49,29,56
327,22,169,113,198,125,39,208,130,178
327,23,189,42,86,161,95,83,172,62
327,24,93,74,63,26,15,27,48,64
327,25,15,147,134,43,253,10,107,68
327,26,124,3,86,148,51,20,34,21
327,27,107,162,81,200,31,129,87,89
327,28,133,7,5,94,43,196,9,62
327,29,81,250,76,172,87,0,48,2
327,30,179,22,187,163,205,200,121,76
327,31,116,205,109,4,171,128,187,96
327,32,161,119,90,181,192,178,68,215
327,33,93,86,215,183,83,129,238,166
327,34,82,96,86,1,62,207,132,74
327,35,108,84,57,160,27,72,204,42
327,36,222,70,83,192,23,181,120,20
327,37,229,39,182,58,123,88,190,105
327,38,151,64,148,92,255,67,70,143
327,39,186,154,190,38,217,221,189,69
328,0,38,193,53,54,244,44,176,167
328,1,122,117,58,140,105,201,115,213
328,2,121,128,140,186,54,78,104,172
328,3,12,91,35,128,34,250,210,204
328,4,58,213,187,179,96,118,23,6
328,5,239,145,15,42,5,29,51,255
328,6,118,145,230,206,81,181,214,199
328,7,221,109,180,162,110,90,126,157
328,8,244,114,144,113,239,64,218,237
328,9,49,116,203,53,60,88,33,105
328,10,240,166,22,219,211,215,115,231
328,11,41,181,253,88,51,4,42,57
328,12,175,189,83,102,62,213,4,218
328,13,10,162,168,82,118,135,15,142
328,14,3,21,219,212,215,34,217,233
328,15,107,120,219,196,168,56,243,2
328,16,24,142,94,126,62,202,84,66
328,17,2,81,121,145,108,83,194,125
328,18,121,20,147,204,30,44,200,42
328,19,200,242,172,152,186,94,158,178
328,20,144,110,22,114,199,36,122,190
328,21,49,100,85,229,218,252,116,217
328,22,131,71,236,34,86,166,39,229
328,23,83,42,181,40,184,26,97,27
328,24,48,141,204,25,28,200,82,64
328,25,162,15,10,213,196,193,250,68
328,26,212,233,34,24,100,21,68,219
328,27,107,47,89,175,219,53,155,59
328,28,94,7,62,24,176,39,191,142
328,29,81,249,2,53,5,182,83,48
328,30,22,42,179,121,40,200,187,100
328,31,128,171,186,205,129,109,116,130
328,32,161,119,68,223,215,192,98,203
328,33,93,215,86,183,238,223,129,166
328,34,96,186,82,207,62,180,84,86
328,35,108,57,160,84,153,204,227,129
328,36,70,83,23,181,120,157,235,9
328,37,229,182,58,31,190,123,39,105
328,38,151,148,168,92,71,255,64,230
328,39,154,2,38,69,217,189,78,221
329,0,43,112,238,173,193,200,88,89
329,1,140,182,152,70,146,250,181,213
329,2,121,11,219,60,8,72,167,133
329,3,199,106,26,117,230,233,130,226
329,4,45,58,242,205,54,165,118,88
329,5,90,188,44,88,65,152,212,69
329,6,65,14,122,22,182,31,68,183
329,7,117,23,78,229,70,32,2,254
329,8,116,239,180,35,104,173,56,99
329,9,191,85,180,13,170,49,171,197
329,10,88,157,125,27,65,39,196,35
329,11,39,99,181,195,111,108,86,27
329,12,191,138,85,220,151,193,15,62
329,13,103,168,22,10,29,15,112,107
329,14,86,52,21,32,226,10,217,41
329,15,36,46,107,162,31,172,110,87
329,16,96,24,9,94,142,170,62,181
329,17,5,153,2,81,193,108,121,145
329,18,204,170,121,20,197,159,200,22
329,19,109,205,19,171,152,172,167,117
329,20,110,144,239,22,180,161,114,234
329,21,191,85,180,116,49,100,218,69
329,22,157,178,125,88,236,169,234,39
329,23,39,42,111,195,83,189,86,56
329,24,220,93,81,151,138,116,25,15
329,25,250,162,107,134,113,50,103,196
329,26,161,51,86,52,233,231,100,21
329,27,107,162,129,100,46,172,165,31
329,28,43,170,94,7,136,133,5,24
329,29,5,2,250,20,8,87,83,76
329,30,170,226,22,68,179,200,197,187
329,31,109,30,171,116,4,167,205,228
329,32,90,60,223,119,178,181,107,161
329,33,83,16,33,183,86,215,129,93
329,34,116,1,82,186,86,132,96,207
329,35,108,84,160,57,244,214,202,76
329,36,23,70,129,83,157,2,120,239
329,37,104,229,58,105,182,35,147,48
329,38,148,151,92,27,79,71,76,34
329,39,186,78,110,243,69,38,12,242
330,0,167,10,189,94,235,130,5,193
330,1,140,39,77,182,115,217,151,181
330,2,248,21,72,43,167,49,52,246
330,3,117,233,236,26,230,226,199,17
330,4,193,165,58,213,144,205,242,20
330,5,90,188,147,220,230,255,198,239
330,6,65,14,183,182,133,180,118,37
330,7,109,70,110,176,15,162,104,99
330,8,35,239,114,144,244,199,64,125
330,9,49,85,203,60,229,183,100,199
330,10,157,88,240,39,62,13,142,21
330,11,181,42,39,195,253,99,27,111
330,12,62,191,0,220,28,85,138,53
330,13,162,10,22,112,168,103,118,82
330,14,21,212,233,222,3,217,219,34
330,15,107,120,36,92,0,221,90,104
330,16,94,142,24,62,181,26,96,84
330,17,2,81,5,121,145,132,83,60
330,18,121,204,20,159,147,170,197,77
330,19,186,152,112,172,205,94,166,200
330,20,144,110,22,114,213,239,148,36
330,21,100,49,85,218,191,229,136,116
330,22,157,131,236,178,88,62,180,26
330,23,42,83,27,241,39,195,97,111
330,24,48,25,220,204,81,139,116,191
330,25,162,250,50,213,112,221,22,57
330,26,100,212,233,21,222,110,86,150
330,27,107,129,120,162,0,36,172,57
330,28,94,7,43,32,96,98,142,73
330,29,5,2,81,250,83,121,8,48
330,30,22,197,170,205,179,200,187,121
330,31,109,128,171,167,139,205,117,243
330,32,223,215,90,119,96,186,161,134
330,33,215,83,86,16,183,238,190,93
330,34,116,186,1,207,96,84,180,82
330,35,108,160,84,57,202,227,76,153
330,36,23,70,157,83,181,129,120,15
330,37,58,229,182,105,35,97,31,48
330,38,92,148,151,71,79,168,76,230
330,39,2,78,69,38,189,243,242,217
331,0,238,140,58,200,112,88,95,193
331,1,140,70,192,152,181,47,213,182
331,2,72,49,8,11,248,188,60,222
331,3,106,199,117,226,236,110,233,113
331,4,58,165,242,88,129,45,205,118
331,5,44,188,147,88,69,183,230,65
331,6,65,122,22,14,31,75,15,255
331,7,32,14,117,2,147,123,229,23
331,8,239,116,180,173,77,56,115,52
331,9,69,85,180,197,13,98,49,156
331,10,157,125,88,193,196,27,39,65
331,11,39,99,181,195,27,47,106,111
331,12,191,138,151,193,85,15,62,175
331,13,103,168,113,220,176,22,15,29
331,14,32,231,86,52,131,161,222,21
331,15,46,36,110,162,107,100,0,57
331,16,170,96,136,24,9,61,94,32
331,17,153,5,2,166,81,8,20,165
331,18,170,204,159,22,121,161,2,77
331,19,171,109,30,205,19,177,241,167
331,20,110,144,114,239,22,161,185,180
331,21,85,180,69,218,100,156,151,49
331,22,157,178,234,116,63,43,125,236
331,23,39,99,111,195,56,145,27,83
331,24,81,138,116,220,25,191,151,174
331,25,250,113,162,6,178,176,103,220
331,26,231,161,52,86,233,10,131,51
331,27,46,100,107,162,129,54,206,110
331,28,170,94,61,136,43,111,20,106
331,29,5,20,8,83,2,158,121,201
331,30,68,170,226,192,22,85,200,2
331,31,167,228,166,30,171,177,124,241
331,32,60,178,107,223,90,185,192,206
331,33,16,83,74,33,40,166,245,229
331,34,116,82,1,247,34,21,86,137
331,35,108,244,84,22,214,224,160,202
331,36,23,129,70,239,157,83,2,34
331,37,104,58,147,35,105,182,48,97
331,38,148,27,92,79,151,76,34,71
331,39,110,243,78,38,12,69,242,188
332,0,4,151,199,124,102,147,72,71
332,1,124,3,211,251,233,128,205,71
332,2,60,49,188,255,133,248,95,72
332,3,30,197,199,177,112,25,159,58
332,4,165,154,88,250,77,134,200,216
332,5,183,236,251,114,27,115,2,44
332,6,14,157,183,79,22,49,61,161
332,7,32,196,30,79,14,167,158,28
332,8,220,110,178,56,159,52,180,161
332,9,85,156,47,49,98,8,197,100
332,10,157,234,222,63,178,9,122,196
332,11,85,99,111,195,3,47,181,42
332,12,138,191,47,193,15,81,237,220
332,13,155,22,168,113,118,157,28,29
332,14,52,161,231,131,222,53,32,144
332,15,100,110,162,107,233,122,129,206
332,16,96,170,10,24,136,94,181,190
332,17,153,2,145,81,10,83,166,165
332,18,204,22,205,159,68,121,161,200
332,19,171,4,167,19,152,30,241,124
332,20,110,144,180,22,47,159,239,161
332,21,85,156,151,100,252,13,218,49
332,22,157,178,234,9,63,196,3,210
332,23,85,195,99,111,145,66,42,3
332,24,47,191,81,220,15,138,155,180
332,25,113,107,20,178,250,118,22,162
332,26,231,52,161,86,51,197,10,215
332,27,162,100,178,129,107,210,217,88
332,28,170,190,94,136,111,10,7,188
332,29,20,126,158,8,78,124,83,2
332,30,18,226,197,22,68,250,204,192
332,31,30,228,171,183,124,167,63,4
332,32,248,76,19,85,123,107,162,63
332,33,176,16,56,74,6,166,17,95
332,34,249,63,72,191,80,195,1,202
332,35,191,43,136,185,108,176,210,106
332,36,125,21,23,26,228,37,79,83
332,37,126,214,229,244,196,175,145,16
332,38,87,0,120,242,156,5,28,180
332,39,251,66,197,99,129,219,209,235
333,0,209,198,240,93,239,69,247,116
333,1,3,251,71,100,95,195,97,16
333,2,60,150,49,188,142,92,5,58
333,3,30,177,87,199,58,159,25,243
333,4,200,250,154,77,192,165,134,88
333,5,183,115,251,236,188,81,2,218
333,6,79,14,82,157,183,22,49,92
333,7,32,14,79,196,158,35,23,30
333,8,159,180,220,178,110,52,56,116
333,9,85,98,156,47,8,197,49,104
333,10,157,234,222,9,178,122,63,196
333,11,111,3,85,42,195,47,145,99
333,12,138,191,15,81,220,193,39,116
333,13,113,22,168,28,176,157,29,15
333,14,52,231,32,131,51,161,86,222
333,15,162,107,100,110,122,36,233,87
333,16,170,96,24,136,94,181,9,32
333,17,153,2,81,166,5,83,145,8
333,18,121,204,197,22,77,205,68,200
333,19,171,152,109,167,128,112,145,19
333,20,144,110,22,180,159,239,35,114
333,21,85,100,156,218,151,49,229,252
333,22,157,178,9,234,62,88,210,180
333,23,42,195,145,85,66,83,111,116
333,24,220,191,25,81,15,138,116,139
333,25,162,250,50,29,113,107,112,253
333,26,100,212,233,86,222,51,21,44
333,27,162,107,120,172,129,253,165,90
333,28,94,7,32,195,191,73,9,136
333,29,2,83,255,81,8,5,132,21
333,30,197,22,205,250,204,200,142,64
333,31,4,171,167,128,117,109,205,218
333,32,162,215,76,186,134,19,96,161
333,33,56,86,238,215,95,166,139,75
333,34,1,191,72,195,63,240,180,5
333,35,43,108,185,160,191,153,227,210
333,36,23,125,120,98,157,83,142,124
333,37,126,229,58,16,186,175,215,78
333,38,0,92,5,230,255,242,131,76
333,39,197,129,189,179,146,235,78,137
334,0,101,35,197,79,179,242,34,135
334,1,62,97,70,16,47,155,146,20
334,2,109,130,142,173,149,43,38,210
334,3,236,211,26,230,233,129,37,199
334,4,241,200,142,15,102,105,251,131
334,5,236,183,188,44,90,220,69,251
334,6,65,79,14,182,157,22,133,56
334,7,23,79,14,109,196,10,199,2
334,8,35,239,180,56,159,110,83,184
334,9,203,85,13,49,180,98,29,156
334,10,157,88,62,63,196,39,222,178
334,11,42,195,99,236,106,111,47,185
334,12,138,193,220,191,56,81,28,15
334,13,22,162,10,29,112,250,168,50
334,14,21,212,222,233,3,30,34,134
334,15,107,120,36,100,129,90,162,142
334,16,96,94,24,142,62,181,77,191
334,17,2,81,132,145,83,121,5,108
334,18,121,204,20,147,197,170,77,200
334,19,152,186,205,112,94,172,19,254
334,20,144,110,22,213,239,35,114,36
334,21,100,49,85,218,229,180,134,203
334,22,62,131,236,88,178,180,157,169
334,23,42,83,97,241,39,27,195,181
334,24,48,25,220,139,204,116,200,28
334,25,162,250,50,10,213,29,81,112
334,26,21,212,100,233,222,110,134,54
334,27,107,120,129,162,172,0,36,39
334,28,94,7,96,142,32,195,5,62
334,29,2,5,250,81,83,132,48,145
334,30,197,22,205,170,200,121,142,34
334,31,109,128,130,171,172,117,94,205
334,32,215,98,96,186,155,134,247,68
334,33,126,238,86,55,183,215,119,232
334,34,116,180,207,236,96,101,1,144
334,35,153,160,108,227,57,139,56,84
334,36,181,70,157,120,156,23,176,119
334,37,31,58,7,182,82,190,143,115
334,38,230,71,148,92,255,76,189,14
334,39,2,69,189,38,217,213,78,252
335,0,106,127,40,22,110,236,185,66
335,1,128,124,242,73,226,72,19,211
335,2,58,255,188,80,60,43,120,238
335,3,92,177,236,55,30,119,19,150
335,4,122,172,254,139,228,88,150,54
335,5,147,18,114,11,183,161,159,97
335,6,147,65,166,183,230,14,90,180
335,7,109,196,101,126,14,172,242,191
335,8,122,35,110,114,180,7,144,57
335,9,49,217,85,178,156,151,98,124
335,10,142,62,26,196,39,13,208,114
335,11,27,69,247,195,241,236,181,66
335,12,191,0,138,193,155,139,48,28
335,13,22,81,10,162,1,112,250,29
335,14,212,21,222,233,34,134,46,114
335,15,120,107,36,142,0,100,90,129
335,16,142,94,181,24,77,62,119,7
335,17,2,81,188,132,145,121,65,83
335,18,121,158,20,204,159,147,186,200
335,19,186,152,112,34,233,172,254,94
335,20,110,144,122,22,232,7,103,114
335,21,217,49,100,178,218,85,170,93
335,22,62,142,131,26,13,180,245,162
335,23,27,69,241,247,42,83,195,97
335,24,48,106,203,25,191,139,204,110
335,25,162,250,1,50,81,10,213,148
335,26,43,233,222,21,212,100,134,219
335,27,120,107,36,0,96,129,104,39
335,28,142,13,94,62,122,176,211,55
335,29,188,2,65,81,83,48,145,102
335,30,158,142,159,147,121,34,200,22
335,31,186,152,94,34,128,172,117,233
335,32,96,186,42,68,215,122,199,71
335,33,151,119,11,55,58,232,29,215
335,34,12,138,196,180,236,45,144,204
335,35,153,139,227,129,207,16,35,127
335,36,212,166,8,157,208,23,31,16
335,37,218,29,31,115,165,7,77,36
335,38,255,93,230,67,159,31,23,17
335,39,68,9,241,114,185,108,225,47
336,0,83,108,135,79,59,130,88,57
336,1,135,182,143,78,152,35,238,222
336,2,101,8,113,240,251,224,36,108
336,3,106,42,129,29,110,107,250,210
336,4,254,17,92,171,219,172,122,150
336,5,206,29,87,189,51,110,109,207
336,6,147,180,76,255,145,221,37,96
336,7,13,109,126,110,57,191,245,164
336,8,122,144,22,244,114,25,205,64
336,9,49,69,100,183,152,180,192,169
336,10,88,142,228,86,192,69,141,21
336,11,69,39,11,83,168,254,73,5
336,12,28,76,87,16,211,22,48,121
336,13,112,10,1,162,82,22,68,3
336,14,21,212,233,40,219,30,34,134
336,15,107,36,120,196,142,219,150,243
336,16,142,94,77,176,175,66,84,62
336,17,2,81,65,121,188,145,82,83
336,18,121,158,147,202,234,170,30,146
336,19,186,200,112,15,152,172,94,254
336,20,144,22,122,232,114,149,25,110
336,21,69,100,49,218,252,60,192,217
336,22,88,131,142,180,162,62,230,228
336,23,83,39,69,233,188,38,87,97
336,24,25,48,169,28,204,148,245,18
336,25,162,1,112,250,10,213,193,225
336,26,212,233,100,211,21,110,74,134
336,27,107,42,251,36,219,196,129,254
336,28,142,176,139,77,62,204,210,248
336,29,2,81,217,188,145,53,85,48
336,30,147,242,121,158,202,180,42,169
336,31,186,152,200,172,15,94,0,50
336,32,121,60,25,35,124,225,68,228
336,33,78,33,108,76,119,165,197,29
336,34,138,134,118,179,174,176,204,142
336,35,207,91,139,69,53,17,189,130
336,36,72,96,4,212,200,3,64,225
336,37,239,29,230,218,44,199,186,25
336,38,199,89,57,67,100,143,23,60
336,39,96,236,157,108,110,35,216,176
337,0,0,189,78,148,89,248,12,60
337,1,186,135,103,204,130,240,161,60
337,2,32,101,143,124,113,181,240,91
337,3,184,109,107,165,33,85,227,147
337,4,178,134,137,250,224,101,202,233
337,5,36,206,126,246,140,216,33,51
337,6,147,145,205,101,253,141,252,213
337,7,149,18,251,11,59,178,245,226
337,8,108,144,22,114,232,25,125,244
337,9,100,31,218,183,225,182,177,17
337,10,221,131,90,230,192,38,229,86
337,11,184,244,118,83,188,122,117,124
337,12,131,180,25,13,87,18,109,204
337,13,162,240,82,1,68,90,237,213
337,14,85,212,21,233,34,68,114,82
337,15,107,219,97,196,251,92,15,246
337,16,77,142,176,84,251,66,62,141
337,17,184,2,81,225,121,188,145,247
337,18,121,158,30,202,147,36,136,108
337,19,186,15,149,49,200,112,94,254
337,20,144,22,202,213,232,122,114,149
337,21,100,49,121,218,252,192,60,214
337,22,221,226,131,229,230,77,71,228
337,23,118,244,83,164,58,70,123,87
337,24,28,109,25,131,48,148,204,11
337,25,162,1,10,71,148,213,2,240
337,26,212,85,233,100,21,110,34,62
337,27,107,42,196,251,219,175,47,95
337,28,142,18,62,176,177,194,139,191
337,29,184,2,81,145,188,73,53,247
337,30,147,158,121,188,180,42,34,234
337,31,186,172,152,149,15,94,194,200
337,32,121,138,68,48,214,202,51,177
337,33,147,225,78,55,47,165,151,224
337,34,226,175,163,120,204,179,67,134
337,35,94,187,137,9,85,209,129,207
337,36,212,4,172,67,1,75,230,93
337,37,100,43,101,140,230,7,36,246
337,38,23,61,40,206,245,33,237,160
337,39,211,107,134,236,163,185,196,118
338,0,36,130,179,168,213,176,45,94
338,1,139,106,216,64,87,78,219,151
338,2,182,25,175,240,155,69,174,19
338,3,142,107,59,135,205,208,8,42
338,4,241,131,151,198,39,181,135,183
338,5,24,103,206,139,176,231,37,113
338,6,147,255,128,250,44,145,141,27
338,7,217,13,126,99,235,51,234,164
338,8,144,114,202,244,199,25,37,125
338,9,69,100,183,233,192,225,117,49
338,10,228,86,69,195,212,142,77,24
338,11,174,69,243,254,154,41,244,184
338,12,11,28,148,180,109,251,255,89
338,13,1,10,82,162,70,2,68,173
338,14,21,212,34,219,3,233,213,239
338,15,107,219,175,45,59,2,192,168
338,16,142,77,94,62,218,84,79,49
338,17,2,188,81,82,145,167,34,92
338,18,121,158,20,42,30,147,60,200
338,19,186,152,254,49,246,112,178,158
338,20,120,144,22,122,110,213,202,49
338,21,100,69,218,49,192,252,229,214
338,22,24,131,13,142,195,78,48,49
338,23,123,69,58,241,113,154,38,26
338,24,48,203,25,200,204,28,139,110
338,25,162,1,196,10,250,213,242,173
338,26,43,212,21,222,110,233,219,39
338,27,0,107,36,219,203,196,207,59
338,28,13,142,62,169,55,177,204,211
338,29,2,188,53,145,247,10,214,165
338,30,158,188,121,142,147,42,186,34
338,31,186,194,94,152,172,128,112,199
338,32,68,48,102,35,51,214,215,221
338,33,225,55,126,151,224,205,47,67
338,34,175,236,67,120,64,240,163,45
338,35,94,85,227,2,129,35,16,187
338,36,195,212,2,75,208,67,156,172
338,37,7,43,140,77,36,45,20,82
338,38,230,163,255,93,40,100,201,23
338,39,246,1,215,27,122,125,252,182
339,0,18,127,85,49,233,58,227,118
339,1,43,30,66,90,77,3,251,133
339,2,15,101,40,169,22,164,23,212
339,3,171,42,116,55,20,51,203,132
339,4,215,12,228,172,254,58,37,74
339,5,253,11,18,169,254,82,249,100
339,6,147,180,73,136,166,243,182,250
339,7,56,13,196,172,11,242,40,161
339,8,120,114,110,122,144,103,22,204
339,9,49,215,14,85,100,148,98,124
339,10,24,142,218,51,114,1,222,208
339,11,247,114,241,69,236,255,66,210
339,12,11,28,177,89,110,203,139,148
339,13,81,1,10,162,22,211,38,82
339,14,222,212,46,180,21,107,233,57
339,15,0,96,107,120,36,104,57,216
339,16,142,94,223,62,55,218,2,50
339,17,2,81,188,145,121,95,253,83
339,18,121,158,20,186,214,215,30,188
339,19,186,152,112,233,91,254,34,93
339,20,120,144,110,114,22,40,149,49
339,21,100,170,218,215,214,192,240,229
339,22,24,131,142,13,60,26,95,218
339,23,114,241,69,247,58,124,40,38
339,24,203,48,110,200,25,42,82,6
339,25,162,250,1,193,38,70,213,233
339,26,21,212,57,43,166,34,130,219
339,27,107,0,196,36,219,93,44,104
339,28,142,175,13,169,137,177,57,55
339,29,2,247,53,145,188,102,167,125
339,30,158,147,121,34,42,100,20,51
339,31,186,94,152,172,112,128,194,36
339,32,221,68,102,215,51,214,148,35
339,33,168,121,55,151,205,224,248,96
339,34,81,208,204,55,45,236,113,159
339,35,39,129,99,56,227,0,181,219
339,36,49,130,212,15,172,75,63,123
339,37,7,15,77,140,130,200,36,219
339,38,23,255,43,93,230,14,100,32
339,39,114,185,72,27,106,224,90,17
340,0,223,29,50,86,41,65,72,2
340,1,221,126,240,60,29,153,205,144
340,2,212,194,236,182,23,101,113,203
340,3,243,42,242,0,132,2,154,139
340,4,149,134,164,22,77,37,4,75
340,5,82,206,95,111,253,4,164,33
340,6,147,136,23,62,32,152,180,20
340,7,13,11,178,252,75,150,48,116
340,8,144,22,135,114,63,27,232,108
340,9,100,49,218,225,252,138,134,101
340,10,131,32,233,180,1,245,117,26
340,11,241,72,83,37,124,97,33,237
340,12,25,110,28,2,32,171,189,13
340,13,162,1,90,10,82,211,185,21
340,14,21,3,212,143,233,166,130,34
340,15,79,107,97,64,111,221,0,100
340,16,142,62,94,223,77,169,175,76
340,17,2,81,103,121,49,145,108,251
340,18,121,20,66,147,153,209,100,110
340,19,186,49,152,112,94,172,48,254
340,20,144,213,22,232,89,135,110,38
340,21,100,49,214,218,128,60,98,170
340,22,131,233,26,142,13,12,95,175
340,23,241,83,116,248,72,183,97,124
340,24,50,25,48,28,119,110,189,203
340,25,162,10,0,71,149,193,250,1
340,26,3,21,100,212,166,233,222,34
340,27,79,107,39,129,141,44,104,0
340,28,94,102,7,177,175,62,219,181
340,29,2,81,49,247,94,21,83,125
340,30,158,121,147,90,22,42,200,204
340,31,186,128,152,112,94,254,139,85
340,32,148,161,215,140,92,155,144,186
340,33,161,132,119,5,133,250,54,185
340,34,45,109,227,44,177,103,113,238
340,35,74,187,153,86,148,129,160,190
340,36,55,156,115,93,148,69,227,85
340,37,101,16,169,130,36,77,20,66
340,38,255,93,251,169,35,61,96,31
340,39,75,117,235,179,151,73,122,222
341,0,97,166,113,142,205,150,123,210
341,1,199,34,26,62,59,132,187,151
341,2,227,132,242,235,203,59,4,130
341,3,42,211,31,135,46,107,84,37
341,4,17,161,167,251,102,131,19,13
341,5,253,10,14,161,204,104,51,190
341,6,147,167,180,243,136,62,175,93
341,7,40,196,91,13,23,109,242,172
341,8,89,7,114,110,56,212,180,144
341,9,39,49,94,29,85,215,13,98
341,10,142,1,26,62,51,113,13,196
341,11,203,241,236,174,20,255,185,17
341,12,28,110,160,217,32,148,56,11
341,13,10,211,1,81,162,29,22,82
341,14,3,212,222,21,46,233,34,43
341,15,65,107,39,79,0,57,96,221
341,16,94,142,223,62,77,218,24,204
341,17,2,81,132,108,121,145,193,83
341,18,121,90,20,147,186,30,200,42
341,19,186,152,112,145,172,94,128,218
341,20,144,110,213,22,232,89,180,36
341,21,100,39,49,136,218,217,85,214
341,22,62,131,142,113,83,236,13,1
341,23,203,83,42,241,97,236,124,183
341,24,25,48,160,32,217,203,200,28
341,25,162,250,10,81,50,29,193,43
341,26,212,100,222,134,233,21,43,208
341,27,65,107,39,96,36,129,90,120
341,28,94,7,181,195,32,62,55,5
341,29,81,2,132,172,83,145,53,247
341,30,22,121,147,204,34,142,200,205
341,31,186,130,254,128,112,139,152,243
341,32,96,148,186,215,124,113,99,155
341,33,119,190,232,238,215,86,55,184
341,34,88,45,180,144,161,113,204,196
341,35,153,160,108,84,129,11,227,66
341,36,207,166,181,157,156,8,254,120
341,37,31,115,77,7,20,190,175,36
341,38,255,93,71,230,76,196,126,189
341,39,241,9,68,72,69,225,216,108
342,0,83,6,130,59,108,135,88,57
342,1,238,158,152,213,182,78,192,117
342,2,64,198,8,239,134,87,36,108
342,3,106,29,250,129,110,8,210,46
342,4,17,254,171,202,62,23,92,61
342,5,87,29,109,51,160,68,189,89
342,6,166,180,81,28,147,76,221,250
342,7,40,91,13,109,2,110,126,201
342,8,122,37,144,244,73,125,218,64
342,9,49,152,69,180,39,183,56,192
342,10,88,228,104,62,175,141,166,71
342,11,39,203,183,11,123,41,22,149
342,12,190,144,105,28,218,211,197,136
342,13,10,162,82,81,2,68,4,91
342,14,212,21,213,219,238,46,134,3
342,15,107,39,36,246,168,219,196,65
342,16,223,94,142,24,77,62,204,66
342,17,2,81,121,132,145,125,82,65
342,18,121,147,202,199,76,146,30,20
342,19,186,152,172,112,200,166,19,94
342,20,144,213,232,22,36,110,135,252
342,21,100,49,69,218,136,217,214,252
342,22,88,131,228,249,104,127,62,13
342,23,83,39,183,233,22,74,58,254
342,24,105,25,169,48,28,18,8,200
342,25,162,10,15,193,250,132,91,70
342,26,212,110,238,100,134,21,34,217
342,27,107,196,254,36,151,141,251,15
342,28,77,62,94,139,204,142,55,177
342,29,81,2,53,125,52,145,247,63
342,30,147,202,121,42,76,170,34,146
342,31,186,200,0,103,172,15,152,254
342,32,60,124,121,225,25,228,51,23
342,33,78,33,76,108,119,184,55,165
342,34,138,134,118,174,179,113,99,3
342,35,91,215,207,69,209,211,137,0
342,36,96,72,225,200,64,208,143,101
342,37,218,239,230,29,77,127,36,252
342,38,23,143,83,67,100,252,77,199
342,39,96,216,236,134,73,66,144,56
343,0,0,189,78,148,89,60,248,12
343,1,186,204,173,130,135,103,55,213
343,2,32,222,54,198,203,6,113,190
343,3,184,240,13,195,96,165,215,109
343,4,178,137,244,41,202,101,197,63
343,5,36,126,89,122,245,140,33,24
343,6,205,28,81,170,141,45,29,40
343,7,149,18,59,251,15,139,20,11
343,8,216,144,25,108,114,244,202,142
343,9,31,100,183,234,233,11,218,149
343,10,221,131,104,141,90,192,38,195
343,11,184,244,118,164,83,43,102,41
343,12,124,180,105,173,133,94,121,190
343,13,115,240,162,82,233,184,241,2
343,14,85,212,213,217,31,219,68,21
343,15,196,89,168,219,175,157,9,107
343,16,66,251,76,77,23,247,92,131
343,17,2,184,121,125,82,185,145,97
343,18,121,202,199,172,137,30,88,120
343,19,186,15,149,200,49,112,246,94
343,20,144,213,232,22,135,202,252,149
343,21,100,49,121,218,128,60,71,192
343,22,104,221,131,230,127,228,226,167
343,23,118,244,183,83,74,123,22,82
343,24,105,28,48,200,141,232,25,109
343,25,162,115,10,71,193,173,68,225
343,26,212,100,85,21,34,217,110,208
343,27,107,196,151,175,251,66,59,15
343,28,62,77,142,139,251,169,176,181
343,29,184,2,81,53,125,247,145,52
343,30,121,202,147,42,96,76,182,146
343,31,149,200,186,103,0,152,112,165
343,32,138,121,228,23,225,35,214,51
343,33,147,78,76,55,165,184,119,4
343,34,226,174,118,134,3,179,138,99
343,35,91,139,207,252,5,84,211,95
343,36,72,96,4,168,238,1,63,230
343,37,230,198,29,181,62,101,132,66
343,38,199,89,57,216,23,50,134,175
343,39,211,157,236,108,31,134,176,8
344,0,119,125,9,227,36,118,186,213
344,1,207,160,12,196,235,138,247,102
344,2,155,25,37,182,161,175,195,50
344,3,102,83,143,5,71,203,200,140
344,4,247,16,56,146,134,187,196,182
344,5,206,4,109,51,122,29,166,15
344,6,182,180,37,170,141,28,40,88
344,7,11,178,113,13,75,65,6,110
344,8,122,144,22,213,114,64,232,148
344,9,49,109,100,183,245,229,233,169
344,10,88,104,188,49,69,86,33,13
344,11,188,179,41,183,83,11,74,19
344,12,11,190,28,144,180,18,41,124
344,13,10,112,179,162,91,82,75,22
344,14,212,219,21,40,30,55,34,217
344,15,36,107,89,90,196,219,246,168
344,16,62,176,24,142,94,77,66,49
344,17,2,81,121,94,145,65,251,232
344,18,121,202,148,51,96,147,199,76
344,19,200,186,112,172,15,93,55,125
344,20,144,22,232,122,213,135,100,114
344,21,109,100,49,228,218,8,246,180
344,22,88,131,230,104,49,199,90,241
344,23,83,179,39,126,26,74,251,19
344,24,169,25,48,141,28,195,189,105
344,25,162,112,189,193,149,250,70,179
344,26,212,21,219,100,34,248,208,150
344,27,141,107,251,90,196,151,138,139
344,28,77,142,62,139,176,144,177,169
344,29,2,81,52,217,179,53,125,247
344,30,202,147,96,242,121,172,42,146
344,31,200,94,0,103,19,165,50,186
344,32,225,149,23,228,68,25,64,66
344,33,76,78,165,108,30,55,184,195
344,34,138,174,179,118,134,3,204,99
344,35,91,84,211,139,207,252,53,181
344,36,96,168,72,238,64,200,171,63
344,37,230,29,198,239,44,205,25,170
344,38,199,108,89,159,143,67,57,23
344,39,21,108,76,236,7,137,230,151
345,0,255,246,34,168,216,181,149,245
345,1,148,36,136,99,105,207,137,159
345,2,155,231,211,138,28,99,233,144
345,3,49,253,244,86,252,85,145,114
345,4,184,227,150,23,120,66,87,174
345,5,243,4,160,122,207,109,162,106
345,6,214,98,40,124,118,199,160,207
345,7,13,194,245,155,110,11,143,142
345,8,144,22,114,244,64,25,148,91
345,9,100,135,127,63,183,232,53,49
345,10,29,145,43,23,96,14,78,240
345,11,42,41,187,11,181,83,76,173
345,12,105,25,139,255,2,28,239,58
345,13,162,10,82,250,231,4,218,193
345,14,212,3,233,21,134,222,30,223
345,15,107,90,100,92,111,175,246,219
345,16,94,24,142,84,77,223,62,126
345,17,2,81,121,145,97,83,116,103
345,18,121,202,147,30,199,77,136,96
345,19,172,186,152,112,158,103,246,19
345,20,144,110,22,213,232,114,135,199
345,21,49,100,85,218,136,223,60,214
345,22,131,175,48,71,105,33,207,104
345,23,83,80,173,184,233,183,41,4
345,24,48,8,25,105,98,28,224,204
345,25,162,10,70,225,193,15,90,2
345,26,212,3,100,34,110,217,21,254
345,27,107,196,254,89,137,210,70,168
345,28,177,58,55,39,18,62,220,66
345,29,53,2,81,235,125,153,18,92
345,30,193,42,180,199,253,2,3,120
345,31,186,154,166,94,118,160,215,200
345,32,127,228,66,23,225,187,63,51
345,33,152,165,228,30,197,44,170,2
345,34,174,138,32,179,118,3,134,129
345,35,211,95,91,181,139,38,115,53
345,36,168,96,72,231,238,63,16,101
345,37,239,230,29,198,25,170,205,200
345,38,159,144,143,37,191,23,220,16
345,39,42,76,200,227,10,185,101,90
346,0,42,252,152,55,100,73,12,183
346,1,240,84,186,228,145,180,208,42
346,2,211,182,57,155,236,113,77,203
346,3,66,44,13,215,120,234,203,81
346,4,84,146,22,178,137,223,202,52
346,5,4,206,33,168,139,207,116,75
346,6,40,101,67,131,117,198,23,250
346,7,11,150,75,15,110,130,95,67
346,8,135,144,22,114,64,244,25,232
346,9,160,100,252,192,218,60,89,43
346,10,131,89,98,32,175,35,230,104
346,11,199,83,33,179,77,124,48,105
346,12,75,2,25,37,13,139,40,41
346,13,162,90,94,240,223,82,56,192
346,14,212,21,143,62,219,217,30,233
346,15,107,196,64,221,246,51,42,92
346,16,68,62,76,251,223,142,58,77
346,17,2,52,145,179,121,125,14,84
346,18,79,121,120,96,199,202,51,156
346,19,186,0,112,200,103,169,49,94
346,20,144,135,22,114,149,232,100,252
346,21,160,109,100,218,8,49,58,141
346,22,230,89,10,175,131,121,191,60
346,23,77,179,132,126,48,5,33,82
346,24,243,169,48,195,75,189,42,141
346,25,162,189,179,193,3,225,132,223
346,26,217,212,254,219,21,211,110,4
346,27,45,141,42,70,151,251,196,107
346,28,144,77,18,68,251,175,177,191
346,29,2,52,179,217,247,81,53,125
346,30,120,202,96,147,242,146,234,199
346,31,200,94,50,19,0,165,103,172
346,32,68,225,23,129,228,25,138,128
346,33,78,76,72,30,165,152,50,55
346,34,138,241,3,134,179,118,174,211
346,35,207,91,211,139,84,252,181,53
346,36,96,185,72,238,4,200,35,231
346,37,230,205,29,44,219,151,109,81
346,38,7,199,57,89,175,20,67,164
346,39,236,96,74,157,108,114,101,185
347,0,154,1,219,0,248,217,8,148
347,1,116,15,31,6,41,205,196,220
347,2,48,96,137,143,32,182,18,160
347,3,109,71,93,72,213,22,104,144
347,4,134,56,22,26,10,77,233,57
347,5,9,36,246,126,243,216,140,95
347,6,234,233,229,23,66,132,240,130
347,7,75,11,53,18,178,252,126,48
347,8,22,135,144,108,27,232,114,244
347,9,100,49,31,225,218,252,229,169
347,10,131,221,89,230,175,74,32,13
347,11,83,118,244,77,124,123,167,230
347,12,75,25,48,109,139,131,18,239
347,13,162,223,90,10,118,214,56,169
347,14,212,3,21,233,219,30,0,55
347,15,196,107,70,64,246,90,175,188
347,16,77,176,68,251,94,142,76,49
347,17,2,184,121,125,81,145,179,251
347,18,121,51,96,202,120,18,42,100
347,19,15,200,49,112,186,172,81,0
347,20,144,135,22,213,232,100,106,114
347,21,121,100,49,8,77,60,128,252
347,22,221,230,89,131,90,199,77,201
347,23,118,244,77,83,245,123,246,48
347,24,109,28,48,75,25,175,195,189
347,25,162,223,90,56,10,71,70,67
347,26,212,85,219,3,21,74,208,217
347,27,251,90,141,45,15,136,107,191
347,28,251,68,139,77,176,142,191,177
347,29,184,2,217,179,107,81,52,94
347,30,96,202,147,242,42,120,76,74
347,31,200,49,103,149,165,112,0,94
347,32,138,5,161,228,23,191,202,68
347,33,147,78,76,240,165,30,155,90
347,34,179,226,159,3,174,134,118,120
347,35,91,207,139,252,86,209,240,211
347,36,185,96,72,238,73,231,143,208
347,37,205,198,230,181,29,100,25,173
347,38,199,57,193,8,67,42,17,89
347,39,108,21,236,157,57,31,112,106
348,0,230,103,137,213,133,243,52,201
348,1,210,196,12,220,237,207,65,2
348,2,48,50,30,18,206,44,195,180
348,3,139,71,104,47,192,83,27,151
348,4,22,56,84,126,10,134,26,111
348,5,9,95,80,243,119,189,206,4
348,6,234,188,229,233,121,20,98,31
348,7,75,11,53,83,178,126,113,198
348,8,122,135,22,144,64,40,244,79
348,9,109,100,49,132,218,127,89,56
348,10,131,89,141,230,241,13,28,74
348,11,83,167,19,23,77,124,123,230
348,12,48,75,37,87,189,247,255,109
348,13,162,179,65,90,223,10,104,82
348,14,212,21,3,143,62,55,0,154
348,15,64,191,196,70,42,175,178,23
348,16,68,169,76,65,49,251,66,37
348,17,2,125,84,179,52,51,145,215
348,18,51,120,121,96,202,253,193,44
348,19,200,186,112,172,0,49,81,63
348,20,144,135,122,100,232,22,213,252
348,21,109,8,100,132,218,49,160,241
348,22,74,131,89,199,230,95,241,212
348,23,19,77,167,179,244,33,16,26
348,24,247,153,175,75,109,248,46,131
348,25,162,70,223,90,161,193,75,225
348,26,3,119,219,254,212,150,143,140
348,27,141,136,196,174,191,22,45,128
348,28,18,114,175,246,62,79,204,40
348,29,94,247,81,107,2,125,45,145
348,30,193,76,0,120,19,147,42,213
348,31,36,49,200,81,94,227,186,152
348,32,161,13,138,149,101,68,135,142
348,33,240,90,52,165,78,53,72,209
348,34,159,32,179,91,120,163,103,183
348,35,86,119,97,74,9,240,210,46
348,36,73,168,143,231,145,115,240,65
348,37,198,230,100,36,152,77,165,6
348,38,23,159,233,16,70,65,245,42
348,39,42,106,76,91,132,113,80,167
349,0,205,252,194,25,42,198,5,180
349,1,180,134,53,135,31,154,77,241
349,2,48,30,44,197,16,66,206,180
349,3,139,86,239,179,45,192,28,227
349,4,84,22,56,134,190,234,135,10
349,5,80,206,13,4,243,95,189,82
349,6,234,188,233,229,20,98,32,66
349,7,11,75,13,53,178,83,193,150
349,8,135,144,22,244,114,40,64,25
349,9,100,218,252,43,49,31,147,221
349,10,131,89,32,74,98,35,244,70
349,11,72,83,77,33,199,26,102,123
349,12,25,189,184,247,75,139,109,48
349,13,162,90,10,223,94,82,65,240
349,14,3,212,21,143,233,92,100,30
349,15,107,64,70,97,246,175,151,111
349,16,77,94,76,142,251,223,62,175
349,17,2,81,125,14,121,145,84,51
349,18,120,51,121,79,202,193,96,44
349,19,172,186,49,112,242,6,200,81
349,20,144,213,89,135,232,56,149,40
349,21,49,100,128,160,8,60,58,218
349,22,131,113,98,89,74,199,95,244
349,23,83,123,77,72,174,199,246,244
349,24,247,28,229,243,175,248,48,8
349,25,10,71,162,90,70,193,91,173
349,26,3,100,212,254,34,208,119,219
349,27,107,15,246,174,44,210,128,151
349,28,62,7,94,204,18,79,32,177
349,29,94,81,2,108,107,61,247,88
349,30,76,0,19,147,79,200,206,88
349,31,49,36,139,200,152,19,191,172
349,32,161,3,140,138,68,215,83,128
349,33,132,90,119,72,247,55,47,78
349,34,159,241,103,204,183,197,120,62
349,35,86,74,187,129,148,108,210,190
349,36,73,115,93,156,39,72,4,96
349,37,101,100,230,77,169,123,20,88
349,38,199,61,57,143,75,7,196,72
349,39,108,236,163,157,31,211,74,139
350,0,130,179,154,219,145,168,150,34
350,1,139,106,216,64,151,59,78,194
350,2,227,180,17,205,19,206,54,174
350,3,59,142,97,205,208,52,160,238
350,4,241,131,151,230,10,190,191,19
350,5,206,51,107,189,176,139,103,212
350,6,180,121,83,250,37,234,62,207
350,7,110,75,251,99,217,177,11,68
350,8,89,144,22,64,114,168,100,125
350,9,69,77,49,228,100,127,192,78
350,10,113,69,131,141,13,104,70,192
350,11,243,123,174,83,172,72,254,251
350,12,28,255,119,190,87,245,251,180
350,13,97,10,162,4,169,82,75,1
350,14,3,212,30,233,219,21,34,100
350,15,196,107,219,89,237,175,131,16
350,16,94,24,142,77,62,49,79,225
350,17,2,94,81,97,51,121,39,172
350,18,121,90,204,199,193,148,156,42
350,19,172,186,119,152,130,254,227,145
350,20,89,144,213,110,232,88,199,22
350,21,69,49,85,100,23,31,0,56
350,22,113,83,131,252,142,48,178,104
350,23,83,174,123,20,203,233,116,251
350,24,81,160,247,94,15,229,128,28
350,25,10,50,81,22,189,91,161,70
350,26,203,3,208,222,234,100,110,219
350,27,23,107,39,44,254,156,210,9
350,28,7,94,32,196,219,181,55,193
350,29,94,81,2,61,83,173,132,88
350,30,22,76,0,162,148,19,200,88
350,31,36,128,152,49,139,38,241,166
350,32,161,140,215,155,3,68,126,254
350,33,126,132,119,90,143,72,166,55
350,34,159,44,91,103,238,120,183,62
350,35,86,187,74,148,190,108,129,210
350,36,73,2,156,115,227,39,157,93
350,37,101,78,27,77,7,20,36,169
350,38,251,255,119,93,215,230,72,75
350,39,158,122,129,117,139,165,163,197
351,0,117,171,185,226,96,187,58,198
351,1,13,66,81,43,169,4,183,158
351,2,22,107,180,205,50,18,59,152
351,3,221,76,189,90,19,195,170,147
351,4,228,139,8,55,105,10,119,65
351,5,95,114,29,61,103,237,245,212
351,6,180,90,114,3,121,16,198,0
351,7,19,44,11,251,2,108,181,217
351,8,122,112,144,22,125,103,203,100
351,9,178,206,49,19,83,127,68,149
351,10,113,163,104,86,253,50,13,192
351,11,142,88,18,123,174,74,127,192
351,12,67,144,28,251,190,164,41,106
351,13,200,10,185,149,75,91,117,68
351,14,38,217,3,219,21,212,191,8
351,15,196,99,36,241,16,107,103,254
351,16,96,176,149,131,223,142,62,18
351,17,65,53,2,155,94,81,218,51
351,18,6,75,148,121,162,85,2,193
351,19,233,186,200,112,94,254,55,81
351,20,144,122,112,22,17,218,100,106
351,21,206,100,178,8,218,214,60,234
351,22,163,253,199,104,166,229,192,131
351,23,142,18,88,97,83,20,130,26
351,24,67,251,25,48,195,105,175,200
351,25,138,162,250,200,193,70,50,75
351,26,212,21,38,62,34,219,233,217
351,27,141,99,107,196,175,251,36,90
351,28,176,142,139,169,15,18,62,246
351,29,2,53,155,247,81,85,65,83
351,30,75,242,147,6,200,121,100,51
351,31,152,94,36,128,147,172,81,19
351,32,210,68,17,128,122,64,71,155
351,33,23,214,105,94,119,72,55,57
351,34,12,54,58,236,144,204,19,187
351,35,56,129,227,180,7,207,28,243
351,36,253,157,8,0,73,176,200,35
351,37,7,164,82,219,173,44,195,140
351,38,136,230,255,14,22,93,47,76
351,39,23,114,16,68,146,167,222,216
352,0,212,4,218,136,250,65,110,33
352,1,217,190,166,165,154,28,82,98
352,2,22,251,5,141,180,104,101,224
352,3,177,30,19,14,92,166,42,95
352,4,133,139,228,196,134,183,77,57
352,5,31,213,172,95,29,18,82,63
352,6,180,114,240,16,147,243,129,207
352,7,61,169,11,44,206,240,19,57
352,8,157,122,22,144,114,213,100,203
352,9,100,101,49,97,68,233,117,225
352,10,86,12,175,220,95,180,104,253
352,11,64,142,82,173,124,75,127,123
352,12,28,251,144,48,18,105,67,148
352,13,42,149,185,121,100,177,75,10
352,14,57,38,154,254,219,223,212,0
352,15,196,116,16,69,141,124,175,136
352,16,176,160,18,142,169,223,66,84
352,17,2,53,65,93,51,121,125,32
352,18,75,72,121,30,156,217,100,42
352,19,233,94,186,112,200,24,125,128
352,20,144,122,157,17,22,106,114,213
352,21,100,8,232,214,128,218,60,228
352,22,12,192,166,199,206,32,131,189
352,23,173,246,181,64,73,142,40,132
352,24,251,48,25,195,105,189,167,8
352,25,162,138,227,42,49,193,44,70
352,26,212,211,21,223,57,34,254,62
352,27,141,251,107,175,136,47,187,196
352,28,176,142,18,139,169,15,126,160
352,29,2,247,53,81,217,85,185,65
352,30,75,242,72,147,100,200,121,172
352,31,94,147,152,19,128,172,36,81
352,32,68,210,116,197,122,64,128,71
352,33,119,182,59,206,18,63,55,72
352,34,152,236,204,205,144,11,213,211
352,35,56,129,227,171,139,207,28,243
352,36,251,157,73,200,35,176,156,23
352,37,7,176,219,165,82,77,36,44
352,38,255,230,14,124,106,93,100,32
352,39,114,27,185,167,47,222,224,115
353,0,70,134,151,139,152,237,223,28
353,1,101,22,202,157,121,190,85,254
353,2,141,201,3,251,137,101,182,247
353,3,15,42,243,132,167,151,148,112
353,4,134,77,44,175,253,22,196,132
353,5,95,164,172,29,82,237,4,63
353,6,180,152,98,240,20,243,186,66
353,7,13,11,57,252,6,15,75,169
353,8,22,144,246,226,114,119,63,40
353,9,100,101,49,134,225,183,97,8
353,10,131,86,12,180,95,148,59,32
353,11,83,97,124,183,88,41,231,246
353,12,28,25,48,214,189,18,41,144
353,13,185,42,162,70,118,49,90,149
353,14,21,212,223,249,219,149,56,57
353,15,141,196,183,175,254,132,70,107
353,16,160,18,176,177,142,169,49,223
353,17,2,53,125,99,32,247,121,130
353,18,75,156,42,2,72,30,100,44
353,19,94,144,24,186,246,1,200,214
353,20,144,17,127,22,11,114,122,81
353,21,100,121,232,8,72,210,252,218
353,22,199,145,12,148,131,182,175,48
353,23,88,233,148,40,82,132,152,78
353,24,77,175,109,195,251,8,105,76
353,25,162,42,49,119,227,176,26,117
353,26,209,211,62,212,21,154,166,254
353,27,141,70,251,196,254,47,132,27
353,28,176,177,142,247,139,200,160,66
353,29,2,247,125,185,217,81,18,53
353,30,242,75,147,72,151,100,2,200
353,31,144,207,152,36,85,242,160,147
353,32,68,210,8,64,85,214,128,184
353,33,102,119,30,223,59,133,77,61
353,34,159,204,99,179,48,138,118,215
353,35,187,114,117,155,191,199,64,207
353,36,73,143,63,208,69,44,18,112
353,37,36,202,165,173,130,152,98,77
353,38,93,23,255,241,17,131,159,72
353,39,114,185,108,99,48,47,106,225
354,0,83,135,79,130,108,59,88,61
354,1,133,182,101,78,143,235,10,146
354,2,31,8,141,36,210,90,149,89
354,3,106,131,226,29,250,129,210,46
354,4,89,202,247,165,150,171,159,135
354,5,29,243,87,172,231,82,220,111
354,6,255,214,12,98,180,191,76,237
354,7,13,195,110,236,159,136,142,104
354,8,144,244,100,22,53,37,251,166
354,9,135,63,71,127,12,122,232,194
354,10,78,144,43,14,23,136,123,160
354,11,181,42,24,80,45,34,152,58
354,12,126,105,76,28,78,251,247,189
354,13,10,162,2,250,231,82,4,71
354,14,3,212,233,21,134,222,30,166
354,15,107,15,246,72,90,175,120,251
354,16,94,77,142,223,74,24,50,62
354,17,81,2,246,121,125,83,82,175
354,18,121,147,202,199,186,42,20,200
354,19,152,158,112,186,172,19,254,103
354,20,144,213,22,110,199,36,232,211
354,21,49,100,79,218,80,233,60,85
354,22,131,199,105,115,168,41,123,145
354,23,83,183,80,233,87,168,173,184
354,24,105,25,28,164,229,8,173,2
354,25,10,15,162,2,132,90,70,188
354,26,212,110,56,3,34,100,91,197
354,27,107,168,15,254,175,196,34,151
354,28,220,7,177,210,182,18,62,158
354,29,125,81,53,235,150,175,246,121
354,30,172,44,42,75,180,2,230,127
354,31,154,207,36,160,214,220,246,118
354,32,161,127,60,210,142,121,184,13
354,33,33,108,229,0,44,2,77,109
354,34,159,138,234,99,31,142,184,179
354,35,199,91,189,124,119,221,17,231
354,36,73,249,63,143,225,18,3,208
354,37,239,230,218,173,36,127,179,77
354,38,23,70,143,159,67,16,239,218
354,39,96,106,114,185,66,22,107,218
355,0,0,148,184,189,12,217,78,37
355,1,220,237,135,133,101,173,52,161
355,2,32,143,31,141,247,124,91,131
355,3,109,184,131,93,22,242,33,85
355,4,56,202,26,233,196,188,146,134
355,5,36,246,111,140,95,243,216,108
355,6,240,131,20,141,213,255,223,23
355,7,149,18,11,53,126,57,251,226
355,8,22,108,144,64,36,114,205,142
355,9,100,31,183,8,49,177,233,182
355,10,86,221,131,38,12,42,210,241
355,11,184,244,118,83,123,77,41,117
355,12,109,25,28,204,180,131,18,121
355,13,162,90,2,240,10,223,82,115
355,14,212,3,85,56,68,219,34,233
355,15,196,228,175,107,64,90,136,225
355,16,176,251,77,223,142,62,76,204
355,17,184,2,247,125,51,121,53,94
355,18,121,96,51,44,217,30,60,42
355,19,15,49,186,112,149,94,24,138
355,20,17,144,135,22,11,127,202,114
355,21,121,49,60,232,100,8,158,77
355,22,221,131,166,13,199,210,195,12
355,23,123,244,118,246,173,77,201,83
355,24,109,28,195,8,148,25,175,229
355,25,10,90,162,193,70,161,26,97
355,26,3,211,215,212,100,123,85,200
355,27,107,141,15,39,196,246,210,219
355,28,7,94,196,62,193,204,32,18
355,29,81,94,2,61,184,108,21,247
355,30,76,0,22,200,42,204,19,206
355,31,139,36,49,227,19,152,150,129
355,32,161,125,215,3,138,68,128,202
355,33,147,132,90,119,55,72,215,115
355,34,226,20,204,159,62,183,209,44
355,35,86,74,160,129,187,21,108,111
355,36,115,93,73,19,156,39,4,143
355,37,101,100,169,123,127,215,61,181
355,38,61,199,57,143,196,36,67,72
355,39,163,236,108,107,211,139,106,157
356,0,196,123,105,229,104,249,216,101
356,1,225,231,27,150,216,11,151,200
356,2,103,227,4,17,30,162,163,206
356,3,152,133,187,235,31,231,84,139
356,4,13,142,236,108,222,167,241,102
356,5,104,193,186,161,6,253,204,103
356,6,180,167,153,147,215,250,83,121
356,7,29,23,196,110,13,57,216,240
356,8,89,234,180,105,56,114,144,219
356,9,94,29,49,228,215,164,85,60
356,10,113,130,169,69,13,248,175,104
356,11,189,241,5,185,203,161,88,251
356,12,28,63,26,164,255,15,195,87
356,13,97,10,43,4,29,162,81,82
356,14,3,212,20,30,233,21,222,34
356,15,81,107,196,175,90,162,55,129
356,16,94,142,24,196,223,5,77,62
356,17,2,81,172,108,193,61,121,250
356,18,204,121,147,186,187,20,90,57
356,19,172,130,152,205,112,19,145,6
356,20,144,89,213,110,234,180,232,22
356,21,49,29,100,85,94,31,56,80
356,22,113,83,169,131,39,130,142,48
356,23,83,42,189,123,203,173,161,185
356,24,63,229,26,160,15,25,175,195
356,25,43,10,147,162,15,50,107,193
356,26,100,212,124,3,20,208,222,34
356,27,162,107,81,200,129,15,39,23
356,28,7,94,5,32,133,62,177,195
356,29,81,2,250,108,172,76,83,132
356,30,22,76,187,179,204,205,88,42
356,31,130,128,109,191,139,129,19,171
356,32,98,215,161,99,155,124,186,96
356,33,126,215,86,238,119,183,73,55
356,34,84,207,62,96,180,86,204,137
356,35,160,153,108,57,227,111,129,127
356,36,70,181,120,166,157,176,143,156
356,37,182,31,77,115,58,190,7,20
356,38,71,151,255,92,148,230,93,95
356,39,2,69,217,189,38,216,167,106
357,0,106,212,66,46,22,32,218,110
357,1,128,124,73,211,189,242,112,86
357,2,121,255,10,219,60,217,80,134
357,3,177,214,30,92,19,55,76,42
357,4,118,122,242,254,74,172,138,54
357,5,100,14,10,67,254,161,147,253
357,6,183,180,166,147,90,2,198,250
357,7,40,44,101,109,108,196,2,91
357,8,89,180,103,175,110,57,122,56
357,9,217,49,156,85,240,13,98,93
357,10,62,161,142,46,236,114,155,39
357,11,195,203,49,27,181,95,109,93
357,12,144,138,191,28,190,164,252,53
357,13,10,2,15,81,227,29,86,68
357,14,3,46,30,212,55,21,219,56
357,15,107,39,168,36,196,175,219,243
357,16,223,24,94,181,7,62,18,50
357,17,81,2,108,121,132,193,125,107
357,18,204,121,147,76,202,90,39,42
357,19,172,19,225,186,152,200,112,246
357,20,144,213,232,22,110,36,103,217
357,21,49,100,217,85,240,141,80,56
357,22,88,62,13,131,127,199,121,80
357,23,83,203,183,233,42,173,195,123
357,24,169,105,48,229,188,53,199,141
357,25,15,10,162,193,70,2,20,91
357,26,34,100,208,110,62,212,25,91
357,27,107,15,36,196,246,254,219,141
357,28,62,7,77,94,204,210,242,139
357,29,81,108,2,213,247,175,92,121
357,30,76,204,147,42,159,78,9,206
357,31,225,172,19,191,200,207,139,0
357,32,124,96,116,111,217,215,51,228
357,33,182,119,232,223,55,64,115,222
357,34,9,204,205,174,118,151,106,113
357,35,207,111,95,153,234,34,137,127
357,36,166,69,143,171,72,64,18,63
357,37,115,218,61,77,130,36,165,152
357,38,93,255,31,248,17,143,191,140
357,39,225,162,235,47,108,86,48,166
358,0,83,59,108,79,135,130,88,57
358,1,238,143,158,152,213,78,182,38
358,2,64,239,108,127,8,36,229,117
358,3,106,214,250,29,194,210,129,46
358,4,254,17,171,187,202,159,23,182
358,5,87,29,207,68,160,109,106,51
358,6,180,98,28,191,118,76,81,160
358,7,57,206,110,13,99,113,156,210
358,8,122,37,25,144,119,251,199,6
358,9,49,152,69,183,53,219,153,60
358,10,88,69,192,22,219,21,104,195
358,11,41,39,5,179,123,253,87,102
358,12,175,211,76,144,224,218,190,105
358,13,10,2,227,3,68,162,82,4
358,14,212,30,217,81,3,149,56,219
358,15,168,107,36,56,196,175,254,48
358,16,223,18,50,134,204,77,66,220
358,17,2,81,107,121,108,125,82,65
358,18,121,199,202,147,76,42,36,37
358,19,200,172,186,103,19,56,69,154
358,20,213,144,232,175,106,197,223,173
358,21,69,49,100,152,232,218,220,80
358,22,88,127,145,131,230,13,210,199
358,23,83,39,233,183,168,243,87,240
358,24,169,105,188,245,8,87,53,36
358,25,233,3,226,227,10,173,112,225
358,26,110,244,185,186,91,55,4,56
358,27,196,141,254,183,219,168,56,175
358,28,77,76,210,158,204,144,140,18
358,29,81,59,53,226,52,121,108,82
358,30,172,202,76,42,193,120,3,2
358,31,200,186,0,172,19,103,40,175
358,32,60,124,225,228,51,111,52,23
358,33,33,108,78,76,223,195,196,159
358,34,174,142,32,134,40,106,151,138
358,35,91,215,95,34,234,117,209,199
358,36,208,69,230,101,225,219,123,64
358,37,230,239,218,243,73,77,179,51
358,38,252,144,159,17,248,239,49,11
358,39,162,96,134,144,216,22,90,86
359,0,0,189,78,148,89,19,12,137
359,1,186,103,204,130,135,170,55,213
359,2,32,124,239,6,91,64,247,54
359,3,184,109,81,240,121,227,209,215
359,4,137,196,202,197,178,41,224,238
359,5,36,126,33,140,122,245,192,216
359,6,205,28,193,170,252,45,141,223
359,7,149,18,59,251,139,183,25,137
359,8,144,142,202,22,108,216,244,114
359,9,31,100,183,230,149,234,177,233
359,10,221,131,69,192,195,38,141,33
359,11,184,244,118,83,102,166,43,41
359,12,180,124,212,94,189,133,37,136
359,13,115,240,162,82,2,241,227,10
359,14,85,213,212,190,68,219,217,199
359,15,196,168,45,219,20,216,9,42
359,16,23,76,66,247,18,251,216,92
359,17,184,2,121,82,125,53,77,95
359,18,121,120,193,172,202,199,30,137
359,19,186,15,149,200,234,154,32,69
359,20,213,144,223,232,127,25,119,202
359,21,121,49,100,71,60,218,128,183
359,22,221,127,183,131,230,22,203,71
359,23,244,118,183,83,123,87,243,82
359,24,53,245,8,105,200,182,121,195
359,25,227,10,115,225,70,173,161,132
359,26,85,119,55,110,217,244,4,34
359,27,141,196,56,219,168,254,128,151
359,28,18,77,177,247,76,118,246,210
359,29,184,226,53,81,247,59,45,121
359,30,120,2,202,76,193,166,42,30
359,31,15,81,48,186,242,253,172,69
359,32,138,121,51,217,66,209,184,202
359,33,147,76,78,196,67,115,184,159
359,34,32,226,137,228,8,40,209,31
359,35,119,34,65,234,91,97,59,9
359,36,230,63,89,143,182,240,127,208
359,37,198,230,165,62,54,56,254,178
359,38,193,23,17,140,11,159,42,78
359,39,107,21,134,106,193,73,90,22
360,0,230,36,45,94,134,149,213,244
360,1,186,25,74,252,228,54,83,212
360,2,195,182,168,138,155,161,240,250
360,3,49,193,8,254,71,241,28,64
360,4,46,238,162,28,197,134,124,100
360,5,154,124,122,192,173,60,179,72
360,6,205,67,193,220,160,99,37,117
360,7,53,6,11,129,183,217,72,175
360,8,22,144,232,134,244,251,47,101
360,9,100,183,49,89,192,233,162,35
360,10,131,149,93,104,129,109,195,69
360,11,83,179,167,184,183,41,205,252
360,12,75,92,180,98,105,40,254,47
360,13,240,10,2,3,189,233,68,241
360,14,3,85,223,91,56,81,21,104
360,15,178,15,246,196,168,107,130,219
360,16,76,77,251,50,223,23,225,92
360,17,2,81,121,112,184,82,92,42
360,18,121,147,51,202,60,30,88,42
360,19,49,186,149,200,103,254,148,236
360,20,144,213,47,78,127,158,217,10
360,21,49,71,100,112,33,136,37,135
360,22,104,131,11,199,221,93,78,241
360,23,183,244,152,83,58,233,243,123
360,24,105,53,188,91,124,200,141,121
360,25,10,121,70,233,2,132,68,189
360,26,110,3,85,70,55,119,79,34
360,27,42,196,178,66,175,219,15,246
360,28,76,18,77,210,204,254,118,158
360,29,184,59,226,81,2,45,247,175
360,30,76,23,202,42,193,147,201,96
360,31,19,200,103,0,186,160,227,172
360,32,228,138,225,23,121,51,24,66
360,33,76,197,78,177,187,241,195,67
360,34,32,214,31,151,36,174,163,228
360,35,119,97,43,233,9,215,34,101
360,36,208,168,230,204,101,63,122,186
360,37,170,24,165,230,173,36,152,198
360,38,37,23,245,75,159,65,228,21
360,39,42,166,155,106,162,216,254,93
361,0,19,116,21,5,239,198,240,131
361,1,228,241,82,186,209,179,63,134
361,2,182,77,199,195,161,240,98,174
361,3,185,57,96,181,139,52,245,193
361,4,22,137,238,134,68,100,56,111
361,5,206,173,126,60,154,80,192,196
361,6,40,229,233,234,213,67,23,117
361,7,252,6,53,245,75,11,178,15
361,8,144,22,232,63,40,13,244,150
361,9,160,100,89,183,218,49,35,233
361,10,131,89,149,162,141,104,93,33
361,11,83,124,179,127,244,77,199,72
361,12,40,92,75,239,126,189,25,248
361,13,162,240,90,10,223,3,189,136
361,14,21,3,212,30,143,134,100,233
361,15,107,246,64,15,92,42,175,196
361,16,223,76,77,251,84,94,18,79
361,17,2,81,121,108,106,82,184,99
361,18,121,202,147,120,51,42,199,76
361,19,172,186,200,49,103,19,125,0
361,20,213,144,232,217,175,56,252,22
361,21,49,160,71,100,128,218,45,169
361,22,145,104,131,203,127,13,141,90
361,23,123,83,183,244,179,26,152,38
361,24,48,51,169,105,53,188,92,201
361,25,10,162,71,3,227,70,189,90
361,26,110,100,55,208,3,219,185,126
361,27,246,15,107,141,196,174,175,42
361,28,76,77,62,18,204,251,254,202
361,29,226,81,108,184,52,59,247,107
361,30,23,202,76,42,96,3,147,193
361,31,19,0,200,103,165,112,149,81
361,32,228,225,23,138,51,103,121,43
361,33,76,78,172,197,196,19,115,165
361,34,174,151,134,8,163,106,3,129
361,35,91,75,211,209,173,101,34,215
361,36,96,168,230,72,69,64,101,103
361,37,170,230,152,36,66,127,178,33
361,38,83,134,111,242,199,252,67,23
361,39,211,108,107,80,10,210,73,216
362,0,119,125,9,227,118,186,221,213
362,1,207,104,247,196,160,12,235,159
362,2,48,244,155,196,44,50,111,14
362,3,83,200,192,102,191,255,140,240
362,4,16,247,187,83,61,196,19,199
362,5,206,166,109,231,243,190,51,80
362,6,182,180,229,121,233,191,234,64
362,7,178,113,198,75,126,234,201,11
362,8,122,213,144,149,22,240,37,146
362,9,49,109,193,100,183,195,247,45
362,10,69,88,118,13,188,4,33,204
362,11,179,188,123,127,126,243,83,41
362,12,11,190,28,188,48,69,141,255
362,13,10,179,152,91,227,2,201,241
362,14,208,3,217,81,149,211,200,57
362,15,36,243,168,196,47,175,34,107
362,16,223,76,18,92,216,204,50,217
362,17,107,111,2,81,121,53,108,92
362,18,76,121,42,199,39,147,60,202
362,19,200,172,153,186,19,103,56,1
362,20,144,213,217,175,232,223,122,158
362,21,109,25,49,252,100,122,53,8
362,22,145,88,177,13,127,212,141,175
362,23,179,83,192,233,23,126,38,123
362,24,169,188,184,48,229,105,37,211
362,25,3,251,49,112,70,162,57,173
362,26,104,100,219,217,107,208,212,56
362,27,246,174,15,196,72,175,141,107
362,28,76,62,77,144,202,204,242,246
362,29,226,108,52,81,179,118,59,125
362,30,23,202,96,76,120,3,51,42
362,31,19,0,200,103,165,112,172,1
362,32,149,225,228,23,51,147,43,111
362,33,172,76,78,55,228,64,158,197
362,34,174,52,129,3,134,76,253,46
362,35,211,75,91,51,192,69,54,252
362,36,168,96,72,64,238,208,69,230
362,37,170,230,198,25,73,239,66,180
362,38,199,89,108,57,145,36,196,223
362,39,21,108,230,236,7,65,192,25
363,0,27,35,169,143,133,166,137,126
363,1,240,196,31,12,247,67,130,161
363,2,211,32,177,95,8,105,124,54
363,3,203,223,106,99,242,71,104,151
363,4,185,171,227,199,196,134,120,114
363,5,9,231,119,243,122,109,166,132
363,6,46,233,96,28,76,131,140,53
363,7,249,252,191,110,183,99,201,51
363,8,40,144,22,64,244,25,114,106
363,9,241,183,60,100,49,168,163,233
363,10,37,177,48,227,254,213,33,118
363,11,179,23,39,102,81,149,38,83
363,12,211,0,189,184,99,141,195,146
363,13,179,236,198,2,178,242,10,193
363,14,62,223,217,185,55,236,219,91
363,15,48,196,141,27,34,156,2,175
363,16,164,144,217,223,204,246,76,158
363,17,121,2,107,108,53,145,232,45
363,18,23,120,199,3,121,202,193,42
363,19,0,200,186,103,242,246,172,94
363,20,92,223,213,144,232,175,106,25
363,21,241,109,232,100,49,158,60,183
363,22,177,127,151,203,71,175,13,48
363,23,179,246,83,138,126,38,23,233
363,24,169,175,229,189,184,224,87,211
363,25,251,185,3,206,161,57,132,2
363,26,104,217,140,197,254,107,56,200
363,27,137,196,70,141,219,140,56,127
363,28,164,76,158,144,204,246,177,248
363,29,226,125,194,95,232,100,134,82
363,30,120,42,23,3,193,24,9,254
363,31,1,242,176,81,19,227,123,89
363,32,60,82,203,64,101,66,51,38
363,33,251,33,115,228,44,67,137,172
363,34,174,138,22,40,32,151,142,209
363,35,91,24,209,240,138,65,124,75
363,36,168,29,219,145,224,76,230,40
363,37,230,100,152,25,215,178,207,148
363,38,144,23,248,17,252,140,72,83
363,39,162,10,42,90,166,81,185,65
364,0,252,42,152,25,100,73,165,89
364,1,28,31,119,84,176,213,145,60
364,2,47,185,232,57,19,78,196,237
364,3,191,215,21,223,114,66,3,200
364,4,84,185,22,41,207,137,80,177
364,5,33,136,28,168,196,139,203,116
364,6,101,40,131,6,198,98,76,117
364,7,130,67,150,51,83,249,95,224
364,8,135,144,25,114,244,64,201,22
364,9,160,100,89,252,17,183,223,33
364,10,131,89,175,208,69,35,104,141
364,11,199,179,183,33,48,83,41,77
364,12,224,37,189,75,245,82,4,124
364,13,178,162,177,240,184,94,82,90
364,14,62,236,212,217,143,68,104,97
364,15,196,175,64,126,151,34,219,2
364,16,246,68,223,76,164,66,49,210
364,17,2,125,99,145,84,121,179,52
364,18,120,121,79,199,202,96,146,32
364,19,0,186,154,254,246,61,235,40
364,20,135,144,114,149,213,154,158,218
364,21,160,241,183,109,141,218,128,121
364,22,89,219,183,98,10,131,192,105
364,23,33,179,199,138,77,246,240,26
364,24,189,243,224,175,75,114,100,37
364,25,251,162,2,82,70,226,161,206
364,26,104,217,119,254,140,56,187,181
364,27,45,137,196,132,184,151,82,179
364,28,164,57,204,158,175,107,88,246
364,29,134,70,51,34,125,100,232,23
364,30,120,42,180,44,24,14,2,60
364,31,242,89,1,123,186,236,40,106
364,32,129,15,43,111,101,82,54,203
364,33,251,240,196,227,98,115,195,44
364,34,32,241,113,99,211,245,234,229
364,35,119,240,225,133,164,138,149,215
364,36,185,75,231,145,29,208,76,177
364,37,36,118,165,117,205,148,120,54
364,38,193,159,164,23,207,125,42,228
364,39,90,113,185,137,106,107,192,5
365,0,154,1,219,0,248,8,217,19
365,1,116,31,15,6,41,220,237,205
365,2,160,48,137,96,54,97,229,24
365,3,184,109,57,213,72,93,185,96
365,4,56,26,22,52,10,5,23,41
365,5,126,36,9,246,216,173,243,196
365,6,252,131,51,198,234,141,117,229
365,7,149,18,53,110,251,11,126,72
365,8,22,135,144,108,25,251,114,64
365,9,100,89,31,183,56,218,242,8
365,10,131,89,221,175,200,74,42,140
365,11,83,118,244,77,26,33,123,184
365,12,75,214,48,18,37,239,109,68
365,13,162,240,90,223,70,178,163,68
365,14,85,217,212,154,236,68,166,56
365,15,196,137,70,150,175,244,136,191
365,16,68,66,63,216,218,49,246,132
365,17,125,184,53,121,51,182,2,189
365,18,120,51,199,100,42,136,30,180
365,19,242,0,186,254,246,1,93,15
365,20,56,88,223,98,168,149,17,158
365,21,121,232,183,110,12,8,163,192
365,22,48,123,78,22,13,10,89,255
365,23,24,215,78,246,26,240,253,152
365,24,75,175,211,37,141,243,214,189
365,25,161,221,2,251,82,57,67,128
365,26,215,104,217,85,197,126,186,119
365,27,137,196,228,244,82,70,136,132
365,28,204,18,164,246,57,158,63,227
365,29,184,34,84,125,70,134,92,232
365,30,120,42,3,30,2,183,111,253
365,31,89,242,222,56,123,236,219,1
365,32,5,15,138,101,43,184,251,203
365,33,251,147,240,236,196,115,195,98
365,34,32,113,226,99,137,211,106,245
365,35,119,77,211,240,91,115,225,230
365,36,185,231,182,29,89,80,75,143
365,37,198,205,230,36,165,4,245,178
365,38,193,83,17,75,228,42,78,73
365,39,21,192,106,97,137,7,73,57
366,0,230,213,103,137,52,243,133,201
366,1,210,12,196,237,220,65,207,53
366,2,48,50,206,197,30,44,9,96
366,3,139,71,239,192,47,240,241,179
366,4,22,84,56,126,111,145,52,113
366,5,80,189,243,28,131,173,9,238
366,6,188,51,234,229,220,6,117,98
366,7,83,157,113,110,67,75,11,53
366,8,122,144,64,167,25,135,22,244
366,9,109,89,100,162,183,56,17,124
366,10,141,89,182,254,241,97,131,33
366,11,88,179,83,167,26,113,102,23
366,12,75,68,255,189,214,37,251,247
366,13,167,71,255,141,132,114,161,231
366,14,166,154,193,217,31,97,57,150
366,15,191,137,184,70,219,224,255,225
366,16,107,57,88,166,14,182,16,175
366,17,59,125,246,171,30,68,99,249
366,18,174,121,24,44,61,75,42,180
366,19,246,227,138,186,93,154,123,32
366,20,78,144,244,158,223,168,235,137
366,21,136,248,109,127,33,149,78,122
366,22,166,141,14,82,136,49,212,118
366,23,149,224,233,173,76,4,24,102
366,24,247,53,214,91,164,243,189,213
366,25,233,114,216,64,184,132,251,173
366,26,150,140,254,119,39,79,110,82
366,27,137,196,219,34,208,191,140,45
366,28,57,89,18,114,204,177,164,118
366,29,226,125,168,100,55,121,82,90
366,30,120,172,42,229,213,132,37,193
366,31,222,242,227,144,78,36,44,46
366,32,15,5,101,203,217,111,149,64
366,33,251,236,115,98,10,227,240,248
366,34,32,99,137,113,245,142,6,211
366,35,119,240,215,81,65,159,97,96
366,36,178,145,177,47,231,80,12,53
366,37,198,36,245,4,234,243,54,231
366,38,159,126,53,65,75,140,49,125
366,39,42,193,106,113,41,97,167,91
367,0,205,194,25,252,198,5,42,204
367,1,180,134,53,135,31,77,154,241
367,2,48,30,197,9,44,206,162,66
367,3,139,239,86,179,192,28,227,21
367,4,84,22,56,229,234,145,135,52
367,5,80,206,243,189,13,107,173,28
367,6,188,229,51,234,6,67,212,117
367,7,83,11,53,95,150,193,110,130
367,8,135,144,22,40,244,13,64,25
367,9,100,89,252,218,31,222,221,56
367,10,131,89,74,141,35,182,241,229
367,11,72,83,77,26,33,199,88,102
367,12,75,248,189,25,48,239,247,37
367,13,162,90,240,223,94,115,178,214
367,14,212,62,217,3,21,100,143,219
367,15,107,64,175,102,136,92,160,191
367,16,76,68,223,18,251,246,57,77
367,17,125,2,84,121,179,52,145,14
367,18,120,121,79,202,51,96,199,44
367,19,186,242,142,112,94,254,154,0
367,20,144,213,243,135,223,149,40,56
367,21,8,128,121,160,100,218,49,122
367,22,141,74,89,131,192,118,151,13
367,23,77,72,123,33,199,16,83,173
367,24,75,248,189,175,229,40,8,247
367,25,162,251,90,70,242,82,173,167
367,26,254,104,136,119,3,219,34,150
367,27,141,137,175,151,168,115,140,244
367,28,76,18,175,57,68,217,204,177
367,29,226,161,121,82,92,247,45,113
367,30,120,3,213,23,42,166,12,176
367,31,172,36,186,94,207,242,1,222
367,32,5,15,101,184,217,203,51,138
367,33,251,52,76,240,19,197,115,196
367,34,99,174,159,3,137,31,241,32
367,35,119,91,252,211,159,164,207,81
367,36,127,178,37,89,143,182,130,230
367,37,198,230,54,133,148,226,2,183
367,38,193,23,104,83,140,75,159,175
367,39,193,40,107,90,109,21,144,56
368,0,16,2,179,230,20,162,224,217
368,1,227,4,56,67,41,6,130,83
368,2,205,48,114,34,19,44,152,176
368,3,205,32,208,192,71,88,47,46
368,4,126,151,241,10,1,131,16,181
368,5,13,173,238,122,139,116,119,240
368,6,188,229,234,51,131,220,189,117
368,7,83,249,53,113,217,183,234,130
368,8,144,22,244,13,25,158,37,114
368,9,100,89,69,183,117,4,17,86
368,10,131,80,141,89,13,113,192,158
368,11,179,83,102,200,240,144,167,183
368,12,75,255,226,189,37,73,40,141
368,13,162,10,161,254,179,201,2,82
368,14,62,57,236,217,81,8,219,30
368,15,196,34,178,23,157,175,225,141
368,16,69,246,158,66,217,92,49,23
368,17,112,53,121,51,134,2,116,127
368,18,120,51,193,23,44,60,199,230
368,19,246,32,236,242,1,186,69,138
368,20,223,175,213,17,40,24,209,25
368,21,69,33,37,65,7,234,112,135
368,22,48,80,203,141,90,217,60,199
368,23,192,144,177,246,173,233,38,129
368,24,53,195,175,105,177,77,141,164
368,25,161,44,132,236,189,141,177,233
368,26,57,133,3,254,56,55,150,185
368,27,137,42,174,167,196,140,179,4
368,28,18,76,114,217,177,118,140,158
368,29,226,112,118,108,247,59,113,92
368,30,3,76,213,42,120,161,60,193
368,31,36,123,252,253,81,90,186,131
368,32,13,51,228,82,184,217,222,126
368,33,52,0,177,227,196,67,219,210
368,34,32,159,234,174,91,106,31,137
368,35,119,124,164,75,173,97,0,65
368,36,111,127,231,101,171,230,47,208
368,37,230,165,24,198,36,54,6,173
368,38,37,23,222,104,21,245,75,159
368,39,42,166,90,164,93,155,254,128
369,0,21,102,239,228,116,14,240,204
369,1,209,227,241,82,228,171,44,56
369,2,34,199,98,96,152,48,205,222
369,3,185,57,96,72,181,192,247,123
369,4,22,196,56,10,52,68,134,35
369,5,13,80,206,116,173,9,243,189
369,6,188,229,234,66,233,117,213,67
369,7,249,83,191,252,6,245,95,145
369,8,144,13,22,40,232,63,216,244
369,9,160,100,89,222,49,183,218,86
369,10,131,141,89,35,175,13,90,191
369,11,179,83,124,41,199,149,26,43
369,12,40,75,248,37,189,239,25,111
369,13,162,90,223,91,115,2,136,201
369,14,3,30,21,212,56,100,62,134
369,15,64,107,246,175,15,42,92,131
369,16,223,76,68,246,251,77,84,49
369,17,2,81,121,53,108,145,107,100
369,18,120,51,202,121,147,42,23,146
369,19,172,186,19,103,0,154,246,94
369,20,213,223,144,217,232,81,56,40
369,21,160,49,128,122,200,100,8,218
369,22,141,13,191,131,89,90,21,48
369,23,123,192,83,179,246,144,38,74
369,24,48,51,75,229,112,248,53,243
369,25,71,162,44,10,251,91,70,173
369,26,3,254,217,100,55,205,219,34
369,27,174,246,151,141,4,175,15,210
369,28,18,76,62,204,118,251,158,77
369,29,226,108,81,118,92,107,45,113
369,30,213,76,3,202,23,42,96,147
369,31,200,0,103,19,112,165,227,123
369,32,228,23,225,51,203,147,138,64
369,33,76,52,159,78,196,4,187,177
369,34,174,159,234,106,137,229,120,41
369,35,75,51,181,173,65,199,137,91
369,36,168,208,230,127,18,64,101,69
369,37,230,24,173,165,73,61,54,152
369,38,223,17,18,83,241,252,70,196
369,39,107,193,211,141,10,91,201,22
370,0,119,125,9,227,118,186,221,59
370,1,207,104,4,247,194,159,116,196
370,2,114,46,244,53,196,44,154,232
370,3,83,183,200,77,192,130,140,73
370,4,16,199,83,187,140,196,227,244
370,5,106,224,166,109,243,190,145,119
370,6,188,234,121,233,98,229,0,198
370,7,145,249,70,191,126,110,226,9
370,8,122,213,146,149,104,144,175,119
370,9,49,109,130,59,193,247,183,195
370,10,215,21,113,175,13,88,83,80
370,11,179,192,246,123,74,88,127,41
370,12,169,41,69,195,164,189,174,51
370,13,10,91,49,97,179,251,201,177
370,14,3,208,217,57,223,185,30,125
370,15,36,137,196,168,243,42,225,2
370,16,223,93,163,76,217,153,49,177
370,17,107,111,81,2,53,121,125,94
370,18,39,199,172,94,42,121,76,3
370,19,172,186,200,1,153,19,154,56
370,20,217,144,213,175,218,232,26,149
370,21,109,25,252,210,49,122,8,100
370,22,88,145,215,175,127,36,104,238
370,23,192,179,83,126,233,246,124,23
370,24,169,48,79,188,189,229,211,105
370,25,251,3,49,234,162,91,112,70
370,26,100,104,254,217,219,185,212,34
370,27,151,174,175,246,168,153,219,141
370,28,76,62,18,144,77,246,204,103
370,29,108,118,81,52,179,46,121,113
370,30,3,23,202,213,96,76,120,42
370,31,0,19,200,103,165,186,112,1
370,32,149,228,225,23,147,51,111,82
370,33,172,76,197,159,78,228,196,211
370,34,174,153,46,129,41,142,6,76
370,35,75,51,211,91,181,192,199,159
370,36,168,208,64,96,182,230,137,127
370,37,230,198,73,173,226,25,137,239
370,38,223,252,138,161,17,150,70,159
370,39,21,115,237,91,226,90,132,47
371,0,255,246,34,168,181,216,251,245
371,1,148,136,36,159,117,110,99,105
371,2,196,233,53,144,156,171,85,65
371,3,244,73,43,45,85,239,145,86
371,4,227,187,66,120,184,246,150,23
371,5,106,243,160,145,122,190,68,230
371,6,98,214,46,124,160,199,118,212
371,7,155,245,142,195,233,159,104,160
371,8,144,92,244,91,114,81,148,233
371,9,135,232,71,53,201,127,63,235
371,10,145,23,96,144,14,43,78,136
371,11,181,104,78,41,34,76,187,58
371,12,58,105,126,189,255,251,78,88
371,13,162,10,34,177,2,233,82,57
371,14,3,212,21,233,222,56,197,223
371,15,107,175,89,90,168,92,237,196
371,16,223,94,142,77,24,84,49,225
371,17,2,81,121,246,145,116,83,143
371,18,121,147,186,20,199,42,30,215
371,19,112,152,186,158,32,138,246,68
371,20,144,213,110,22,114,49,199,36
371,21,100,49,136,218,80,233,79,223
371,22,131,160,175,71,219,168,136,206
371,23,80,83,233,87,226,241,173,168
371,24,200,25,189,139,224,177,48,204
371,25,162,10,2,76,70,195,250,233
371,26,212,150,222,43,21,217,56,254
371,27,175,117,107,247,191,82,137,139
371,28,18,182,177,162,23,16,220,62
371,29,246,2,125,121,150,18,168,175
371,30,172,180,3,141,60,199,253,132
371,31,154,186,238,242,1,255,194,56
371,32,127,51,43,82,228,8,229,147
371,33,227,44,170,197,2,155,131,159
371,34,32,129,6,31,46,137,192,174
371,35,75,211,121,8,11,95,199,137
371,36,168,208,145,126,230,219,123,63
371,37,239,170,198,54,144,73,25,226
371,38,42,102,159,223,138,220,70,17
371,39,200,227,237,76,42,226,90,65
372,0,252,165,152,42,55,227,224,45
372,1,240,84,42,145,180,126,31,144
372,2,196,149,122,211,124,26,104,57
372,3,191,239,215,21,66,13,156,240
372,4,84,227,52,35,63,22,223,207
372,5,116,136,4,33,206,196,168,13
372,6,101,117,233,131,40,198,6,67
372,7,145,249,95,130,150,3,245,110
372,8,135,144,114,244,22,64,201,25
372,9,160,100,89,252,43,182,233,80
372,10,131,35,89,175,98,104,76,69
372,11,33,199,179,83,175,48,26,183
372,12,40,234,75,25,37,48,189,2
372,13,162,94,90,190,82,223,213,214
372,14,62,212,143,21,208,219,30,223
372,15,64,107,51,246,119,92,173,111
372,16,182,76,68,223,251,58,62,79
372,17,2,84,179,52,121,14,145,108
372,18,120,79,75,96,121,202,51,3
372,19,0,112,103,169,186,172,125,49
372,20,144,135,213,56,149,81,254,25
372,21,160,49,100,121,109,60,183,177
372,22,131,98,89,127,244,139,175,230
372,23,199,179,83,77,48,246,175,33
372,24,75,40,189,79,248,175,229,48
372,25,162,2,90,94,10,223,214,173
372,26,104,3,212,55,56,150,100,208
372,27,246,175,15,51,168,107,47,151
372,28,182,76,68,251,18,77,223,62
372,29,84,179,52,118,108,14,53,121
372,30,120,79,202,3,96,42,75,146
372,31,165,0,103,238,186,112,19,200
372,32,129,83,23,228,225,63,183,111
372,33,76,78,44,51,209,19,137,208
372,34,32,241,174,142,3,137,6,160
372,35,117,91,222,75,211,200,225,80
372,36,185,96,168,29,208,230,240,145
372,37,230,173,109,217,54,117,118,51
372,38,207,17,42,159,77,228,235,165
372,39,107,5,101,90,170,137,226,41
373,0,154,1,219,0,19,248,217,201
373,1,116,15,41,31,220,6,237,130
373,2,165,12,160,138,206,77,214,215
373,3,222,33,213,57,138,63,32,232
373,4,10,52,22,249,26,169,63,56
373,5,126,36,9,216,246,122,99,196
373,6,252,233,198,229,234,131,117,253
373,7,149,18,53,110,83,11,183,251
373,8,135,144,22,108,13,244,25,64
373,9,100,89,31,183,177,252,182,233
373,10,131,89,221,175,13,35,241,90
373,11,83,244,118,43,184,77,33,26
373,12,75,48,234,214,109,211,37,248
373,13,162,223,73,90,128,240,196,57
373,14,85,62,59,212,68,154,97,79
373,15,196,136,82,244,175,64,92,225
373,16,68,182,76,84,251,223,49,218
373,17,184,2,125,179,52,84,116,121
373,18,120,199,100,96,30,121,75,243
373,19,0,254,15,246,149,242,186,1
373,20,223,56,144,149,98,176,158,199
373,21,121,183,136,8,60,51,220,75
373,22,48,80,78,123,206,192,179,166
373,23,215,173,78,58,246,34,187,92
373,24,211,195,75,104,79,123,121,189
373,25,161,221,2,57,251,35,75,67
373,26,215,104,217,136,209,207,129,85
373,27,136,196,228,191,220,137,70,244
373,28,18,182,218,158,68,63,246,79
373,29,184,84,161,47,232,246,34,82
373,30,120,42,2,253,60,236,75,86
373,31,242,32,56,1,255,177,219,193
373,32,5,138,51,180,43,228,217,203
373,33,147,240,172,67,115,196,19,64
373,34,32,226,174,129,8,137,3,106
373,35,75,77,119,58,59,115,154,91
373,36,185,29,143,168,182,22,96,127
373,37,198,230,205,56,54,173,178,34
373,38,73,193,17,23,222,207,254,8
373,39,107,21,73,101,7,66,137,185
374,0,230,45,38,34,217,20,215,16
374,1,237,220,222,148,136,229,159,25
374,2,206,30,165,197,138,168,28,202
374,3,139,68,28,127,222,145,49,253
374,4,10,196,64,217,39,184,141,190
374,5,243,189,154,199,106,122,181,126
374,6,229,233,188,199,234,189,207,244
374,7,159,188,136,155,73,150,141,110
374,8,81,11,92,144,244,223,91,251
374,9,12,209,235,71,122,63,155,194
374,10,127,78,144,23,160,179,136,243
374,11,34,12,152,24,193,135,219,58
374,12,153,91,251,124,78,247,167,58
374,13,57,161,35,118,227,162,10,71
374,14,212,3,209,193,233,150,21,166
374,15,107,196,72,243,199,84,2,171
374,16,94,74,142,191,236,77,24,79
374,17,2,81,83,34,121,141,67,82
374,18,121,147,30,186,61,20,200,68
374,19,152,150,227,138,128,119,94,186
374,20,144,78,49,114,247,110,199,149
374,21,88,49,246,22,218,136,214,100
374,22,160,51,180,105,52,131,86,168
374,23,57,80,26,216,241,122,97,110
374,24,10,19,200,201,95,122,164,217
374,25,162,41,10,109,156,15,250,82
374,26,59,24,68,186,21,235,222,114
374,27,123,157,199,210,219,141,53,84
374,28,74,2,79,118,131,188,186,125
374,29,150,53,51,116,10,163,246,255
374,30,61,172,60,180,184,42,38,146
374,31,154,186,255,242,68,220,153,158
374,32,127,43,16,5,15,229,81,54
374,33,177,115,246,137,124,159,44,227
374,34,32,137,129,114,174,245,209,6
374,35,75,119,59,161,71,189,199,200
374,36,185,168,208,145,127,230,149,143
374,37,198,54,166,36,230,185,86,42
374,38,37,222,138,65,245,16,187,21
374,39,42,166,66,126,227,190,131,216
375,0,19,116,198,5,239,21,204,240
375,1,82,241,228,209,220,237,186,222
375,2,206,30,165,197,180,69,168,50
375,3,139,185,57,96,181,52,241,141
375,4,22,10,196,238,100,111,173,217
375,5,189,126,206,173,243,9,196,199
375,6,229,188,233,234,67,220,117,66
375,7,83,53,178,126,110,150,95,70
375,8,144,13,22,244,64,36,92,40
375,9,160,100,89,222,183,35,163,43
375,10,131,89,35,74,13,133,241,140
375,11,83,26,124,199,77,100,33,43
375,12,75,234,248,40,239,189,111,255
375,13,162,223,90,3,214,196,213,82
375,14,212,62,3,56,21,30,197,57
375,15,64,196,107,136,175,92,15,246
375,16,76,223,68,251,182,84,66,218
375,17,2,84,179,121,52,108,249,55
375,18,120,96,202,121,42,51,146,3
375,19,186,0,1,103,112,125,93,149
375,20,144,149,223,213,199,114,25,218
375,21,121,160,135,49,60,136,8,218
375,22,80,89,175,78,191,105,48,76
375,23,24,126,88,75,26,123,173,127
375,24,75,79,40,48,213,175,229,243
375,25,162,2,90,75,173,223,70,119
375,26,104,217,56,4,3,150,209,57
375,27,136,191,137,141,47,151,168,175
375,28,18,76,68,182,251,158,151,153
375,29,84,161,179,34,42,95,82,108
375,30,120,60,74,96,202,3,172,213
375,31,165,0,103,148,242,1,186,238
375,32,5,228,23,147,184,51,63,225
375,33,172,115,67,44,209,76,211,196
375,34,137,174,32,106,129,228,142,24
375,35,75,91,51,192,189,146,211,199
375,36,185,168,96,29,182,208,143,123
375,37,205,198,230,173,36,54,137,140
375,38,199,57,8,134,42,67,242,17
375,39,108,236,31,107,21,57,7,112
376,0,230,187,133,125,103,126,207,111
376,1,210,207,12,104,247,196,194,223
376,2,50,44,165,48,206,114,242,180
376,3,139,239,200,192,240,71,252,32
376,4,84,126,196,16,22,249,85,145
376,5,243,181,131,13,122,9,173,238
376,6,188,229,234,233,220,117,37,121
376,7,83,198,178,110,126,150,11,3
376,8,122,144,22,13,119,64,37,255
376,9,109,132,49,89,100,183,56,182
376,10,141,80,191,206,56,175,192,13
376,11,179,23,36,88,83,123,100,26
376,12,75,248,40,48,255,234,37,69
376,13,104,179,162,90,10,201,33,253
376,14,62,56,212,149,154,8,208,81
376,15,173,175,196,240,2,140,167,137
376,16,76,151,236,65,182,223,68,112
376,17,160,84,2,125,110,121,179,52
376,18,120,128,51,3,96,202,121,199
376,19,0,165,169,103,40,1,186,112
376,20,223,144,174,40,218,217,94,149
376,21,109,132,122,8,65,220,12,128
376,22,145,141,13,127,191,48,212,78
376,23,179,246,38,192,26,233,24,36
376,24,211,48,175,229,79,2,218,112
376,25,104,3,173,2,70,162,251,75
376,26,104,219,56,150,4,34,154,55
376,27,175,92,151,191,246,168,64,156
376,28,76,18,62,204,255,182,68,79
376,29,84,232,108,118,121,161,69,113
376,30,120,74,3,213,96,42,24,121
376,31,1,165,186,254,16,242,40,0
376,32,149,147,228,5,23,63,51,225
376,33,172,211,64,25,44,115,29,209
376,34,32,174,129,224,137,253,6,52
376,35,75,51,192,54,91,96,225,46
376,36,65,168,208,219,13,88,111,230
376,37,198,230,73,211,144,245,54,178
376,38,42,108,17,102,145,23,159,150
376,39,21,7,170,91,132,41,90,97
377,0,255,168,246,34,181,206,245,64
377,1,148,136,137,36,159,99,110,229
377,2,1,138,231,171,73,67,28,165
377,3,222,86,161,237,68,127,145,124
377,4,64,176,69,97,50,232,141,168
377,5,25,200,143,121,247,57,234,20
377,6,139,127,225,231,211,24,163,78
377,7,213,247,141,194,63,148,200,165
377,8,81,223,56,238,123,178,218,150
377,9,8,246,248,212,197,235,255,155
377,10,247,185,243,150,65,25,188,176
377,11,206,128,108,160,9,12,86,204
377,12,145,128,221,62,192,60,209,1
377,13,134,182,118,154,32,89,202,66
377,14,32,148,137,51,167,64,10,52
377,15,162,200,58,165,87,242,31,181
377,16,106,43,133,205,252,80,238,35
377,17,211,87,15,0,76,153,198,16
377,18,43,161,127,134,13,163,33,226
377,19,116,20,109,26,19,154,36,205
377,20,116,56,63,191,115,110,239,4
377,21,117,197,35,169,122,85,255,164
377,22,150,125,176,185,65,243,39,36
377,23,9,128,254,206,160,86,150,108
377,24,151,252,93,18,78,74,192,221
377,25,134,32,118,154,95,147,182,105
377,26,88,51,137,10,41,32,148,103
377,27,87,181,58,165,242,31,162,204
377,28,182,150,106,205,43,134,75,238
377,29,124,0,15,87,153,76,16,20
377,30,195,161,134,43,163,13,226,34
377,31,20,116,75,109,166,241,205,154
377,32,252,160,112,33,119,95,90,150
377,33,16,184,43,210,92,39,129,164
377,34,133,85,26,231,92,186,51,1
377,35,42,72,84,108,204,174,57,86
377,36,221,83,45,73,20,212,22,75
377,37,138,182,239,72,116,104,88,208
377,38,103,48,184,223,159,166,207,42
377,39,200,42,236,227,55,76,7,202
378,0,252,152,73,89,165,42,227,55
378,1,134,98,180,173,31,84,77,37
378,2,222,165,160,16,54,206,102,174
378,3,191,239,21,111,4,139,73,255
378,4,84,244,22,35,135,52,249,169
378,5,116,80,13,196,168,187,96,38
378,6,131,98,117,198,6,214,40,101
378,7,83,249,150,130,157,110,67,153
378,8,135,216,144,244,64,25,13,158
378,9,160,89,100,252,43,80,124,56
378,10,35,131,141,89,98,212,37,76
378,11,199,33,43,175,48,26,179,38
378,12,40,248,75,234,48,189,229,99
378,13,162,115,94,90,213,214,82,223
378,14,62,212,219,92,143,145,30,8
378,15,64,246,51,119,111,107,173,160
378,16,182,76,68,223,251,62,58,101
378,17,84,2,179,52,14,145,121,162
378,18,120,79,121,96,75,74,202,243
378,19,0,23,103,169,172,165,112,125
378,20,216,135,144,213,232,149,199,252
378,21,160,49,100,109,183,185,136,229
378,22,89,74,131,98,139,244,127,162
378,23,43,199,77,233,33,175,83,179
378,24,40,75,248,175,249,91,200,87
378,25,162,90,115,94,223,251,2,5
378,26,104,150,145,3,219,56,212,154
378,27,64,175,168,189,119,27,47,246
378,28,101,182,76,68,251,227,18,204
378,29,84,179,23,53,34,180,171,235
378,30,120,75,79,74,3,38,206,60
378,31,23,165,238,112,242,10,0,123
378,32,129,83,5,64,228,103,217,51
378,33,115,44,219,124,29,197,243,98
378,34,32,174,99,138,241,115,137,159
378,35,46,119,248,75,127,146,222,137
378,36,185,208,123,198,230,111,240,77
378,37,54,120,245,165,36,197,109,230
378,38,23,62,138,165,228,159,160,17
378,39,107,5,170,101,155,115,96,137
379,0,154,1,219,0,248,19,217,201
379,1,116,15,41,31,220,173,6,237
379,2,165,160,205,192,206,222,138,215
379,3,222,57,138,32,63,107,185,181
379,4,244,10,52,169,32,22,126,212
379,5,126,36,9,122,99,196,187,243
379,6,229,188,98,117,131,252,189,115
379,7,136,83,53,157,150,126,149,113
379,8,216,144,243,13,202,135,167,64
379,9,89,100,80,183,145,182,56,11
379,10,35,89,74,210,131,231,241,13
379,11,43,26,38,33,77,83,100,122
379,12,248,75,40,48,234,189,99,25
379,13,162,90,214,223,115,213,82,119
379,14,212,92,62,3,30,56,145,219
379,15,64,136,107,189,246,15,175,160
379,16,76,68,251,182,223,66,236,246
379,17,2,84,179,184,121,52,113,119
379,18,120,121,96,202,51,42,30,3
379,19,23,0,1,242,172,112,254,149
379,20,144,135,232,213,199,216,149,223
379,21,121,49,136,128,100,77,56,8
379,22,89,74,131,127,210,217,37,48
379,23,77,26,43,74,4,126,123,177
379,24,248,75,40,200,175,48,104,189
379,25,2,90,162,223,10,94,70,115
379,26,3,104,92,219,56,85,150,212
379,27,189,175,246,136,168,128,247,27
379,28,18,76,68,251,227,204,182,77
379,29,84,179,107,108,235,121,215,95
379,30,120,202,96,213,3,74,133,38
379,31,23,0,103,32,222,112,165,94
379,32,5,228,23,51,147,203,184,103
379,33,147,197,76,172,44,29,78,35
379,34,226,106,174,6,228,129,113,234
379,35,75,46,77,51,199,208,59,137
379,36,185,168,230,208,96,143,101,29
379,37,198,205,230,173,140,197,141,24
379,38,17,228,165,5,242,32,171,67
379,39,107,108,106,192,112,66,173,101
380,0,230,187,133,125,52,126,213,103
380,1,210,207,12,65,222,194,235,220
380,2,206,50,197,165,168,30,44,155
380,3,139,192,123,5,181,227,98,78
380,4,84,126,249,244,145,32,101,85
380,5,224,106,72,13,237,107,192,243
380,6,188,229,234,233,220,81,117,37
380,7,136,83,113,198,145,234,142,57
380,8,144,122,79,167,13,243,201,129
380,9,109,89,132,100,182,49,163,183
380,10,141,231,13,35,219,241,182,191
380,11,23,36,38,179,88,140,136,26
380,12,248,75,229,40,48,242,255,37
380,13,104,162,179,4,119,233,213,128
380,14,62,212,185,92,8,236,110,13
380,15,189,64,93,254,196,160,173,34
380,16,76,247,158,151,182,68,236,204
380,17,84,160,182,2,68,110,125,179
380,18,120,51,128,3,193,75,42,37
380,19,23,0,1,169,40,103,227,242
380,20,223,174,40,144,106,246,218,149
380,21,109,132,8,128,135,65,56,234
380,22,141,212,238,192,145,82,127,48
380,23,192,179,38,16,90,126,246,129
380,24,124,229,254,189,8,165,24,48
380,25,44,159,5,52,2,119,104,128
380,26,104,217,63,185,56,127,70,80
380,27,136,196,62,55,189,70,140,137
380,28,18,114,76,215,118,70,143,223
380,29,118,226,160,121,107,220,59,95
380,30,120,213,193,33,236,14,3,229
380,31,112,16,197,32,56,23,81,222
380,32,13,51,149,135,240,101,130,16
380,33,52,157,197,243,196,228,202,178
380,34,32,159,129,174,130,228,36,232
380,35,119,75,248,59,137,51,199,192
380,36,65,168,143,208,111,63,230,204
380,37,198,230,98,245,24,173,185,123
380,38,223,17,241,149,23,42,187,75
380,39,21,91,127,216,132,144,65,90
381,0,255,168,246,34,181,206,245,64
381,1,148,136,137,159,36,110,99,229
381,2,138,28,1,231,171,151,73,144
381,3,86,68,222,161,127,237,60,28
381,4,64,99,50,97,168,141,176,232
381,5,25,121,234,200,20,244,57,247
381,6,225,127,139,190,78,231,163,24
381,7,141,213,247,63,148,241,186,194
381,8,81,11,139,217,78,8,17,235
381,9,246,213,136,155,235,209,248,72
381,10,160,127,79,179,60,203,176,249
381,11,135,219,34,96,45,152,148,193
381,12,167,78,251,24,153,124,8,247
381,13,161,255,162,26,209,118,71,132
381,14,212,142,150,166,209,233,34,207
381,15,107,72,243,124,59,100,84,199
381,16,94,142,191,74,218,77,79,24
381,17,2,81,83,145,121,34,175,82
381,18,121,147,30,200,20,186,42,61
381,19,152,138,227,94,128,186,254,119
381,20,144,247,199,110,11,114,149,49
381,21,88,49,12,158,218,246,214,100
381,22,160,141,105,131,52,210,100,75
381,23,80,57,26,110,127,45,251,83
381,24,164,122,127,19,91,102,200,245
381,25,68,109,41,2,156,247,128,31
381,26,59,186,68,24,188,95,120,221
381,27,59,196,157,219,158,83,34,224
381,28,118,216,131,177,63,79,50,182
381,29,53,121,146,163,95,97,10,55
381,30,180,172,193,60,42,26,132,141
381,31,246,36,241,112,222,227,170,255
381,32,13,161,51,127,130,135,115,126
381,33,52,227,3,157,202,115,197,243
381,34,159,32,174,234,137,114,129,36
381,35,119,75,248,209,0,137,199,238
381,36,168,4,199,89,254,63,127,101
381,37,24,165,198,98,230,245,123,19
381,38,223,37,11,23,241,159,75,233
381,39,42,200,227,76,166,216,41,206
382,0,205,252,42,12,194,89,25,224
382,1,180,134,53,98,135,77,37,221
382,2,165,197,16,206,138,67,30,168
382,3,139,120,21,44,179,90,123,32
382,4,84,22,32,249,217,80,234,202
382,5,13,72,99,80,107,243,15,189
382,6,188,131,229,234,233,198,67,193
382,7,136,145,83,113,150,110,193,157
382,8,135,144,244,201,79,22,167,114
382,9,100,221,89,252,222,43,177,80
382,10,231,35,131,74,89,141,219,104
382,11,72,33,199,38,26,175,83,43
382,12,248,75,234,40,48,25,255,189
382,13,162,90,94,82,223,214,4,10
382,14,212,3,92,223,21,143,145,219
382,15,64,107,246,51,160,175,151,163
382,16,76,223,68,251,182,247,62,77
382,17,2,84,81,14,125,179,145,121
382,18,121,120,79,51,146,147,20,96
382,19,112,49,172,254,186,154,6,169
382,20,144,213,135,217,56,40,63,22
382,21,49,160,100,71,128,8,200,218
382,22,131,74,89,70,98,244,238,182
382,23,72,83,77,123,199,33,205,43
382,24,248,75,48,254,243,189,175,200
382,25,162,10,90,71,94,5,70,223
382,26,3,212,21,100,208,92,185,150
382,27,107,246,117,15,174,39,136,151
382,28,18,76,62,114,204,32,169,177
382,29,81,2,94,107,118,108,145,119
382,30,76,147,213,121,0,202,79,51
382,31,200,49,103,112,152,36,0,19
382,32,228,161,51,23,225,138,83,64
382,33,52,76,78,90,197,111,172,55
382,34,159,174,241,129,3,197,114,36
382,35,75,86,164,181,51,91,119,192
382,36,168,4,96,72,93,89,230,69
382,37,24,230,198,101,173,100,66,19
382,38,223,7,199,57,67,23,134,138
382,39,211,236,108,31,107,86,91,37
383,0,119,125,9,227,118,221,186,59
383,1,207,104,116,4,159,194,6,15
383,2,114,53,74,67,155,168,206,205
383,3,83,183,77,130,140,192,102,78
383,4,199,140,16,196,187,83,163,27
383,5,224,106,109,243,166,13,72,51
383,6,188,233,234,121,229,98,0,198
383,7,145,249,70,110,198,9,113,126
383,8,122,104,213,144,146,175,149,119
383,9,49,109,59,130,247,183,195,199
383,10,113,215,21,175,80,219,133,210
383,11,192,179,246,88,140,41,243,187
383,12,169,48,69,41,211,195,254,224
383,13,91,10,97,49,251,179,242,152
383,14,3,223,208,57,140,185,149,30
383,15,36,137,69,196,140,153,191,208
383,16,223,76,93,163,49,140,79,153
383,17,111,107,2,81,53,82,121,125
383,18,172,39,121,199,207,42,51,3
383,19,186,112,172,153,1,200,242,227
383,20,217,144,213,149,218,122,36,26
383,21,109,100,49,180,136,8,183,210
383,22,88,145,175,215,123,36,238,69
383,23,192,83,179,39,23,124,90,233
383,24,48,189,79,188,64,169,142,254
383,25,162,3,251,49,234,5,10,67
383,26,212,100,21,104,185,208,205,150
383,27,174,107,151,246,153,175,136,247
383,28,76,77,62,18,103,251,68,144
383,29,52,81,108,179,2,118,232,247
383,30,202,96,213,121,23,147,76,120
383,31,19,0,200,103,165,112,94,1
383,32,228,149,23,225,51,147,25,16
383,33,76,172,78,228,108,196,165,55
383,34,174,129,138,46,3,134,52,41
383,35,75,181,91,211,51,192,77,68
383,36,168,96,72,16,64,238,31,89
383,37,170,198,230,239,25,173,29,185
383,38,180,191,150,252,223,159,222,77
383,39,21,91,90,73,115,226,253,22
384,0,255,34,246,206,168,181,251,245
384,1,148,136,36,117,122,105,159,110
384,2,53,196,51,65,204,168,85,156
384,3,45,244,43,73,239,203,246,85
384,4,227,187,189,66,246,120,6,197
384,5,243,122,106,160,8,159,207,145
384,6,98,46,212,214,41,199,145,237
384,7,155,104,233,245,159,160,175,3
384,8,144,92,244,11,143,53,91,233
384,9,201,232,53,71,135,127,235,63
384,10,145,96,23,14,144,21,43,189
384,11,78,41,34,168,76,152,219,187
384,12,58,79,124,78,88,126,211,251
384,13,162,34,177,5,57,233,119,52
384,14,212,197,56,3,217,97,8,223
384,15,89,82,196,150,175,48,70,117
384,16,223,66,210,18,50,57,236,49
384,17,2,81,125,97,246,121,175,143
384,18,121,147,199,20,230,60,37,42
384,19,186,119,32,158,138,152,194,178
384,20,144,78,49,11,114,199,158,244
384,21,194,223,33,136,100,63,4,80
384,22,219,44,136,182,71,15,199,175
384,23,168,4,233,104,180,78,155,240
384,24,82,124,94,136,182,245,173,211
384,25,195,233,76,209,162,146,68,117
384,26,212,39,154,142,91,81,217,21
384,27,254,34,82,175,20,207,137,191
384,28,18,182,118,177,2,210,223,42
384,29,235,118,232,161,82,237,125,121
384,30,120,60,180,238,132,14,193,146
384,31,32,194,158,238,112,56,242,160
384,32,127,147,51,23,228,43,222,227
384,33,227,170,2,98,223,137,159,246
384,34,32,174,129,157,219,99,46,31
384,35,211,75,139,91,53,135,115,159
384,36,168,238,208,96,16,63,167,101
384,37,170,239,198,230,29,205,73,226
384,38,37,180,62,191,159,144,206,77
384,39,42,200,90,166,227,91,87,142
385,0,152,55,42,252,100,224,73,183
385,1,240,84,145,126,180,42,208,228
385,2,211,124,65,104,191,126,196,122
385,3,120,66,215,202,191,223,203,21
385,4,84,227,125,41,137,187,207,127
385,5,4,33,116,230,196,38,139,136
385,6,131,233,198,101,96,6,217,208
385,7,150,145,130,224,15,113,95,51
385,8,135,144,114,22,244,201,36,25
385,9,160,100,89,252,17,80,233,223
385,10,35,175,131,89,98,32,49,54
385,11,199,179,33,83,175,124,41,26
385,12,234,75,25,239,40,58,37,189
385,13,162,94,90,240,213,223,214,192
385,14,62,212,143,21,208,56,100,30
385,15,64,107,246,51,111,175,15,92
385,16,76,68,223,251,58,77,62,79
385,17,2,179,52,84,108,145,14,121
385,18,121,120,79,96,202,199,42,30
385,19,0,103,112,169,200,89,1,172
385,20,144,135,22,114,213,232,149,108
385,21,160,109,49,100,86,45,141,177
385,22,131,89,98,230,145,229,217,244
385,23,179,83,199,43,124,48,77,143
385,24,75,79,40,229,224,248,189,25
385,25,162,10,90,223,2,179,177,3
385,26,104,212,208,219,205,56,21,100
385,27,45,246,111,107,15,51,153,175
385,28,68,76,77,251,18,175,144,62
385,29,52,179,2,107,81,118,108,51
385,30,120,202,96,79,213,23,74,3
385,31,19,200,0,165,103,194,169,215
385,32,225,23,228,25,129,147,16,83
385,33,76,78,172,228,165,152,196,211
385,34,174,129,241,3,134,138,118,253
385,35,75,91,252,207,51,192,54,139
385,36,96,168,72,238,16,145,89,217
385,37,170,198,230,29,173,226,178,205
385,38,7,89,199,57,243,67,225,191
385,39,108,236,157,74,35,196,90,100
386,0,27,154,219,35,133,103,213,114
386,1,116,31,41,15,196,6,12,130
386,2,48,96,160,97,44,214,50,184
386,3,71,47,104,72,64,205,151,46
386,4,126,185,10,106,156,183,111,134
386,5,9,126,119,173,243,122,13,216
386,6,233,188,234,229,117,189,132,155
386,7,83,249,198,113,178,3,234,245
386,8,144,135,22,13,100,6,167,244
386,9,241,100,89,49,109,163,119,56
386,10,35,175,177,131,89,229,241,21
386,11,179,23,83,168,124,246,26,199
386,12,75,40,234,69,37,229,48,106
386,13,162,179,10,146,90,213,223,201
386,14,62,212,208,68,29,219,79,91
386,15,107,246,64,196,244,128,111,15
386,16,164,76,68,223,251,77,49,79
386,17,2,52,179,145,121,108,107,84
386,18,120,96,121,202,51,42,207,30
386,19,0,103,200,169,172,112,242,125
386,20,144,135,223,22,149,232,213,119
386,21,241,109,49,100,86,141,183,177
386,22,127,145,131,89,69,217,230,177
386,23,179,83,23,11,129,124,177,58
386,24,229,40,189,49,75,195,169,211
386,25,162,67,70,2,3,161,44,119
386,26,104,219,136,55,185,119,181,70
386,27,45,27,22,175,111,153,52,151
386,28,164,76,68,77,223,144,218,251
386,29,118,121,179,108,52,232,51,194
386,30,120,96,202,199,3,32,60,161
386,31,169,165,0,103,153,158,1,32
386,32,60,147,228,23,111,16,225,24
386,33,33,251,172,228,211,76,78,165
386,34,129,174,32,253,40,69,228,224
386,35,75,24,51,192,54,15,91,137
386,36,168,145,16,143,219,208,228,96
386,37,198,239,226,230,25,110,207,77
386,38,144,159,207,16,23,245,140,77
386,39,10,42,90,227,22,66,128,73
387,0,252,183,100,42,73,152,161,180
387,1,28,173,253,84,31,119,131,190
387,2,222,47,96,185,196,174,181,9
387,3,21,72,79,63,114,239,215,13
387,4,84,185,244,35,22,27,52,169
387,5,196,33,116,13,168,203,28,139
387,6,117,40,198,101,6,189,197,51
387,7,249,130,67,150,245,83,157,217
387,8,135,216,144,114,201,158,25,154
387,9,160,100,89,241,252,183,56,60
387,10,131,208,35,89,219,90,94,2
387,11,199,43,179,33,77,175,110,48
387,12,248,75,226,37,40,229,224,2
387,13,162,115,178,213,82,184,67,94
387,14,62,212,104,68,34,219,143,208
387,15,175,64,244,173,34,196,246,128
387,16,68,76,164,251,50,58,223,49
387,17,2,179,52,84,145,95,253,121
387,18,120,202,79,96,121,42,199,44
387,19,0,103,169,81,186,154,9,165
387,20,135,144,146,149,216,10,213,17
387,21,160,241,109,86,218,80,183,121
387,22,89,98,131,105,22,48,69,82
387,23,199,179,33,24,43,5,48,177
387,24,40,75,248,175,189,195,243,204
387,25,70,2,162,209,94,146,117,196
387,26,104,177,26,56,91,142,185,128
387,27,45,136,111,175,27,47,53,132
387,28,68,76,251,164,158,204,66,77
387,29,84,179,51,52,121,131,194,232
387,30,120,202,96,79,74,253,176,30
387,31,165,0,103,235,242,10,32,1
387,32,129,23,228,225,111,24,43,15
387,33,251,76,78,51,240,152,243,165
387,34,32,241,174,138,3,129,115,134
387,35,75,248,200,123,95,91,107,203
387,36,185,208,145,143,123,231,137,219
387,37,117,230,54,130,217,205,176,33
387,38,77,184,42,207,164,73,138,191
387,39,5,170,185,167,90,101,218,100
388,0,154,219,0,1,248,201,217,19
388,1,116,41,15,6,31,220,237,130
388,2,160,96,137,48,229,148,97,166
388,3,57,184,185,72,213,96,181,134
388,4,52,10,26,22,5,23,238,178
388,5,126,36,9,216,33,246,196,130
388,6,252,198,51,112,244,117,141,6
388,7,149,18,53,83,110,251,183,72
388,8,144,22,135,251,202,25,244,154
388,9,89,100,31,183,223,233,11,175
388,10,89,131,221,35,74,90,210,42
388,11,77,244,43,41,83,118,26,184
388,12,75,214,4,234,239,124,109,48
388,13,162,240,178,128,223,2,90,121
388,14,85,62,215,217,154,68,197,59
388,15,196,136,82,225,175,244,243,59
388,16,84,218,66,68,109,140,18,63
388,17,125,184,51,53,84,249,182,55
388,18,120,44,14,30,75,146,253,160
388,19,0,242,154,186,125,81,246,21
388,20,223,98,149,199,168,146,154,11
388,21,121,12,183,51,136,109,122,4
388,22,48,22,166,123,219,210,82,69
388,23,24,215,233,246,87,35,221,126
388,24,211,175,75,195,189,224,214,204
388,25,2,70,67,201,82,128,223,196
388,26,215,104,177,85,56,150,4,136
388,27,136,45,175,132,208,228,196,151
388,28,68,251,18,76,148,204,158,164
388,29,84,184,55,179,232,121,161,82
388,30,120,96,202,2,60,160,74,86
388,31,165,242,0,158,32,103,149,87
388,32,5,138,228,23,111,147,15,43
388,33,147,251,240,76,78,67,167,211
388,34,32,129,226,174,8,3,228,157
388,35,75,77,91,115,65,123,111,101
388,36,185,143,96,231,137,168,230,224
388,37,198,230,205,181,54,25,56,178
388,38,73,193,207,42,8,186,243,159
388,39,107,21,73,253,100,236,191,90
389,0,230,45,38,16,20,243,149,217
389,1,237,220,222,136,148,212,229,54
389,2,30,206,197,184,168,28,162,48
389,3,139,28,86,68,145,1,49,253
389,4,64,10,217,229,176,31,23,185
389,5,189,243,199,215,179,80,154,8
389,6,199,229,188,214,189,244,81,234
389,7,241,213,217,53,165,150,136,75
389,8,22,144,251,92,244,53,81,91
389,9,12,136,209,100,201,89,122,71
389,10,127,14,44,203,136,78,144,160
389,11,24,135,226,34,152,45,126,193
389,12,68,153,52,24,167,79,91,127
389,13,161,64,71,35,167,139,221,209
389,14,193,209,150,142,0,26,166,207
389,15,124,107,196,100,82,72,216,199
389,16,74,94,88,191,79,41,142,49
389,17,2,81,67,83,95,1,175,92
389,18,121,30,147,186,77,200,42,68
389,19,152,171,227,240,79,115,187,112
389,20,144,110,22,148,114,25,244,7
389,21,49,100,85,229,136,88,194,149
389,22,160,178,123,131,210,140,144,245
389,23,80,45,83,186,26,82,122,226
389,24,104,10,204,200,64,45,245,8
389,25,15,162,109,2,255,161,226,4
389,26,59,39,186,199,120,157,216,114
389,27,123,107,202,210,199,32,91,224
389,28,74,248,204,158,213,191,50,89
389,29,150,246,187,51,70,10,163,30
389,30,172,180,3,61,199,60,44,146
389,31,154,153,87,186,1,68,104,207
389,32,127,15,5,43,229,24,111,54
389,33,177,251,67,137,159,25,115,242
389,34,32,40,15,129,137,8,42,184
389,35,65,133,189,64,123,161,82,255
389,36,185,143,208,230,219,92,101,224
389,37,198,205,230,54,165,116,49,36
389,38,37,222,138,42,159,21,245,16
389,39,42,166,227,73,100,151,253,190
390,0,19,116,198,5,239,21,250,240
390,1,82,241,228,209,69,186,63,222
390,2,30,206,197,180,66,104,98,69
390,3,185,57,139,96,181,52,245,141
390,4,22,10,238,100,196,111,80,190
390,5,126,189,9,80,206,173,196,89
390,6,229,188,234,233,51,117,4,189
390,7,83,53,75,178,110,150,223,95
390,8,144,13,22,36,64,244,114,158
390,9,160,89,100,183,218,192,233,11
390,10,131,35,89,74,14,141,140,241
390,11,83,41,77,26,43,199,244,100
390,12,75,248,40,239,234,255,189,23
390,13,162,178,223,82,90,196,240,213
390,14,62,212,57,197,56,237,30,39
390,15,92,196,228,175,64,136,244,132
390,16,84,68,76,251,66,164,223,218
390,17,2,84,179,52,121,249,184,55
390,18,120,96,42,202,121,51,94,30
390,19,0,186,1,125,246,103,165,69
390,20,223,146,144,213,218,149,199,114
390,21,121,160,218,8,183,12,169,51
390,22,78,48,80,89,13,105,219,95
390,23,24,215,233,45,226,26,5,40
390,24,40,75,189,214,204,114,175,213
390,25,2,223,70,44,90,201,196,75
390,26,104,56,26,215,230,142,219,110
390,27,45,132,175,136,141,196,137,191
390,28,68,76,251,158,153,81,18,204
390,29,84,179,55,51,215,121,34,42
390,30,120,96,74,60,202,2,234,160
390,31,165,0,103,1,242,235,158,65
390,32,5,228,23,24,147,15,111,44
390,33,251,76,67,172,115,137,177,78
390,34,129,137,174,32,40,228,76,106
390,35,75,91,252,173,135,189,199,123
390,36,185,96,168,72,143,208,219,230
390,37,205,198,230,29,36,54,25,73
390,38,199,57,243,193,89,42,83,8
390,39,108,21,236,157,57,7,31,112
391,0,230,133,187,243,103,126,16,125
391,1,210,53,168,207,104,12,194,65
391,2,48,50,44,9,114,197,183,206
391,3,139,239,200,255,71,232,192,179
391,4,84,22,126,145,196,85,16,113
391,5,9,80,181,238,13,119,89,179
391,6,188,229,234,51,189,220,74,117
391,7,83,198,126,75,113,110,178,95
391,8,144,122,22,13,79,167,244,64
391,9,109,132,89,100,49,183,56,11
391,10,35,141,89,105,201,106,87,131
391,11,23,179,19,36,83,45,35,90
391,12,75,214,248,48,204,234,170,87
391,13,178,104,179,162,196,223,33,75
391,14,62,154,212,8,13,57,81,79
391,15,173,128,167,244,92,47,175,136
391,16,76,68,164,251,66,109,140,84
391,17,2,160,84,52,179,121,55,110
391,18,120,128,51,42,202,96,121,44
391,19,0,103,165,69,200,169,21,93
391,20,146,218,106,223,114,67,18,40
391,21,109,132,241,209,128,163,4,8
391,22,48,166,192,211,127,95,74,89
391,23,179,19,233,24,215,45,90,193
391,24,75,195,214,141,40,218,211,226
391,25,209,104,2,234,254,185,173,161
391,26,104,56,177,206,219,98,119,81
391,27,136,132,175,196,27,59,101,237
391,28,18,76,223,57,68,215,140,255
391,29,84,51,253,55,121,68,134,118
391,30,120,14,74,60,140,86,42,193
391,31,32,207,245,165,158,87,242,222
391,32,5,149,147,24,23,111,228,203
391,33,251,64,172,227,223,98,254,243
391,34,32,129,174,99,253,192,169,76
391,35,75,119,192,51,46,189,248,54
391,36,65,168,208,185,219,76,55,127
391,37,198,230,54,73,118,25,185,178
391,38,42,232,145,159,108,17,83,70
391,39,21,7,65,97,103,90,191,41
392,0,255,168,246,34,206,181,245,64
392,1,148,136,36,110,159,99,218,229
392,2,231,1,138,171,73,28,144,151
392,3,86,161,222,237,68,145,127,253
392,4,176,48,64,50,168,69,31,97
392,5,25,234,244,20,121,247,200,57
392,6,24,248,231,190,225,163,139,78
392,7,213,186,247,141,241,63,148,98
392,8,81,78,139,217,235,17,8,11
392,9,235,201,209,248,246,213,136,72
392,10,127,79,160,176,44,144,60,78
392,11,135,219,34,204,45,56,12,58
392,12,251,167,247,91,124,153,78,255
392,13,162,118,161,226,250,252,119,205
392,14,233,212,21,222,105,114,43,161
392,15,100,107,243,122,85,129,210,90
392,16,74,94,24,200,37,142,108,170
392,17,220,211,153,2,81,121,53,187
392,18,30,127,115,121,68,2,17,77
392,19,171,177,94,227,118,30,124,170
392,20,144,114,110,22,244,106,36,161
392,21,34,100,85,218,117,8,252,113
392,22,116,178,160,42,123,176,210,241
392,23,56,80,204,242,254,26,111,233
392,24,139,25,204,87,116,189,18,81
392,25,250,162,118,82,157,130,198,213
392,26,78,161,212,170,233,114,105,168
392,27,100,157,210,110,107,129,62,122
392,28,74,200,108,126,79,215,170,182
392,29,150,34,2,121,165,10,187,220
392,30,17,2,68,52,13,127,84,30
392,31,177,14,132,94,170,241,150,204
392,32,33,50,252,11,107,101,45,27
392,33,192,245,5,29,124,4,19,12
392,34,16,61,247,173,99,141,47,8
392,35,115,202,159,108,198,28,56,180
392,36,235,157,32,210,23,84,110,127
392,37,4,35,36,139,241,165,105,202
392,38,103,206,241,62,159,191,37,8
392,39,42,104,227,146,76,182,64,191
393,0,152,55,42,73,252,100,89,224
393,1,134,180,173,53,98,31,37,84
393,2,222,160,137,54,16,9,196,190
393,3,239,139,191,9,21,4,255,111
393,4,84,244,22,35,80,3,52,229
393,5,116,80,196,89,168,99,48,13
393,6,188,198,40,117,214,119,229,189
393,7,83,150,249,67,130,157,110,95
393,8,216,135,144,244,129,64,36,158
393,9,160,89,252,100,56,43,11,117
393,10,35,141,89,14,74,131,49,94
393,11,43,199,175,33,77,26,48,179
393,12,248,75,40,189,213,13,245,234
393,13,162,115,94,121,90,213,82,167
393,14,62,212,145,63,236,13,190,219
393,15,45,136,64,157,175,189,173,244
393,16,68,76,218,227,101,251,84,58
393,17,84,2,52,179,14,145,51,189
393,18,120,79,96,121,202,30,74,9
393,19,23,0,169,235,154,242,93,123
393,20,216,135,144,211,149,25,223,218
393,21,160,234,183,149,109,128,65,185
393,22,121,89,80,74,105,8,224,201
393,23,33,177,233,126,87,24,215,26
393,24,175,75,243,40,27,248,5,46
393,25,2,115,133,70,255,121,75,117
393,26,104,56,207,206,150,142,139,26
393,27,136,45,189,132,175,113,56,27
393,28,227,68,114,158,225,76,249,153
393,29,84,215,51,253,121,50,161,232
393,30,120,14,60,86,107,24,236,42
393,31,23,10,87,32,113,112,242,84
393,32,5,129,15,24,83,23,54,171
393,33,251,0,240,19,10,44,137,98
393,34,32,99,241,129,29,115,157,174
393,35,119,75,248,46,101,173,164,215
393,36,185,165,177,111,123,101,219,208
393,37,54,120,230,151,122,118,77,189
393,38,138,165,62,159,193,7,207,42
393,39,5,74,170,137,66,90,41,96
394,0,154,0,219,1,248,201,217,178
394,1,116,15,31,41,6,173,220,237
394,2,160,137,192,54,205,96,222,9
394,3,57,185,181,96,32,107,165,241
394,4,244,203,52,22,10,169,5,32
394,5,126,36,9,196,99,246,216,29
394,6,188,229,117,98,189,234,45,141
394,7,136,83,72,249,157,53,150,126
394,8,216,144,13,243,129,167,202,135
394,9,89,100,56,80,11,183,252,33
394,10,35,74,89,131,141,210,241,182
394,11,43,26,77,75,33,199,4,38
394,12,248,75,40,48,234,104,255,25
394,13,162,90,223,214,94,82,213,75
394,14,62,92,212,145,3,236,215,68
394,15,64,136,189,107,160,246,128,15
394,16,68,76,251,66,79,223,77,246
394,17,2,84,179,52,51,121,113,119
394,18,120,30,96,121,202,51,42,146
394,19,23,0,103,172,87,149,56,49
394,20,144,213,223,135,106,232,114,218
394,21,121,77,8,218,128,49,100,201
394,22,74,89,48,131,22,210,127,217
394,23,77,24,123,4,90,45,83,43
394,24,248,75,189,175,214,48,204,114
394,25,162,223,10,2,115,90,67,225
394,26,3,56,85,119,212,110,154,8
394,27,136,45,175,22,189,27,132,15
394,28,18,68,76,251,223,57,77,114
394,29,179,84,51,249,121,118,2,52
394,30,96,120,213,202,60,14,74,3
394,31,23,103,0,149,200,32,112,87
394,32,5,23,228,147,138,54,82,133
394,33,251,76,44,254,147,78,10,208
394,34,151,106,231,228,76,31,226,129
394,35,119,75,159,59,101,140,252,173
394,36,185,143,230,76,208,101,240,219
394,37,198,100,230,205,24,54,2,19
394,38,134,17,5,193,138,242,165,83
394,39,40,108,107,236,57,193,182,66
395,0,91,145,179,51,197,242,9,101
395,1,227,87,184,64,74,247,168,130
395,2,162,114,206,197,30,4,19,9
395,3,59,139,142,208,205,32,88,52
395,4,131,241,151,230,190,198,10,16
395,5,13,181,243,6,139,212,28,99
395,6,188,229,234,51,233,121,117,37
395,7,249,83,113,136,157,95,126,150
395,8,144,13,22,244,230,114,218,167
395,9,77,69,100,228,89,222,49,163
395,10,113,35,74,141,89,131,241,71
395,11,179,243,26,83,246,33,172,240
395,12,248,75,255,234,40,48,25,189
395,13,162,10,223,90,2,75,78,94
395,14,3,212,244,13,154,197,233,153
395,15,107,23,196,136,246,64,175,151
395,16,223,76,68,94,251,77,164,246
395,17,2,121,81,108,145,179,39,52
395,18,51,20,120,121,30,147,42,202
395,19,49,6,1,186,172,56,87,112
395,20,144,213,89,22,135,232,114,230
395,21,100,69,49,8,77,218,86,252
395,22,89,131,113,74,83,71,217,13
395,23,83,123,77,192,90,244,124,26
395,24,48,75,248,189,25,28,79,229
395,25,162,10,223,2,90,67,44,70
395,26,3,212,21,208,150,100,200,56
395,27,23,107,136,27,15,175,247,45
395,28,18,68,251,76,77,62,57,114
395,29,2,179,249,46,121,215,84,118
395,30,120,96,213,202,60,121,14,74
395,31,103,112,0,186,23,200,149,255
395,32,5,228,23,54,51,66,16,64
395,33,0,44,76,101,208,155,35,27
395,34,91,159,228,106,216,6,52,31
395,35,159,75,119,221,248,189,231,59
395,36,185,143,208,230,101,133,219,37
395,37,198,230,205,54,140,2,19,61
395,38,165,242,17,5,63,228,83,32
395,39,107,108,37,66,80,31,216,24
396,0,230,125,187,119,67,133,207,126
396,1,210,227,207,104,65,184,194,247
396,2,68,114,34,44,136,9,197,152
396,3,139,192,32,83,200,97,98,238
396,4,84,126,16,196,145,156,85,244
396,5,13,181,224,9,119,122,116,214
396,6,188,229,234,220,233,117,51,74
396,7,198,83,249,178,113,11,157,233
396,8,22,144,122,13,119,79,167,255
396,9,49,132,109,100,89,56,130,216
396,10,35,175,56,89,74,131,2,13
396,11,179,23,83,36,139,124,43,41
396,12,75,248,40,229,255,48,87,37
396,13,104,162,10,179,90,201,223,146
396,14,62,212,154,208,3,13,21,147
396,15,175,64,23,107,140,128,131,246
396,16,76,151,68,49,223,251,65,204
396,17,2,110,84,179,145,111,52,160
396,18,120,51,128,121,96,202,20,207
396,19,112,0,56,169,172,242,103,87
396,20,144,122,223,135,218,168,40,149
396,21,109,132,100,8,233,183,56,49
396,22,74,145,89,227,215,189,48,136
396,23,179,16,192,90,149,83,124,41
396,24,75,229,189,48,175,248,79,188
396,25,162,44,5,3,49,2,70,27
396,26,185,119,215,4,104,212,140,219
396,27,136,196,117,174,175,27,22,160
396,28,18,114,76,204,218,60,62,36
396,29,118,121,107,249,2,51,53,175
396,30,213,120,121,0,193,14,42,229
396,31,36,49,112,152,56,186,197,246
396,32,13,161,149,51,135,54,213,101
396,33,52,90,98,67,87,197,157,229
396,34,159,32,91,36,133,46,179,250
396,35,119,86,164,215,64,248,213,130
396,36,4,65,143,89,128,115,230,69
396,37,198,230,100,98,123,68,61,92
396,38,193,42,23,5,17,18,145,231
396,39,21,106,22,173,91,118,90,190
397,0,255,246,168,34,181,206,245,216
397,1,148,36,136,159,99,110,137,229
397,2,231,156,105,73,67,200,138,85
397,3,86,161,60,253,127,145,246,124
397,4,48,69,31,64,50,23,141,232
397,5,25,21,180,57,215,200,121,247
397,6,248,225,214,111,24,190,211,124
397,7,213,241,186,141,98,63,188,148
397,8,81,11,217,18,91,139,235,78
397,9,201,235,246,135,72,127,184,232
397,10,23,14,145,43,179,144,96,215
397,11,152,78,90,104,25,80,34,219
397,12,251,58,167,142,79,24,78,100
397,13,34,233,52,177,119,162,236,161
397,14,212,3,222,233,21,34,114,95
397,15,107,45,175,243,100,90,89,92
397,16,94,142,202,218,16,49,84,79
397,17,2,81,246,145,83,82,92,121
397,18,121,20,30,42,147,156,200,77
397,19,186,32,158,152,112,246,119,207
397,20,11,110,144,18,114,22,217,148
397,21,100,136,184,218,63,223,49,229
397,22,178,131,14,174,71,180,33,241
397,23,41,224,168,83,57,249,87,251
397,24,204,48,200,8,124,218,25,152
397,25,86,10,225,52,35,132,41,192
397,26,222,234,3,153,21,39,166,70
397,27,39,107,191,89,7,0,216,34
397,28,18,94,177,98,114,57,31,112
397,29,2,94,168,81,108,125,113,53
397,30,0,213,121,60,172,147,186,76
397,31,36,49,152,112,186,194,94,255
397,32,161,51,13,68,135,203,54,205
397,33,52,90,132,98,143,67,229,195
397,34,159,133,120,163,52,36,46,32
397,35,86,119,215,74,164,9,21,141
397,36,115,93,128,143,4,73,89,230
397,37,100,98,36,130,123,230,198,69
397,38,37,23,236,88,233,43,245,42
397,39,42,106,173,192,196,80,114,118
398,0,205,252,42,12,89,194,25,224
398,1,180,134,221,53,98,135,77,31
398,2,112,68,16,24,209,192,197,72
398,3,120,215,44,66,239,111,9,82
398,4,84,22,145,32,224,177,165,80
398,5,13,68,80,99,196,107,38,116
398,6,188,229,6,234,198,117,224,253
398,7,83,249,150,95,110,51,245,145
398,8,144,135,244,22,114,255,119,230
398,9,100,89,252,222,43,56,163,231
398,10,35,131,89,6,74,241,244,168
398,11,72,33,199,83,43,77,26,105
398,12,248,75,25,234,48,40,37,229
398,13,162,90,94,65,223,240,82,115
398,14,212,3,21,143,92,208,190,145
398,15,107,175,64,160,51,151,163,221
398,16,76,223,91,68,251,142,77,94
398,17,2,81,145,84,14,121,113,179
398,18,121,20,51,120,79,147,146,88
398,19,112,49,6,186,152,172,254,158
398,20,144,213,135,40,217,22,149,89
398,21,100,71,49,136,8,160,128,200
398,22,131,113,70,74,115,238,89,95
398,23,72,123,83,77,174,246,126,38
398,24,248,48,189,25,110,204,75,252
398,25,162,10,5,71,70,193,225,255
398,26,3,21,212,222,100,208,191,254
398,27,39,107,136,117,175,247,0,23
398,28,18,32,62,94,112,98,91,60
398,29,94,2,81,107,119,61,145,121
398,30,0,147,121,76,186,213,79,22
398,31,49,152,112,36,94,246,128,139
398,32,161,51,125,68,215,138,3,205
398,33,132,90,52,47,143,55,111,247
398,34,159,241,20,197,120,52,163,185
398,35,86,215,74,119,21,129,128,9
398,36,93,115,128,73,143,106,89,4
398,37,100,101,169,123,74,36,130,80
398,38,199,57,61,23,196,7,67,21
398,39,163,107,236,108,211,173,106,196
399,0,113,166,97,142,154,123,197,150
399,1,34,26,59,225,11,132,216,187
399,2,17,103,227,74,59,88,162,100
399,3,146,31,84,46,211,135,152,142
399,4,161,13,65,14,167,241,196,131
399,5,104,161,6,88,10,186,103,253
399,6,215,188,180,234,121,83,233,229
399,7,249,29,91,23,216,156,145,110
399,8,89,33,105,115,180,56,119,230
399,9,39,29,94,49,59,228,36,13
399,10,113,130,248,175,21,199,6,206
399,11,20,161,243,185,187,102,99,88
399,12,87,63,255,229,26,252,69,254
399,13,97,10,43,4,117,162,75,128
399,14,20,3,212,244,124,105,140,95
399,15,81,65,107,196,23,129,243,175
399,16,223,94,196,5,24,79,9,142
399,17,172,193,81,2,61,83,82,53
399,18,20,0,39,57,186,187,121,148
399,19,130,152,6,172,145,119,186,243
399,20,144,110,89,33,180,96,36,138
399,21,39,29,100,85,94,31,49,56
399,22,83,113,130,36,39,1,69,121
399,23,174,83,161,20,203,123,124,236
399,24,63,160,26,32,64,229,48,188
399,25,43,81,147,10,162,29,15,193
399,26,222,20,21,212,124,43,3,208
399,27,39,65,96,107,81,23,57,0
399,28,94,32,5,195,98,18,237,96
399,29,2,132,172,83,81,145,108,8
399,30,148,22,142,187,121,186,88,0
399,31,130,128,112,152,171,240,94,218
399,32,215,161,99,254,113,155,68,51
399,33,190,55,143,232,215,126,107,67
399,34,88,67,62,220,161,204,46,97
399,35,2,129,86,66,227,74,248,213
399,36,207,156,202,18,128,130,157,246
399,37,77,7,43,250,42,36,183,206
399,38,255,93,138,71,100,140,174,196
399,39,139,69,162,73,114,235,106,165
400,0,233,6,22,85,106,66,40,157
400,1,128,250,90,223,191,132,73,77
400,2,22,87,198,152,134,169,121,59
400,3,55,76,4,217,92,73,45,75
400,4,242,118,122,228,65,159,196,61
400,5,10,249,161,243,29,74,72,166
400,6,122,90,208,180,198,193,221,141
400,7,44,91,2,109,156,231,249,56
400,8,120,180,57,103,149,100,219,73
400,9,96,217,49,182,224,199,59,118
400,10,62,161,253,46,6,113,167,208
400,11,195,142,192,20,203,168,102,38
400,12,138,255,175,224,87,195,69,252
400,13,10,49,2,116,117,152,201,206
400,14,213,3,217,83,180,140,197,191
400,15,39,36,196,168,20,107,243,140
400,16,223,18,147,94,142,204,96,216
400,17,2,132,81,104,193,82,107,218
400,18,20,121,186,147,39,42,217,172
400,19,225,112,152,186,246,153,218,172
400,20,144,120,110,103,22,217,114,96
400,21,100,136,217,96,8,218,31,49
400,22,24,46,62,80,83,127,218,131
400,23,20,203,123,83,195,41,75,192
400,24,48,189,139,200,25,204,243,252
400,25,162,100,225,250,193,49,10,2
400,26,21,212,222,43,213,208,233,100
400,27,39,107,36,96,102,175,151,213
400,28,18,13,181,62,94,237,96,163
400,29,2,104,132,145,247,83,125,113
400,30,188,121,147,22,142,186,88,148
400,31,225,152,112,128,94,36,240,186
400,32,102,48,215,68,245,18,51,221
400,33,121,55,224,11,205,107,143,215
400,34,67,208,175,64,220,204,70,202
400,35,94,2,129,5,85,86,219,227
400,36,67,195,156,130,139,157,128,23
400,37,7,43,130,60,219,135,82,140
400,38,163,230,255,23,93,195,201,14
400,39,138,246,1,215,114,250,27,92
401,0,127,85,18,49,153,84,102,228
401,1,85,29,63,255,137,119,237,110
401,2,134,89,87,169,117,172,232,225
401,3,51,116,20,203,55,17,141,171
401,4,228,196,12,150,215,229,79,255
401,5,249,243,169,42,72,29,166,106
401,6,193,122,145,166,90,181,180,77
401,7,56,156,54,234,145,214,233,9
401,8,120,144,149,199,213,100,167,166
401,9,224,49,151,183,199,233,133,182
401,10,24,6,46,167,218,253,177,82
401,11,114,195,192,168,88,253,162,123
401,12,175,138,224,11,189,206,79,95
401,13,10,91,38,146,162,49,5,128
401,14,29,213,46,83,180,212,3,21
401,15,36,20,39,45,140,117,168,196
401,16,223,137,18,94,204,163,92,216
401,17,2,107,218,81,121,145,82,125
401,18,121,20,172,147,199,217,42,188
401,19,186,112,194,91,153,152,233,246
401,20,144,120,217,22,213,110,232,36
401,21,100,128,8,228,218,134,214,65
401,22,218,131,46,24,21,215,127,80
401,23,114,248,192,83,41,126,90,124
401,24,48,200,79,110,190,189,204,139
401,25,162,38,193,225,70,91,250,227
401,26,21,212,208,215,222,62,43,252
401,27,36,247,107,174,151,141,175,39
401,28,137,18,13,62,169,23,182,204
401,29,2,218,102,125,247,145,104,53
401,30,121,147,188,20,34,199,88,213
401,31,194,112,186,152,94,28,36,56
401,32,221,51,102,68,245,215,214,11
401,33,168,121,55,224,205,72,137,245
401,34,81,208,55,204,192,159,67,236
401,35,39,129,99,56,183,219,227,189
401,36,49,130,176,156,157,15,195,23
401,37,7,15,219,193,140,130,115,82
401,38,230,14,93,139,47,106,255,23
401,39,114,72,244,36,206,203,170,183
402,0,223,122,29,72,50,86,41,4
402,1,126,221,240,29,60,153,144,95
402,2,236,194,23,89,212,110,132,234
402,3,243,242,2,0,154,244,215,251
402,4,149,164,134,22,37,4,196,77
402,5,82,95,60,206,230,243,72,237
402,6,233,136,152,62,180,213,131,74
402,7,11,252,126,178,145,198,57,48
402,8,144,22,114,135,244,63,161,232
402,9,49,100,218,225,134,86,233,118
402,10,131,32,233,175,117,180,95,54
402,11,72,83,241,248,124,37,97,33
402,12,110,25,48,119,189,2,32,190
402,13,162,10,90,185,255,82,0,136
402,14,3,21,212,217,143,34,208,233
402,15,79,0,107,221,97,64,104,151
402,16,223,76,142,94,169,193,177,62
402,17,2,81,121,49,108,145,83,45
402,18,20,121,186,147,151,42,153,30
402,19,6,186,49,152,112,194,254,125
402,20,144,89,110,213,38,40,106,36
402,21,100,218,49,118,128,8,200,98
402,22,131,46,233,1,113,13,26,117
402,23,116,241,248,168,83,123,72,26
402,24,110,32,119,48,217,189,25,200
402,25,10,97,162,225,193,81,233,91
402,26,3,222,21,43,212,234,208,46
402,27,39,0,79,107,57,104,154,96
402,28,196,193,94,32,18,79,219,98
402,29,61,94,49,2,88,78,21,83
402,30,186,0,22,205,142,162,200,20
402,31,218,4,211,128,139,214,205,227
402,32,161,125,215,140,3,186,254,131
402,33,161,132,238,86,21,5,215,166
402,34,109,227,96,44,62,20,238,180
402,35,160,108,74,151,86,153,57,145
402,36,115,93,156,19,39,120,55,143
402,37,169,101,16,27,80,78,123,215
402,38,169,255,72,119,251,61,196,158
402,39,231,117,179,197,163,235,73,129
403,0,123,229,249,196,7,105,216,242
403,1,150,225,231,27,93,84,244,115
403,2,163,227,100,4,103,57,17,235
403,3,152,187,235,133,231,84,176,162
403,4,13,236,142,251,222,108,167,128
403,5,104,193,6,41,204,253,47,186
403,6,153,167,180,83,61,215,123,62
403,7,29,23,196,216,10,14,156,46
403,8,89,234,7,105,115,83,57,180
403,9,94,29,164,228,49,118,13,170
403,10,130,169,113,1,210,69,248,51
403,11,161,189,241,185,236,122,243,216
403,12,63,26,217,110,32,190,74,255
403,13,97,43,147,10,156,81,157,29
403,14,20,124,222,3,43,105,212,224
403,15,81,57,0,200,107,100,232,76
403,16,196,5,94,223,142,9,91,2
403,17,172,193,81,61,2,250,83,76
403,18,0,20,187,179,57,186,50,68
403,19,6,130,205,145,152,218,109,172
403,20,110,234,89,7,49,180,38,83
403,21,29,94,164,85,170,49,31,6
403,22,113,130,169,69,83,178,222,1
403,23,161,189,241,42,83,236,79,216
403,24,63,26,160,74,217,32,44,15
403,25,43,147,10,50,97,15,250,81
403,26,20,222,124,148,3,51,21,18
403,27,200,81,39,107,57,162,96,0
403,28,133,5,196,94,32,9,7,136
403,29,172,76,250,48,61,8,81,2
403,30,22,179,205,142,187,186,68,0
403,31,218,130,109,205,171,211,117,128
403,32,98,161,99,186,77,192,107,96
403,33,183,126,238,73,86,215,21,232
403,34,84,96,62,180,207,86,101,70
403,35,160,153,108,57,151,145,76,127
403,36,70,181,23,98,120,157,156,217
403,37,182,31,58,190,65,82,7,75
403,38,71,151,148,92,230,255,76,95
403,39,2,69,38,189,217,213,78,154
404,0,106,32,185,40,66,46,147,157
404,1,128,124,242,226,189,211,86,73
404,2,255,80,121,60,219,58,10,22
404,3,92,219,214,55,177,30,19,194
404,4,122,118,139,54,242,215,150,88
404,5,147,114,161,11,10,100,97,231
404,6,166,183,208,122,230,90,133,180
404,7,109,101,242,196,32,14,44,231
404,8,110,234,180,77,57,122,7,141
404,9,178,217,49,156,85,151,93,98
404,10,62,142,161,210,114,155,175,22
404,11,27,69,195,181,41,236,49,66
404,12,138,191,193,189,175,155,253,48
404,13,10,168,15,142,81,162,86,156
404,14,21,222,212,46,3,233,30,34
404,15,120,107,0,57,96,48,90,39
404,16,94,142,223,119,9,188,48,96
404,17,81,2,132,188,193,83,48,82
404,18,158,20,159,121,186,68,147,215
404,19,145,152,218,205,178,119,128,171
404,20,110,49,144,103,180,7,114,35
404,21,217,178,49,85,100,151,229,147
404,22,62,142,222,1,236,51,178,13
404,23,27,69,42,195,241,207,83,236
404,24,191,138,42,25,19,106,154,35
404,25,250,15,81,162,10,50,76,29
404,26,43,222,21,233,235,131,134,241
404,27,120,96,107,39,0,57,36,37
404,28,13,122,94,32,119,195,142,211
404,29,48,188,2,132,81,65,83,8
404,30,142,159,158,22,186,205,68,121
404,31,218,128,117,152,171,240,225,233
404,32,96,186,42,215,155,124,51,201
404,33,11,151,119,58,215,238,232,55
404,34,180,196,9,12,204,101,45,144
404,35,153,108,127,227,64,86,225,195
404,36,166,23,8,130,157,64,69,208
404,37,115,31,218,186,175,130,36,195
404,38,93,255,67,31,6,159,196,206
404,39,241,68,9,225,146,47,235,97
405,0,83,59,130,79,135,108,88,57
405,1,238,143,152,78,79,213,182,237
405,2,5,173,101,116,62,251,142,154
405,3,106,150,194,250,29,210,42,121
405,4,254,150,17,23,171,92,7,72
405,5,87,147,29,230,72,243,68,51
405,6,230,81,166,28,76,181,193,87
405,7,242,57,136,126,110,206,217,157
405,8,122,144,199,25,244,251,64,37
405,9,49,152,69,183,60,33,192,124
405,10,88,142,210,195,228,192,62,240
405,11,69,39,41,88,5,249,205,127
405,12,76,175,28,189,83,211,117,141
405,13,10,168,2,162,86,68,82,15
405,14,212,21,233,34,213,30,107,56
405,15,120,107,219,34,90,56,36,175
405,16,94,142,223,77,48,79,24,119
405,17,2,81,188,132,251,83,121,65
405,18,158,20,147,121,159,42,40,200
405,19,152,119,145,178,32,254,200,158
405,20,144,122,110,103,49,114,199,232
405,21,69,49,217,100,214,88,177,34
405,22,228,62,142,88,180,166,155,192
405,23,69,39,83,207,241,40,87,58
405,24,169,19,155,35,182,106,200,25
405,25,10,206,233,209,162,192,247,68
405,26,62,43,222,238,206,119,215,185
405,27,70,48,150,254,2,89,219,117
405,28,13,122,142,211,50,134,210,200
405,29,81,2,188,167,48,168,53,247
405,30,147,158,121,34,20,181,132,40
405,31,152,188,32,15,254,94,194,186
405,32,60,121,124,51,49,42,231,154
405,33,33,108,197,119,67,78,53,195
405,34,40,36,108,214,138,174,114,229
405,35,215,209,95,195,234,69,80,104
405,36,219,208,225,143,69,112,130,230
405,37,239,218,230,242,98,130,195,73
405,38,23,252,144,70,98,143,233,228
405,39,96,216,185,56,134,22,90,144
406,0,0,189,78,148,89,248,12,137
406,1,186,103,204,135,130,213,161,252
406,2,32,5,187,124,190,6,116,254
406,3,184,109,33,165,240,107,8,215
406,4,178,196,137,41,250,158,51,238
406,5,36,72,33,126,60,192,206,122
406,6,205,230,28,141,191,252,45,145
406,7,149,18,59,251,168,139,15,242
406,8,144,108,142,22,32,125,202,114
406,9,31,100,183,149,230,177,141,17
406,10,221,131,195,141,192,77,45,228
406,11,184,244,118,83,243,70,154,117
406,12,180,131,255,188,252,18,14,189
406,13,240,82,162,68,10,198,2,237
406,14,85,212,213,34,68,107,21,82
406,15,107,102,196,219,111,216,160,175
406,16,142,23,77,62,141,218,131,49
406,17,2,184,188,81,225,214,121,116
406,18,158,121,20,147,30,154,174,88
406,19,15,149,49,144,186,254,112,178
406,20,144,202,213,49,103,122,232,22
406,21,100,49,228,192,145,11,177,88
406,22,228,221,226,131,77,192,155,180
406,23,118,244,69,154,164,70,26,58
406,24,155,28,19,148,25,101,121,11
406,25,10,162,148,49,81,156,51,206
406,26,222,85,43,233,95,119,212,235
406,27,107,39,132,115,0,89,251,69
406,28,142,211,109,99,204,77,122,23
406,29,184,214,2,132,81,48,188,247
406,30,158,147,188,132,121,20,40,186
406,31,152,15,194,218,149,94,32,254
406,32,121,138,202,48,51,66,173,212
406,33,147,78,225,67,197,76,84,108
406,34,226,40,175,163,245,209,137,36
406,35,234,155,209,115,215,195,101,9
406,36,230,4,148,240,233,219,151,143
406,37,230,198,62,252,100,56,165,54
406,38,23,193,17,159,143,235,49,233
406,39,107,134,236,21,45,193,133,22
407,0,230,36,45,94,149,134,213,244
407,1,186,74,212,25,252,54,136,83
407,2,155,168,182,138,161,240,55,250
407,3,49,8,28,254,193,86,137,178
407,4,39,229,23,96,238,150,73,87
407,5,154,179,124,177,72,8,122,138
407,6,99,247,191,205,212,214,244,220
407,7,183,242,104,175,99,201,234,162
407,8,166,37,251,143,6,167,100,75
407,9,183,62,140,192,199,233,17,182
407,10,195,228,210,69,255,106,109,174
407,11,167,70,83,205,184,127,63,88
407,12,188,180,252,177,187,29,141,47
407,13,10,2,184,68,82,241,206,247
407,14,213,82,107,85,34,91,120,238
407,15,178,35,48,168,89,34,216,219
407,16,23,50,223,29,90,27,161,142
407,17,188,112,168,81,95,82,184,207
407,18,158,20,154,147,60,37,104,246
407,19,186,148,32,178,158,49,90,119
407,20,78,47,103,202,24,211,199,10
407,21,112,60,42,163,49,80,83,195
407,22,228,49,69,192,44,77,28,179
407,23,164,16,244,70,243,118,34,233
407,24,84,19,182,28,141,148,201,22
407,25,10,192,115,148,206,51,247,106
407,26,62,85,43,110,9,251,206,34
407,27,70,178,42,39,196,175,130,192
407,28,142,13,102,109,132,29,211,100
407,29,184,2,54,132,214,48,188,168
407,30,147,158,121,188,90,20,14,186
407,31,152,49,194,149,112,32,158,227
407,32,121,51,48,138,202,214,133,82
407,33,47,225,197,177,53,27,195,90
407,34,163,175,36,245,99,98,159,120
407,35,94,215,9,101,155,104,77,5
407,36,103,69,230,148,231,224,240,151
407,37,116,100,43,226,98,130,36,252
407,38,37,23,206,175,235,165,174,233
407,39,42,193,155,106,166,87,73,76
408,0,19,116,5,21,198,239,240,250
408,1,228,241,82,186,209,179,63,69
408,2,182,77,199,161,240,174,98,155
408,3,185,57,96,181,52,245,141,193
408,4,137,22,238,100,111,68,173,56
408,5,206,126,60,173,192,16,154,33
408,6,40,23,213,229,101,117,234,141
408,7,53,252,6,126,178,149,83,129
408,8,144,22,232,40,63,244,13,114
408,9,160,100,183,218,35,89,31,222
408,10,131,89,141,195,168,162,210,149
408,11,83,184,124,244,100,30,70,127
408,12,180,239,189,13,64,25,75,248
408,13,162,240,10,90,223,82,68,190
408,14,213,21,212,3,233,85,30,219
408,15,107,15,246,92,219,102,196,151
408,16,77,76,23,142,251,223,94,84
408,17,2,81,184,121,188,82,168,251
408,18,121,158,147,20,30,42,88,51
408,19,186,49,149,254,94,148,125,152
408,20,144,213,202,106,211,199,103,36
408,21,49,100,163,147,218,8,60,33
408,22,226,221,131,13,228,77,11,28
408,23,123,244,118,70,164,83,243,26
408,24,11,28,148,182,200,25,87,131
408,25,10,162,240,148,81,2,192,233
408,26,62,85,212,43,222,21,233,3
408,27,39,107,175,130,0,89,219,44
408,28,13,102,142,181,237,211,62,79
408,29,184,2,132,188,214,48,53,81
408,30,188,158,147,121,142,90,20,234
408,31,152,194,112,149,218,199,49,94
408,32,121,48,51,138,102,40,133,177
408,33,47,225,90,224,197,55,167,107
408,34,163,175,120,128,67,98,241,64
408,35,94,85,2,86,5,9,187,213
408,36,67,4,195,230,69,224,240,130
408,37,43,100,232,101,127,130,195,226
408,38,23,242,17,206,210,143,248,159
408,39,107,155,193,236,211,163,87,80
409,0,130,179,168,145,154,164,150,219
409,1,139,106,64,216,87,0,78,151
409,2,244,111,40,99,105,174,196,183
409,3,142,59,107,8,135,46,255,97
409,4,241,151,131,181,198,82,230,170
409,5,103,176,167,175,231,113,240,37
409,6,230,247,6,64,95,180,216,227
409,7,242,129,126,99,234,224,11,217
409,8,144,37,22,199,114,251,93,105
409,9,69,49,117,100,233,231,141,33
409,10,228,69,192,210,142,195,2,24
409,11,174,243,69,83,197,254,205,127
409,12,11,28,180,188,255,200,177,252
409,13,10,168,82,241,86,68,121,152
409,14,213,46,180,3,219,40,251,8
409,15,89,44,150,192,203,175,131,34
409,16,185,48,142,180,188,161,223,31
409,17,188,81,168,132,92,2,10,82
409,18,158,20,147,188,42,40,121,186
409,19,91,119,178,152,186,145,199,90
409,20,120,103,110,199,10,114,65,142
409,21,14,69,49,228,34,8,148,80
409,22,24,142,1,28,222,51,210,228
409,23,69,210,207,123,241,181,250,34
409,24,19,110,87,84,206,22,35,122
409,25,81,21,10,51,192,247,141,72
409,26,43,222,62,21,235,213,119,83
409,27,39,96,203,36,70,44,254,89
409,28,13,237,122,211,142,181,94,195
409,29,2,132,188,48,214,83,247,145
409,30,188,142,158,121,115,22,174,147
409,31,128,194,199,152,218,112,240,222
409,32,102,48,51,221,245,215,18,24
409,33,126,224,55,225,205,121,245,107
409,34,175,67,64,120,208,236,240,204
409,35,94,85,2,129,5,227,127,187
409,36,195,67,156,23,2,246,157,230
409,37,7,43,135,60,82,186,6,232
409,38,163,230,255,206,93,201,23,67
409,39,138,246,1,114,215,235,37,47
410,0,127,85,49,18,153,146,58,227
410,1,29,43,30,4,66,123,235,17
410,2,169,111,40,22,164,154,174,152
410,3,116,20,51,171,55,141,203,42
410,4,215,12,228,150,120,130,159,49
410,5,249,169,56,82,122,134,107,231
410,6,230,136,166,180,37,170,47,252
410,7,242,56,126,234,161,217,11,156
410,8,120,144,251,22,37,199,100,64
410,9,224,182,250,183,117,49,233,175
410,10,24,218,142,212,210,192,69,2
410,11,114,69,127,205,241,207,40,192
410,12,11,28,175,48,189,253,200,252
410,13,10,38,68,162,82,241,67,91
410,14,180,46,213,21,40,230,81,8
410,15,168,36,120,70,93,47,89,150
410,16,137,175,142,48,223,185,23,94
410,17,2,188,81,168,247,121,82,132
410,18,158,121,20,188,147,88,42,60
410,19,91,233,152,186,32,10,153,254
410,20,120,144,110,199,114,209,122,36
410,21,228,100,14,128,218,163,8,80
410,22,218,24,44,131,69,28,142,71
410,23,114,69,241,181,207,149,5,34
410,24,110,175,243,200,48,139,224,87
410,25,38,162,209,2,206,192,21,242
410,26,62,21,119,212,43,222,136,215
410,27,70,254,89,141,62,107,45,219
410,28,13,137,142,175,48,62,23,122
410,29,2,247,218,167,102,97,48,145
410,30,158,121,174,147,188,20,88,24
410,31,194,152,112,94,28,254,128,222
410,32,221,51,102,245,68,148,214,24
410,33,168,121,55,224,205,245,57,67
410,34,81,208,55,192,45,204,67,236
410,35,39,99,129,227,56,64,222,250
410,36,49,195,156,23,157,130,176,15
410,37,7,15,193,82,97,115,140,90
410,38,230,14,80,106,93,139,32,255
410,39,72,114,244,183,36,203,250,92
411,0,4,122,46,218,248,212,63,29
411,1,221,126,29,143,240,17,60,161
411,2,236,23,194,212,189,182,174,61
411,3,243,2,242,154,191,132,139,228
411,4,149,164,22,134,77,4,75,185
411,5,82,206,95,60,243,107,164,230
411,6,136,152,62,180,230,66,213,131
411,7,11,252,126,178,242,13,198,48
411,8,22,144,114,135,232,251,63,244
411,9,100,49,218,160,60,134,225,118
411,10,32,131,180,233,95,1,54,141
411,11,83,241,248,40,26,124,37,97
411,12,110,25,119,48,239,28,189,184
411,13,162,10,90,185,201,240,192,193
411,14,21,3,212,143,233,30,208,56
411,15,221,107,175,70,246,79,64,142
411,16,76,62,142,175,84,94,223,169
411,17,2,81,49,121,247,188,145,251
411,18,121,20,174,147,158,66,153,151
411,19,186,49,152,6,112,56,172,238
411,20,89,144,213,110,199,232,36,121
411,21,49,100,218,8,98,170,163,214
411,22,142,1,131,233,95,216,13,245
411,23,203,241,116,70,164,237,83,40
411,24,32,110,175,48,200,25,87,28
411,25,10,162,81,188,148,19,71,192
411,26,3,222,21,234,203,233,212,208
411,27,39,0,107,79,104,175,96,199
411,28,94,102,32,181,98,7,175,219
411,29,49,48,132,2,247,21,81,83
411,30,142,22,90,68,205,186,200,64
411,31,218,128,152,117,254,171,29,240
411,32,148,161,96,186,140,215,75,155
411,33,161,5,132,133,166,238,119,86
411,34,227,45,180,109,44,238,229,205
411,35,153,86,148,187,190,127,108,129
411,36,55,115,92,227,39,148,93,156
411,37,130,186,16,169,78,232,175,6
411,38,255,177,115,169,67,35,196,159
411,39,75,117,179,235,73,100,133,165
412,0,97,113,166,142,123,205,210,10
412,1,199,34,26,59,62,132,187,151
412,2,227,132,59,162,235,242,4,130
412,3,42,76,211,31,135,46,84,121
412,4,17,161,167,102,131,251,179,120
412,5,10,161,204,104,14,190,51,109
412,6,230,167,180,243,136,93,81,62
412,7,40,242,91,196,126,109,29,108
412,8,89,57,56,113,73,69,42,110
412,9,39,94,49,29,13,118,60,115
412,10,142,62,1,130,210,248,69,216
412,11,203,241,236,20,185,250,195,95
412,12,190,63,26,28,56,87,255,110
412,13,10,97,81,168,15,156,86,43
412,14,3,222,21,46,124,43,104,212
412,15,39,65,107,0,175,57,81,36
412,16,9,94,142,196,181,188,223,99
412,17,132,81,193,61,172,2,108,93
412,18,20,90,121,147,68,39,200,42
412,19,152,178,128,145,225,56,243,112
412,20,110,144,103,89,36,199,114,180
412,21,39,217,85,94,49,170,151,229
412,22,62,142,83,208,1,236,222,48
412,23,203,42,241,216,195,83,236,172
412,24,190,48,200,191,110,42,188,32
412,25,15,250,29,162,21,10,43,196
412,26,222,21,41,233,212,18,208,110
412,27,39,65,96,0,102,107,37,36
412,28,13,94,195,237,181,142,7,98
412,29,132,2,48,81,65,83,247,8
412,30,142,22,68,205,121,200,147,64
412,31,130,218,128,117,152,240,171,187
412,32,96,186,148,107,215,124,155,122
412,33,232,119,190,58,238,215,55,245
412,34,88,180,45,196,144,204,101,229
412,35,153,108,151,202,127,227,17,76
412,36,23,166,207,181,148,8,230,64
412,37,31,115,229,175,186,68,20,218
412,38,93,255,67,6,196,235,176,230
412,39,241,68,9,225,146,47,222,73
413,0,83,6,59,130,108,88,57,135
413,1,238,152,158,213,110,78,182,143
413,2,64,134,198,239,8,36,87,108
413,3,106,250,29,210,8,46,246,129
413,4,17,254,23,171,127,62,92,61
413,5,87,160,29,109,68,207,102,166
413,6,81,166,28,199,164,97,76,193
413,7,40,91,156,99,157,214,162,201
413,8,251,37,73,199,6,218,249,122
413,9,152,69,49,183,219,68,153,56
413,10,88,228,69,210,62,183,104,240
413,11,39,203,38,127,123,168,112,88
413,12,190,187,224,189,184,102,117,175
413,13,10,227,68,2,82,128,206,253
413,14,219,212,34,41,238,82,114,213
413,15,39,107,36,175,196,34,237,219
413,16,218,50,142,62,225,49,66,223
413,17,2,81,168,121,167,65,95,145
413,18,121,20,147,3,30,200,42,37
413,19,152,186,246,254,200,32,112,194
413,20,144,122,36,103,114,110,202,149
413,21,69,49,34,158,100,56,8,11
413,22,228,210,60,199,127,104,183,141
413,23,246,40,58,16,38,22,113,173
413,24,169,190,200,141,187,177,204,189
413,25,227,162,15,10,188,196,225,132
413,26,185,8,119,125,56,69,127,142
413,27,47,254,219,56,89,115,175,0
413,28,142,62,248,216,218,109,18,98
413,29,2,81,247,168,53,82,182,48
413,30,147,40,42,121,9,133,166,20
413,31,152,32,188,194,158,15,254,246
413,32,121,60,124,82,35,213,63,51
413,33,33,108,197,225,53,180,195,99
413,34,138,192,176,245,31,137,204,229
413,35,69,95,5,215,117,137,250,234
413,36,208,130,4,230,64,225,240,224
413,37,239,218,230,252,51,127,179,98
413,38,23,67,70,223,235,144,231,143
413,39,96,236,185,35,22,56,216,47
414,0,0,189,78,148,89,248,19,12
414,1,186,204,103,130,213,55,161,135
414,2,54,32,124,6,222,190,254,198
414,3,184,215,207,240,168,115,121,195
414,4,178,137,41,244,51,158,169,63
414,5,36,33,126,68,245,72,122,38
414,6,205,28,170,67,141,45,29,40
414,7,149,18,59,251,183,139,233,20
414,8,144,216,142,114,25,32,202,108
414,9,31,100,149,222,183,182,230,75
414,10,221,131,90,104,210,2,38,172
414,11,184,244,118,83,1,166,197,100
414,12,180,190,131,255,189,187,87,37
414,13,240,162,82,115,227,68,237,198
414,14,212,85,34,68,21,233,3,107
414,15,107,196,97,92,243,246,175,219
414,16,62,76,142,77,84,218,251,23
414,17,2,184,81,225,145,121,82,34
414,18,121,30,147,136,20,40,140,36
414,19,49,149,15,186,94,125,254,246
414,20,144,213,202,254,199,36,244,149
414,21,49,121,100,60,218,192,53,214
414,22,221,104,131,229,78,77,136,189
414,23,118,244,58,26,173,246,123,183
414,24,131,200,2,189,87,204,246,239
414,25,162,227,10,115,188,213,2,225
414,26,212,110,85,56,70,34,219,21
414,27,47,175,107,132,92,59,219,167
414,28,142,18,102,62,181,169,176,98
414,29,184,2,132,214,81,53,247,34
414,30,147,188,142,121,40,42,20,90
414,31,152,149,15,49,246,194,199,85
414,32,121,48,245,138,102,202,82,122
414,33,147,225,47,224,107,55,90,78
414,34,226,175,163,67,120,204,64,202
414,35,94,5,187,85,137,86,2,9
414,36,195,67,4,156,246,230,240,69
414,37,43,100,62,60,135,56,101,36
414,38,199,23,57,242,61,206,10,8
414,39,236,211,157,134,163,219,155,87
415,0,36,130,179,168,176,145,45,150
415,1,139,216,106,64,87,78,0,151
415,2,182,15,155,25,175,19,77,244
415,3,142,59,8,135,107,205,208,46
415,4,241,131,198,151,39,181,138,19
415,5,24,37,103,176,107,113,139,245
415,6,81,67,193,128,170,44,6,223
415,7,217,15,40,183,224,174,226,121
415,8,199,202,251,144,114,37,125,93
415,9,69,192,117,11,183,60,141,140
415,10,228,210,69,24,212,49,42,73
415,11,154,243,173,127,171,40,174,168
415,12,190,11,28,180,255,187,177,182
415,13,10,227,82,70,253,193,57,241
415,14,213,219,223,8,114,119,46,104
415,15,196,175,93,59,151,34,160,89
415,16,218,39,180,62,131,48,49,158
415,17,167,99,113,168,39,82,34,10
415,18,3,20,30,42,38,121,104,90
415,19,186,91,194,32,254,199,74,178
415,20,120,103,144,202,138,36,237,128
415,21,69,192,60,163,135,8,158,252
415,22,24,252,69,60,210,123,136,199
415,23,123,58,173,16,24,76,246,40
415,24,190,187,200,177,224,206,189,87
415,25,227,21,185,159,118,2,193,162
415,26,21,222,110,119,70,114,219,185
415,27,39,96,0,203,37,219,115,23
415,28,13,62,181,142,237,169,218,223
415,29,132,214,2,247,168,48,83,145
415,30,188,142,68,147,20,121,42,88
415,31,152,128,199,112,194,240,218,91
415,32,102,245,48,82,68,51,122,212
415,33,225,107,224,126,151,47,55,96
415,34,175,67,64,240,236,163,120,204
415,35,94,5,85,2,187,129,227,35
415,36,195,67,156,2,246,152,23,69
415,37,43,60,135,7,82,20,56,161
415,38,163,201,255,230,234,93,119,76
415,39,246,1,138,215,250,92,122,203
416,0,233,46,63,172,127,202,4,110
416,1,109,165,198,43,30,52,251,83
416,2,15,147,110,23,134,22,40,164
416,3,55,116,30,20,171,177,112,51
416,4,155,215,12,71,228,254,112,138
416,5,27,254,11,169,18,12,100,249
416,6,175,166,154,73,18,235,180,170
416,7,56,40,196,126,101,183,15,228
416,8,38,49,7,65,110,114,204,103
416,9,215,96,49,148,14,100,227,145
416,10,24,51,218,252,210,1,114,95
416,11,247,79,114,241,236,210,171,187
416,12,190,11,32,178,43,110,206,87
416,13,10,38,76,81,57,227,156,34
416,14,46,222,21,234,219,180,34,114
416,15,76,16,39,0,57,107,175,171
416,16,62,142,13,223,94,188,169,79
416,17,114,132,2,218,197,167,121,88
416,18,20,214,215,188,121,186,42,68
416,19,233,91,152,199,178,218,128,112
416,20,120,38,49,110,144,7,114,122
416,21,215,96,14,218,100,240,228,229
416,22,24,252,218,51,114,28,55,1
416,23,79,114,247,241,216,236,234,210
416,24,190,110,200,139,203,87,48,253
416,25,195,38,76,10,162,250,21,91
416,26,21,83,43,222,62,70,233,208
416,27,16,76,0,39,107,219,104,36
416,28,13,142,45,223,94,98,100,62
416,29,2,114,102,83,48,247,7,82
416,30,215,214,188,142,121,147,9,42
416,31,152,128,94,112,227,71,240,170
416,32,139,221,102,51,245,122,48,62
416,33,244,121,182,55,224,205,168,96
416,34,81,208,64,67,204,151,202,95
416,35,132,94,129,2,17,0,213,189
416,36,172,252,69,169,208,195,156,130
416,37,158,43,130,7,200,247,186,252
416,38,23,163,10,100,8,196,93,252
416,39,246,114,248,222,17,1,170,235
417,0,136,80,250,84,69,14,127,194
417,1,37,165,79,109,157,230,252,208
417,2,159,147,57,15,124,225,250,134
417,3,116,20,51,171,14,55,148,131
417,4,215,12,155,228,37,182,199,172
417,5,12,15,169,82,221,56,29,76
417,6,175,154,136,170,18,37,73,91
417,7,56,88,126,161,217,183,11,57
417,8,120,49,144,38,114,22,25,251
417,9,100,192,183,11,49,215,182,225
417,10,24,192,51,218,210,21,104,69
417,11,79,241,114,88,247,102,40,172
417,12,190,11,167,178,255,203,87,28
417,13,195,10,227,82,76,2,70,162
417,14,57,219,223,8,177,191,91,21
417,15,16,53,243,137,219,93,196,89
417,16,39,66,218,62,216,23,225,137
417,17,114,86,167,2,171,82,24,34
417,18,214,121,215,30,188,20,42,9
417,19,91,186,148,246,24,10,158,81
417,20,120,49,144,114,211,158,149,244
417,21,158,100,218,128,192,60,11,170
417,22,44,60,192,95,69,199,104,123
417,23,114,79,16,113,173,224,241,246
417,24,190,200,214,110,203,245,177,82
417,25,195,227,162,225,233,193,68,226
417,26,21,215,177,236,8,34,114,39
417,27,137,132,16,0,219,175,76,141
417,28,66,39,177,142,169,223,159,132
417,29,114,82,168,247,49,45,53,2
417,30,215,214,30,42,38,40,166,132
417,31,194,36,94,186,197,246,254,238
417,32,139,51,221,212,161,118,203,101
417,33,168,121,205,159,245,223,209,115
417,34,81,159,55,192,204,208,67,70
417,35,39,99,129,193,60,151,64,219
417,36,172,49,252,15,143,23,130,69
417,37,7,15,20,193,130,158,140,200
417,38,230,93,14,106,23,32,196,255
417,39,114,72,244,192,222,225,17,155
418,0,223,50,29,72,86,41,4,248
418,1,221,126,240,188,60,37,95,230
418,2,236,212,147,159,57,194,61,182
418,3,243,0,148,242,213,156,66,81
418,4,149,164,37,134,22,4,155,203
418,5,82,12,15,111,206,164,4,95
418,6,136,175,62,154,32,152,18,180
418,7,88,11,178,126,48,217,193,13
418,8,49,144,22,114,161,63,232,27
418,9,100,218,49,225,138,118,86,229
418,10,131,1,32,180,233,104,245,95
418,11,241,79,72,83,164,37,124,70
418,12,110,190,2,25,178,189,203,28
418,13,162,195,10,76,185,90,82,57
418,14,21,212,219,3,143,215,43,190
418,15,79,97,0,107,53,64,16,76
418,16,142,62,94,169,223,218,76,193
418,17,114,2,81,113,121,145,49,225
418,18,20,214,121,254,151,186,66,153
418,19,6,49,186,152,112,178,94,41
418,20,49,110,89,38,144,40,114,36
418,21,170,218,49,98,100,229,210,8
418,22,131,100,1,233,95,69,245,13
418,23,79,241,164,116,123,16,201,40
418,24,190,32,217,110,48,200,119,213
418,25,10,97,19,195,91,224,225,240
418,26,21,3,222,234,215,70,252,30
418,27,39,0,76,107,104,37,16,154
418,28,196,94,193,32,102,7,98,90
418,29,61,49,88,21,114,94,48,81
418,30,0,215,22,162,214,200,20,142
418,31,194,152,214,128,227,4,144,238
418,32,161,125,139,140,179,3,128,203
418,33,132,161,5,166,133,104,223,77
418,34,109,227,44,20,238,103,177,8
418,35,86,148,74,190,108,155,128,160
418,36,172,115,93,19,143,39,225,227
418,37,169,27,78,123,16,126,127,101
418,38,169,119,72,255,18,143,196,96
418,39,231,117,179,122,73,197,222,173
419,0,123,229,249,196,7,216,105,101
419,1,150,225,231,27,84,244,216,115
419,2,163,103,4,227,57,162,100,147
419,3,152,133,187,235,231,84,176,31
419,4,13,236,142,251,222,167,128,19
419,5,104,12,193,6,41,204,15,185
419,6,175,153,167,18,154,180,61,123
419,7,29,88,196,23,14,57,10,126
419,8,234,89,49,7,105,114,57,56
419,9,164,29,94,170,49,118,228,215
419,10,169,130,210,113,51,198,95,1
419,11,161,189,79,241,236,216,185,214
419,12,63,26,32,74,44,110,87,217
419,13,97,147,43,10,156,157,162,226
419,14,20,124,3,222,21,105,43,173
419,15,81,200,0,107,57,31,175,100
419,16,196,5,94,9,24,142,91,115
419,17,172,81,61,76,193,250,2,83
419,18,179,20,187,0,57,121,50,200
419,19,6,130,205,109,152,57,178,160
419,20,234,110,89,144,36,179,246,186
419,21,164,94,29,85,49,6,170,229
419,22,169,130,113,198,69,39,219,208
419,23,161,189,241,42,79,172,83,184
419,24,63,74,26,44,160,15,32,112
419,25,43,147,15,134,162,10,97,50
419,26,20,148,124,3,222,21,233,212
419,27,200,81,162,107,31,39,129,0
419,28,133,7,94,196,5,32,9,43
419,29,76,250,172,61,81,87,83,2
419,30,22,0,179,187,205,142,200,76
419,31,205,109,4,128,171,130,96,187
419,32,161,181,98,99,215,134,186,131
419,33,126,43,86,183,215,238,19,166
419,34,96,84,62,207,86,180,137,74
419,35,160,57,108,107,27,153,86,47
419,36,70,181,120,222,171,143,93,208
419,37,65,182,31,229,190,61,123,96
419,38,151,148,71,92,18,143,202,218
419,39,2,69,38,189,217,222,154,213
420,0,141,235,47,190,221,253,61,115
420,1,182,244,93,188,152,21,68,46
420,2,100,57,123,93,103,145,10,82
420,3,187,190,235,133,128,35,34,231
420,4,236,95,142,222,91,128,127,67
420,5,193,47,90,41,88,188,135,78
420,6,153,60,206,215,22,173,167,75
420,7,29,23,117,64,14,88,10,254
420,8,234,116,180,239,99,56,77,104
420,9,164,116,191,170,13,126,85,59
420,10,169,198,125,36,130,210,113,27
420,11,161,189,86,233,99,128,206,108
420,12,93,63,74,26,44,15,81,128
420,13,147,97,43,134,157,10,32,29
420,14,20,32,124,51,86,148,161,3
420,15,81,200,162,31,232,87,181,199
420,16,133,5,196,9,24,170,43,106
420,17,250,76,172,61,193,153,0,87
420,18,179,0,187,57,50,85,163,161
420,19,116,109,57,20,6,205,130,160
420,20,234,239,89,83,115,110,179,116
420,21,164,116,191,94,85,29,49,13
420,22,169,113,130,198,125,39,178,219
420,23,161,189,86,62,95,172,128,149
420,24,74,93,63,26,44,27,15,160
420,25,147,43,134,15,253,6,128,68
420,26,20,3,124,148,51,86,70,110
420,27,162,81,200,107,31,129,164,58
420,28,133,43,7,94,5,196,9,62
420,29,76,250,172,87,81,0,83,2
420,30,179,22,163,187,0,205,76,24
420,31,116,205,109,4,171,128,20,187
420,32,161,119,181,90,223,131,134,215
420,33,93,86,183,215,129,238,210,83
420,34,96,82,74,132,86,207,62,1
420,35,160,27,57,108,84,239,204,72
420,36,222,70,192,20,120,83,181,176
420,37,229,39,175,182,2,31,118,19
420,38,151,64,202,67,235,128,180,70
420,39,186,190,154,217,11,38,69,133
421,0,38,53,193,54,244,44,176,167
421,1,122,58,117,201,140,105,20,188
421,2,186,100,140,128,82,78,171,55
421,3,91,35,128,34,204,183,12,250
421,4,58,187,95,23,6,213,81,145
421,5,78,145,15,159,12,185,32,47
421,6,60,206,176,145,118,181,63,68
421,7,88,180,118,110,90,162,254,236
421,8,239,113,104,234,73,218,237,114
421,9,116,126,53,113,239,183,170,56
421,10,240,96,145,115,21,23,215,29
421,11,253,42,249,4,133,88,187,181
421,12,44,213,195,76,58,32,41,99
421,13,10,162,34,11,82,205,118,97
421,14,3,212,222,233,21,34,173,219
421,15,107,0,90,175,168,59,219,92
421,16,24,62,94,142,202,9,158,191
421,17,81,2,121,108,34,82,51,83
421,18,121,30,147,20,146,156,200,42
421,19,172,129,152,125,6,186,242,74
421,20,144,110,199,213,114,234,36,84
421,21,49,85,229,100,218,116,214,248
421,22,71,39,111,131,127,86,166,168
421,23,83,42,184,149,95,181,172,127
421,24,200,48,204,8,195,141,37,189
421,25,162,15,10,68,193,213,2,188
421,26,24,233,34,212,70,3,219,100
421,27,107,47,175,219,59,137,89,128
421,28,94,7,62,204,191,106,177,9
421,29,81,53,2,5,121,250,249,172
421,30,22,179,40,42,24,187,121,200
421,31,128,109,205,116,171,161,186,129
421,32,161,68,119,223,215,181,90,192
421,33,93,86,215,183,238,129,73,72
421,34,96,186,207,82,86,62,180,84
421,35,160,57,108,153,129,47,213,183
421,36,70,181,120,176,23,208,156,83
421,37,182,31,229,175,233,77,190,39
421,38,151,168,64,148,71,255,92,18
421,39,2,154,69,217,189,38,186,190
422,0,106,22,46,212,218,43,66,157
422,1,128,124,19,211,3,217,112,242
422,2,219,255,49,60,80,167,134,121
422,3,177,92,219,11,30,4,101,214
422,4,242,54,118,88,224,96,199,122
422,5,100,254,67,161,147,10,12,44
422,6,60,68,183,208,22,65,122,75
422,7,101,23,44,88,196,109,54,254
422,8,113,180,23,56,104,73,99,234
422,9,156,217,13,85,49,98,197,59
422,10,62,236,39,161,27,142,157,125
422,11,203,195,99,27,95,49,181,19
422,12,138,191,54,175,44,99,117,1
422,13,168,103,15,29,206,227,6,10
422,14,41,32,83,3,222,95,46,70
422,15,39,36,107,162,168,31,0,218
422,16,9,62,181,24,94,142,131,158
422,17,81,193,132,108,167,93,2,121
422,18,20,121,39,204,159,30,200,147
422,19,225,152,19,172,186,205,142,51
422,20,144,110,103,104,36,199,234,114
422,21,217,85,49,156,100,229,214,8
422,22,62,39,86,157,236,60,69,88
422,23,42,203,195,83,27,40,81,172
422,24,190,48,191,189,195,246,175,141
422,25,15,162,227,250,10,196,213,29
422,26,233,21,222,24,212,34,41,149
422,27,107,102,39,36,47,129,115,0
422,28,94,7,62,142,9,103,98,32
422,29,81,2,247,83,132,53,48,34
422,30,22,142,40,121,200,159,147,204
422,31,128,225,152,117,171,147,187,161
422,32,68,96,186,215,155,122,116,161
422,33,119,238,215,86,232,182,58,72
422,34,9,45,180,236,205,207,204,101
422,35,153,108,160,129,227,86,145,56
422,36,166,23,120,156,98,181,64,176
422,37,229,31,115,175,250,36,143,20
422,38,255,93,230,196,176,31,112,233
422,39,75,235,146,225,114,222,216,106
423,0,210,10,97,166,113,194,142,205
423,1,187,150,76,203,91,164,243,34
423,2,134,0,64,117,82,239,246,94
423,3,17,121,227,169,178,173,246,33
423,4,161,17,23,172,120,20,130,49
423,5,132,185,10,161,111,42,159,100
423,6,65,137,118,133,166,176,221,145
423,7,109,15,214,180,126,40,221,54
423,8,113,114,42,73,144,244,199,237
423,9,39,49,88,171,183,192,43,118
423,10,62,240,118,22,210,96,11,104
423,11,181,88,41,73,57,42,51,228
423,12,190,117,164,189,0,41,76,211
423,13,227,162,10,206,82,2,34,4
423,14,212,3,21,233,34,219,31,222
423,15,39,107,36,243,0,175,221,154
423,16,62,142,94,24,158,218,134,84
423,17,2,81,121,145,108,132,34,125
423,18,121,20,30,146,147,3,156,204
423,19,186,94,172,194,238,225,125,152
423,20,144,199,114,213,110,254,36,84
423,21,49,217,100,214,218,39,229,85
423,22,62,71,131,195,231,39,199,211
423,23,181,42,83,224,126,219,184,149
423,24,214,48,204,189,190,200,164,68
423,25,227,162,10,15,213,2,188,193
423,26,211,34,233,21,212,100,110,219
423,27,107,141,47,175,70,151,36,92
423,28,142,94,169,176,191,177,139,62
423,29,81,247,53,2,249,65,51,182
423,30,40,147,42,121,22,142,100,146
423,31,152,128,94,186,129,1,240,172
423,32,68,96,186,215,122,42,124,155
423,33,119,190,55,232,72,215,238,58
423,34,88,180,144,236,196,204,113,9
423,35,153,227,108,129,137,60,160,230
423,36,207,166,181,8,64,130,230,105
423,37,31,115,175,36,229,7,140,143
423,38,93,255,230,71,101,196,6,235
423,39,241,9,68,248,114,225,146,216
424,0,83,6,59,108,135,88,57,130
424,1,238,152,143,213,78,182,140,181
424,2,134,64,36,8,239,0,82,229
424,3,106,250,29,150,227,210,129,46
424,4,17,254,171,202,23,92,172,249
424,5,87,51,29,166,109,132,207,185
424,6,65,193,81,208,181,76,133,87
424,7,54,201,15,210,233,183,57,126
424,8,37,202,25,24,244,73,199,218
424,9,152,69,49,183,192,33,17,171
424,10,88,228,192,104,210,69,22,240
424,11,39,88,38,168,73,253,123,13
424,12,190,102,211,76,41,117,175,184
424,13,227,10,2,112,206,205,68,82
424,14,219,213,41,55,107,34,26,95
424,15,36,196,39,243,107,56,34,59
424,16,245,62,66,50,141,192,218,158
424,17,2,107,81,168,95,121,167,65
424,18,121,3,20,147,170,37,137,30
424,19,200,186,32,138,246,158,97,152
424,20,144,223,122,36,114,202,158,244
424,21,69,171,12,100,152,49,229,34
424,22,88,71,192,210,195,127,228,86
424,23,224,39,38,246,200,40,26,90
424,24,169,204,243,200,195,224,214,190
424,25,227,162,173,193,196,68,213,226
424,26,110,219,185,56,55,24,212,34
424,27,141,47,175,151,196,107,59,219
424,28,62,142,204,158,18,176,169,218
424,29,81,53,2,247,82,34,194,182
424,30,147,40,121,42,146,9,176,125
424,31,152,94,194,32,246,158,15,172
424,32,121,60,68,35,177,51,124,150
424,33,33,108,197,78,119,25,115,195
424,34,138,142,137,113,134,99,108,115
424,35,215,95,195,117,137,240,69,234
424,36,224,64,69,208,230,225,240,3
424,37,239,218,36,252,226,230,51,179
424,38,23,143,125,237,98,223,100,233
424,39,96,185,66,216,175,106,170,223
425,0,0,189,78,148,89,12,248,137
425,1,186,204,103,213,130,170,55,161
425,2,32,124,187,254,6,79,78,247
425,3,184,227,109,215,165,33,240,207
425,4,178,137,41,202,224,18,158,70
425,5,36,33,126,132,245,5,51,192
425,6,205,252,141,40,193,101,45,253
425,7,149,18,59,15,251,24,139,183
425,8,144,22,108,114,142,252,60,44
425,9,100,31,149,225,218,177,17,222
425,10,221,131,90,192,104,210,172,38
425,11,184,118,244,83,243,122,117,123
425,12,131,180,189,202,18,239,87,195
425,13,162,240,227,82,115,198,193,237
425,14,85,212,233,34,68,21,3,213
425,15,107,97,196,92,15,246,243,2
425,16,84,76,62,251,77,101,202,213
425,17,184,2,81,225,145,247,51,121
425,18,121,30,147,108,36,51,156,202
425,19,149,49,15,200,125,172,186,94
425,20,144,213,202,119,244,84,245,254
425,21,121,49,100,214,192,53,60,218
425,22,221,231,226,131,104,229,95,77
425,23,118,244,83,205,184,173,237,28
425,24,131,204,195,175,234,239,105,28
425,25,162,227,135,213,10,2,161,188
425,26,56,110,34,85,4,212,70,219
425,27,175,141,107,132,196,59,92,69
425,28,18,176,142,62,177,84,191,169
425,29,184,53,2,81,247,214,34,51
425,30,147,40,242,42,234,200,121,188
425,31,149,152,94,246,15,49,194,172
425,32,121,138,68,48,102,122,35,64
425,33,147,78,55,225,47,76,90,203
425,34,226,163,175,120,67,134,204,113
425,35,94,5,187,137,129,207,86,9
425,36,4,67,69,230,151,72,240,156
425,37,100,43,62,226,36,101,109,195
425,38,23,248,242,206,199,143,233,8
425,39,107,211,134,236,163,185,235,73
426,0,36,130,179,168,176,45,213,94
426,1,139,106,216,64,78,87,151,239
426,2,182,155,15,168,19,244,174,240
426,3,142,59,135,8,107,205,208,250
426,4,241,131,39,198,19,151,179,181
426,5,24,176,37,103,112,231,139,33
426,6,128,250,193,223,44,6,81,17
426,7,15,217,62,183,54,224,121,201
426,8,199,144,125,114,202,251,37,59
426,9,69,192,183,117,233,11,140,141
426,10,228,69,195,210,212,24,42,86
426,11,243,154,168,41,254,40,164,174
426,12,11,190,28,180,136,188,177,214
426,13,227,10,82,206,121,193,141,70
426,14,213,219,119,107,34,110,223,8
426,15,196,243,59,156,2,254,219,168
426,16,245,218,131,216,62,50,180,39
426,17,82,2,167,113,34,99,226,168
426,18,121,3,217,40,60,30,20,137
426,19,186,194,91,74,10,254,246,32
426,20,120,144,202,223,244,40,149,114
426,21,69,192,60,136,218,8,171,33
426,22,24,49,78,195,210,123,69,199
426,23,224,58,126,123,173,149,16,24
426,24,214,200,190,48,87,189,195,177
426,25,227,135,173,68,2,193,162,161
426,26,110,236,34,69,63,4,70,127
426,27,141,219,151,47,196,175,59,42
426,28,158,169,100,142,218,132,39,62
426,29,53,247,2,34,59,214,82,45
426,30,188,40,121,147,142,146,42,100
426,31,194,152,186,94,128,246,172,1
426,32,68,102,48,35,121,177,51,221
426,33,225,55,224,151,126,107,72,96
426,34,67,236,175,120,64,163,208,103
426,35,94,5,129,227,187,2,137,85
426,36,67,156,195,2,69,36,199,157
426,37,7,43,140,226,229,20,195,36
426,38,163,230,255,93,23,32,201,233
426,39,138,246,1,215,114,225,198,222
427,0,127,85,49,18,153,146,58,112
427,1,30,29,43,66,239,123,57,235
427,2,15,169,138,155,174,104,250,40
427,3,20,116,171,51,55,141,203,52
427,4,215,12,228,254,150,159,49,183
427,5,169,249,231,82,159,29,56,37
427,6,166,136,252,180,37,73,170,250
427,7,56,217,126,40,62,183,54,161
427,8,120,144,114,251,42,24,22,100
427,9,183,49,224,182,117,100,192,233
427,10,24,218,210,212,195,69,49,82
427,11,114,88,241,168,74,127,41,123
427,12,190,11,28,189,41,18,184,214
427,13,38,227,10,193,82,162,206,68
427,14,21,34,180,219,212,46,107,95
427,15,36,163,196,47,39,107,160,243
427,16,137,62,142,163,245,50,84,218
427,17,2,167,121,82,218,34,125,247
427,18,121,20,3,188,30,217,60,40
427,19,91,194,186,233,152,94,1,254
427,20,144,120,114,199,36,149,25,213
427,21,100,128,218,192,8,229,228,65
427,22,199,95,131,127,24,44,21,141
427,23,114,224,149,173,126,113,40,26
427,24,214,189,200,48,184,190,251,36
427,25,227,162,38,193,2,188,196,161
427,26,21,110,34,4,62,236,177,219
427,27,141,175,151,47,155,174,219,132
427,28,18,137,169,142,177,175,176,158
427,29,2,125,247,53,34,218,82,45
427,30,121,40,147,20,234,100,24,42
427,31,194,152,36,94,172,238,186,246
427,32,221,68,102,51,101,215,122,177
427,33,168,121,55,224,205,72,57,245
427,34,81,55,208,159,204,192,113,67
427,35,39,129,99,60,56,64,213,227
427,36,49,156,15,123,157,176,195,69
427,37,7,15,219,140,229,193,20,121
427,38,230,14,47,93,139,255,32,106
427,39,114,72,244,36,185,206,45,68
428,0,4,122,46,218,63,212,248,65
428,1,221,126,29,143,240,17,205,121
428,2,212,236,194,182,23,201,234,15
428,3,243,2,242,20,139,154,32,241
428,4,149,164,134,22,77,4,37,233
428,5,82,206,95,4,60,164,255,107
428,6,136,32,62,180,152,213,250,66
428,7,178,11,13,252,150,217,75,126
428,8,144,22,114,63,161,244,27,84
428,9,100,49,218,160,225,134,43,192
428,10,131,32,180,233,1,245,95,54
428,11,83,241,124,237,33,40,97,37
428,12,110,25,189,28,184,214,239,2
428,13,162,10,90,185,214,82,193,0
428,14,3,21,233,212,177,143,110,34
428,15,221,107,97,64,0,246,138,111
428,16,62,142,76,94,158,84,77,191
428,17,81,2,108,145,103,49,121,125
428,18,121,20,30,108,147,100,151,153
428,19,49,6,172,186,19,1,152,112
428,20,144,213,232,199,89,22,110,84
428,21,49,100,160,214,58,218,32,229
428,22,131,95,199,245,113,233,44,203
428,23,181,83,5,237,126,124,116,90
428,24,214,48,175,189,184,195,239,28
428,25,162,10,193,227,213,194,68,121
428,26,3,177,21,212,100,34,17,208
428,27,107,141,47,79,70,59,92,175
428,28,18,7,94,62,9,175,196,193
428,29,81,94,2,49,125,247,53,61
428,30,40,0,42,22,200,121,24,99
428,31,128,186,194,94,152,161,36,171
428,32,161,125,68,215,140,179,254,122
428,33,161,132,5,86,133,55,215,119
428,34,227,44,96,103,238,163,236,20
428,35,74,160,108,129,148,187,153,57
428,36,115,156,19,55,93,227,120,39
428,37,101,169,16,27,123,232,175,61
428,38,169,251,255,196,96,158,61,18
428,39,231,117,179,163,222,197,218,223
429,0,123,229,249,196,216,105,7,16
429,1,150,225,231,27,54,93,213,244
429,2,4,227,162,17,163,57,132,109
429,3,152,133,187,31,235,84,231,176
429,4,13,236,142,128,167,222,108,0
429,5,104,193,41,204,51,6,255,253
429,6,153,167,180,83,107,61,62,136
429,7,29,23,196,126,216,10,62,108
429,8,234,89,105,56,114,57,83,115
429,9,29,94,49,164,118,170,228,13
429,10,169,130,113,1,210,175,69,195
429,11,161,189,241,185,243,122,183,168
429,12,63,255,26,190,28,110,74,87
429,13,97,10,147,162,43,82,156,4
429,14,3,20,233,124,222,212,34,43
429,15,107,81,90,0,175,97,200,221
429,16,24,9,94,142,62,76,5,77
429,17,81,2,108,193,172,250,34,225
429,18,121,20,179,30,147,0,146,200
429,19,6,172,152,186,130,125,94,19
429,20,144,234,213,89,36,114,110,199
429,21,49,164,29,94,218,229,100,85
429,22,169,113,199,131,198,241,83,39
429,23,189,83,161,42,26,149,181,172
429,24,48,74,63,200,27,26,37,25
429,25,15,162,43,147,10,193,2,213
429,26,233,212,3,100,21,34,124,148
429,27,107,200,81,162,47,129,59,84
429,28,133,94,7,5,9,62,196,32
429,29,81,250,76,172,2,83,121,53
429,30,179,22,187,200,40,24,121,0
429,31,205,109,128,130,171,186,4,129
429,32,98,68,161,99,215,181,192,125
429,33,86,215,126,183,238,73,55,232
429,34,84,96,180,207,101,62,236,252
429,35,160,108,153,57,129,227,145,35
429,36,181,70,120,156,157,217,176,98
429,37,65,31,182,58,143,190,7,175
429,38,71,148,92,151,255,101,230,76
429,39,2,69,38,189,217,213,154,114
430,0,57,56,127,106,110,32,66,157
430,1,128,73,242,90,72,77,211,124
430,2,33,80,121,255,10,219,238,60
430,3,70,171,92,219,119,30,121,17
430,4,254,118,74,242,79,224,138,122
430,5,144,11,147,24,161,169,249,97
430,6,183,166,164,180,42,43,73,90
430,7,101,56,2,109,195,196,37,40
430,8,234,110,184,180,56,173,69,230
430,9,49,148,85,217,156,93,13,34
430,10,24,161,62,178,114,72,222,155
430,11,27,195,210,181,66,147,95,247
430,12,138,191,43,155,190,184,195,102
430,13,15,168,10,22,113,142,2,68
430,14,34,212,3,21,213,219,180,41
430,15,107,203,36,39,168,110,120,47
430,16,94,24,62,142,9,96,181,191
430,17,2,81,108,121,167,223,83,145
430,18,121,204,22,220,159,20,30,200
430,19,19,199,172,171,96,129,112,152
430,20,144,110,114,22,44,180,232,149
430,21,85,148,49,100,229,156,149,105
430,22,24,34,111,178,86,39,231,123
430,23,27,195,210,83,45,203,147,191
430,24,191,195,204,48,116,202,25,81
430,25,162,250,15,213,193,176,128,196
430,26,212,233,34,100,21,24,219,134
430,27,203,107,36,141,129,155,196,47
430,28,94,62,7,176,191,24,161,103
430,29,81,214,218,2,247,125,249,53
430,30,22,71,159,204,121,200,24,115
430,31,199,91,207,128,171,129,228,240
430,32,68,221,192,215,48,155,128,254
430,33,96,121,151,107,215,58,72,253
430,34,208,56,9,175,252,236,202,204
430,35,5,85,108,129,218,99,22,160
430,36,1,152,195,246,156,23,176,157
430,37,67,219,135,143,161,7,174,36
430,38,195,101,9,201,30,230,234,120
430,39,246,1,250,215,92,37,114,45
431,0,84,172,63,127,202,233,46,110
431,1,165,109,171,111,72,29,52,120
431,2,33,80,15,134,159,94,102,238
431,3,20,116,70,171,51,55,194,92
431,4,254,215,98,112,79,74,199,172
431,5,27,11,144,169,147,183,12,97
431,6,154,166,183,73,180,43,42,128
431,7,56,196,158,101,40,14,79,126
431,8,173,65,110,180,144,69,114,212
431,9,49,85,148,215,100,98,227,93
431,10,24,161,178,114,34,129,72,62
431,11,247,181,210,114,195,147,27,66
431,12,138,178,191,190,43,28,155,102
431,13,10,162,38,168,22,15,113,2
431,14,212,219,34,21,233,3,110,180
431,15,16,107,90,39,36,203,168,129
431,16,94,24,142,62,181,158,77,191
431,17,2,81,218,121,108,145,197,83
431,18,121,204,22,30,146,147,20,200
431,19,19,172,199,94,129,112,207,24
431,20,144,110,213,22,232,114,103,65
431,21,49,215,85,100,148,248,229,214
431,22,24,34,191,86,199,44,71,111
431,23,83,247,210,181,114,195,27,45
431,24,43,127,48,191,195,204,190,200
431,25,162,250,15,213,196,189,91,10
431,26,34,212,21,233,100,4,219,24
431,27,16,107,141,129,36,203,59,133
431,28,62,94,144,191,169,7,176,103
431,29,2,218,81,247,251,125,249,53
431,30,71,22,121,204,24,44,200,176
431,31,199,128,186,19,240,129,94,207
431,32,68,221,215,155,192,128,64,122
431,33,244,96,121,215,107,72,55,119
431,34,81,208,56,252,236,204,202,9
431,35,129,132,108,218,22,56,99,183
431,36,152,246,156,195,157,176,23,35
431,37,158,67,219,7,135,161,143,82
431,38,101,47,9,230,30,234,195,76
431,39,246,250,1,248,92,203,114,15
432,0,92,4,84,155,234,144,188,172
432,1,198,135,128,165,79,211,233,111
432,2,92,33,159,150,57,86,124,230
432,3,177,30,156,113,202,92,70,155
432,4,94,98,112,37,77,134,71,79
432,5,144,147,18,183,251,194,39,115
432,6,154,180,43,92,125,73,42,182
432,7,101,181,40,196,198,243,191,11
432,8,144,22,159,103,180,178,194,212
432,9,49,100,85,215,98,47,233,34
432,10,34,207,9,178,111,86,161,81
432,11,153,66,195,114,130,83,147,95
432,12,28,178,138,190,191,189,116,4
432,13,10,162,22,15,38,168,50,176
432,14,219,212,34,55,21,100,233,3
432,15,107,16,196,36,248,90,225,219
432,16,94,24,62,176,158,142,77,181
432,17,2,81,145,121,108,218,65,167
432,18,121,204,199,69,147,30,146,20
432,19,172,19,233,200,24,186,112,94
432,20,144,232,110,22,159,213,199,103
432,21,49,85,100,215,156,214,149,246
432,22,88,9,34,0,191,199,86,231
432,23,153,83,66,181,15,126,195,45
432,24,127,48,195,145,204,28,191,190
432,25,162,161,91,250,15,196,227,10
432,26,62,219,34,212,233,208,100,21
432,27,248,16,225,107,36,136,141,219
432,28,144,62,176,94,7,139,230,191
432,29,81,2,247,65,108,83,251,53
432,30,69,204,22,121,147,42,200,40
432,31,128,51,19,60,221,171,152,240
432,32,68,195,146,215,155,122,86,128
432,33,189,119,37,97,36,217,94,55
432,34,212,255,144,204,90,236,187,113
432,35,49,129,227,108,44,56,137,140
432,36,234,166,8,157,0,200,156,23
432,37,218,115,36,7,77,200,68,175
432,38,93,0,255,230,35,191,196,23
432,39,68,23,241,225,224,16,235,47
433,0,83,79,59,108,130,135,61,88
433,1,40,238,143,152,78,182,192,70
433,2,39,36,120,8,149,173,124,128
433,3,106,150,226,29,129,166,110,250
433,4,171,159,254,247,202,25,150,213
433,5,250,69,87,159,101,109,19,160
433,6,180,154,43,182,76,255,59,170
433,7,57,110,162,126,49,234,113,204
433,8,144,244,199,22,189,252,25,114
433,9,49,100,69,152,183,169,192,233
433,10,88,34,182,86,231,240,210,104
433,11,39,66,38,11,4,41,73,123
433,12,28,211,102,184,76,190,255,189
433,13,10,112,162,227,82,68,255,135
433,14,219,212,217,34,110,211,3,95
433,15,107,36,196,243,219,59,136,117
433,16,62,94,24,84,66,158,77,176
433,17,2,81,121,108,145,125,34,82
433,18,121,146,147,30,204,202,60,36
433,19,172,200,19,246,24,1,94,125
433,20,144,199,217,213,114,103,100,149
433,21,49,69,136,149,252,246,192,214
433,22,88,71,48,86,199,195,231,208
433,23,181,126,39,83,184,127,4,233
433,24,195,169,37,8,200,48,141,243
433,25,227,173,161,68,196,162,193,213
433,26,211,34,219,119,69,110,216,186
433,27,183,219,136,59,244,151,175,47
433,28,144,62,63,158,204,100,153,166
433,29,81,247,53,125,51,10,194,249
433,30,24,147,44,146,40,172,42,9
433,31,200,172,186,246,32,158,161,19
433,32,60,121,124,35,213,63,68,111
433,33,33,108,78,184,119,196,76,101
433,34,99,134,138,113,174,142,118,192
433,35,215,234,137,91,195,95,38,159
433,36,64,230,96,4,208,225,240,63
433,37,239,218,230,36,179,226,152,127
433,38,23,143,16,159,100,122,77,98
433,39,96,216,235,106,185,88,170,76
434,0,0,189,78,148,89,207,12,137
434,1,186,103,204,130,135,170,213,55
434,2,32,124,39,91,6,54,104,254
434,3,184,109,33,215,207,165,13,168
434,4,137,178,41,202,197,63,0,51
434,5,36,126,140,159,33,216,206,246
434,6,205,214,28,170,76,253,252,141
434,7,149,18,59,24,245,139,251,15
434,8,144,22,108,114,252,60,244,255
434,9,100,31,218,183,149,225,177,233
434,10,221,131,38,172,90,82,231,45
434,11,184,244,118,83,117,243,245,164
434,12,180,131,214,202,87,94,18,255
434,13,162,240,82,115,90,10,227,237
434,14,85,212,34,68,3,107,219,233
434,15,97,107,246,15,196,183,82,243
434,16,76,62,251,77,84,176,213,101
434,17,184,2,225,81,145,247,121,108
434,18,121,30,202,172,146,51,147,36
434,19,149,200,15,49,172,125,186,165
434,20,144,213,119,202,232,149,100,245
434,21,121,49,214,100,60,192,169,53
434,22,221,231,226,195,71,77,131,78
434,23,118,244,173,102,126,45,83,243
434,24,131,127,195,37,141,28,246,234
434,25,162,161,135,173,149,68,115,67
434,26,219,34,85,211,110,119,69,244
434,27,132,175,183,141,59,219,47,196
434,28,18,62,77,176,158,202,153,103
434,29,184,81,247,2,51,53,34,125
434,30,147,202,42,40,242,76,146,234
434,31,200,149,19,246,103,172,0,94
434,32,121,138,35,228,68,225,23,64
434,33,147,78,76,55,36,225,184,196
434,34,226,174,113,134,238,118,163,3
434,35,139,207,91,129,75,34,187,252
434,36,72,96,4,168,230,63,1,240
434,37,230,100,29,62,181,109,36,173
434,38,199,57,89,134,23,67,143,17
434,39,211,108,236,31,157,134,163,22
435,0,119,125,9,36,227,118,213,186
435,1,207,160,196,12,138,247,235,104
435,2,155,25,37,161,182,168,175,19
435,3,102,83,143,5,140,39,200,255
435,4,247,16,146,159,114,56,199,120
435,5,206,166,109,4,29,51,250,190
435,6,182,180,154,44,76,37,170,250
435,7,178,113,11,126,110,65,234,75
435,8,144,122,22,213,114,237,100,244
435,9,49,109,100,183,229,193,233,169
435,10,88,49,188,86,82,33,182,231
435,11,188,41,179,243,183,11,123,150
435,12,11,28,190,41,136,255,18,124
435,13,179,112,10,135,91,162,82,193
435,14,55,219,212,217,34,40,95,211
435,15,36,107,196,2,136,243,59,219
435,16,62,66,176,76,49,84,216,158
435,17,2,81,121,125,111,97,145,53
435,18,121,51,3,146,193,36,202,30
435,19,200,172,186,24,94,125,153,242
435,20,144,122,100,232,114,213,199,149
435,21,109,214,100,228,169,246,252,12
435,22,88,145,199,48,10,217,230,127
435,23,126,179,83,224,39,205,237,172
435,24,169,214,195,48,87,79,184,141
435,25,162,227,135,112,161,149,173,3
435,26,219,211,34,0,212,126,63,217
435,27,141,136,151,175,219,244,45,92
435,28,144,62,77,18,158,204,191,202
435,29,59,81,247,125,52,53,2,249
435,30,202,120,40,96,147,24,146,234
435,31,200,0,172,19,103,165,94,50
435,32,225,149,228,23,68,35,64,252
435,33,76,78,108,165,184,72,228,197
435,34,138,174,118,134,3,179,113,204
435,35,91,139,207,211,53,115,84,34
435,36,168,96,72,101,171,130,64,89
435,37,198,230,29,213,239,44,25,205
435,38,159,23,108,104,102,143,196,191
435,39,21,76,7,108,90,48,132,218
436,0,255,246,34,168,206,181,216,245
436,1,148,36,122,136,99,117,54,249
436,2,155,57,231,244,99,211,161,69
436,3,253,49,114,137,145,86,85,250
436,4,23,120,66,150,184,227,246,210
436,5,243,159,207,56,122,160,83,255
436,6,214,118,124,160,98,76,53,212
436,7,245,194,3,155,233,160,195,71
436,8,144,22,114,244,148,27,53,218
436,9,100,53,49,135,229,225,63,183
436,10,145,96,29,14,23,240,115,21
436,11,181,42,41,83,11,58,78,4
436,12,239,189,28,25,255,202,87,139
436,13,162,10,82,15,90,193,34,198
436,14,3,233,212,21,34,219,134,166
436,15,107,90,64,100,92,122,111,15
436,16,24,84,94,126,142,77,213,202
436,17,81,2,145,121,83,71,108,103
436,18,121,30,147,20,202,42,200,77
436,19,152,172,129,186,19,125,240,94
436,20,144,199,110,213,114,244,232,84
436,21,49,100,218,85,214,149,80,223
436,22,123,131,217,210,176,129,231,71
436,23,80,184,246,83,45,181,90,26
436,24,8,200,195,91,51,48,204,105
436,25,162,15,10,26,213,226,68,218
436,26,100,34,8,3,186,233,219,0
436,27,107,70,45,244,106,219,175,97
436,28,18,62,39,204,248,191,66,202
436,29,249,53,150,81,125,51,2,247
436,30,146,42,40,2,102,160,3,60
436,31,154,238,186,74,1,194,161,32
436,32,127,35,101,54,187,252,84,213
436,33,196,152,197,165,101,108,140,170
436,34,174,138,32,118,99,134,142,192
436,35,95,91,96,211,0,53,139,38
436,36,168,96,106,101,231,72,171,238
436,37,239,29,230,198,213,205,25,109
436,38,23,159,102,191,166,111,143,16
436,39,42,218,200,76,90,227,185,132
437,0,42,152,55,252,100,73,183,221
437,1,240,145,84,186,228,180,208,42
437,2,211,182,57,155,236,77,237,212
437,3,215,13,66,44,234,120,203,21
437,4,84,202,137,80,52,41,177,218
437,5,4,33,206,168,207,28,196,136
437,6,40,101,67,76,131,250,198,118
437,7,150,130,71,15,3,217,28,122
437,8,135,144,114,22,244,64,25,218
437,9,160,100,252,89,218,192,43,225
437,10,131,89,98,175,32,35,49,208
437,11,33,199,83,179,77,124,105,48
437,12,25,75,13,189,239,40,2,234
437,13,162,90,94,240,82,223,193,3
437,14,212,143,219,62,21,34,3,233
437,15,107,64,92,196,246,111,221,51
437,16,62,76,68,251,84,77,142,94
437,17,2,145,125,52,121,179,14,247
437,18,121,120,79,51,96,202,30,146
437,19,172,186,0,49,1,200,125,112
437,20,144,135,213,100,149,199,114,25
437,21,160,109,100,218,49,8,136,107
437,22,89,131,98,230,70,10,48,44
437,23,126,179,77,33,246,48,237,199
437,24,243,75,184,189,195,141,254,214
437,25,162,121,227,189,2,70,82,173
437,26,254,211,219,34,217,4,0,212
437,27,141,45,136,151,244,196,175,228
437,28,18,175,144,177,68,77,158,169
437,29,125,249,53,247,51,59,52,2
437,30,120,202,146,234,44,102,96,40
437,31,200,0,165,172,103,19,94,49
437,32,68,129,225,228,23,25,138,64
437,33,78,76,50,108,152,72,219,165
437,34,138,241,118,134,174,3,179,159
437,35,207,91,139,53,252,249,84,211
437,36,96,72,136,35,238,52,200,130
437,37,29,230,44,109,205,213,151,219
437,38,7,89,199,57,175,23,143,67
437,39,96,157,236,74,108,218,35,55
438,0,154,1,219,0,248,217,8,201
438,1,116,15,6,41,31,220,237,130
438,2,96,48,137,160,182,97,229,66
438,3,109,72,184,57,93,159,213,107
438,4,26,56,10,52,22,134,63,238
438,5,126,36,246,9,216,140,243,122
438,6,234,252,229,233,240,23,66,99
438,7,75,11,53,18,252,178,126,149
438,8,144,22,135,108,114,226,244,27
438,9,100,31,49,225,89,218,134,229
438,10,131,221,89,230,175,42,74,186
438,11,83,118,244,77,124,123,26,230
438,12,75,184,25,109,48,131,239,18
438,13,162,223,90,176,240,214,82,169
438,14,212,85,123,233,68,34,154,3
438,15,196,107,70,64,141,92,90,151
438,16,176,251,77,68,62,158,94,76
438,17,184,2,121,81,125,51,145,182
438,18,51,121,100,202,96,18,30,120
438,19,15,200,49,1,172,24,149,94
438,20,144,213,114,22,135,17,100,106
438,21,121,100,49,8,252,218,77,128
438,22,221,131,230,89,217,48,199,175
438,23,118,244,77,83,237,224,26,126
438,24,195,28,127,25,109,48,131,75
438,25,162,223,90,161,10,193,67,2
438,26,219,85,217,3,212,211,34,55
438,27,136,141,251,107,90,175,119,244
438,28,18,176,191,139,62,202,177,158
438,29,184,247,107,81,125,94,2,249
438,30,0,242,147,200,42,51,76,202
438,31,49,200,94,81,172,32,152,149
438,32,68,161,138,64,84,202,111,128
438,33,147,72,90,78,197,52,132,167
438,34,159,226,120,204,183,163,238,44
438,35,86,74,129,187,250,9,240,77
438,36,115,93,75,18,227,66,240,64
438,37,100,101,36,181,152,108,109,195
438,38,73,23,61,143,199,159,245,32
438,39,107,163,236,114,106,235,185,76
439,0,130,179,168,215,145,101,150,164
439,1,139,64,106,216,87,59,237,151
439,2,30,206,162,50,19,180,227,104
439,3,59,142,139,205,52,208,135,97
439,4,241,131,151,10,230,198,190,170
439,5,206,103,4,107,231,243,212,192
439,6,234,121,180,229,233,66,240,83
439,7,11,75,85,178,113,217,151,198
439,8,22,144,135,89,114,25,105,213
439,9,100,77,49,69,228,222,117,225
439,10,131,113,89,175,74,35,32,70
439,11,83,77,26,33,199,254,178,243
439,12,28,184,119,75,255,25,109,239
439,13,162,10,90,97,82,214,223,193
439,14,3,212,219,34,21,233,92,8
439,15,107,64,246,237,92,175,196,151
439,16,62,94,76,84,142,24,77,158
439,17,81,125,108,2,121,145,94,51
439,18,121,51,120,30,146,202,42,253
439,19,172,6,1,49,19,200,125,242
439,20,144,213,100,89,199,114,25,149
439,21,69,49,6,149,160,100,60,222
439,22,113,48,83,131,95,86,221,70
439,23,83,174,126,123,26,173,224,184
439,24,195,87,37,247,127,184,175,234
439,25,10,193,196,161,173,2,162,254
439,26,3,219,34,100,13,208,68,8
439,27,23,107,136,20,174,40,219,244
439,28,62,94,7,103,176,24,204,79
439,29,247,108,2,81,94,125,32,134
439,30,88,0,42,200,22,40,127,24
439,31,128,94,81,74,49,32,172,129
439,32,68,161,84,140,128,122,155,64
439,33,126,132,90,72,119,101,225,55
439,34,159,120,204,44,238,91,236,103
439,35,86,129,187,74,250,108,148,234
439,36,2,156,227,18,176,165,169,15
439,37,36,77,152,195,69,108,78,7
439,38,255,23,169,159,96,140,70,138
439,39,179,165,114,158,185,235,170,117
440,0,171,117,185,226,96,187,58,11
440,1,13,43,66,81,169,30,183,4
440,2,22,107,164,180,18,50,59,40
440,3,170,221,76,195,166,188,19,172
440,4,228,8,139,55,123,119,105,182
440,5,114,61,95,103,159,29,231,82
440,6,180,90,114,154,3,234,16,121
440,7,11,3,85,181,19,177,251,156
440,8,122,112,22,198,144,125,103,192
440,9,178,206,49,26,83,19,195,117
440,10,113,163,86,199,175,28,192,104
440,11,142,88,18,123,174,230,74,192
440,12,28,67,184,48,190,255,214,251
440,13,10,200,185,91,188,149,206,118
440,14,38,3,219,217,8,34,211,215
440,15,99,16,36,136,196,107,241,24
440,16,96,176,62,149,131,24,94,49
440,17,65,94,2,155,53,81,125,182
440,18,75,6,121,51,162,148,40,88
440,19,233,200,94,138,74,242,1,186
440,20,144,122,112,106,25,17,36,114
440,21,206,178,100,8,60,214,65,218
440,22,163,199,175,166,21,192,195,191
440,23,142,126,88,102,18,40,224,45
440,24,214,251,48,243,195,78,127,184
440,25,162,138,227,241,193,91,2,161
440,26,211,217,34,38,219,21,212,254
440,27,136,141,99,175,107,47,191,196
440,28,176,169,142,18,158,139,191,62
440,29,249,2,247,53,125,34,155,81
440,30,75,242,147,200,6,100,40,51
440,31,94,81,152,128,147,172,1,36
440,32,68,210,64,17,122,71,128,155
440,33,105,23,72,214,94,55,119,57
440,34,12,236,54,144,204,19,58,187
440,35,56,129,227,180,60,250,133,137
440,36,253,157,176,8,0,35,29,63
440,37,7,164,219,82,195,36,69,173
440,38,136,230,14,100,233,23,255,245
440,39,114,23,68,16,185,222,216,155
441,0,212,4,218,136,250,65,33,110
441,1,217,166,190,165,154,98,82,28
441,2,22,251,141,5,159,224,104,101
441,3,166,177,30,92,50,143,153,42
441,4,133,228,139,249,183,57,134,77
441,5,31,172,213,95,18,29,243,82
441,6,180,114,154,240,16,243,132,3
441,7,61,169,19,11,44,206,57,108
441,8,157,122,22,144,226,213,198,148
441,9,100,101,97,49,229,117,68,233
441,10,86,12,220,175,180,95,199,253
441,11,64,142,173,83,156,130,40,158
441,12,28,184,251,195,48,106,239,214
441,13,42,149,100,245,185,177,3,121
441,14,57,38,110,154,223,219,217,254
441,15,116,136,16,196,141,183,107,124
441,16,176,160,84,62,18,142,169,164
441,17,2,65,53,99,125,93,51,182
441,18,121,75,72,40,30,100,42,156
441,19,94,233,1,125,112,200,24,186
441,20,144,157,122,11,106,17,114,22
441,21,100,232,214,128,8,218,60,228
441,22,12,206,192,175,166,195,123,131
441,23,132,246,126,64,73,173,40,181
441,24,251,195,214,127,48,25,79,144
441,25,162,227,138,161,193,42,52,2
441,26,211,57,34,223,254,21,219,217
441,27,141,136,47,175,107,115,219,196
441,28,176,142,18,169,126,158,139,246
441,29,247,2,249,125,53,34,81,159
441,30,242,72,75,100,147,172,200,176
441,31,94,147,152,172,128,81,1,186
441,32,68,116,210,64,71,122,197,128
441,33,59,63,182,18,206,55,184,245
441,34,152,236,144,204,213,205,113,211
441,35,56,129,227,171,34,137,159,250
441,36,251,176,157,156,35,31,63,254
441,37,7,219,176,82,102,165,36,200
441,38,14,230,255,124,32,100,245,191
441,39,114,185,27,47,10,235,48,253
442,0,70,134,151,139,223,237,152,72
442,1,101,22,157,202,190,85,121,254
442,2,141,201,3,137,251,101,182,247
442,3,15,42,243,167,132,148,151,177
442,4,134,77,44,253,22,132,175,19
442,5,95,164,172,29,111,82,159,237
442,6,180,20,240,152,98,186,243,66
442,7,252,11,13,75,145,57,3,142
442,8,22,144,226,114,63,25,84,161
442,9,100,49,134,101,225,183,97,8
442,10,131,86,12,180,148,95,32,199
442,11,83,97,88,37,124,231,183,40
442,12,28,25,214,48,189,18,239,76
442,13,42,162,185,70,149,90,118,10
442,14,21,212,223,211,34,3,154,217
442,15,141,183,196,70,136,107,254,175
442,16,160,176,177,49,18,142,84,247
442,17,125,2,99,182,53,121,51,32
442,18,75,42,30,156,44,121,100,40
442,19,1,144,24,246,94,186,49,254
442,20,11,144,127,18,114,139,22,245
442,21,232,100,248,214,121,252,53,213
442,22,199,145,12,175,48,148,10,210
442,23,132,126,152,78,148,88,183,173
442,24,77,127,76,195,79,8,251,214
442,25,49,176,227,42,162,161,117,193
442,26,211,254,166,209,34,154,62,68
442,27,141,136,70,196,251,228,47,132
442,28,176,126,177,247,66,18,103,200
442,29,125,247,34,2,53,249,182,81
442,30,242,75,147,151,42,146,72,2
442,31,246,144,242,147,1,161,94,207
442,32,68,210,64,184,213,8,218,231
442,33,102,119,77,59,223,151,25,184
442,34,48,215,159,142,108,137,229,138
442,35,117,187,114,155,64,133,104,215
442,36,143,18,63,208,112,69,44,64
442,37,36,202,1,165,77,130,98,218
442,38,23,255,159,241,191,93,192,131
442,39,47,114,48,106,185,99,86,235
443,0,83,79,135,130,59,108,88,61
443,1,133,101,78,143,182,235,10,146
443,2,31,141,8,149,137,36,210,251
443,3,106,131,250,226,150,210,29,46
443,4,150,89,202,211,32,135,136,249
443,5,29,243,231,220,229,87,172,21
443,6,214,53,191,98,12,255,237,21
443,7,195,236,159,136,142,165,188,194
443,8,144,244,22,24,91,217,53,148
443,9,135,63,127,71,100,235,12,232
443,10,14,144,78,145,96,23,43,123
443,11,181,45,152,88,80,42,58,148
443,12,28,189,76,251,105,139,201,195
443,13,10,162,63,227,255,15,161,71
443,14,3,166,212,191,34,193,233,219
443,15,107,72,90,111,15,251,219,246
443,16,94,77,142,62,74,191,218,126
443,17,2,81,83,125,108,82,145,51
443,18,121,147,30,44,202,42,243,200
443,19,152,172,94,19,254,227,119,74
443,20,144,247,244,199,213,18,114,110
443,21,49,100,88,248,22,12,233,218
443,22,131,123,140,160,210,96,168,14
443,23,80,83,90,173,26,127,45,184
443,24,127,200,164,10,204,91,201,245
443,25,10,15,162,227,68,193,156,2
443,26,59,110,3,186,68,211,100,42
443,27,219,124,84,66,137,123,141,210
443,28,204,202,158,63,249,126,84,220
443,29,125,121,53,194,249,34,10,51
443,30,75,60,172,160,40,42,146,140
443,31,246,255,154,161,118,1,220,121
443,32,161,60,54,210,121,213,231,63
443,33,33,108,227,109,29,77,223,213
443,34,159,99,142,108,137,118,184,215
443,35,64,133,234,189,199,115,164,117
443,36,18,249,143,63,208,4,9,133
443,37,218,239,165,36,230,173,179,202
443,38,23,159,166,143,236,16,191,144
443,39,96,106,114,170,22,66,218,35
444,0,0,148,189,12,217,184,248,55
444,1,220,237,133,135,101,173,161,52
444,2,32,143,31,141,247,137,124,131
444,3,131,184,109,93,85,79,102,33
444,4,202,56,26,233,136,49,198,146
444,5,36,246,111,172,140,108,243,95
444,6,240,223,67,141,131,198,21,192
444,7,149,18,11,126,251,15,53,110
444,8,144,22,108,114,244,64,25,226
444,9,100,31,183,225,8,149,233,117
444,10,86,131,221,12,38,95,186,42
444,11,184,118,244,83,123,117,213,77
444,12,109,25,28,204,131,234,48,180
444,13,162,240,90,115,82,223,10,193
444,14,3,85,212,68,219,34,56,81
444,15,196,228,124,70,246,136,175,107
444,16,176,62,77,251,84,49,23,76
444,17,125,184,2,121,51,108,81,82
444,18,121,30,51,37,44,42,147,2
444,19,1,15,49,125,149,94,74,200
444,20,144,17,11,114,18,244,213,127
444,21,121,49,53,100,60,232,55,192
444,22,221,166,123,179,199,48,131,145
444,23,173,244,118,246,123,40,58,127
444,24,127,109,195,28,113,8,79,214
444,25,161,82,2,176,10,121,193,90
444,26,211,3,219,34,215,195,63,166
444,27,107,136,141,228,196,219,84,210
444,28,7,94,66,204,18,79,62,176
444,29,94,81,184,125,108,121,159,34
444,30,0,76,42,40,200,19,60,3
444,31,129,246,242,158,197,175,29,118
444,32,161,138,125,121,68,54,212,118
444,33,147,132,225,55,115,90,223,197
444,34,226,113,137,120,159,171,20,99
444,35,187,74,129,86,209,64,114,234
444,36,115,4,93,143,249,66,39,171
444,37,100,101,36,169,108,175,195,127
444,38,73,61,199,134,143,23,184,18
444,39,107,163,106,236,35,211,193,114
445,0,196,123,105,229,104,249,101,216
445,1,225,231,27,150,216,11,244,200
445,2,103,227,162,30,4,163,17,206
445,3,133,152,187,235,31,231,84,212
445,4,13,236,142,128,108,0,222,234
445,5,104,193,204,186,41,112,6,231
445,6,180,153,154,167,83,93,178,43
445,7,29,23,196,216,126,57,240,110
445,8,89,234,105,114,180,144,56,22
445,9,49,29,94,164,228,170,118,56
445,10,113,169,130,69,210,175,33,42
445,11,161,189,241,185,243,95,5,183
445,12,28,63,255,195,26,190,87,239
445,13,97,10,147,162,43,82,121,68
445,14,3,20,34,233,212,219,92,110
445,15,107,196,81,16,92,90,59,200
445,16,24,94,9,62,142,5,168,84
445,17,108,81,172,2,193,250,121,51
445,18,121,179,30,0,39,146,204,42
445,19,172,6,19,1,186,152,94,130
445,20,144,213,89,234,36,199,110,232
445,21,49,164,29,85,94,100,218,56
445,22,113,169,83,198,199,95,48,10
445,23,161,83,189,246,173,26,95,62
445,24,127,74,63,175,87,37,195,234
445,25,15,147,43,10,2,193,162,4
445,26,3,20,100,34,148,219,42,70
445,27,200,107,162,81,31,47,128,244
445,28,7,133,62,24,94,9,5,168
445,29,76,81,250,108,87,153,165,172
445,30,76,179,0,22,40,42,60,102
445,31,129,109,205,74,246,56,1,191
445,32,161,181,98,68,15,54,103,214
445,33,184,43,215,4,223,101,126,115
445,34,84,96,137,99,209,106,130,229
445,35,203,102,234,209,204,195,140,108
445,36,218,217,224,161,143,148,137,106
445,37,65,61,144,160,96,123,137,72
445,38,117,134,236,18,25,115,176,23
445,39,228,170,168,97,114,80,218,86
446,0,132,158,190,47,141,125,177,115
446,1,182,244,93,188,58,197,233,213
446,2,29,123,27,57,100,93,145,103
446,3,133,190,187,235,158,174,35,128
446,4,236,128,142,95,91,130,87,127
446,5,193,47,90,78,41,65,79,43
446,6,153,60,206,22,215,75,138,250
446,7,117,29,23,64,14,254,78,229
446,8,234,239,180,116,99,104,56,77
446,9,164,239,191,8,36,85,2,170
446,10,169,198,36,125,65,113,185,130
446,11,161,189,206,86,108,128,233,88
446,12,44,93,74,63,26,15,54,128
446,13,147,134,97,43,10,61,130,105
446,14,20,51,3,124,32,86,148,161
446,15,81,200,162,31,232,107,100,175
446,16,133,24,5,196,9,43,220,94
446,17,250,172,76,81,87,0,153,255
446,18,179,0,57,163,187,161,30,42
446,19,116,109,20,205,57,160,6,163
446,20,239,234,83,116,179,110,115,89
446,21,164,191,126,85,94,239,49,29
446,22,113,169,198,125,39,150,130,23
446,23,161,86,189,128,62,95,206,172
446,24,93,74,44,54,63,15,26,27
446,25,134,147,43,15,2,6,253,206
446,26,20,51,148,86,124,10,3,110
446,27,162,31,200,81,58,107,87,165
446,28,43,133,7,5,168,220,106,134
446,29,87,76,0,153,250,81,172,108
446,30,163,179,226,0,22,76,60,146
446,31,116,109,205,20,4,246,63,129
446,32,119,161,181,90,252,53,223,24
446,33,93,129,184,231,43,39,223,27
446,34,82,106,112,96,85,132,133,229
446,35,203,84,72,204,42,108,160,174
446,36,222,22,221,217,218,83,224,148
446,37,138,118,61,133,144,34,226,123
446,38,64,193,77,143,23,179,42,70
446,39,162,186,190,97,174,60,235,80
447,0,238,43,147,95,25,252,112,89
447,1,250,224,46,129,172,19,103,147
447,2,29,49,20,27,167,186,140,106
447,3,233,26,230,103,117,130,236,40
447,4,81,183,144,213,9,67,224,229
447,5,188,43,78,90,180,127,65,5
447,6,206,60,68,101,208,22,173,122
447,7,117,65,176,254,142,229,54,78
447,8,104,239,116,73,180,56,185,99
447,9,126,113,160,25,8,85,171,2
447,10,157,173,139,27,185,65,100,195
447,11,133,181,47,39,86,120,108,206
447,12,44,249,54,144,93,74,34,164
447,13,134,6,15,61,11,176,147,138
447,14,86,148,147,51,50,10,32,41
447,15,162,189,31,200,181,46,175,165
447,16,133,24,151,43,9,106,168,66
447,17,5,153,108,81,57,87,76,158
447,18,226,30,179,77,204,42,68,39
447,19,109,12,19,167,171,120,227,172
447,20,110,239,144,185,116,180,44,244
447,21,126,113,191,85,49,164,56,100
447,22,173,157,76,178,236,127,199,125
447,23,95,133,140,189,181,62,86,83
447,24,93,44,220,127,43,164,54,204
447,25,6,15,134,176,162,2,226,34
447,26,86,10,51,100,34,148,54,233
447,27,107,162,200,165,129,122,31,46
447,28,43,24,168,7,133,94,62,182
447,29,5,158,57,76,8,153,81,108
447,30,226,22,29,76,192,71,68,77
447,31,167,129,171,228,12,109,19,128
447,32,181,68,223,161,155,119,245,215
447,33,83,215,74,231,129,55,28,86
447,34,241,1,252,204,21,186,86,209
447,35,160,129,108,28,84,217,204,97
447,36,70,176,248,98,23,156,235,83
447,37,62,163,219,58,72,175,143,229
447,38,166,100,120,207,191,62,147,184
447,39,238,81,45,229,235,155,223,208
448,0,206,43,209,104,95,147,30,105
448,1,47,46,188,156,213,58,20,197
448,2,20,82,251,85,186,165,215,167
448,3,117,119,233,103,130,178,183,40
448,4,184,20,144,81,5,193,183,246
448,5,159,42,32,111,162,220,180,29
448,6,206,230,145,160,176,118,97,7
448,7,15,236,180,143,142,134,203,210
448,8,144,114,244,113,7,148,185,239
448,9,49,100,88,183,53,203,229,218
448,10,240,21,96,115,215,145,208,118
448,11,181,88,253,42,41,83,87,183
448,12,28,175,189,213,144,195,105,76
448,13,10,162,15,6,34,82,2,177
448,14,3,212,233,34,21,134,30,223
448,15,107,90,64,100,124,196,175,120
448,16,24,60,84,213,94,126,142,76
448,17,81,2,121,83,99,145,108,97
448,18,121,147,30,20,202,42,200,77
448,19,172,152,19,1,129,125,112,186
448,20,144,199,213,110,18,21,114,36
448,21,49,85,100,80,218,233,125,229
448,22,129,71,123,127,131,231,162,144
448,23,133,80,181,246,83,95,184,45
448,24,127,8,204,200,175,37,174,195
448,25,162,15,2,10,213,26,193,218
448,26,34,100,8,211,55,233,219,42
448,27,107,97,244,219,15,74,84,175
448,28,24,7,191,168,158,62,226,94
448,29,108,81,158,2,125,249,48,5
448,30,76,42,100,40,22,51,102,34
448,31,129,19,94,240,254,246,1,171
448,32,68,215,35,227,209,16,155,111
448,33,55,74,215,4,248,197,195,244
448,34,204,113,236,125,137,6,209,120
448,35,129,108,227,11,28,97,111,121
448,36,176,157,218,169,70,23,156,15
448,37,219,7,143,163,92,58,244,62
448,38,100,43,103,115,105,151,191,166
448,39,238,127,190,201,248,114,223,134
449,0,32,206,95,168,238,181,255,246
449,1,201,140,182,122,77,58,188,176
449,2,82,20,165,215,204,49,251,186
449,3,178,117,103,119,233,204,118,91
449,4,81,193,249,183,246,130,245,213
449,5,42,159,132,255,85,111,32,230
449,6,206,118,7,160,145,97,124,176
449,7,15,221,210,176,142,65,136,57
449,8,239,114,113,144,244,106,30,73
449,9,49,53,113,126,88,105,183,200
449,10,215,115,240,21,219,231,96,211
449,11,181,253,249,88,41,51,28,187
449,12,175,212,164,102,62,53,189,195
449,13,10,15,6,162,34,2,121,3
449,14,3,34,233,212,30,223,173,211
449,15,107,120,124,90,168,136,228,196
449,16,24,126,120,94,84,168,213,151
449,17,81,2,5,158,121,97,145,153
449,18,121,30,147,60,20,42,146,77
449,19,19,172,152,129,74,94,1,254
449,20,144,213,110,36,199,114,21,232
449,21,49,85,100,248,218,201,80,113
449,22,71,166,123,127,122,231,129,141
449,23,83,181,246,95,140,133,183,173
449,24,127,8,204,174,43,200,201,37
449,25,15,162,2,176,10,6,193,196
449,26,100,34,42,211,110,55,219,63
449,27,107,219,89,244,129,59,43,128
449,28,24,7,62,168,94,158,103,204
449,29,108,81,158,5,2,153,125,8
449,30,22,76,100,71,42,51,226,29
449,31,129,19,240,171,94,167,254,128
449,32,68,223,155,215,245,128,43,135
449,33,74,215,190,244,55,72,223,4
449,34,116,204,1,252,82,34,236,56
449,35,129,108,183,160,227,28,97,56
449,36,176,70,157,23,156,218,235,59
449,37,219,7,104,143,58,163,82,175
449,38,151,148,230,92,27,100,76,101
449,39,238,248,243,38,2,149,46,127
450,0,88,95,112,140,43,238,173,89
450,1,181,47,152,36,140,115,54,70
450,2,82,62,20,186,165,218,102,253
450,3,117,233,236,103,106,194,76,150
450,4,193,199,9,62,235,5,144,45
450,5,230,160,15,220,188,29,87,189
450,6,118,208,160,7,63,179,97,193
450,7,176,112,236,134,207,54,65,136
450,8,239,104,100,199,114,237,230,205
450,9,113,53,126,49,85,200,34,195
450,10,122,215,100,157,121,195,104,210
450,11,181,28,41,249,253,196,133,88
450,12,62,102,212,175,144,41,76,164
450,13,15,6,2,121,10,255,3,233
450,14,34,41,215,244,173,123,30,107
450,15,136,107,46,168,120,228,24,82
450,16,24,94,168,248,141,191,62,218
450,17,81,2,5,158,108,121,34,99
450,18,121,30,42,147,60,199,226,204
450,19,19,152,171,1,254,51,227,172
450,20,144,110,213,104,18,114,199,244
450,21,49,85,113,100,136,248,218,80
450,22,236,127,118,207,178,157,199,122
450,23,133,83,14,140,181,95,145,39
450,24,127,43,8,212,102,200,204,122
450,25,15,162,6,21,2,63,176,226
450,26,100,233,186,211,134,34,42,0
450,27,107,219,37,123,233,46,89,129
450,28,24,168,120,94,62,7,116,191
450,29,81,5,158,8,2,108,83,15
450,30,71,22,226,29,76,170,34,102
450,31,240,129,171,19,228,128,120,167
450,32,68,223,245,155,60,158,215,128
450,33,190,74,244,215,107,55,41,72
450,34,116,82,204,252,1,56,34,236
450,35,129,183,108,227,160,28,56,84
450,36,70,176,157,23,156,235,181,152
450,37,104,7,219,58,143,82,182,67
450,38,151,148,27,230,92,76,101,255
450,39,248,110,243,12,38,69,217,149
451,0,4,72,78,236,120,211,29,192
451,1,124,208,1,128,178,211,191,245
451,2,60,228,255,92,49,79,150,137
451,3,155,177,219,30,16,150,199,194
451,4,98,216,94,88,134,77,165,34
451,5,214,29,183,160,60,107,251,23
451,6,43,92,14,28,156,158,194,118
451,7,145,198,30,228,207,139,67,205
451,8,47,225,119,198,244,25,185,114
451,9,49,156,85,100,183,229,200,114
451,10,122,207,178,34,21,109,3,17
451,11,153,181,83,149,168,171,15,95
451,12,47,191,138,98,92,175,62,144
451,13,15,3,155,121,10,141,233,4
451,14,55,220,123,107,223,41,91,56
451,15,178,248,107,123,168,89,125,255
451,16,24,230,10,168,62,141,107,23
451,17,108,81,158,2,99,153,34,145
451,18,69,76,204,39,60,42,88,83
451,19,19,60,172,129,171,1,227,246
451,20,110,47,144,213,185,198,232,199
451,21,49,156,85,100,56,113,34,72
451,22,122,207,157,9,178,0,140,44
451,23,83,153,181,15,14,95,99,186
451,24,127,47,8,106,82,191,112,45
451,25,15,176,2,6,152,161,138,233
451,26,100,83,34,42,220,208,36,69
451,27,248,107,178,89,129,125,43,164
451,28,230,24,62,7,168,103,94,228
451,29,158,108,81,65,15,2,153,145
451,30,34,51,69,22,76,29,121,226
451,31,129,19,240,128,171,1,60,63
451,32,68,195,248,146,19,128,215,155
451,33,37,74,133,36,176,55,119,97
451,34,204,255,212,15,249,80,5,113
451,35,129,106,136,49,77,183,176,227
451,36,21,17,138,166,8,169,157,23
451,37,92,214,219,110,115,165,244,163
451,38,120,177,255,254,132,141,209,17
451,39,127,142,209,175,37,83,5,251
452,0,4,241,72,92,240,210,144,234
452,1,195,208,64,5,128,131,87,175
452,2,60,92,255,49,188,150,79,157
452,3,30,177,155,219,11,19,199,113
452,4,94,98,216,77,134,112,88,8
452,5,183,251,60,29,115,39,23,18
452,6,43,14,92,180,125,156,19,82
452,7,198,181,101,30,145,57,139,126
452,8,198,119,144,244,27,178,114,22
452,9,49,85,100,156,229,98,120,218
452,10,122,207,34,178,21,35,9,111
452,11,153,181,83,95,186,98,130,149
452,12,191,138,193,175,98,28,239,69
452,13,15,10,3,4,6,140,162,2
452,14,55,100,57,3,34,30,107,223
452,15,248,107,168,89,229,15,125,246
452,16,24,9,62,94,168,228,7,23
452,17,108,81,65,236,2,158,145,121
452,18,69,39,204,76,121,60,100,124
452,19,19,172,129,233,171,1,60,254
452,20,144,110,213,232,198,199,205,138
452,21,49,85,156,100,178,113,56,107
452,22,122,207,9,157,111,95,0,34
452,23,83,153,181,14,15,95,186,99
452,24,127,106,8,229,145,193,82,255
452,25,15,162,2,10,138,176,193,152
452,26,100,83,34,42,208,69,62,55
452,27,248,107,219,164,89,129,128,102
452,28,230,24,62,185,7,103,168,94
452,29,65,158,108,81,2,15,236,223
452,30,34,69,22,51,76,29,45,121
452,31,129,240,19,63,233,128,171,1
452,32,68,146,195,215,155,86,128,199
452,33,75,37,119,133,97,55,74,36
452,34,204,212,255,5,187,90,144,236
452,35,49,129,227,136,108,183,230,28
452,36,234,166,8,147,157,119,23,169
452,37,115,219,165,193,229,175,78,7
452,38,139,255,93,230,215,47,70,76
452,39,23,68,158,241,16,224,225,146
453,0,79,83,108,59,135,11,88,130
453,1,40,48,182,192,143,78,152,140
453,2,137,56,2,8,54,39,125,36
453,3,106,226,150,129,29,110,134,124
453,4,165,248,219,247,202,72,211,182
453,5,87,19,80,51,146,29,101,198
453,6,43,255,156,180,14,53,158,28
453,7,57,47,49,204,110,165,156,162
453,8,198,244,37,253,166,119,141,189
453,9,49,69,152,114,169,183,195,180
453,10,88,122,208,133,34,210,206,231
453,11,39,4,11,88,96,213,253,102
453,12,76,106,144,211,28,175,195,252
453,13,10,15,2,216,121,184,3,103
453,14,216,55,223,91,34,13,186,219
453,15,89,107,59,69,36,34,183,168
453,16,228,166,93,62,23,84,141,220
453,17,65,99,81,167,108,97,2,82
453,18,83,60,217,170,100,76,14,121
453,19,200,19,1,123,172,158,173,78
453,20,197,144,217,18,213,25,199,149
453,21,69,49,136,100,12,192,210,56
453,22,95,208,88,61,206,48,34,86
453,23,181,39,83,14,104,16,233,196
453,24,169,127,68,175,87,167,247,76
453,25,193,188,196,216,82,141,2,221
453,26,216,215,62,185,254,34,55,229
453,27,183,187,132,136,89,244,219,254
453,28,228,166,62,144,103,204,50,210
453,29,81,108,34,15,247,53,158,167
453,30,34,147,40,161,42,100,121,76
453,31,19,172,1,246,15,158,129,254
453,32,60,121,68,35,124,16,82,213
453,33,33,108,119,78,195,184,74,229
453,34,138,204,118,134,174,234,142,176
453,35,69,91,215,234,95,248,115,189
453,36,225,96,72,3,105,64,208,166
453,37,218,239,230,109,29,127,226,186
453,38,143,67,23,122,83,78,199,49
453,39,96,162,134,175,236,170,46,216
454,0,0,189,78,148,89,184,195,60
454,1,186,204,103,48,170,135,130,55
454,2,32,137,247,124,54,143,91,56
454,3,184,109,227,81,165,215,134,121
454,4,202,137,250,41,183,146,238,5
454,5,36,126,206,140,19,192,246,33
454,6,28,101,205,226,141,53,191,145
454,7,149,18,59,24,11,251,62,15
454,8,144,108,22,114,142,94,60,244
454,9,100,31,183,149,141,177,229,218
454,10,221,131,172,208,45,192,195,38
454,11,184,83,244,118,245,102,164,41
454,12,180,131,28,94,204,124,76,136
454,13,240,10,82,241,121,162,2,193
454,14,85,107,68,3,34,216,95,212
454,15,183,15,246,107,97,193,2,136
454,16,76,176,251,62,228,141,84,77
454,17,184,225,108,2,81,34,99,51
454,18,121,30,202,88,76,60,147,36
454,19,149,200,172,49,15,1,246,103
454,20,213,144,202,119,232,25,217,199
454,21,121,49,228,100,60,149,192,78
454,22,95,221,77,226,131,208,71,231
454,23,118,83,244,152,246,172,184,164
454,24,131,127,87,113,51,68,55,5
454,25,2,10,193,167,162,240,82,90
454,26,216,85,219,62,34,68,215,69
454,27,132,183,136,187,89,59,244,228
454,28,228,62,103,204,247,49,77,23
454,29,184,108,81,34,247,158,2,53
454,30,34,40,147,100,42,202,146,76
454,31,15,149,19,49,129,1,103,158
454,32,138,121,68,202,86,228,82,140
454,33,147,36,78,76,47,55,225,195
454,34,226,204,90,134,238,163,174,137
454,35,129,49,187,252,97,69,11,234
454,36,147,72,96,4,1,227,115,240
454,37,100,230,181,62,198,101,109,205
454,38,199,57,0,134,89,216,67,61
454,39,211,108,236,157,31,134,163,176
455,0,119,125,9,227,36,118,186,221
455,1,207,160,138,12,196,235,239,247
455,2,155,25,37,175,182,195,161,244
455,3,102,83,143,5,227,215,140,203
455,4,247,16,56,146,120,249,3,114
455,5,206,4,166,19,109,29,175,190
455,6,182,43,180,191,250,44,255,67
455,7,113,201,234,126,198,57,224,178
455,8,122,213,198,144,179,189,22,237
455,9,49,109,183,6,169,233,245,195
455,10,49,188,88,122,33,208,48,133
455,11,179,188,11,16,41,254,5,88
455,12,11,28,76,247,216,188,195,133
455,13,10,179,112,254,241,121,82,184
455,14,216,55,229,40,91,42,107,112
455,15,36,89,45,59,183,107,34,187
455,16,228,93,216,192,103,141,131,220
455,17,150,99,182,53,111,188,81,97
455,18,3,60,14,100,193,217,40,110
455,19,200,153,1,173,32,158,138,123
455,20,122,223,18,245,209,217,106,197
455,21,109,210,209,33,37,192,65,222
455,22,95,129,49,88,78,255,48,238
455,23,16,14,179,19,34,162,233,39
455,24,169,247,68,113,112,141,127,243
455,25,135,234,141,216,167,121,57,35
455,26,216,215,9,217,127,254,229,110
455,27,136,187,183,196,132,89,149,56
455,28,39,216,228,89,248,246,131,177
455,29,125,18,53,249,59,182,97,168
455,30,120,40,42,100,38,127,161,60
455,31,10,1,246,238,90,197,242,36
455,32,149,35,111,24,252,54,101,152
455,33,108,115,195,197,157,27,196,32
455,34,99,137,32,211,22,245,158,52
455,35,65,195,234,155,133,115,102,52
455,36,65,143,80,64,230,101,205,219
455,37,198,230,54,185,239,148,109,160
455,38,23,17,159,42,145,131,117,252
455,39,21,103,76,218,90,132,193,20
456,0,255,246,34,168,206,181,216,149
456,1,148,36,136,99,249,122,105,110
456,2,155,231,138,144,99,28,69,244
456,3,86,253,49,85,114,145,244,252
456,4,184,66,69,23,87,150,120,97
456,5,143,215,56,162,243,159,25,83
456,6,214,124,41,225,207,53,199,160
456,7,194,143,165,160,155,159,195,200
456,8,144,81,244,114,91,223,92,148
456,9,135,63,232,235,127,100,184,201
456,10,96,145,144,78,29,14,176,43
456,11,181,42,58,83,46,88,45,24
456,12,28,189,78,139,239,76,25,174
456,13,10,162,34,227,82,231,63,161
456,14,3,233,212,34,223,21,166,134
456,15,107,15,124,246,92,237,187,90
456,16,84,24,74,213,94,49,77,62
456,17,81,2,121,145,97,205,106,108
456,18,121,147,30,202,199,60,88,146
456,19,172,19,103,152,125,186,1,129
456,20,144,213,199,18,245,12,36,100
456,21,49,201,80,248,85,100,125,141
456,22,199,208,71,141,140,210,118,44
456,23,83,5,80,173,233,92,181,183
456,24,127,174,234,98,37,105,204,175
456,25,2,15,193,10,255,4,241,226
456,26,100,59,193,3,42,91,154,68
456,27,244,107,137,117,59,128,187,43
456,28,24,158,228,103,220,191,7,64
456,29,108,158,150,116,205,15,165,125
456,30,60,42,102,146,184,21,34,222
456,31,138,238,1,129,181,221,158,232
456,32,35,33,231,54,43,211,63,213
456,33,71,248,123,101,99,27,112,113
456,34,99,209,137,79,32,142,216,172
456,35,137,209,234,33,245,222,140,195
456,36,75,199,80,143,230,240,151,127
456,37,165,98,226,54,69,239,160,172
456,38,103,23,166,138,159,233,206,117
456,39,42,76,227,97,210,168,218,118
457,0,42,152,252,55,100,73,183,221
457,1,240,145,186,228,84,42,208,180
457,2,211,182,57,155,77,236,113,237
457,3,215,13,44,66,234,120,63,143
457,4,84,137,80,202,223,178,41,125
457,5,4,33,206,168,116,207,28,196
457,6,101,40,67,250,41,131,96,198
457,7,150,122,130,71,210,95,99,67
457,8,135,144,114,244,22,64,25,205
457,9,160,252,100,89,218,162,223,192
457,10,131,89,208,35,49,175,98,32
457,11,199,179,33,83,77,123,113,48
457,12,75,239,40,37,189,204,25,255
457,13,162,240,90,94,82,223,121,193
457,14,62,212,219,3,143,154,104,197
457,15,107,246,2,64,92,102,34,45
457,16,76,62,84,23,251,49,175,68
457,17,2,125,121,84,51,145,81,179
457,18,121,120,79,96,30,202,51,100
457,19,186,1,0,172,200,125,158,49
457,20,144,135,18,213,100,199,25,114
457,21,160,109,136,0,65,223,141,218
457,22,10,213,89,48,44,206,127,49
457,23,126,246,77,33,243,179,90,224
457,24,243,175,184,195,141,247,5,87
457,25,121,2,82,90,173,193,128,255
457,26,254,3,177,4,34,119,127,56
457,27,132,136,45,244,187,151,179,196
457,28,175,114,216,228,204,84,103,79
457,29,53,34,134,108,125,158,175,74
457,30,120,34,40,100,42,146,60,102
457,31,49,1,10,129,32,254,197,158
457,32,150,164,138,118,211,45,111,54
457,33,195,98,197,240,101,115,152,248
457,34,32,159,99,241,229,209,138,172
457,35,119,97,81,164,137,115,86,181
457,36,75,171,76,240,9,80,230,133
457,37,230,213,100,118,54,195,109,51
457,38,193,23,17,42,159,0,174,143
457,39,107,5,48,76,155,101,222,170
458,0,154,1,219,0,248,217,19,8
458,1,116,15,41,6,31,220,237,161
458,2,96,137,48,182,160,97,218,211
458,3,109,72,57,184,213,63,93,107
458,4,56,26,22,10,52,202,134,63
458,5,36,126,9,246,216,243,206,140
458,6,234,252,233,229,130,213,240,117
458,7,18,53,149,11,126,75,110,178
458,8,144,22,135,108,114,244,60,25
458,9,100,31,89,252,49,229,218,225
458,10,131,89,221,74,199,35,42,70
458,11,83,118,244,77,26,123,124,254
458,12,75,48,109,214,239,184,204,248
458,13,162,240,90,223,193,176,82,237
458,14,3,85,212,68,177,34,56,219
458,15,70,107,92,136,196,131,151,246
458,16,84,76,251,176,77,175,62,49
458,17,121,81,184,125,2,51,108,182
458,18,121,100,120,51,30,202,42,199
458,19,1,172,15,200,49,149,186,246
458,20,144,213,18,89,199,114,149,100
458,21,49,121,214,56,100,58,60,80
458,22,95,48,208,78,10,199,221,131
458,23,83,118,246,123,244,26,173,201
458,24,68,87,247,127,234,37,204,229
458,25,161,10,2,90,193,135,188,82
458,26,216,3,42,34,85,100,68,91
458,27,187,136,107,128,61,89,59,43
458,28,24,7,228,168,103,62,166,204
458,29,108,158,81,94,184,34,15,10
458,30,34,76,51,206,42,40,22,102
458,31,129,19,49,1,158,29,246,241
458,32,68,86,138,161,140,128,35,215
458,33,36,147,74,47,55,225,132,229
458,34,226,204,209,90,159,238,120,163
458,35,129,49,86,11,111,148,137,248
458,36,147,227,115,1,143,29,169,218
458,37,100,101,195,175,141,127,98,229
458,38,0,199,57,61,143,42,17,10
458,39,108,236,163,107,225,211,35,190
459,0,179,130,215,168,101,164,145,150
459,1,139,64,106,216,59,87,151,78
459,2,162,30,206,50,19,227,104,4
459,3,59,142,52,139,97,107,135,141
459,4,241,131,151,230,198,191,10,19
459,5,206,4,192,252,103,107,212,231
459,6,180,43,59,121,83,141,44,64
459,7,198,234,99,85,177,113,68,231
459,8,89,144,119,105,213,125,167,22
459,9,49,77,69,228,100,141,23,195
459,10,113,131,122,210,208,42,28,35
459,11,243,83,173,174,164,4,123,122
459,12,28,255,87,148,239,195,243,25
459,13,10,162,97,82,15,121,57,90
459,14,3,34,216,219,212,57,68,217
459,15,107,89,196,34,131,175,237,16
459,16,24,228,94,62,220,168,49,23
459,17,150,81,108,97,182,51,158,34
459,18,39,60,88,230,102,14,100,30
459,19,19,172,1,123,246,129,176,227
459,20,213,144,197,245,209,18,110,106
459,21,69,49,113,85,43,56,210,60
459,22,95,48,122,44,208,60,113,207
459,23,83,95,181,173,116,152,123,26
459,24,127,229,68,87,195,141,234,201
459,25,15,161,2,167,193,4,152,234
459,26,216,100,34,42,70,211,197,55
459,27,107,23,89,187,61,244,43,59
459,28,24,7,168,228,103,62,166,94
459,29,108,15,158,153,81,34,128,2
459,30,34,22,102,100,51,76,40,206
459,31,129,19,240,158,171,63,246,1
459,32,68,86,35,155,215,128,179,240
459,33,126,36,74,55,132,47,225,215
459,34,204,44,90,238,209,103,236,28
459,35,129,49,28,227,108,148,97,11
459,36,2,147,227,119,157,23,115,29
459,37,78,229,219,7,195,54,175,193
459,38,255,139,215,251,0,119,230,93
459,39,158,197,122,225,224,179,165,219
460,0,4,117,171,121,185,187,172,11
460,1,13,43,81,158,202,66,107,120
460,2,22,107,164,35,169,152,59,102
460,3,170,247,132,9,221,30,95,134
460,4,55,119,123,8,182,228,98,216
460,5,80,214,3,194,223,204,42,134
460,6,43,92,180,3,125,16,93,178
460,7,133,198,243,181,124,110,196,156
460,8,119,112,198,114,141,144,244,178
460,9,49,19,206,85,229,56,100,34
460,10,133,122,163,207,210,208,34,7
460,11,181,18,116,95,83,40,87,142
460,12,144,106,98,255,252,73,87,69
460,13,15,200,10,3,2,4,152,68
460,14,55,3,38,91,34,177,100,219
460,15,241,107,89,248,168,99,103,124
460,16,149,24,62,166,168,220,78,94
460,17,81,108,65,236,167,97,121,153
460,18,6,204,39,76,100,147,30,88
460,19,19,172,233,221,1,94,171,129
460,20,144,110,213,185,112,232,197,40
460,21,49,19,85,100,206,34,80,135
460,22,163,95,178,122,207,111,133,60
460,23,181,83,18,142,95,75,173,153
460,24,127,106,81,8,193,105,234,204
460,25,15,200,176,255,10,162,135,82
460,26,100,38,154,34,25,42,121,208
460,27,107,241,103,129,99,122,43,187
460,28,149,185,24,62,103,94,232,106
460,29,65,108,81,153,155,145,2,158
460,30,6,22,34,100,29,51,45,76
460,31,19,63,129,233,171,240,128,241
460,32,17,199,68,155,175,215,37,240
460,33,117,23,214,94,16,105,55,74
460,34,58,187,182,204,247,19,236,144
460,35,7,129,227,28,59,108,56,115
460,36,245,157,8,253,119,23,166,176
460,37,164,7,219,82,35,158,128,77
460,38,136,230,255,22,76,221,233,159
460,39,68,16,23,225,76,241,160,164
461,0,82,181,107,251,99,68,160,39
461,1,166,89,9,237,183,92,220,200
461,2,125,95,102,185,9,54,209,196
461,3,158,121,3,65,73,255,41,227
461,4,165,211,182,133,153,120,49,187
461,5,174,3,68,159,223,111,183,42
461,6,53,110,43,194,239,77,124,179
461,7,195,133,206,90,49,204,52,134
461,8,245,68,185,244,51,24,119,114
461,9,49,34,7,114,33,107,85,56
461,10,208,68,133,122,10,34,210,187
461,11,64,181,88,5,123,149,173,96
461,12,106,83,211,195,188,243,189,73
461,13,164,230,2,3,15,243,68,70
461,14,55,216,197,223,91,29,136,57
461,15,196,241,136,124,168,131,132,117
461,16,149,185,93,141,37,39,23,14
461,17,26,99,81,65,108,121,51,182
461,18,55,146,30,60,100,39,147,33
461,19,237,19,171,221,186,172,246,94
461,20,144,213,110,185,245,18,114,197
461,21,246,100,49,85,210,135,122,80
461,22,68,178,60,44,208,154,10,238
461,23,181,64,83,93,173,5,228,183
461,24,127,106,81,78,193,153,8,213
461,25,164,200,15,2,63,234,82,4
461,26,100,235,215,154,57,26,34,251
461,27,107,116,241,117,129,122,228,100
461,28,149,185,62,103,232,94,147,218
461,29,26,65,108,153,101,145,2,81
461,30,55,100,29,22,45,34,51,161
461,31,237,19,171,63,129,240,128,241
461,32,224,197,68,155,199,175,215,37
461,33,201,156,179,117,16,55,72,57
461,34,49,213,217,247,204,144,58,236
461,35,224,129,227,244,28,7,56,108
461,36,255,157,245,24,129,119,23,176
461,37,7,82,219,50,35,158,14,97
461,38,230,146,76,255,34,79,47,106
461,39,85,177,203,13,10,130,116,114
462,0,70,109,151,24,211,62,231,237
462,1,226,22,236,143,190,85,49,95
462,2,95,3,185,13,125,47,221,77
462,3,167,247,243,121,255,17,11,39
462,4,243,165,211,134,77,180,75,199
462,5,3,183,251,164,19,39,223,111
462,6,43,180,149,56,161,125,49,213
462,7,133,198,30,32,178,49,13,57
462,8,144,119,185,114,244,101,84,25
462,9,49,100,8,85,34,218,183,229
462,10,242,34,178,122,133,154,208,210
462,11,83,85,93,201,218,59,168,88
462,12,175,124,64,239,98,73,253,252
462,13,10,15,2,230,3,68,243,4
462,14,55,3,91,104,29,34,8,119
462,15,107,168,132,131,254,124,89,84
462,16,190,23,24,141,41,220,62,49
462,17,81,108,121,153,97,34,175,167
462,18,204,147,88,42,76,39,30,230
462,19,19,85,172,1,69,234,173,171
462,20,245,144,185,244,106,110,127,197
462,21,49,85,135,60,210,31,252,80
462,22,242,154,60,122,208,178,44,231
462,23,83,93,181,201,85,218,183,168
462,24,127,81,234,11,112,51,188,205
462,25,15,230,10,4,2,19,161,146
462,26,100,42,12,8,68,3,215,95
462,27,61,89,107,28,132,168,187,84
462,28,7,24,168,190,62,103,158,213
462,29,108,158,153,81,62,15,21,226
462,30,76,197,34,204,63,22,60,99
462,31,129,183,63,85,19,241,158,246
462,32,123,161,68,140,240,215,86,111
462,33,95,166,139,74,133,132,11,39
462,34,204,94,240,72,44,40,209,106
462,35,187,59,129,191,97,203,108,213
462,36,142,19,26,171,217,47,115,18
462,37,229,77,169,54,115,127,16,78
462,38,0,169,255,159,93,158,196,96
462,39,179,197,117,235,225,122,164,168
463,0,197,101,35,34,9,242,108,135
463,1,62,75,155,27,70,97,151,150
463,2,210,90,109,59,39,17,226,128
463,3,130,37,77,183,84,176,230,152
463,4,241,15,142,102,87,108,222,33
463,5,204,186,188,220,236,134,32,183
463,6,43,180,14,156,125,182,59,79
463,7,133,23,198,49,204,231,42,127
463,8,239,83,56,179,105,119,114,185
463,9,203,49,29,85,195,84,115,94
463,10,208,122,210,133,118,206,88,207
463,11,95,88,42,168,233,14,87,123
463,12,220,98,87,193,81,69,28,252
463,13,15,10,4,2,29,162,49,247
463,14,3,34,219,55,91,95,70,212
463,15,107,89,175,128,124,47,84,32
463,16,24,9,62,168,94,213,202,100
463,17,81,108,121,2,97,193,51,34
463,18,204,121,30,147,60,197,39,76
463,19,19,172,1,186,246,158,152,125
463,20,18,144,245,36,213,106,199,244
463,21,49,203,232,85,113,135,80,56
463,22,208,48,88,60,210,10,169,105
463,23,83,181,127,246,95,26,233,243
463,24,127,220,188,60,112,200,234,175
463,25,2,15,161,10,193,226,135,128
463,26,100,154,3,70,34,42,215,8
463,27,172,107,117,244,162,89,128,15
463,28,7,62,158,9,204,24,248,103
463,29,108,81,226,250,15,34,153,121
463,30,76,197,42,22,24,60,34,170
463,31,129,19,109,205,191,94,195,158
463,32,90,161,215,98,68,124,54,152
463,33,126,86,215,183,238,223,140,64
463,34,1,86,96,116,207,204,209,142
463,35,160,57,108,234,111,129,137,47
463,36,166,143,70,217,171,18,186,218
463,37,65,61,72,123,186,232,51,19
463,38,5,151,73,25,180,96,143,207
463,39,228,86,114,173,81,97,235,167
464,0,141,235,115,208,253,221,158,47
464,1,62,217,182,70,152,82,140,155
464,2,95,109,128,127,220,255,123,106
464,3,230,26,219,190,35,233,128,12
464,4,165,144,15,245,45,102,142,127
464,5,90,188,43,135,47,65,176,222
464,6,43,14,156,182,206,79,75,187
464,7,117,23,231,42,70,106,64,112
464,8,104,239,56,116,180,99,179,83
464,9,203,116,191,85,8,13,49,208
464,10,88,157,210,198,208,122,206,13
464,11,233,95,88,42,246,73,62,127
464,12,93,220,253,69,15,195,60,164
464,13,15,29,6,49,134,176,10,233
464,14,41,86,51,3,91,55,215,10
464,15,172,162,107,31,24,168,181,47
464,16,24,9,168,106,158,204,216,218
464,17,108,250,81,153,121,87,193,158
464,18,204,197,170,39,76,163,60,42
464,19,19,116,172,109,1,56,205,246
464,20,239,245,179,116,110,106,127,232
464,21,203,191,49,85,113,116,152,56
464,22,88,198,208,48,36,125,157,210
464,23,83,62,42,86,181,233,88,39
464,24,93,220,127,15,60,81,54,112
464,25,15,134,112,2,147,161,10,17
464,26,10,149,100,86,51,41,154,110
464,27,162,172,107,165,31,168,87,89
464,28,7,62,144,9,43,248,24,134
464,29,81,108,250,226,87,5,153,0
464,30,76,197,170,42,22,179,24,34
464,31,116,19,109,129,191,205,150,20
464,32,90,119,161,215,68,124,134,54
464,33,93,215,86,83,129,183,119,210
464,34,86,1,82,96,174,132,113,207
464,35,84,160,27,234,108,204,57,137
464,36,222,166,70,192,200,143,217,208
464,37,229,115,130,186,61,58,143,66
464,38,151,64,92,67,148,25,121,31
464,39,186,154,189,38,190,161,248,86
465,0,38,193,54,53,244,44,167,176
465,1,140,122,117,62,105,201,217,103
465,2,128,154,127,106,209,220,167,102
465,3,91,35,128,34,12,250,210,204
465,4,120,159,213,144,187,224,179,210
465,5,239,42,5,166,255,159,160,112
465,6,118,28,133,193,97,179,214,65
465,7,162,221,210,54,42,25,234,127
465,8,113,30,104,106,245,244,119,199
465,9,203,49,116,200,88,33,201,195
465,10,115,231,96,219,212,22,211,208
465,11,253,88,41,181,187,51,57,196
465,12,53,175,0,102,174,184,83,117
465,13,10,2,135,3,121,227,128,112
465,14,41,3,34,55,217,56,30,223
465,15,136,107,36,168,34,131,183,228
465,16,39,24,76,49,23,62,218,66
465,17,81,108,111,121,125,167,2,11
465,18,76,204,39,147,42,44,30,40
465,19,172,19,200,94,97,246,56,103
465,20,213,144,104,18,199,106,36,205
465,21,49,232,248,201,78,149,113,31
465,22,88,208,60,96,82,44,199,43
465,23,83,181,126,243,173,172,184,246
465,24,127,169,113,174,199,37,188,234
465,25,135,10,15,2,112,193,196,4
465,26,100,104,154,110,34,166,25,55
465,27,244,107,15,89,72,183,59,228
465,28,76,158,62,39,77,144,7,218
465,29,81,108,226,249,5,125,175,97
465,30,76,60,146,100,197,30,22,170
465,31,19,0,200,103,129,94,139,158
465,32,124,90,54,35,161,225,111,119
465,33,98,86,93,129,215,64,83,223
465,34,186,86,174,1,96,207,209,99
465,35,160,84,111,137,211,108,234,129
465,36,166,70,200,230,176,64,143,151
465,37,115,31,66,58,182,76,175,73
465,38,151,148,92,71,93,255,121,109
465,39,154,2,189,38,69,248,217,108
466,0,140,43,98,238,200,95,173,112
466,1,152,70,140,182,199,143,86,237
466,2,11,167,8,72,49,219,36,128
466,3,106,129,151,113,210,11,250,69
466,4,247,205,45,58,235,159,76,219
466,5,166,87,109,65,5,69,243,214
466,6,65,68,122,179,143,28,31,22
466,7,254,70,123,49,117,203,221,231
466,8,104,141,119,56,99,179,245,115
466,9,84,152,191,195,8,183,49,163
466,10,88,125,27,210,39,65,100,48
466,11,39,179,57,253,192,73,112,19
466,12,16,0,243,102,151,169,4,117
466,13,103,112,135,2,243,3,205,121
466,14,41,26,55,217,9,119,110,123
466,15,56,229,36,168,136,172,141,183
466,16,144,39,93,66,218,238,163,18
466,17,107,111,108,81,121,99,82,5
466,18,39,76,170,40,42,30,204,3
466,19,19,172,200,1,56,246,94,186
466,20,104,175,205,213,144,232,36,21
466,21,232,49,152,25,191,127,80,169
466,22,145,88,127,60,162,69,48,175
466,23,39,83,179,172,126,233,183,181
466,24,169,127,113,105,188,37,87,213
466,25,135,2,251,112,10,132,206,82
466,26,104,110,100,88,55,254,149,34
466,27,72,244,183,228,15,246,59,196
466,28,76,77,144,62,248,158,204,177
466,29,81,108,226,52,125,179,249,34
466,30,76,146,170,169,202,40,147,100
466,31,19,0,200,103,165,172,188,94
466,32,225,23,60,228,124,53,54,35
466,33,33,78,210,76,108,98,64,223
466,34,174,52,138,134,91,118,106,209
466,35,91,211,234,69,111,34,137,104
466,36,96,72,64,200,143,80,230,216
466,37,230,29,218,198,33,170,73,215
466,38,108,199,89,83,145,23,223,17
466,39,21,230,236,108,162,73,41,235
467,0,168,206,167,181,246,255,208,38
467,1,201,137,234,135,92,103,122,176
467,2,11,247,128,172,81,119,189,49
467,3,227,28,99,149,196,100,255,73
467,4,58,189,6,185,92,171,187,132
467,5,166,243,207,101,185,239,50,132
467,6,7,205,118,199,179,239,96,221
467,7,90,49,194,142,165,159,113,236
467,8,245,244,166,24,98,117,114,229
467,9,183,80,53,71,62,167,200,175
467,10,145,96,76,14,115,29,93,255
467,11,76,183,5,253,22,34,41,88
467,12,243,174,79,187,105,189,6,213
467,13,233,57,227,55,2,114,110,63
467,14,34,43,3,39,114,82,199,222
467,15,107,216,100,210,2,199,89,59
467,16,94,37,218,74,24,49,126,142
467,17,81,2,82,67,83,121,95,92
467,18,121,30,20,68,186,147,146,200
467,19,152,186,227,68,187,128,170,119
467,20,144,110,7,247,199,114,22,244
467,21,49,149,100,85,218,194,22,229
467,22,160,210,71,123,51,178,222,60
467,23,172,80,122,45,246,186,241,95
467,24,217,139,42,175,27,19,45,64
467,25,15,162,250,156,10,102,109,2
467,26,114,39,95,233,142,87,222,68
467,27,123,210,2,202,82,107,157,196
467,28,2,134,204,194,74,191,125,62
467,29,121,150,175,194,116,34,48,255
467,30,24,146,180,14,3,40,60,216
467,31,154,188,56,195,1,166,246,94
467,32,127,35,111,64,124,227,217,54
467,33,98,32,128,223,196,170,227,137
467,34,32,99,122,138,110,52,234,0
467,35,95,211,180,234,176,198,178,38
467,36,123,218,233,126,106,230,228,137
467,37,239,252,170,33,242,180,54,243
467,38,159,23,117,220,223,233,8,83
467,39,227,42,218,86,175,164,76,166
468,0,252,152,42,100,73,183,12,55
468,1,103,84,213,125,45,19,176,42
468,2,11,79,126,122,216,124,6,104
468,3,215,120,207,223,13,66,81,191
468,4,84,41,137,207,218,177,127,27
468,5,33,207,136,196,101,168,5,28
468,6,101,40,252,205,96,198,131,6
468,7,210,6,150,15,95,28,67,51
468,8,135,144,114,244,201,25,40,205
468,9,160,100,89,252,80,223,43,87
468,10,131,35,89,76,208,69,212,49
468,11,179,199,83,33,41,100,87,240
468,12,75,13,48,40,87,189,239,37
468,13,162,115,240,82,94,90,189,68
468,14,62,143,212,190,219,30,21,34
468,15,246,107,51,45,64,15,102,111
468,16,76,68,251,23,62,218,84,58
468,17,2,84,52,145,179,108,121,51
468,18,120,121,79,30,202,60,96,102
468,19,0,103,172,200,188,94,74,154
468,20,144,213,135,232,100,114,244,119
468,21,160,49,121,100,141,109,80,135
468,22,89,131,145,230,98,177,162,44
468,23,179,43,83,243,199,246,183,26
468,24,75,169,188,204,243,37,40,48
468,25,2,193,63,162,251,135,198,226
468,26,104,110,55,34,8,26,69,114
468,27,72,45,244,56,196,160,246,151
468,28,76,77,68,144,204,251,93,175
468,29,226,51,179,52,194,175,249,34
468,30,120,146,202,96,102,160,100,36
468,31,0,165,1,254,188,195,161,200
468,32,225,23,228,129,94,54,64,217
468,33,76,78,108,152,196,128,243,98
468,34,32,241,138,174,3,142,134,151
468,35,95,91,60,97,234,69,149,123
468,36,96,123,225,230,101,190,171,64
468,37,230,252,109,243,51,152,170,33
468,38,11,193,77,143,159,83,191,17
468,39,101,86,47,90,41,223,170,218
469,0,154,219,1,0,19,8,137,248
469,1,116,6,15,31,41,197,5,205
469,2,96,48,137,160,97,9,218,184
469,3,109,184,72,227,215,81,239,165
469,4,137,26,56,10,156,63,178,5
469,5,36,126,9,216,246,33,196,80
469,6,23,252,11,233,234,141,253,101
469,7,149,53,18,126,137,178,168,6
469,8,144,22,108,232,244,114,27,25
469,9,100,89,31,157,86,218,225,80
469,10,221,89,131,74,230,229,38,90
469,11,118,244,184,83,77,245,253,127
469,12,75,131,239,234,25,248,109,204
469,13,162,240,223,90,68,82,129,70
469,14,85,92,212,34,233,68,186,219
469,15,97,107,246,111,15,219,175,216
469,16,76,251,68,84,77,100,62,218
469,17,184,2,34,51,108,121,145,82
469,18,121,120,30,74,42,202,60,37
469,19,149,15,1,49,94,200,0,172
469,20,144,119,213,244,202,114,232,149
469,21,121,49,80,136,100,218,209,78
469,22,221,89,82,131,71,230,203,210
469,23,244,118,45,26,246,237,83,184
469,24,75,131,248,87,175,234,247,105
469,25,227,223,82,128,193,226,213,161
469,26,110,85,55,127,104,215,3,34
469,27,117,244,56,247,141,187,128,196
469,28,175,158,18,39,204,76,227,246
469,29,184,34,51,59,182,121,73,134
469,30,120,42,30,100,146,24,40,60
469,31,186,1,32,254,242,78,255,246
469,32,35,11,138,54,217,203,43,5
469,33,147,115,112,19,135,243,248,185
469,34,32,226,245,137,8,106,209,211
469,35,121,119,65,97,140,133,238,234
469,36,76,47,143,196,101,230,161,240
469,37,62,245,165,198,54,24,13,118
469,38,197,182,11,23,180,248,222,159
469,39,107,86,193,155,144,90,83,101
470,0,230,45,149,213,16,214,38,174
470,1,208,197,5,25,177,74,54,77
470,2,215,85,50,144,186,184,73,195
470,3,72,227,40,190,28,178,193,49
470,4,238,113,38,224,28,229,217,111
470,5,80,154,199,179,28,138,177,105
470,6,11,214,222,229,242,220,253,191
470,7,157,122,234,90,17,235,104,53
470,8,166,250,251,117,244,25,134,101
470,9,89,62,80,12,17,162,183,71
470,10,89,50,145,106,90,33,254,42
470,11,162,76,173,41,38,167,240,246
470,12,75,137,228,182,170,204,47,29
470,13,241,68,141,184,244,205,161,121
470,14,62,144,236,110,63,81,85,91
470,15,187,178,61,117,244,32,53,136
470,16,76,227,109,88,107,218,132,69
470,17,112,182,82,168,71,29,23,171
470,18,120,60,37,146,160,14,125,217
470,19,235,246,188,90,0,158,123,227
470,20,78,17,245,209,244,237,197,24
470,21,135,201,37,127,237,43,235,109
470,22,82,50,49,76,89,219,115,129
470,23,224,233,246,25,162,76,26,149
470,24,75,213,174,234,112,82,156,177
470,25,34,189,117,206,121,132,2,135
470,26,110,87,104,26,9,127,129,126
470,27,56,117,244,196,70,184,160,228
470,28,175,76,89,158,109,132,177,6
470,29,59,226,112,45,97,175,189,40
470,30,120,14,24,160,42,37,132,100
470,31,160,56,232,248,255,131,254,84
470,32,5,35,54,126,44,30,40,152
470,33,87,135,248,196,124,212,153,3
470,34,32,174,211,245,52,99,114,209
470,35,211,97,38,82,119,234,140,164
470,36,101,230,16,208,219,111,161,62
470,37,170,152,226,11,24,204,215,202
470,38,37,159,222,174,228,65,88,43
470,39,155,255,152,223,164,118,33,166
471,0,19,116,198,5,239,21,250,204
471,1,241,82,228,209,186,69,208,197
471,2,215,85,144,50,186,73,98,66
471,3,185,57,72,40,96,181,245,90
471,4,22,238,35,137,100,169,111,173
471,5,80,126,206,9,196,116,168,199
471,6,229,234,11,188,233,40,220,117
471,7,83,53,241,178,75,150,95,252
471,8,144,22,13,244,114,36,232,64
471,9,100,160,89,218,35,86,43,222
471,10,131,89,74,35,50,82,230,168
471,11,83,124,41,26,5,244,100,75
471,12,75,239,40,23,248,189,25,234
471,13,162,223,240,90,194,63,82,213
471,14,17,57,62,3,166,233,92,30
471,15,92,246,107,15,82,53,175,183
471,16,76,68,84,251,175,77,218,60
471,17,2,84,121,179,52,108,51,34
471,18,120,121,42,202,30,147,96,199
471,19,0,1,149,103,125,186,207,94
471,20,144,213,232,244,199,114,106,209
471,21,49,160,121,201,169,58,135,77
471,22,89,82,74,131,50,221,71,179
471,23,45,123,243,237,24,77,224,246
471,24,75,248,100,40,87,127,23,247
471,25,2,223,90,135,189,193,63,226
471,26,104,110,55,57,181,3,26,85
471,27,244,117,72,45,56,246,141,183
471,28,76,175,251,77,68,204,158,162
471,29,226,179,52,184,171,84,121,215
471,30,120,23,76,202,42,96,24,146
471,31,19,0,103,200,165,172,254,106
471,32,225,23,228,54,35,138,5,172
471,33,76,78,158,108,64,128,77,248
471,34,174,3,134,52,118,138,76,106
471,35,211,91,252,207,135,173,14,0
471,36,96,72,101,134,111,133,64,16
471,37,170,230,152,29,205,66,2,19
471,38,159,11,83,153,207,237,67,199
471,39,211,108,193,253,236,7,80,133
472,0,119,125,9,186,227,118,221,213
472,1,207,104,247,4,196,138,235,159
472,2,50,215,48,85,114,73,44,9
472,3,192,83,102,227,200,139,72,140
472,4,16,247,83,187,196,19,38,61
472,5,166,206,80,109,243,231,176,119
472,6,229,234,188,233,64,182,11,121
472,7,198,83,178,113,249,95,126,75
472,8,122,144,22,244,213,114,148,25
472,9,109,49,100,89,193,229,80,183
472,10,33,13,145,35,22,4,192,80
472,11,179,83,144,200,246,243,127,123
472,12,48,75,189,69,141,188,87,37
472,13,179,10,162,68,152,121,90,196
472,14,3,208,26,62,185,91,31,236
472,15,246,107,34,173,244,61,255,82
472,16,76,49,109,100,66,103,204,141
472,17,111,81,121,108,2,34,82,45
472,18,120,51,147,76,121,40,42,39
472,19,200,0,235,172,103,1,246,227
472,20,144,122,244,114,36,106,209,213
472,21,109,49,169,163,37,8,78,141
472,22,145,177,162,96,71,141,13,241
472,23,179,129,192,23,25,233,74,183
472,24,169,211,175,87,41,213,48,98
472,25,2,132,82,135,110,173,141,63
472,26,104,110,55,63,34,26,87,69
472,27,72,244,141,246,15,196,137,59
472,28,76,77,68,62,177,144,251,204
472,29,226,108,179,52,125,81,107,171
472,30,120,23,202,76,96,146,51,42
472,31,19,200,0,172,103,165,50,254
472,32,225,149,23,228,25,54,16,128
472,33,76,78,108,72,64,158,55,128
472,34,52,174,3,138,134,118,76,113
472,35,211,91,252,207,84,33,69,135
472,36,96,72,64,200,111,238,80,168
472,37,170,230,205,29,152,178,66,73
472,38,108,159,207,11,117,184,153,89
472,39,108,230,7,86,236,88,253,33
473,0,27,169,35,143,133,166,137,114
473,1,240,196,31,247,12,67,103,126
473,2,211,26,53,177,9,105,124,54
473,3,223,203,43,104,99,47,136,71
473,4,185,227,196,199,171,61,38,114
473,5,119,9,166,231,243,68,132,13
473,6,46,131,233,140,96,28,64,11
473,7,249,113,99,51,67,83,122,162
473,8,167,25,244,37,119,144,158,40
473,9,241,49,183,168,100,157,124,163
473,10,37,177,227,48,254,33,140,129
473,11,179,23,83,51,149,122,39,127
473,12,0,211,146,189,75,99,141,188
473,13,179,2,121,141,68,82,10,162
473,14,62,223,81,154,34,55,199,91
473,15,48,156,11,254,173,244,27,47
473,16,164,76,68,204,225,217,144,66
473,17,121,108,52,179,99,34,45,111
473,18,120,23,42,60,36,217,121,202
473,19,0,103,200,194,1,148,172,242
473,20,144,213,244,232,114,106,175,205
473,21,241,109,49,232,252,37,12,56
473,22,177,89,162,127,71,175,144,6
473,23,179,23,124,126,246,58,184,253
473,24,169,87,75,37,82,0,199,211
473,25,2,135,161,3,198,82,213,68
473,26,104,34,55,110,81,13,79,217
473,27,137,244,59,196,219,175,141,72
473,28,164,76,158,177,202,68,144,204
473,29,226,249,34,125,134,232,82,55
473,30,120,23,146,42,24,40,172,184
473,31,172,1,78,19,238,254,123,195
473,32,60,111,66,16,150,43,101,217
473,33,251,33,115,195,248,67,208,12
473,34,40,32,138,22,137,114,151,199
473,35,240,215,241,133,81,65,60,225
473,36,224,76,230,137,54,29,182,18
473,37,119,118,243,230,215,185,33,232
473,38,144,23,137,77,82,53,159,16
473,39,162,90,97,137,159,73,216,81
474,0,252,152,42,73,100,25,89,55
474,1,28,31,119,176,84,213,145,20
474,2,185,47,222,78,19,232,126,104
474,3,215,191,21,121,234,223,114,120
474,4,84,185,41,137,207,177,80,169
474,5,136,28,101,33,96,116,203,141
474,6,101,6,198,131,40,117,222,87
474,7,130,83,120,51,210,67,224,114
474,8,135,216,144,25,244,114,158,40
474,9,160,89,252,17,100,223,124,183
474,10,35,89,131,48,208,49,175,254
474,11,43,179,199,246,33,48,175,77
474,12,75,248,40,13,37,189,239,224
474,13,162,178,115,90,94,82,213,240
474,14,62,190,34,212,104,21,143,68
474,15,246,45,107,2,102,126,92,237
474,16,68,76,164,251,23,202,84,101
474,17,84,145,2,121,108,179,52,215
474,18,120,79,121,202,102,217,253,96
474,19,0,186,172,125,1,103,235,89
474,20,144,213,135,100,216,149,114,81
474,21,160,49,141,100,241,107,109,147
474,22,89,98,131,74,162,48,115,69
474,23,199,179,43,77,243,175,237,33
474,24,75,248,243,40,87,188,37,195
474,25,2,90,82,198,121,3,94,193
474,26,104,254,55,34,56,13,68,107
474,27,137,45,244,59,132,219,184,175
474,28,164,177,68,182,107,204,158,144
474,29,51,74,125,249,226,59,121,134
474,30,120,42,9,23,44,102,111,146
474,31,10,78,254,186,242,238,1,74
474,32,15,129,111,150,66,217,83,43
474,33,251,196,195,208,19,248,115,241
474,34,32,241,99,137,211,245,219,229
474,35,119,133,225,164,215,62,240,140
474,36,75,76,47,178,37,139,237,231
474,37,252,36,51,118,120,128,243,133
474,38,159,23,11,165,77,42,17,49
474,39,137,90,101,222,218,170,5,155
475,0,154,219,0,1,248,217,8,201
475,1,116,31,6,41,15,220,237,130
475,2,160,137,96,48,97,9,229,54
475,3,57,184,213,72,159,63,165,190
475,4,52,26,56,5,41,22,63,238
475,5,126,36,9,216,196,246,243,173
475,6,252,198,51,131,253,117,141,45
475,7,149,18,53,126,83,95,110,251
475,8,144,108,22,135,114,244,60,25
475,9,100,89,31,183,252,80,225,218
475,10,89,131,221,74,35,42,230,33
475,11,118,83,244,77,26,245,122,253
475,12,75,239,109,131,248,18,25,204
475,13,162,240,223,90,192,68,106,118
475,14,92,85,212,68,82,34,114,186
475,15,97,107,131,219,151,15,246,84
475,16,68,251,76,77,216,23,66,49
475,17,184,125,121,2,51,52,179,84
475,18,120,121,30,42,100,51,137,202
475,19,1,15,0,186,74,149,246,90
475,20,144,106,114,149,213,119,100,199
475,21,121,78,8,232,128,163,49,80
475,22,89,221,123,78,48,93,241,175
475,23,244,77,118,215,88,26,34,45
475,24,75,248,40,37,243,226,195,87
475,25,2,90,82,223,35,161,173,193
475,26,85,104,55,3,200,68,219,215
475,27,136,244,137,196,59,219,34,128
475,28,68,164,204,251,177,89,226,216
475,29,184,121,34,84,134,125,116,226
475,30,120,42,60,2,160,9,24,40
475,31,1,78,186,254,236,148,172,255
475,32,15,5,54,138,66,184,164,11
475,33,147,251,248,115,197,99,27,196
475,34,226,137,99,8,31,40,32,245
475,35,119,209,115,77,225,105,211,165
475,36,178,143,80,137,130,123,231,47
475,37,198,128,139,4,243,6,24,51
475,38,11,73,83,18,159,53,75,49
475,39,40,193,107,218,137,204,144,56
476,0,16,230,2,20,45,224,162,149
476,1,227,67,56,83,235,130,220,4
476,2,48,206,44,114,34,162,30,19
476,3,139,205,208,71,88,165,32,190
476,4,241,126,151,131,10,16,181,238
476,5,13,237,9,28,173,116,139,199
476,6,229,51,234,188,117,189,220,64
476,7,83,249,113,218,62,68,122,53
476,8,13,25,244,40,22,144,114,44
476,9,100,89,69,183,229,117,222,233
476,10,131,89,113,35,74,33,70,175
476,11,179,83,26,77,144,33,240,162
476,12,75,40,255,248,48,195,189,22
476,13,162,90,223,82,4,254,68,152
476,14,62,21,3,104,219,34,63,212
476,15,23,27,107,246,2,237,34,175
476,16,76,68,246,23,251,84,164,216
476,17,112,84,121,108,179,125,2,145
476,18,120,51,23,44,42,88,60,75
476,19,1,246,172,142,94,0,186,255
476,20,223,213,209,106,144,25,158,243
476,21,69,65,37,160,75,128,122,149
476,22,115,48,217,89,227,255,175,141
476,23,192,144,233,25,38,127,126,26
476,24,75,248,243,177,112,226,48,0
476,25,161,141,206,2,44,196,68,35
476,26,104,3,34,107,55,56,63,254
476,27,244,137,127,156,175,59,195,47
476,28,76,177,57,158,164,18,132,216
476,29,226,112,108,46,107,125,249,34
476,30,213,120,76,0,42,23,60,166
476,31,172,36,123,19,78,254,195,77
476,32,161,250,150,184,13,214,53,217
476,33,0,52,164,177,27,72,135,248
476,34,32,159,91,231,113,52,133,219
476,35,119,211,97,133,86,240,140,231
476,36,76,45,231,47,143,141,101,28
476,37,24,243,49,231,185,92,53,254
476,38,37,120,43,91,222,159,73,105
476,39,155,42,81,164,162,193,73,22
477,0,21,102,239,228,116,204,14,194
477,1,209,241,227,82,228,171,44,63
477,2,34,199,206,30,98,48,68,24
477,3,185,57,139,96,72,181,245,247
477,4,22,68,238,111,35,56,80,137
477,5,13,80,206,116,9,243,189,196
477,6,229,188,234,117,66,213,233,64
477,7,249,83,88,221,95,191,218,6
477,8,40,13,144,25,106,244,44,114
477,9,160,100,89,222,86,218,183,118
477,10,131,35,89,141,149,227,2,74
477,11,179,83,43,26,183,199,74,4
477,12,40,248,75,189,48,234,25,255
477,13,162,90,115,192,223,201,2,82
477,14,3,62,21,92,30,100,8,212
477,15,107,246,64,23,183,15,131,219
477,16,76,68,251,77,23,49,202,84
477,17,108,121,84,2,179,47,145,249
477,18,120,23,51,202,75,42,60,121
477,19,172,1,19,0,103,94,186,184
477,20,213,144,232,175,243,217,244,223
477,21,160,49,12,100,122,58,141,210
477,22,115,175,191,89,131,141,133,90
477,23,192,83,123,126,75,144,183,184
477,24,75,248,40,113,243,24,48,87
477,25,2,162,44,90,71,161,3,10
477,26,3,34,104,254,55,100,8,56
477,27,246,244,107,89,156,15,174,47
477,28,76,62,103,18,9,175,213,144
477,29,226,108,107,81,94,249,46,84
477,30,0,213,76,23,42,51,34,24
477,31,19,172,200,36,52,123,163,103
477,32,161,53,150,250,214,184,205,138
477,33,164,72,52,0,210,90,27,248
477,34,231,113,52,159,133,86,137,241
477,35,119,86,135,211,97,133,101,75
477,36,45,93,76,143,73,75,196,69
477,37,24,72,65,230,5,71,100,130
477,38,120,91,138,193,184,166,207,159
477,39,107,193,155,81,162,235,73,91
478,0,130,229,182,126,188,208,237,54
478,1,247,216,12,97,188,151,106,196
478,2,17,227,88,34,30,74,145,4
478,3,235,59,130,129,230,77,187,152
478,4,191,128,234,108,15,135,144,159
478,5,193,6,222,88,134,184,112,212
478,6,234,188,229,121,180,233,83,64
478,7,249,29,198,118,121,70,191,83
478,8,104,89,149,105,37,244,144,40
478,9,49,77,228,59,164,170,100,222
478,10,113,192,35,210,69,140,169,175
478,11,172,179,246,83,189,243,26,1
478,12,87,255,60,248,195,48,75,51
478,13,97,10,162,90,121,2,68,152
478,14,3,208,191,100,92,217,223,21
478,15,107,246,23,2,173,34,32,84
478,16,76,168,9,94,141,24,49,23
478,17,111,108,81,121,2,34,82,205
478,18,39,147,120,76,42,30,36,60
478,19,19,172,235,94,56,1,6,176
478,20,245,213,217,144,138,104,56,244
478,21,248,191,232,49,31,141,8,163
478,22,113,36,44,83,60,169,208,48
478,23,192,83,233,172,189,246,126,183
478,24,127,175,82,188,64,48,195,27
478,25,251,3,2,193,206,161,68,49
478,26,3,100,88,63,107,110,8,104
478,27,107,162,89,59,23,168,174,43
478,28,9,62,103,7,133,18,23,175
478,29,108,81,226,76,107,249,250,121
478,30,213,76,0,42,179,24,22,34
478,31,19,129,116,109,254,158,172,56
478,32,161,90,53,215,68,152,54,181
478,33,210,83,164,72,43,126,115,39
478,34,86,91,113,74,137,157,171,52
478,35,86,11,64,111,234,160,198,127
478,36,45,222,143,232,171,93,123,217
478,37,72,65,61,19,86,123,96,74
478,38,140,23,138,88,159,100,117,166
478,39,228,235,81,65,86,162,201,174
479,0,190,253,235,141,158,208,115,47
479,1,82,182,137,70,113,244,63,21
479,2,119,140,241,172,53,129,68,179
479,3,187,235,128,35,133,34,231,84
479,4,58,91,95,142,135,187,127,144
479,5,135,193,47,88,145,134,99,184
479,6,60,207,121,206,215,22,31,153
479,7,249,117,70,231,23,29,64,207
479,8,104,99,116,234,239,89,123,56
479,9,116,191,8,164,195,36,170,13
479,10,113,210,36,82,90,71,48,213
479,11,233,102,161,246,189,86,172,192
479,12,93,87,60,175,74,255,63,27
479,13,97,10,121,15,147,134,29,4
479,14,41,3,91,86,223,119,32,217
479,15,168,162,24,31,107,2,89,225
479,16,9,168,216,24,93,218,204,158
479,17,81,108,111,172,193,121,250,182
479,18,39,204,179,163,76,94,197,60
479,19,19,116,172,109,56,235,1,227
479,20,245,217,104,179,138,239,213,110
479,21,191,116,49,85,248,141,25,152
479,22,36,69,100,144,88,44,125,82
479,23,192,83,233,172,73,86,163,149
479,24,93,188,127,77,64,142,27,105
479,25,251,3,2,15,234,193,134,68
479,26,149,100,88,110,217,63,107,8
479,27,107,162,31,53,89,43,59,153
479,28,103,62,7,18,9,163,43,226
479,29,108,81,226,0,249,107,153,87
479,30,213,76,163,24,34,179,22,42
479,31,116,19,129,109,158,238,254,56
479,32,119,161,90,215,53,68,152,54
479,33,93,210,83,115,129,223,112,64
479,34,86,113,132,137,245,99,125,199
479,35,27,180,234,160,204,130,33,195
479,36,222,143,196,149,230,220,233,171
479,37,245,36,229,61,247,232,86,183
479,38,140,100,77,64,91,138,180,65
479,39,186,190,162,60,24,128,173,93
480,0,38,193,53,54,44,244,167,176
480,1,122,117,140,201,58,105,115,38
480,2,241,140,119,172,53,128,250,130
480,3,35,128,91,34,12,204,250,210
480,4,58,213,159,187,179,6,23,136
480,5,239,145,42,5,243,166,255,135
480,6,118,206,63,28,193,164,181,103
480,7,221,54,249,210,231,9,90,109
480,8,104,113,239,106,119,228,30,92
480,9,116,80,203,113,105,88,56,195
480,10,115,96,240,231,212,210,166,29
480,11,253,88,41,181,51,4,196,215
480,12,175,211,0,189,102,213,53,174
480,13,10,162,121,2,251,15,91,3
480,14,3,21,34,223,212,30,100,41
480,15,107,219,246,228,175,15,187,66
480,16,24,94,76,9,84,18,62,103
480,17,108,81,2,121,99,249,145,168
480,18,147,121,39,30,76,42,202,60
480,19,19,172,1,103,129,238,176,94
480,20,213,144,18,104,245,217,232,138
480,21,49,201,248,232,53,100,141,8
480,22,208,145,175,115,71,11,82,118
480,23,83,41,233,126,172,88,163,177
480,24,127,82,188,200,98,174,48,64
480,25,251,2,189,193,63,3,241,209
480,26,110,217,104,100,63,216,88,81
480,27,168,89,117,2,43,183,244,184
480,28,39,103,226,62,76,23,175,177
480,29,108,249,81,59,125,226,121,153
480,30,76,213,100,24,60,42,44,34
480,31,19,129,238,158,254,1,94,142
480,32,161,223,68,124,150,152,115,111
480,33,98,93,223,3,248,67,39,83
480,34,186,113,99,245,137,210,86,223
480,35,180,234,245,28,111,65,11,195
480,36,143,230,196,176,190,97,86,137
480,37,115,36,61,19,77,130,232,86
480,38,151,140,93,249,100,180,138,17
480,39,108,2,154,162,201,235,65,173
481,0,140,98,43,200,229,95,69,54
481,1,199,70,152,140,182,38,86,181
481,2,219,119,11,140,8,189,250,121
481,3,106,38,129,210,151,250,11,83
481,4,58,247,45,205,244,235,199,163
481,5,109,243,166,145,119,5,87,152
481,6,60,143,68,31,122,65,28,173
481,7,249,70,123,117,254,9,49,231
481,8,104,119,123,160,213,113,141,149
481,9,191,163,195,152,8,84,183,116
481,10,27,125,82,88,210,36,71,177
481,11,179,39,74,140,253,192,233,163
481,12,212,169,16,102,0,211,85,175
481,13,251,91,103,206,11,2,204,57
481,14,41,26,107,70,205,185,208,217
481,15,229,46,56,136,36,153,53,168
481,16,63,39,163,93,66,144,76,103
481,17,107,111,108,121,81,22,51,59
481,18,39,76,172,42,40,199,170,60
481,19,19,172,235,200,1,56,154,176
481,20,175,104,217,245,205,213,138,179
481,21,232,25,191,210,116,201,152,118
481,22,145,88,36,215,141,127,175,13
481,23,192,172,233,179,39,183,24,83
481,24,169,79,82,142,188,27,87,177
481,25,251,3,2,206,49,189,141,5
481,26,104,217,88,142,215,110,9,149
481,27,2,153,48,89,59,183,196,72
481,28,76,144,163,238,134,164,226,177
481,29,108,59,97,121,134,226,249,205
481,30,24,213,76,60,23,37,15,172
481,31,19,1,246,158,254,195,227,155
481,32,60,53,124,111,49,115,203,35
481,33,33,99,112,210,108,115,185,137
481,34,108,52,130,46,99,231,171,215
481,35,33,140,195,117,215,64,234,133
481,36,219,143,137,161,208,112,37,205
481,37,160,243,226,242,30,148,36,141
481,38,88,140,144,23,117,104,83,252
481,39,21,162,226,123,204,115,24,56
482,0,168,206,167,208,181,255,246,38
482,1,201,137,92,234,122,213,200,105
482,2,247,11,172,68,119,1,196,49
482,3,28,227,244,38,100,3,254,255
482,4,58,187,205,92,171,23,189,6
482,5,166,145,243,185,106,53,56,207
482,6,144,7,118,164,124,199,179,46
482,7,159,49,90,165,245,233,104,194
482,8,92,117,245,197,24,119,244,233
482,9,71,53,135,122,63,127,235,201
482,10,145,96,23,14,144,115,29,136
482,11,181,76,24,253,58,226,78,126
482,12,189,211,251,79,58,213,239,139
482,13,10,162,34,52,82,57,118,156
482,14,3,233,34,212,21,222,110,134
482,15,107,90,92,100,175,219,216,246
482,16,24,84,94,213,60,76,126,202
482,17,81,2,99,71,121,97,83,145
482,18,121,147,30,20,42,200,60,186
482,19,152,1,172,94,186,187,138,254
482,20,144,18,199,247,114,244,110,36
482,21,49,218,229,79,100,80,248,28
482,22,71,123,129,245,131,160,144,96
482,23,80,45,172,184,95,246,26,186
482,24,79,175,204,98,177,42,64,200
482,25,162,15,10,2,128,63,213,26
482,26,110,59,63,233,34,212,21,68
482,27,247,37,219,107,24,45,157,244
482,28,191,74,120,202,2,118,204,31
482,29,150,48,243,55,36,187,86,97
482,30,52,184,146,21,9,56,44,60
482,31,138,186,115,238,204,246,255,161
482,32,33,49,54,245,231,217,118,24
482,33,192,123,29,135,215,223,77,71
482,34,16,108,201,68,140,142,130,171
482,35,95,64,245,221,33,230,198,180
482,36,199,165,219,85,171,151,80,62
482,37,8,165,69,160,54,231,120,234
482,38,103,184,233,206,159,17,138,191
482,39,42,198,164,118,76,235,127,6
483,0,152,252,42,55,100,73,183,89
483,1,213,84,125,103,45,42,19,176
483,2,11,79,122,216,193,126,104,124
483,3,215,120,223,207,191,195,13,66
483,4,84,41,137,218,125,27,177,207
483,5,136,5,33,101,196,28,105,96
483,6,101,198,214,217,131,252,208,96
483,7,210,6,121,83,122,95,150,51
483,8,135,144,40,244,114,25,37,64
483,9,160,89,100,80,252,223,17,163
483,10,35,131,89,175,49,141,224,254
483,11,179,199,33,41,83,100,240,175
483,12,75,48,40,13,239,234,189,177
483,13,162,94,115,90,240,251,82,213
483,14,62,190,212,143,21,34,68,30
483,15,246,107,45,64,111,66,51,175
483,16,76,68,251,101,49,62,79,84
483,17,2,84,145,179,52,121,82,14
483,18,120,121,79,102,30,199,202,96
483,19,0,103,172,235,186,169,1,200
483,20,144,213,135,232,119,244,114,190
483,21,160,49,121,100,80,229,109,107
483,22,89,131,71,98,230,145,162,44
483,23,43,179,199,83,77,175,246,237
483,24,75,40,248,8,204,188,37,79
483,25,251,63,2,90,127,226,94,5
483,26,104,110,8,211,9,207,63,3
483,27,56,45,89,196,59,167,47,86
483,28,93,101,76,248,92,204,109,67
483,29,59,171,51,242,121,254,97,23
483,30,120,86,37,184,82,180,60,166
483,31,10,254,186,56,99,1,160,78
483,32,164,51,66,16,129,111,184,214
483,33,98,135,137,39,115,243,128,199
483,34,32,241,108,99,215,17,46,130
483,35,215,133,140,217,149,233,219,200
483,36,47,208,127,76,150,230,123,101
483,37,165,252,118,243,144,148,152,234
483,38,11,193,210,184,159,117,98,82
483,39,101,22,107,81,152,47,170,137
484,0,154,219,1,0,19,8,217,137
484,1,116,6,15,31,41,197,5,130
484,2,137,96,160,9,184,97,48,229
484,3,184,72,159,165,168,215,227,109
484,4,137,5,26,52,63,178,169,51
484,5,126,36,216,9,196,33,246,192
484,6,11,205,252,141,170,45,223,253
484,7,149,53,18,126,139,59,168,251
484,8,144,22,232,25,244,114,108,117
484,9,100,89,31,157,196,80,177,231
484,10,221,89,131,74,38,229,172,90
484,11,244,184,118,83,38,74,127,122
484,12,75,180,234,131,48,204,189,239
484,13,162,240,68,82,223,161,2,73
484,14,85,62,63,34,82,114,186,157
484,15,45,216,97,219,91,56,160,151
484,16,218,76,68,251,226,153,79,161
484,17,184,2,82,51,34,84,92,179
484,18,120,121,42,30,44,146,102,37
484,19,1,0,149,32,94,254,207,186
484,20,144,119,213,114,199,158,149,244
484,21,121,136,135,49,246,80,233,218
484,22,221,89,82,50,80,179,203,105
484,23,173,246,244,184,215,26,104,45
484,24,75,87,62,77,214,247,121,98
484,25,227,161,57,2,82,226,68,70
484,26,110,104,127,112,129,142,199,223
484,27,117,56,136,243,150,244,196,47
484,28,213,158,208,175,216,109,131,101
484,29,59,86,97,175,134,23,51,205
484,30,120,42,60,180,38,132,37,252
484,31,219,1,254,176,10,232,158,242
484,32,164,184,217,203,24,196,66,32
484,33,147,199,112,135,115,137,140,114
484,34,32,17,215,245,99,137,108,125
484,35,121,119,133,215,65,102,140,217
484,36,47,178,137,130,161,101,237,190
484,37,62,165,234,24,144,120,36,245
484,38,197,40,182,141,83,210,171,219
484,39,107,83,3,209,144,153,90,109
485,0,230,45,149,213,16,38,224,214
485,1,208,148,159,229,36,197,136,177
485,2,215,144,85,73,50,184,231,156
485,3,49,28,40,86,227,253,145,68
485,4,31,99,69,176,64,229,232,141
485,5,57,21,200,215,25,234,20,201
485,6,214,11,190,41,225,231,164,211
485,7,241,141,213,211,209,160,148,159
485,8,11,197,81,91,92,217,223,244
485,9,122,63,12,135,71,155,194,127
485,10,127,179,78,144,249,44,79,160
485,11,34,226,138,135,22,24,126,152
485,12,91,124,153,127,79,251,68,167
485,13,57,139,161,64,63,231,227,167
485,14,209,166,142,193,212,233,34,154
485,15,107,196,72,228,199,53,84,2
485,16,94,142,74,191,218,77,236,126
485,17,81,2,83,145,34,175,121,100
485,18,121,147,61,30,20,200,14,44
485,19,152,138,94,227,96,150,128,1
485,20,144,78,199,110,49,114,247,22
485,21,49,88,100,209,248,12,85,56
485,22,160,52,180,105,51,131,168,222
485,23,57,80,122,147,26,97,216,79
485,24,201,19,127,132,95,217,195,122
485,25,156,15,250,10,41,162,106,247
485,26,59,233,222,235,24,21,120,114
485,27,123,196,199,210,53,39,44,141
485,28,74,2,188,79,94,186,211,131
485,29,150,163,121,153,122,7,187,8
485,30,115,61,22,119,68,186,56,60
485,31,138,171,63,128,241,158,254,124
485,32,33,107,240,10,231,54,97,155
485,33,192,75,215,16,166,220,55,123
485,34,16,15,141,211,105,230,184,144
485,35,108,59,180,250,151,76,106,189
485,36,110,119,157,194,214,245,83,134
485,37,165,8,92,116,160,120,250,244
485,38,103,37,252,88,21,245,98,65
485,39,155,42,120,255,198,191,223,118
486,0,19,116,198,5,239,21,250,204
486,1,241,228,82,209,186,69,208,63
486,2,215,85,144,50,186,73,66,98
486,3,185,57,72,40,96,181,245,241
486,4,137,238,35,111,100,22,169,52
486,5,80,126,206,196,168,116,38,199
486,6,229,11,234,188,101,40,4,5
486,7,83,241,53,178,95,168,6,150
486,8,144,13,244,22,114,40,25,36
486,9,160,100,89,233,163,222,80,43
486,10,131,89,35,74,82,168,22,254
486,11,83,41,26,100,57,237,124,75
486,12,75,239,40,23,248,87,255,234
486,13,63,162,223,82,213,240,90,251
486,14,57,62,17,30,114,31,63,157
486,15,246,196,92,107,53,66,82,244
486,16,76,68,251,101,84,175,60,223
486,17,84,59,2,121,179,82,34,52
486,18,120,102,42,199,30,121,160,51
486,19,235,1,0,186,149,56,254,125
486,20,144,213,244,114,135,232,199,119
486,21,121,49,160,58,135,201,53,169
486,22,82,89,50,44,74,71,13,199
486,23,237,24,123,243,25,179,45,83
486,24,214,75,248,40,188,204,247,87
486,25,2,251,63,141,90,52,70,44
486,26,104,110,57,3,55,56,85,181
486,27,56,45,117,175,89,72,246,244
486,28,76,175,101,204,226,227,162,223
486,29,59,171,226,121,108,84,118,97
486,30,23,42,120,213,24,76,38,161
486,31,19,56,77,0,103,74,132,160
486,32,228,23,225,24,184,5,211,165
486,33,76,67,135,158,77,25,13,88
486,34,153,151,174,215,6,46,108,17
486,35,75,211,51,233,71,96,192,173
486,36,168,230,240,233,16,64,137,208
486,37,152,198,24,185,230,62,176,86
486,38,210,138,83,184,196,207,4,223
486,39,193,107,204,123,132,128,235,60
487,0,119,125,9,186,227,118,221,85
487,1,207,104,247,4,235,159,138,196
487,2,50,215,85,73,48,9,184,144
487,3,192,83,102,227,200,140,139,240
487,4,16,247,199,210,27,196,61,187
487,5,166,206,109,243,106,231,119,80
487,6,233,234,229,188,182,64,158,11
487,7,113,83,178,198,249,126,95,110
487,8,122,144,213,40,244,22,114,216
487,9,109,49,100,89,193,229,80,43
487,10,145,80,35,22,33,13,141,105
487,11,179,83,127,246,140,74,144,75
487,12,212,48,214,189,5,141,188,224
487,13,251,179,10,63,91,68,193,82
487,14,185,208,26,62,236,3,119,91
487,15,244,153,173,56,151,45,167,61
487,16,76,101,49,66,204,109,216,245
487,17,111,107,59,34,108,99,160,121
487,18,120,39,172,23,40,42,36,51
487,19,1,172,0,235,200,103,186,227
487,20,144,217,213,106,175,223,209,114
487,21,109,232,53,49,8,37,25,65
487,22,145,177,162,141,215,71,44,175
487,23,179,192,129,74,45,87,183,58
487,24,169,214,41,211,48,79,2,195
487,25,251,3,2,141,63,173,189,198
487,26,104,230,55,63,254,57,107,159
487,27,72,174,137,244,219,89,175,47
487,28,76,101,62,202,204,164,226,103
487,29,125,118,59,108,226,171,107,53
487,30,23,120,213,42,76,40,161,146
487,31,19,0,200,103,1,56,238,254
487,32,149,225,228,23,35,147,150,24
487,33,172,76,228,211,108,135,124,78
487,34,153,6,137,32,52,129,174,215
487,35,75,211,51,192,96,15,91,81
487,36,168,137,208,230,182,143,80,64
487,37,198,230,73,152,61,53,178,54
487,38,184,223,207,117,159,210,17,153
487,39,21,218,132,47,90,237,226,91
488,0,255,246,34,206,168,181,251,149
488,1,148,36,99,117,136,105,122,159
488,2,105,231,144,9,55,28,196,156
488,3,253,145,43,86,68,1,246,45
488,4,227,66,69,184,176,21,64,187
488,5,56,25,215,243,180,134,106,162
488,6,124,214,225,164,11,248,110,144
488,7,155,213,241,194,165,160,159,206
488,8,81,11,91,244,197,92,217,24
488,9,155,194,235,232,248,135,63,122
488,10,127,249,79,44,60,144,236,78
488,11,34,152,226,22,138,96,126,148
488,12,251,79,78,91,127,124,153,24
488,13,146,57,162,34,119,26,161,167
488,14,212,233,21,3,34,166,223,154
488,15,107,100,90,199,122,84,219,109
488,16,94,24,142,74,218,191,66,126
488,17,2,81,145,121,83,34,97,108
488,18,121,147,20,30,42,200,44,77
488,19,152,93,246,240,254,32,96,158
488,20,144,110,247,18,199,114,22,98
488,21,49,22,100,85,248,218,229,209
488,22,123,140,160,52,131,180,5,210
488,23,80,216,122,83,233,57,45,26
488,24,152,204,25,245,116,48,201,139
488,25,162,15,10,106,247,156,68,109
488,26,59,142,186,233,100,21,222,13
488,27,82,219,123,107,207,202,157,196
488,28,2,182,194,218,118,220,226,131
488,29,125,175,82,55,53,97,150,249
488,30,172,180,193,195,141,146,156,60
488,31,1,238,154,255,246,158,32,186
488,32,127,229,43,54,244,217,79,150
488,33,227,170,101,138,2,254,187,131
488,34,32,31,6,192,99,122,46,142
488,35,211,8,180,121,95,96,11,137
488,36,168,145,208,230,80,126,224,123
488,37,239,70,176,73,213,242,231,205
488,38,102,159,42,207,117,78,153,17
488,39,218,237,227,200,76,41,90,152
489,0,252,152,165,224,42,55,73,45
489,1,240,42,84,126,245,145,180,125
489,2,26,9,196,122,211,54,149,19
489,3,191,215,239,21,120,207,66,13
489,4,84,35,227,207,52,137,63,255
489,5,116,136,5,13,196,33,96,28
489,6,40,101,198,117,6,87,217,252
489,7,83,95,130,145,249,51,150,210
489,8,135,144,244,114,40,25,64,201
489,9,160,100,89,252,43,80,124,162
489,10,35,131,89,175,98,104,49,74
489,11,199,33,179,175,26,83,48,100
489,12,40,248,234,75,189,48,139,13
489,13,162,94,90,192,214,82,213,68
489,14,62,212,208,154,143,92,34,219
489,15,246,107,64,51,173,15,47,119
489,16,76,68,182,251,62,223,84,58
489,17,84,2,108,179,52,145,14,121
489,18,120,79,75,121,102,51,202,30
489,19,172,0,235,1,169,125,103,186
489,20,144,213,135,232,209,114,254,40
489,21,160,49,100,121,58,218,65,231
489,22,89,74,98,131,175,139,244,162
489,23,199,83,77,179,43,175,126,25
489,24,40,248,75,249,243,175,177,87
489,25,162,90,94,214,223,3,10,2
489,26,104,3,154,200,55,100,217,63
489,27,246,247,43,107,47,15,196,175
489,28,76,103,68,62,182,204,144,18
489,29,84,108,74,121,242,171,55,118
489,30,120,42,33,213,79,36,2,30
489,31,10,0,148,1,238,103,56,31
489,32,129,228,83,23,66,84,51,217
489,33,76,78,19,158,208,51,243,248
489,34,32,241,99,174,137,151,229,6
489,35,95,119,211,117,225,127,128,140
489,36,198,208,123,80,171,47,89,196
489,37,205,230,109,118,243,213,217,61
489,38,42,17,159,207,77,143,70,235
489,39,101,107,90,5,96,103,170,137
490,0,154,219,1,0,248,19,217,207
490,1,116,15,41,31,220,6,237,130
490,2,165,12,160,77,138,215,206,245
490,3,222,33,168,57,63,184,79,47
490,4,52,10,249,169,63,238,26,137
490,5,126,36,9,196,99,216,122,246
490,6,252,198,253,117,141,80,131,45
490,7,149,18,53,83,110,126,183,150
490,8,144,22,135,108,244,114,60,25
490,9,100,89,31,80,225,177,107,86
490,10,221,89,131,35,74,175,38,230
490,11,83,244,118,184,77,26,43,100
490,12,75,248,234,48,131,109,121,25
490,13,162,240,223,90,192,68,193,82
490,14,85,92,212,62,82,217,79,68
490,15,97,247,219,244,151,131,254,196
490,16,76,68,251,63,66,216,182,18
490,17,184,2,179,121,52,84,125,82
490,18,120,121,30,42,137,51,202,60
490,19,1,0,186,94,15,125,246,254
490,20,144,114,106,149,168,209,199,223
490,21,121,136,80,78,248,231,149,212
490,22,80,89,175,123,203,48,221,104
490,23,215,183,45,126,51,224,173,34
490,24,75,248,195,247,234,0,133,40
490,25,161,2,173,67,223,35,52,193
490,26,215,154,217,85,63,3,92,104
490,27,136,196,220,247,82,53,244,151
490,28,18,63,89,114,153,158,226,85
490,29,134,10,67,249,169,205,23,184
490,30,120,42,2,213,40,60,86,166
490,31,1,253,158,74,32,177,193,56
490,32,184,161,217,203,103,93,230,45
490,33,147,99,248,27,19,60,52,115
490,34,32,226,159,99,137,8,245,31
490,35,119,215,77,111,38,65,127,154
490,36,161,143,137,75,127,76,80,244
490,37,198,24,173,128,178,56,45,252
490,38,73,193,138,159,171,207,11,227
490,39,107,21,155,196,152,81,136,137
491,0,230,45,38,149,224,217,16,215
491,1,237,220,222,148,136,25,229,159
491,2,206,30,28,197,165,138,168,69
491,3,28,68,139,127,222,253,49,1
491,4,64,141,232,39,217,229,87,238
491,5,189,25,20,243,199,154,8,179
491,6,214,223,212,244,231,211,21,110
491,7,141,136,247,213,73,188,160,194
491,8,11,197,223,81,144,244,91,101
491,9,12,194,248,209,135,235,155,71
491,10,127,78,144,160,179,236,79,44
491,11,34,152,135,126,226,96,58,148
491,12,79,124,251,52,153,68,127,58
491,13,162,167,161,146,35,34,64,234
491,14,212,233,21,34,3,100,154,134
491,15,107,90,15,246,219,124,111,253
491,16,94,74,24,142,77,88,225,62
491,17,2,81,121,83,145,97,253,34
491,18,121,147,30,202,42,77,76,200
491,19,172,19,152,129,246,171,1,227
491,20,144,213,18,135,110,217,22,154
491,21,49,100,80,85,231,229,242,201
491,22,140,207,131,95,129,115,208,224
491,23,83,80,172,41,45,24,233,26
491,24,113,127,188,91,124,27,218,64
491,25,161,68,2,162,15,82,193,141
491,26,81,100,42,8,31,91,107,157
491,27,107,84,2,89,34,239,219,196
491,28,103,226,62,168,7,175,24,249
491,29,108,249,81,34,134,121,246,97
491,30,76,213,60,42,24,132,206,180
491,31,1,129,246,148,69,19,158,209
491,32,161,24,68,133,205,54,135,166
491,33,99,177,114,101,195,225,52,98
491,34,159,137,32,216,99,6,153,120
491,35,119,149,215,33,234,111,204,217
491,36,75,199,137,69,62,218,237,55
491,37,24,160,234,71,165,36,92,54
491,38,37,138,132,222,204,149,43,150
491,39,42,155,81,152,166,196,164,106
492,0,19,116,198,5,239,21,204,250
492,1,82,228,241,209,220,186,237,222
492,2,206,30,165,197,69,28,168,174
492,3,185,57,139,96,181,65,52,241
492,4,22,238,10,100,196,111,173,217
492,5,206,126,189,196,9,173,245,243
492,6,229,188,234,233,67,117,4,220
492,7,83,53,178,150,95,110,126,34
492,8,144,13,36,25,22,244,64,40
492,9,100,160,89,222,35,225,233,118
492,10,131,35,89,74,241,140,133,231
492,11,83,26,43,124,77,199,140,100
492,12,248,75,234,40,239,189,48,25
492,13,162,223,90,171,213,192,82,214
492,14,3,92,62,212,30,79,21,63
492,15,107,246,247,136,15,64,92,175
492,16,76,68,251,182,84,77,225,63
492,17,121,108,2,84,81,179,125,226
492,18,120,42,51,121,30,147,202,60
492,19,235,172,1,0,186,125,246,94
492,20,144,213,217,106,114,245,209,138
492,21,121,49,160,80,248,163,235,231
492,22,89,175,74,80,227,208,131,105
492,23,123,45,83,75,77,74,26,172
492,24,248,40,75,175,243,0,247,87
492,25,90,2,10,71,162,223,94,193
492,26,3,8,100,92,55,104,107,200
492,27,246,107,208,43,15,174,59,45
492,28,103,9,62,76,18,226,218,175
492,29,108,81,107,94,84,51,205,34
492,30,0,76,213,42,60,33,24,211
492,31,129,19,1,148,94,191,114,36
492,32,161,68,205,103,54,133,83,131
492,33,164,90,43,55,52,157,197,111
492,34,133,86,159,74,20,137,120,52
492,35,119,215,204,86,128,33,140,160
492,36,93,143,165,199,69,106,230,218
492,37,72,24,5,65,61,19,74,160
492,38,120,91,11,138,252,70,16,159
492,39,107,193,162,235,155,22,60,81
493,0,130,229,126,140,182,237,54,208
493,1,247,216,12,97,188,151,106,64
493,2,17,227,206,30,88,74,4,162
493,3,235,59,129,231,130,77,152,187
493,4,128,234,135,191,214,91,144,249
493,5,193,6,224,41,88,51,222,243
493,6,121,233,234,83,188,229,180,64
493,7,249,29,121,198,83,118,210,95
493,8,89,105,104,144,25,114,244,24
493,9,228,77,49,222,118,164,80,29
493,10,113,35,210,169,131,140,175,2
493,11,243,161,172,26,189,246,83,74
493,12,87,248,255,48,234,189,40,75
493,13,162,97,10,90,213,82,193,214
493,14,3,92,208,21,212,100,233,154
493,15,107,246,64,173,2,175,221,45
493,16,76,168,94,182,9,23,49,204
493,17,108,81,111,121,2,168,97,34
493,18,39,147,120,30,76,121,42,60
493,19,19,235,172,1,246,6,186,94
493,20,213,217,144,245,36,209,56,104
493,21,49,232,31,25,8,248,141,100
493,22,113,83,162,175,129,169,208,231
493,23,83,192,233,123,183,189,243,25
493,24,127,48,175,214,27,64,87,60
493,25,251,63,162,15,3,2,10,135
493,26,100,3,34,55,8,42,208,107
493,27,107,162,246,59,200,81,43,45
493,28,103,9,62,133,7,163,168,226
493,29,108,81,76,250,107,172,138,165
493,30,213,0,76,179,22,42,34,51
493,31,129,19,109,1,191,94,205,148
493,32,68,181,215,161,90,98,133,226
493,33,55,86,126,43,215,83,157,72
493,34,86,96,91,84,74,120,137,113
493,35,160,129,108,57,86,128,198,137
493,36,70,222,201,93,165,143,217,103
493,37,65,72,219,144,61,143,175,186
493,38,151,100,5,237,191,70,174,159
493,39,190,228,127,222,248,218,223,185
494,0,190,253,158,235,141,208,81,115
494,1,82,182,137,47,113,244,93,21
494,2,140,172,119,241,53,129,179,105
494,3,187,231,128,35,235,34,133,140
494,4,58,91,135,95,128,144,187,234
494,5,193,224,135,47,134,88,132,145
494,6,60,206,121,215,207,153,75,64
494,7,249,231,117,70,205,207,29,23
494,8,104,99,116,239,234,56,119,89
494,9,116,191,8,164,170,195,56,36
494,10,113,210,82,36,90,48,182,13
494,11,140,161,233,74,172,189,243,102
494,12,87,93,60,255,74,224,63,27
494,13,97,147,10,121,236,117,204,251
494,14,3,191,217,20,91,223,104,41
494,15,168,107,162,31,2,81,189,137
494,16,9,168,24,93,218,206,220,216
494,17,111,81,108,172,193,121,97,182
494,18,39,179,30,76,60,42,94,147
494,19,19,116,172,109,235,1,227,186
494,20,217,245,239,110,138,104,213,179
494,21,191,116,49,85,25,210,164,31
494,22,36,69,195,129,83,162,44,100
494,23,192,83,233,172,88,189,95,127
494,24,93,127,64,27,188,199,87,98
494,25,251,15,161,2,3,253,234,68
494,26,100,149,42,8,26,3,107,81
494,27,107,162,168,2,200,89,59,31
494,28,103,62,7,24,9,43,133,168
494,29,108,81,76,250,0,87,172,153
494,30,213,76,22,179,24,34,163,0
494,31,129,116,109,19,246,191,1,205
494,32,68,119,215,90,161,181,24,133
494,33,93,86,55,215,83,129,183,72
494,34,86,96,82,1,113,204,207,132
494,35,160,129,108,57,84,27,33,195
494,36,70,222,201,176,60,148,181,143
494,37,219,7,144,143,175,229,163,39
494,38,151,64,100,92,148,255,159,237
494,39,186,189,248,190,127,238,2,11
495,0,38,193,53,54,44,244,167,176
495,1,122,117,58,201,140,105,38,115
495,2,140,241,172,119,53,128,250,186
495,3,35,128,91,34,204,210,250,12
495,4,58,213,159,187,179,6,23,177
495,5,239,145,42,255,5,243,166,134
495,6,206,118,63,164,103,208,179,81
495,7,210,54,231,221,155,9,109,249
495,8,104,113,239,228,73,244,218,211
495,9,116,113,56,88,203,80,33,105
495,10,115,96,240,215,231,129,82,211
495,11,253,88,51,41,181,4,196,249
495,12,175,0,189,211,53,102,117,76
495,13,10,146,15,121,162,251,2,141
495,14,3,223,21,34,212,41,154,100
495,15,107,246,175,219,45,228,117,136
495,16,24,103,94,62,9,76,182,175
495,17,108,81,2,121,99,145,34,168
495,18,147,121,39,76,30,60,42,102
495,19,19,1,172,129,235,246,103,186
495,20,144,213,217,232,245,36,110,114
495,21,201,49,100,25,78,31,248,53
495,22,95,208,231,140,175,162,82,105
495,23,83,126,88,205,26,243,183,172
495,24,48,127,188,79,200,69,24,64
495,25,251,162,63,15,2,193,10,209
495,26,100,34,55,207,42,81,8,21
495,27,107,246,244,168,43,196,34,2
495,28,103,24,62,226,163,168,7,175
495,29,108,81,249,2,5,145,121,34
495,30,213,76,34,22,42,100,24,88
495,31,129,19,1,94,246,209,148,191
495,32,68,24,223,215,119,98,133,35
495,33,55,86,190,72,93,215,77,157
495,34,186,116,86,204,82,113,1,96
495,35,129,160,108,227,183,195,84,124
495,36,201,70,176,23,217,181,143,64
495,37,219,7,182,143,58,115,206,175
495,38,151,148,92,255,101,230,71,100
495,39,2,189,248,38,69,217,154,45
496,0,4,92,72,236,144,155,147,248
496,1,32,144,128,124,185,37,195,198
496,2,92,60,219,49,58,11,255,133
496,3,144,30,56,155,219,177,217,223
496,4,98,94,134,88,216,77,75,118
496,5,60,29,147,82,243,160,255,79
496,6,43,183,68,92,14,28,233,180
496,7,145,198,181,191,101,243,139,11
496,8,119,144,247,25,114,244,198,117
496,9,49,100,156,56,17,182,107,80
496,10,35,207,95,162,129,140,94,210
496,11,153,83,41,181,168,95,150,216
496,12,48,60,175,189,255,87,191,252
496,13,15,10,162,121,185,141,3,4
496,14,21,100,57,223,30,212,107,34
496,15,107,246,248,15,173,84,219,47
496,16,103,24,62,9,230,94,168,76
496,17,108,81,2,121,145,167,34,183
496,18,39,76,147,121,100,102,202,69
496,19,19,129,172,1,221,103,60,24
496,20,144,213,232,135,114,110,22,40
496,21,156,49,100,25,201,121,12,56
496,22,95,207,131,140,162,175,115,203
496,23,83,153,181,150,253,95,124,41
496,24,127,60,87,40,48,106,188,79
496,25,162,15,78,180,10,135,161,68
496,26,100,21,55,42,29,34,57,63
496,27,107,248,183,246,59,69,133,153
496,28,103,24,230,62,168,7,191,39
496,29,108,81,2,65,145,22,53,138
496,30,213,34,76,100,69,121,22,60
496,31,129,19,221,60,1,246,128,172
496,32,68,195,215,146,128,150,35,24
496,33,55,72,37,97,133,36,184,75
496,34,204,255,212,113,159,137,236,209
496,35,129,8,49,43,136,227,183,28
496,36,234,8,23,201,119,69,200,169
496,37,219,165,69,36,130,160,7,141
496,38,120,100,139,47,93,255,221,140
496,39,23,224,68,185,45,225,73,10
497,0,212,218,46,110,63,157,202,40
497,1,209,40,166,183,96,98,165,234
497,2,35,7,247,2,44,9,112,213
497,3,123,192,164,217,55,150,216,4
497,4,123,180,98,216,138,145,215,199
497,5,231,31,19,67,243,213,239,56
497,6,43,140,241,119,96,13,28,221
497,7,52,61,198,228,24,206,136,90
497,8,119,245,157,247,250,215,167,131
497,9,182,49,34,55,80,107,18,17
497,10,95,61,129,213,71,231,177,22
497,11,102,196,4,180,177,171,34,192
497,12,175,99,211,224,92,70,76,124
497,13,3,121,216,242,119,221,159,2
497,14,59,223,217,136,41,229,140,119
497,15,83,183,191,153,55,69,25,117
497,16,166,103,48,216,248,75,175,141
497,17,108,167,99,182,74,150,165,33
497,18,217,39,199,100,14,61,60,160
497,19,19,221,1,235,173,89,56,139
497,20,197,11,127,245,81,209,50,223
497,21,25,210,194,246,193,113,8,118
497,22,61,95,255,48,231,206,100,213
497,23,148,246,180,155,183,253,5,16
497,24,175,60,127,216,58,247,91,124
497,25,63,216,231,78,121,135,221,205
497,26,217,193,140,97,177,29,211,110
497,27,183,153,83,117,69,48,225,55
497,28,166,103,39,175,245,48,163,162
497,29,108,216,167,138,182,53,93,22
497,30,34,100,213,60,217,39,30,102
497,31,221,129,19,238,24,1,158,246
497,32,68,116,35,214,160,135,54,24
497,33,206,59,55,98,18,182,115,72
497,34,204,113,159,153,137,99,46,177
497,35,129,178,121,104,215,86,44,65
497,36,55,69,75,138,25,18,148,225
497,37,36,165,160,219,92,71,49,240
497,38,120,132,124,23,164,88,115,149
497,39,224,185,235,151,6,45,86,106
498,0,69,239,116,250,151,240,211,134
498,1,88,85,101,157,154,17,22,253
498,2,7,35,247,96,192,231,189,89
498,3,123,192,100,164,217,76,200,4
498,4,123,199,180,159,120,101,61,187
498,5,231,82,42,19,243,29,80,110
498,6,43,145,140,252,179,198,81,155
498,7,198,228,139,223,113,33,206,177
498,8,119,84,205,243,25,213,247,255
498,9,49,8,55,182,17,34,195,100
498,10,95,177,210,35,129,206,213,6
498,11,93,192,88,4,83,73,246,177
498,12,175,224,252,60,48,99,76,164
498,13,3,121,216,206,242,159,10,243
498,14,59,230,223,41,136,185,140,217
498,15,55,183,83,25,225,153,168,69
498,16,166,103,175,245,48,216,236,49
498,17,108,167,182,34,168,74,99,150
498,18,217,39,199,100,102,213,60,61
498,19,19,1,148,172,235,221,246,56
498,20,197,50,243,217,245,11,235,209
498,21,210,25,8,246,121,12,201,18
498,22,95,231,61,129,48,255,206,213
498,23,148,253,246,192,155,127,183,24
498,24,175,91,60,34,68,0,146,126
498,25,135,78,251,44,3,161,216,63
498,26,230,55,140,217,81,216,24,239
498,27,183,55,153,225,89,115,244,167
498,28,103,166,78,62,24,218,204,162
498,29,108,34,2,133,53,145,182,138
498,30,34,76,213,100,121,40,60,234
498,31,129,19,54,246,221,1,123,255
498,32,68,51,228,35,157,23,54,24
498,33,36,55,234,95,98,223,248,227
498,34,204,113,159,99,209,153,36,199
498,35,129,104,49,234,64,157,59,75
498,36,69,168,75,64,106,63,18,143
498,37,198,165,36,130,71,173,219,224
498,38,88,91,174,23,210,159,221,140
498,39,165,86,235,185,73,106,7,206
499,0,96,117,226,187,146,171,11,185
499,1,158,13,195,43,81,96,88,17
499,2,142,209,26,189,102,9,44,203
499,3,192,170,123,200,100,217,247,255
499,4,119,123,22,8,55,69,120,185
499,5,243,82,231,237,80,184,85,130
499,6,43,16,239,145,244,44,241,155
499,7,198,191,139,178,24,49,165,21
499,8,119,144,112,244,114,22,40,84
499,9,49,100,109,19,80,17,182,233
499,10,95,206,35,163,210,231,162,94
499,11,88,41,18,168,83,213,4,177
499,12,175,48,87,211,92,40,144,76
499,13,179,3,10,162,227,200,121,15
499,14,223,21,100,59,30,8,107,34
499,15,107,246,42,15,103,136,59,47
499,16,103,78,223,62,182,76,48,218
499,17,108,2,145,121,167,81,65,179
499,18,102,121,96,100,202,75,34,147
499,19,19,1,172,129,103,24,0,138
499,20,144,213,232,135,122,114,40,244
499,21,109,49,121,100,19,25,135,201
499,22,95,48,177,231,203,131,175,94
499,23,181,11,18,83,124,155,179,26
499,24,40,175,91,60,79,126,142,68
499,25,162,44,161,227,141,2,90,119
499,26,71,34,236,42,55,216,29,99
499,27,136,246,59,55,175,219,107,183
499,28,103,62,57,218,16,76,204,109
499,29,108,34,51,249,53,2,121,145
499,30,213,34,76,184,161,121,39,60
499,31,19,129,1,246,254,56,169,54
499,32,51,35,54,228,147,68,17,230
499,33,23,98,214,172,157,117,55,248
499,34,204,159,99,113,32,129,36,110
499,35,104,75,157,64,198,181,33,137
499,36,168,69,75,64,208,218,143,106
499,37,198,130,165,164,36,61,242,71
499,38,23,136,73,177,210,140,0,193
499,39,21,206,151,235,47,86,173,7
500,0,255,216,135,246,34,208,181,168
500,1,48,192,105,20,115,110,193,194
500,2,115,81,189,246,21,142,151,144
500,3,43,212,250,123,46,244,65,162
500,4,184,136,69,145,123,150,23,24
500,5,82,243,159,160,214,231,222,145
500,6,199,214,53,110,118,144,77,207
500,7,165,24,214,90,194,235,155,104
500,8,244,144,25,114,219,24,250,119
500,9,127,63,235,135,71,80,219,183
500,10,145,96,23,255,29,14,78,210
500,11,88,96,168,177,34,19,104,173
500,12,211,124,175,243,99,189,78,58
500,13,162,121,10,146,3,233,82,68
500,14,3,219,223,97,21,212,140,197
500,15,107,45,187,89,84,219,243,59
500,16,218,16,84,182,49,23,166,62
500,17,51,2,121,145,82,97,246,171
500,18,30,121,60,174,44,42,160,37
500,19,1,32,138,246,93,186,227,158
500,20,144,11,244,245,18,25,24,158
500,21,80,136,246,223,33,56,201,242
500,22,118,10,158,71,208,136,213,192
500,23,26,127,90,249,180,76,73,172
500,24,127,88,195,234,146,37,98,224
500,25,68,64,255,216,247,161,106,41
500,26,207,119,216,8,42,68,63,153
500,27,59,219,105,84,190,128,210,199
500,28,103,39,114,204,100,216,218,168
500,29,108,168,167,165,182,53,121,116
500,30,204,76,213,42,60,40,30,34
500,31,1,129,246,19,36,56,183,242
500,32,161,35,54,43,172,214,133,51
500,33,98,152,227,195,223,27,90,132
500,34,159,32,99,204,183,137,245,46
500,35,157,234,33,59,64,195,129,65
500,36,75,69,218,143,115,168,141,145
500,37,165,239,36,130,98,144,71,108
500,38,0,23,166,91,255,174,159,11
500,39,42,168,106,222,76,206,175,192
501,0,42,152,25,100,252,89,73,55
501,1,98,115,154,190,105,153,20,161
501,2,115,81,5,189,21,246,142,203
501,3,247,192,123,14,120,234,43,63
501,4,84,22,180,136,35,123,218,159
501,5,82,59,116,196,214,28,237,5
501,6,227,198,40,0,118,64,45,253
501,7,83,88,126,177,165,150,95,214
501,8,135,144,40,119,114,244,25,154
501,9,160,100,80,89,17,56,252,218
501,10,35,95,131,32,98,89,49,231
501,11,199,179,83,88,124,175,33,77
501,12,40,75,48,69,25,204,234,248
501,13,162,90,94,68,185,240,10,82
501,14,21,3,208,223,30,100,212,34
501,15,107,246,64,15,111,84,154,51
501,16,76,62,223,251,68,79,218,191
501,17,108,145,2,121,34,51,84,167
501,18,120,121,102,39,79,30,60,176
501,19,172,1,19,103,186,49,0,56
501,20,144,213,217,232,135,40,223,175
501,21,160,49,100,25,58,121,45,135
501,22,95,231,131,129,98,208,48,115
501,23,83,237,199,123,16,155,126,77
501,24,60,40,175,127,48,204,248,87
501,25,162,10,90,251,78,94,3,44
501,26,71,3,34,42,55,100,208,63
501,27,107,25,244,27,246,45,2,59
501,28,103,175,9,225,24,168,62,7
501,29,108,81,94,22,121,138,2,34
501,30,213,76,204,39,42,79,22,60
501,31,19,129,1,246,56,183,36,221
501,32,161,68,54,83,133,184,3,43
501,33,98,132,101,90,157,195,115,223
501,34,241,204,113,46,137,20,163,209
501,35,129,86,64,9,149,59,111,104
501,36,69,93,208,19,115,143,18,218
501,37,130,101,165,183,169,77,36,108
501,38,0,11,7,138,91,191,16,18
501,39,155,168,193,235,73,170,106,48
502,0,197,101,35,154,242,219,209,9
502,1,27,150,231,97,62,216,158,181
502,2,210,59,35,109,26,162,146,130
502,3,37,130,106,77,84,211,192,72
502,4,142,108,102,15,251,136,19,222
502,5,204,51,42,80,220,231,184,190
502,6,43,182,180,59,75,28,9,83
502,7,231,198,249,23,191,49,121,200
502,8,119,213,253,114,105,117,250,215
502,9,49,203,195,182,80,83,34,29
502,10,210,88,208,118,192,215,49,140
502,11,88,95,233,73,179,38,75,212
502,12,87,21,60,69,98,243,78,188
502,13,10,15,206,3,121,97,152,68
502,14,3,200,81,34,107,91,208,8
502,15,107,246,84,27,254,128,34,214
502,16,168,76,24,92,249,216,66,23
502,17,111,108,121,82,81,51,34,145
502,18,39,60,30,42,88,132,44,37
502,19,1,19,172,153,186,158,56,227
502,20,217,245,209,36,223,11,81,244
502,21,25,232,222,141,33,80,43,201
502,22,88,215,208,145,175,231,141,48
502,23,172,233,126,192,226,148,26,96
502,24,127,177,141,27,64,87,34,234
502,25,3,206,2,161,117,82,173,68
502,26,70,81,56,215,79,119,63,87
502,27,183,136,196,117,2,132,208,175
502,28,62,103,92,50,216,218,204,164
502,29,108,81,121,34,51,74,168,22
502,30,213,76,42,60,30,24,40,204
502,31,1,19,246,56,242,238,158,36
502,32,184,35,43,54,112,98,124,30
502,33,98,157,126,64,112,115,101,223
502,34,116,113,132,108,245,137,8,142
502,35,174,65,195,240,234,217,203,64
502,36,218,208,143,219,25,69,216,12
502,37,65,130,61,72,245,160,71,226
502,38,5,23,174,236,25,138,18,55
502,39,228,168,192,218,170,86,173,210
503,0,235,190,141,253,158,115,208,47
503,1,217,182,21,152,62,70,47,68
503,2,255,128,167,109,121,123,220,127
503,3,190,35,128,173,11,106,160,34
503,4,45,247,127,6,95,171,9,213
503,5,90,166,135,5,176,47,207,132
503,6,182,43,206,75,153,155,187,131
503,7,231,117,106,49,42,254,118,210
503,8,104,56,116,99,119,167,123,100
503,9,116,191,195,8,56,83,34,163
503,10,88,210,125,195,48,13,208,100
503,11,233,88,38,73,246,51,215,74
503,12,93,243,87,144,69,112,209,85
503,13,206,205,15,121,251,103,11,152
503,14,41,119,200,149,86,91,226,59
503,15,24,172,117,31,225,183,196,162
503,16,166,9,93,18,163,92,106,168
503,17,107,111,121,108,227,182,167,51
503,18,39,170,204,60,85,42,217,132
503,19,153,116,1,19,186,172,235,56
503,20,217,104,245,209,179,11,175,138
503,21,191,116,25,113,232,210,33,152
503,22,88,69,208,36,215,48,145,210
503,23,172,233,192,126,96,73,246,86
503,24,93,169,141,127,27,85,182,64
503,25,251,49,206,2,3,112,173,34
503,26,149,70,104,81,34,215,63,56
503,27,196,2,136,183,31,59,175,53
503,28,76,62,238,163,164,134,204,144
503,29,108,81,121,74,22,82,232,34
503,30,76,213,170,42,30,15,60,24
503,31,116,19,56,1,246,158,148,36
503,32,53,119,54,228,24,35,23,90
503,33,93,64,210,129,157,243,115,98
503,34,174,113,86,99,114,108,82,137
503,35,33,75,204,217,234,174,123,27
503,36,222,230,64,85,171,151,208,192
503,37,130,229,160,240,61,245,207,76
503,38,104,191,248,64,31,11,91,254
503,39,186,162,118,167,24,161,249,234
504,0,38,53,193,54,244,44,152,176
504,1,122,117,105,201,140,217,58,115
504,2,128,220,167,121,153,104,99,106
504,3,12,35,128,91,34,250,204,210
504,4,179,159,213,6,174,127,76,171
504,5,239,5,42,145,68,166,229,255
504,6,214,193,164,176,81,118,28,206
504,7,49,221,136,206,159,200,165,210
504,8,217,30,166,250,244,11,106,113
504,9,122,171,116,246,71,201,12,248
504,10,144,145,96,243,23,176,60,127
504,11,42,181,126,135,226,22,24,88
504,12,251,58,124,91,247,189,79,153
504,13,10,52,162,146,57,118,119,216
504,14,3,222,233,21,34,212,43,39
504,15,107,100,90,0,196,84,219,122
504,16,94,218,142,84,74,24,202,126
504,17,81,2,99,83,121,145,34,108
504,18,121,30,20,147,186,200,68,44
504,19,152,240,254,186,94,187,178,119
504,20,144,18,247,110,7,199,114,44
504,21,49,218,85,149,22,100,194,28
504,22,123,71,160,208,51,96,210,245
504,23,80,172,122,186,45,26,90,1
504,24,139,204,175,48,217,42,86,64
504,25,162,10,15,250,218,2,128,102
504,26,233,212,222,134,39,43,114,34
504,27,107,123,82,219,39,202,45,210
504,28,2,74,126,7,204,125,94,118
504,29,51,150,48,121,2,34,175,246
504,30,156,146,60,160,24,44,20,199
504,31,186,138,238,246,1,90,254,68
504,32,127,54,16,231,227,51,111,203
504,33,123,243,64,19,77,173,101,223
504,34,99,186,138,174,110,113,114,151
504,35,33,234,217,111,221,180,245,96
504,36,230,137,208,123,171,64,85,76
504,37,130,61,54,77,160,229,183,76
504,38,91,191,223,31,248,151,249,138
504,39,162,86,154,235,24,201,249,173
505,0,140,98,200,43,229,95,54,7
505,1,152,199,70,38,182,143,74,237
505,2,128,167,8,36,11,135,189,72
505,3,106,129,11,210,113,250,69,6
505,4,247,45,205,235,76,27,58,159
505,5,109,166,87,5,243,101,203,136
505,6,179,122,217,96,46,239,28,143
505,7,49,70,113,221,254,203,110,231
505,8,104,119,213,245,244,24,117,167
505,9,163,195,84,80,8,152,83,105
505,10,88,27,82,210,191,177,175,100
505,11,39,73,88,51,253,38,224,57
505,12,243,102,0,16,214,175,164,211
505,13,251,243,135,227,112,91,121,103
505,14,26,35,41,215,217,205,119,223
505,15,183,136,56,229,117,228,36,153
505,16,75,163,39,93,76,66,92,218
505,17,107,111,121,108,167,82,34,45
505,18,39,172,60,40,30,42,217,199
505,19,1,200,235,172,56,186,19,153
505,20,217,175,104,144,205,213,209,40
505,21,232,25,210,80,118,56,33,121
505,22,145,175,48,88,141,210,93,13
505,23,126,183,179,172,246,233,205,26
505,24,79,169,127,177,243,87,224,214
505,25,251,3,135,2,49,227,161,78
505,26,104,35,110,56,215,63,217,140
505,27,183,196,175,136,62,244,208,56
505,28,144,76,164,103,163,39,204,177
505,29,121,108,82,254,159,74,92,81
505,30,213,42,120,40,125,30,2,60
505,31,56,186,1,246,158,19,176,161
505,32,60,35,228,124,23,8,203,177
505,33,108,33,243,223,185,25,19,64
505,34,174,138,108,52,99,142,76,153
505,35,75,221,64,33,78,165,225,189
505,36,143,219,64,225,208,106,161,230
505,37,218,137,243,242,133,230,68,148
505,38,252,223,161,98,23,138,159,117
505,39,162,230,226,218,47,90,48,53
506,0,120,184,189,148,222,60,8,140
506,1,197,103,170,5,161,125,205,55
506,2,32,11,79,247,91,189,187,124
506,3,184,109,207,18,81,215,165,227
506,4,41,224,137,178,56,26,125,18
506,5,36,126,246,216,140,166,72,79
506,6,11,205,47,46,141,23,170,253
506,7,149,18,6,59,137,53,168,126
506,8,144,108,22,114,244,27,94,232
506,9,100,31,149,218,177,157,34,174
506,10,221,131,89,230,38,90,104,45
506,11,184,118,244,83,121,127,245,122
506,12,131,180,234,239,189,25,48,87
506,13,162,240,227,90,82,223,34,68
506,14,85,212,34,68,233,92,186,21
506,15,97,107,246,15,111,196,92,64
506,16,76,251,62,84,77,191,142,218
506,17,184,2,34,145,81,82,51,121
506,18,121,30,74,147,42,136,202,20
506,19,149,49,254,15,186,1,152,94
506,20,144,213,119,244,232,202,114,149
506,21,121,49,100,218,80,233,56,138
506,22,221,131,229,210,245,104,71,105
506,23,244,133,118,26,237,173,83,126
506,24,131,87,79,204,201,48,246,245
506,25,10,162,213,2,161,223,128,68
506,26,3,92,34,56,85,63,110,95
506,27,196,219,107,97,59,86,247,128
506,28,18,84,220,204,158,50,191,62
506,29,184,86,34,134,10,97,23,95
506,30,120,40,42,136,24,60,30,160
506,31,186,10,1,242,246,78,254,15
506,32,138,121,203,160,213,35,54,16
506,33,147,243,19,248,115,157,76,108
506,34,32,226,108,137,234,142,140,40
506,35,121,33,234,65,137,140,215,217
506,36,76,127,51,178,137,113,230,143
506,37,198,54,62,165,234,120,139,252
506,38,138,182,159,17,197,193,117,184
506,39,107,103,193,153,152,81,21,123
507,0,230,94,45,38,16,149,174,213
507,1,197,208,5,177,25,212,36,229
507,2,215,85,144,186,73,184,202,206
507,3,40,227,28,49,67,193,74,254
507,4,210,224,113,38,238,28,101,217
507,5,154,177,179,8,124,199,125,138
507,6,11,214,191,41,120,205,247,212
507,7,104,90,92,62,183,235,233,164
507,8,166,251,250,117,101,75,37,244
507,9,122,46,80,254,183,167,140,233
507,10,145,254,174,127,112,140,97,158
507,11,126,38,240,100,22,113,131,214
507,12,79,113,216,124,68,77,153,235
507,13,161,227,139,35,255,71,231,82
507,14,193,34,223,57,110,13,166,211
507,15,136,72,2,196,225,243,82,127
507,16,218,236,74,41,191,62,37,90
507,17,2,175,81,34,127,210,55,82
507,18,121,147,61,30,146,58,60,77
507,19,150,152,227,138,1,119,193,123
507,20,144,78,247,22,244,199,114,49
507,21,49,22,100,88,136,56,78,85
507,22,180,131,105,160,52,51,86,168
507,23,57,26,80,233,122,97,200,243
507,24,19,132,127,195,201,95,122,68
507,25,156,10,106,109,15,192,226,247
507,26,59,24,193,235,68,186,120,110
507,27,196,199,123,210,157,224,219,53
507,28,2,74,79,211,186,131,90,216
507,29,150,163,121,122,154,116,34,56
507,30,119,115,61,56,60,17,52,68
507,31,138,158,29,227,24,106,254,241
507,32,33,107,97,54,105,196,217,231
507,33,192,215,123,177,2,193,113,218
507,34,16,230,211,209,125,201,68,2
507,35,108,250,235,180,189,110,76,198
507,36,199,224,208,217,151,220,226,230
507,37,165,8,54,234,69,160,141,120
507,38,37,103,252,166,21,138,245,222
507,39,42,155,223,120,191,20,118,198
508,0,19,116,5,198,21,239,240,250
508,1,82,228,241,209,197,5,208,69
508,2,215,85,144,186,73,199,98,50
508,3,185,57,40,72,96,181,245,241
508,4,137,238,22,35,80,100,178,169
508,5,206,126,80,5,196,168,116,173
508,6,11,229,96,67,234,233,40,23
508,7,252,83,53,6,206,241,178,150
508,8,144,22,114,244,13,40,205,63
508,9,100,160,89,218,229,43,222,252
508,10,131,89,50,162,230,35,49,217
508,11,83,124,237,5,100,244,30,126
508,12,189,239,40,75,234,13,25,204
508,13,162,240,90,223,135,82,213,3
508,14,35,212,3,21,233,223,230,8
508,15,107,92,246,15,64,219,136,175
508,16,76,84,251,77,68,141,223,225
508,17,2,81,184,121,145,82,45,52
508,18,121,120,147,51,30,202,199,42
508,19,186,1,125,49,172,56,0,149
508,20,144,213,232,254,22,244,246,114
508,21,49,160,100,218,169,121,58,147
508,22,131,89,221,13,168,241,179,188
508,23,237,83,244,183,43,123,143,26
508,24,87,127,48,248,75,100,255,136
508,25,162,10,2,223,226,135,188,57
508,26,110,185,3,104,55,56,34,9
508,27,183,89,117,247,27,175,107,47
508,28,76,18,218,204,225,77,194,158
508,29,184,59,97,51,73,255,220,226
508,30,120,42,213,76,30,111,234,23
508,31,0,103,238,242,165,1,227,186
508,32,228,23,101,138,5,24,203,225
508,33,243,76,115,19,137,248,208,108
508,34,129,174,108,151,228,229,40,106
508,35,75,60,33,64,245,131,91,234
508,36,148,168,199,196,230,63,123,137
508,37,198,252,230,152,254,62,232,54
508,38,228,210,117,3,83,159,227,207
508,39,193,107,60,123,128,53,93,204
509,0,119,125,9,186,227,118,221,213
509,1,207,104,247,196,159,160,138,102
509,2,215,85,73,144,50,9,196,54
509,3,102,200,83,192,227,191,255,252
509,4,16,247,61,38,199,210,187,166
509,5,166,206,231,243,80,29,109,119
509,6,233,229,234,11,182,96,188,198
509,7,178,113,198,83,206,126,201,3
509,8,122,144,22,244,114,213,44,40
509,9,109,49,100,193,229,245,89,80
509,10,145,33,206,13,49,35,50,118
509,11,179,83,246,73,88,100,127,144
509,12,48,234,189,37,29,255,204,141
509,13,179,10,135,227,162,34,82,68
509,14,208,3,35,185,34,223,205,68
509,15,246,107,59,219,254,173,160,34
509,16,76,163,49,84,92,109,103,66
509,17,111,107,121,2,81,82,34,116
509,18,51,121,30,60,42,147,39,199
509,19,1,200,56,186,125,138,172,235
509,20,144,217,213,245,122,209,40,114
509,21,109,49,121,163,80,8,25,127
509,22,145,49,177,82,93,136,105,13
509,23,179,237,126,5,129,183,45,46
509,24,79,127,48,224,87,98,187,169
509,25,135,3,161,57,121,52,68,2
509,26,104,110,34,9,81,87,185,63
509,27,89,196,56,136,59,27,183,124
509,28,76,218,62,100,225,132,39,89
509,29,118,121,171,125,179,82,97,73
509,30,120,42,213,160,2,30,60,40
509,31,238,158,56,176,36,103,255,0
509,32,149,101,228,24,23,35,147,66
509,33,67,108,243,172,208,211,197,115
509,34,32,129,174,108,40,253,52,137
509,35,75,192,51,64,33,15,123,137
509,36,168,208,143,137,16,230,80,64
509,37,198,243,252,77,247,130,185,53
509,38,117,159,210,23,228,252,104,223
509,39,21,218,90,91,118,20,164,47
510,0,255,246,34,206,168,181,251,149
510,1,148,99,36,122,117,136,105,249
510,2,144,231,85,215,196,105,122,99
510,3,145,253,43,244,1,49,86,246
510,4,227,66,197,176,189,69,28,184
510,5,243,56,25,215,8,160,122,154
510,6,214,124,11,160,202,212,225,237
510,7,160,155,194,165,236,195,134,206
510,8,144,244,81,24,114,91,233,148
510,9,135,235,127,194,248,71,232,63
510,10,23,127,144,145,176,78,123,96
510,11,58,45,181,135,34,61,42,226
510,12,139,189,239,25,79,58,251,255
510,13,162,10,82,34,118,250,158,198
510,14,212,233,3,21,222,34,219,134
510,15,107,90,216,219,100,111,122,84
510,16,24,94,84,142,74,191,168,77
510,17,2,81,83,145,121,71,99,141
510,18,121,30,20,147,42,200,60,77
510,19,152,254,138,1,186,125,94,187
510,20,144,18,199,110,247,244,114,98
510,21,49,218,149,248,100,79,80,28
510,22,71,123,131,245,129,217,141,140
510,23,80,172,133,127,186,26,184,226
510,24,175,204,64,177,42,245,239,98
510,25,162,15,128,10,63,213,68,2
510,26,34,212,233,107,63,134,186,21
510,27,219,107,24,247,106,211,89,59
510,28,18,120,50,84,191,226,220,2
510,29,150,95,243,53,55,34,227,232
510,30,156,36,9,56,40,38,125,2
510,31,138,238,186,255,161,102,227,160
510,32,127,217,229,203,33,212,54,45
510,33,123,236,243,137,227,155,248,101
510,34,32,99,108,140,192,105,223,6
510,35,33,234,198,65,137,146,209,15
510,36,199,126,137,130,168,138,230,159
510,37,247,239,231,54,144,165,234,241
510,38,159,23,3,117,125,126,153,130
510,39,218,42,164,168,41,210,118,90
511,0,152,55,42,224,252,73,100,89
511,1,240,84,42,126,145,245,180,125
511,2,215,122,85,186,211,26,196,54
511,3,191,215,120,66,207,202,223,94
511,4,84,41,207,177,227,80,137,35
511,5,33,196,28,116,136,38,168,141
511,6,198,101,131,11,6,217,253,67
511,7,150,83,210,134,130,121,51,95
511,8,135,144,114,244,25,40,64,36
511,9,160,100,89,252,43,80,218,223
511,10,175,131,89,35,32,98,229,41
511,11,83,199,33,179,77,100,124,175
511,12,239,75,139,234,25,40,13,48
511,13,162,90,94,240,192,223,214,115
511,14,212,62,190,143,223,21,233,154
511,15,107,246,64,47,92,45,51,95
511,16,76,68,251,84,62,177,216,158
511,17,2,84,52,179,121,145,82,81
511,18,121,79,120,202,96,30,199,51
511,19,0,186,103,125,112,172,1,169
511,20,144,135,114,213,149,22,254,209
511,21,160,49,100,109,218,86,80,229
511,22,131,89,175,74,98,127,71,182
511,23,43,77,126,83,199,48,183,237
511,24,248,75,243,204,64,42,89,177
511,25,162,67,90,223,2,10,135,3
511,26,110,104,3,254,208,207,56,63
511,27,45,175,247,136,86,34,56,107
511,28,76,68,175,18,251,77,108,177
511,29,84,121,118,162,249,51,171,14
511,30,120,14,213,42,79,33,160,2
511,31,10,56,238,186,242,177,176,0
511,32,129,228,24,84,230,66,54,51
511,33,243,158,76,208,157,196,25,197
511,34,32,241,159,99,122,174,6,108
511,35,119,95,233,33,234,128,217,48
511,36,208,196,123,37,186,150,171,159
511,37,118,252,243,234,54,51,178,176
511,38,159,17,174,165,193,42,207,77
511,39,101,5,107,48,90,218,103,137
512,0,154,219,0,1,248,217,201,8
512,1,116,15,6,41,31,220,237,161
512,2,137,160,96,48,215,97,9,54
512,3,72,184,168,159,213,63,57,190
512,4,52,26,63,10,169,5,238,41
512,5,36,126,9,216,196,99,246,130
512,6,252,198,253,45,234,141,80,117
512,7,149,53,18,183,83,126,110,251
512,8,144,22,108,135,244,114,60,125
512,9,100,89,31,225,218,229,80,231
512,10,131,89,221,74,35,230,175,32
512,11,83,118,244,184,77,124,26,245
512,12,75,248,131,109,48,234,25,239
512,13,162,192,240,223,90,68,193,214
512,14,85,92,212,154,217,233,82,34
512,15,97,107,219,64,151,196,136,92
512,16,68,251,76,77,84,66,218,216
512,17,2,184,179,52,121,84,81,51
512,18,121,30,120,96,202,42,51,74
512,19,149,186,1,15,0,49,200,125
512,20,144,213,114,22,149,135,199,232
512,21,121,49,100,80,218,88,231,78
512,22,221,89,131,74,105,78,80,38
512,23,244,118,237,43,83,180,77,173
512,24,248,75,195,109,131,127,98,234
512,25,90,2,223,67,35,10,159,209
512,26,85,3,92,207,215,200,68,195
512,27,136,196,175,244,247,128,208,62
512,28,18,89,108,114,175,42,204,226
512,29,184,10,116,121,125,246,34,51
512,30,120,42,2,100,60,30,0,40
512,31,1,177,253,74,56,196,158,32
512,32,161,54,203,213,66,11,217,180
512,33,147,27,115,239,208,52,197,113
512,34,32,159,226,8,137,31,99,108
512,35,119,215,77,105,231,65,133,225
512,36,130,143,51,161,208,76,178,224
512,37,24,198,173,128,133,243,108,54
512,38,73,193,11,117,159,184,138,227
512,39,107,21,137,196,193,136,81,255
513,0,230,45,38,149,224,20,16,217
513,1,237,220,148,222,136,229,212,159
513,2,30,206,28,197,69,9,202,184
513,3,28,68,253,86,127,49,145,1
513,4,64,176,39,232,87,141,21,217
513,5,189,215,25,243,20,234,8,199
513,6,214,223,190,191,248,112,119,231
513,7,136,213,160,241,141,150,159,155
513,8,144,244,251,166,138,25,24,215
513,9,100,89,62,12,135,235,155,80
513,10,14,131,78,89,127,123,33,74
513,11,34,83,167,240,152,126,100,226
513,12,113,68,77,79,124,75,91,24
513,13,162,161,35,167,71,255,68,234
513,14,212,193,3,223,154,216,34,233
513,15,107,136,124,70,53,228,45,175
513,16,88,74,218,84,66,41,126,16
513,17,2,81,97,82,246,249,121,125
513,18,121,147,30,42,20,146,77,44
513,19,152,138,158,32,246,170,186,119
513,20,18,144,81,199,114,245,244,110
513,21,49,85,11,33,56,80,218,16
513,22,131,96,166,123,105,33,174,80
513,23,133,26,95,110,122,57,94,127
513,24,177,182,228,127,22,64,200,65
513,25,63,15,10,68,162,247,51,82
513,26,59,3,107,70,21,68,130,233
513,27,24,219,107,254,168,89,37,247
513,28,94,120,50,191,204,23,7,211
513,29,255,95,50,232,116,205,36,34
513,30,21,30,211,44,127,40,14,27
513,31,138,1,74,186,242,238,255,194
513,32,161,54,133,230,63,213,229,105
513,33,227,115,27,67,77,60,113,123
513,34,32,137,159,40,223,171,8,245
513,35,119,149,105,65,234,204,164,86
513,36,199,75,127,69,62,122,143,224
513,37,24,165,130,36,173,54,69,160
513,38,37,222,138,11,23,105,207,43
513,39,155,193,81,106,167,164,76,198
514,0,19,116,198,5,239,21,250,204
514,1,82,241,228,209,186,69,63,220
514,2,206,30,197,69,28,66,104,9
514,3,185,57,139,96,181,52,245,241
514,4,238,22,100,10,111,137,217,80
514,5,126,189,206,80,9,196,173,116
514,6,229,234,188,233,67,4,220,117
514,7,83,53,178,150,110,95,75,71
514,8,144,216,13,22,244,36,114,25
514,9,100,160,89,35,222,218,43,86
514,10,131,89,74,35,230,175,221,32
514,11,83,26,43,124,244,77,4,199
514,12,248,75,239,40,25,234,87,23
514,13,162,192,90,223,214,171,240,194
514,14,92,3,233,57,17,212,21,34
514,15,107,246,92,15,136,97,64,70
514,16,76,84,68,251,77,223,63,60
514,17,2,81,84,121,249,125,108,179
514,18,121,120,147,30,51,20,202,199
514,19,186,172,49,125,1,94,152,149
514,20,144,213,135,232,22,199,114,63
514,21,49,100,121,160,58,77,218,214
514,22,74,89,131,175,71,199,221,182
514,23,83,43,123,77,243,244,230,26
514,24,248,75,48,64,247,127,213,204
514,25,10,162,63,90,2,34,141,209
514,26,100,3,110,56,63,21,8,200
514,27,107,24,247,136,45,175,244,139
514,28,18,62,91,175,9,94,114,203
514,29,81,94,108,51,2,107,249,153
514,30,0,76,147,42,160,33,40,213
514,31,56,139,163,1,227,19,148,184
514,32,161,54,64,138,203,131,118,63
514,33,90,115,43,196,52,112,223,157
514,34,159,137,133,20,74,8,38,171
514,35,119,231,128,102,149,86,204,52
514,36,93,106,218,69,143,127,208,217
514,37,72,24,5,130,71,100,36,215
514,38,120,138,18,252,11,23,105,128
514,39,193,107,162,218,167,91,65,228
515,0,130,229,126,140,237,182,242,54
515,1,247,216,12,97,151,188,64,106
515,2,17,227,4,30,88,206,162,244
515,3,235,59,130,129,231,77,152,230
515,4,128,234,135,191,108,91,159,144
515,5,193,41,6,88,51,134,222,107
515,6,121,234,229,188,83,233,180,64
515,7,249,121,29,198,118,216,83,3
515,8,89,144,105,22,114,104,25,244
515,9,228,77,49,100,164,222,29,118
515,10,113,35,131,175,169,210,2,13
515,11,243,161,83,189,26,172,246,1
515,12,87,255,234,48,248,139,25,239
515,13,162,97,10,90,213,82,204,214
515,14,3,233,223,20,212,92,34,134
515,15,107,175,64,246,24,100,23,219
515,16,168,76,94,24,84,142,9,101
515,17,81,2,121,172,84,34,111,108
515,18,121,20,147,30,146,77,60,42
515,19,6,186,94,152,172,254,125,1
515,20,144,199,213,89,245,36,40,110
515,21,49,29,100,164,53,79,218,94
515,22,113,83,131,169,245,71,210,127
515,23,133,83,189,174,26,161,233,95
515,24,48,127,64,98,200,87,175,42
515,25,63,2,162,15,193,34,10,226
515,26,100,3,20,21,34,110,70,233
515,27,107,24,162,247,175,23,81,200
515,28,103,133,18,94,120,62,9,168
515,29,81,108,76,250,2,34,121,51
515,30,0,22,179,131,76,40,213,121
515,31,205,109,1,56,129,186,171,74
515,32,161,181,54,63,11,131,213,24
515,33,43,115,157,90,215,126,44,137
515,34,96,91,137,74,84,86,142,108
515,35,203,204,64,108,149,217,160,52
515,36,106,217,103,222,224,218,165,220
515,37,65,72,144,175,96,137,5,98
515,38,254,23,210,18,222,174,115,236
515,39,228,97,218,114,10,170,161,22
516,0,132,158,141,190,125,47,237,115
516,1,182,244,188,93,82,58,197,152
516,2,27,29,140,241,172,119,74,53
516,3,187,133,235,158,128,35,34,174
516,4,128,91,58,142,130,236,135,95
516,5,193,47,78,41,243,90,135,134
516,6,60,153,206,121,22,207,83,75
516,7,117,29,23,64,249,216,254,205
516,8,234,104,239,180,56,99,116,89
516,9,164,239,191,8,36,2,170,56
516,10,113,36,169,198,210,90,125,130
516,11,161,189,86,95,206,172,88,233
516,12,93,74,44,63,87,60,54,26
516,13,97,147,10,134,43,15,204,117
516,14,3,20,124,43,34,50,230,95
516,15,162,200,81,31,107,173,232,2
516,16,24,168,9,133,94,5,218,120
516,17,81,172,76,121,250,193,108,34
516,18,30,179,20,121,0,42,147,77
516,19,109,116,152,186,205,138,171,227
516,20,110,234,144,239,89,116,56,44
516,21,191,164,85,94,49,239,29,126
516,22,113,169,198,100,39,210,130,125
516,23,133,161,189,95,62,186,86,206
516,24,93,74,64,63,54,44,15,220
516,25,134,15,147,43,6,2,63,255
516,26,20,148,51,124,3,10,86,92
516,27,162,200,81,31,107,37,97,165
516,28,43,133,120,168,5,62,7,182
516,29,87,0,76,250,153,172,93,134
516,30,163,179,226,0,60,22,187,21
516,31,116,109,205,235,63,20,4,74
516,32,119,181,161,131,252,90,24,54
516,33,93,231,43,129,223,44,99,137
516,34,112,82,96,106,142,130,245,132
516,35,203,204,52,149,164,174,33,221
516,36,22,222,221,106,83,218,217,165
516,37,144,245,34,98,229,133,119,138
516,38,64,23,193,236,25,77,55,254
516,39,162,186,190,97,164,201,174,136
517,0,43,238,147,252,173,112,95,100
517,1,250,46,224,129,172,147,19,103
517,2,140,49,29,186,20,27,245,167
517,3,233,26,103,230,130,117,4,40
517,4,183,81,213,144,9,229,224,45
517,5,78,188,43,90,180,5,127,135
517,6,60,206,68,101,208,143,122,75
517,7,117,65,176,78,254,205,142,229
517,8,104,239,116,185,180,73,56,99
517,9,126,160,171,113,8,25,191,2
517,10,157,173,139,185,238,27,150,65
517,11,133,47,181,120,86,39,108,95
517,12,249,44,54,144,93,74,209,164
517,13,134,6,15,61,11,176,138,206
517,14,86,148,50,10,51,32,147,41
517,15,162,189,31,200,46,181,168,24
517,16,133,43,24,9,168,106,151,66
517,17,5,153,57,106,108,81,87,76
517,18,226,179,30,68,77,20,39,42
517,19,109,19,167,171,12,243,205,227
517,20,110,239,116,180,144,185,44,114
517,21,191,126,113,85,49,164,203,149
517,22,157,236,173,178,100,71,39,199
517,23,140,95,189,133,181,62,111,206
517,24,93,44,220,127,43,64,98,54
517,25,6,15,63,176,134,162,206,226
517,26,86,10,51,54,34,21,161,148
517,27,162,107,24,200,46,165,122,129
517,28,168,43,120,24,170,62,7,94
517,29,5,158,153,76,8,57,20,87
517,30,68,226,22,192,131,71,160,121
517,31,167,228,171,12,109,74,30,29
517,32,223,181,68,178,6,16,161,119
517,33,231,83,215,74,129,223,28,136
517,34,241,1,252,137,186,21,8,223
517,35,160,108,217,204,245,189,213,128
517,36,221,105,232,171,224,218,94,59
517,37,62,229,232,175,61,51,160,98
517,38,166,105,99,104,207,182,236,239
517,39,238,81,237,155,235,193,208,180
518,0,104,43,206,209,147,30,7,105
518,1,46,47,188,156,58,197,213,20
518,2,20,82,245,186,204,85,215,251
518,3,119,117,233,178,103,26,130,236
518,4,184,144,246,81,20,183,5,193
518,5,42,159,32,111,76,162,180,185
518,6,206,145,230,97,7,124,137,160
518,7,236,203,136,210,15,237,47,143
518,8,144,114,113,244,148,106,42,25
518,9,49,100,88,53,80,203,34,105
518,10,96,240,215,115,145,21,210,118
518,11,181,88,42,253,57,4,41,168
518,12,189,139,175,28,99,58,213,239
518,13,162,10,15,82,34,250,52,118
518,14,3,233,21,212,34,222,223,134
518,15,107,90,120,0,219,104,216,100
518,16,142,84,94,24,168,202,60,77
518,17,2,81,99,83,121,145,71,244
518,18,121,20,30,147,200,42,77,60
518,19,152,242,94,125,1,254,186,138
518,20,18,144,199,110,244,254,114,40
518,21,49,248,218,100,79,149,214,55
518,22,71,123,129,95,131,162,96,82
518,23,133,181,95,26,172,42,184,45
518,24,79,175,204,239,48,214,64,177
518,25,63,162,15,2,10,213,188,128
518,26,110,233,70,56,26,212,21,34
518,27,247,107,175,89,92,24,123,34
518,28,120,84,218,18,168,62,163,191
518,29,158,48,34,95,243,187,15,97
518,30,44,42,40,14,160,30,56,60
518,31,186,246,1,176,170,232,74,254
518,32,24,213,217,203,40,245,51,54
518,33,74,77,137,98,101,227,245,115
518,34,223,108,98,6,137,216,153,142
518,35,209,121,198,8,245,95,217,180
518,36,62,218,112,69,208,130,51,94
518,37,160,244,144,130,51,13,204,54
518,38,43,105,63,103,115,252,237,186
518,39,127,198,65,37,237,235,201,238
519,0,32,206,95,168,238,181,255,246
519,1,201,140,182,122,46,77,58,188
519,2,82,204,20,49,186,53,215,98
519,3,178,117,103,119,233,204,113,118
519,4,81,193,249,246,183,130,213,199
519,5,42,85,255,132,159,230,32,76
519,6,7,118,206,145,97,160,124,179
519,7,136,210,65,221,142,162,235,206
519,8,239,114,113,144,244,199,106,30
519,9,113,49,88,53,126,105,34,33
519,10,215,240,115,231,96,21,211,210
519,11,181,253,88,249,196,57,41,51
519,12,175,0,62,102,189,213,164,41
519,13,10,15,6,34,3,255,49,121
519,14,3,223,34,233,212,30,21,154
519,15,107,120,228,168,136,90,117,84
519,16,24,94,9,142,84,168,225,62
519,17,81,2,99,108,121,5,83,34
519,18,121,20,30,147,42,60,77,200
519,19,72,152,1,74,227,158,138,112
519,20,144,18,110,199,213,36,114,81
519,21,49,85,100,218,229,113,149,248
519,22,71,129,122,236,80,166,123,157
519,23,95,133,14,45,26,83,181,140
519,24,127,200,79,64,177,98,255,174
519,25,63,15,2,176,162,10,117,70
519,26,70,26,24,233,110,119,95,21
519,27,24,107,254,89,123,168,56,219
519,28,120,168,24,62,23,204,94,50
519,29,158,34,5,95,163,48,113,68
519,30,121,40,226,24,68,22,60,160
519,31,1,228,227,29,176,167,177,254
519,32,223,16,52,133,24,43,124,11
519,33,74,223,136,215,241,115,244,239
519,34,116,223,199,8,137,186,108,40
519,35,152,105,209,217,121,213,155,245
519,36,94,105,112,62,232,171,218,224
519,37,160,141,247,245,144,98,163,61
519,38,252,55,182,237,105,254,49,138
519,39,127,248,238,235,46,37,237,168
520,0,88,95,140,112,43,173,238,89
520,1,181,47,152,70,140,192,36,115
520,2,62,82,20,186,218,165,197,102
520,3,233,117,106,103,236,76,194,150
520,4,199,193,9,62,235,27,45,0
520,5,230,15,189,160,29,87,166,209
520,6,118,208,7,160,63,179,122,97
520,7,176,112,236,136,207,65,145,134
520,8,239,104,100,205,199,64,230,142
520,9,113,53,126,49,200,34,195,56
520,10,122,215,100,210,195,157,212,240
520,11,181,28,41,253,196,249,57,88
520,12,62,175,102,0,76,41,144,189
520,13,15,6,121,2,243,141,251,3
520,14,41,9,215,34,244,211,197,70
520,15,107,24,46,136,168,117,120,82
520,16,24,94,248,168,141,66,9,216
520,17,81,5,2,99,158,108,34,121
520,18,121,30,20,60,42,131,147,77
520,19,72,152,158,227,1,171,51,96
520,20,110,144,18,104,239,114,199,244
520,21,85,49,113,100,218,53,56,229
520,22,236,157,122,178,71,210,207,129
520,23,133,14,145,181,140,39,95,186
520,24,127,225,43,64,45,95,177,116
520,25,63,15,176,2,6,225,68,191
520,26,70,119,233,24,120,215,95,220
520,27,24,107,37,123,46,219,233,89
520,28,120,168,24,62,94,116,23,204
520,29,158,34,5,8,48,83,187,95
520,30,68,226,22,60,192,121,30,40
520,31,228,240,1,171,167,29,128,186
520,32,223,16,68,133,245,24,60,124
520,33,136,74,244,223,215,241,137,190
520,34,116,82,108,199,8,204,98,6
520,35,97,152,245,105,217,64,209,48
520,36,94,224,219,171,199,217,230,112
520,37,160,104,163,61,141,98,247,144
520,38,27,17,254,237,100,92,151,148
520,39,248,127,110,243,12,46,38,208
521,0,78,136,236,56,68,120,248,147
521,1,252,124,186,211,128,228,205,1
521,2,92,60,150,255,86,228,79,11
521,3,155,30,177,190,112,157,219,144
521,4,98,94,77,88,134,186,23,216
521,5,183,251,115,2,120,188,62,81
521,6,92,43,14,156,79,84,52,183
521,7,181,196,30,76,158,198,190,204
521,8,159,47,110,220,114,52,184,180
521,9,85,49,120,156,98,100,218,8
521,10,122,178,9,207,157,234,99,3
521,11,153,145,181,3,133,95,14,27
521,12,228,191,144,175,220,15,78,237
521,13,15,6,63,121,10,49,176,113
521,14,52,107,87,200,91,223,95,222
521,15,24,248,107,178,117,233,122,136
521,16,24,127,168,248,9,94,216,191
521,17,195,158,236,81,108,2,34,65
521,18,131,60,121,69,42,226,192,20
521,19,51,72,50,233,152,171,227,221
521,20,159,110,144,216,107,114,18,199
521,21,156,85,136,120,100,49,213,56
521,22,122,157,9,178,3,0,207,195
521,23,133,145,153,14,181,173,26,95
521,24,127,228,106,200,182,177,229,133
521,25,63,15,176,21,2,161,226,162
521,26,190,119,70,233,186,120,188,114
521,27,24,248,219,233,37,107,97,89
521,28,120,62,230,54,168,204,24,23
521,29,158,2,65,195,236,34,102,48
521,30,69,121,192,45,68,226,22,100
521,31,51,128,1,254,240,177,29,10
521,32,146,195,245,68,133,20,194,217
521,33,75,136,37,97,74,149,137,55
521,34,255,108,212,249,80,6,243,153
521,35,176,136,64,106,43,155,127,80
521,36,21,17,138,228,112,224,94,219
521,37,110,214,244,243,68,226,247,144
521,38,63,149,43,141,98,177,252,142
521,39,127,251,209,5,136,190,37,83
522,0,209,93,210,240,84,14,228,4
522,1,215,252,195,128,211,255,68,182
522,2,92,60,150,86,118,255,108,230
522,3,30,112,144,155,11,159,177,101
522,4,94,98,77,8,134,186,23,112
522,5,183,115,251,220,198,194,2,188
522,6,43,14,84,156,52,92,180,145
522,7,181,30,196,112,101,198,158,204
522,8,159,144,114,244,27,110,184,101
522,9,49,100,120,85,53,43,23,218
522,10,122,229,240,96,219,231,178,195
522,11,181,88,145,130,57,153,42,73
522,12,189,64,139,239,28,255,164,144
522,13,162,10,3,82,2,15,121,63
522,14,212,21,34,233,223,222,211,219
522,15,107,120,24,168,219,90,233,175
522,16,94,24,142,120,84,77,62,168
522,17,2,81,121,65,83,145,158,34
522,18,121,20,30,147,42,60,77,200
522,19,152,158,94,254,1,186,242,51
522,20,144,216,18,199,36,114,11,244
522,21,53,218,136,49,248,100,192,80
522,22,95,71,129,210,122,123,131,78
522,23,133,246,87,181,26,51,173,183
522,24,79,127,106,177,204,200,182,95
522,25,63,15,162,21,2,193,213,176
522,26,70,211,110,34,219,63,119,237
522,27,219,233,247,132,254,127,24,59
522,28,120,62,204,166,216,50,226,153
522,29,34,55,95,25,158,2,65,232
522,30,121,9,36,40,42,160,60,30
522,31,254,51,177,1,186,176,170,72
522,32,133,51,217,200,40,52,195,24
522,33,136,37,97,75,74,77,223,245
522,34,108,212,98,204,137,151,255,104
522,35,64,60,222,41,48,137,130,154
522,36,32,112,171,224,165,123,219,151
522,37,165,245,247,218,160,61,185,85
522,38,100,252,17,117,159,112,230,82
522,39,146,114,120,100,164,168,106,115
523,0,124,72,13,222,211,192,151,163
523,1,149,153,89,9,68,92,40,120
523,2,193,120,157,216,42,2,3,5
523,3,243,197,112,144,159,2,215,242
523,4,134,77,186,57,175,75,169,51
523,5,235,250,82,183,95,123,77,23
523,6,49,161,152,180,82,233,213,253
523,7,11,30,145,178,246,6,116,48
523,8,144,22,246,114,27,63,161,226
523,9,100,49,218,225,134,229,233,84
523,10,131,122,233,32,180,117,146,34
523,11,83,97,241,194,59,202,37,124
523,12,228,25,28,210,110,189,239,175
523,13,162,10,82,185,90,0,250,188
523,14,21,212,190,233,3,211,143,222
523,15,107,221,100,64,122,111,142,138
523,16,142,94,62,77,101,24,191,84
523,17,2,81,121,108,145,83,45,158
523,18,121,250,147,20,30,42,200,77
523,19,152,1,85,158,142,19,94,128
523,20,144,110,213,114,18,216,244,22
523,21,49,218,100,98,53,124,248,87
523,22,122,95,71,219,131,82,129,233
523,23,194,181,97,51,249,202,14,145
523,24,228,210,127,185,42,28,201,195
523,25,63,2,161,162,176,10,68,15
523,26,211,190,70,63,120,186,24,95
523,27,127,24,219,132,233,254,89,37
523,28,101,190,120,168,50,216,62,210
523,29,158,34,130,99,95,15,145,195
523,30,250,42,40,60,14,9,100,56
523,31,10,254,1,16,177,142,29,160
523,32,144,245,76,140,118,217,203,41
523,33,133,102,250,56,74,119,115,54
523,34,214,5,72,98,108,162,204,142
523,35,127,209,105,248,215,52,33,86
523,36,75,31,161,69,138,165,219,218
523,37,98,54,130,148,120,118,183,141
523,38,25,248,159,17,117,252,161,207
523,39,165,168,48,170,155,33,80,235
524,0,96,226,11,80,247,171,93,107
524,1,169,81,149,195,92,2,9,89
524,2,63,101,149,66,2,131,118,109
524,3,221,188,2,170,112,144,9,242
524,4,119,134,123,77,78,72,105,209
524,5,61,250,235,123,29,151,221,19
524,6,49,16,161,84,180,156,14,43
524,7,11,157,150,112,126,217,99,198
524,8,112,22,144,114,251,244,107,100
524,9,206,49,233,100,6,229,169,199
524,10,229,122,163,195,50,210,22,141
524,11,18,133,88,194,14,102,28,51
524,12,106,228,28,175,64,210,252,29
524,13,200,10,15,21,121,68,70,2
524,14,34,219,211,46,95,91,223,200
524,15,241,24,107,233,219,59,168,89
524,16,149,120,218,62,24,168,94,216
524,17,65,2,81,82,158,121,34,116
524,18,121,6,60,30,147,74,42,9
524,19,106,254,1,158,152,50,233,142
524,20,144,216,112,245,205,18,213,114
524,21,206,192,53,136,60,100,113,213
524,22,229,122,212,73,215,210,21,92
524,23,133,181,18,173,246,168,233,152
524,24,127,79,177,76,247,133,106,87
524,25,63,15,173,21,68,128,247,167
524,26,211,70,119,114,69,8,207,185
524,27,59,219,97,254,247,168,89,140
524,28,50,120,216,62,101,220,84,149
524,29,34,232,158,95,32,53,74,18
524,30,100,6,60,40,36,9,42,47
524,31,10,254,1,246,158,16,255,32
524,32,89,16,217,35,180,51,118,115
524,33,214,23,223,4,74,115,123,19
524,34,182,142,229,98,108,153,192,140
524,35,215,102,33,222,115,209,230,127
524,36,253,75,137,31,165,199,127,224
524,37,164,137,98,141,118,54,189,130
524,38,159,207,117,83,252,150,161,136
524,39,218,47,146,180,170,185,222,226
525,0,79,83,108,135,59,88,57,61
525,1,48,182,143,192,140,152,146,70
525,2,8,101,36,149,66,2,105,137
525,3,106,129,29,110,226,210,250,150
525,4,165,249,72,135,23,179,150,247
525,5,87,231,243,29,21,229,160,124
525,6,214,89,199,76,207,110,124,242
525,7,143,195,112,136,142,164,235,188
525,8,244,166,202,100,144,37,25,148
525,9,135,183,69,127,12,63,100,122
525,10,96,145,133,122,123,60,29,14
525,11,42,181,96,88,110,135,102,152
525,12,76,189,78,167,18,68,77,239
525,13,162,10,63,118,82,68,2,234
525,14,212,233,34,3,222,219,21,154
525,15,107,90,219,104,216,0,111,175
525,16,142,94,191,84,62,218,77,24
525,17,2,81,194,121,83,34,7,244
525,18,121,147,20,186,30,44,200,77
525,19,152,94,254,119,240,32,93,138
525,20,144,247,110,199,7,150,168,114
525,21,22,49,100,149,218,28,56,87
525,22,160,51,71,141,140,168,52,245
525,23,80,172,122,26,54,186,216,241
525,24,217,139,132,45,201,102,204,136
525,25,10,15,162,250,156,109,128,247
525,26,222,43,233,59,107,39,114,134
525,27,107,82,39,123,196,177,202,219
525,28,2,74,194,7,125,98,92,204
525,29,150,158,121,34,187,255,194,51
525,30,60,61,160,40,199,42,184,3
525,31,154,10,246,186,166,1,90,254
525,32,60,121,205,63,196,51,229,54
525,33,33,108,123,77,88,225,101,17
525,34,138,108,192,184,229,142,99,137
525,35,162,234,81,33,64,115,222,231
525,36,106,224,127,63,199,112,225,205
525,37,239,218,137,243,54,120,242,247
525,38,117,252,144,239,23,0,159,98
525,39,96,162,48,170,63,185,76,22
526,0,148,0,189,184,12,55,217,60
526,1,197,5,103,204,165,48,130,208
526,2,32,101,124,66,247,137,91,149
526,3,184,109,81,50,165,240,85,159
526,4,137,250,56,178,26,233,134,41
526,5,36,246,126,216,140,231,206,192
526,6,11,101,252,67,253,141,205,99
526,7,149,18,11,53,178,6,168,70
526,8,144,22,108,244,27,232,114,84
526,9,100,31,218,183,157,49,225,86
526,10,131,221,229,45,226,50,86,186
526,11,184,118,244,83,123,127,245,124
526,12,131,180,25,189,87,255,249,234
526,13,162,240,90,82,2,10,68,70
526,14,212,92,85,34,3,68,233,21
526,15,97,107,15,246,111,219,64,119
526,16,201,76,142,77,62,120,191,100
526,17,2,184,81,108,145,34,82,73
526,18,121,74,147,30,20,42,186,136
526,19,49,254,149,152,94,227,186,144
526,20,144,213,119,244,199,150,202,149
526,21,49,121,218,100,80,233,56,192
526,22,221,131,229,122,245,226,73,210
526,23,133,118,244,26,172,154,113,184
526,24,131,87,28,127,204,247,48,234
526,25,10,162,2,240,68,148,128,117
526,26,92,3,34,219,85,56,75,114
526,27,107,89,132,219,175,59,47,210
526,28,120,50,204,102,216,62,84,225
526,29,184,158,94,97,34,95,10,15
526,30,197,42,40,24,60,105,133,21
526,31,242,246,254,1,74,78,90,186
526,32,161,170,121,202,138,63,11,160
526,33,147,225,223,74,115,90,19,99
526,34,226,153,20,137,191,6,120,108
526,35,121,9,97,86,52,33,149,81
526,36,143,105,75,237,51,93,29,130
526,37,100,120,54,62,127,24,101,141
526,38,0,11,174,184,143,207,248,138
526,39,107,193,236,155,35,190,101,170
527,0,101,35,197,242,48,108,11,79
527,1,97,62,27,123,75,231,216,155
527,2,164,88,59,210,215,109,158,40
527,3,37,211,26,230,84,130,176,80
527,4,241,15,131,102,165,142,222,108
527,5,206,235,103,252,186,204,82,188
527,6,180,43,11,14,129,123,37,250
527,7,112,129,196,204,178,99,210,198
527,8,144,89,114,22,244,25,107,251
527,9,49,203,100,29,233,143,229,140
527,10,122,131,50,180,113,195,1,69
527,11,133,42,241,174,194,83,88,202
527,12,28,25,220,11,190,110,255,148
527,13,162,10,82,188,68,90,2,4
527,14,3,34,212,21,233,92,173,222
527,15,97,107,64,0,221,37,90,219
527,16,142,94,62,191,77,76,168,24
527,17,81,2,108,83,145,158,121,244
527,18,121,147,20,42,30,186,200,197
527,19,254,152,94,138,186,6,172,242
527,20,144,18,216,244,150,81,199,213
527,21,49,218,203,100,87,53,55,80
527,22,245,122,131,129,2,71,210,86
527,23,172,133,26,183,149,173,95,123
527,24,127,177,98,200,64,220,48,141
527,25,63,10,2,162,15,128,161,68
527,26,110,3,86,222,24,75,63,107
527,27,24,107,162,39,247,172,132,210
527,28,204,92,120,94,62,7,32,216
527,29,255,108,15,250,81,34,158,121
527,30,197,24,42,60,22,136,132,155
527,31,32,78,191,242,4,1,205,125
527,32,161,54,205,11,63,98,192,133
527,33,77,115,227,27,195,223,98,90
527,34,91,1,96,137,116,20,157,8
527,35,160,65,231,108,217,204,47,119
527,36,217,93,143,12,165,103,232,133
527,37,229,245,24,61,175,19,123,86
527,38,43,222,55,254,174,18,91,166
527,39,162,193,235,35,114,155,255,118
528,0,197,32,189,179,88,91,119,126
528,1,62,217,155,75,97,151,70,216
528,2,109,210,127,88,220,154,226,215
528,3,130,77,37,183,235,85,230,39
528,4,87,15,214,102,142,241,66,120
528,5,220,32,186,29,188,204,239,255
528,6,43,180,84,14,11,230,214,206
528,7,112,196,204,23,162,195,99,217
528,8,144,22,239,114,35,244,25,100
528,9,203,49,100,29,233,80,107,85
528,10,96,240,21,29,145,122,131,50
528,11,42,88,241,181,187,173,239,185
528,12,28,189,25,78,255,139,18,184
528,13,162,10,82,193,90,118,188,213
528,14,21,3,212,34,233,222,12,177
528,15,107,120,24,175,219,64,45,124
528,16,142,94,24,77,62,218,84,76
528,17,2,81,195,121,108,145,82,34
528,18,121,20,147,30,42,60,88,200
528,19,152,72,172,94,138,227,125,158
528,20,144,110,199,213,18,36,114,81
528,21,49,203,85,218,100,248,80,229
528,22,96,166,131,71,129,219,168,105
528,23,42,83,26,180,123,88,127,34
528,24,127,228,64,220,25,177,182,2
528,25,63,15,10,162,2,209,67,188
528,26,21,100,70,222,110,8,233,212
528,27,24,107,93,89,39,47,137,120
528,28,94,62,120,204,216,32,7,182
528,29,81,250,2,255,34,121,5,116
528,30,197,22,100,179,205,105,42,125
528,31,32,139,78,171,205,1,125,117
528,32,161,192,98,54,6,124,35,63
528,33,215,115,86,238,173,98,77,126
528,34,96,207,8,137,1,86,223,180
528,35,160,108,86,234,231,57,149,47
528,36,70,217,171,101,9,232,181,224
528,37,65,144,19,61,86,51,186,42
528,38,73,222,180,237,18,174,23,100
528,39,228,114,81,167,10,190,166,173
529,0,141,208,235,253,115,81,158,221
529,1,62,217,182,70,152,155,82,21
529,2,109,95,127,255,128,220,154,123
529,3,230,26,233,219,190,210,35,158
529,4,144,245,15,45,102,165,214,142
529,5,90,188,43,135,107,184,112,5
529,6,14,43,156,206,79,84,157,182
529,7,112,117,23,231,64,210,70,205
529,8,239,180,56,104,116,35,83,179
529,9,203,116,191,85,49,13,2,8
529,10,157,198,122,50,13,210,169,22
529,11,42,133,95,145,233,111,62,174
529,12,220,93,193,160,15,28,228,74
529,13,15,10,29,6,176,134,107,41
529,14,86,41,52,3,51,200,34,173
529,15,24,172,162,107,37,93,120,84
529,16,24,9,168,120,94,127,204,5
529,17,108,250,195,81,193,121,34,158
529,18,197,131,204,20,60,42,170,30
529,19,72,109,205,116,152,145,171,227
529,20,239,110,180,144,81,77,186,116
529,21,203,85,49,191,116,13,100,113
529,22,157,236,83,35,198,39,178,169
529,23,42,133,83,95,189,181,172,88
529,24,220,127,93,228,81,15,64,98
529,25,63,15,6,107,134,176,206,10
529,26,86,51,100,21,10,233,70,149
529,27,162,24,107,172,165,120,129,39
529,28,62,7,5,94,32,9,43,168
529,29,250,5,81,108,87,2,145,132
529,30,22,179,197,205,121,142,76,187
529,31,109,205,171,116,128,117,4,129
529,32,161,119,6,215,192,90,134,155
529,33,215,86,183,93,238,136,129,73
529,34,96,207,82,86,180,1,84,62
529,35,160,108,57,153,129,145,86,227
529,36,222,70,181,120,98,156,217,176
529,37,31,58,219,190,175,182,173,229
529,38,151,92,148,64,145,255,180,100
529,39,186,38,189,69,190,217,2,238
530,0,38,193,54,53,244,44,167,176
530,1,122,140,117,62,105,201,217,179
530,2,154,173,127,220,209,128,99,102
530,3,91,35,12,128,26,210,34,250
530,4,120,144,213,159,245,130,224,20
530,5,239,42,255,68,5,160,15,51
530,6,89,230,118,206,214,191,133,81
530,7,112,162,157,99,221,224,180,217
530,8,239,35,144,25,244,30,113,230
530,9,203,49,88,116,33,199,60,183
530,10,22,219,211,96,231,166,240,11
530,11,181,41,88,57,42,253,51,187
530,12,175,189,0,4,102,164,83,243
530,13,10,162,3,82,2,15,68,118
530,14,3,21,212,30,41,34,177,215
530,15,120,107,24,93,228,82,131,168
530,16,94,24,142,216,62,77,84,49
530,17,81,2,121,108,132,193,167,34
530,18,121,147,20,30,88,42,200,131
530,19,72,152,94,172,254,227,158,138
530,20,144,213,110,199,114,36,149,122
530,21,49,100,85,217,218,248,229,233
530,22,236,62,71,131,96,166,129,219
530,23,42,83,181,69,243,26,180,40
530,24,127,25,48,188,69,228,64,189
530,25,63,15,162,10,2,250,209,67
530,26,100,21,200,222,110,233,70,24
530,27,24,107,120,39,254,122,175,36
530,28,62,94,182,32,88,120,204,216
530,29,81,5,2,108,48,34,121,145
530,30,22,197,121,131,179,100,125,147
530,31,171,128,117,139,109,129,205,1
530,32,161,6,215,96,124,68,155,98
530,33,215,238,136,86,183,190,115,93
530,34,207,186,96,180,82,116,84,86
530,35,108,160,153,57,86,227,129,145
530,36,70,181,217,120,157,156,235,35
530,37,31,58,182,190,219,115,175,186
530,38,151,148,92,71,255,230,145,95
530,39,2,69,38,189,217,213,154,216
531,0,106,40,185,147,236,43,46,22
531,1,128,124,226,242,19,211,73,112
531,2,255,60,188,80,58,49,217,22
531,3,92,55,177,214,19,30,219,11
531,4,122,139,54,88,150,215,254,242
531,5,147,11,114,161,100,29,97,10
531,6,208,230,183,65,166,122,137,89
531,7,101,109,242,54,191,32,196,126
531,8,180,110,122,35,56,173,57,23
531,9,49,178,217,85,156,182,98,151
531,10,62,142,22,196,71,39,210,96
531,11,27,69,181,195,66,88,49,95
531,12,191,138,193,189,175,228,28,48
531,13,10,15,29,3,162,176,121,2
531,14,46,34,21,212,41,222,30,136
531,15,120,24,107,93,47,131,36,221
531,16,94,24,142,62,181,9,127,204
531,17,81,2,195,108,132,121,188,193
531,18,158,147,20,121,131,159,42,200
531,19,72,152,145,172,227,128,254,94
531,20,144,110,122,213,232,103,114,22
531,21,178,217,49,100,85,229,45,93
531,22,62,142,13,71,180,236,131,111
531,23,83,69,27,181,42,195,207,40
531,24,228,25,127,191,106,169,48,69
531,25,63,10,162,15,2,206,176,250
531,26,100,233,21,200,222,62,134,34
531,27,24,107,120,36,70,92,244,175
531,28,62,127,94,122,142,211,120,204
531,29,81,188,2,195,175,145,65,29
531,30,174,147,158,22,76,100,131,125
531,31,74,188,152,139,255,125,19,118
531,32,124,52,96,42,6,54,215,63
531,33,119,151,11,123,98,255,64,128
531,34,138,45,140,204,108,99,9,142
531,35,104,149,153,95,234,215,231,217
531,36,166,69,137,64,171,225,219,240
531,37,130,218,165,115,77,61,148,152
531,38,252,159,31,117,191,255,248,143
531,39,193,225,48,180,235,47,218,185
532,0,83,59,79,88,135,108,130,57
532,1,143,152,182,78,79,238,181,237
532,2,5,173,101,116,154,62,94,108
532,3,106,194,150,42,250,121,186,210
532,4,254,150,171,17,23,7,215,21
532,5,29,87,68,147,207,51,109,230
532,6,230,76,160,87,89,221,97,191
532,7,242,110,162,57,99,136,156,206
532,8,25,244,37,122,199,144,251,166
532,9,152,49,183,69,60,80,33,192
532,10,88,195,71,93,192,133,142,96
532,11,205,69,39,5,73,88,38,41
532,12,211,76,6,175,83,16,189,117
532,13,10,3,2,135,68,205,206,242
532,14,136,213,223,34,81,91,107,31
532,15,70,150,56,107,120,36,20,2
532,16,141,175,216,94,84,23,50,62
532,17,81,2,188,65,82,168,121,167
532,18,121,147,158,30,20,60,199,42
532,19,94,200,186,172,158,227,152,254
532,20,144,213,122,199,114,81,12,103
532,21,69,49,141,248,100,232,149,218
532,22,212,71,88,129,210,166,44,80
532,23,83,69,39,181,213,102,127,5
532,24,169,188,177,76,69,124,91,228
532,25,63,2,112,206,10,141,82,173
532,26,110,200,185,4,34,128,119,56
532,27,24,70,150,254,168,56,175,34
532,28,50,204,77,158,218,62,42,88
532,29,29,175,81,121,97,74,232,34
532,30,174,147,169,132,37,24,60,158
532,31,188,10,242,255,1,200,32,186
532,32,52,60,124,121,51,54,63,24
532,33,33,108,255,243,115,123,128,98
532,34,138,192,108,140,142,234,216,174
532,35,215,95,231,48,104,234,64,69
532,36,69,101,219,230,106,122,224,64
532,37,218,239,243,130,230,148,51,252
532,38,252,83,223,228,159,98,117,210
532,39,96,175,216,170,67,218,56,84
533,0,0,148,189,12,184,217,55,60
533,1,197,103,5,204,165,135,161,208
533,2,32,5,124,254,101,187,247,190
533,3,184,109,107,159,165,81,85,121
533,4,178,137,41,101,125,202,250,158
533,5,36,33,126,60,206,140,192,216
533,6,205,230,11,101,76,141,145,47
533,7,149,18,59,251,168,6,157,121
533,8,144,108,25,22,244,232,252,142
533,9,31,100,183,177,149,141,230,233
533,10,221,131,50,195,90,41,71,192
533,11,184,244,118,205,123,83,173,127
533,12,180,131,94,18,204,226,121,246
533,13,240,162,2,115,82,68,237,185
533,14,85,213,212,34,219,68,119,56
533,15,97,107,2,219,70,160,47,150
533,16,251,77,23,62,76,49,216,66
533,17,184,2,82,11,121,34,247,81
533,18,121,158,30,147,174,137,74,42
533,19,149,49,254,15,1,200,227,194
533,20,119,144,213,202,244,22,232,199
533,21,121,100,49,228,218,177,80,88
533,22,221,71,226,229,73,131,92,195
533,23,244,118,26,133,205,154,104,213
533,24,87,247,131,121,255,234,112,177
533,25,82,10,2,193,117,206,68,51
533,26,85,95,110,34,119,246,129,251
533,27,247,219,95,128,175,59,34,192
533,28,204,23,50,210,218,216,62,100
533,29,184,34,97,214,121,95,175,74
533,30,30,120,174,132,40,158,42,37
533,31,194,10,48,186,246,254,242,161
533,32,121,138,160,52,11,54,202,63
533,33,147,255,115,137,78,19,173,101
533,34,32,226,234,228,142,163,8,137
533,35,121,234,65,215,137,33,217,104
533,36,127,51,137,230,219,240,178,143
533,37,165,198,62,54,230,13,56,252
533,38,23,17,83,193,117,182,160,159
533,39,107,193,21,223,90,22,93,109
534,0,230,94,45,38,149,174,213,16
534,1,197,208,5,177,25,74,212,54
534,2,215,85,186,144,73,181,195,19
534,3,40,193,227,8,72,190,49,143
534,4,101,229,113,209,238,146,217,28
534,5,154,179,1,124,226,167,138,149
534,6,11,67,95,191,116,99,37,244
534,7,99,157,90,201,234,104,6,225
534,8,166,251,250,101,37,144,75,134
534,9,62,135,127,63,71,183,80,233
534,10,43,50,212,195,174,49,201,106
534,11,205,167,40,76,123,28,184,173
534,12,6,29,187,182,180,141,47,204
534,13,10,244,241,68,184,36,247,128
534,14,213,85,219,223,91,34,70,144
534,15,178,35,70,151,168,112,216,47
534,16,218,23,216,66,109,131,50,92
534,17,182,82,188,112,165,71,116,10
534,18,158,174,60,154,104,30,37,14
534,19,158,186,236,235,254,149,188,32
534,20,47,144,78,213,103,17,245,244
534,21,135,112,43,53,80,232,49,121
534,22,49,129,43,50,44,76,179,141
534,23,233,5,133,26,197,205,244,129
534,24,182,197,187,22,69,177,201,87
534,25,10,117,63,2,206,34,226,82
534,26,110,85,95,119,200,185,62,9
534,27,70,24,56,175,167,244,254,179
534,28,218,204,158,62,100,50,109,208
534,29,184,34,74,175,121,113,71,53
534,30,147,14,158,132,160,131,37,60
534,31,152,149,172,74,235,90,158,72
534,32,52,121,138,54,214,6,160,11
534,33,255,173,19,239,115,197,227,128
534,34,32,163,99,234,223,192,137,170
534,35,215,234,65,133,104,233,217,140
534,36,103,148,127,219,137,97,51,101
534,37,165,54,24,173,152,148,243,13
534,38,37,23,43,228,117,223,83,104
534,39,42,155,193,166,164,152,81,67
535,0,19,116,5,198,239,21,240,250
535,1,82,228,241,209,197,208,5,186
535,2,215,85,144,186,199,73,98,195
535,3,185,57,40,96,181,72,252,52
535,4,22,137,238,100,68,178,111,80
535,5,206,126,80,173,60,192,196,245
535,6,11,229,40,67,234,213,66,117
535,7,252,6,83,53,157,126,206,72
535,8,144,22,40,63,244,232,13,25
535,9,100,160,89,35,233,218,183,49
535,10,131,89,162,50,70,90,208,82
535,11,83,124,179,244,100,123,237,184
535,12,40,13,239,23,189,75,180,4
535,13,162,240,90,223,10,82,201,213
535,14,21,212,3,223,35,213,143,17
535,15,107,246,42,92,15,64,70,151
535,16,76,77,223,84,251,142,141,23
535,17,2,81,121,184,47,82,145,73
535,18,121,147,120,51,158,20,202,174
535,19,186,49,149,125,172,94,254,103
535,20,144,213,232,63,149,211,199,254
535,21,49,160,100,218,169,214,53,79
535,22,131,221,13,76,168,11,179,89
535,23,83,123,244,26,237,243,230,40
535,24,87,48,200,69,228,25,255,36
535,25,162,10,2,63,188,233,82,226
535,26,110,185,3,85,212,56,100,223
535,27,175,24,107,89,70,47,247,139
535,28,77,218,62,204,142,23,76,175
535,29,184,2,97,81,51,74,247,34
535,30,147,158,174,42,121,14,76,160
535,31,149,200,103,152,0,172,74,19
535,32,138,121,228,6,23,52,54,225
535,33,76,78,255,19,128,4,98,77
535,34,163,151,99,174,36,108,106,228
535,35,234,215,104,101,65,248,233,91
535,36,69,148,230,112,224,127,219,101
535,37,230,152,54,148,24,127,51,71
535,38,117,83,223,17,23,134,159,11
535,39,107,193,211,22,47,235,170,53
536,0,119,125,9,186,227,118,221,213
536,1,207,247,104,196,194,235,160,159
536,2,215,50,85,73,144,48,14,154
536,3,83,200,102,192,140,160,238,203
536,4,16,247,150,83,61,146,187,229
536,5,206,166,109,243,231,51,122,175
536,6,182,180,230,64,37,170,141,11
536,7,198,242,113,99,178,201,126,234
536,8,122,144,22,213,25,244,148,40
536,9,49,109,100,233,45,229,183,245
536,10,4,188,33,69,118,50,206,192
536,11,179,83,205,246,243,254,127,123
536,12,11,48,28,69,188,255,136,243
536,13,179,10,241,184,68,2,110,253
536,14,40,185,81,55,3,34,223,200
536,15,70,36,47,107,254,34,140,168
536,16,141,216,76,49,66,175,109,100
536,17,81,82,188,121,2,111,247,65
536,18,158,147,121,174,30,193,51,42
536,19,186,200,1,94,242,153,194,138
536,20,144,122,213,232,245,209,40,199
536,21,109,49,158,135,163,100,80,141
536,22,177,44,145,71,129,144,21,151
536,23,83,179,129,233,127,26,246,5
536,24,169,224,127,214,141,6,48,243
536,25,206,117,141,57,161,67,82,172
536,26,110,142,200,104,195,127,91,185
536,27,70,56,89,254,20,247,2,93
536,28,50,158,175,76,204,225,192,100
536,29,232,34,125,97,71,171,113,136
536,30,120,174,160,14,132,42,60,3
536,31,74,32,255,158,93,160,209,176
536,32,149,101,54,52,111,13,24,203
536,33,243,108,197,115,64,98,128,67
536,34,32,36,108,174,137,142,201,105
536,35,65,215,64,104,233,127,234,211
536,36,168,80,208,69,137,101,112,143
536,37,130,230,54,148,198,71,226,178
536,38,223,252,117,228,159,23,227,11
536,39,21,218,90,115,91,132,103,164
537,0,255,246,34,168,206,181,251,149
537,1,148,136,99,36,122,159,105,110
537,2,231,144,196,99,73,85,215,1
537,3,145,253,86,68,222,244,1,85
537,4,66,227,150,69,87,21,184,187
537,5,243,215,160,25,57,21,56,162
537,6,214,124,11,230,199,225,160,98
537,7,160,155,194,213,165,195,148,142
537,8,144,81,91,244,92,148,22,223
537,9,135,127,63,235,232,194,71,100
537,10,78,43,144,23,14,96,136,249
537,11,181,42,58,226,24,45,61,34
537,12,251,25,139,189,239,58,28,255
537,13,162,10,82,118,250,193,231,63
537,14,3,212,233,21,222,34,134,219
537,15,107,90,92,64,111,219,0,221
537,16,142,94,62,84,24,77,168,191
537,17,2,81,121,145,83,82,71,99
537,18,121,20,30,147,42,200,77,44
537,19,152,158,254,138,119,186,125,242
537,20,18,144,199,81,244,114,98,103
537,21,248,53,80,33,218,63,11,56
537,22,71,123,129,144,166,211,141,33
537,23,172,132,127,41,149,26,76,58
537,24,177,99,76,124,245,175,79,228
537,25,63,10,15,128,68,213,117,247
537,26,110,63,211,70,246,24,169,107
537,27,24,247,89,219,151,254,216,59
537,28,192,120,204,16,39,14,50,52
537,29,95,159,255,53,168,227,74,36
537,30,44,38,60,14,168,104,110,20
537,31,138,186,238,158,255,254,93,78
537,32,127,33,54,213,229,114,217,244
537,33,98,27,123,137,227,101,248,155
537,34,32,105,99,140,216,142,110,108
537,35,33,234,231,215,164,238,245,65
537,36,75,199,137,165,122,62,29,237
537,37,130,234,36,144,247,54,71,239
537,38,159,23,126,117,166,160,190,223
537,39,218,42,76,182,41,227,216,90
538,0,42,152,55,252,73,100,224,89
538,1,240,145,126,84,42,180,208,60
538,2,211,215,149,85,196,122,26,186
538,3,191,66,120,215,223,207,195,239
538,4,84,41,177,227,207,80,125,22
538,5,33,4,196,116,28,38,139,168
538,6,131,101,198,96,67,77,253,98
538,7,150,122,252,83,99,157,51,224
538,8,135,144,22,25,244,114,64,40
538,9,160,100,89,252,233,80,223,183
538,10,131,89,175,35,32,98,41,229
538,11,83,179,199,33,77,124,87,175
538,12,25,239,75,40,48,13,243,2
538,13,162,240,90,94,192,223,171,213
538,14,212,21,143,62,223,190,233,134
538,15,107,246,64,47,92,151,111,15
538,16,76,68,223,251,62,77,84,142
538,17,2,84,179,121,145,82,52,215
538,18,121,120,79,96,202,20,199,51
538,19,186,0,103,49,112,172,158,125
538,20,144,135,213,232,22,149,114,199
538,21,160,49,100,109,218,233,248,58
538,22,131,89,175,70,71,229,98,74
538,23,83,77,43,25,162,132,199,179
538,24,243,248,75,189,224,228,69,24
538,25,162,63,10,2,67,223,44,3
538,26,3,110,254,212,85,21,104,195
538,27,45,175,86,247,141,34,51,254
538,28,175,68,18,76,251,77,204,11
538,29,121,74,249,97,71,194,175,184
538,30,120,229,174,160,37,14,132,42
538,31,10,186,16,177,176,74,56,255
538,32,54,51,43,129,5,160,203,164
538,33,128,243,197,98,115,153,19,180
538,34,32,159,241,99,108,105,142,192
538,35,215,95,217,164,140,233,33,209
538,36,75,123,165,69,208,219,101,133
538,37,130,230,54,252,70,247,51,118
538,38,228,159,17,42,171,193,184,11
538,39,218,107,101,90,22,5,169,216
539,0,154,1,219,0,248,217,201,8
539,1,116,15,41,6,31,220,237,161
539,2,160,137,96,48,54,215,97,9
539,3,72,184,159,213,63,109,57,190
539,4,26,52,63,56,41,22,10,238
539,5,36,126,9,216,196,246,99,122
539,6,252,234,253,141,198,131,229,233
539,7,149,18,53,251,83,11,252,126
539,8,144,22,108,244,135,25,114,251
539,9,100,31,89,218,80,7,157,183
539,10,131,221,89,74,42,106,254,105
539,11,184,118,244,83,77,254,124,123
539,12,75,131,109,248,48,180,25,121
539,13,240,192,162,223,90,68,118,193
539,14,85,92,212,219,34,81,166,68
539,15,97,70,219,151,92,124,64,216
539,16,251,76,68,84,77,62,218,216
539,17,184,2,82,125,179,121,55,84
539,18,121,120,74,42,96,30,202,51
539,19,149,49,15,186,94,1,119,68
539,20,144,213,199,22,232,114,149,202
539,21,121,49,100,218,233,80,77,56
539,22,221,89,131,74,105,182,70,71
539,23,244,118,173,26,77,83,45,226
539,24,248,75,109,69,98,87,195,131
539,25,10,2,223,240,67,90,44,193
539,26,85,3,200,68,92,215,24,129
539,27,70,175,128,208,56,244,136,151
539,28,175,114,18,204,224,42,216,79
539,29,94,184,74,121,247,10,71,116
539,30,174,42,158,14,100,37,131,132
539,31,49,74,227,152,72,177,186,161
539,32,161,148,138,54,170,213,6,11
539,33,147,98,90,115,52,255,27,113
539,34,45,226,159,32,163,120,99,137
539,35,119,215,9,77,213,105,86,225
539,36,12,165,130,219,237,51,112,143
539,37,100,198,54,120,108,156,245,133
539,38,193,11,23,159,17,73,18,248
539,39,107,21,193,22,8,196,136,83
540,0,230,45,38,149,217,224,34,215
540,1,237,220,148,222,136,229,159,212
540,2,30,206,28,197,9,202,69,99
540,3,68,86,28,127,253,1,49,145
540,4,64,39,87,176,21,31,97,229
540,5,189,215,25,243,20,21,179,234
540,6,214,231,248,199,119,190,77,98
540,7,136,213,160,155,148,241,141,159
540,8,81,91,92,197,223,244,144,166
540,9,194,12,135,155,71,63,136,209
540,10,78,127,144,249,14,44,160,60
540,11,34,152,22,193,226,80,148,12
540,12,113,78,91,77,251,124,24,167
540,13,63,57,64,234,35,221,167,139
540,14,193,166,216,150,254,209,3,34
540,15,82,72,107,2,45,228,191,184
540,16,74,142,94,236,77,41,218,90
540,17,81,2,175,83,127,82,121,34
540,18,121,147,61,30,20,186,24,67
540,19,152,150,119,138,123,94,178,227
540,20,78,247,144,110,114,49,199,244
540,21,88,22,49,246,136,56,85,209
540,22,160,180,51,208,52,168,241,210
540,23,57,80,122,26,97,147,182,233
540,24,19,201,132,127,95,122,217,195
540,25,15,156,10,41,106,192,250,50
540,26,59,235,24,222,68,120,193,186
540,27,196,210,123,199,44,157,202,219
540,28,74,2,211,188,79,94,131,216
540,29,150,121,153,116,163,154,34,122
540,30,115,119,61,22,160,21,60,100
540,31,138,63,241,171,158,24,227,153
540,32,33,240,107,148,97,244,68,205
540,33,192,166,16,215,123,113,15,209
540,34,16,45,105,211,173,209,177,112
540,35,59,108,180,86,198,127,115,186
540,36,110,165,134,127,245,172,128,83
540,37,165,8,108,116,244,160,92,37
540,38,37,103,222,166,206,43,190,17
540,39,42,166,87,107,106,191,118,155
541,0,19,116,5,198,239,21,250,240
541,1,82,241,228,209,186,63,220,222
541,2,206,30,197,222,69,28,66,180
541,3,185,57,139,96,181,52,245,141
541,4,22,10,238,100,111,244,217,137
541,5,189,206,126,80,196,9,173,116
541,6,229,234,188,233,66,67,4,220
541,7,83,53,252,157,122,6,95,150
541,8,144,216,13,22,244,25,135,251
541,9,100,160,89,35,222,252,233,86
541,10,131,74,89,141,35,199,241,105
541,11,83,26,43,124,77,100,244,199
541,12,248,75,40,239,189,25,87,255
541,13,162,192,240,90,223,63,214,171
541,14,3,92,233,57,30,212,21,223
541,15,107,70,246,92,15,64,191,47
541,16,76,84,223,251,77,142,94,175
541,17,2,81,121,84,82,125,74,215
541,18,121,147,174,120,20,30,51,88
541,19,186,49,125,152,94,172,254,138
541,20,144,213,89,40,232,63,135,149
541,21,49,100,160,58,77,135,121,218
541,22,131,74,113,89,13,83,175,70
541,23,123,83,174,233,77,203,243,26
541,24,248,243,228,25,48,64,69,28
541,25,63,162,10,2,71,193,67,141
541,26,3,21,110,100,91,222,200,212
541,27,24,107,39,70,247,191,175,151
541,28,62,32,94,102,175,204,127,120
541,29,94,81,247,2,108,121,184,83
541,30,131,174,158,147,22,121,0,42
541,31,152,49,72,139,128,227,57,74
541,32,148,161,6,54,138,133,11,186
541,33,90,132,136,115,72,98,29,238
541,34,45,20,159,241,163,120,38,103
541,35,86,104,128,101,149,64,248,119
541,36,93,115,69,224,143,230,171,101
541,37,100,101,130,175,36,127,74,123
541,38,196,42,61,143,67,11,254,21
541,39,107,193,163,106,236,206,192,45
542,0,113,142,166,97,123,150,154,197
542,1,34,26,199,59,62,132,11,225
542,2,227,59,4,162,17,127,50,30
542,3,31,42,76,211,135,84,37,121
542,4,17,161,131,241,167,214,102,19
542,5,10,161,104,206,204,51,134,243
542,6,230,180,167,243,83,62,121,178
542,7,40,242,91,23,29,112,99,156
542,8,89,56,105,57,115,113,180,150
542,9,49,39,94,29,228,13,230,59
542,10,113,142,130,133,62,199,175,69
542,11,203,174,243,185,20,107,241,251
542,12,255,87,28,27,177,69,98,239
542,13,10,97,29,152,15,2,206,162
542,14,3,223,95,34,91,200,105,21
542,15,24,107,65,39,175,168,150,2
542,16,24,127,94,9,142,168,120,100
542,17,195,81,2,193,121,108,82,34
542,18,20,121,30,131,147,90,42,88
542,19,72,152,172,158,153,128,1,227
542,20,144,110,213,36,199,114,89,245
542,21,39,49,85,217,94,100,218,214
542,22,62,83,113,142,13,39,240,141
542,23,203,42,83,133,123,26,172,174
542,24,228,251,64,177,48,25,188,42
542,25,63,15,2,10,162,213,75,188
542,26,21,222,233,100,70,200,107,24
542,27,24,107,65,39,254,89,37,47
542,28,94,62,120,32,127,216,50,204
542,29,81,132,2,65,247,195,83,108
542,30,22,142,131,121,205,42,147,105
542,31,130,128,186,72,117,187,240,171
542,32,96,148,186,6,68,215,155,124
542,33,190,119,238,136,232,215,55,86
542,34,88,45,180,204,196,207,236,142
542,35,86,153,66,227,230,104,108,219
542,36,207,166,8,130,224,64,230,171
542,37,115,31,77,176,36,175,130,54
542,38,93,255,159,6,184,161,196,233
542,39,68,114,241,9,47,45,225,48
543,0,6,83,59,130,108,88,57,135
543,1,238,152,78,213,110,38,158,105
543,2,198,64,134,87,239,8,127,36
543,3,106,250,246,121,210,110,29,8
543,4,17,254,61,171,7,25,62,249
543,5,29,87,166,72,207,109,243,160
543,6,166,193,28,81,221,76,164,181
543,7,91,40,164,112,162,156,234,136
543,8,249,93,166,199,37,202,119,6
543,9,152,49,69,183,80,199,147,56
543,10,228,167,88,104,133,175,96,62
543,11,39,38,203,41,162,127,180,123
543,12,144,190,189,136,177,218,0,197
543,13,10,227,91,68,84,82,70,2
543,14,213,219,223,34,91,95,81,110
543,15,36,39,24,107,56,219,45,65
543,16,127,88,66,216,223,49,112,24
543,17,195,2,81,121,82,168,34,65
543,18,131,20,121,147,30,217,60,42
543,19,72,158,32,229,166,153,1,200
543,20,122,17,217,216,144,245,106,116
543,21,69,63,49,233,182,214,235,135
543,22,179,228,144,71,78,210,167,115
543,23,102,34,40,51,38,233,39,226
543,24,228,169,190,144,177,165,251,61
543,25,63,227,10,193,70,99,15,184
543,26,110,200,91,119,70,107,181,79
543,27,254,24,56,93,167,141,244,59
543,28,88,216,50,158,218,66,210,62
543,29,74,167,53,34,168,247,195,95
543,30,60,166,100,37,42,125,146,30
543,31,10,186,194,188,207,238,1,158
543,32,60,121,124,63,49,54,244,160
543,33,33,255,108,123,137,225,197,115
543,34,192,108,142,140,184,38,243,40
543,35,38,215,95,33,52,117,48,65
543,36,112,130,161,69,178,51,219,208
543,37,239,218,243,38,242,130,125,148
543,38,23,204,228,210,98,49,117,77
543,39,180,218,96,175,56,66,223,185
544,0,0,148,189,217,12,184,55,222
544,1,197,204,5,103,161,130,165,55
544,2,32,198,254,54,124,6,190,104
544,3,184,207,159,81,107,115,109,198
544,4,137,41,178,125,5,51,169,101
544,5,36,72,33,126,245,195,192,117
544,6,205,28,11,170,141,47,46,193
544,7,149,18,59,139,251,226,6,15
544,8,144,25,244,114,108,202,44,32
544,9,31,100,149,183,233,177,222,141
544,10,221,131,167,104,90,50,41,38
544,11,184,244,118,83,123,38,173,127
544,12,180,131,94,189,255,190,239,87
544,13,162,240,115,82,227,68,2,185
544,14,85,212,34,213,68,223,219,107
544,15,97,107,59,219,216,160,175,15
544,16,76,77,84,218,251,66,62,23
544,17,184,2,82,121,55,34,165,232
544,18,121,30,42,147,137,74,136,9
544,19,254,49,149,194,158,15,144,186
544,20,144,213,202,119,149,199,244,10
544,21,121,218,80,177,56,49,33,230
544,22,221,167,104,73,92,71,229,131
544,23,118,244,26,133,154,240,173,87
544,24,131,87,255,177,247,121,2,200
544,25,10,115,162,82,213,117,2,49
544,26,110,34,85,91,119,95,114,206
544,27,59,219,247,128,47,254,34,107
544,28,18,204,50,218,84,216,100,62
544,29,184,34,214,95,121,97,53,247
544,30,166,40,42,37,160,30,230,111
544,31,10,186,194,246,254,161,90,173
544,32,121,138,160,35,51,11,177,0
544,33,147,225,255,84,137,99,248,197
544,34,226,68,32,163,162,231,209,172
544,35,121,119,9,234,238,248,230,215
544,36,51,178,137,127,237,12,112,161
544,37,198,252,62,54,51,133,195,56
544,38,23,193,11,182,138,17,159,49
544,39,107,193,21,22,83,196,115,152
545,0,230,94,45,38,149,174,16,67
545,1,177,197,208,5,148,136,212,229
545,2,215,85,144,73,186,202,231,181
545,3,40,222,86,49,28,253,246,127
545,4,31,229,23,39,87,168,176,69
545,5,57,21,162,234,179,215,25,124
545,6,214,11,41,110,205,231,193,244
545,7,141,160,148,104,209,206,247,188
545,8,11,91,81,166,197,244,138,250
545,9,135,63,127,71,183,12,122,53
545,10,43,179,96,145,50,127,167,14
545,11,22,167,177,143,144,76,162,74
545,12,78,182,216,137,29,177,24,170
545,13,227,82,68,161,193,213,34,115
545,14,110,213,223,219,34,212,57,79
545,15,178,243,126,196,136,59,244,191
545,16,66,16,88,37,158,18,247,216
545,17,2,125,82,116,165,59,112,171
545,18,154,104,30,60,217,199,121,37
545,19,32,158,235,10,194,207,138,246
545,20,216,47,17,24,144,244,205,40
545,21,112,135,53,113,33,220,11,43
545,22,49,93,11,179,228,104,78,221
545,23,51,233,167,224,244,87,38,26
545,24,228,214,177,200,114,190,87,165
545,25,115,161,63,2,226,68,10,70
545,26,110,9,119,27,251,206,70,200
545,27,247,167,175,219,179,59,66,124
545,28,218,158,18,208,89,29,247,84
545,29,184,74,34,53,214,97,95,194
545,30,14,229,160,3,30,110,42,136
545,31,194,186,246,90,32,48,254,195
545,32,121,24,51,160,54,133,43,217
545,33,255,177,227,225,197,123,137,115
545,34,32,163,159,36,140,137,31,108
545,35,215,9,149,155,94,5,234,119
545,36,97,112,137,237,122,69,208,75
545,37,36,54,116,252,133,204,118,13
545,38,37,23,138,11,104,245,174,65
545,39,193,166,42,81,76,106,152,73
546,0,19,116,5,198,21,239,240,250
546,1,228,82,241,209,197,208,5,186
546,2,215,85,186,144,73,199,98,50
546,3,185,57,40,96,181,72,52,241
546,4,137,238,22,100,178,68,111,52
546,5,206,126,80,195,168,196,107,33
546,6,11,40,229,101,67,193,213,234
546,7,53,6,252,83,126,206,149,178
546,8,144,216,22,40,244,25,114,13
546,9,100,160,89,233,183,31,229,35
546,10,131,104,89,50,162,70,49,221
546,11,83,124,184,244,164,100,127,245
546,12,40,189,239,180,13,75,212,248
546,13,162,240,115,90,223,10,82,190
546,14,213,212,190,21,3,223,85,233
546,15,107,246,15,92,64,219,53,151
546,16,76,84,251,77,101,142,141,223
546,17,2,184,81,121,45,82,145,106
546,18,121,120,147,51,202,30,199,20
546,19,49,194,254,186,149,125,103,172
546,20,144,213,216,232,40,211,63,149
546,21,160,49,53,100,218,79,147,214
546,22,131,179,221,168,13,78,206,90
546,23,123,83,244,246,26,230,237,82
546,24,200,87,228,69,36,190,25,48
546,25,115,10,162,2,63,188,226,233
546,26,110,185,56,3,70,21,212,200
546,27,175,247,89,107,174,141,47,154
546,28,18,218,158,101,204,247,84,142
546,29,184,2,97,53,51,34,247,214
546,30,147,42,121,40,160,100,111,14
546,31,152,186,194,94,149,246,172,36
546,32,121,48,6,35,245,138,133,214
546,33,225,136,255,47,55,98,90,197
546,34,163,175,120,36,113,46,241,98
546,35,94,86,5,9,149,248,215,182
546,36,69,97,67,112,122,230,93,143
546,37,43,100,36,127,152,51,232,91
546,38,23,210,242,143,254,248,233,77
546,39,107,193,115,155,118,17,73,218
547,0,130,179,168,145,164,150,154,101
547,1,139,106,64,216,87,123,78,151
547,2,215,85,40,144,111,73,50,175
547,3,142,59,135,46,107,8,52,160
547,4,241,151,131,191,181,198,130,110
547,5,231,103,176,37,175,167,212,112
547,6,67,6,247,140,95,115,64,170
547,7,129,121,126,99,226,217,234,95
547,8,144,37,166,93,199,48,244,25
547,9,69,49,233,231,183,117,80,17
547,10,228,69,192,167,104,77,175,2
547,11,174,243,164,127,203,40,83,123
547,12,11,190,28,180,255,177,136,200
547,13,10,115,152,241,121,70,177,82
547,14,213,185,3,34,223,81,197,200
547,15,24,131,47,243,107,156,168,89
547,16,127,76,180,49,18,92,182,120
547,17,195,168,121,11,2,82,34,116
547,18,131,20,42,30,90,147,60,121
547,19,72,194,91,153,158,178,1,32
547,20,120,106,40,216,245,144,103,24
547,21,69,53,135,214,49,233,79,182
547,22,24,252,49,60,13,78,179,240
547,23,123,34,127,38,16,51,26,210
547,24,228,190,110,251,214,200,254,197
547,25,63,10,2,70,117,185,15,193
547,26,110,62,70,21,119,222,107,34
547,27,24,39,23,254,175,203,45,89
547,28,62,13,50,158,216,204,181,120
547,29,2,132,34,53,247,95,145,108
547,30,188,121,142,147,42,22,100,51
547,31,152,194,186,128,94,240,246,1
547,32,102,48,245,68,215,6,51,63
547,33,55,224,136,107,126,225,121,98
547,34,67,175,64,120,236,163,208,220
547,35,94,129,5,2,85,187,227,161
547,36,67,195,156,2,143,36,157,139
547,37,43,7,36,60,135,232,195,127
547,38,163,23,230,255,93,100,140,242
547,39,138,246,114,1,215,206,222,115
548,0,127,85,18,49,153,146,58,112
548,1,43,29,30,123,66,4,235,57
548,2,169,40,111,215,164,152,22,15
548,3,116,20,171,51,55,141,203,121
548,4,215,228,12,159,150,120,49,254
548,5,249,169,231,56,134,122,82,37
548,6,166,37,180,136,170,191,81,193
548,7,40,56,126,234,217,156,104,164
548,8,120,144,37,25,166,213,114,251
548,9,224,182,49,183,233,199,100,124
548,10,24,218,212,69,210,104,167,206
548,11,114,127,187,38,40,162,183,192
548,12,190,11,144,28,48,189,200,255
548,13,10,38,91,162,193,227,82,70
548,14,46,21,180,34,110,185,81,212
548,15,36,24,107,39,47,93,117,168
548,16,137,216,223,142,62,94,49,23
548,17,2,121,195,81,218,145,168,65
548,18,121,20,147,188,3,30,42,88
548,19,91,186,194,233,152,158,1,153
548,20,144,120,213,114,40,106,199,36
548,21,218,100,248,128,8,228,79,214
548,22,131,218,145,13,21,71,123,199
548,23,114,26,138,75,127,124,233,34
548,24,228,224,190,104,69,177,64,25
548,25,63,162,2,10,38,227,3,67
548,26,110,21,62,107,212,208,70,34
548,27,141,175,24,45,247,93,117,151
548,28,137,175,204,158,50,169,182,142
548,29,2,218,34,53,125,97,121,145
548,30,121,100,147,40,166,20,42,125
548,31,194,186,152,94,238,254,1,28
548,32,221,68,245,102,51,6,215,11
548,33,121,168,136,55,224,205,57,245
548,34,81,208,55,204,67,236,144,64
548,35,39,99,129,56,227,183,86,0
548,36,49,156,157,195,119,8,176,15
548,37,7,15,82,219,193,20,115,140
548,38,230,139,80,93,14,32,47,76
548,39,72,244,114,183,68,36,250,206
549,0,136,14,78,241,122,56,89,68
549,1,126,252,29,63,221,228,240,165
549,2,194,236,23,68,212,209,196,186
549,3,20,166,203,134,100,45,141,227
549,4,253,12,49,228,79,196,92,249
549,5,174,56,122,243,230,82,92,29
549,6,62,193,37,194,136,191,47,11
549,7,11,85,217,104,126,164,206,234
549,8,22,157,120,144,148,114,6,37
549,9,100,49,233,183,250,60,80,218
549,10,68,50,12,90,211,151,192,95
549,11,64,248,126,40,198,138,34,110
549,12,99,164,79,255,113,189,24,137
549,13,42,10,162,82,63,68,242,233
549,14,81,223,91,95,118,40,79,129
549,15,70,244,24,93,89,25,117,179
549,16,127,247,137,18,49,218,177,210
549,17,195,185,168,112,182,165,116,167
549,18,131,104,217,199,60,42,206,156
549,19,72,229,32,158,207,1,227,244
549,20,17,139,127,78,245,81,142,168
549,21,63,232,182,113,62,158,56,43
549,22,199,12,211,179,240,43,60,151
549,23,224,248,40,233,26,127,45,173
549,24,228,214,69,177,112,234,99,72
549,25,63,42,117,68,161,2,184,224
549,26,149,8,107,95,215,24,217,68
549,27,24,244,220,89,254,167,174,156
549,28,158,247,218,50,177,62,216,137
549,29,185,53,112,97,168,95,82,34
549,30,72,14,151,121,40,100,131,193
549,31,207,194,186,32,177,254,227,72
549,32,224,51,24,245,52,115,35,203
549,33,63,136,156,168,55,18,245,173
549,34,152,159,55,192,104,98,8,108
549,35,193,39,95,129,64,86,189,215
549,36,251,224,165,143,97,130,208,169
549,37,7,50,36,240,3,130,244,38
549,38,14,23,63,230,173,146,143,31
549,39,114,85,45,206,106,185,170,192
550,0,4,36,134,29,136,72,248,46
550,1,254,221,101,143,240,22,126,60
550,2,194,182,236,139,201,23,212,95
550,3,243,242,154,144,2,32,228,241
550,4,253,149,134,77,22,4,132,75
550,5,82,95,60,206,164,233,243,213
550,6,62,152,233,32,136,180,213,66
550,7,252,11,6,178,126,85,198,48
550,8,144,22,63,135,114,232,27,213
550,9,100,49,218,160,134,225,229,196
550,10,32,131,233,180,54,95,175,117
550,11,83,241,248,37,97,33,124,199
550,12,25,110,119,28,239,234,166,189
550,13,162,10,185,90,42,0,201,229
550,14,3,21,212,233,143,123,34,223
550,15,107,221,64,246,138,142,70,151
550,16,76,62,142,158,84,94,169,77
550,17,81,2,49,121,145,185,103,125
550,18,121,20,147,30,100,153,151,66
550,19,49,186,6,152,125,94,254,172
550,20,213,144,36,114,237,254,199,232
550,21,100,49,218,248,8,160,214,128
550,22,131,95,233,219,32,12,168,13
550,23,183,248,124,241,83,230,26,48
550,24,228,25,87,104,110,119,48,175
550,25,63,10,162,42,209,67,193,188
550,26,3,110,21,208,107,31,190,212
550,27,24,79,107,151,47,39,174,254
550,28,102,94,218,175,247,62,18,50
550,29,78,185,94,49,61,2,145,125
550,30,121,0,66,162,151,166,40,131
550,31,207,152,186,139,194,94,254,72
550,32,161,140,245,75,51,52,24,173
550,33,161,103,133,5,55,136,63,104
550,34,227,109,159,152,103,204,44,55
550,35,129,74,187,86,148,155,209,128
550,36,48,55,251,143,115,148,130,112
550,37,7,36,4,20,126,232,16,77
550,38,23,242,14,124,254,255,177,230
550,39,114,73,224,235,22,222,106,206
551,0,134,70,220,159,50,116,69,36
551,1,254,157,37,44,230,88,206,154
551,2,132,235,203,72,166,97,75,227
551,3,162,76,138,239,33,32,90,51
551,4,44,253,221,134,77,173,148,101
551,5,82,164,95,243,230,233,122,123
551,6,62,180,136,233,37,32,66,20
551,7,11,85,126,178,198,191,48,223
551,8,144,22,150,114,251,64,3,213
551,9,49,100,218,229,225,157,101,124
551,10,131,12,95,191,242,175,180,32
551,11,220,248,83,241,97,163,124,30
551,12,228,190,28,175,119,255,200,110
551,13,10,162,185,97,241,16,190,110
551,14,3,223,110,91,21,200,95,47
551,15,24,107,70,151,175,131,142,34
551,16,127,193,76,142,204,169,158,94
551,17,195,125,81,2,108,121,82,34
551,18,131,20,151,30,42,121,147,99
551,19,72,6,227,254,152,1,85,229
551,20,89,245,144,110,36,17,213,56
551,21,49,182,98,252,158,218,56,8
551,22,113,240,13,216,179,199,83,168
551,23,123,26,40,83,116,241,38,220
551,24,228,127,200,175,48,177,152,205
551,25,63,10,15,162,97,188,2,68
551,26,3,21,222,212,100,149,34,208
551,27,24,39,107,47,174,128,219,154
551,28,196,193,94,32,7,62,84,218
551,29,61,94,2,21,81,145,49,95
551,30,0,22,121,205,76,200,131,24
551,31,4,205,72,152,139,112,128,57
551,32,161,125,140,6,245,215,131,85
551,33,95,132,238,86,102,215,55,90
551,34,96,44,238,62,240,20,207,72
551,35,160,108,74,148,57,86,129,190
551,36,115,156,227,93,98,142,19,171
551,37,78,27,175,169,36,101,16,19
551,38,169,119,255,251,18,215,159,16
551,39,231,117,179,206,129,163,128,218
552,0,123,249,229,196,7,216,105,101
552,1,150,225,231,27,93,11,20,54
552,2,4,227,162,17,103,163,210,109
552,3,152,31,133,187,84,176,235,231
552,4,13,236,142,167,214,102,222,251
552,5,104,193,161,6,204,112,186,243
552,6,167,180,153,62,61,83,93,107
552,7,29,23,112,126,216,231,196,234
552,8,89,234,105,180,56,115,114,100
552,9,49,94,29,228,164,118,124,60
552,10,130,169,113,1,175,69,210,248
552,11,189,241,161,185,248,38,243,251
552,12,63,255,26,28,87,110,190,175
552,13,97,10,43,162,147,82,4,29
552,14,3,20,233,212,222,124,34,223
552,15,24,107,81,175,221,0,64,59
552,16,120,84,168,94,142,76,9,24
552,17,81,172,193,2,108,195,121,61
552,18,121,20,30,42,147,179,187,39
552,19,72,6,152,130,254,138,227,125
552,20,144,234,89,110,213,36,149,199
552,21,29,94,49,218,85,100,31,56
552,22,83,113,169,131,180,13,210,75
552,23,189,133,42,172,83,26,123,161
552,24,48,87,228,64,63,25,26,200
552,25,63,162,15,10,43,213,147,68
552,26,100,21,3,233,124,212,34,222
552,27,24,107,81,162,200,39,89,37
552,28,5,94,133,32,7,9,84,196
552,29,2,172,250,81,76,83,145,168
552,30,22,179,187,205,121,0,200,68
552,31,109,130,205,128,171,4,112,72
552,32,98,161,99,192,68,215,134,128
552,33,126,183,86,73,215,238,55,232
552,34,84,96,207,180,62,86,101,236
552,35,160,57,108,153,129,145,183,250
552,36,70,181,98,120,156,23,157,119
552,37,65,31,182,58,190,219,143,105
552,38,148,71,92,151,139,230,76,255
552,39,2,69,38,189,217,213,114,78
553,0,185,4,106,172,66,40,32,248
553,1,128,242,124,226,73,233,211,197
553,2,255,58,80,121,60,219,133,10
553,3,177,30,219,92,214,19,119,202
553,4,139,8,118,79,242,88,254,215
553,5,147,114,10,11,183,82,161,97
553,6,166,183,16,180,208,11,179,43
553,7,101,30,109,19,196,145,67,126
553,8,110,114,180,234,56,167,112,119
553,9,49,178,85,156,151,19,93,98
553,10,142,161,163,62,178,22,141,34
553,11,27,181,195,69,66,41,156,163
553,12,138,191,193,124,155,48,69,43
553,13,10,15,168,68,86,162,29,82
553,14,21,212,136,34,150,3,223,233
553,15,103,107,24,120,100,219,39,47
553,16,185,24,94,179,181,96,228,119
553,17,108,2,195,81,155,153,145,167
553,18,158,22,121,20,30,42,131,200
553,19,72,241,171,178,233,222,28,227
553,20,110,185,144,180,114,168,17,103
553,21,178,85,49,100,124,156,229,218
553,22,142,178,163,105,13,180,166,162
553,23,69,27,195,18,83,130,181,26
553,24,81,48,25,116,191,204,139,42
553,25,63,15,113,250,162,176,229,10
553,26,233,21,100,146,161,130,212,38
553,27,103,107,100,129,24,37,139,122
553,28,179,94,185,106,170,228,73,216
553,29,153,2,155,188,8,83,165,48
553,30,22,68,158,6,121,29,200,159
553,31,241,63,28,233,171,228,117,30
553,32,17,42,194,107,68,89,213,215
553,33,23,214,94,16,117,166,245,215
553,34,12,58,247,45,187,19,54,141
553,35,99,108,28,194,56,181,202,227
553,36,23,8,253,157,0,129,34,217
553,37,164,84,82,35,7,75,105,153
553,38,136,230,22,76,34,79,139,128
553,39,68,16,23,146,114,174,241,145
554,0,82,181,251,107,99,68,39,221
554,1,119,89,237,190,154,220,9,92
554,2,194,5,69,99,28,81,56,80
554,3,17,65,173,121,145,49,9,240
554,4,120,133,139,79,227,20,182,150
554,5,82,174,114,147,183,141,68,159
554,6,56,11,16,243,194,109,179,180
554,7,30,126,19,195,28,255,110,198
554,8,114,25,68,144,22,64,161,226
554,9,49,100,85,178,229,60,124,218
554,10,68,142,22,178,210,241,164,212
554,11,64,181,56,242,69,173,40,130
554,12,48,189,139,245,83,116,239,121
554,13,164,162,230,10,250,68,236,158
554,14,21,212,136,233,40,154,223,114
554,15,103,107,120,100,122,219,175,110
554,16,185,228,179,94,14,218,49,142
554,17,26,2,153,145,195,167,165,108
554,18,55,158,22,121,33,30,20,174
554,19,237,241,28,225,171,72,186,94
554,20,185,110,144,114,81,168,138,218
554,21,85,124,122,100,47,56,209,178
554,22,68,178,142,234,71,166,105,208
554,23,64,93,207,56,69,181,149,249
554,24,81,127,48,116,139,42,95,82
554,25,164,192,63,113,176,250,200,162
554,26,235,146,118,161,21,233,131,119
554,27,116,100,107,103,129,122,20,241
554,28,179,185,94,228,20,106,73,170
554,29,26,153,83,8,2,165,188,141
554,30,55,68,22,158,100,200,29,121
554,31,237,241,171,63,150,30,28,243
554,32,224,197,206,178,107,68,42,101
554,33,179,156,201,16,245,40,217,18
554,34,49,217,213,247,141,188,196,58
554,35,224,244,214,108,28,202,56,194
554,36,255,23,24,129,157,239,176,189
554,37,50,82,153,7,35,14,147,57
554,38,146,79,34,230,76,106,86,189
554,39,85,177,203,13,130,114,10,160
555,0,212,41,109,65,136,24,86,218
555,1,154,190,165,119,226,95,63,28
555,2,5,194,56,77,139,69,80,99
555,3,30,177,17,42,167,112,101,186
555,4,133,149,139,216,180,150,194,74
555,5,82,31,183,213,147,23,100,178
555,6,243,56,16,42,180,43,166,183
555,7,253,19,30,61,101,79,196,28
555,8,157,220,180,247,103,110,52,77
555,9,240,85,22,49,156,98,197,47
555,10,142,178,17,222,114,234,63,72
555,11,186,49,93,69,195,202,27,156
555,12,138,206,191,81,193,95,166,132
555,13,164,15,113,10,111,142,168,99
555,14,40,146,83,222,46,131,21,219
555,15,116,24,103,110,100,107,37,240
555,16,185,179,228,24,94,168,78,158
555,17,157,108,104,153,155,78,212,195
555,18,22,158,68,33,20,130,115,30
555,19,225,28,241,237,171,72,30,186
555,20,157,110,185,180,144,114,199,244
555,21,240,85,120,156,47,151,98,56
555,22,17,142,178,234,116,105,63,222
555,23,156,93,69,181,202,64,49,209
555,24,81,95,127,139,138,116,48,191
555,25,164,113,176,192,236,250,21,63
555,26,40,146,235,161,131,118,231,119
555,27,116,100,107,213,129,103,37,54
555,28,179,201,185,170,94,228,138,73
555,29,157,8,104,78,153,83,2,188
555,30,68,22,158,29,237,200,100,2
555,31,225,241,28,63,171,30,228,243
555,32,75,197,116,107,206,178,68,42
555,33,18,59,182,206,16,103,40,245
555,34,11,213,247,227,217,49,141,205
555,35,244,214,224,108,202,99,28,210
555,36,23,251,157,255,24,129,239,48
555,37,50,14,7,35,153,82,200,147
555,38,124,230,34,79,76,106,47,146
555,39,203,177,13,114,85,62,130,116
556,0,151,134,124,72,192,4,250,199
556,1,230,49,154,101,85,88,157,22
556,2,246,5,117,3,115,194,247,177
556,3,177,213,30,189,132,101,112,194
556,4,44,180,243,192,105,93,77,196
556,5,183,236,115,178,82,120,251,2
556,6,243,56,161,42,157,43,171,185
556,7,253,79,167,30,14,101,28,196
556,8,220,159,178,110,246,150,86,180
556,9,85,49,240,98,47,197,156,14
556,10,142,178,222,9,234,72,8,114
556,11,93,85,49,3,186,59,145,66
556,12,138,81,191,116,193,134,210,237
556,13,15,113,10,230,111,192,168,250
556,14,40,83,146,222,46,131,161,47
556,15,24,100,122,107,39,142,129,233
556,16,185,24,94,168,190,193,158,228
556,17,157,108,195,153,104,193,78,81
556,18,250,22,68,30,131,90,204,158
556,19,225,28,241,85,186,171,72,178
556,20,110,185,180,159,103,144,88,199
556,21,85,98,151,47,14,49,218,117
556,22,142,178,9,222,234,242,168,195
556,23,85,93,202,66,116,59,69,40
556,24,81,127,116,95,229,138,177,191
556,25,113,192,176,230,21,63,15,118
556,26,40,146,235,131,231,161,118,10
556,27,37,100,217,39,150,129,210,20
556,28,190,73,78,106,170,94,32,179
556,29,157,153,21,8,211,141,78,83
556,30,250,158,22,63,68,115,204,151
556,31,241,63,28,228,30,171,117,243
556,32,76,18,85,148,240,123,107,140
556,33,95,11,198,166,56,16,6,215
556,34,72,240,45,64,44,238,195,220
556,35,191,185,108,148,59,190,99,187
556,36,142,23,227,119,125,26,39,248
556,37,126,78,135,48,27,15,175,67
556,38,80,119,30,139,255,215,9,234
556,39,244,183,92,72,122,250,158,203
557,0,119,22,118,117,227,187,93,80
557,1,169,16,133,81,183,107,13,66
557,2,246,149,130,247,117,238,142,253
557,3,188,132,2,228,221,170,216,213
557,4,105,122,119,123,228,180,139,55
557,5,61,114,183,236,81,31,23,172
557,6,243,90,3,56,16,114,161,157
557,7,253,131,79,14,108,158,28,167
557,8,112,103,120,180,110,159,247,65
557,9,240,85,178,206,19,22,49,98
557,10,163,142,229,178,222,234,253,46
557,11,18,142,85,69,49,3,186,116
557,12,106,67,81,138,193,35,203,189
557,13,200,113,192,111,15,99,219,230
557,14,40,146,38,83,46,131,235,10
557,15,241,103,110,240,100,233,24,122
557,16,185,78,149,106,96,170,179,137
557,17,153,88,157,155,236,108,10,145
557,18,6,22,158,33,63,162,115,68
557,19,241,28,225,233,63,19,30,171
557,20,185,112,110,180,159,28,42,230
557,21,240,85,178,206,252,47,56,117
557,22,163,234,178,229,42,142,118,173
557,23,18,181,142,207,49,228,69,17
557,24,81,106,67,127,195,116,18,229
557,25,192,176,200,113,118,4,124,75
557,26,40,146,10,38,235,161,231,118
557,27,241,44,103,217,100,37,240,107
557,28,106,78,185,73,149,170,94,179
557,29,153,102,155,157,201,8,65,173
557,30,6,22,33,158,68,115,84,29
557,31,63,241,28,233,51,38,117,171
557,32,75,240,17,89,116,18,68,76
557,33,168,166,11,16,182,6,215,94
557,34,12,205,9,187,19,45,58,81
557,35,132,59,108,49,7,115,0,99
557,36,253,119,83,8,22,23,157,49
557,37,84,175,78,220,48,15,193,145
557,38,139,255,80,136,88,215,230,22
557,39,23,72,241,68,16,9,158,244
558,0,68,185,226,198,10,117,171,250
558,1,82,79,241,154,228,98,202,63
558,2,237,246,5,45,253,72,194,101
558,3,132,221,188,213,30,228,25,194
558,4,8,139,242,105,133,228,55,182
558,5,223,114,183,61,236,172,251,178
558,6,56,3,114,157,243,42,129,16
558,7,253,131,158,14,66,76,79,108
558,8,185,173,220,112,110,77,61,80
558,9,206,19,85,240,49,98,47,122
558,10,163,234,187,142,10,178,229,222
558,11,207,18,142,3,106,49,69,116
558,12,81,67,138,106,193,35,203,189
558,13,113,200,192,176,111,242,100,245
558,14,40,146,207,10,235,231,38,131
558,15,241,103,110,44,25,122,52,62
558,16,185,232,106,149,158,170,78,73
558,17,153,155,157,88,245,212,108,10
558,18,33,6,63,22,162,115,199,158
558,19,63,241,28,233,225,30,244,250
558,20,185,110,112,68,127,100,237,228
558,21,206,19,85,240,122,47,252,248
558,22,163,173,234,154,211,60,178,118
558,23,181,18,228,142,207,109,253,34
558,24,81,106,127,67,97,229,124,167
558,25,192,176,200,113,234,124,118,226
558,26,10,40,146,38,118,235,231,106
558,27,103,217,241,44,100,124,156,122
558,28,106,232,185,149,73,78,179,170
558,29,153,155,201,102,65,48,157,173
558,30,6,84,33,22,40,68,158,97
558,31,63,241,233,30,117,75,19,243
558,32,17,37,175,240,68,89,199,187
558,33,23,16,166,214,117,94,72,55
558,34,58,182,187,12,112,19,54,137
558,35,7,59,108,84,115,129,127,86
558,36,245,83,8,253,176,23,22,119
558,37,164,175,84,36,7,105,97,219
558,38,136,22,255,209,230,47,76,58
558,39,16,23,68,78,146,145,106,222
559,0,122,151,223,4,76,124,50,72
559,1,153,48,190,98,49,28,233,115
559,2,47,237,253,3,185,152,5,13
559,3,25,132,197,159,199,118,184,112
559,4,192,133,109,250,180,66,233,51
559,5,251,14,223,183,81,178,62,3
559,6,56,243,75,79,2,114,171,157
559,7,253,32,35,76,14,205,30,171
559,8,185,110,220,194,246,61,178,56
559,9,85,49,8,197,198,87,183,104
559,10,173,234,154,242,10,159,187,178
559,11,201,85,109,19,106,17,3,235
559,12,81,131,249,192,134,76,12,193
559,13,113,176,192,100,15,118,242,124
559,14,10,40,235,146,231,83,106,45
559,15,52,83,44,122,245,174,119,146
559,16,106,185,232,73,22,179,190,224
559,17,153,157,53,108,104,10,161,116
559,18,33,169,115,85,226,22,199,83
559,19,63,241,225,217,229,19,168,176
559,20,185,123,127,110,17,192,36,115
559,21,210,248,232,60,122,118,56,85
559,22,173,127,234,154,211,240,118,166
559,23,181,228,11,109,82,93,28,85
559,24,81,97,76,169,195,140,153,232
559,25,176,192,112,149,157,124,95,132
559,26,10,40,118,146,45,95,235,62
559,27,217,52,62,44,46,124,156,245
559,28,106,22,73,215,88,179,232,217
559,29,153,18,29,124,213,62,201,157
559,30,33,169,151,84,79,158,85,98
559,31,241,63,188,49,217,150,72,38
559,32,240,187,109,148,123,142,252,9
559,33,231,16,95,166,252,61,237,132
559,34,112,138,233,45,22,202,162,194
559,35,59,54,191,192,108,9,43,115
559,36,22,83,145,205,168,245,171,9
559,37,198,61,175,123,25,108,130,2
559,38,120,132,149,193,23,140,87,236
559,39,21,91,106,224,166,39,47,151
560,0,168,255,135,246,216,206,34,181
560,1,16,162,133,107,174,134,94,154
560,2,253,0,152,19,218,167,52,20
560,3,240,41,190,225,173,53,86,27
560,4,250,89,87,184,150,5,23,176
560,5,215,234,32,21,160,25,89,180
560,6,214,199,206,77,254,21,207,124
560,7,253,142,143,247,200,47,136,165
560,8,185,144,81,244,91,114,235,148
560,9,135,246,49,71,232,184,127,235
560,10,14,96,145,23,43,78,240,136
560,11,42,181,88,177,56,254,58,4
560,12,78,88,126,58,139,189,76,70
560,13,10,162,15,63,236,118,82,177
560,14,40,212,3,219,34,197,222,223
560,15,107,37,2,175,243,219,216,90
560,16,168,218,24,158,120,94,216,225
560,17,195,2,157,121,81,246,82,253
560,18,121,30,20,42,60,243,9,24
560,19,254,186,138,119,194,152,94,72
560,20,144,244,18,199,110,114,81,139
560,21,113,136,63,229,158,149,56,218
560,22,215,219,211,71,123,212,142,118
560,23,172,102,26,88,87,76,149,41
560,24,200,195,177,201,82,27,141,36
560,25,63,15,10,2,117,206,68,236
560,26,40,119,146,3,56,107,70,8
560,27,24,219,27,128,199,115,2,175
560,28,94,7,204,106,248,223,218,98
560,29,157,247,213,81,94,121,153,255
560,30,174,22,158,90,204,30,200,33
560,31,241,254,139,128,187,29,97,171
560,32,148,161,240,140,186,96,76,213
560,33,132,166,237,227,90,223,152,238
560,34,45,202,38,44,61,194,103,241
560,35,86,9,74,59,108,33,231,152
560,36,115,237,122,145,102,143,165,9
560,37,239,54,36,233,6,120,108,34
560,38,159,166,255,23,70,112,42,191
560,39,200,76,106,198,55,80,146,223
561,0,42,25,252,5,116,45,170,165
561,1,16,162,107,154,134,133,174,46
561,2,253,167,218,152,19,0,97,20
561,3,41,240,53,184,190,118,107,103
561,4,250,9,188,132,192,219,87,159
561,5,14,178,89,223,252,236,251,62
561,6,56,2,75,157,77,101,79,43
561,7,253,254,47,133,200,204,205,149
561,8,185,150,56,110,36,142,211,178
561,9,160,8,85,49,247,87,141,118
561,10,173,139,234,142,244,47,178,187
561,11,120,184,201,106,70,109,93,17
561,12,81,249,131,97,237,134,201,12
561,13,192,113,15,176,56,10,214,118
561,14,10,146,118,83,40,235,45,190
561,15,119,44,142,84,47,2,25,130
561,16,185,106,193,24,168,127,158,94
561,17,153,157,108,195,104,212,161,168
561,18,90,33,131,151,22,30,38,204
561,19,241,225,72,189,28,63,19,138
561,20,185,110,81,244,77,10,180,123
561,21,85,98,60,158,49,56,135,47
561,22,142,173,178,13,118,105,77,39
561,23,203,93,40,123,42,106,201,228
561,24,81,200,195,141,48,112,228,128
561,25,15,206,220,192,213,159,10,68
561,26,40,222,146,8,34,10,208,21
561,27,39,24,27,107,37,129,96,119
561,28,94,32,7,106,181,225,204,195
561,29,157,132,83,213,255,21,81,247
561,30,22,205,142,200,204,132,90,121
561,31,241,128,171,4,225,151,209,218
561,32,186,148,96,161,215,122,192,247
561,33,132,238,166,86,215,90,223,237
561,34,241,45,197,180,240,101,207,9
561,35,153,160,108,86,145,74,191,187
561,36,98,115,143,142,120,23,156,103
561,37,233,175,250,169,126,16,86,186
561,38,255,7,169,61,159,72,196,251
561,39,75,117,146,163,235,166,179,122
562,0,113,97,166,210,142,205,150,123
562,1,34,26,199,59,62,158,107,132
562,2,152,64,59,218,253,90,127,97
562,3,31,211,42,236,135,132,46,37
562,4,161,17,105,251,167,172,65,170
562,5,161,10,14,178,236,69,183,186
562,6,56,243,43,180,42,167,2,93
562,7,253,40,23,91,196,14,79,29
562,8,159,180,89,86,150,57,56,83
562,9,39,49,85,13,29,94,240,47
562,10,62,142,222,178,114,63,219,252
562,11,203,42,66,95,186,181,236,49
562,12,81,193,191,138,190,28,56,69
562,13,10,15,29,113,111,118,97,50
562,14,46,40,83,146,219,21,70,3
562,15,24,39,65,107,36,142,131,57
562,16,24,9,94,142,158,168,185,181
562,17,132,81,108,195,2,157,193,121
562,18,121,20,30,90,133,131,39,42
562,19,72,152,186,254,225,145,153,128
562,20,144,110,36,103,114,199,40,77
562,21,39,217,85,218,49,100,60,229
562,22,62,142,236,71,13,83,199,178
562,23,42,203,83,66,172,181,26,123
562,24,87,48,25,200,182,139,36,177
562,25,15,162,63,250,10,2,213,29
562,26,233,21,100,222,70,34,26,200
562,27,24,107,65,39,36,247,219,254
562,28,94,142,248,84,98,13,62,204
562,29,2,81,247,65,132,83,48,108
562,30,205,22,142,121,159,40,200,147
562,31,128,130,254,152,240,171,94,187
562,32,96,186,215,68,148,155,122,99
562,33,238,190,232,86,215,55,119,58
562,34,88,180,207,45,101,9,144,196
562,35,153,227,160,108,56,129,145,66
562,36,207,181,157,98,120,156,23,103
562,37,31,175,7,250,115,82,190,84
562,38,255,230,139,93,71,76,196,126
562,39,241,68,9,146,225,72,222,206
563,0,106,185,18,66,22,127,40,6
563,1,128,158,191,250,242,73,189,226
563,2,58,64,198,87,134,239,152,22
563,3,92,177,55,30,76,19,214,236
563,4,122,17,139,172,228,254,150,118
563,5,147,11,114,18,161,183,29,100
563,6,147,166,180,65,90,107,56,42
563,7,101,109,196,253,172,91,40,126
563,8,122,110,114,103,180,35,159,212
563,9,49,217,178,85,156,151,98,87
563,10,62,142,252,26,51,114,222,13
563,11,247,69,27,241,66,195,236,49
563,12,138,144,195,191,0,175,190,43
563,13,10,81,1,22,68,50,29,82
563,14,46,222,21,219,8,91,212,233
563,15,120,24,107,36,39,142,59,47
563,16,142,94,119,24,127,181,100,236
563,17,188,65,2,81,121,195,132,236
563,18,158,121,20,147,30,131,42,200
563,19,186,233,152,34,128,178,51,72
563,20,144,122,110,114,232,103,36,22
563,21,217,178,100,49,218,14,85,45
563,22,62,142,180,131,13,229,168,163
563,23,69,247,27,83,87,195,97,42
563,24,106,25,48,139,228,87,202,42
563,25,162,250,63,15,148,10,1,50
563,26,233,100,21,222,62,134,83,212
563,27,120,24,107,36,219,129,253,139
563,28,142,13,94,122,127,204,84,119
563,29,188,2,65,81,83,102,145,48
563,30,158,147,100,121,142,30,200,34
563,31,186,152,94,128,233,254,240,172
563,32,96,215,42,68,186,124,199,51
563,33,151,11,55,119,29,232,137,57
563,34,12,196,180,236,144,204,101,45
563,35,153,227,56,129,60,202,230,127
563,36,8,157,166,119,212,156,23,143
563,37,7,115,219,82,31,44,29,84
563,38,230,255,93,14,76,22,100,139
563,39,68,241,114,9,16,23,146,225
564,0,83,59,108,130,88,135,79,57
564,1,135,238,35,78,222,143,152,182
564,2,101,113,224,8,251,108,240,36
564,3,106,42,107,250,129,29,210,110
564,4,254,17,92,172,23,122,72,179
564,5,29,189,87,207,83,68,109,15
564,6,147,145,191,181,87,221,180,37
564,7,13,172,99,164,126,57,234,113
564,8,122,144,37,25,244,166,64,6
564,9,49,69,183,152,192,60,229,100
564,10,142,88,228,69,62,195,212,192
564,11,69,39,254,11,249,241,87,168
564,12,76,70,6,182,235,117,106,28
564,13,10,1,68,255,2,227,242,5
564,14,119,219,57,154,223,212,91,34
564,15,120,150,107,2,244,243,175,191
564,16,142,84,66,50,218,236,49,216
564,17,195,188,2,65,168,81,121,167
564,18,158,131,121,30,60,37,42,217
564,19,186,119,158,32,79,178,246,188
564,20,237,17,103,122,144,18,139,200
564,21,69,158,49,78,55,63,88,192
564,22,142,13,71,210,80,76,105,192
564,23,69,87,40,127,16,233,173,200
564,24,169,76,87,177,152,200,182,201
564,25,1,10,121,15,206,148,82,112
564,26,119,233,134,34,82,206,215,21
564,27,150,24,107,219,115,120,47,254
564,28,142,18,77,100,66,139,204,84
564,29,188,29,81,2,168,145,121,247
564,30,169,147,158,30,100,234,132,40
564,31,186,188,152,242,161,48,254,153
564,32,121,60,124,35,49,66,54,51
564,33,33,108,78,19,119,225,137,27
564,34,138,0,234,192,108,40,114,142
564,35,95,215,69,234,38,189,80,91
564,36,219,212,225,143,101,3,64,106
564,37,239,56,230,218,243,242,178,130
564,38,23,100,223,252,143,83,98,112
564,39,96,185,223,175,67,63,56,66
565,0,0,148,184,189,12,217,55,222
565,1,197,135,103,204,5,165,170,130
565,2,32,101,254,124,240,113,143,91
565,3,184,107,109,85,227,165,159,81
565,4,137,178,224,101,41,125,202,197
565,5,36,33,192,245,126,216,105,168
565,6,145,205,11,147,141,170,101,252
565,7,149,18,59,251,139,226,168,234
565,8,144,108,22,25,244,114,202,232
565,9,100,31,183,218,149,177,141,225
565,10,221,131,50,104,90,172,195,228
565,11,184,244,118,83,173,164,87,154
565,12,180,131,255,18,87,94,121,25
565,13,240,162,1,82,68,2,224,206
565,14,85,212,119,34,68,107,219,21
565,15,97,107,219,225,216,37,175,251
565,16,142,77,84,100,201,218,23,131
565,17,184,2,121,188,82,81,108,34
565,18,121,30,158,42,137,74,60,243
565,19,49,186,149,254,15,144,79,227
565,20,144,202,213,199,244,149,114,40
565,21,121,100,218,192,147,49,177,56
565,22,221,131,142,77,226,73,229,13
565,23,118,244,87,26,154,69,164,133
565,24,131,87,28,148,25,109,200,48
565,25,10,1,162,148,240,82,213,68
565,26,85,212,233,134,21,34,82,95
565,27,107,219,128,251,95,47,59,92
565,28,142,77,18,84,204,139,94,176
565,29,188,184,2,81,214,34,121,83
565,30,158,147,30,169,202,242,200,121
565,31,186,15,152,149,48,200,172,254
565,32,121,138,202,124,228,35,49,54
565,33,147,78,76,225,84,177,151,99
565,34,226,172,175,68,209,163,32,165
565,35,121,210,9,115,91,69,234,78
565,36,212,96,123,219,51,143,31,85
565,37,198,56,230,62,252,178,54,51
565,38,23,193,57,17,199,182,143,10
565,39,107,236,101,185,21,151,211,157
566,0,230,94,45,38,149,174,213,16
566,1,197,177,208,5,148,212,136,229
566,2,215,85,144,186,73,181,156,202
566,3,40,222,49,28,227,86,254,8
566,4,31,39,224,87,229,23,101,69
566,5,21,189,162,57,179,124,177,154
566,6,214,11,41,145,242,176,160,119
566,7,160,90,141,200,72,104,175,188
566,8,166,251,81,244,11,24,250,91
566,9,135,63,127,184,71,183,12,194
566,10,14,96,145,43,50,179,78,255
566,11,22,249,76,104,143,25,58,173
566,12,214,78,68,100,216,77,6,91
566,13,177,139,63,233,161,206,34,242
566,14,211,119,219,110,29,82,95,31
566,15,225,243,70,216,84,247,214,82
566,16,66,16,218,126,88,182,225,247
566,17,246,82,67,171,95,74,165,51
566,18,30,121,21,37,146,137,60,56
566,19,186,119,138,254,152,68,79,106
566,20,247,144,78,223,244,245,199,7
566,21,22,56,80,177,88,49,246,33
566,22,51,210,174,123,195,140,52,30
566,23,54,122,80,26,172,249,246,224
566,24,217,204,182,22,152,236,164,132
566,25,15,156,10,41,247,51,106,68
566,26,107,222,59,3,70,239,142,186
566,27,196,59,219,208,202,254,216,115
566,28,2,204,70,218,50,226,134,31
566,29,121,184,82,55,181,146,95,246
566,30,158,229,147,174,30,40,67,121
566,31,186,154,152,48,49,47,161,153
566,32,121,138,127,169,111,16,38,51
566,33,177,225,137,27,84,19,67,227
566,34,32,163,98,36,175,142,209,229
566,35,9,215,119,189,97,94,234,149
566,36,4,69,240,212,230,123,208,103
566,37,36,133,252,100,116,130,54,180
566,38,37,23,65,233,245,174,11,159
566,39,42,166,106,80,223,76,219,227
567,0,19,116,5,198,21,239,240,250
567,1,82,228,241,209,197,208,186,5
567,2,215,85,144,186,199,73,98,50
567,3,185,57,96,181,40,107,52,72
567,4,137,238,22,100,111,52,178,68
567,5,206,126,173,80,168,195,189,245
567,6,11,229,147,101,40,213,141,145
567,7,53,83,200,6,252,13,126,206
567,8,144,22,244,40,232,114,25,79
567,9,100,160,89,183,31,35,218,141
567,10,131,89,50,76,221,49,168,32
567,11,83,124,244,184,100,245,164,127
567,12,180,239,189,214,75,40,29,64
567,13,162,240,90,223,1,101,82,68
567,14,212,21,190,3,223,233,85,213
567,15,107,64,92,15,219,246,53,42
567,16,142,84,77,76,23,251,49,101
567,17,2,121,188,184,81,82,106,70
567,18,121,158,147,30,88,42,60,20
567,19,186,49,188,149,254,94,98,125
567,20,144,213,127,24,232,40,211,209
567,21,49,100,160,218,60,147,43,192
567,22,221,13,131,142,11,168,226,76
567,23,123,244,83,237,164,118,87,70
567,24,87,200,48,25,28,182,214,148
567,25,162,10,1,226,82,240,70,188
567,26,110,62,34,212,119,185,85,70
567,27,107,175,139,219,198,151,247,154
567,28,142,175,18,13,102,84,148,218
567,29,2,184,188,74,53,247,34,81
567,30,158,147,121,30,234,188,100,34
567,31,186,152,149,94,172,194,254,112
567,32,121,138,51,214,82,48,101,35
567,33,225,47,197,90,77,135,72,53
567,34,163,175,120,98,36,204,229,113
567,35,94,86,9,215,213,104,182,101
567,36,69,212,103,230,224,199,143,240
567,37,100,43,130,127,252,232,36,180
567,38,23,242,210,248,21,206,245,233
567,39,107,193,155,185,115,118,80,173
568,0,130,179,145,168,154,150,164,119
568,1,139,106,64,216,87,78,219,151
568,2,215,85,144,111,73,50,40,175
568,3,142,107,59,135,8,46,208,52
568,4,241,151,131,181,191,198,82,96
568,5,176,167,103,37,189,107,231,175
568,6,147,44,216,95,170,88,247,37
568,7,99,129,126,226,121,234,217,68
568,8,144,166,37,199,251,189,48,244
568,9,69,117,233,183,49,88,141,229
568,10,228,69,174,192,24,50,107,41
568,11,164,174,69,243,173,40,127,184
568,12,11,28,94,180,177,214,6,188
568,13,1,10,152,184,121,247,68,241
568,14,213,46,82,133,3,185,219,40
568,15,150,34,27,191,142,131,243,175
568,16,50,49,180,161,131,210,23,92
568,17,188,168,157,167,95,121,82,11
568,18,158,104,60,30,188,14,20,42
568,19,186,119,91,158,178,32,254,90
568,20,120,197,103,245,176,24,106,36
568,21,69,43,14,135,33,214,112,195
568,22,44,142,24,28,76,13,199,219
568,23,69,210,123,87,5,152,16,154
568,24,200,87,112,214,173,19,182,69
568,25,1,242,70,121,51,82,68,233
568,26,119,185,62,9,21,222,114,200
568,27,70,254,139,47,191,27,203,39
568,28,13,142,175,100,218,192,66,204
568,29,188,2,247,167,74,53,168,113
568,30,158,188,121,147,30,142,40,24
568,31,186,152,94,194,36,254,128,112
568,32,48,51,102,35,101,148,68,82
568,33,225,224,126,55,253,115,137,113
568,34,45,175,120,163,64,98,204,67
568,35,94,86,213,215,129,85,0,137
568,36,199,212,69,130,230,219,143,163
568,37,43,119,232,252,180,130,7,36
568,38,23,163,100,150,210,96,206,174
568,39,138,106,17,185,198,155,168,88
569,0,127,85,49,18,153,58,146,227
569,1,43,30,29,4,17,66,232,235
569,2,169,111,215,152,40,104,22,9
569,3,42,171,116,20,51,203,55,107
569,4,215,228,12,120,159,49,229,82
569,5,169,56,249,189,134,107,37,122
569,6,147,136,37,180,170,166,145,221
569,7,56,126,234,172,226,164,161,217
569,8,120,144,37,114,166,100,25,64
569,9,224,182,183,49,233,140,199,175
569,10,142,24,218,212,69,71,174,199
569,11,114,69,241,127,40,90,164,88
569,12,11,28,48,87,243,195,252,6
569,13,1,10,68,82,117,75,184,193
569,14,46,180,230,91,79,185,213,107
569,15,142,47,93,2,254,131,34,9
569,16,137,175,50,92,23,49,142,100
569,17,188,121,65,168,2,82,167,182
569,18,158,121,20,188,30,193,42,60
569,19,186,91,233,158,152,254,32,34
569,20,120,144,36,114,197,149,122,37
569,21,100,218,128,53,228,209,232,60
569,22,44,199,127,219,76,212,13,71
569,23,114,5,69,87,16,90,34,172
569,24,251,214,243,200,87,104,224,25
569,25,242,233,162,209,117,63,2,82
569,26,119,110,9,230,200,215,166,136
569,27,70,254,141,150,247,47,93,191
569,28,175,142,177,66,248,137,18,204
569,29,247,167,168,74,34,45,121,82
569,30,158,30,40,24,34,100,161,240
569,31,186,194,36,152,197,254,94,112
569,32,148,221,101,35,51,214,13,231
569,33,168,121,137,113,205,227,224,35
569,34,45,81,192,159,204,55,208,172
569,35,39,86,99,129,215,64,213,78
569,36,143,49,69,130,47,230,85,99
569,37,165,7,92,15,77,130,121,232
569,38,23,88,14,100,106,98,173,254
569,39,114,192,72,185,45,206,106,115
570,0,4,122,46,218,212,63,29,50
570,1,221,126,29,143,240,17,60,50
570,2,194,236,212,23,48,215,174,111
570,3,42,243,2,228,107,191,242,241
570,4,164,149,134,22,77,4,37,75
570,5,82,206,243,95,164,107,60,80
570,6,136,147,180,62,152,213,66,32
570,7,13,252,11,178,126,198,193,95
570,8,144,22,114,244,232,135,27,161
570,9,100,49,218,160,225,229,118,134
570,10,32,131,1,180,233,95,54,245
570,11,83,241,164,40,33,26,124,248
570,12,25,110,239,189,28,48,139,87
570,13,162,90,10,1,82,240,193,115
570,14,3,21,212,233,177,143,30,223
570,15,107,221,142,64,175,7,70,140
570,16,84,142,175,62,193,169,94,218
570,17,2,81,121,49,145,74,188,82
570,18,121,20,30,147,151,153,158,174
570,19,186,49,152,125,254,128,246,172
570,20,213,89,144,36,223,237,254,114
570,21,100,218,60,8,49,45,248,214
570,22,131,142,13,219,151,95,141,76
570,23,123,237,203,16,116,241,48,40
570,24,200,48,25,214,87,243,110,28
570,25,10,162,63,71,209,188,70,193
570,26,3,110,21,119,100,34,233,212
570,27,39,107,24,151,160,175,219,115
570,28,175,102,18,94,204,181,79,213
570,29,247,49,81,74,2,182,255,21
570,30,142,24,90,147,34,30,200,40
570,31,186,152,128,254,36,1,32,125
570,32,148,161,96,68,186,215,150,140
570,33,161,5,132,133,119,72,99,90
570,34,45,227,180,109,103,101,209,137
570,35,86,153,129,80,187,78,104,111
570,36,143,55,69,148,156,99,93,230
570,37,130,169,16,232,36,101,20,66
570,38,255,91,115,159,196,31,72,112
570,39,75,73,173,117,192,164,223,222
571,0,97,166,113,123,142,150,205,210
571,1,34,199,26,59,62,132,11,187
571,2,227,59,132,235,242,35,4,9
571,3,42,31,211,135,46,84,107,37
571,4,17,161,167,131,251,13,179,214
571,5,10,204,161,14,104,51,212,107
571,6,147,180,243,167,107,136,93,178
571,7,40,91,172,126,196,109,156,108
571,8,89,114,57,110,88,69,56,105
571,9,39,49,94,29,85,118,83,223
571,10,142,1,248,212,211,62,105,113
571,11,203,241,20,236,185,49,174,122
571,12,11,255,214,190,28,56,87,195
571,13,10,152,82,81,1,97,206,68
571,14,46,3,47,95,169,8,119,70
571,15,39,65,24,142,107,160,36,213
571,16,181,127,218,24,100,94,142,227
571,17,132,81,195,108,121,82,2,113
571,18,20,90,30,121,42,39,131,147
571,19,186,152,72,153,254,158,178,142
571,20,144,17,103,114,110,36,139,199
571,21,39,217,218,53,63,49,43,11
571,22,62,69,211,208,13,123,142,83
571,23,203,42,123,83,172,16,58,214
571,24,48,200,214,87,141,229,182,2
571,25,63,15,10,162,227,91,213,250
571,26,8,21,62,70,222,208,200,233
571,27,65,24,37,107,39,36,115,247
571,28,13,18,94,62,98,223,52,79
571,29,247,65,81,2,132,83,74,48
571,30,142,34,121,24,22,40,147,42
571,31,186,128,130,152,240,254,238,120
571,32,96,148,68,215,186,245,113,124
571,33,190,119,232,55,58,238,29,72
571,34,88,45,180,204,144,236,196,229
571,35,153,227,86,129,56,60,128,0
571,36,207,148,157,181,143,64,166,8
571,37,31,115,229,175,7,76,20,68
571,38,93,255,230,71,196,235,91,139
571,39,241,68,9,225,146,114,164,47
572,0,106,212,22,66,46,218,6,110
572,1,128,158,250,189,199,73,223,112
572,2,134,239,198,22,64,87,59,127
572,3,214,42,76,92,177,107,90,178
572,4,17,172,122,254,215,138,67,242
572,5,100,14,67,254,161,10,18,97
572,6,166,147,180,107,198,90,88,44
572,7,40,44,91,109,172,196,108,101
572,8,103,122,110,114,57,213,180,56
572,9,217,49,151,85,240,156,93,96
572,10,62,142,114,252,55,11,104,13
572,11,203,49,247,66,195,181,127,241
572,12,190,253,28,182,255,102,69,177
572,13,10,82,68,116,206,91,2,253
572,14,46,219,119,41,21,8,212,34
572,15,39,107,36,24,48,219,237,196
572,16,23,204,142,62,18,94,84,66
572,17,2,121,81,65,108,167,195,82
572,18,121,20,30,147,42,88,200,3
572,19,186,233,152,254,225,158,153,178
572,20,144,103,36,17,216,122,149,213
572,21,217,100,240,218,53,49,8,60
572,22,62,104,123,203,210,211,131,88
572,23,203,58,83,126,246,87,26,226
572,24,106,48,200,87,214,124,190,141
572,25,162,227,63,15,10,91,70,213
572,26,62,110,233,21,34,119,212,100
572,27,107,219,59,247,36,47,117,115
572,28,18,142,218,62,120,103,248,84
572,29,247,81,2,65,48,74,167,182
572,30,40,147,121,34,24,42,142,20
572,31,186,225,152,254,238,128,94,32
572,32,96,68,124,215,186,245,35,150
572,33,182,119,55,232,29,77,99,245
572,34,204,205,9,144,196,180,236,229
572,35,227,153,86,129,60,56,230,111
572,36,8,157,166,123,64,69,61,148
572,37,115,229,218,36,7,195,175,76
572,38,93,255,230,233,235,191,140,72
572,39,68,225,114,47,185,146,10,235
573,0,83,59,108,130,88,135,79,57
573,1,238,152,143,78,110,213,38,181
573,2,239,64,36,8,127,134,132,108
573,3,106,250,210,29,46,129,110,8
573,4,254,17,171,23,224,92,127,202
573,5,87,29,68,207,109,107,51,166
573,6,81,76,160,191,28,179,199,181
573,7,206,201,99,113,234,157,164,156
573,8,37,166,244,6,25,15,251,202
573,9,152,183,69,171,135,46,219,49
573,10,88,104,69,96,228,240,60,238
573,11,173,39,38,88,177,224,41,168
573,12,124,24,235,76,79,78,99,216
573,13,227,10,63,242,209,57,146,231
573,14,26,209,244,230,136,71,110,150
573,15,107,243,82,196,225,56,2,136
573,16,66,74,216,23,100,49,218,225
573,17,81,2,121,125,67,34,116,175
573,18,121,147,30,60,42,14,61,200
573,19,152,138,254,79,119,93,240,94
573,20,144,247,18,168,149,199,114,45
573,21,22,49,88,194,12,248,209,158
573,22,210,123,71,140,168,141,219,231
573,23,226,172,57,122,26,91,76,246
573,24,136,245,200,177,76,98,152,189
573,25,15,10,156,2,63,117,41,247
573,26,107,59,87,186,246,39,13,157
573,27,219,196,254,62,59,210,167,32
573,28,218,216,50,204,226,118,245,131
573,29,121,53,82,247,10,167,95,34
573,30,40,172,24,146,42,230,184,166
573,31,186,154,238,158,74,162,1,10
573,32,60,121,127,124,35,150,217,82
573,33,33,108,197,225,137,25,29,223
573,34,108,159,142,124,228,172,31,192
573,35,215,117,95,238,38,199,65,137
573,36,240,64,225,230,133,101,208,232
573,37,239,218,252,230,188,51,36,195
573,38,23,125,122,144,100,143,223,231
573,39,96,185,175,223,22,48,66,63
574,0,0,148,189,12,222,55,184,177
574,1,197,103,204,5,130,170,161,74
574,2,32,254,6,124,78,239,222,104
574,3,184,107,121,206,165,109,81,207
574,4,137,178,41,125,101,224,63,51
574,5,36,33,107,245,192,38,168,105
574,6,205,11,170,141,88,28,67,45
574,7,149,18,59,251,139,226,217,201
574,8,144,216,25,244,202,114,22,64
574,9,31,100,149,183,182,17,141,218
574,10,131,221,49,104,90,50,41,172
574,11,184,244,118,83,123,43,127,154
574,12,180,131,255,190,239,87,25,189
574,13,240,162,115,82,227,121,68,90
574,14,85,212,34,68,21,3,223,92
574,15,97,107,219,175,59,196,243,2
574,16,76,62,77,251,84,142,23,100
574,17,184,2,121,45,81,34,82,108
574,18,121,30,42,147,40,74,20,136
574,19,49,254,149,186,94,152,15,194
574,20,144,18,202,213,199,244,252,168
574,21,121,53,100,49,138,218,192,246
574,22,221,104,131,77,82,210,105,73
574,23,118,244,126,133,26,123,73,172
574,24,87,131,214,141,246,177,200,127
574,25,10,162,128,227,117,68,34,213
574,26,92,3,56,110,34,85,212,219
574,27,97,66,219,141,175,47,247,92
574,28,18,204,177,84,50,120,158,79
574,29,184,214,247,2,95,34,53,59
574,30,40,147,42,113,30,121,125,9
574,31,186,152,194,49,149,254,1,246
574,32,121,245,48,138,177,68,35,203
574,33,147,225,47,55,224,197,203,151
574,34,226,175,163,204,120,113,103,209
574,35,94,5,86,9,137,187,85,248
574,36,67,195,93,240,230,151,64,143
574,37,43,100,195,36,127,62,101,51
574,38,23,242,61,199,143,57,206,140
574,39,107,236,163,211,222,73,225,114
575,0,130,179,168,101,145,45,242,15
575,1,139,216,106,64,5,87,197,208
575,2,215,85,25,175,19,73,186,40
575,3,142,59,135,8,107,205,46,208
575,4,241,131,39,151,198,19,191,179
575,5,24,103,37,139,112,107,176,245
575,6,81,11,128,37,67,27,222,47
575,7,217,121,99,15,205,201,224,234
575,8,144,202,199,114,25,93,166,244
575,9,69,100,192,11,225,183,140,117
575,10,69,49,192,195,212,104,50,228
575,11,173,243,88,168,174,154,40,127
575,12,190,11,28,180,255,6,121,29
575,13,10,82,193,70,152,241,121,68
575,14,219,119,223,68,34,91,81,110
575,15,196,219,59,45,93,175,216,151
575,16,39,218,49,23,62,216,84,76
575,17,82,113,168,195,34,165,116,121
575,18,30,40,104,121,88,42,60,9
575,19,186,91,1,79,254,148,158,10
575,20,120,18,17,103,237,205,144,142
575,21,69,158,192,135,252,62,171,60
575,22,104,49,123,215,78,115,76,105
575,23,126,173,58,123,24,154,73,224
575,24,124,141,87,200,177,79,48,5
575,25,35,227,185,68,70,63,57,193
575,26,110,119,34,236,185,70,4,230
575,27,24,168,228,47,115,247,141,34
575,28,18,177,13,218,50,223,11,204
575,29,247,2,113,82,53,214,168,95
575,30,40,188,42,121,24,147,30,20
575,31,186,194,152,254,246,36,1,94
575,32,245,48,68,102,177,35,51,82
575,33,225,224,126,107,55,151,96,72
575,34,175,163,103,204,67,64,113,120
575,35,94,5,85,86,2,187,129,9
575,36,2,195,67,156,143,230,240,69
575,37,43,7,219,36,60,135,195,232
575,38,163,93,255,242,23,230,201,47
575,39,246,215,1,138,122,27,222,206
576,0,172,233,63,46,127,202,121,4
576,1,76,164,198,30,43,61,255,120
576,2,15,110,169,23,40,215,164,85
576,3,116,55,148,171,20,30,89,177
576,4,215,228,12,254,172,71,127,182
576,5,27,169,11,18,249,254,100,97
576,6,52,166,180,73,107,147,235,11
576,7,40,56,126,196,108,156,214,57
576,8,65,120,103,114,110,105,144,204
576,9,215,49,96,85,124,183,118,67
576,10,24,218,252,49,114,55,210,69
576,11,114,247,241,66,168,210,234,40
576,12,190,11,43,28,189,98,195,6
576,13,38,10,82,91,68,241,206,253
576,14,110,46,219,119,114,169,91,82
576,15,24,196,39,93,142,107,219,59
576,16,39,62,218,49,169,23,163,153
576,17,218,195,2,82,121,165,167,24
576,18,188,30,20,121,3,60,9,147
576,19,91,186,233,152,254,142,158,246
576,20,120,144,18,237,114,244,199,81
576,21,215,218,8,53,248,192,171,33
576,22,24,127,145,210,144,211,60,136
576,23,114,247,224,126,127,76,40,51
576,24,214,87,48,200,141,251,164,189
576,25,63,162,91,227,68,193,38,70
576,26,110,34,119,21,236,70,217,4
576,27,247,141,219,117,47,115,174,59
576,28,18,13,177,218,142,39,204,84
576,29,247,2,34,167,82,125,145,249
576,30,40,42,121,126,30,24,147,176
576,31,186,194,152,238,254,94,142,1
576,32,221,245,68,51,177,35,115,102
576,33,121,244,55,224,168,96,170,137
576,34,81,208,113,204,202,228,67,229
576,35,132,94,86,64,129,215,2,0
576,36,195,130,67,143,99,15,36,69
576,37,158,43,7,54,252,36,186,66
576,38,23,163,93,145,32,100,96,195
576,39,246,1,114,248,170,222,106,127
577,0,80,136,69,84,98,14,127,250
577,1,79,230,76,157,61,29,164,57
577,2,159,15,250,189,215,169,234,68
577,3,20,116,148,51,171,203,141,254
577,4,215,12,228,172,182,37,234,62
577,5,169,82,249,56,189,29,37,107
577,6,136,37,11,170,76,88,212,47
577,7,56,217,161,126,233,183,99,234
577,8,120,144,25,244,251,114,22,64
577,9,183,11,100,192,225,215,140,60
577,10,24,49,192,69,218,104,50,21
577,11,88,249,114,168,123,127,230,162
577,12,190,11,28,255,189,121,124,24
577,13,82,162,10,193,227,68,146,91
577,14,57,212,219,110,223,197,34,3
577,15,107,219,196,59,117,247,82,243
577,16,84,66,142,23,49,218,216,158
577,17,2,81,82,86,121,67,34,145
577,18,121,30,20,147,37,42,146,77
577,19,186,254,152,138,94,173,246,158
577,20,144,18,120,199,247,244,114,168
577,21,248,12,100,218,49,149,22,80
577,22,71,95,131,123,48,144,129,211
577,23,102,126,172,200,149,26,90,224
577,24,214,124,204,200,175,141,68,245
577,25,63,162,10,119,2,193,227,128
577,26,110,3,236,107,211,63,26,57
577,27,247,219,196,24,141,175,117,115
577,28,39,177,63,18,204,162,169,84
577,29,249,247,94,125,53,34,60,118
577,30,40,0,42,151,30,20,99,60
577,31,194,227,186,238,93,255,161,45
577,32,161,170,51,217,177,82,54,203
577,33,168,227,223,113,209,121,213,19
577,34,81,159,55,208,192,204,67,137
577,35,39,193,99,129,86,128,60,0
577,36,49,47,15,69,93,143,99,123
577,37,15,7,193,77,20,219,140,165
577,38,93,32,106,230,14,23,139,126
577,39,114,72,244,36,206,170,15,106
578,0,4,50,218,46,248,212,29,63
578,1,221,126,188,143,240,29,95,50
578,2,212,194,236,215,159,186,23,201
578,3,243,148,2,32,228,139,241,0
578,4,164,149,22,134,244,37,4,77
578,5,82,206,4,255,95,164,107,112
578,6,136,152,62,32,180,147,213,67
578,7,11,178,126,13,252,193,217,75
578,8,144,216,22,114,244,161,25,213
578,9,100,49,218,225,160,229,43,192
578,10,131,32,1,49,180,233,245,95
578,11,241,83,88,164,26,97,33,113
578,12,110,25,189,255,190,248,28,239
578,13,162,10,115,90,82,185,193,97
578,14,3,21,110,212,233,190,34,143
578,15,221,107,97,64,247,0,138,111
578,16,101,142,62,76,94,223,84,77
578,17,81,2,145,249,108,103,121,49
578,18,121,20,30,147,151,153,136,74
578,19,6,186,49,172,152,254,94,138
578,20,144,216,213,18,89,247,40,199
578,21,53,49,100,218,58,160,248,138
578,22,95,131,245,168,44,86,113,219
578,23,43,241,5,116,126,26,124,181
578,24,214,248,48,175,229,87,110,218
578,25,10,63,162,193,119,15,227,34
578,26,3,212,21,34,56,92,110,233
578,27,24,107,141,47,247,175,104,154
578,28,18,204,62,84,94,196,177,7
578,29,94,249,2,247,49,61,81,125
578,30,0,40,42,99,121,200,199,126
578,31,186,93,114,152,194,161,128,94
578,32,161,125,140,170,203,215,84,6
578,33,161,90,132,5,19,115,86,208
578,34,96,227,44,20,103,159,137,109
578,35,74,86,108,160,148,128,21,57
578,36,93,115,19,156,39,227,123,171
578,37,101,169,27,61,16,123,232,86
578,38,169,251,18,61,72,16,177,119
578,39,231,117,179,22,163,222,128,164
579,0,123,229,249,196,7,216,105,242
579,1,150,225,231,27,244,93,11,54
579,2,163,103,4,227,162,57,100,17
579,3,152,133,187,235,31,84,176,231
579,4,13,236,142,222,167,102,251,101
579,5,104,193,204,186,6,41,112,161
579,6,167,153,107,180,61,83,123,147
579,7,29,23,216,112,196,253,121,126
579,8,89,234,105,180,56,83,114,115
579,9,94,29,164,49,170,118,215,228
579,10,130,169,113,210,1,158,13,175
579,11,161,189,241,243,214,122,185,88
579,12,255,63,26,190,87,195,110,28
579,13,97,10,147,43,206,82,15,21
579,14,3,20,92,34,124,110,222,233
579,15,24,107,97,81,175,37,200,64
579,16,94,168,9,142,24,100,62,5
579,17,81,108,193,172,2,121,119,250
579,18,20,121,30,179,42,57,186,0
579,19,6,152,254,186,130,172,138,109
579,20,144,234,110,89,36,244,18,199
579,21,164,29,49,94,218,53,100,85
579,22,113,169,245,83,198,210,95,130
579,23,161,189,133,186,241,35,83,172
579,24,48,200,87,74,64,63,242,89
579,25,15,2,10,162,43,63,147,118
579,26,92,3,20,134,222,212,21,148
579,27,81,200,24,107,0,39,104,196
579,28,133,5,94,32,196,7,9,168
579,29,121,76,81,250,172,247,145,2
579,30,179,22,0,40,60,160,187,121
579,31,186,74,205,109,221,177,207,128
579,32,161,98,6,215,99,131,49,181
579,33,215,86,126,183,19,43,238,136
579,34,84,96,207,62,180,86,137,171
579,35,160,108,57,153,47,145,128,127
579,36,70,181,120,217,156,218,93,171
579,37,65,31,182,58,190,200,61,175
579,38,151,148,71,92,255,202,160,159
579,39,2,69,38,189,217,213,190,222
580,0,132,158,47,190,141,115,177,125
580,1,182,244,93,188,197,58,233,155
580,2,123,57,93,100,29,145,103,27
580,3,133,187,190,235,158,174,244,234
580,4,236,142,128,95,91,127,0,222
580,5,47,193,90,78,188,135,65,41
580,6,153,206,60,215,22,138,75,15
580,7,117,29,23,64,254,216,196,14
580,8,234,239,180,116,104,99,56,77
580,9,164,239,191,36,8,170,2,59
580,10,169,198,36,125,130,210,113,238
580,11,161,189,86,233,206,95,108,128
580,12,93,44,63,74,26,54,15,195
580,13,147,97,134,43,10,61,206,15
580,14,20,3,50,124,86,51,148,92
580,15,81,200,162,107,31,189,2,175
580,16,133,9,5,24,196,94,168,43
580,17,172,81,76,250,119,193,121,61
580,18,179,30,0,20,57,121,187,68
580,19,116,109,152,205,6,186,138,254
580,20,110,89,234,239,144,44,7,116
580,21,164,191,94,85,49,239,29,126
580,22,113,169,198,195,39,60,222,130
580,23,161,189,172,206,86,128,62,95
580,24,74,93,44,63,27,26,64,15
580,25,15,134,147,43,6,2,10,118
580,26,3,148,124,51,20,110,222,92
580,27,162,200,81,107,196,31,57,2
580,28,133,43,7,5,32,94,9,168
580,29,87,76,250,0,153,172,119,121
580,30,226,179,163,0,22,187,89,60
580,31,116,109,205,4,74,63,254,20
580,32,119,181,161,16,223,178,90,64
580,33,93,43,231,129,99,53,16,44
580,34,112,82,96,106,142,24,92,99
580,35,108,160,203,204,174,42,84,72
580,36,22,222,221,83,218,101,64,217
580,37,229,98,36,245,138,34,118,119
580,38,64,23,25,77,206,42,252,70
580,39,162,186,174,237,190,97,164,93
581,0,43,238,147,252,25,95,112,165
581,1,250,46,224,129,172,103,147,213
581,2,49,140,167,20,186,29,106,27
581,3,233,26,103,230,117,130,4,236
581,4,183,213,81,229,144,45,9,224
581,5,188,78,43,90,5,127,15,65
581,6,206,60,68,101,143,122,173,75
581,7,117,65,176,78,254,54,229,15
581,8,104,239,116,185,180,73,56,99
581,9,126,160,171,113,25,8,191,2
581,10,157,173,139,185,238,210,115,100
581,11,133,47,181,120,86,39,108,95
581,12,249,44,54,93,144,58,74,164
581,13,6,134,61,15,176,11,206,34
581,14,86,50,148,32,10,51,147,41
581,15,162,189,200,31,46,181,58,24
581,16,133,43,24,151,9,168,106,156
581,17,5,153,57,108,76,81,87,93
581,18,226,179,68,20,30,39,77,42
581,19,109,167,19,171,205,243,12,227
581,20,110,239,116,180,185,144,7,104
581,21,191,113,126,85,164,149,49,87
581,22,157,173,236,178,76,71,150,208
581,23,140,189,95,47,111,181,172,41
581,24,93,44,220,43,225,54,164,189
581,25,6,15,134,176,250,206,255,52
581,26,86,51,54,10,21,52,148,26
581,27,162,107,200,122,46,181,210,206
581,28,43,24,168,170,94,133,7,62
581,29,5,158,76,20,8,153,48,93
581,30,68,226,22,192,71,29,186,2
581,31,167,109,228,171,12,74,129,19
581,32,223,68,181,107,119,178,161,128
581,33,74,83,231,215,21,16,28,93
581,34,241,1,252,21,197,204,70,116
581,35,160,84,108,129,151,218,135,183
581,36,70,23,248,98,83,176,129,221
581,37,62,58,219,143,206,229,163,88
581,38,176,100,8,147,239,10,166,120
581,39,238,45,237,223,81,105,227,164
582,0,206,104,43,209,95,147,30,105
582,1,46,47,188,58,156,213,197,20
582,2,245,20,82,85,97,73,215,204
582,3,117,119,233,178,130,103,40,183
582,4,184,20,246,144,87,183,5,193
582,5,42,159,32,162,111,229,15,185
582,6,206,230,145,97,176,160,118,53
582,7,15,180,143,221,203,144,236,90
582,8,144,114,244,113,175,148,185,199
582,9,49,100,53,203,183,88,105,192
582,10,215,240,96,21,145,11,210,219
582,11,181,88,42,57,253,168,41,87
582,12,189,213,175,76,195,41,83,58
582,13,10,15,162,6,34,82,156,2
582,14,3,233,212,34,222,21,219,223
582,15,107,196,0,90,100,2,39,122
582,16,94,142,223,24,37,202,84,191
582,17,81,2,121,83,108,145,99,244
582,18,121,30,20,147,186,200,77,42
582,19,186,152,94,172,254,240,135,187
582,20,144,247,110,199,7,150,22,18
582,21,49,100,214,22,218,149,138,85
582,22,131,96,236,71,95,108,141,140
582,23,80,181,172,26,83,42,124,200
582,24,48,139,89,25,45,2,229,13
582,25,162,10,250,15,227,193,255,213
582,26,233,134,43,222,100,212,21,34
582,27,107,196,39,86,82,177,0,139
582,28,175,148,94,204,248,191,7,60
582,29,2,249,158,48,81,34,83,5
582,30,100,226,97,111,68,22,186,42
582,31,186,167,128,240,254,94,246,135
582,32,107,68,33,16,215,223,227,178
582,33,74,21,192,215,55,123,245,99
582,34,16,204,70,99,137,130,113,6
582,35,151,108,250,64,183,115,202,245
582,36,23,176,112,15,254,130,143,59
582,37,219,62,97,7,163,226,92,244
582,38,103,204,43,191,115,237,176,100
582,39,238,45,198,237,73,65,80,228
583,0,32,206,95,238,168,255,181,34
583,1,201,140,182,122,46,58,188,77
583,2,82,204,245,20,53,215,102,49
583,3,178,117,233,103,119,204,113,118
583,4,81,193,249,246,183,213,199,130
583,5,42,85,76,230,132,185,111,159
583,6,206,118,7,97,160,145,179,176
583,7,221,65,15,210,136,162,176,235
583,8,239,114,244,113,73,199,30,106
583,9,53,113,49,126,88,105,60,183
583,10,215,240,21,11,219,231,210,166
583,11,181,253,88,41,249,51,57,196
583,12,175,41,102,62,4,0,213,189
583,13,6,15,10,34,135,2,141,82
583,14,3,34,233,223,31,212,123,30
583,15,107,168,120,196,225,90,2,0
583,16,24,94,142,126,168,202,37,66
583,17,81,2,108,121,83,249,34,106
583,18,121,30,20,147,42,77,200,146
583,19,152,186,172,94,240,138,254,135
583,20,144,247,110,18,199,22,244,168
583,21,49,22,100,85,214,218,149,56
583,22,71,236,131,140,122,95,141,108
583,23,140,172,80,83,200,246,181,54
583,24,127,139,48,45,25,200,116,204
583,25,15,162,10,6,250,2,213,146
583,26,134,233,222,100,34,26,114,43
583,27,107,196,39,177,117,254,86,219
583,28,7,94,2,204,248,44,50,106
583,29,158,5,2,121,34,48,8,83
583,30,68,226,22,100,186,192,24,60
583,31,171,167,228,254,186,240,128,135
583,32,68,223,107,16,227,128,124,35
583,33,74,21,231,190,215,245,223,55
583,34,116,1,204,34,8,70,252,82
583,35,183,151,108,115,250,129,84,135
583,36,23,70,176,157,15,156,254,225
583,37,219,58,104,143,82,7,35,163
583,38,92,148,27,151,230,76,34,47
583,39,248,243,238,38,78,149,12,2
584,0,88,95,112,140,238,43,89,173
584,1,181,47,152,36,115,20,140,78
584,2,62,82,186,20,218,245,102,165
584,3,233,117,103,236,106,194,76,150
584,4,199,193,9,62,235,45,27,188
584,5,230,15,160,87,189,5,29,221
584,6,118,208,160,97,179,7,193,63
584,7,176,112,207,236,65,134,54,157
584,8,239,104,199,205,100,230,114,64
584,9,53,113,126,49,60,200,105,183
584,10,215,122,100,210,157,195,11,21
584,11,181,41,28,57,196,249,51,253
584,12,62,102,41,175,4,76,0,212
584,13,15,6,2,121,141,233,34,243
584,14,41,215,9,244,31,34,97,119
584,15,46,24,82,196,228,136,107,168
584,16,248,24,168,141,66,94,220,191
584,17,5,81,158,108,2,99,34,121
584,18,30,121,68,20,42,147,77,200
584,19,152,171,19,227,68,240,135,93
584,20,110,144,7,247,205,114,244,107
584,21,85,113,49,218,149,87,22,60
584,22,236,122,157,178,123,100,71,129
584,23,172,140,14,95,39,145,181,214
584,24,225,43,139,127,116,8,204,42
584,25,6,15,250,156,206,191,255,52
584,26,233,222,114,100,21,24,43,120
584,27,123,107,100,122,196,210,39,46
584,28,168,170,24,94,2,204,195,79
584,29,158,8,5,190,34,2,83,48
584,30,68,226,22,186,24,71,100,192
584,31,167,186,150,120,228,243,171,234
584,32,223,68,60,107,158,227,128,62
584,33,74,190,21,16,244,215,231,245
584,34,116,82,1,252,34,70,204,250
584,35,151,183,108,84,129,218,22,250
584,36,70,23,176,157,248,239,156,181
584,37,219,104,58,143,7,82,67,48
584,38,27,148,92,151,230,76,34,101
584,39,248,243,110,38,12,78,69,242
585,0,4,72,78,155,92,20,73,192
585,1,95,124,97,195,211,245,191,52
585,2,60,228,92,79,49,118,150,253
585,3,30,177,155,25,16,159,112,249
585,4,98,88,94,77,54,250,154,216
585,5,23,183,115,251,62,198,236,0
585,6,92,156,14,82,43,208,194,25
585,7,196,30,167,101,126,32,21,181
585,8,110,47,247,7,38,220,159,114
585,9,49,22,156,85,87,8,118,229
585,10,109,222,122,178,9,17,157,233
585,11,181,216,95,209,153,47,91,14
585,12,47,138,191,5,237,175,89,210
585,13,15,155,255,6,206,185,2,176
585,14,220,144,68,107,102,173,217,55
585,15,123,178,168,0,89,100,173,122
585,16,10,223,134,220,218,168,230,9
585,17,158,93,108,34,206,245,121,67
585,18,68,20,42,226,30,58,56,186
585,19,60,68,97,152,170,19,231,227
585,20,110,7,47,38,159,114,247,209
585,21,156,85,87,229,246,149,22,96
585,22,122,109,157,178,48,210,222,9
585,23,181,99,253,14,214,172,209,85
585,24,47,225,155,210,175,48,64,145
585,25,255,15,206,250,176,156,20,95
585,26,144,21,24,120,105,142,161,165
585,27,178,122,123,210,100,199,216,56
585,28,10,168,230,2,190,56,78,134
585,29,126,158,190,67,48,78,187,121
585,30,68,18,226,100,56,143,186,47
585,31,55,157,83,45,56,29,228,186
585,32,248,120,19,107,58,68,92,12
585,33,176,74,54,133,21,245,28,56
585,34,15,249,80,72,191,250,195,204
585,35,180,176,43,106,136,185,108,210
585,36,23,138,21,17,228,126,55,224
585,37,214,92,110,244,126,176,119,160
585,38,177,156,141,24,197,43,18,236
585,39,226,66,83,209,142,127,50,5
586,0,15,241,156,131,240,52,17,98
586,1,195,64,97,2,56,68,95,59
586,2,60,193,11,213,58,79,133,188
586,3,112,243,199,159,16,30,197,39
586,4,77,88,155,250,134,53,98,43
586,5,183,23,236,251,115,62,185,230
586,6,82,183,43,14,180,156,185,49
586,7,196,167,30,57,6,126,101,158
586,8,47,7,110,220,38,247,114,144
586,9,49,156,8,85,22,87,97,134
586,10,122,222,178,9,233,157,138,246
586,11,95,59,209,216,47,181,91,253
586,12,138,217,175,210,110,191,189,5
586,13,185,15,156,10,190,176,82,250
586,14,222,55,21,30,34,43,68,83
586,15,178,123,0,122,100,107,92,151
586,16,223,9,205,24,169,168,44,37
586,17,93,158,96,49,78,108,81,34
586,18,68,20,250,30,100,186,14,184
586,19,152,81,254,19,68,170,97,85
586,20,110,7,247,47,144,114,209,38
586,21,85,156,87,98,229,151,22,134
586,22,122,157,178,222,48,86,216,242
586,23,59,181,99,85,14,214,95,79
586,24,175,217,165,157,155,50,225,220
586,25,15,250,156,8,19,95,206,0
586,26,86,161,252,120,52,34,21,208
586,27,178,122,210,100,39,199,162,255
586,28,190,102,168,7,94,2,134,24
586,29,158,190,20,78,19,88,21,96
586,30,68,197,226,250,186,162,22,56
586,31,228,157,34,124,45,29,146,85
586,32,76,19,120,12,140,248,107,161
586,33,133,56,74,54,181,28,166,75
586,34,249,191,195,72,5,15,80,250
586,35,136,185,180,210,176,108,97,187
586,36,21,17,138,75,23,228,19,167
586,37,214,126,110,244,206,98,92,243
586,38,197,156,177,0,141,24,254,161
586,39,83,251,142,209,226,22,170,255
587,0,210,93,209,240,17,247,241,52
587,1,195,97,144,254,64,16,32,185
587,2,60,3,193,104,213,118,77,133
587,3,87,197,112,30,199,243,25,118
587,4,155,250,77,154,216,109,75,104
587,5,236,183,251,23,115,185,230,62
587,6,82,180,43,14,61,156,183,178
587,7,167,196,57,30,210,101,221,62
587,8,7,110,38,247,114,144,220,178
587,9,49,8,85,22,118,100,87,97
587,10,122,222,95,178,210,219,105,241
587,11,95,209,253,47,181,168,59,57
587,12,175,138,217,76,58,189,32,124
587,13,156,10,227,3,15,162,135,82
587,14,222,3,43,34,30,21,197,31
587,15,0,107,92,100,175,39,123,57
587,16,223,9,37,60,94,142,193,169
587,17,93,96,81,2,108,34,53,158
587,18,30,20,121,68,186,147,42,100
587,19,152,254,142,94,135,81,246,28
587,20,144,247,110,7,38,114,199,49
587,21,85,218,156,22,49,134,246,100
587,22,48,122,141,178,162,39,105,157
587,23,246,183,172,181,180,150,228,26
587,24,175,165,217,48,87,139,204,200
587,25,250,15,162,10,156,243,2,176
587,26,86,222,35,233,87,193,211,56
587,27,162,196,107,255,39,100,129,57
587,28,94,9,7,32,2,204,92,37
587,29,158,21,96,15,20,8,78,48
587,30,197,250,22,205,186,226,24,68
587,31,4,205,171,167,117,187,151,135
587,32,161,192,77,186,90,19,76,11
587,33,56,166,139,86,74,215,238,28
587,34,195,1,191,72,240,8,5,20
587,35,185,160,108,47,190,187,245,97
587,36,19,125,171,142,235,217,124,167
587,37,126,16,229,175,98,123,61,232
587,38,0,5,35,61,176,62,180,96
587,39,174,197,179,235,170,189,223,129
588,0,101,35,34,197,9,79,242,179
588,1,62,155,97,151,75,16,70,47
588,2,242,109,35,244,246,75,210,213
588,3,230,26,236,37,233,77,130,183
588,4,15,102,241,142,251,245,200,87
588,5,236,188,220,185,43,44,183,90
588,6,14,156,43,157,61,180,133,175
588,7,23,196,210,127,42,204,70,79
588,8,7,239,35,110,180,83,56,179
588,9,203,49,29,8,13,85,118,59
588,10,157,122,222,210,50,206,13,39
588,11,42,95,47,185,57,111,216,155
588,12,220,175,191,217,32,193,132,138
588,13,6,15,156,10,29,49,28,176
588,14,86,41,222,32,8,52,165,43
588,15,172,0,162,39,120,57,107,232
588,16,9,223,37,205,24,14,44,92
588,17,93,193,81,250,132,158,108,34
588,18,197,20,186,68,30,147,184,170
588,19,109,205,152,145,138,81,135,243
588,20,110,239,247,7,180,144,114,137
588,21,203,85,22,49,149,6,246,60
588,22,157,39,222,198,48,141,11,166
588,23,42,47,181,228,189,96,172,243
588,24,220,175,15,229,64,201,127,45
588,25,15,6,250,29,206,156,10,162
588,26,222,43,21,233,134,86,107,34
588,27,162,107,172,39,120,177,96,196
588,28,5,32,7,94,9,62,98,195
588,29,250,5,48,81,2,87,34,83
588,30,197,22,179,205,142,115,186,68
588,31,109,205,171,4,128,117,254,130
588,32,192,98,161,186,90,96,77,134
588,33,215,126,238,86,183,28,166,99
588,34,96,207,180,1,116,86,101,8
588,35,160,153,108,57,145,33,0,59
588,36,181,70,119,120,171,98,22,217
588,37,65,31,61,226,51,250,190,98
588,38,73,180,151,237,18,62,61,91
588,39,228,86,222,73,190,10,174,137
589,0,141,235,208,115,253,158,221,81
589,1,62,217,182,70,152,213,155,82
589,2,109,95,128,127,220,123,106,54
589,3,26,230,233,219,35,128,210,117
589,4,45,245,144,15,102,165,142,211
589,5,43,90,188,135,185,101,5,220
589,6,14,156,43,206,22,133,79,182
589,7,117,23,196,205,78,210,42,231
589,8,239,180,104,116,56,35,7,99
589,9,203,191,116,13,8,49,113,85
589,10,157,198,88,50,206,21,210,122
589,11,42,47,233,95,155,246,57,16
589,12,93,220,175,164,124,195,69,253
589,13,6,15,29,134,49,146,176,243
589,14,41,86,52,32,51,165,29,10
589,15,172,162,181,117,87,0,165,83
589,16,9,24,223,205,48,106,43,168
589,17,250,193,108,93,81,87,5,121
589,18,197,20,204,170,68,30,186,39
589,19,109,205,116,152,167,19,231,171
589,20,110,239,180,247,144,7,84,168
589,21,203,191,116,85,246,49,78,149
589,22,157,236,39,125,198,141,169,62
589,23,42,47,181,62,189,86,106,96
589,24,93,220,54,15,175,62,74,127
589,25,15,6,134,176,162,147,10,206
589,26,86,51,233,21,10,222,149,43
589,27,162,107,172,120,165,196,87,31
589,28,43,5,7,32,9,150,94,62
589,29,250,5,87,81,0,48,2,145
589,30,179,197,22,205,142,170,163,115
589,31,116,109,205,63,4,171,117,128
589,32,119,192,90,161,186,134,96,68
589,33,93,215,183,238,86,166,16,28
589,34,96,82,207,1,180,86,101,132
589,35,160,57,153,108,27,145,84,59
589,36,70,181,83,222,120,119,192,98
589,37,31,229,58,190,182,39,61,175
589,38,64,151,148,92,17,131,180,255
589,39,186,38,217,189,190,69,154,2
590,0,38,193,54,53,44,244,167,176
590,1,122,140,117,62,105,201,217,103
590,2,154,220,173,106,127,128,99,102
590,3,91,35,128,34,233,210,26,204
590,4,144,120,213,130,159,245,20,224
590,5,239,185,42,5,220,160,51,15
590,6,133,65,230,118,193,81,101,137
590,7,210,221,54,15,126,214,162,25
590,8,7,239,35,114,244,199,113,30
590,9,203,49,88,171,60,116,214,87
590,10,219,231,240,22,11,166,96,141
590,11,57,181,88,41,42,253,5,228
590,12,175,76,0,83,4,102,189,117
590,13,10,2,135,15,156,49,146,206
590,14,46,222,219,31,21,41,30,3
590,15,120,107,196,39,2,82,243,0
590,16,223,142,37,94,92,62,191,245
590,17,81,2,132,108,83,121,145,34
590,18,20,121,186,147,30,200,44,215
590,19,152,135,254,94,205,145,28,186
590,20,144,110,247,199,103,114,35,49
590,21,49,22,100,217,85,214,218,138
590,22,236,162,62,129,180,141,123,222
590,23,42,181,69,27,180,83,26,214
590,24,48,139,200,87,89,45,25,189
590,25,250,162,10,15,191,2,213,255
590,26,134,233,26,21,43,222,34,100
590,27,196,107,120,86,177,47,219,82
590,28,205,94,142,204,211,131,182,191
590,29,5,81,249,48,2,167,247,121
590,30,22,197,142,205,111,115,97,40
590,31,63,241,109,254,128,117,171,78
590,32,192,96,186,223,119,161,68,90
590,33,215,238,16,93,166,86,183,190
590,34,186,207,180,82,96,84,1,116
590,35,153,160,108,57,59,145,115,227
590,36,70,181,119,83,22,120,23,98
590,37,31,58,182,190,143,175,7,75
590,38,148,151,71,92,255,17,230,76
590,39,2,69,38,189,217,154,78,213
591,0,57,127,56,106,110,236,157,43
591,1,128,242,124,211,73,72,19,90
591,2,33,188,255,80,49,60,238,133
591,3,92,70,171,121,19,30,177,153
591,4,254,74,88,199,122,224,79,138
591,5,11,147,144,24,169,249,29,185
591,6,183,166,65,208,164,14,43,42
591,7,101,56,196,54,25,109,210,177
591,8,110,173,56,184,244,35,180,114
591,9,148,49,85,217,156,93,224,88
591,10,24,62,129,231,22,178,222,114
591,11,27,181,210,66,147,57,95,195
591,12,191,138,175,0,189,124,102,6
591,13,15,135,146,49,2,10,221,206
591,14,213,46,41,215,136,107,177,230
591,15,196,120,203,117,82,44,39,168
591,16,223,37,9,131,66,181,185,218
591,17,81,132,108,193,93,99,145,2
591,18,20,159,68,30,121,186,22,146
591,19,199,152,145,171,207,119,254,225
591,20,110,144,185,247,180,114,199,103
591,21,148,85,49,47,100,149,214,229
591,22,24,222,129,178,111,114,210,48
591,23,27,210,195,147,181,45,54,66
591,24,191,81,225,42,204,127,139,45
591,25,250,15,176,191,162,8,146,213
591,26,43,235,233,134,26,21,34,131
591,27,203,44,107,177,120,196,36,122
591,28,161,211,205,94,62,195,2,122
591,29,214,218,132,48,8,247,145,2
591,30,159,68,22,71,115,97,40,29
591,31,91,228,199,171,128,117,124,241
591,32,192,221,68,48,107,201,215,128
591,33,96,151,121,107,58,215,253,28
591,34,208,56,175,9,252,95,204,236
591,35,85,99,108,5,218,183,22,94
591,36,1,195,152,246,23,211,248,176
591,37,67,135,161,143,174,60,153,48
591,38,195,9,101,201,30,234,230,32
591,39,246,250,1,92,215,203,37,114
592,0,84,172,102,63,127,111,4,14
592,1,198,29,111,63,182,128,72,251
592,2,33,15,80,134,49,238,94,133
592,3,70,116,20,92,177,51,214,30
592,4,37,74,79,112,215,98,71,254
592,5,147,169,144,11,183,97,185,251
592,6,42,180,166,56,183,65,73,178
592,7,240,56,101,108,196,40,109,49
592,8,110,173,65,106,103,180,77,186
592,9,239,49,85,148,93,98,224,118
592,10,24,129,114,178,162,222,105,231
592,11,114,130,66,181,27,147,210,95
592,12,191,138,175,206,124,155,197,132
592,13,38,10,235,121,176,15,49,141
592,14,46,136,41,83,107,180,215,177
592,15,44,203,196,39,120,107,168,36
592,16,223,62,24,181,37,9,188,153
592,17,81,218,132,197,108,104,2,93
592,18,20,156,68,121,30,159,147,204
592,19,207,152,225,233,171,145,254,56
592,20,110,144,65,185,247,199,114,205
592,21,239,85,49,148,214,149,14,228
592,22,129,24,222,111,48,178,210,114
592,23,114,195,27,45,210,66,147,181
592,24,191,127,139,42,81,192,45,225
592,25,250,162,37,2,213,38,141,15
592,26,134,233,43,34,222,100,56,21
592,27,44,177,203,107,196,36,39,202
592,28,205,94,62,13,134,223,211,161
592,29,218,48,8,2,145,81,83,34
592,30,68,22,204,71,156,40,97,121
592,31,228,199,171,128,91,207,117,94
592,32,221,192,107,68,195,128,247,48
592,33,96,121,107,215,58,253,151,28
592,34,208,81,56,252,204,95,9,236
592,35,196,108,183,218,99,132,250,22
592,36,152,195,246,23,248,211,176,15
592,37,67,135,161,158,153,60,174,219
592,38,9,30,201,101,234,47,32,34
592,39,250,92,1,183,203,246,114,72
593,0,234,4,92,84,155,144,186,41
593,1,198,221,182,143,233,255,111,211
593,2,33,201,94,92,150,230,15,56
593,3,177,30,15,101,155,58,42,25
593,4,37,94,112,71,98,54,239,77
593,5,183,144,115,251,253,147,62,178
593,6,56,178,92,42,180,73,43,55
593,7,14,196,181,101,108,79,32,242
593,8,159,110,220,180,103,52,237,178
593,9,85,49,120,98,197,87,14,47
593,10,9,178,222,207,1,114,196,3
593,11,66,153,145,147,3,114,17,250
593,12,138,191,81,193,206,225,192,132
593,13,38,15,113,28,10,176,160,168
593,14,46,83,131,222,197,47,91,179
593,15,44,248,39,123,107,177,2,203
593,16,223,24,185,9,62,181,136,205
593,17,81,153,104,218,197,132,236,193
593,18,20,69,68,30,204,22,186,115
593,19,51,152,233,171,225,145,254,19
593,20,110,159,144,180,185,103,21,205
593,21,85,49,14,136,214,60,97,229
593,22,9,0,222,178,88,62,111,3
593,23,66,153,147,145,195,114,45,15
593,24,191,192,81,225,139,200,64,182
593,25,250,10,37,15,2,38,213,29
593,26,134,222,43,233,34,70,21,56
593,27,44,177,39,107,36,219,115,248
593,28,94,13,205,106,7,142,62,230
593,29,48,81,218,247,2,145,83,34
593,30,204,69,22,142,40,97,121,68
593,31,51,128,117,171,254,241,152,161
593,32,146,195,96,107,68,86,215,247
593,33,75,6,97,37,166,119,55,238
593,34,255,212,204,51,90,236,101,144
593,35,49,108,86,60,115,127,0,59
593,36,234,119,0,98,23,22,8,123
593,37,175,152,250,84,42,109,247,127
593,38,255,35,0,93,23,36,191,254
593,39,241,165,23,68,167,73,146,225
594,0,233,85,165,49,93,157,110,22
594,1,203,57,183,40,96,81,234,230
594,2,65,95,33,94,120,75,173,128
594,3,41,255,17,236,148,169,216,138
594,4,119,122,254,37,105,123,172,20
594,5,250,253,183,114,144,147,161,69
594,6,56,178,90,180,55,42,65,73
594,7,101,196,242,221,210,10,46,54
594,8,159,103,110,35,184,42,180,237
594,9,217,49,85,151,93,14,147,171
594,10,62,222,178,231,46,114,152,55
594,11,66,181,57,4,250,96,42,145
594,12,193,138,189,99,191,69,201,175
594,13,10,2,28,15,68,116,176,4
594,14,46,34,222,91,107,55,8,219
594,15,107,39,120,36,44,82,168,2
594,16,223,142,92,94,100,62,60,2
594,17,81,65,132,2,121,236,93,145
594,18,20,121,30,147,186,97,200,68
594,19,233,51,254,152,138,225,94,24
594,20,144,110,199,159,103,57,244,114
594,21,217,100,49,214,218,229,228,60
594,22,62,211,180,123,210,131,111,245
594,23,66,42,181,54,83,124,214,45
594,24,106,139,200,102,110,25,175,185
594,25,162,10,2,250,213,37,211,99
594,26,134,21,233,56,211,34,222,62
594,27,82,107,36,177,175,39,219,202
594,28,142,13,62,205,103,94,84,204
594,29,247,2,81,48,65,145,34,167
594,30,121,147,142,40,97,166,20,200
594,31,152,128,225,240,112,233,172,161
594,32,96,68,186,215,42,51,35,124
594,33,11,119,238,55,58,245,29,232
594,34,180,204,196,9,207,236,144,101
594,35,153,129,227,60,86,108,139,206
594,36,8,119,166,181,225,23,22,123
594,37,229,115,31,7,175,250,84,36
594,38,0,255,93,230,139,121,228,76
594,39,241,68,9,225,146,16,23,216
595,0,101,35,242,197,108,135,64,9
595,1,27,150,97,231,70,62,146,11
595,2,89,120,117,108,84,58,64,251
595,3,106,37,236,211,84,17,225,176
595,4,17,142,222,251,102,133,254,171
595,5,183,250,236,253,220,69,161,147
595,6,182,180,56,42,107,157,65,178
595,7,23,196,210,14,126,254,231,70
595,8,159,180,110,179,114,237,56,83
595,9,49,180,85,29,13,147,47,203
595,10,88,62,169,222,178,46,120,105
595,11,111,66,42,243,57,106,181,233
595,12,81,220,193,191,188,138,116,69
595,13,10,112,176,15,28,205,2,135
595,14,46,55,21,219,91,107,30,3
595,15,107,36,177,44,168,2,196,120
595,16,92,142,24,26,94,62,204,49
595,17,81,2,153,167,34,83,65,121
595,18,20,121,97,204,147,30,170,200
595,19,152,138,254,153,56,78,200,32
595,20,144,110,199,205,244,114,36,122
595,21,180,49,85,100,229,248,117,79
595,22,88,111,180,86,120,39,210,178
595,23,39,54,83,42,172,26,106,111
595,24,81,182,204,200,220,192,42,98
595,25,112,211,37,10,250,15,162,2
595,26,134,149,21,10,233,56,107,70
595,27,177,107,36,172,82,162,175,217
595,28,106,61,142,205,7,94,182,111
595,29,250,81,5,153,48,145,2,121
595,30,170,204,121,40,15,197,147,200
595,31,20,63,109,222,254,167,152,191
595,32,90,98,215,252,68,223,134,124
595,33,126,83,220,119,55,215,166,210
595,34,1,116,86,8,132,204,180,137
595,35,86,115,108,84,204,231,64,0
595,36,83,29,171,143,124,219,208,85
595,37,65,72,88,61,123,169,2,19
595,38,193,23,5,248,18,207,158,138
595,39,114,185,235,10,190,222,48,167
596,0,235,190,115,141,158,253,208,61
596,1,217,182,70,21,152,62,146,140
596,2,128,121,167,109,123,255,120,220
596,3,190,106,35,128,12,37,130,34
596,4,127,236,142,45,95,222,102,17
596,5,90,135,188,43,166,65,5,184
596,6,182,153,157,138,133,56,180,75
596,7,117,23,231,78,254,64,70,229
596,8,104,180,116,99,239,56,77,52
596,9,191,116,208,13,8,239,195,152
596,10,88,125,152,36,48,182,118,13
596,11,233,73,108,28,86,246,88,111
596,12,93,81,220,6,85,254,62,69
596,13,112,134,29,176,57,103,205,15
596,14,41,51,86,52,32,105,149,10
596,15,162,172,196,217,31,181,36,58
596,16,9,106,61,144,24,205,218,134
596,17,250,153,81,193,87,97,93,121
596,18,170,204,20,197,30,43,161,163
596,19,116,109,19,172,195,205,200,231
596,20,116,110,239,179,180,23,104,209
596,21,116,191,85,49,239,152,248,78
596,22,88,125,169,39,211,120,48,86
596,23,39,86,111,128,62,47,172,83
596,24,93,220,54,15,62,74,151,85
596,25,134,112,253,32,147,107,105,37
596,26,149,10,86,51,52,226,88,107
596,27,31,162,172,165,58,87,217,177
596,28,43,106,238,61,7,111,134,150
596,29,250,5,87,0,153,81,20,48
596,30,170,43,197,163,15,204,76,226
596,31,116,20,109,167,63,205,4,162
596,32,90,223,119,252,161,53,134,215
596,33,93,83,210,129,16,119,92,220
596,34,1,132,82,86,26,186,85,74
596,35,84,72,160,27,108,204,57,42
596,36,222,83,192,20,22,70,221,29
596,37,229,88,39,69,182,4,173,175
596,38,151,64,193,202,180,145,70,158
596,39,186,190,154,84,222,91,174,115
597,0,38,193,53,54,244,44,167,176
597,1,122,217,117,140,105,201,58,115
597,2,128,121,167,220,99,250,43,1
597,3,12,91,35,128,204,34,250,210
597,4,6,174,179,159,171,58,127,144
597,5,239,145,220,185,51,68,229,32
597,6,118,193,133,182,180,214,65,230
597,7,200,221,126,49,15,214,57,136
597,8,244,114,106,30,237,166,37,25
597,9,171,116,71,203,49,201,60,127
597,10,88,96,240,145,231,211,76,192
597,11,88,42,239,224,57,181,41,253
597,12,213,83,124,100,214,78,104,247
597,13,227,10,149,205,233,255,2,119
597,14,197,34,193,3,81,31,43,97
597,15,82,196,107,34,243,228,89,2
597,16,218,92,66,100,210,142,41,37
597,17,81,2,34,121,182,65,175,83
597,18,30,121,44,147,20,146,14,156
597,19,152,119,138,1,227,32,178,254
597,20,144,247,199,22,78,114,244,110
597,21,100,49,22,158,248,88,85,192
597,22,180,131,96,52,141,168,105,51
597,23,57,80,233,97,26,243,83,42
597,24,19,201,200,7,132,28,89,122
597,25,10,162,192,250,211,8,2,81
597,26,59,235,43,222,142,233,24,193
597,27,86,44,157,120,202,210,196,199
597,28,211,106,2,92,94,45,126,204
597,29,153,150,167,5,121,81,145,122
597,30,156,30,60,184,40,38,100,115
597,31,166,238,167,241,254,63,106,29
597,32,223,127,90,240,111,213,119,252
597,33,93,210,32,83,119,166,220,215
597,34,186,1,26,51,236,82,209,180
597,35,108,84,153,160,86,221,57,139
597,36,83,22,29,70,101,64,93,85
597,37,229,88,61,123,66,2,76,19
597,38,151,168,158,17,92,93,255,202
597,39,154,189,217,2,222,63,38,56
598,0,43,238,112,173,186,89,200,33
598,1,217,140,182,146,70,62,181,152
598,2,121,167,11,20,43,49,72,189
598,3,117,130,236,106,199,26,230,233
598,4,54,45,58,205,17,144,129,193
598,5,188,90,65,43,135,185,88,152
598,6,65,157,14,182,31,180,22,15
598,7,117,23,229,70,78,176,254,123
598,8,239,180,35,179,104,116,173,52
598,9,191,180,85,49,171,197,98,169
598,10,125,88,157,39,65,27,173,120
598,11,19,39,42,99,111,181,108,47
598,12,193,151,220,85,0,62,54,93
598,13,112,103,211,10,105,149,15,176
598,14,46,86,222,52,21,205,233,114
598,15,36,120,107,172,166,46,44,162
598,16,26,24,142,181,94,205,62,160
598,17,81,5,2,65,145,132,83,193
598,18,20,97,170,121,204,30,68,147
598,19,51,152,167,109,254,205,145,138
598,20,110,144,239,35,122,185,114,244
598,21,191,85,49,116,100,248,180,97
598,22,88,62,157,211,111,86,173,39
598,23,39,42,181,83,49,106,111,172
598,24,220,139,89,87,154,116,42,45
598,25,211,112,10,162,37,250,2,148
598,26,134,233,43,110,86,222,34,21
598,27,107,36,172,120,82,219,115,39
598,28,43,142,94,7,103,204,32,191
598,29,5,81,2,48,250,145,83,153
598,30,170,147,142,121,22,44,197,200
598,31,167,152,63,128,117,161,109,240
598,32,223,96,186,215,68,90,122,155
598,33,119,83,238,55,220,215,232,190
598,34,116,1,180,207,236,144,138,186
598,35,153,108,160,227,139,189,250,27
598,36,192,166,23,83,181,64,70,119
598,37,229,115,31,61,182,175,186,68
598,38,255,64,93,151,92,148,71,168
598,39,186,2,189,69,38,217,146,190
599,0,167,189,235,94,130,193,36,135
599,1,217,140,128,182,77,181,191,115
599,2,49,177,21,72,167,20,43,153
599,3,117,129,118,199,26,233,128,91
599,4,193,235,144,205,54,165,58,17
599,5,188,90,152,43,65,135,220,230
599,6,65,14,31,22,133,121,182,165
599,7,117,70,176,254,78,118,47,110
599,8,239,35,179,104,122,114,144,244
599,9,49,239,85,113,60,171,195,118
599,10,88,240,211,125,157,93,219,231
599,11,19,181,39,239,224,99,42,41
599,12,16,0,151,62,83,189,5,69
599,13,10,112,149,103,2,211,255,205
599,14,46,34,207,219,136,191,8,91
599,15,120,107,36,168,243,44,2,196
599,16,142,94,92,18,62,160,24,223
599,17,81,2,65,121,132,83,145,34
599,18,121,20,30,147,44,200,156,146
599,19,152,138,166,254,94,186,242,51
599,20,144,247,110,199,114,122,22,244
599,21,100,49,217,218,214,248,85,97
599,22,62,180,88,131,210,120,123,162
599,23,39,42,26,83,69,127,200,181
599,24,200,85,139,87,36,177,45,204
599,25,162,211,10,112,2,250,213,193
599,26,134,34,110,233,211,107,56,130
599,27,36,107,219,196,47,175,59,115
599,28,142,61,204,191,62,84,50,169
599,29,2,81,167,5,48,34,65,247
599,30,147,121,40,44,169,170,9,125
599,31,166,152,167,161,254,32,128,186
599,32,223,96,68,186,51,215,124,122
599,33,119,55,190,108,29,220,90,32
599,34,186,116,180,1,236,204,207,138
599,35,153,227,108,129,209,215,60,34
599,36,166,31,123,199,23,70,63,130
599,37,115,31,186,159,175,218,226,61
599,38,255,151,93,92,23,71,230,148
599,39,2,189,69,217,225,38,146,168
600,0,238,83,43,59,88,130,112,57
600,1,182,143,152,70,140,78,238,181
600,2,72,49,8,11,36,21,188,153
600,3,106,150,29,129,110,226,151,210
600,4,254,171,202,165,61,247,45,193
600,5,87,51,206,188,185,69,101,220
600,6,14,180,76,65,107,182,28,193
600,7,126,57,164,210,110,121,201,217
600,8,179,122,144,25,37,166,64,125
600,9,152,49,69,180,183,118,172,100
600,10,88,228,69,210,22,192,231,39
600,11,39,239,253,5,99,224,28,11
600,12,16,189,102,0,28,117,211,254
600,13,112,10,149,2,103,233,211,205
600,14,46,55,215,213,107,91,81,223
600,15,36,107,168,2,196,244,56,254
600,16,142,66,141,63,62,49,160,176
600,17,2,81,65,121,34,145,45,83
600,18,121,20,30,147,44,170,200,42
600,19,200,138,152,254,32,242,173,186
600,20,144,114,110,199,122,22,149,211
600,21,69,100,49,218,248,214,229,60
600,22,71,210,162,123,228,88,180,60
600,23,39,26,246,224,99,110,113,83
600,24,169,68,8,200,204,45,245,42
600,25,211,162,2,112,10,161,173,193
600,26,134,110,34,233,119,142,212,21
600,27,219,175,107,141,59,47,117,196
600,28,142,204,62,191,169,220,109,216
600,29,81,2,34,53,121,167,145,194
600,30,147,121,169,44,100,146,9,40
600,31,152,161,172,188,254,48,32,15
600,32,60,121,51,124,227,177,68,25
600,33,33,108,27,195,53,78,225,135
600,34,138,108,99,214,245,31,137,114
600,35,215,189,95,159,234,117,155,217
600,36,224,3,64,69,127,208,225,130
600,37,239,218,230,61,252,36,51,247
600,38,23,100,210,98,143,223,204,184
600,39,96,185,162,73,106,22,66,63
601,0,0,189,78,148,60,12,89,184
601,1,186,103,170,204,130,213,55,135
601,2,32,79,124,91,188,247,11,6
601,3,184,109,227,165,215,240,81,239
601,4,137,250,202,178,238,5,56,41
601,5,36,206,126,246,140,33,216,60
601,6,205,23,252,213,101,87,253,76
601,7,149,18,11,178,168,110,59,251
601,8,144,108,22,27,114,94,125,232
601,9,100,31,218,225,157,149,43,118
601,10,221,131,229,210,45,42,230,38
601,11,184,118,244,83,243,121,70,188
601,12,131,180,189,94,201,239,18,16
601,13,240,211,162,10,82,68,241,213
601,14,85,212,34,68,233,30,219,21
601,15,97,107,15,196,92,102,243,251
601,16,176,84,66,77,76,251,220,142
601,17,184,2,225,81,121,145,34,53
601,18,121,30,147,20,60,44,136,42
601,19,49,149,15,200,254,186,138,165
601,20,144,202,213,119,247,244,199,22
601,21,100,121,228,214,248,49,218,60
601,22,221,131,226,229,228,105,77,82
601,23,118,244,26,123,172,154,127,184
601,24,131,141,204,200,28,148,64,227
601,25,162,211,10,240,161,213,148,128
601,26,34,62,134,85,110,212,236,21
601,27,196,107,130,175,115,219,59,95
601,28,142,18,62,204,191,92,102,109
601,29,184,2,225,53,81,214,34,10
601,30,147,121,40,42,146,188,20,44
601,31,152,149,49,15,172,194,238,112
601,32,121,138,48,68,202,51,102,214
601,33,147,55,225,195,90,27,47,115
601,34,226,163,175,120,137,204,209,229
601,35,86,94,215,213,58,238,9,217
601,36,199,4,130,31,224,240,230,67
601,37,62,100,43,101,226,85,4,76
601,38,23,248,254,210,140,233,100,11
601,39,107,134,193,73,235,185,155,80
602,0,36,130,179,168,213,176,145,150
602,1,139,106,216,78,151,64,87,123
602,2,182,25,175,40,37,240,155,19
602,3,142,59,8,135,205,208,107,46
602,4,241,131,39,198,179,151,19,183
602,5,103,24,176,112,139,33,37,51
602,6,255,180,250,107,141,14,44,193
602,7,121,217,126,234,201,99,110,205
602,8,144,125,251,93,59,199,114,37
602,9,69,192,183,117,49,233,118,140
602,10,228,86,212,77,210,69,42,195
602,11,243,174,154,254,184,5,168,122
602,12,11,28,201,188,180,5,94,177
602,13,211,10,121,206,68,67,82,241
602,14,213,219,46,8,81,34,68,104
602,15,130,89,59,243,216,44,93,2
602,16,92,220,100,50,161,62,142,180
602,17,225,97,168,34,10,121,243,182
602,18,40,20,30,3,121,111,160,60
602,19,138,91,254,78,178,32,186,152
602,20,120,244,223,205,144,40,202,245
602,21,69,252,218,11,56,33,192,62
602,22,210,129,24,211,241,71,49,123
602,23,224,154,127,172,26,38,16,51
602,24,200,87,82,89,27,201,7,110
602,25,211,2,51,10,193,148,173,68
602,26,110,43,62,24,34,114,63,154
602,27,115,39,59,44,89,219,175,106
602,28,13,142,92,204,211,62,169,225
602,29,225,2,34,214,145,53,194,247
602,30,121,40,146,188,42,24,44,30
602,31,194,152,238,254,161,246,128,112
602,32,102,48,68,51,177,217,54,214
602,33,55,225,224,126,151,27,107,115
602,34,236,120,175,67,204,163,64,137
602,35,94,213,129,60,238,161,85,219
602,36,199,67,195,2,36,99,130,224
602,37,7,43,140,226,232,20,45,186
602,38,23,163,100,230,140,32,210,96
602,39,138,114,185,168,246,253,235,222
603,0,127,85,49,18,153,58,146,112
603,1,30,43,29,66,123,141,193,232
603,2,15,169,40,22,138,155,195,174
603,3,20,116,171,55,141,51,203,52
603,4,215,12,228,254,182,104,150,39
603,5,169,249,82,56,122,176,112,37
603,6,107,180,136,37,250,252,73,166
603,7,56,126,217,234,121,110,156,183
603,8,120,144,251,114,25,64,24,100
603,9,183,224,182,49,117,140,233,192
603,10,24,218,212,210,199,86,49,182
603,11,114,241,224,40,239,5,127,243
603,12,11,28,16,201,189,226,195,188
603,13,10,38,211,70,82,68,2,121
603,14,46,219,107,180,34,215,213,81
603,15,2,243,93,47,36,59,168,141
603,16,142,137,92,100,62,160,23,220
603,17,2,34,121,167,97,81,65,225
603,18,121,20,30,44,147,40,188,60
603,19,91,138,233,186,194,152,254,1
603,20,144,120,199,114,36,244,110,245
603,21,100,218,248,228,11,229,192,214
603,22,199,211,60,24,123,127,129,218
603,23,114,224,149,26,172,127,200,113
603,24,214,68,200,48,175,251,36,110
603,25,162,2,211,161,193,38,173,188
603,26,110,62,177,34,63,21,236,212
603,27,141,175,196,59,219,163,115,86
603,28,18,142,175,169,137,204,163,225
603,29,125,247,53,34,225,2,167,145
603,30,121,40,42,24,166,20,146,30
603,31,194,238,254,152,36,197,45,227
603,32,221,51,68,214,177,217,203,101
603,33,168,55,121,224,32,13,108,27
603,34,81,55,159,208,192,204,236,130
603,35,39,129,99,213,60,64,56,35
603,36,49,156,15,176,23,143,130,36
603,37,7,15,219,121,140,20,186,115
603,38,230,88,23,32,100,14,204,255
603,39,114,72,185,45,206,244,222,106
604,0,4,122,46,218,248,63,212,29
604,1,221,126,143,29,240,205,17,138
604,2,212,236,194,182,201,23,174,234
604,3,243,2,20,242,112,132,154,144
604,4,149,164,134,77,22,233,4,132
604,5,82,206,95,164,60,4,33,233
604,6,136,62,32,180,213,152,23,66
604,7,11,13,252,178,75,126,150,217
604,8,144,22,114,63,244,161,27,135
604,9,100,218,49,160,134,225,43,229
604,10,131,32,180,233,1,245,117,199
604,11,83,241,37,97,26,5,124,40
604,12,110,189,25,28,239,2,139,175
604,13,162,10,185,90,240,0,211,82
604,14,3,21,212,233,177,110,0,30
604,15,221,107,142,138,0,163,111,64
604,16,62,142,76,94,77,18,223,169
604,17,2,81,49,121,145,34,108,225
604,18,121,20,30,153,151,108,147,102
604,19,49,6,186,152,112,172,94,24
604,20,144,213,199,89,110,232,244,135
604,21,100,218,49,248,160,214,58,237
604,22,95,131,233,245,199,211,168,180
604,23,116,241,248,200,70,83,124,97
604,24,48,110,28,131,50,25,229,87
604,25,162,10,211,148,193,71,250,2
604,26,3,134,21,212,222,177,233,63
604,27,107,39,219,0,104,175,90,47
604,28,102,94,193,196,32,62,169,223
604,29,225,2,94,49,61,81,145,21
604,30,0,121,40,42,147,200,162,22
604,31,152,128,194,161,112,147,254,34
604,32,161,215,140,125,254,68,122,177
604,33,161,55,132,32,5,133,119,90
604,34,62,227,109,238,44,236,20,103
604,35,86,187,129,74,148,227,190,219
604,36,93,115,156,227,143,39,123,157
604,37,101,169,16,123,113,78,27,232
604,38,255,251,169,230,121,18,96,134
604,39,117,231,218,179,122,163,129,235
605,0,123,229,249,196,7,105,216,242
605,1,150,225,231,27,62,151,184,216
605,2,4,227,17,235,162,210,132,53
605,3,84,152,133,187,31,37,235,176
605,4,236,142,13,15,108,167,102,222
605,5,104,193,204,51,186,6,235,206
605,6,107,180,167,136,62,83,178,93
605,7,29,126,196,23,216,234,210,28
605,8,89,234,114,110,105,251,93,144
605,9,49,94,29,228,118,77,229,222
605,10,1,169,113,130,13,248,210,105
605,11,241,189,243,185,122,99,168,17
605,12,63,28,26,255,110,201,78,177
605,13,97,211,10,255,253,43,68,121
605,14,3,34,31,8,222,219,233,20
605,15,107,81,221,59,90,142,0,216
605,16,94,142,100,204,77,62,191,196
605,17,225,81,2,34,108,172,193,83
605,18,44,30,121,20,147,42,40,97
605,19,6,152,78,254,186,138,32,119
605,20,144,244,199,89,110,114,247,36
605,21,100,49,29,94,218,126,11,248
605,22,113,199,169,129,83,131,210,245
605,23,172,26,189,241,54,28,83,123
605,24,200,48,87,8,204,229,63,110
605,25,211,10,193,2,162,255,148,43
605,26,3,134,21,222,34,56,63,110
605,27,107,39,175,219,81,0,115,199
605,28,151,32,7,204,94,5,196,62
605,29,34,250,57,165,25,225,95,121
605,30,0,40,42,179,160,121,239,146
605,31,254,158,161,78,142,106,238,97
605,32,161,98,214,131,64,51,217,49
605,33,32,126,19,195,101,223,115,99
605,34,84,62,96,8,99,229,203,108
605,35,203,86,215,107,47,149,195,0
605,36,218,217,143,69,208,3,171,29
605,37,65,61,226,130,144,123,96,80
605,38,23,117,193,25,159,184,99,18
605,39,228,97,168,17,202,235,81,222
606,0,141,235,190,158,221,253,115,208
606,1,182,46,93,47,21,244,152,188
606,2,10,57,109,121,17,128,34,4
606,3,128,35,34,190,231,150,158,174
606,4,95,67,236,142,81,211,144,108
606,5,47,90,188,193,88,135,107,41
606,6,215,107,60,153,180,167,250,83
606,7,176,117,78,23,64,231,29,234
606,8,180,33,239,104,116,89,99,110
606,9,126,116,191,49,132,171,94,56
606,10,248,13,83,169,36,120,210,113
606,11,36,99,233,144,172,243,189,28
606,12,93,242,87,63,85,160,27,26
606,13,33,10,97,104,112,211,105,107
606,14,147,86,3,46,219,91,95,215
606,15,2,177,44,243,240,210,168,82
606,16,151,156,26,204,142,24,100,94
606,17,110,81,34,121,182,193,97,153
606,18,128,20,97,30,187,40,60,68
606,19,12,116,152,254,120,6,74,242
606,20,110,209,36,44,33,138,114,244
606,21,116,191,126,49,85,248,132,252
606,22,127,210,211,113,169,199,86,36
606,23,36,172,189,187,144,16,233,163
606,24,93,242,27,201,15,229,200,78
606,25,104,33,206,226,201,117,255,114
606,26,149,147,110,70,107,3,95,63
606,27,97,191,115,229,27,89,37,31
606,28,151,43,225,134,23,156,255,120
606,29,57,255,5,34,93,0,97,153
606,30,163,201,40,60,179,42,133,44
606,31,116,12,109,254,20,205,235,255
606,32,119,223,161,252,90,131,24,181
606,33,93,210,83,19,44,129,155,135
606,34,82,74,99,132,62,96,231,199
606,35,27,204,174,52,65,203,195,225
606,36,222,69,128,29,217,192,143,64
606,37,219,141,133,245,54,36,166,229
606,38,239,231,64,200,193,184,138,207
606,39,186,173,103,190,167,237,162,81
607,0,38,193,53,54,244,44,176,167
607,1,122,117,105,58,201,148,188,20
607,2,128,186,179,172,130,241,53,6
607,3,183,91,35,128,77,34,12,204
607,4,67,184,187,179,20,144,210,81
607,5,145,78,32,160,159,51,76,229
607,6,206,199,118,124,230,242,160,98
607,7,88,221,143,159,195,180,176,15
607,8,144,244,114,25,218,113,189,100
607,9,100,135,229,49,53,88,137,71
607,10,145,96,240,29,115,23,144,136
607,11,42,181,76,239,41,4,143,24
607,12,189,139,213,187,251,239,202,99
607,13,162,10,82,250,118,156,110,198
607,14,233,222,21,212,3,219,34,43
607,15,107,100,196,90,122,243,142,0
607,16,94,142,126,74,223,24,202,177
607,17,2,81,83,121,145,249,34,7
607,18,121,30,20,186,147,200,44,156
607,19,186,152,94,119,254,178,135,240
607,20,144,247,110,7,49,114,199,44
607,21,100,49,218,22,134,214,85,248
607,22,141,51,180,131,52,105,140,160
607,23,80,172,26,241,122,216,97,184
607,24,139,89,217,200,190,48,25,45
607,25,162,250,10,15,213,109,247,31
607,26,222,233,43,212,100,142,107,236
607,27,82,107,39,139,86,219,202,196
607,28,2,74,126,175,131,186,223,94
607,29,2,150,51,247,82,83,34,121
607,30,156,121,100,146,64,142,97,111
607,31,138,240,186,135,128,238,152,204
607,32,33,215,217,115,0,51,68,124
607,33,192,55,215,77,119,113,135,238
607,34,16,144,204,236,173,126,108,113
607,35,215,180,129,137,95,13,64,141
607,36,110,112,59,102,143,225,169,85
607,37,8,7,93,140,69,244,55,92
607,38,103,43,191,112,204,73,206,117
607,39,10,237,228,164,171,81,37,73
608,0,43,112,238,173,89,186,30,7
608,1,46,47,188,181,129,137,140,70
608,2,128,140,186,245,10,200,176,189
608,3,236,26,233,230,117,183,210,130
608,4,67,144,81,193,199,213,179,245
608,5,188,90,220,185,109,43,83,255
608,6,215,63,133,60,131,198,107,180
608,7,176,70,15,126,78,117,156,162
608,8,33,104,239,122,24,237,216,100
608,9,126,49,132,60,191,171,43,113
608,10,166,248,161,211,13,62,115,240
608,11,133,36,233,39,224,127,243,5
608,12,212,195,200,117,87,253,104,175
608,13,33,2,21,10,142,104,255,121
608,14,147,46,219,70,215,197,107,91
608,15,2,168,120,37,44,89,243,82
608,16,151,156,142,120,66,18,62,49
608,17,110,81,182,121,113,45,34,82
608,18,128,20,97,30,40,44,60,147
608,19,12,152,254,120,138,255,78,186
608,20,144,216,244,40,36,199,114,106
608,21,248,132,126,49,116,252,214,222
608,22,127,123,211,210,71,199,44,121
608,23,36,74,224,172,133,42,127,26
608,24,242,200,169,27,201,87,204,141
608,25,104,114,33,2,68,206,10,247
608,26,110,34,185,70,82,236,219,81
608,27,97,89,219,59,196,115,179,247
608,28,120,63,100,23,66,225,204,156
608,29,34,194,167,82,168,97,130,10
608,30,40,60,9,128,42,67,160,56
608,31,254,10,12,255,158,32,106,246
608,32,223,217,54,111,24,124,231,118
608,33,32,53,223,137,98,29,4,113
608,34,99,137,116,108,142,199,130,14
608,35,241,195,149,65,86,33,81,215
608,36,69,64,112,63,97,127,230,151
608,37,53,111,61,137,141,243,62,127
608,38,156,222,98,248,161,149,186,11
608,39,186,193,218,255,235,251,249,185
609,0,167,189,235,94,130,193,245,36
609,1,115,77,181,105,217,39,25,128
609,2,21,177,102,246,82,72,46,7
609,3,233,236,41,17,210,91,117,252
609,4,144,193,62,81,67,249,130,20
609,5,220,85,230,239,255,185,159,145
609,6,118,81,133,193,98,199,96,179
609,7,176,112,180,157,72,126,15,109
609,8,24,244,114,144,122,237,100,166
609,9,126,60,88,183,49,46,233,229
609,10,240,21,166,211,231,189,93,96
609,11,41,28,74,133,181,224,5,82
609,12,212,117,83,187,146,214,104,102
609,13,2,10,255,121,21,68,82,177
609,14,34,219,212,233,154,127,223,57
609,15,107,2,82,196,93,157,48,243
609,16,142,74,94,66,191,100,2,126
609,17,2,81,83,100,121,34,82,116
609,18,121,147,20,67,30,61,243,200
609,19,152,119,178,128,150,227,94,123
609,20,78,144,247,199,110,22,49,244
609,21,49,100,22,85,248,88,56,218
609,22,180,222,52,160,51,194,86,168
609,23,57,106,80,26,97,200,233,243
609,24,19,201,132,122,25,22,139,195
609,25,10,192,8,250,106,4,50,15
609,26,59,235,43,24,222,131,114,57
609,27,44,210,199,157,120,39,86,123
609,28,2,211,106,94,122,79,131,45
609,29,150,153,122,121,167,163,8,138
609,30,115,61,22,119,68,160,205,136
609,31,63,138,241,24,171,254,29,153
609,32,33,107,186,240,96,64,192,49
609,33,192,215,16,166,28,238,113,15
609,34,16,68,211,99,252,207,199,172
609,35,108,59,218,235,250,206,57,145
609,36,83,245,127,217,119,214,134,226
609,37,165,8,31,160,234,186,184,175
609,38,103,255,252,159,237,176,31,18
609,39,120,2,206,73,65,201,106,173
610,0,238,83,43,59,130,112,88,6
610,1,143,152,78,182,238,192,140,181
610,2,72,8,36,21,102,0,108,62
610,3,106,150,250,210,29,226,110,8
610,4,254,202,255,61,171,193,7,62
610,5,87,51,29,68,185,112,124,220
610,6,81,118,181,205,87,160,191,63
610,7,201,206,164,235,92,127,174,104
610,8,37,166,24,237,131,167,244,206
610,9,152,183,46,69,219,167,16,40
610,10,212,136,88,60,183,240,42,174
610,11,39,5,74,22,82,138,28,13
610,12,212,68,24,213,127,146,100,187
610,13,71,161,209,132,2,114,242,255
610,14,150,193,26,244,166,127,71,191
610,15,196,127,2,157,72,53,132,124
610,16,74,100,131,216,236,79,103,213
610,17,175,127,100,34,53,246,189,82
610,18,20,14,169,30,61,24,146,60
610,19,150,152,227,119,178,193,123,254
610,20,78,144,247,110,49,114,244,199
610,21,85,49,88,158,56,100,229,209
610,22,86,180,178,222,52,78,249,34
610,23,57,96,106,26,97,122,233,127
610,24,201,195,19,132,68,122,95,225
610,25,192,106,8,161,159,4,250,10
610,26,235,59,24,43,95,87,120,131
610,27,44,157,196,120,210,199,250,224
610,28,211,2,106,79,122,94,186,74
610,29,150,153,122,173,1,163,201,134
610,30,61,119,115,68,22,60,21,100
610,31,138,63,241,24,153,29,171,87
610,32,33,240,107,60,68,64,11,49
610,33,192,16,33,166,215,229,28,113
610,34,16,112,149,230,192,172,61,108
610,35,108,59,250,206,127,180,245,199
610,36,199,136,15,220,101,214,232,110
610,37,165,8,239,160,120,69,218,184
610,38,103,252,144,37,223,166,98,237
610,39,96,120,5,73,170,218,155,106
611,0,0,148,189,12,184,60,217,55
611,1,197,5,103,165,208,161,213,130
611,2,61,32,79,91,6,124,254,187
611,3,184,109,107,227,254,81,159,240
611,4,178,137,203,202,250,41,26,56
611,5,36,246,206,33,126,140,72,227
611,6,11,205,40,252,141,101,131,23
611,7,149,18,59,6,15,168,178,11
611,8,144,108,22,114,27,232,94,244
611,9,100,31,218,43,183,157,192,177
611,10,221,131,74,229,104,38,86,50
611,11,184,118,244,83,121,74,173,123
611,12,180,131,242,94,239,18,25,234
611,13,21,240,162,2,82,68,185,70
611,14,92,34,85,212,233,21,219,68
611,15,107,97,15,2,219,160,196,246
611,16,66,84,202,142,77,251,176,76
611,17,184,2,100,121,145,34,119,81
611,18,121,30,147,156,14,40,42,20
611,19,49,149,186,254,94,15,255,227
611,20,144,213,247,202,244,199,15,149
611,21,100,248,121,138,49,214,228,80
611,22,221,131,226,229,74,73,44,249
611,23,244,118,123,133,26,172,74,246
611,24,131,242,200,229,141,226,204,202
611,25,162,10,148,213,68,188,132,128
611,26,92,34,0,236,134,110,56,85
611,27,97,66,175,219,196,59,115,141
611,28,120,18,142,175,50,63,66,37
611,29,184,74,59,34,10,125,86,167
611,30,40,146,166,42,60,172,9,160
611,31,10,175,238,254,144,186,246,32
611,32,217,121,212,52,51,118,115,245
611,33,147,225,137,197,4,195,27,115
611,34,226,108,245,120,99,215,6,137
611,35,121,215,155,62,217,9,33,65
611,36,62,130,12,112,178,29,128,31
611,37,100,120,252,62,54,127,51,247
611,38,23,210,11,131,248,32,159,157
611,39,107,193,103,196,218,115,48,185
612,0,130,179,168,145,206,213,242,164
612,1,139,106,216,151,64,208,197,5
612,2,215,85,25,186,175,19,73,184
612,3,142,59,8,135,252,205,208,250
612,4,241,198,131,39,179,19,151,96
612,5,103,24,112,176,37,107,139,51
612,6,11,250,141,44,128,223,81,222
612,7,121,201,217,126,224,99,51,71
612,8,24,199,202,166,251,114,244,144
612,9,69,117,233,192,183,140,28,11
612,10,50,69,212,49,42,141,86,83
612,11,133,173,243,254,154,16,28,40
612,12,11,201,182,29,224,170,27,133
612,13,21,121,2,241,206,70,141,10
612,14,219,119,70,154,171,133,92,81
612,15,2,89,97,243,216,59,196,163
612,16,92,216,50,100,225,132,66,247
612,17,119,182,168,67,34,82,165,246
612,18,30,97,60,42,146,21,14,110
612,19,186,246,138,119,90,254,194,68
612,20,144,247,78,244,199,211,205,245
612,21,22,80,149,43,56,233,79,147
612,22,123,210,129,174,75,158,239,241
612,23,26,226,122,35,40,172,54,173
612,24,244,139,217,182,112,102,204,132
612,25,2,162,173,68,191,128,254,193
612,26,222,114,186,210,3,39,82,34
612,27,196,59,39,219,202,175,106,139
612,28,2,100,204,211,182,224,169,50
612,29,34,30,121,82,119,95,175,168
612,30,60,40,42,110,30,9,166,146
612,31,238,207,255,220,10,254,160,246
612,32,217,54,49,245,213,231,51,212
612,33,225,137,0,13,27,115,77,98
612,34,6,120,108,192,99,98,159,137
612,35,215,155,238,64,81,217,65,222
612,36,69,199,130,75,165,112,63,233
612,37,43,252,36,247,54,98,244,51
612,38,23,210,173,177,221,115,117,131
612,39,218,107,235,193,237,164,115,196
613,0,127,85,49,18,153,58,146,112
613,1,30,29,43,66,123,232,239,141
613,2,215,15,186,169,85,152,73,104
613,3,116,20,171,51,55,141,203,52
613,4,12,215,228,32,254,182,61,130
613,5,169,249,29,82,56,176,112,37
613,6,136,193,250,170,37,76,166,191
613,7,56,217,126,201,206,234,99,104
613,8,120,24,251,216,144,93,244,250
613,9,224,182,183,117,233,140,28,11
613,10,24,50,212,49,218,69,42,211
613,11,114,133,74,224,127,241,173,28
613,12,11,195,226,29,201,189,224,255
613,13,21,121,2,70,159,10,184,68
613,14,230,127,236,219,119,107,34,215
613,15,2,59,89,243,93,117,124,163
613,16,66,23,141,84,92,100,50,63
613,17,182,34,45,246,167,165,168,97
613,18,30,38,60,3,199,153,160,14
613,19,91,194,186,138,90,142,158,246
613,20,216,245,237,244,81,18,199,11
613,21,248,53,192,149,80,33,30,190
613,22,44,49,144,212,123,11,129,136
613,23,224,74,114,129,251,172,34,51
613,24,242,29,214,114,27,141,201,251
613,25,68,35,193,119,201,2,128,254
613,26,92,110,236,107,9,3,63,55
613,27,247,97,115,190,59,219,167,106
613,28,18,63,66,100,204,143,50,158
613,29,34,119,228,167,95,74,82,191
613,30,166,67,40,30,60,42,240,38
613,31,194,10,238,197,207,254,255,160
613,32,170,161,217,211,212,118,51,231
613,33,168,113,227,137,13,27,115,140
613,34,159,192,108,6,81,99,98,38
613,35,193,215,64,155,213,33,222,105
613,36,69,130,47,224,80,143,122,112
613,37,179,54,119,92,185,226,165,247
613,38,173,88,23,254,117,248,131,204
613,39,114,206,170,17,155,115,106,45
614,0,4,122,46,218,63,212,248,29
614,1,221,126,143,29,240,205,17,50
614,2,194,212,215,236,186,85,144,201
614,3,243,32,72,241,2,66,40,228
614,4,164,149,134,22,4,77,244,223
614,5,82,206,95,4,164,255,80,107
614,6,136,180,32,62,213,11,20,250
614,7,11,126,178,13,252,193,150,75
614,8,216,144,22,114,244,135,213,161
614,9,100,49,218,160,225,229,43,118
614,10,131,32,180,1,49,233,50,245
614,11,241,83,43,140,164,74,33,26
614,12,248,110,25,2,28,189,159,255
614,13,162,90,10,115,188,82,185,218
614,14,3,212,233,21,219,92,34,190
614,15,221,107,97,247,177,138,64,111
614,16,142,101,62,94,76,223,77,84
614,17,2,81,145,119,216,121,84,34
614,18,121,20,97,30,147,151,136,186
614,19,49,186,6,172,152,94,254,19
614,20,144,216,213,247,89,199,110,40
614,21,100,49,22,218,58,214,160,248
614,22,131,95,113,245,180,32,13,48
614,23,124,74,136,83,123,181,116,241
614,24,48,242,248,200,214,175,229,202
614,25,162,10,119,193,213,2,71,128
614,26,3,100,21,34,233,134,222,212
614,27,107,39,177,175,219,104,151,247
614,28,62,175,94,7,32,223,103,101
614,29,119,2,94,61,145,49,81,251
614,30,0,121,22,24,42,205,160,200
614,31,205,4,254,128,238,135,94,152
614,32,161,125,215,131,186,51,68,254
614,33,161,238,43,132,86,55,5,13
614,34,96,20,227,6,207,8,199,103
614,35,57,160,86,108,21,145,74,115
614,36,93,19,171,143,59,130,101,128
614,37,72,65,101,169,61,186,16,96
614,38,177,115,248,61,134,143,18,196
614,39,231,193,117,185,163,170,179,222
615,0,123,229,249,196,105,7,216,242
615,1,150,225,231,27,62,184,151,246
615,2,227,4,162,17,132,163,53,235
615,3,152,235,133,84,187,176,27,77
615,4,128,13,142,236,108,167,15,91
615,5,104,224,193,41,78,51,204,186
615,6,180,54,107,167,153,83,178,250
615,7,29,126,216,196,121,23,127,156
615,8,89,234,114,105,251,100,24,110
615,9,94,228,29,49,77,164,118,222
615,10,113,169,1,130,50,248,13,210
615,11,136,189,241,243,140,74,161,122
615,12,242,63,255,26,28,87,248,110
615,13,97,10,43,162,68,2,4,206
615,14,3,20,223,233,222,34,219,134
615,15,107,177,81,100,142,221,173,0
615,16,142,94,223,37,196,9,202,24
615,17,119,81,193,2,172,61,108,216
615,18,20,121,30,186,57,156,147,187
615,19,6,186,152,94,130,205,145,172
615,20,144,110,247,89,234,15,199,244
615,21,94,29,100,22,218,49,164,85
615,22,113,169,131,83,130,1,222,51
615,23,189,54,42,241,83,172,161,26
615,24,48,217,63,139,26,204,200,87
615,25,162,250,10,43,147,2,81,15
615,26,222,233,43,21,134,3,124,100
615,27,107,39,162,81,200,177,96,0
615,28,5,133,94,7,32,195,9,2
615,29,2,250,119,76,172,48,83,81
615,30,179,22,205,0,187,142,186,121
615,31,205,109,4,128,135,171,218,130
615,32,161,98,186,215,181,99,68,134
615,33,238,183,86,215,55,126,73,143
615,34,96,84,207,180,101,86,62,8
615,35,160,57,108,153,145,21,27,35
615,36,70,222,181,120,98,217,171,119
615,37,65,72,31,182,61,186,190,2
615,38,64,151,134,196,61,180,158,18
615,39,228,217,190,2,222,185,11,253
616,0,141,235,190,158,221,253,208,115
616,1,182,93,46,244,47,21,97,152
616,2,10,57,109,123,17,98,128,34
616,3,231,187,128,35,235,158,190,34
616,4,95,128,81,67,144,236,211,91
616,5,224,193,90,47,78,41,135,88
616,6,54,60,107,153,206,215,83,187
616,7,29,23,117,64,231,229,210,216
616,8,104,89,234,239,180,99,56,24
616,9,116,191,126,164,94,56,13,49
616,10,248,169,113,50,36,210,130,13
616,11,233,136,189,161,36,99,4,74
616,12,93,242,87,63,26,99,27,195
616,13,97,33,206,10,2,241,43,15
616,14,147,3,124,86,43,222,223,20
616,15,2,196,81,177,168,189,162,89
616,16,196,223,9,2,37,5,100,218
616,17,172,193,61,250,81,34,67,110
616,18,20,187,186,30,179,156,68,200
616,19,116,205,109,152,6,227,97,171
616,20,110,234,7,239,180,44,116,209
616,21,116,191,94,85,29,164,49,22
616,22,169,113,83,222,198,39,125,130
616,23,189,42,86,172,243,161,122,228
616,24,93,74,26,63,54,15,217,229
616,25,43,134,15,147,255,156,107,6
616,26,124,222,51,149,20,120,3,148
616,27,162,81,200,31,196,39,57,107
616,28,5,43,133,7,32,94,196,9
616,29,172,250,76,0,87,119,48,8
616,30,179,205,187,22,186,142,163,68
616,31,116,205,4,109,171,218,252,211
616,32,119,161,186,90,181,134,192,77
616,33,93,238,183,215,86,143,73,129
616,34,96,82,207,74,132,180,62,86
616,35,27,160,57,108,153,145,84,239
616,36,222,70,181,192,120,83,20,98
616,37,229,39,31,182,58,190,175,233
616,38,64,151,148,92,67,134,255,202
616,39,186,154,190,38,217,69,11,189
617,0,132,158,190,38,253,112,141,152
617,1,182,140,244,152,233,93,211,122
617,2,10,121,74,29,27,57,219,100
617,3,128,133,34,35,199,187,91,235
617,4,128,58,142,6,236,95,205,129
617,5,193,47,90,65,152,188,78,88
617,6,60,54,153,31,22,121,138,75
617,7,117,23,29,78,64,14,254,229
617,8,234,180,239,116,104,89,99,56
617,9,191,239,164,59,13,85,197,36
617,10,125,169,36,198,113,27,196,65
617,11,19,189,86,108,161,206,99,233
617,12,93,63,26,74,175,151,44,85
617,13,97,103,147,43,134,10,15,29
617,14,20,124,3,32,51,86,41,222
617,15,81,162,200,177,31,2,82,107
617,16,9,196,5,133,223,205,24,168
617,17,250,172,193,61,81,76,121,93
617,18,20,179,187,186,30,57,68,161
617,19,109,205,116,152,171,145,68,227
617,20,110,234,239,7,180,247,44,209
617,21,191,94,85,239,164,29,49,149
617,22,169,125,222,113,236,39,198,178
617,23,189,42,172,86,161,128,213,180
617,24,93,74,26,63,54,15,217,27
617,25,134,15,147,43,6,255,32,107
617,26,124,51,222,149,24,21,131,43
617,27,162,81,200,107,31,39,57,210
617,28,5,133,7,43,32,94,9,2
617,29,250,172,76,0,87,132,8,48
617,30,179,205,187,22,163,186,68,142
617,31,205,109,4,116,171,218,128,135
617,32,119,161,186,90,134,215,192,77
617,33,93,238,183,215,86,143,129,73
617,34,186,96,207,82,180,101,86,62
617,35,160,57,27,108,153,145,72,84
617,36,222,70,181,120,98,217,119,20
617,37,31,182,39,229,190,58,200,175
617,38,64,151,148,92,255,134,70,202
617,39,186,217,38,69,189,141,190,2
618,0,5,38,193,53,167,220,54,44
618,1,122,201,58,117,182,140,105,115
618,2,49,20,129,119,151,78,172,10
618,3,128,35,91,34,113,210,250,41
618,4,58,205,6,130,136,5,91,159
618,5,193,78,47,239,90,5,15,88
618,6,60,22,65,54,206,68,118,187
618,7,117,210,88,78,70,254,23,74
618,8,104,234,239,89,56,73,180,113
618,9,239,191,113,60,118,13,56,25
618,10,166,240,115,93,211,129,48,96
618,11,181,57,41,28,4,127,253,95
618,12,175,0,117,213,138,87,195,99
618,13,10,15,2,82,156,11,206,4
618,14,223,222,3,21,219,30,41,134
618,15,107,120,2,39,196,168,0,216
618,16,223,94,142,63,24,66,9,204
618,17,2,81,132,108,121,193,34,83
618,18,121,20,186,30,147,44,200,42
618,19,152,205,186,135,119,172,145,94
618,20,144,110,247,7,199,244,168,217
618,21,100,85,49,22,248,218,94,217
618,22,62,236,131,105,51,129,141,180
618,23,42,172,83,26,203,97,205,69
618,24,139,200,48,201,89,138,25,87
618,25,162,10,250,15,255,193,81,29
618,26,222,233,100,134,21,43,34,107
618,27,107,39,120,196,86,219,36,59
618,28,5,94,7,32,204,195,103,131
618,29,2,5,250,132,172,83,81,121
618,30,179,22,205,187,142,186,121,200
618,31,128,109,135,205,171,130,218,254
618,32,119,215,186,96,68,247,98,161
618,33,238,183,86,215,55,93,232,73
618,34,96,207,180,186,84,101,82,236
618,35,160,153,108,57,145,227,35,129
618,36,70,181,119,98,120,157,156,23
618,37,182,31,58,190,7,93,175,186
618,38,151,148,71,92,255,230,95,67
618,39,2,217,69,189,38,213,146,78
619,0,212,106,218,57,33,43,157,236
619,1,128,124,242,73,132,19,250,86
619,2,49,117,219,255,238,60,119,80
619,3,177,4,219,92,55,217,30,227
619,4,242,118,74,254,54,224,255,88
619,5,178,249,161,147,31,44,10,11
619,6,208,183,68,122,166,65,60,42
619,7,101,32,54,109,134,79,196,44
619,8,120,157,110,234,180,186,56,24
619,9,151,217,96,85,49,156,13,98
619,10,46,62,161,68,228,155,11,168
619,11,195,93,27,64,181,57,40,203
619,12,138,191,175,0,117,144,87,197
619,13,164,168,116,15,28,206,10,117
619,14,213,83,222,223,230,180,219,3
619,15,39,196,107,0,100,177,117,160
619,16,223,9,37,96,188,204,2,181
619,17,104,132,193,81,2,93,83,145
619,18,20,186,159,68,30,121,215,200
619,19,225,152,135,145,171,218,205,186
619,20,110,7,144,247,103,180,114,168
619,21,151,85,148,218,217,100,49,22
619,22,46,222,68,178,51,228,24,236
619,23,195,203,93,27,64,40,228,236
619,24,191,139,138,48,89,217,200,225
619,25,164,250,29,162,15,81,8,226
619,26,43,222,213,21,233,114,34,120
619,27,39,107,96,196,123,86,199,210
619,28,181,2,237,223,188,195,96,204
619,29,104,132,2,8,83,48,190,141
619,30,142,68,22,159,186,64,188,121
619,31,225,128,135,171,211,218,146,152
619,32,107,48,254,42,224,102,215,68
619,33,121,18,107,143,55,215,156,21
619,34,220,175,217,208,236,64,95,204
619,35,94,2,5,108,85,183,132,227
619,36,67,255,246,152,195,156,119,23
619,37,43,60,7,135,153,20,82,75
619,38,163,255,201,230,47,195,124,120
619,39,246,138,1,114,203,250,92,215
620,0,172,92,234,84,4,111,155,188
620,1,85,128,255,198,120,211,202,92
620,2,117,134,110,234,150,23,94,49
620,3,177,30,92,116,214,101,218,17
620,4,228,54,74,71,94,12,118,122
620,5,178,114,161,183,115,10,100,147
620,6,235,180,183,61,65,42,166,73
620,7,101,40,196,32,23,108,14,44
620,8,159,180,110,103,35,212,52,57
620,9,151,49,96,85,98,120,93,217
620,10,46,9,218,222,62,63,231,161
620,11,195,66,203,114,57,247,153,93
620,12,138,191,0,144,190,99,193,43
620,13,116,10,38,15,28,168,29,2
620,14,3,222,83,21,46,223,219,230
620,15,39,36,107,177,117,196,100,0
620,16,181,9,223,94,142,24,63,37
620,17,81,132,2,218,83,121,193,145
620,18,20,121,30,147,186,200,39,68
620,19,152,51,225,233,186,135,243,145
620,20,144,159,247,110,57,114,22,103
620,21,100,49,96,218,85,217,60,214
620,22,62,218,180,46,131,9,123,211
620,23,66,42,195,203,83,247,114,26
620,24,190,48,139,200,25,89,202,204
620,25,162,10,250,15,116,193,29,226
620,26,134,233,222,21,100,212,211,43
620,27,107,39,36,196,139,138,177,158
620,28,13,62,169,142,223,103,94,148
620,29,2,81,218,145,247,65,132,53
620,30,121,142,100,147,97,22,51,42
620,31,152,128,225,240,51,254,151,94
620,32,96,186,215,195,68,146,122,51
620,33,75,55,6,97,119,238,37,58
620,34,212,255,204,180,236,101,9,144
620,35,153,129,227,49,145,108,56,104
620,36,234,119,98,22,208,171,64,99
620,37,7,175,250,84,42,36,77,115
620,38,255,177,100,230,159,35,23,241
620,39,165,222,10,68,114,146,185,167
621,0,233,93,165,85,49,228,157,146
621,1,203,92,183,57,16,96,120,234
621,2,117,65,172,94,191,173,120,238
621,3,17,214,173,216,169,41,105,148
621,4,254,122,119,172,20,105,17,37
621,5,114,161,250,194,183,178,69,159
621,6,90,65,107,235,137,166,180,118
621,7,101,196,109,3,40,126,15,121
621,8,35,159,114,122,103,42,7,237
621,9,217,49,151,85,88,214,118,100
621,10,62,240,211,231,46,175,93,96
621,11,57,181,66,203,195,41,42,247
621,12,190,0,43,189,139,254,144,255
621,13,10,227,116,162,82,2,4,193
621,14,223,212,222,21,233,134,219,34
621,15,39,107,36,196,243,0,142,177
621,16,223,142,94,37,77,66,24,164
621,17,2,132,145,81,83,121,65,34
621,18,20,121,147,30,186,200,39,3
621,19,152,186,254,94,135,51,225,233
621,20,144,247,57,110,199,114,244,122
621,21,217,100,49,218,22,214,138,60
621,22,62,131,236,180,123,211,210,241
621,23,42,83,66,26,181,124,97,126
621,24,48,190,139,25,200,202,89,185
621,25,162,227,10,250,193,226,218,188
621,26,211,233,134,100,222,21,212,110
621,27,107,196,36,39,139,138,47,86
621,28,169,223,142,148,62,103,204,13
621,29,2,81,145,65,249,247,53,132
621,30,121,100,147,51,142,97,146,47
621,31,152,225,19,94,240,128,254,238
621,32,96,68,186,215,51,42,128,122
621,33,55,238,119,123,11,58,232,72
621,34,180,196,204,236,9,207,144,101
621,35,153,129,227,139,56,60,16,137
621,36,119,181,8,166,157,176,112,22
621,37,7,31,219,115,198,175,93,84
621,38,255,230,93,14,139,76,228,160
621,39,241,68,9,146,114,16,225,185
622,0,218,212,46,63,40,65,110,157
622,1,203,165,79,128,242,85,63,243
622,2,58,134,89,117,120,238,84,234
622,3,55,177,30,178,92,19,217,214
622,4,254,17,215,133,74,172,150,49
622,5,31,18,67,254,213,147,100,23
622,6,166,107,241,180,39,65,221,147
622,7,61,66,126,57,196,3,198,32
622,8,247,157,22,122,114,144,204,27
622,9,240,49,100,22,233,229,192,18
622,10,220,228,95,46,211,175,180,254
622,11,158,54,49,93,156,241,27,57
622,12,190,188,28,138,139,189,224,182
622,13,10,37,162,250,164,119,227,2
622,14,21,134,180,223,46,212,219,233
622,15,107,177,116,39,111,219,243,90
622,16,142,94,37,169,77,191,223,175
622,17,2,216,65,145,121,81,83,167
622,18,121,20,97,147,30,102,3,9
622,19,233,152,254,186,238,94,125,207
622,20,144,157,247,110,122,232,22,36
622,21,240,100,22,214,218,217,228,49
622,22,220,228,229,131,180,241,211,168
622,23,158,40,156,54,38,83,246,46
622,24,190,106,91,214,202,200,139,175
622,25,119,162,227,164,250,10,193,37
622,26,212,34,110,134,21,233,223,55
622,27,107,138,196,177,117,219,141,86
622,28,201,175,169,142,13,148,223,103
622,29,216,2,65,145,53,167,34,48
622,30,121,97,42,40,47,100,125,142
622,31,238,152,254,240,94,172,128,207
622,32,116,42,68,215,51,214,199,133
622,33,182,55,206,18,59,119,245,57
622,34,205,196,236,204,113,144,151,140
622,35,129,227,210,139,213,60,35,56
622,36,251,8,166,157,176,66,208,119
622,37,7,115,218,176,219,61,165,226
622,38,255,93,124,230,100,140,159,23
622,39,185,114,146,225,45,162,222,224
623,0,83,135,59,108,61,79,88,160
623,1,101,85,192,111,143,78,152,238
623,2,72,97,96,8,36,189,246,21
623,3,106,226,72,129,162,29,213,250
623,4,215,171,254,202,185,248,72,219
623,5,87,51,189,231,29,207,80,160
623,6,180,255,241,76,107,141,87,192
623,7,66,126,110,164,157,217,57,61
623,8,37,25,166,244,251,144,24,148
623,9,69,183,49,152,229,192,233,100
623,10,88,228,104,254,210,42,240,93
623,11,39,49,168,38,123,41,88,254
623,12,190,76,28,188,213,18,189,117
623,13,146,10,112,119,227,2,68,82
623,14,223,219,26,186,34,13,212,81
623,15,196,117,107,177,219,243,2,59
623,16,63,175,66,37,49,182,92,100
623,17,2,65,145,121,34,116,100,53
623,18,121,97,9,60,147,30,20,217
623,19,238,254,200,246,207,32,193,186
623,20,144,247,11,244,114,158,8,209
623,21,100,69,22,60,231,157,218,33
623,22,210,195,231,88,104,215,123,105
623,23,88,39,129,40,148,246,4,74
623,24,169,251,177,195,218,91,45,112
623,25,227,119,146,161,242,196,57,255
623,26,110,136,215,230,142,181,87,26
623,27,117,254,150,137,141,168,53,219
623,28,220,210,85,218,50,200,88,92
623,29,167,216,53,121,130,10,182,175
623,30,60,166,127,47,184,9,42,110
623,31,238,10,48,246,161,153,220,173
623,32,60,121,57,35,63,111,205,51
623,33,33,108,225,195,115,123,19,25
623,34,138,108,99,2,142,158,192,229
623,35,215,69,234,199,182,38,117,80
623,36,225,208,64,3,66,106,219,240
623,37,239,218,242,108,125,118,127,230
623,38,23,100,252,200,210,143,98,233
623,39,162,96,185,235,218,22,175,115
624,0,0,189,78,148,89,12,19,207
624,1,186,204,240,135,103,130,60,252
624,2,72,32,247,189,246,97,254,96
624,3,184,72,9,239,109,240,48,168
624,4,178,202,137,238,5,250,224,158
624,5,36,33,140,206,126,246,89,245
624,6,205,101,252,118,67,253,191,141
624,7,149,18,11,15,168,66,245,24
624,8,144,22,108,60,114,202,125,142
624,9,100,31,225,229,183,218,149,177
624,10,221,131,104,45,42,105,229,38
624,11,184,244,83,118,123,164,117,243
624,12,131,180,94,18,188,204,139,255
624,13,240,162,82,241,121,193,198,68
624,14,85,212,68,219,34,223,233,21
624,15,196,107,243,97,160,59,34,175
624,16,66,63,76,92,84,245,251,141
624,17,184,2,145,53,225,121,34,182
624,18,121,30,156,147,44,60,20,136
624,19,149,49,238,15,186,200,254,173
624,20,144,247,202,213,22,209,114,232
624,21,121,100,214,246,60,49,228,192
624,22,104,221,231,82,195,95,229,226
624,23,118,244,205,88,149,252,26,51
624,24,131,214,141,175,195,91,200,204
624,25,227,162,161,119,146,196,188,10
624,26,110,236,85,212,34,35,185,229
624,27,196,137,34,141,115,175,219,254
624,28,63,245,148,204,103,100,92,79
624,29,184,53,225,2,216,167,145,10
624,30,42,100,121,40,110,24,47,166
624,31,149,238,49,152,194,254,246,153
624,32,121,138,57,63,133,111,35,51
624,33,147,55,225,162,19,140,195,47
624,34,226,113,163,204,120,8,137,199
624,35,71,9,215,155,248,137,213,165
624,36,240,16,230,143,66,208,225,12
624,37,100,62,54,127,125,226,133,123
624,38,159,196,134,42,23,138,245,17
624,39,107,134,193,235,185,170,103,128
625,0,36,130,168,179,176,213,150,149
625,1,139,106,216,64,111,87,239,78
625,2,155,182,19,15,244,69,138,240
625,3,142,59,135,8,97,208,107,160
625,4,241,131,181,151,198,191,39,240
625,5,107,112,139,30,113,176,189,149
625,6,110,250,199,192,118,120,41,247
625,7,66,126,62,183,104,235,52,15
625,8,24,144,251,244,114,25,166,202
625,9,71,63,210,135,184,12,69,194
625,10,144,43,23,78,145,127,96,14
625,11,24,42,135,58,41,254,25,177
625,12,251,189,139,58,28,190,201,91
625,13,162,10,250,82,118,57,146,226
625,14,222,21,233,212,219,3,223,34
625,15,196,107,100,90,2,122,0,243
625,16,94,142,191,2,223,74,126,24
625,17,2,83,81,145,121,34,7,244
625,18,121,30,186,20,147,200,156,215
625,19,186,152,119,254,128,227,178,135
625,20,144,49,110,7,114,78,22,199
625,21,100,85,218,49,56,134,22,158
625,22,51,52,180,222,100,195,178,105
625,23,80,26,97,241,122,172,200,57
625,24,217,201,139,190,89,200,122,19
625,25,10,250,106,81,192,156,76,162
625,26,222,43,59,235,24,57,120,114
625,27,196,39,44,86,202,57,199,123
625,28,2,211,79,204,45,186,90,180
625,29,150,134,214,10,122,53,173,7
625,30,61,60,230,160,14,42,184,127
625,31,238,154,138,207,186,204,48,220
625,32,57,127,35,63,111,211,205,49
625,33,225,77,162,32,27,253,241,19
625,34,6,113,140,99,120,216,231,137
625,35,215,209,213,238,124,65,245,130
625,36,69,75,208,161,102,218,225,130
625,37,133,130,54,141,176,108,165,125
625,38,159,37,138,117,115,17,207,241
625,39,162,235,185,170,175,134,107,164
626,0,51,49,22,58,153,85,247,18
626,1,169,87,30,177,5,111,232,77
626,2,16,22,195,18,40,164,182,97
626,3,98,97,27,238,160,137,153,162
626,4,67,81,14,72,240,7,201,182
626,5,67,235,245,191,243,212,192,122
626,6,241,129,180,118,107,88,193,141
626,7,66,44,126,11,217,24,93,28
626,8,247,33,22,144,25,42,251,148
626,9,132,49,240,22,100,233,229,192
626,10,228,220,82,95,231,42,6,255
626,11,36,158,49,40,254,54,164,88
626,12,242,190,11,188,247,121,28,214
626,13,33,10,37,184,206,119,241,68
626,14,219,8,147,186,34,110,205,31
626,15,177,243,196,219,240,140,2,237
626,16,37,131,50,103,49,100,158,156
626,17,110,2,167,216,182,82,227,100
626,18,128,97,112,121,9,136,194,160
626,19,238,207,186,254,1,81,246,138
626,20,247,144,237,235,244,245,40,24
626,21,132,22,113,60,158,218,214,80
626,22,82,231,195,129,123,118,71,69
626,23,246,46,126,129,205,38,40,233
626,24,242,190,214,87,247,102,29,112
626,25,119,68,161,114,185,132,196,117
626,26,110,186,228,26,8,102,215,63
626,27,196,163,240,219,115,208,27,190
626,28,175,245,37,216,85,153,204,156
626,29,110,119,216,167,53,34,10,214
626,30,128,47,112,166,9,42,127,110
626,31,238,10,207,246,197,175,242,161
626,32,238,111,51,212,160,217,231,214
626,33,73,225,195,123,98,41,19,67
626,34,99,69,108,137,40,36,245,216
626,35,215,238,149,81,245,198,64,213
626,36,199,69,112,224,208,165,75,63
626,37,130,226,61,111,144,4,54,92
626,38,248,159,241,131,206,182,233,252
626,39,113,218,185,193,170,146,173,235
627,0,83,59,130,88,61,135,108,79
627,1,148,110,219,136,173,143,105,212
627,2,16,76,138,231,105,155,202,99
627,3,161,49,124,162,244,222,68,106
627,4,21,97,64,176,50,99,31,69
627,5,57,25,200,20,234,143,121,180
627,6,139,254,225,127,207,211,24,21
627,7,200,141,213,247,165,209,194,63
627,8,223,81,235,8,56,144,238,244
627,9,235,246,8,209,248,112,136,72
627,10,243,150,247,185,25,65,176,188
627,11,128,206,108,160,12,86,204,62
627,12,145,128,221,1,60,209,192,62
627,13,134,182,118,154,32,147,202,66
627,14,148,32,51,137,88,167,10,106
627,15,162,58,200,87,31,165,242,181
627,16,133,106,43,205,80,252,35,134
627,17,87,211,76,15,0,198,250,153
627,18,43,127,161,134,89,163,13,179
627,19,116,20,109,26,154,36,205,19
627,20,116,56,63,191,115,239,23,110
627,21,117,197,35,122,164,152,63,8
627,22,150,125,176,243,39,65,185,42
627,23,128,9,206,254,160,86,150,108
627,24,252,151,93,74,18,192,235,52
627,25,134,32,118,154,147,6,182,95
627,26,88,51,137,148,10,41,32,103
627,27,181,87,58,165,242,31,200,185
627,28,182,150,106,205,134,43,218,93
627,29,0,87,124,15,76,153,16,20
627,30,195,161,134,43,163,13,226,89
627,31,20,116,75,109,205,26,166,241
627,32,252,160,112,33,119,181,90,95
627,33,16,184,43,39,210,92,129,164
627,34,133,26,85,231,92,51,132,186
627,35,42,84,72,204,108,174,57,86
627,36,221,45,83,73,20,75,217,76
627,37,138,182,239,104,23,72,237,156
627,38,144,103,223,248,43,37,105,184
627,39,96,185,63,235,162,236,146,33
628,0,0,12,148,189,207,55,60,177
628,1,173,197,5,208,165,98,186,161
628,2,16,61,76,182,250,254,77,113
628,3,184,107,137,139,132,109,48,190
628,4,203,26,219,101,72,178,56,146
628,5,36,206,111,33,245,246,131,140
628,6,54,11,141,99,19,253,80,67
628,7,149,18,11,168,178,59,24,71
628,8,144,22,247,108,27,94,114,244
628,9,100,31,218,149,174,229,177,192
628,10,74,221,131,231,104,95,229,129
628,11,136,184,244,118,83,124,173,123
628,12,242,180,25,214,202,131,239,139
628,13,162,240,227,185,2,119,121,90
628,14,92,233,212,219,21,85,68,34
628,15,196,107,97,243,177,2,160,138
628,16,142,66,84,175,76,37,202,77
628,17,2,184,145,119,81,100,121,216
628,18,121,30,20,97,147,42,184,136
628,19,49,238,186,249,94,149,254,152
628,20,144,247,213,217,199,22,150,202
628,21,100,22,214,58,138,49,218,248
628,22,231,129,131,82,221,104,211,118
628,23,123,205,136,244,126,38,118,51
628,24,102,175,190,214,91,48,229,202
628,25,119,162,227,10,161,71,213,188
628,26,110,34,212,223,21,233,142,56
628,27,117,196,107,141,177,47,151,39
628,28,175,169,223,103,18,216,191,245
628,29,2,216,53,145,167,119,132,214
628,30,121,97,100,42,188,47,146,147
628,31,238,152,94,249,199,172,128,112
628,32,48,68,214,51,64,111,102,215
628,33,55,225,107,147,151,47,72,195
628,34,113,204,226,175,236,120,67,202
628,35,94,129,85,5,187,9,213,137
628,36,246,195,152,176,112,143,225,156
628,37,43,7,100,60,135,55,69,252
628,38,163,32,210,173,176,50,23,100
628,39,107,114,236,193,185,197,35,80
629,0,168,179,130,145,213,101,94,176
629,1,139,106,216,64,208,5,111,197
629,2,215,85,186,19,144,16,73,146
629,3,59,142,135,27,208,8,97,238
629,4,241,131,181,151,219,198,170,19
629,5,176,24,252,51,207,112,117,245
629,6,54,241,107,180,250,44,128,11
629,7,177,126,66,68,56,217,121,205
629,8,144,247,251,114,93,199,205,42
629,9,69,49,233,192,229,80,107,143
629,10,220,231,95,228,195,210,192,24
629,11,158,88,136,243,173,154,54,40
629,12,11,190,28,242,201,188,177,89
629,13,10,121,253,227,37,152,2,241
629,14,223,180,213,219,34,21,110,46
629,15,177,117,196,107,254,2,219,47
629,16,142,158,62,180,37,94,131,169
629,17,2,216,121,167,34,81,194,145
629,18,121,20,30,97,42,3,102,186
629,19,238,254,186,152,94,207,249,91
629,20,120,144,247,36,122,110,114,40
629,21,214,100,69,218,22,60,228,11
629,22,24,231,71,220,211,131,123,210
629,23,123,40,246,124,38,26,126,205
629,24,214,175,190,102,48,91,139,89
629,25,119,162,227,193,10,99,2,250
629,26,110,21,212,34,43,56,233,223
629,27,196,117,175,151,107,138,139,177
629,28,13,175,169,142,204,216,62,223
629,29,2,216,145,249,53,132,214,247
629,30,121,51,188,97,42,142,146,40
629,31,238,152,199,172,240,254,112,128
629,32,68,48,215,51,214,102,128,133
629,33,55,107,126,151,224,225,96,121
629,34,204,113,175,236,120,208,64,67
629,35,129,94,85,5,2,213,183,137
629,36,195,246,152,156,2,67,143,176
629,37,7,43,95,219,60,135,82,55
629,38,163,230,201,255,47,32,195,100
629,39,246,1,248,114,215,92,250,122
630,0,49,85,127,18,58,153,170,227
630,1,43,228,30,66,57,29,107,3
630,2,15,169,215,189,186,22,152,85
630,3,20,116,171,51,55,72,141,137
630,4,215,12,228,79,219,32,159,183
630,5,169,249,29,250,82,189,37,192
630,6,107,136,54,241,180,73,170,88
630,7,56,126,217,40,161,66,62,3
630,8,120,144,247,251,114,24,64,22
630,9,49,229,233,100,183,224,192,124
630,10,24,220,218,231,49,95,210,192
630,11,114,88,158,241,144,41,127,40
630,12,190,11,28,254,175,48,201,255
630,13,10,38,146,119,193,162,117,68
630,14,223,21,180,219,34,212,46,213
630,15,117,177,36,107,219,2,221,47
630,16,137,142,62,169,94,63,175,49
630,17,2,121,218,216,145,167,83,34
630,18,121,20,97,30,188,3,42,9
630,19,91,238,233,152,254,186,138,207
630,20,144,120,122,22,40,36,114,213
630,21,100,228,218,214,128,194,11,22
630,22,131,24,218,231,71,129,180,211
630,23,114,226,40,124,248,97,200,38
630,24,214,175,91,190,139,48,200,25
630,25,119,162,193,38,227,189,5,161
630,26,110,21,212,193,34,223,56,134
630,27,117,141,196,139,151,107,219,175
630,28,175,169,137,142,13,148,158,62
630,29,2,216,145,249,218,53,167,34
630,30,121,97,42,188,20,147,51,100
630,31,238,152,94,112,129,172,91,19
630,32,221,102,68,51,214,215,177,64
630,33,55,168,121,224,205,96,151,245
630,34,81,55,208,113,204,236,67,202
630,35,129,39,99,56,183,124,18,213
630,36,49,156,176,195,157,143,199,169
630,37,7,219,15,193,55,82,69,95
630,38,230,47,14,139,32,106,80,255
630,39,114,244,72,203,250,183,185,222
631,0,223,50,76,4,151,72,122,155
631,1,221,29,185,37,32,126,144,50
631,2,63,212,110,236,194,23,15,118
631,3,243,151,156,112,78,218,144,66
631,4,164,134,77,22,239,149,37,132
631,5,82,23,95,60,233,164,115,33
631,6,136,241,152,180,107,54,62,154
631,7,161,11,252,178,126,191,240,48
631,8,144,22,114,246,247,161,40,27
631,9,100,49,218,134,58,229,109,225
631,10,131,1,180,218,32,220,95,162
631,11,241,83,124,116,97,158,88,216
631,12,254,28,190,25,11,214,0,48
631,13,185,162,10,119,179,5,224,90
631,14,223,21,212,219,233,55,3,34
631,15,117,107,138,177,221,16,243,248
631,16,142,169,94,77,78,62,223,147
631,17,2,49,145,81,216,83,65,215
631,18,20,121,97,102,147,30,136,200
631,19,238,152,24,94,138,172,254,186
631,20,144,122,232,213,40,247,57,199
631,21,100,214,49,218,98,58,22,229
631,22,131,218,211,180,231,0,71,102
631,23,116,124,205,97,83,126,114,51
631,24,190,25,48,254,175,87,28,214
631,25,119,162,10,38,185,227,5,189
631,26,21,62,212,110,134,223,34,219
631,27,117,141,138,196,16,163,107,139
631,28,142,62,169,175,191,223,148,103
631,29,249,2,49,145,216,247,53,167
631,30,121,51,97,151,147,166,40,20
631,31,172,238,152,129,254,112,19,161
631,32,51,215,86,68,146,133,214,217
631,33,55,133,97,36,6,98,137,30
631,34,204,5,159,255,236,227,113,36
631,35,129,8,49,181,75,213,0,41
631,36,168,69,36,234,124,64,169,143
631,37,198,95,69,68,130,173,61,176
631,38,185,120,17,117,173,180,42,221
631,39,185,165,235,114,167,224,253,151
632,0,96,226,117,52,187,15,171,198
632,1,195,183,96,209,206,2,166,230
632,2,63,7,35,65,131,118,213,149
632,3,138,170,192,123,14,122,162,200
632,4,119,123,8,239,22,55,134,2
632,5,82,231,95,23,122,61,29,233
632,6,16,241,54,136,154,220,3,107
632,7,161,11,126,131,191,54,110,178
632,8,144,112,22,247,114,251,244,40
632,9,19,49,100,109,206,218,178,245
632,10,163,229,1,131,95,180,32,231
632,11,18,241,116,130,11,124,51,83
632,12,106,254,190,28,255,67,118,189
632,13,162,200,179,10,119,5,82,185
632,14,223,219,34,212,8,21,55,38
632,15,117,103,107,241,196,177,221,219
632,16,78,142,223,94,149,191,77,84
632,17,2,65,145,121,34,83,216,249
632,18,121,20,30,3,194,6,146,102
632,19,138,233,186,94,152,238,172,227
632,20,144,135,213,112,122,40,114,244
632,21,100,218,19,109,214,248,49,206
632,22,131,163,229,227,71,203,231,211
632,23,181,18,11,124,205,26,130,51
632,24,102,214,48,200,25,190,218,243
632,25,119,162,227,193,185,10,200,5
632,26,21,34,219,62,110,223,212,4
632,27,196,141,163,151,107,117,111,175
632,28,62,169,142,103,204,148,218,18
632,29,249,2,53,145,232,247,34,167
632,30,121,146,51,147,100,166,42,194
632,31,172,169,254,54,238,246,186,161
632,32,51,17,89,68,228,16,147,35
632,33,55,23,214,94,172,228,117,165
632,34,204,159,113,199,99,36,58,142
632,35,181,75,129,34,8,198,121,199
632,36,168,253,69,8,64,130,36,240
632,37,198,164,92,130,176,25,4,95
632,38,136,73,233,23,6,161,142,112
632,39,21,185,235,226,151,103,146,114
633,0,135,246,216,255,61,34,168,181
633,1,192,48,194,20,110,105,207,119
633,2,81,231,142,215,149,35,7,115
633,3,162,123,27,9,17,244,138,250
633,4,184,145,179,123,97,23,150,246
633,5,82,145,162,122,243,159,231,160
633,6,118,53,11,212,110,37,214,199
633,7,11,165,155,3,143,88,67,62
633,8,144,22,244,114,25,148,251,64
633,9,100,183,49,135,218,229,80,196
633,10,131,240,95,29,210,23,96,32
633,11,168,11,124,241,122,83,88,41
633,12,255,189,139,25,28,213,239,175
633,13,162,10,82,193,119,4,34,5
633,14,3,223,233,21,212,219,222,39
633,15,107,196,90,122,221,142,138,100
633,16,223,94,142,24,191,84,77,168
633,17,2,145,81,83,121,34,249,7
633,18,121,30,20,147,186,200,156,42
633,19,186,152,254,240,172,119,129,227
633,20,144,247,110,199,244,7,213,84
633,21,100,49,218,214,22,85,134,56
633,22,131,140,52,208,51,231,180,241
633,23,186,80,172,26,83,122,205,97
633,24,139,48,25,175,89,45,217,27
633,25,162,10,227,255,250,119,15,193
633,26,222,233,100,43,3,212,223,142
633,27,107,139,39,141,196,202,86,219
633,28,2,63,223,94,131,79,60,204
633,29,249,94,88,61,247,2,10,216
633,30,19,0,151,42,111,121,127,162
633,31,214,146,238,36,227,161,135,232
633,32,161,111,51,217,140,115,230,125
633,33,152,55,132,98,90,104,241,143
633,34,159,183,99,113,32,44,204,199
633,35,74,129,155,222,213,9,86,41
633,36,115,168,145,143,69,99,3,106
633,37,239,198,248,173,38,36,133,108
633,38,23,112,8,145,143,233,180,77
633,39,42,227,185,55,22,202,76,222
634,0,42,25,252,100,152,183,165,89
634,1,98,131,190,114,153,44,180,115
634,2,81,115,149,5,2,35,142,215
634,3,123,192,138,72,120,9,14,247
634,4,84,22,180,233,134,123,35,188
634,5,82,206,59,95,196,116,33,214
634,6,118,227,152,40,241,32,213,0
634,7,11,88,126,48,150,3,178,177
634,8,135,144,22,40,114,63,244,237
634,9,160,100,252,218,49,86,78,229
634,10,131,32,98,35,95,180,70,89
634,11,83,199,124,241,77,33,179,37
634,12,25,189,175,2,139,37,109,239
634,13,162,185,119,90,240,10,94,82
634,14,3,223,219,212,21,143,233,34
634,15,107,64,221,246,111,138,90,142
634,16,142,62,94,223,76,77,193,191
634,17,2,145,249,81,83,162,121,216
634,18,121,20,151,30,79,147,200,194
634,19,49,6,152,172,138,186,254,238
634,20,144,89,135,213,247,22,232,114
634,21,160,100,49,218,86,248,22,119
634,22,131,231,227,98,245,71,219,70
634,23,77,201,199,241,123,83,124,116
634,24,175,24,218,48,28,229,25,204
634,25,162,119,10,97,193,71,94,0
634,26,3,21,222,212,100,233,143,43
634,27,107,39,139,0,196,141,154,202
634,28,193,196,102,62,94,219,32,223
634,29,249,61,2,94,88,145,21,81
634,30,0,186,121,22,76,200,147,162
634,31,135,152,128,218,4,205,238,161
634,32,161,125,215,254,111,122,179,68
634,33,132,55,143,238,90,47,86,104
634,34,241,96,44,113,20,238,103,197
634,35,74,160,129,148,86,190,187,57
634,36,115,93,227,156,19,39,128,171
634,37,101,169,27,16,175,78,36,133
634,38,169,7,61,255,96,72,251,196
634,39,117,231,179,163,222,122,253,137
635,0,196,123,229,216,105,7,104,249
635,1,225,150,231,27,244,93,200,11
635,2,162,103,4,227,17,163,210,109
635,3,152,31,133,235,187,84,176,231
635,4,13,142,236,102,167,222,251,108
635,5,104,193,161,186,204,6,253,41
635,6,167,107,180,241,153,123,93,54
635,7,29,23,196,216,126,240,14,108
635,8,89,234,247,180,144,114,56,22
635,9,94,29,49,164,228,118,223,84
635,10,130,169,1,113,129,231,158,180
635,11,189,241,168,54,161,122,185,124
635,12,63,255,26,190,175,28,110,87
635,13,97,162,10,43,119,4,147,250
635,14,3,20,223,233,219,222,212,34
635,15,107,81,177,90,221,64,0,100
635,16,94,223,142,196,191,2,5,37
635,17,2,172,193,81,83,145,61,34
635,18,20,121,30,57,186,200,147,187
635,19,6,152,205,130,186,172,145,94
635,20,144,89,110,234,247,36,244,199
635,21,94,29,100,218,49,22,85,164
635,22,169,113,83,130,1,131,180,231
635,23,189,42,241,161,83,26,186,35
635,24,63,26,48,217,139,74,89,32
635,25,162,43,10,250,147,15,81,29
635,26,222,20,233,43,21,124,3,100
635,27,107,39,81,96,57,162,200,0
635,28,5,133,94,32,195,7,196,2
635,29,172,250,76,2,83,8,81,132
635,30,179,22,205,187,142,186,64,200
635,31,205,109,130,128,171,4,218,211
635,32,98,161,99,215,77,186,131,254
635,33,183,238,215,73,126,143,86,55
635,34,84,96,207,180,62,101,236,86
635,35,160,153,57,145,108,151,227,35
635,36,70,181,98,120,217,157,156,83
635,37,182,31,58,219,190,7,175,143
635,38,71,151,148,92,230,255,76,160
635,39,2,69,189,217,38,213,78,147
636,0,32,22,106,46,66,212,218,110
636,1,128,124,217,3,211,112,73,86
636,2,255,121,80,10,134,219,60,167
636,3,177,219,92,214,76,11,30,101
636,4,118,242,54,122,224,74,106,194
636,5,100,254,67,161,10,147,178,44
636,6,208,183,122,166,107,167,137,90
636,7,101,44,23,196,2,231,109,126
636,8,113,180,56,57,104,23,234,73
636,9,217,156,49,85,13,151,171,240
636,10,62,161,236,142,211,210,168,114
636,11,195,203,181,27,95,49,57,236
636,12,138,175,191,0,117,190,87,89
636,13,206,15,168,10,2,28,227,29
636,14,41,3,46,222,219,119,83,26
636,15,39,36,107,196,2,0,47,117
636,16,9,223,158,63,66,181,94,24
636,17,132,81,193,2,108,121,145,83
636,18,20,30,121,147,186,200,39,68
636,19,225,152,186,19,171,172,243,128
636,20,144,110,103,247,22,73,89,161
636,21,217,100,49,85,218,94,214,56
636,22,62,180,131,236,241,210,168,52
636,23,203,42,195,83,26,27,172,97
636,24,48,89,190,139,25,200,175,202
636,25,162,250,10,15,29,227,226,247
636,26,233,222,100,21,43,212,134,142
636,27,107,39,139,36,196,86,0,96
636,28,223,94,103,7,148,62,13,96
636,29,2,81,132,145,249,65,83,247
636,30,142,147,121,22,159,24,51,204
636,31,225,152,128,187,240,147,135,218
636,32,96,186,215,68,122,116,155,128
636,33,55,119,238,182,232,58,215,86
636,34,9,180,101,45,205,236,204,144
636,35,153,227,160,129,145,243,56,228
636,36,119,181,98,166,156,69,200,22
636,37,31,7,115,198,175,219,93,20
636,38,255,230,46,23,100,93,112,223
636,39,75,146,114,235,165,67,185,225
637,0,210,10,97,166,113,194,142,205
637,1,187,150,203,76,34,91,134,151
637,2,134,0,64,117,82,239,246,127
637,3,17,121,227,178,169,173,123,107
637,4,17,161,23,172,20,249,49,130
637,5,132,161,10,230,185,106,100,42
637,6,118,166,65,133,137,81,208,140
637,7,40,214,109,15,91,221,180,126
637,8,113,114,73,244,42,144,199,106
637,9,39,49,88,171,100,183,229,80
637,10,62,231,240,211,96,93,11,219
637,11,181,57,88,168,41,203,51,253
637,12,0,190,175,117,189,164,88,144
637,13,227,10,162,5,116,4,206,82
637,14,223,219,212,3,21,233,134,34
637,15,39,107,196,36,138,90,65,117
637,16,223,142,94,66,77,37,164,191
637,17,2,145,81,132,83,121,34,65
637,18,121,20,30,147,200,186,44,3
637,19,152,186,254,19,172,238,128,227
637,20,144,247,199,122,57,110,12,244
637,21,100,217,49,218,39,22,214,138
637,22,62,131,236,180,231,210,71,241
637,23,42,83,26,203,126,181,38,132
637,24,48,190,89,139,202,25,200,175
637,25,162,227,10,250,189,193,5,226
637,26,233,223,100,212,211,222,21,134
637,27,107,196,139,39,138,36,86,141
637,28,223,148,103,13,131,175,142,204
637,29,249,2,81,65,145,247,53,132
637,30,100,121,51,142,147,111,24,146
637,31,152,19,240,94,128,186,172,233
637,32,96,186,68,215,128,42,124,199
637,33,55,119,190,238,232,58,215,123
637,34,180,196,236,88,144,101,204,9
637,35,153,129,227,56,243,60,131,155
637,36,181,8,207,119,157,166,176,200
637,37,7,31,115,198,219,82,44,175
637,38,255,230,93,76,58,46,14,3
637,39,241,9,68,146,16,114,145,225
638,0,57,56,165,110,83,157,6,66
638,1,73,45,128,158,63,170,242,179
638,2,234,238,134,64,239,141,117,0
638,3,70,171,55,178,17,227,121,189
638,4,254,74,138,17,172,49,153,122
638,5,249,24,11,132,72,161,134,212
638,6,166,11,193,221,19,73,252,194
638,7,56,40,15,3,177,214,217,162
638,8,247,120,144,114,65,42,24,244
638,9,148,217,96,49,22,100,246,149
638,10,46,24,231,161,19,93,73,71
638,11,210,93,195,203,168,38,173,83
638,12,190,11,242,0,188,28,175,255
638,13,162,10,227,37,206,82,121,5
638,14,213,219,223,212,180,8,34,233
638,15,177,107,39,243,196,117,131,2
638,16,37,142,223,49,66,162,169,77
638,17,2,121,145,167,83,106,216,81
638,18,121,97,20,30,147,42,60,9
638,19,238,152,254,186,94,135,199,225
638,20,144,247,120,22,57,232,40,168
638,21,148,100,22,214,218,228,60,138
638,22,24,231,131,249,195,180,210,228
638,23,210,123,93,38,40,51,26,97
638,24,190,175,48,25,102,139,89,200
638,25,162,227,189,250,161,193,10,119
638,26,233,222,43,110,142,223,212,213
638,27,107,203,141,196,39,139,86,177
638,28,175,13,223,62,148,169,181,131
638,29,145,2,247,249,132,53,214,104
638,30,121,142,100,97,188,147,51,186
638,31,152,238,135,199,94,128,240,172
638,32,68,48,221,128,102,133,214,215
638,33,55,96,107,121,151,224,21,57
638,34,175,204,236,208,67,64,113,220
638,35,94,85,129,5,227,56,2,35
638,36,195,246,156,176,152,143,119,112
638,37,7,219,43,82,60,135,161,95
638,38,230,201,163,47,195,255,100,32
638,39,246,1,114,250,248,92,215,203
639,0,234,4,92,155,84,172,111,144
639,1,198,111,255,29,239,50,126,211
639,2,110,150,234,230,15,23,86,92
639,3,116,177,156,30,20,180,112,155
639,4,71,94,134,12,77,228,162,74
639,5,23,82,115,123,18,169,245,168
639,6,235,166,204,241,73,213,107,67
639,7,240,181,40,11,48,145,97,243
639,8,247,144,22,246,27,161,114,103
639,9,100,22,49,96,218,229,233,157
639,10,218,180,1,9,131,95,52,231
639,11,54,114,130,124,153,241,210,83
639,12,190,28,11,64,185,25,206,202
639,13,162,10,38,227,4,250,185,218
639,14,134,219,21,180,233,212,46,186
639,15,107,138,248,177,203,219,111,2
639,16,142,223,169,94,37,191,13,164
639,17,145,2,167,121,218,216,197,83
639,18,121,20,69,194,9,156,188,186
639,19,152,254,233,186,19,238,94,128
639,20,144,247,65,57,22,213,161,114
639,21,100,218,239,22,60,96,214,134
639,22,0,218,131,231,180,9,71,28
639,23,114,130,38,153,124,97,210,26
639,24,190,48,25,139,89,202,200,229
639,25,162,227,38,250,10,91,193,226
639,26,212,233,21,222,43,100,134,219
639,27,139,107,138,248,196,141,47,86
639,28,13,62,148,223,169,103,175,204
639,29,145,2,249,218,53,157,247,65
639,30,121,100,69,51,147,156,45,29
639,31,152,19,94,254,240,172,186,128
639,32,68,195,146,16,128,215,214,7
639,33,55,217,97,37,189,94,75,57
639,34,212,204,236,54,255,19,144,188
639,35,129,196,56,227,49,44,64,183
639,36,0,8,234,157,176,119,200,35
639,37,7,219,82,69,95,20,115,44
639,38,14,230,32,22,255,100,47,76
639,39,114,68,23,16,224,241,226,222
640,0,136,78,241,89,56,18,68,227
640,1,183,40,166,209,96,228,234,186
640,2,1,178,112,201,116,105,125,241
640,3,15,162,9,124,158,153,195,127
640,4,253,2,123,37,24,79,71,156
640,5,174,23,19,221,82,142,123,245
640,6,204,194,25,27,6,37,115,252
640,7,240,11,167,195,217,48,126,69
640,8,247,157,144,22,114,161,27,244
640,9,100,22,218,49,229,192,5,80
640,10,12,68,180,131,95,231,71,50
640,11,124,64,130,241,72,83,41,26
640,12,157,190,118,28,76,102,255,89
640,13,42,162,10,146,227,193,82,34
640,14,233,21,134,219,223,186,212,244
640,15,107,138,116,90,254,2,243,219
640,16,223,142,94,126,247,77,169,191
640,17,185,2,145,83,121,81,34,7
640,18,156,30,121,20,72,147,194,200
640,19,152,186,128,138,94,254,233,71
640,20,144,157,22,114,247,161,178,244
640,21,100,218,239,60,194,214,228,22
640,22,12,231,68,131,71,95,211,192
640,23,64,205,45,38,214,26,72,124
640,24,48,89,25,139,190,202,229,214
640,25,162,42,227,250,146,10,193,4
640,26,212,21,233,223,43,63,100,134
640,27,141,139,107,116,138,151,86,196
640,28,62,126,247,169,103,13,201,223
640,29,185,249,145,2,53,194,125,167
640,30,72,100,121,51,156,147,172,44
640,31,94,186,152,19,254,172,240,246
640,32,68,197,224,16,128,64,214,46
640,33,63,55,217,156,18,206,21,71
640,34,152,204,236,213,54,188,144,137
640,35,129,196,227,56,64,28,0,34
640,36,251,176,239,157,24,35,130,189
640,37,219,7,50,82,69,97,62,123
640,38,14,230,47,32,146,100,255,106
640,39,114,85,177,203,13,185,45,166
641,0,86,41,4,36,65,134,29,2
641,1,254,221,165,83,101,22,190,95
641,2,178,201,1,112,56,46,182,241
641,3,15,162,124,9,14,247,240,41
641,4,134,149,253,123,77,180,37,4
641,5,19,213,23,82,123,221,115,253
641,6,152,204,241,213,240,32,67,1
641,7,240,11,167,48,69,198,191,178
641,8,247,22,144,157,27,161,114,79
641,9,22,100,49,218,229,134,86,192
641,10,12,180,131,95,233,1,100,231
641,11,124,54,241,83,97,38,209,137
641,12,166,157,190,28,48,25,118,177
641,13,185,162,42,10,227,193,51,109
641,14,134,219,21,233,186,55,222,100
641,15,138,116,107,198,2,16,219,47
641,16,223,169,247,142,126,94,177,138
641,17,145,2,185,49,125,167,121,190
641,18,156,20,121,72,130,44,194,30
641,19,186,152,24,94,19,254,172,1
641,20,144,247,40,157,178,213,36,199
641,21,100,218,60,22,214,98,68,86
641,22,12,231,95,71,233,17,109,131
641,23,38,209,97,124,40,26,214,4
641,24,157,48,190,175,166,89,25,202
641,25,162,227,42,10,250,185,226,193
641,26,212,62,21,233,110,219,4,223
641,27,141,138,139,107,47,151,86,163
641,28,126,138,103,201,62,247,223,169
641,29,145,2,185,249,157,125,78,53
641,30,130,100,121,151,51,72,156,24
641,31,152,19,94,254,85,83,186,172
641,32,68,75,214,128,16,46,51,115
641,33,55,5,103,59,161,18,54,63
641,34,204,152,227,11,236,18,137,213
641,35,198,129,196,227,77,56,114,64
641,36,48,176,157,251,55,156,148,171
641,37,7,219,69,95,82,115,123,20
641,38,185,230,14,255,124,47,120,32
641,39,114,167,166,224,77,185,45,7
642,0,151,134,116,159,198,211,199,62
642,1,230,88,166,254,101,44,206,49
642,2,241,1,246,112,201,235,46,115
642,3,15,243,213,112,13,144,9,197
642,4,134,253,44,77,221,180,75,186
642,5,82,23,19,164,237,95,60,233
642,6,152,204,240,241,125,32,253,213
642,7,240,246,11,169,252,191,178,145
642,8,144,247,22,63,114,161,246,244
642,9,100,49,22,218,134,229,86,58
642,10,131,12,180,95,242,233,1,138
642,11,83,124,97,241,54,220,59,218
642,12,157,28,190,25,202,48,139,255
642,13,162,185,10,227,42,90,119,82
642,14,21,219,233,3,134,212,55,223
642,15,107,138,196,122,198,141,243,221
642,16,223,142,94,77,177,169,190,126
642,17,2,145,81,125,83,121,34,185
642,18,156,20,250,121,151,72,147,44
642,19,85,186,152,172,24,19,254,1
642,20,144,213,247,178,57,40,232,22
642,21,100,218,98,22,49,214,209,60
642,22,71,231,131,12,95,242,189,211
642,23,38,97,83,85,205,45,218,241
642,24,157,48,190,229,25,89,214,202
642,25,162,227,10,42,19,250,194,193
642,26,62,21,212,222,134,233,208,219
642,27,141,139,107,28,39,138,163,196
642,28,190,126,62,103,142,204,102,223
642,29,2,249,145,88,21,185,125,53
642,30,147,151,121,250,51,44,100,156
642,31,152,85,172,19,254,176,28,128
642,32,123,215,140,68,179,76,51,85
642,33,55,95,102,104,139,11,205,119
642,34,72,204,240,44,73,236,67,36
642,35,191,187,129,74,196,148,181,64
642,36,26,142,115,168,126,143,79,125
642,37,95,198,7,27,115,175,78,29
642,38,93,255,119,230,87,169,96,46
642,39,122,165,99,158,117,244,114,146
643,0,226,247,96,171,80,198,11,128
643,1,169,2,254,35,16,166,133,81
643,2,241,247,246,254,224,149,201,83
643,3,15,188,221,170,144,21,2,195
643,4,253,134,180,123,119,20,2,77
643,5,82,61,23,95,243,19,123,233
643,6,182,16,204,241,240,27,129,100
643,7,240,11,167,48,126,191,157,99
643,8,144,112,22,247,204,117,213,64
643,9,49,206,245,100,22,199,19,109
643,10,12,229,95,163,71,180,241,11
643,11,11,18,142,124,241,130,144,72
643,12,106,190,67,28,157,136,229,226
643,13,200,162,10,112,179,185,42,4
643,14,219,55,8,87,40,38,13,34
643,15,36,141,241,221,254,138,219,240
643,16,223,62,78,39,65,149,37,79
643,17,2,145,121,65,82,34,113,155
643,18,121,3,20,194,9,156,30,238
643,19,233,153,152,21,227,254,93,138
643,20,144,135,112,244,213,122,114,22
643,21,100,206,218,194,86,252,109,60
643,22,131,88,71,163,212,95,229,123
643,23,18,11,45,26,142,72,38,124
643,24,214,200,36,89,118,141,245,27
643,25,162,119,161,227,117,68,141,4
643,26,4,215,62,143,219,87,21,212
643,27,191,196,163,141,89,151,136,86
643,28,66,63,218,39,62,131,103,78
643,29,249,18,145,2,118,53,125,232
643,30,151,44,147,19,166,47,121,38
643,31,152,74,36,54,153,246,254,186
643,32,89,51,203,111,16,66,228,101
643,33,55,214,228,68,23,172,30,19
643,34,182,204,179,159,69,194,36,129
643,35,181,129,75,64,34,104,8,189
643,36,168,253,145,69,64,208,126,143
643,37,198,95,164,130,61,69,123,7
643,38,136,255,142,93,197,159,192,112
643,39,21,151,146,235,114,41,185,22
644,0,255,216,135,246,61,168,34,64
644,1,131,253,48,194,192,105,110,20
644,2,247,246,224,241,244,21,209,250
644,3,250,143,27,9,21,46,86,204
644,4,184,150,92,145,23,227,188,246
644,5,82,252,162,160,243,106,145,215
644,6,118,214,129,207,110,212,199,237
644,7,195,143,159,160,194,240,236,110
644,8,144,244,22,247,114,91,251,135
644,9,100,135,183,49,235,218,127,229
644,10,145,23,96,29,240,210,95,115
644,11,168,11,88,41,122,76,124,177
644,12,255,189,139,202,49,28,89,58
644,13,162,10,82,34,156,193,106,185
644,14,3,233,222,21,223,212,219,97
644,15,107,196,122,2,0,90,100,243
644,16,223,94,142,191,126,24,66,77
644,17,2,145,81,83,121,34,53,7
644,18,121,147,20,186,30,156,200,68
644,19,152,186,128,119,227,94,171,178
644,20,144,110,49,114,38,7,244,11
644,21,100,49,218,85,134,68,56,214
644,22,52,51,180,222,131,5,140,75
644,23,80,122,26,57,241,97,147,200
644,24,217,201,45,139,89,190,122,19
644,25,10,250,192,162,15,8,156,81
644,26,222,43,235,24,142,233,120,59
644,27,39,196,44,107,139,210,199,202
644,28,2,106,94,193,196,79,211,204
644,29,88,61,94,190,247,145,134,173
644,30,186,162,19,111,42,60,127,56
644,31,214,146,34,74,218,78,211,227
644,32,161,140,125,214,179,213,203,215
644,33,152,132,143,223,104,55,241,115
644,34,183,159,99,44,22,137,238,158
644,35,74,187,52,148,155,215,41,190
644,36,115,145,168,143,254,3,165,19
644,37,198,239,248,246,123,179,169,183
644,38,255,8,159,20,112,143,117,23
644,39,42,55,200,227,202,63,41,22
645,0,42,25,252,100,89,152,221,165
645,1,131,253,105,48,180,35,153,114
645,2,247,246,211,21,224,81,241,209
645,3,21,143,15,239,66,234,9,13
645,4,84,22,180,188,146,61,24,9
645,5,82,252,4,59,139,116,95,33
645,6,118,227,204,129,27,32,152,95
645,7,240,11,150,88,48,6,178,126
645,8,144,135,22,247,114,63,244,237
645,9,100,160,218,252,49,222,78,229
645,10,131,32,98,70,180,95,35,138
645,11,83,199,124,33,241,164,77,26
645,12,25,189,157,2,202,37,255,139
645,13,162,185,90,240,115,94,10,193
645,14,3,219,233,21,212,143,34,134
645,15,107,221,64,111,2,246,138,142
645,16,223,142,94,77,76,62,193,191
645,17,145,2,83,121,34,162,249,81
645,18,151,121,30,20,156,186,194,79
645,19,49,6,152,138,254,172,186,173
645,20,144,89,247,135,213,114,244,149
645,21,100,49,160,22,218,86,103,56
645,22,131,71,1,216,231,180,245,98
645,23,123,241,116,201,199,26,174,97
645,24,217,32,89,128,24,175,110,214
645,25,162,10,97,19,115,196,81,71
645,26,43,222,3,21,233,212,120,208
645,27,39,107,0,141,139,57,202,128
645,28,193,196,94,102,2,92,32,223
645,29,61,94,21,88,2,81,145,83
645,30,186,0,22,162,76,40,42,64
645,31,218,135,128,152,4,214,211,205
645,32,161,125,215,140,254,131,111,179
645,33,132,119,143,55,90,115,241,215
645,34,241,96,44,240,20,183,238,137
645,35,74,187,129,160,148,190,108,128
645,36,115,93,156,128,19,227,143,39
645,37,101,169,16,219,27,78,175,123
645,38,169,7,255,251,231,96,119,61
645,39,117,231,122,163,179,55,129,218
646,0,196,229,105,123,216,104,209,7
646,1,225,231,150,27,244,93,11,197
646,2,103,162,163,227,4,100,26,246
646,3,152,133,235,187,31,231,84,176
646,4,236,13,142,19,222,108,248,91
646,5,104,193,41,204,253,6,112,186
646,6,167,153,107,123,180,93,83,61
646,7,29,23,196,240,216,62,10,108
646,8,89,234,247,114,180,105,7,56
646,9,94,29,49,164,22,118,228,56
646,10,130,169,1,210,113,158,180,13
646,11,189,241,161,122,168,185,54,38
646,12,190,63,26,255,28,87,110,217
646,13,97,162,10,43,147,4,68,226
646,14,20,3,222,124,233,223,134,43
646,15,81,107,196,57,0,2,216,90
646,16,223,94,196,142,5,2,9,191
646,17,172,193,61,81,145,2,83,250
646,18,20,57,186,187,30,121,179,200
646,19,6,152,130,205,145,186,128,109
646,20,110,144,234,89,7,244,36,178
646,21,29,94,164,85,218,100,49,134
646,22,169,113,130,1,222,83,71,178
646,23,189,161,241,122,42,172,83,186
646,24,217,63,26,74,32,15,160,89
646,25,43,147,162,10,15,250,156,8
646,26,20,222,124,43,3,21,233,24
646,27,81,39,200,162,107,96,57,0
646,28,5,133,2,94,196,32,9,98
646,29,172,250,76,8,48,83,81,61
646,30,179,22,186,205,187,142,68,42
646,31,205,109,4,130,171,218,211,128
646,32,98,161,99,77,107,125,192,131
646,33,183,238,126,143,215,73,86,232
646,34,84,96,207,180,62,101,137,14
646,35,160,57,145,108,153,151,47,241
646,36,70,98,181,120,217,83,156,23
646,37,182,31,65,58,190,143,219,61
646,38,71,148,151,92,255,76,160,67
646,39,2,69,217,38,189,213,78,154
647,0,212,218,57,32,106,33,157,66
647,1,128,73,132,242,124,250,200,113
647,2,117,238,10,255,121,80,134,219
647,3,4,217,219,119,92,55,143,123
647,4,118,242,74,255,54,254,79,224
647,5,161,178,249,10,31,147,83,79
647,6,208,183,122,164,166,90,191,11
647,7,101,109,54,2,32,231,44,196
647,8,120,157,234,180,57,24,186,56
647,9,217,151,96,85,49,156,13,98
647,10,46,161,68,62,228,155,179,6
647,11,195,93,27,64,181,41,95,203
647,12,138,191,117,0,255,201,175,155
647,13,164,116,168,15,10,28,29,86
647,14,213,83,222,230,43,3,8,114
647,15,39,196,107,2,0,100,216,36
647,16,223,37,96,158,9,39,2,92
647,17,132,104,193,121,145,81,83,34
647,18,20,186,68,159,30,121,215,200
647,19,225,152,171,218,205,145,243,128
647,20,110,7,144,103,180,160,199,73
647,21,151,85,217,218,148,100,68,134
647,22,46,222,178,228,68,236,37,24
647,23,195,27,64,93,228,203,181,122
647,24,138,191,217,139,48,89,19,122
647,25,29,250,15,164,156,8,81,162
647,26,43,213,222,24,21,120,233,114
647,27,39,123,96,107,196,100,199,86
647,28,2,181,96,223,237,94,188,195
647,29,104,132,8,190,48,2,247,121
647,30,68,22,142,186,159,42,188,29
647,31,225,211,171,128,218,199,96,146
647,32,107,48,102,224,254,42,68,128
647,33,18,121,107,143,224,21,156,215
647,34,220,175,208,64,217,70,95,67
647,35,94,2,151,85,5,108,132,183
647,36,67,246,195,255,152,23,156,143
647,37,43,60,135,153,161,82,20,174
647,38,163,234,201,47,124,9,30,230
647,39,246,1,250,138,92,203,215,125
648,0,92,4,234,71,186,155,172,144
648,1,85,195,97,95,211,233,64,68
648,2,117,110,118,134,234,150,23,94
648,3,177,30,112,155,101,218,92,58
648,4,94,71,155,74,54,228,216,77
648,5,23,183,178,115,62,194,114,251
648,6,235,61,183,180,92,42,142,175
648,7,101,196,181,158,57,14,108,139
648,8,38,7,110,47,247,220,159,114
648,9,49,85,22,96,240,98,97,8
648,10,222,46,9,178,218,6,51,95
648,11,153,195,79,95,114,216,93,241
648,12,138,217,190,32,189,175,5,0
648,13,116,185,156,10,38,15,227,76
648,14,222,46,83,43,55,21,3,223
648,15,39,178,123,0,248,57,107,76
648,16,223,78,9,188,44,169,37,164
648,17,93,193,236,108,218,104,114,81
648,18,20,68,186,214,30,215,39,217
648,19,152,218,51,145,28,233,171,170
648,20,110,38,7,159,144,114,209,103
648,21,85,96,246,171,98,134,218,151
648,22,46,218,9,222,178,39,48,86
648,23,153,181,228,79,214,130,195,207
648,24,139,48,175,106,164,217,225,58
648,25,250,8,116,255,15,38,156,158
648,26,21,87,43,24,215,131,34,114
648,27,178,122,100,107,196,248,210,115
648,28,185,78,2,98,223,94,106,54
648,29,48,114,65,247,8,145,236,121
648,30,68,22,214,69,29,100,142,115
648,31,51,63,233,171,117,241,128,254
648,32,107,68,195,120,194,146,128,64
648,33,133,97,37,94,75,181,55,54
648,34,255,212,5,187,15,19,249,236
648,35,136,108,180,49,59,106,28,66
648,36,21,8,119,23,0,17,218,138
648,37,214,244,92,219,110,84,160,115
648,38,177,156,197,236,98,141,222,24
648,39,83,127,251,142,209,226,149,255
649,0,210,234,93,84,209,194,240,14
649,1,16,195,57,144,97,157,2,32
649,2,118,117,213,134,110,148,242,246
649,3,216,116,155,169,122,17,111,141
649,4,71,94,155,12,228,216,172,20
649,5,194,183,114,185,178,42,23,56
649,6,61,235,175,123,16,170,180,251
649,7,253,196,101,57,181,158,126,28
649,8,38,7,110,159,49,114,95,24
649,9,49,85,178,120,19,183,246,22
649,10,6,219,210,61,95,71,46,22
649,11,79,196,181,88,130,57,96,66
649,12,138,83,0,19,106,195,255,211
649,13,195,76,10,116,200,156,2,162
649,14,222,46,215,223,21,197,43,233
649,15,120,39,241,107,103,53,76,117
649,16,223,37,185,78,142,94,149,92
649,17,65,236,2,81,93,83,145,34
649,18,20,30,121,214,147,146,68,200
649,19,233,152,51,171,254,94,128,243
649,20,144,110,199,49,114,38,185,57
649,21,100,85,178,246,214,218,134,56
649,22,76,231,192,210,95,129,208,222
649,23,181,207,88,228,180,26,66,96
649,24,202,106,164,48,25,195,139,216
649,25,162,250,146,161,176,200,218,10
649,26,233,21,235,43,100,87,222,24
649,27,53,107,137,139,129,100,196,120
649,28,185,175,122,94,148,106,149,37
649,29,65,247,8,51,249,2,153,48
649,30,100,68,22,115,29,214,40,6
649,31,51,63,241,171,233,117,94,128
649,32,68,107,194,195,64,206,128,199
649,33,94,16,97,245,55,166,37,75
649,34,187,212,141,19,54,188,230,247
649,35,108,59,214,56,250,49,76,28
649,36,23,8,119,157,0,176,129,234
649,37,7,219,82,75,84,158,35,220
649,38,230,22,34,76,47,5,255,189
649,39,68,23,16,241,78,149,225,165
650,0,57,88,110,56,59,68,157,4
650,1,98,183,166,60,165,89,151,39
650,2,246,33,242,142,101,213,118,112
650,3,70,216,14,177,17,217,194,9
650,4,20,216,172,133,60,188,49,138
650,5,144,24,174,183,114,251,178,23
650,6,56,49,200,123,175,42,16,172
650,7,129,253,167,14,196,28,79,228
650,8,184,173,159,110,7,49,38,220
650,9,148,85,49,34,5,124,98,87
650,10,222,68,178,129,6,179,210,73
650,11,181,210,207,147,66,88,96,79
650,12,138,19,193,64,167,225,124,188
650,13,164,195,245,3,116,146,73,2
650,14,46,24,235,197,75,83,179,131
650,15,203,196,44,116,100,120,83,89
650,16,185,223,37,23,218,179,131,228
650,17,26,81,99,108,153,93,51,165
650,18,68,115,30,20,22,88,217,63
650,19,171,19,51,152,170,237,94,233
650,20,110,185,114,106,144,199,244,168
650,21,148,85,246,47,227,120,122,87
650,22,68,222,178,210,76,86,2,91
650,23,181,210,207,147,64,45,228,93
650,24,81,225,106,195,139,201,165,116
650,25,164,250,176,161,191,192,8,88
650,26,235,24,43,161,54,131,233,87
650,27,203,44,107,122,116,100,129,217
650,28,161,185,149,106,94,122,73,103
650,29,26,101,8,48,65,214,153,51
650,30,68,29,100,22,115,77,51,121
650,31,63,241,171,228,30,129,19,124
650,32,68,224,197,107,206,64,187,178
650,33,96,177,156,16,245,84,55,217
650,34,49,217,213,188,141,236,247,144
650,35,224,214,108,244,76,56,227,28
650,36,255,23,24,176,239,129,157,57
650,37,50,7,158,82,75,14,219,147
650,38,146,34,230,76,47,79,128,131
650,39,114,85,177,203,13,27,62,34
651,0,180,4,41,65,86,29,72,2
651,1,111,22,202,85,72,49,255,190
651,2,77,33,5,246,101,112,193,242
651,3,177,14,70,30,132,216,218,101
651,4,149,243,216,188,192,20,74,93
651,5,144,213,115,251,183,62,14,178
651,6,56,2,49,175,157,172,123,178
651,7,253,129,14,32,167,79,28,4
651,8,220,110,246,173,49,114,157,207
651,9,85,49,87,47,120,97,98,34
651,10,178,222,17,210,226,129,234,231
651,11,17,207,109,147,181,88,209,91
651,12,166,225,167,193,64,117,124,69
651,13,141,195,226,176,2,70,230,89
651,14,46,235,193,24,236,179,114,112
651,15,116,196,108,203,44,122,225,123
651,16,185,223,37,138,179,218,92,48
651,17,153,25,108,99,165,81,93,100
651,18,68,30,130,115,20,38,33,100
651,19,19,171,237,94,152,225,148,78
651,20,110,185,114,144,199,157,140,246
651,21,246,85,47,87,98,240,31,171
651,22,17,222,178,48,231,86,210,60
651,23,181,109,207,228,93,147,17,209
651,24,165,225,166,195,167,81,87,193
651,25,149,176,250,230,161,192,191,8
651,26,24,193,63,215,161,87,235,62
651,27,44,116,122,107,129,82,196,203
651,28,201,138,94,161,2,103,106,44
651,29,213,101,8,48,83,201,153,157
651,30,68,100,115,29,130,77,40,121
651,31,241,171,228,94,128,254,24,124
651,32,68,157,197,107,64,206,14,75
651,33,5,103,177,16,18,245,72,161
651,34,11,227,213,247,236,94,211,144
651,35,244,108,214,56,250,28,76,227
651,36,23,48,129,24,251,157,176,239
651,37,14,7,219,82,162,147,75,57
651,38,124,34,185,230,79,76,47,32
651,39,166,177,13,114,203,62,85,78
652,0,151,134,155,124,199,4,76,180
652,1,111,88,241,17,49,44,182,239
652,2,94,52,127,33,101,3,5,189
652,3,213,14,186,177,255,199,132,218
652,4,44,243,77,192,180,188,75,216
652,5,236,144,183,251,115,2,62,12
652,6,56,180,2,49,123,200,175,172
652,7,196,253,129,167,14,30,79,210
652,8,159,110,7,220,49,150,105,100
652,9,49,85,8,97,87,182,183,118
652,10,222,95,178,9,210,129,71,195
652,11,59,147,85,17,79,88,66,57
652,12,175,19,193,210,64,76,239,201
652,13,195,176,146,10,156,192,185,2
652,14,43,46,222,223,235,112,131,68
652,15,196,82,44,47,210,122,89,93
652,16,185,223,193,37,2,190,44,218
652,17,93,81,108,25,114,145,121,53
652,18,68,20,250,30,108,184,14,214
652,19,51,152,254,173,85,171,78,94
652,20,110,159,185,49,209,144,106,36
652,21,246,85,98,60,171,43,122,31
652,22,222,95,86,231,48,195,210,37
652,23,85,66,106,181,147,246,207,79
652,24,175,58,195,201,224,165,217,139
652,25,146,192,242,176,10,250,156,34
652,26,43,222,24,62,235,87,233,215
652,27,137,39,44,96,107,82,139,122
652,28,190,94,13,103,131,98,195,32
652,29,247,21,255,48,8,93,81,83
652,30,250,142,22,29,68,64,40,215
652,31,51,241,128,117,218,171,254,85
652,32,76,68,215,96,186,64,123,107
652,33,75,6,166,119,56,95,55,54
652,34,72,240,44,236,22,101,173,61
652,35,191,59,108,227,190,185,187,153
652,36,98,227,169,99,171,119,115,142
652,37,126,78,16,120,118,27,250,115
652,38,255,119,169,215,35,187,96,230
652,39,122,158,165,146,179,223,109,67
653,0,233,85,165,49,93,22,69,227
653,1,203,81,133,16,57,169,92,111
653,2,65,101,2,149,191,75,173,84
653,3,236,148,14,188,216,132,55,255
653,4,122,119,105,254,20,65,172,188
653,5,61,144,69,183,236,12,250,253
653,6,90,56,175,49,180,200,2,172
653,7,101,253,131,196,44,14,129,79
653,8,159,35,49,7,110,103,212,184
653,9,217,49,85,97,151,171,183,115
653,10,62,222,71,129,6,95,178,231
653,11,207,66,147,142,88,247,106,79
653,12,195,19,43,193,211,106,117,69
653,13,10,195,2,76,200,112,146,141
653,14,46,222,235,223,55,34,186,219
653,15,36,120,196,243,44,39,47,198
653,16,223,37,13,185,142,92,131,169
653,17,65,236,93,121,132,83,34,2
653,18,20,30,214,121,68,215,200,147
653,19,51,233,152,128,94,24,171,227
653,20,144,159,110,49,199,22,244,35
653,21,217,100,214,171,97,218,138,134
653,22,62,95,80,231,86,180,217,211
653,23,66,181,42,207,97,247,1,26
653,24,106,202,68,175,25,195,226,48
653,25,162,250,137,189,161,218,213,88
653,26,211,100,233,43,223,21,222,34
653,27,107,137,139,36,138,141,82,39
653,28,13,148,177,122,103,131,37,186
653,29,247,249,65,81,2,134,145,34
653,30,100,142,147,29,121,40,146,200
653,31,128,152,172,147,129,240,225,1
653,32,68,96,186,215,199,64,122,42
653,33,55,119,11,151,108,123,238,58
653,34,196,180,236,144,204,9,101,140
653,35,227,153,129,139,56,66,100,68
653,36,166,8,176,157,72,35,181,200
653,37,115,7,31,84,77,130,250,76
653,38,255,93,230,46,100,14,6,159
653,39,68,241,9,225,16,114,146,23
654,0,135,108,59,61,83,79,177,88
654,1,238,143,182,192,152,78,42,140
654,2,89,8,36,120,62,101,251,173
654,3,106,129,110,250,29,210,46,8
654,4,254,171,150,202,72,249,248,17
654,5,87,109,51,250,29,207,166,220
654,6,107,181,255,28,180,110,221,118
654,7,134,71,54,57,230,164,201,168
654,8,144,37,166,251,202,244,206,160
654,9,183,152,69,172,100,171,34,11
654,10,88,195,240,210,179,228,4,231
654,11,39,88,123,188,196,13,56,34
654,12,52,211,195,187,124,78,137,76
654,13,216,49,227,149,242,57,161,2
654,14,211,223,205,26,154,191,35,209
654,15,196,82,56,187,53,216,108,228
654,16,88,177,37,131,63,245,93,248
654,17,96,97,243,182,72,246,249,67
654,18,30,236,14,60,184,141,146,160
654,19,154,186,138,193,232,142,227,200
654,20,144,225,244,114,209,168,67,199
654,21,69,246,112,158,100,195,78,152
654,22,195,88,76,60,80,179,166,228
654,23,39,149,88,196,221,34,127,246
654,24,169,68,175,226,201,168,200,73
654,25,243,226,2,82,161,224,227,128
654,26,211,110,142,35,223,95,236,216
654,27,82,56,183,141,86,34,53,132
654,28,164,177,148,176,218,144,61,44
654,29,249,81,121,247,134,113,2,145
654,30,94,147,146,111,184,24,37,100
654,31,188,48,215,200,160,1,186,246
654,32,60,121,124,64,252,71,25,225
654,33,33,108,119,78,55,76,210,196
654,34,52,174,134,138,118,40,6,199
654,35,91,95,69,234,68,152,17,104
654,36,96,225,89,218,102,143,64,208
654,37,116,230,127,111,130,88,152,73
654,38,108,199,89,176,117,223,134,23
654,39,50,95,236,96,108,185,66,7
655,0,77,37,232,163,138,102,228,169
655,1,35,127,135,67,103,42,25,217
655,2,8,124,6,32,79,247,187,251
655,3,100,131,215,136,3,75,182,224
655,4,28,233,92,132,134,111,205,114
655,5,119,60,109,95,214,206,122,126
655,6,46,107,255,74,132,207,28,87
655,7,191,57,245,123,110,51,252,121
655,8,144,40,244,22,27,123,252,114
655,9,100,183,241,119,49,157,17,6
655,10,37,129,230,228,195,95,88,179
655,11,83,19,188,124,39,179,63,41
655,12,211,188,195,4,187,189,124,5
655,13,179,103,68,185,10,4,56,102
655,14,223,55,21,238,35,63,142,157
655,15,107,196,48,59,168,160,151,102
655,16,217,164,92,37,177,84,223,66
655,17,2,65,145,121,34,53,18,182
655,18,30,51,60,147,40,102,121,156
655,19,200,138,81,1,186,254,11,69
655,20,144,223,244,22,247,114,27,218
655,21,241,100,109,248,169,158,218,180
655,22,166,195,230,228,129,191,179,203
655,23,19,102,152,41,87,83,88,82
655,24,169,68,4,62,175,202,195,201
655,25,132,227,231,68,226,121,221,161
655,26,211,181,35,110,223,197,127,97
655,27,132,56,53,48,243,127,137,59
655,28,92,177,39,218,217,164,131,14
655,29,125,249,53,34,18,145,167,106
655,30,120,111,184,94,60,166,110,100
655,31,10,186,254,197,188,215,48,161
655,32,60,38,54,121,115,16,25,252
655,33,33,108,243,27,236,64,115,196
655,34,32,42,138,174,108,214,40,211
655,35,18,215,64,38,234,91,195,96
655,36,126,40,112,208,106,219,25,64
655,37,230,130,218,111,54,68,224,91
655,38,23,223,117,159,193,252,100,138
655,39,238,63,218,22,90,76,87,216
656,0,193,255,129,87,156,176,54,215
656,1,117,176,122,148,54,105,248,36
656,2,156,221,119,233,129,191,81,231
656,3,48,114,38,126,99,85,149,136
656,4,185,120,24,69,28,23,150,145
656,5,180,76,229,145,162,243,8,185
656,6,211,124,212,225,199,237,110,214
656,7,200,160,194,245,134,141,143,183
656,8,144,223,91,235,244,81,92,8
656,9,235,248,246,135,112,72,155,210
656,10,23,144,243,176,136,127,14,150
656,11,42,204,160,181,12,56,34,228
656,12,44,251,145,189,239,58,139,99
656,13,162,118,57,52,61,34,250,130
656,14,233,105,222,161,21,148,212,3
656,15,100,107,196,243,0,122,92,129
656,16,37,133,170,74,94,205,108,228
656,17,220,153,211,145,8,93,81,53
656,18,30,68,89,77,121,20,17,127
656,19,171,94,152,227,138,170,197,177
656,20,144,110,114,7,199,161,22,88
656,21,85,246,218,100,87,229,136,230
656,22,178,160,60,116,118,246,222,210
656,23,80,172,56,45,219,226,193,112
656,24,139,27,89,87,225,187,42,164
656,25,250,255,15,118,82,41,206,26
656,26,21,114,252,233,165,24,169,193
656,27,100,157,210,2,122,70,107,192
656,28,74,31,94,98,168,37,228,223
656,29,121,150,34,48,93,187,255,58
656,30,68,30,17,56,21,89,146,166
656,31,138,94,238,162,170,227,207,150
656,32,33,49,127,196,107,15,54,230
656,33,192,227,245,213,109,223,2,140
656,34,16,250,61,68,99,65,201,31
656,35,115,180,204,130,221,245,95,198
656,36,75,199,208,59,149,220,151,235
656,37,165,160,8,234,179,69,36,247
656,38,103,23,144,223,252,37,5,17
656,39,66,96,10,106,5,132,33,137
657,0,0,148,189,195,12,78,137,60
657,1,186,31,119,213,130,161,240,204
657,2,221,32,246,178,191,112,45,156
657,3,184,114,48,109,239,143,204,186
657,4,178,224,19,137,202,243,238,158
657,5,36,126,216,33,140,76,74,130
657,6,252,23,76,221,253,101,45,28
657,7,149,18,65,53,245,251,15,110
657,8,144,22,108,114,60,125,27,255
657,9,100,31,157,218,86,225,35,48
657,10,221,191,89,131,230,210,105,41
657,11,184,244,118,83,123,122,117,243
657,12,187,131,137,180,201,168,82,98
657,13,82,240,121,241,68,244,49,237
657,14,85,68,107,95,157,81,123,133
657,15,196,59,151,243,220,216,157,150
657,16,14,66,131,37,247,218,100,153
657,17,184,182,53,30,34,203,45,67
657,18,30,14,60,21,249,110,140,47
657,19,160,138,186,32,255,1,29,232
657,20,78,144,199,8,114,88,202,209
657,21,246,121,163,224,12,112,190,0
657,22,191,166,195,179,231,48,212,221
657,23,82,41,152,196,51,24,26,168
657,24,195,187,168,68,182,4,227,99
657,25,216,161,236,49,68,67,226,237
657,26,236,244,215,85,168,157,251,186
657,27,196,137,243,136,141,70,210,48
657,28,18,177,247,218,187,227,92,100
657,29,184,134,53,246,113,10,194,34
657,30,30,120,166,180,47,60,110,40
657,31,10,186,144,17,48,161,160,32
657,32,5,121,138,115,38,16,54,217
657,33,147,225,251,99,138,239,109,0
657,34,32,226,228,108,137,99,6,142
657,35,119,215,81,65,64,133,165,127
657,36,75,92,138,208,230,80,76,178
657,37,62,230,144,245,4,208,173,185
657,38,193,159,140,11,138,23,49,143
657,39,193,134,40,107,22,216,235,20
658,0,168,36,34,94,130,44,150,156
658,1,187,91,104,168,185,235,186,76
658,2,182,161,155,25,240,244,12,250
658,3,208,205,32,143,153,181,96,238
658,4,126,106,2,218,113,182,137,100
658,5,206,116,173,109,92,181,195,9
658,6,132,222,234,189,117,220,95,158
658,7,83,178,245,110,121,11,51,150
658,8,144,40,247,22,244,237,27,232
658,9,100,109,241,183,119,89,117,80
658,10,129,74,131,93,89,199,6,195
658,11,83,41,36,124,167,88,127,38
658,12,187,195,75,202,214,124,41,204
658,13,179,185,104,162,240,68,90,132
658,14,21,223,244,211,110,219,212,107
658,15,196,107,255,59,151,160,2,187
658,16,92,217,66,247,218,177,75,79
658,17,2,34,145,122,246,67,163,82
658,18,30,60,37,14,173,160,121,40
658,19,138,186,1,227,254,193,21,158
658,20,144,247,11,217,78,223,244,245
658,21,100,248,112,158,174,80,56,72
658,22,195,179,166,50,129,76,49,82
658,23,87,41,51,102,183,82,180,196
658,24,195,68,202,226,187,164,53,201
658,25,189,161,132,227,68,35,88,162
658,26,110,223,244,29,236,211,170,114
658,27,243,126,127,59,86,141,187,196
658,28,177,18,218,92,37,217,210,187
658,29,53,249,247,59,134,113,34,100
658,30,184,60,30,229,100,110,120,111
658,31,186,48,49,1,246,242,221,254
658,32,54,38,115,64,121,214,160,114
658,33,227,0,27,253,140,113,225,105
658,34,32,159,99,42,228,68,245,115
658,35,119,64,94,238,215,245,198,18
658,36,76,75,218,230,208,172,237,106
658,37,202,24,252,130,77,71,100,51
658,38,37,144,23,159,200,174,223,140
658,39,193,96,114,63,103,22,185,76
659,0,0,207,178,104,55,8,189,170
659,1,31,173,186,197,208,179,165,12
659,2,61,115,182,45,81,13,203,151
659,3,107,184,132,114,139,13,165,33
659,4,203,56,26,22,185,136,134,137
659,5,36,126,206,9,82,246,196,33
659,6,234,23,132,11,130,229,66,252
659,7,149,178,53,18,252,245,15,11
659,8,144,247,22,108,40,244,114,27
659,9,100,31,86,218,183,89,35,141
659,10,74,221,89,131,129,90,105,210
659,11,244,83,118,124,243,26,127,184
659,12,248,75,109,180,25,41,98,195
659,13,162,240,185,90,223,68,193,82
659,14,85,92,127,21,212,3,223,107
659,15,107,196,160,126,97,246,59,187
659,16,92,217,84,66,218,202,37,18
659,17,2,145,121,184,34,53,82,100
659,18,51,30,121,14,40,147,60,102
659,19,49,186,94,138,200,149,69,254
659,20,144,213,247,223,244,63,22,114
659,21,100,58,248,214,174,86,112,158
659,22,195,221,76,131,104,50,211,74
659,23,87,123,244,118,219,126,83,144
659,24,202,213,226,68,127,175,100,53
659,25,162,189,227,10,71,167,132,137
659,26,211,110,223,35,123,100,236,85
659,27,107,196,141,138,137,126,86,115
659,28,18,177,92,148,202,175,223,37
659,29,2,184,249,247,100,53,145,34
659,30,147,121,100,111,51,94,188,234
659,31,49,152,246,1,186,172,81,94
659,32,68,121,48,138,64,84,115,102
659,33,55,47,107,27,167,147,140,253
659,34,175,67,226,120,20,64,163,159
659,35,94,187,5,85,2,250,215,9
659,36,67,93,225,230,195,208,172,156
659,37,43,246,101,100,127,71,7,123
659,38,143,57,199,23,134,140,11,196
659,39,40,193,163,235,190,211,185,161
660,0,145,179,168,34,67,130,59,49
660,1,139,106,64,216,151,59,39,168
660,2,215,50,44,146,38,175,73,162
660,3,59,142,107,135,204,205,52,27
660,4,241,151,131,230,191,198,181,183
660,5,206,103,176,76,231,175,139,107
660,6,107,180,222,221,66,246,255,121
660,7,57,234,121,134,178,68,113,126
660,8,144,247,27,114,244,125,22,105
660,9,100,69,49,34,117,77,141,183
660,10,113,228,180,95,34,86,168,69
660,11,83,174,243,124,88,127,87,41
660,12,11,28,195,180,255,202,239,87
660,13,10,195,121,137,102,177,2,1
660,14,223,213,180,55,63,203,40,133
660,15,196,107,254,168,243,160,59,137
660,16,137,142,92,37,177,180,69,141
660,17,145,2,83,182,34,114,53,93
660,18,30,188,121,214,40,20,184,60
660,19,152,78,254,186,148,1,138,199
660,20,144,120,49,244,114,203,209,40
660,21,100,69,214,248,134,218,158,174
660,22,24,76,179,195,211,80,37,95
660,23,41,123,183,87,26,127,219,196
660,24,68,202,195,226,24,218,139,201
660,25,162,137,177,161,189,250,227,141
660,26,211,223,43,222,233,110,62,87
660,27,137,141,139,138,115,23,39,107
660,28,13,177,18,131,92,223,148,186
660,29,249,247,145,2,113,34,134,132
660,30,188,121,51,142,215,29,100,88
660,31,194,1,172,254,94,128,152,246
660,32,68,102,48,115,64,18,221,155
660,33,55,126,224,0,107,205,140,253
660,34,175,67,64,236,120,204,240,228
660,35,94,85,129,5,227,2,187,0
660,36,195,67,156,217,157,152,246,176
660,37,7,43,135,82,115,219,60,229
660,38,163,230,201,32,255,100,93,76
660,39,246,138,1,215,114,92,250,27
661,0,127,18,85,49,153,58,146,112
661,1,43,29,30,4,66,77,54,123
661,2,169,40,15,164,22,186,50,215
661,3,20,116,171,55,51,141,203,52
661,4,215,12,228,183,19,150,254,120
661,5,169,249,250,231,176,56,166,92
661,6,107,180,136,73,170,88,222,212
661,7,56,90,57,234,225,156,126,85
661,8,120,49,144,95,245,251,65,249
661,9,224,100,183,34,117,83,49,159
661,10,24,1,218,211,180,49,95,6
661,11,114,88,241,57,207,41,193,183
661,12,11,195,78,19,102,201,28,206
661,13,195,137,2,10,102,234,205,76
661,14,180,46,223,222,39,40,24,56
661,15,137,196,254,243,244,93,151,107
661,16,137,37,92,177,142,13,218,223
661,17,145,34,65,83,114,182,121,100
661,18,30,188,121,20,214,200,60,68
661,19,91,233,186,152,242,254,128,1
661,20,144,120,114,244,22,161,49,67
661,21,100,248,218,134,214,171,228,122
661,22,24,218,95,211,117,80,76,180
661,23,114,41,26,144,181,180,248,97
661,24,202,68,113,251,195,48,102,22
661,25,162,38,161,227,250,137,193,196
661,26,223,211,193,110,142,233,43,95
661,27,137,141,139,82,138,107,198,151
661,28,177,13,137,18,169,148,175,204
661,29,249,145,247,2,34,125,218,53
661,30,100,51,188,121,29,111,40,214
661,31,194,1,94,172,186,246,128,152
661,32,68,221,102,214,64,122,155,115
661,33,55,168,121,224,205,0,57,72
661,34,81,208,55,236,67,204,64,202
661,35,39,129,99,227,0,56,250,13
661,36,49,157,176,195,156,15,139,35
661,37,7,15,219,229,82,193,115,20
661,38,230,32,100,14,80,255,143,23
661,39,114,244,72,183,185,222,68,106
662,0,185,117,68,226,122,171,146,96
662,1,126,221,29,202,79,178,63,13
662,2,236,212,194,23,15,68,147,101
662,3,20,221,166,112,242,156,195,179
662,4,228,12,182,37,8,134,77,55
662,5,223,95,3,233,123,92,23,114
662,6,136,107,180,3,66,125,62,240
662,7,11,48,19,240,178,131,191,133
662,8,144,22,27,161,247,49,114,94
662,9,100,206,19,218,49,137,34,107
662,10,163,180,1,52,95,218,34,105
662,11,116,83,241,18,97,124,130,114
662,12,206,78,41,11,28,214,255,119
662,13,195,193,162,185,137,49,199,2
662,14,180,220,21,24,46,223,242,55
662,15,103,137,107,241,198,196,138,168
662,16,232,177,18,142,37,223,147,112
662,17,145,155,2,100,65,113,114,121
662,18,67,30,121,188,102,214,20,176
662,19,91,233,186,152,254,161,83,242
662,20,144,68,22,244,8,161,114,199
662,21,19,100,248,206,134,214,218,158
662,22,95,163,218,179,211,117,13,238
662,23,130,18,41,114,181,26,126,88
662,24,202,48,195,214,68,22,226,78
662,25,162,161,227,177,38,63,13,68
662,26,254,223,110,55,142,193,95,185
662,27,141,139,103,137,132,107,128,151
662,28,177,18,232,13,164,223,186,148
662,29,249,145,155,247,2,34,100,134
662,30,6,100,51,121,40,111,166,29
662,31,221,1,94,254,176,172,194,246
662,32,175,37,68,17,64,122,115,128
662,33,117,55,23,214,72,94,27,123
662,34,182,204,58,236,187,54,199,137
662,35,7,28,227,56,129,64,213,0
662,36,245,176,0,157,8,189,253,23
662,37,7,219,164,84,229,246,20,200
662,38,136,14,230,106,47,22,100,255
662,39,114,16,23,146,36,37,68,185
663,0,4,122,223,233,86,29,41,65
663,1,153,190,163,95,243,28,48,202
663,2,47,185,83,139,125,236,194,203
663,3,242,112,144,2,180,151,121,243
663,4,134,77,186,149,180,75,185,233
663,5,3,223,82,95,233,213,231,214
663,6,136,152,62,129,186,213,32,107
663,7,191,116,48,11,178,57,97,240
663,8,144,22,63,27,161,242,114,232
663,9,100,218,49,134,97,86,99,34
663,10,233,180,109,131,95,32,1,41
663,11,97,83,124,241,151,209,119,26
663,12,50,25,202,5,87,28,166,48
663,13,185,162,195,0,130,49,13,250
663,14,21,233,223,222,55,3,219,212
663,15,107,138,122,53,198,196,243,160
663,16,177,142,169,223,18,94,164,232
663,17,145,249,49,2,114,121,101,81
663,18,237,121,66,151,102,30,67,153
663,19,186,1,152,94,83,19,128,242
663,20,144,47,49,40,242,244,8,199
663,21,100,98,214,218,248,128,158,58
663,22,233,95,117,17,109,102,180,217
663,23,38,97,70,126,116,209,124,26
663,24,50,119,48,202,218,201,91,200
663,25,162,0,161,195,10,227,137,13
663,26,21,222,43,24,100,223,233,62
663,27,141,39,107,137,79,139,178,76
663,28,177,18,102,164,186,219,223,193
663,29,249,145,247,2,88,114,134,61
663,30,151,237,162,40,121,215,111,214
663,31,152,218,128,85,135,83,34,227
663,32,140,68,115,157,179,122,215,75
663,33,161,185,104,5,55,198,132,119
663,34,227,143,204,44,159,238,236,28
663,35,74,7,187,64,117,227,129,0
663,36,55,245,48,251,115,143,149,220
663,37,7,196,169,77,250,179,185,123
663,38,255,124,230,143,196,245,17,100
663,39,27,166,114,224,120,235,146,17
664,0,134,151,250,211,69,50,10,5
664,1,88,157,206,154,253,101,44,15
664,2,203,131,83,47,192,227,177,75
664,3,2,242,239,114,5,112,213,192
664,4,134,180,221,44,123,77,173,79
664,5,3,82,231,77,223,233,21,252
664,6,136,107,62,180,152,175,18,114
664,7,223,116,97,191,48,178,126,240
664,8,144,22,244,161,114,49,27,247
664,9,100,218,49,97,134,34,22,183
664,10,180,1,95,233,210,131,52,111
664,11,97,241,79,248,83,88,220,57
664,12,28,25,202,139,32,201,65,255
664,13,195,10,162,76,97,185,1,224
664,14,43,3,222,233,21,223,154,68
664,15,196,107,34,93,122,100,243,128
664,16,193,94,37,142,177,164,204,79
664,17,81,83,114,249,145,2,108,34
664,18,151,30,20,186,68,102,184,121
664,19,6,152,173,78,254,218,32,171
664,20,89,144,49,110,199,57,244,114
664,21,98,218,85,171,8,79,100,246
664,22,222,1,86,216,95,210,178,113
664,23,201,79,122,116,241,97,38,26
664,24,217,32,201,89,48,69,139,226
664,25,97,10,156,34,250,162,50,188
664,26,222,21,233,3,114,24,120,87
664,27,39,196,107,57,202,0,128,210
664,28,196,193,94,102,204,2,79,32
664,29,21,249,61,49,88,2,94,114
664,30,250,22,64,186,68,42,200,40
664,31,218,128,152,171,135,85,117,211
664,32,215,254,125,140,179,161,122,68
664,33,95,119,132,102,104,55,234,166
664,34,44,236,204,238,240,67,72,209
664,35,187,74,227,148,191,129,190,108
664,36,115,143,156,227,171,85,157,220
664,37,169,78,170,27,61,123,16,232
664,38,255,169,119,159,251,46,17,230
664,39,122,117,129,158,179,165,235,73
665,0,27,108,135,101,35,79,59,249
665,1,182,26,11,146,70,139,132,152
665,2,210,121,8,249,90,47,36,149
665,3,106,226,29,129,211,110,46,250
665,4,65,14,118,242,240,129,72,146
665,5,161,10,12,235,69,191,87,231
665,6,255,180,167,107,182,51,62,246
665,7,2,14,253,199,58,129,242,168
665,8,49,35,115,180,56,179,122,89
665,9,180,241,49,69,152,85,94,83
665,10,88,253,95,1,83,77,52,13
665,11,20,39,241,79,11,99,174,106
665,12,28,253,19,193,69,141,32,160
665,13,178,112,10,29,195,22,100,76
665,14,46,21,95,222,235,179,242,56
665,15,36,107,213,155,142,120,44,76
665,16,96,164,223,142,185,204,186,100
665,17,94,132,2,81,145,34,114,121
665,18,148,170,147,20,200,214,215,186
665,19,152,130,128,200,227,147,153,93
665,20,144,49,122,247,22,110,35,161
665,21,180,241,100,69,218,22,56,49
665,22,253,88,183,83,62,180,34,52
665,23,20,39,83,97,79,214,200,207
665,24,67,25,169,202,139,122,45,19
665,25,178,162,250,112,195,141,226,76
665,26,21,222,43,233,142,100,24,235
665,27,36,107,39,139,205,202,155,0
665,28,96,142,164,94,139,204,198,191
665,29,2,249,81,94,145,133,83,121
665,30,147,170,148,85,200,121,40,100
665,31,152,147,172,200,188,130,161,254
665,32,60,124,25,68,121,99,122,115
665,33,33,108,119,55,78,19,137,223
665,34,52,118,134,174,199,108,91,204
665,35,91,24,207,95,69,64,227,84
665,36,143,96,72,61,64,208,225,3
665,37,230,239,44,185,73,29,178,86
665,38,199,108,144,159,117,89,57,17
665,39,35,236,115,235,96,162,46,65
666,0,189,60,149,140,39,245,98,5
666,1,103,213,67,137,78,42,108,74
666,2,247,8,87,179,237,47,141,6
666,3,106,129,250,210,110,69,29,204
666,4,171,72,66,211,21,23,150,235
666,5,231,146,185,58,87,243,222,145
666,6,51,255,202,75,76,28,212,124
666,7,2,72,90,164,194,92,230,206
666,8,144,225,251,166,91,250,138,193
666,9,152,49,69,183,211,180,33,28
666,10,88,253,83,210,183,152,240,77
666,11,39,129,253,88,11,96,214,149
666,12,218,224,137,41,175,28,117,177
666,13,178,112,100,161,86,68,22,254
666,14,191,119,133,217,95,140,127,177
666,15,36,196,141,140,163,56,225,243
666,16,66,37,100,216,131,223,96,132
666,17,94,53,134,182,227,70,97,34
666,18,104,148,3,46,60,236,38,136
666,19,200,158,123,138,232,193,93,242
666,20,122,78,8,106,32,244,199,24
666,21,112,69,12,248,60,152,163,62
666,22,179,253,183,60,166,238,194,88
666,23,246,129,34,219,96,240,90,39
666,24,169,29,22,255,168,113,245,251
666,25,178,226,86,161,224,139,141,206
666,26,216,127,9,31,142,95,186,87
666,27,56,163,183,141,34,225,179,115
666,28,57,37,248,164,63,158,131,142
666,29,249,121,125,18,232,100,56,34
666,30,40,172,100,30,240,37,60,160
666,31,254,1,161,188,98,79,10,93
666,32,127,60,15,16,111,121,43,66
666,33,33,108,32,223,19,137,0,196
666,34,52,42,108,65,142,199,8,24
666,35,95,91,234,213,115,155,21,104
666,36,143,124,208,69,106,89,219,102
666,37,116,230,111,185,215,86,125,133
666,38,108,117,199,159,23,176,17,200
666,39,50,96,95,236,229,106,48,73
667,0,24,23,225,40,71,77,109,21
667,1,7,113,56,203,73,52,109,67
667,2,32,188,79,42,194,91,47,157
667,3,151,242,104,71,110,69,243,112
667,4,233,132,134,57,77,18,196,46
667,5,60,95,233,216,119,82,77,243
667,6,152,255,51,171,132,46,75,99
667,7,252,191,6,178,145,190,30,48
667,8,247,144,22,63,161,16,150,251
667,9,100,22,49,134,119,84,18,218
667,10,77,180,95,131,32,45,230,149
667,11,124,83,97,230,41,0,119,188
667,12,50,28,48,202,185,51,25,124
667,13,185,162,178,0,141,193,10,49
667,14,21,219,134,55,123,233,252,105
667,15,138,107,122,243,196,198,219,155
667,16,223,169,142,37,65,77,164,94
667,17,2,54,145,94,18,53,121,182
667,18,147,121,51,194,200,176,102,3
667,19,152,200,219,94,49,254,161,227
667,20,144,247,122,22,49,114,150,161
667,21,100,218,22,112,109,152,174,192
667,22,77,230,217,253,71,131,141,210
667,23,83,96,246,97,118,19,26,244
667,24,169,185,202,200,73,87,89,25
667,25,162,178,189,161,49,63,193,196
667,26,127,62,185,21,186,35,87,95
667,27,141,66,138,196,34,219,254,191
667,28,65,142,37,77,223,191,204,164
667,29,18,54,2,34,121,145,184,217
667,30,147,120,100,40,172,37,242,111
667,31,219,10,152,254,172,165,161,0
667,32,73,121,138,225,38,203,115,92
667,33,250,19,78,195,76,108,251,27
667,34,128,108,199,122,138,134,219,168
667,35,198,77,91,176,115,155,234,101
667,36,103,96,143,69,240,208,171,64
667,37,170,230,54,165,38,4,133,130
667,38,17,243,252,159,78,67,143,42
667,39,7,235,108,103,193,211,107,32
668,0,27,133,0,103,137,139,224,162
668,1,186,135,196,31,28,130,170,144
668,2,12,32,51,27,246,45,2,245
668,3,4,184,143,246,111,168,131,248
668,4,137,26,101,238,207,197,223,49
668,5,36,140,231,126,33,106,130,216
668,6,96,252,87,141,223,45,4,28
668,7,149,18,110,53,251,51,194,130
668,8,144,153,251,252,166,60,250,19
668,9,31,183,100,177,149,141,33,157
668,10,221,210,71,38,41,105,77,33
668,11,184,244,118,123,38,252,30,55
668,12,180,188,226,200,253,131,82,137
668,13,240,49,161,121,68,82,102,253
668,14,85,219,68,185,244,55,63,230
668,15,243,196,59,150,66,163,216,160
668,16,131,27,37,103,216,100,161,66
668,17,182,53,246,184,194,97,34,203
668,18,14,216,110,160,180,104,60,249
668,19,142,246,32,139,138,1,158,81
668,20,11,245,24,192,197,137,223,8
668,21,112,121,209,210,213,190,184,194
668,22,61,179,219,71,166,183,10,82
668,23,246,96,129,177,183,152,196,155
668,24,226,137,195,227,99,124,133,170
668,25,161,68,184,171,247,102,238,207
668,26,127,244,211,31,9,232,140,136
668,27,83,136,244,219,190,196,163,167
668,28,227,63,89,245,100,37,247,153
668,29,184,131,246,34,53,82,121,74
668,30,120,100,40,9,37,30,14,25
668,31,10,56,89,74,161,186,254,1
668,32,5,138,121,209,203,217,115,63
668,33,251,147,19,196,199,124,223,243
668,34,226,231,106,31,228,99,199,113
668,35,119,91,155,115,33,95,135,17
668,36,238,96,143,72,208,198,89,16
668,37,205,230,62,100,3,215,181,2
668,38,193,57,17,243,199,159,42,50
668,39,75,134,108,7,236,170,33,169
669,0,113,97,166,142,150,36,213,210
669,1,53,67,196,65,12,111,168,247
669,2,244,182,12,51,240,69,161,206
669,3,71,143,136,47,4,98,78,46
669,4,161,46,56,22,162,134,185,182
669,5,231,206,109,95,243,106,128,85
669,6,96,207,218,199,76,110,87,21
669,7,143,110,178,180,247,191,57,230
669,8,247,174,144,22,251,244,250,166
669,9,210,71,122,194,12,63,235,135
669,10,127,136,43,123,144,60,236,78
669,11,24,219,126,226,34,135,45,193
669,12,251,124,79,91,202,247,78,52
669,13,162,161,57,49,227,216,171,64
669,14,233,212,222,34,21,142,100,244
669,15,107,100,196,129,253,243,90,85
669,16,94,74,79,142,108,24,49,191
669,17,2,81,145,83,246,121,8,243
669,18,121,30,77,68,200,147,89,20
669,19,152,171,227,128,68,138,129,187
669,20,144,110,22,161,114,7,247,168
669,21,100,85,49,149,105,229,80,218
669,22,178,160,250,140,207,131,180,51
669,23,80,186,95,97,122,2,216,45
669,24,116,139,25,10,122,202,150,132
669,25,250,162,15,50,34,10,130,156
669,26,233,222,248,120,212,114,161,59
669,27,107,0,196,100,129,202,39,253
669,28,74,94,248,2,39,31,37,204
669,29,150,190,34,2,187,67,121,92
669,30,3,42,180,56,146,30,40,38
669,31,154,10,170,186,68,90,168,1
669,32,127,111,15,54,203,40,164,49
669,33,87,19,251,227,140,112,115,109
669,34,32,99,234,68,192,172,199,159
669,35,119,33,241,46,64,155,248,65
669,36,165,80,143,69,51,65,208,97
669,37,230,165,205,54,3,133,92,137
669,38,193,17,223,159,117,252,78,239
669,39,230,103,7,173,108,63,66,151
670,0,8,222,60,148,6,178,55,195
670,1,173,197,196,208,165,186,5,160
670,2,61,198,182,195,12,161,87,203
670,3,184,57,4,102,109,137,107,195
670,4,203,26,56,19,72,101,7,134
670,5,36,206,216,246,72,131,106,231
670,6,11,99,252,141,96,253,87,80
670,7,149,18,53,178,110,120,168,51
670,8,247,144,251,22,60,25,250,166
670,9,100,31,22,149,35,141,177,183
670,10,74,221,210,131,77,71,50,93
670,11,244,136,173,118,77,96,19,38
670,12,248,180,242,109,202,226,200,168
670,13,240,162,254,90,171,135,68,253
670,14,85,219,127,186,92,120,34,129
670,15,243,59,66,187,191,196,219,2
670,16,37,57,131,100,92,27,216,103
670,17,182,184,82,143,121,73,67,145
670,18,180,194,160,14,38,217,110,60
670,19,94,161,138,49,246,79,186,1
670,20,144,247,223,11,40,149,244,24
670,21,112,155,127,218,22,194,51,56
670,22,127,249,50,183,166,192,118,219
670,23,123,246,22,96,183,38,34,244
670,24,226,6,200,144,175,73,204,87
670,25,162,171,226,161,196,185,189,241
670,26,127,186,85,107,142,34,87,185
670,27,66,163,115,141,196,113,191,219
670,28,18,142,227,57,37,223,79,204
670,29,184,2,121,34,145,131,249,53
670,30,147,100,40,38,213,234,215,121
670,31,152,172,149,200,186,1,161,49
670,32,138,121,136,64,203,43,66,54
670,33,251,19,87,78,76,115,219,195
670,34,99,163,226,106,214,228,151,137
670,35,119,101,173,155,91,209,104,64
670,36,4,96,230,143,240,208,72,69
670,37,230,205,100,24,198,133,152,54
670,38,193,134,57,199,17,83,99,159
670,39,211,40,108,236,112,66,235,170
671,0,91,51,145,179,197,209,213,242
671,1,227,87,168,64,177,53,208,247
671,2,215,73,146,38,14,85,26,186
671,3,59,142,162,141,88,52,97,208
671,4,241,230,151,131,96,191,181,146
671,5,206,226,231,176,130,105,181,106
671,6,222,109,140,221,87,11,141,197
671,7,126,33,110,55,164,183,92,178
671,8,247,251,144,250,166,244,253,211
671,9,69,77,22,62,49,33,183,100
671,10,113,69,210,77,152,4,145,71
671,11,219,88,41,110,16,241,122,94
671,12,124,28,214,11,41,180,187,58
671,13,10,49,141,135,255,162,2,195
671,14,154,142,244,31,3,57,95,82
671,15,196,199,93,216,45,243,210,157
671,16,100,108,79,216,37,49,66,16
671,17,246,67,249,96,92,159,70,97
671,18,30,68,89,77,42,156,146,249
671,19,138,152,68,29,171,227,232,79
671,20,11,110,144,7,69,211,12,199
671,21,246,136,149,87,78,229,56,177
671,22,14,78,152,10,178,33,210,52
671,23,172,122,219,193,41,26,45,216
671,24,225,27,195,45,19,4,98,132
671,25,156,216,161,86,109,206,68,106
671,26,120,114,165,39,186,251,199,24
671,27,210,196,199,70,192,202,56,66
671,28,57,37,223,31,2,92,99,204
671,29,249,194,246,59,131,228,121,34
671,30,172,24,40,100,38,14,180,42
671,31,161,186,1,152,68,214,255,235
671,32,15,127,136,16,54,66,180,64
671,33,87,227,0,19,27,101,251,115
671,34,228,52,105,99,159,151,199,192
671,35,164,65,155,245,217,64,241,33
671,36,4,230,208,69,143,233,103,80
671,37,230,165,133,54,198,254,24,173
671,38,134,159,193,17,42,83,199,117
671,39,211,108,107,66,236,170,39,115
672,0,119,125,9,227,118,221,186,58
672,1,207,227,104,247,196,160,159,4
672,2,68,114,14,34,44,130,200,38
672,3,83,102,238,200,160,140,192,27
672,4,16,83,247,146,49,96,183,199
672,5,206,109,106,4,166,231,207,102
672,6,182,180,51,140,220,207,221,222
672,7,113,178,143,201,183,126,92,33
672,8,247,122,213,250,144,22,251,149
672,9,109,49,22,245,199,121,152,100
672,10,4,83,64,152,212,33,71,77
672,11,241,16,188,11,19,192,144,219
672,12,11,28,41,141,226,48,19,124
672,13,179,178,10,112,159,16,205,22
672,14,87,236,136,35,102,91,193,31
672,15,163,196,244,34,47,89,61,191
672,16,57,223,109,132,216,217,218,37
672,17,94,34,92,7,100,70,42,58
672,18,3,119,38,14,194,67,51,230
672,19,153,138,152,123,227,193,178,232
672,20,122,223,106,144,24,88,40,218
672,21,109,112,248,210,56,190,246,122
672,22,238,11,43,231,127,215,192,227
672,23,192,246,183,16,72,34,219,103
672,24,175,144,117,149,218,100,201,73
672,25,178,195,171,185,141,86,222,106
672,26,87,31,24,95,9,185,186,8
672,27,163,132,141,70,221,89,66,115
672,28,57,143,92,109,131,235,79,177
672,29,94,249,183,18,131,46,42,122
672,30,40,100,171,186,67,214,14,215
672,31,36,49,197,81,186,254,227,68
672,32,15,149,118,217,203,115,111,54
672,33,227,87,135,157,19,108,219,98
672,34,159,99,32,22,172,250,69,83
672,35,119,24,65,33,155,217,64,164
672,36,65,143,208,69,80,103,172,127
672,37,198,230,100,130,165,123,178,169
672,38,210,159,83,42,117,17,254,193
672,39,21,115,22,193,235,198,202,170
673,0,255,246,34,216,168,181,206,245
673,1,122,148,99,36,136,54,200,105
673,2,28,209,233,53,1,244,68,105
673,3,253,162,85,49,244,145,86,252
673,4,227,246,184,66,174,87,150,97
673,5,162,243,145,57,200,215,25,160
673,6,214,124,127,207,24,211,254,199
673,7,247,160,194,143,142,155,236,159
673,8,8,235,223,81,144,244,91,217
673,9,235,209,112,248,72,246,210,136
673,10,243,23,176,150,127,144,78,185
673,11,204,12,56,9,135,160,193,34
673,12,78,251,91,124,145,79,58,189
673,13,57,132,118,216,49,119,52,130
673,14,105,106,159,161,175,54,27,233
673,15,100,85,107,196,243,147,62,60
673,16,170,74,32,80,205,252,108,7
673,17,20,249,81,2,211,145,8,153
673,18,89,68,20,30,200,77,121,166
673,19,171,138,152,227,29,94,170,68
673,20,144,11,110,12,114,161,186,201
673,21,100,56,85,145,136,246,88,229
673,22,178,78,14,39,241,208,215,118
673,23,45,172,193,96,219,80,5,76
673,24,4,193,139,19,27,34,76,102
673,25,15,156,41,250,86,123,236,231
673,26,59,114,165,169,177,24,29,105
673,27,157,0,210,196,89,195,27,70
673,28,94,115,74,204,98,131,99,79
673,29,150,121,93,127,58,34,255,95
673,30,42,30,3,14,40,61,60,56
673,31,138,186,238,68,227,232,222,246
673,32,15,161,33,54,203,184,231,139
673,33,101,99,113,227,71,140,245,135
673,34,31,159,229,250,16,172,214,20
673,35,170,198,180,204,38,24,222,64
673,36,199,172,208,143,75,127,80,122
673,37,165,100,69,245,8,123,169,38
673,38,103,37,236,91,177,63,233,70
673,39,42,106,198,115,193,76,227,202
674,0,42,205,252,12,25,165,89,100
674,1,240,180,126,145,221,84,208,194
674,2,232,211,209,130,26,53,124,12
674,3,120,66,111,191,9,143,253,4
674,4,227,84,146,22,177,19,41,255
674,5,4,206,82,95,15,231,80,230
674,6,66,18,152,67,32,222,180,130
674,7,11,193,48,178,252,126,97,150
674,8,247,144,22,135,251,161,63,244
674,9,100,22,183,125,49,77,252,218
674,10,32,131,180,1,95,70,93,210
674,11,72,241,83,124,26,97,216,230
674,12,32,25,28,202,110,87,119,255
674,13,162,185,10,90,193,195,250,109
674,14,21,3,233,43,134,222,223,212
674,15,107,138,221,79,122,160,155,243
674,16,94,142,77,223,169,193,76,164
674,17,145,2,81,121,83,94,249,53
674,18,151,30,147,121,20,194,200,9
674,19,49,152,6,94,254,128,227,161
674,20,144,49,89,38,40,247,121,223
674,21,218,248,100,49,22,56,98,101
674,22,113,1,216,141,131,208,95,180
674,23,123,174,72,79,241,201,26,116
674,24,32,217,128,226,89,48,119,19
674,25,141,192,97,162,10,195,156,178
674,26,222,21,3,24,87,186,114,120
674,27,39,196,0,210,76,57,199,128
674,28,196,193,2,57,204,79,219,94
674,29,94,249,61,88,114,2,190,49
674,30,186,40,162,42,215,24,22,14
674,31,218,4,152,227,186,135,242,211
674,32,161,125,140,118,254,54,139,137
674,33,132,166,90,227,27,13,115,19
674,34,241,20,159,44,133,99,83,137
674,35,74,24,52,119,65,86,64,21
674,36,115,93,143,172,19,208,39,63
674,37,100,169,101,123,130,127,175,178
674,38,199,174,57,193,18,7,196,143
674,39,193,107,236,163,35,202,155,235
675,0,154,219,179,130,101,59,197,175
675,1,139,64,106,216,87,59,78,219
675,2,17,227,69,52,19,4,163,166
675,3,59,97,189,29,107,238,160,205
675,4,241,131,191,183,151,230,146,214
675,5,51,231,176,6,184,112,78,28
675,6,51,107,180,83,77,18,175,255
675,7,126,234,95,231,33,55,51,216
675,8,89,49,251,250,105,218,93,96
675,9,69,77,228,118,183,124,34,56
675,10,130,113,210,1,69,83,95,216
675,11,79,174,241,122,88,57,16,147
675,12,201,63,26,19,32,188,117,255
675,13,97,10,43,195,156,4,192,141
675,14,20,43,222,124,3,154,215,193
675,15,196,81,0,210,199,57,107,84
675,16,196,37,5,94,79,66,218,223
675,17,172,61,193,81,34,108,67,93
675,18,30,20,57,68,186,50,42,151
675,19,6,152,186,246,254,171,130,68
675,20,7,110,89,144,209,244,114,199
675,21,171,246,29,94,210,85,164,43
675,22,113,130,210,208,178,222,48,95
675,23,161,122,214,79,172,45,40,193
675,24,27,200,217,89,139,58,48,63
675,25,34,97,43,156,250,147,2,206
675,26,222,21,124,20,120,233,70,24
675,27,196,81,0,107,39,100,200,210
675,28,196,94,133,223,248,5,98,2
675,29,61,94,48,190,34,76,121,247
675,30,68,186,42,40,22,3,111,205
675,31,205,4,218,211,94,135,254,171
675,32,161,125,186,131,192,104,44,254
675,33,166,132,140,223,113,126,109,90
675,34,20,91,96,44,65,137,203,160
675,35,74,24,108,64,78,128,221,160
675,36,2,172,19,115,93,171,143,39
675,37,100,169,101,123,232,127,86,179
675,38,18,61,196,96,236,143,17,158
675,39,235,163,40,22,170,193,128,91
676,0,196,229,197,7,105,58,118,179
676,1,225,231,27,244,150,11,93,200
676,2,103,34,100,227,163,17,88,145
676,3,235,133,187,152,231,31,84,176
676,4,13,142,236,222,241,108,128,251
676,5,104,193,186,41,253,6,12,185
676,6,175,167,61,153,123,107,18,51
676,7,29,23,196,216,10,14,253,210
676,8,234,7,89,49,83,110,105,56
676,9,164,29,94,49,118,13,85,170
676,10,169,210,130,198,113,248,2,51
676,11,161,189,79,95,216,241,228,122
676,12,74,63,217,26,32,44,87,195
676,13,97,147,156,43,206,226,10,117
676,14,20,124,222,3,43,97,32,105
676,15,81,0,200,100,107,162,57,210
676,16,9,133,5,196,223,218,205,37
676,17,172,93,250,76,61,193,81,121
676,18,20,179,30,68,187,89,0,57
676,19,6,109,205,130,152,186,68,218
676,20,110,234,7,144,89,209,114,180
676,21,164,29,94,85,210,171,170,49
676,22,169,113,198,48,130,222,178,39
676,23,161,189,41,214,42,193,172,241
676,24,74,217,26,63,27,44,89,139
676,25,147,43,6,15,156,34,134,250
676,26,148,124,20,24,222,21,51,165
676,27,81,200,162,0,39,107,122,100
676,28,133,5,196,94,205,9,98,32
676,29,76,250,48,172,87,58,121,83
676,30,68,179,205,22,187,186,142,89
676,31,205,109,4,218,221,117,187,254
676,32,161,181,192,98,186,125,68,131
676,33,238,86,183,43,73,126,140,215
676,34,96,84,207,180,101,62,137,86
676,35,160,57,108,153,84,145,204,151
676,36,70,181,98,120,83,171,217,143
676,37,65,182,31,123,98,190,58,61
676,38,151,143,25,134,5,18,202,196
676,39,2,228,114,10,217,38,97,174
677,0,132,158,47,190,141,177,125,235
677,1,182,244,93,188,197,58,233,213
677,2,100,29,123,93,27,57,103,145
677,3,133,187,235,190,158,174,117,128
677,4,236,142,128,91,95,0,130,45
677,5,193,47,78,90,79,41,127,185
677,6,153,60,206,22,138,173,155,75
677,7,117,29,23,196,64,254,216,78
677,8,116,234,180,239,99,56,104,7
677,9,164,239,191,36,8,2,170,59
677,10,169,198,185,210,125,195,36,65
677,11,161,189,86,206,108,128,233,47
677,12,44,93,74,54,63,26,65,15
677,13,147,134,97,43,206,11,182,6
677,14,20,148,124,32,51,50,86,97
677,15,200,81,162,31,58,87,100,232
677,16,133,5,196,43,205,9,106,91
677,17,76,250,172,87,0,61,93,153
677,18,179,89,0,43,187,163,57,20
677,19,116,109,20,205,57,195,231,94
677,20,110,234,239,116,23,63,180,83
677,21,164,191,239,94,85,29,113,155
677,22,169,196,198,125,39,113,150,130
677,23,161,189,128,206,86,62,47,160
677,24,74,93,44,63,26,54,27,15
677,25,134,147,6,43,15,32,182,253
677,26,148,51,124,20,165,86,10,24
677,27,200,162,31,81,181,58,2,107
677,28,43,133,205,5,94,98,168,9
677,29,87,76,250,0,20,58,172,153
677,30,89,179,226,163,68,0,22,187
677,31,116,109,205,4,162,231,26,20
677,32,181,119,161,90,178,192,68,252
677,33,93,43,83,16,129,86,215,213
677,34,96,82,112,92,86,1,207,26
677,35,160,84,108,57,42,27,204,47
677,36,22,222,83,70,221,192,171,23
677,37,229,104,182,123,98,39,61,58
677,38,151,64,27,148,143,67,134,123
677,39,186,217,154,38,243,11,69,46
678,0,238,43,147,95,252,25,112,18
678,1,250,224,46,172,129,19,147,103
678,2,29,27,20,140,49,167,186,106
678,3,233,26,103,117,230,130,4,40
678,4,183,45,81,213,229,9,144,235
678,5,188,43,78,90,127,65,5,79
678,6,60,206,68,101,208,122,173,138
678,7,117,65,176,54,229,78,254,205
678,8,104,239,116,73,185,56,180,99
678,9,126,113,171,160,170,191,2,85
678,10,157,173,139,185,27,238,150,65
678,11,47,39,133,41,120,95,86,181
678,12,249,44,54,93,209,74,34,164
678,13,6,134,15,11,61,176,34,103
678,14,86,41,148,51,32,10,50,147
678,15,162,189,31,58,46,200,181,184
678,16,133,205,43,170,9,168,106,156
678,17,5,153,93,76,87,57,15,20
678,18,226,179,89,39,68,20,43,30
678,19,109,167,19,205,120,243,29,227
678,20,110,239,104,180,185,190,114,253
678,21,191,155,113,126,85,164,246,210
678,22,157,150,196,173,76,199,195,166
678,23,41,47,193,189,140,95,196,219
678,24,93,44,225,77,87,220,54,192
678,25,6,15,134,34,176,206,212,52
678,26,21,24,26,86,35,54,10,148
678,27,162,200,122,181,217,46,107,56
678,28,43,205,170,168,133,24,94,106
678,29,5,20,158,76,153,48,93,87
678,30,68,226,192,89,22,29,2,77
678,31,167,109,228,94,12,254,171,30
678,32,223,181,68,178,119,107,161,128
678,33,83,16,231,74,72,215,40,28
678,34,241,1,21,92,186,86,133,116
678,35,84,160,108,76,250,244,135,61
678,36,23,70,221,98,83,129,176,248
678,37,62,229,58,70,123,176,219,175
678,38,120,166,236,105,147,55,62,206
678,39,238,155,223,81,235,95,237,229
679,0,206,104,43,209,95,147,30,105
679,1,46,47,188,156,213,58,197,20
679,2,82,20,85,73,186,215,245,220
679,3,117,233,178,119,103,40,130,229
679,4,184,246,5,20,183,144,87,193
679,5,159,42,185,76,229,32,15,180
679,6,206,176,137,230,97,124,53,160
679,7,15,236,210,54,144,180,67,196
679,8,7,144,114,244,239,113,185,69
679,9,113,171,42,88,183,49,246,105
679,10,215,240,210,96,115,219,238,231
679,11,88,181,42,228,41,57,16,196
679,12,41,189,4,164,175,102,187,195
679,13,34,49,6,156,227,118,162,141
679,14,222,21,212,233,223,34,41,114
679,15,196,100,0,107,39,29,92,243
679,16,37,94,218,223,169,205,142,115
679,17,93,81,145,121,53,249,2,132
679,18,20,30,68,121,200,146,58,42
679,19,152,138,94,186,170,128,254,227
679,20,144,110,7,199,114,213,49,201
679,21,246,134,100,214,85,218,49,113
679,22,48,222,60,178,95,118,241,39
679,23,80,172,216,41,181,193,246,47
679,24,139,64,89,190,187,200,48,27
679,25,250,227,15,162,10,231,156,255
679,26,110,233,114,21,24,222,177,212
679,27,39,0,107,139,196,70,92,192
679,28,205,37,94,220,169,223,175,98
679,29,48,93,121,53,81,158,83,2
679,30,68,42,40,186,100,31,22,111
679,31,238,186,138,94,194,170,218,241
679,32,33,107,68,43,64,161,40,203
679,33,192,227,245,13,77,21,195,101
679,34,16,99,211,137,8,229,192,201
679,35,170,64,151,106,130,137,198,199
679,36,208,23,217,69,148,225,199,143
679,37,130,165,160,245,86,127,232,92
679,38,103,191,245,112,21,233,49,16
679,39,86,65,228,173,73,235,198,10
680,0,32,206,95,238,168,255,181,34
680,1,201,140,182,122,46,77,58,176
680,2,82,20,98,204,220,215,73,53
680,3,178,117,103,233,119,204,194,252
680,4,81,246,193,249,183,213,130,144
680,5,42,185,76,85,159,230,32,255
680,6,206,118,137,176,7,124,133,97
680,7,210,15,54,236,65,221,162,57
680,8,239,244,113,114,69,144,12,73
680,9,113,49,105,246,88,183,34,7
680,10,215,240,210,238,21,129,231,96
680,11,41,181,57,88,196,253,51,168
680,12,41,4,102,175,0,195,76,189
680,13,34,6,49,15,10,11,141,243
680,14,41,233,29,165,212,222,21,31
680,15,196,107,0,100,56,53,39,29
680,16,37,94,218,248,115,205,141,9
680,17,93,81,249,125,121,2,145,67
680,18,68,30,20,200,42,58,121,89
680,19,152,138,68,227,94,171,186,128
680,20,110,144,178,7,199,114,84,161
680,21,246,134,85,210,229,218,149,100
680,22,178,48,129,222,95,118,123,52
680,23,41,216,172,214,82,28,181,40
680,24,225,48,187,45,4,27,116,139
680,25,250,242,15,34,255,102,156,52
680,26,24,21,110,177,31,252,35,9
680,27,196,122,82,243,56,92,210,107
680,28,205,168,248,218,37,175,24,7
680,29,158,58,48,5,15,153,131,53
680,30,68,24,226,42,38,100,146,104
680,31,238,186,94,221,214,167,232,150
680,32,223,68,64,16,107,35,135,178
680,33,74,231,16,241,245,227,28,215
680,34,116,92,1,34,204,250,137,211
680,35,250,108,127,76,244,224,183,35
680,36,23,176,70,129,83,130,15,43
680,37,58,104,219,206,163,98,157,76
680,38,151,148,92,27,55,245,112,16
680,39,243,238,46,78,38,114,2,235
681,0,88,95,112,140,238,43,200,173
681,1,181,47,152,36,140,115,70,54
681,2,62,82,186,20,218,197,132,165
681,3,117,233,103,194,236,76,106,178
681,4,193,199,62,9,235,45,188,5
681,5,230,160,15,87,5,188,185,189
681,6,118,208,193,97,179,160,133,122
681,7,176,236,54,65,207,134,205,210
681,8,239,104,230,205,73,160,100,199
681,9,113,53,183,56,114,126,34,119
681,10,215,122,157,100,238,210,104,141
681,11,181,41,196,57,28,51,253,39
681,12,102,41,4,62,175,187,0,76
681,13,6,15,34,49,2,216,243,236
681,14,41,165,9,87,215,244,24,26
681,15,196,46,117,56,168,228,89,53
681,16,248,168,205,170,39,141,216,218
681,17,5,58,158,93,67,121,97,34
681,18,68,20,30,172,39,58,89,53
681,19,68,19,186,138,170,94,167,29
681,20,110,104,7,239,114,17,150,178
681,21,246,113,210,85,218,155,87,149
681,22,157,195,178,129,222,122,100,95
681,23,41,82,172,181,95,39,47,5
681,24,225,187,213,102,4,27,193,139
681,25,6,15,52,250,26,34,176,206
681,26,24,21,26,110,193,165,34,35
681,27,56,122,196,100,107,217,92,115
681,28,168,205,24,170,94,218,7,37
681,29,158,5,20,58,8,153,124,48
681,30,68,226,24,29,100,192,32,40
681,31,167,94,150,186,254,228,234,120
681,32,68,223,60,107,178,64,206,181
681,33,74,16,40,72,190,245,83,231
681,34,116,82,34,92,1,204,21,213
681,35,244,84,224,183,108,250,22,214
681,36,23,70,129,176,83,239,157,15
681,37,104,58,219,182,206,7,163,158
681,38,151,27,148,92,47,230,34,76
681,39,110,243,12,38,78,114,69,242
682,0,104,4,147,236,99,30,155,239
682,1,124,195,211,97,233,128,95,215
682,2,60,255,49,134,11,106,108,167
682,3,30,177,4,11,92,117,219,199
682,4,54,165,250,192,77,75,154,5
682,5,236,251,183,188,115,62,43,2
682,6,14,208,183,65,156,97,68,22
682,7,196,101,4,6,228,126,35,167
682,8,159,110,220,116,178,105,56,180
682,9,8,49,85,197,118,59,104,25
682,10,122,157,210,91,178,222,9,195
682,11,47,95,181,85,57,3,91,111
682,12,175,191,164,138,192,189,4,220
682,13,243,6,15,34,176,206,49,190
682,14,41,32,52,165,105,45,185,53
682,15,181,196,162,153,39,122,100,58
682,16,205,9,170,163,216,168,37,223
682,17,93,158,20,183,15,193,107,153
682,18,89,197,20,68,39,226,43,204
682,19,109,195,167,19,222,243,138,186
682,20,110,159,239,17,180,160,178,104
682,21,246,85,156,151,171,203,8,149
682,22,157,196,195,39,150,9,122,35
682,23,47,85,219,152,95,150,173,111
682,24,220,193,189,252,225,192,15,27
682,25,6,15,243,32,20,209,108,242
682,26,86,24,41,21,10,35,105,110
682,27,162,181,172,165,122,217,87,56
682,28,205,9,98,7,94,170,218,37
682,29,48,20,15,158,58,255,93,124
682,30,197,89,68,250,205,22,226,20
682,31,4,167,205,218,78,187,150,151
682,32,161,192,19,68,252,186,90,77
682,33,56,75,238,39,86,215,74,16
682,34,1,191,72,63,96,180,101,250
682,35,43,108,160,153,145,204,0,47
682,36,98,19,171,124,9,47,23,83
682,37,126,229,16,123,66,186,61,175
682,38,0,61,5,180,35,96,248,143
682,39,235,86,174,6,65,197,73,192
683,0,101,197,35,34,9,179,79,242
683,1,16,62,155,97,107,70,151,20
683,2,109,106,94,189,39,173,120,244
683,3,236,230,150,26,37,211,233,130
683,4,245,15,102,200,142,241,66,105
683,5,43,220,188,236,107,44,183,127
683,6,14,65,133,208,157,79,22,156
683,7,23,196,204,15,210,205,54,109
683,8,239,159,180,56,116,110,137,104
683,9,203,49,59,13,113,85,8,171
683,10,157,151,122,210,215,39,129,22
683,11,57,42,47,95,228,88,185,66
683,12,175,220,191,164,102,4,190,41
683,13,6,227,15,28,49,138,156,204
683,14,41,29,222,165,32,46,105,87
683,15,39,196,0,29,172,100,36,107
683,16,205,9,37,223,44,48,245,218
683,17,93,132,193,81,5,183,121,166
683,18,20,68,39,30,197,89,184,200
683,19,205,51,152,68,109,218,243,178
683,20,110,239,144,7,180,178,114,36
683,21,246,171,203,134,85,217,170,100
683,22,62,48,236,222,157,39,95,178
683,23,47,42,219,181,196,216,241,172
683,24,193,48,139,187,27,4,190,225
683,25,250,15,6,242,156,29,10,227
683,26,21,24,110,222,35,233,41,114
683,27,39,196,0,172,162,56,107,96
683,28,205,5,37,94,223,9,98,32
683,29,48,5,250,93,8,145,132,83
683,30,68,142,197,205,179,22,186,29
683,31,109,238,218,186,117,205,94,130
683,32,68,98,186,96,192,107,38,161
683,33,126,238,86,183,21,215,245,13
683,34,180,96,207,116,101,86,196,211
683,35,160,153,57,108,145,151,250,64
683,36,23,70,181,98,120,208,171,217
683,37,65,31,182,115,130,250,58,123
683,38,151,70,176,5,196,73,180,128
683,39,228,10,2,86,190,222,174,173
684,0,141,235,208,115,253,158,221,125
684,1,62,182,217,152,70,82,213,155
684,2,109,106,95,127,123,94,46,220
684,3,26,230,219,233,117,236,35,128
684,4,45,245,165,15,144,58,102,142
684,5,43,90,188,135,107,220,127,5
684,6,14,206,65,133,22,79,208,156
684,7,117,23,78,205,196,231,54,254
684,8,239,104,180,116,56,99,35,52
684,9,203,116,191,113,171,13,85,2
684,10,157,188,210,22,88,48,198,206
684,11,47,57,42,95,233,149,246,155
684,12,93,175,220,164,192,102,4,193
684,13,6,227,15,134,29,243,138,28
684,14,41,32,52,86,29,51,97,165
684,15,172,162,196,58,87,181,39,29
684,16,9,205,223,245,37,218,48,75
684,17,93,193,250,183,166,132,5,87
684,18,20,197,89,39,170,68,204,30
684,19,109,116,205,186,152,167,19,195
684,20,110,239,180,7,209,144,186,160
684,21,246,191,203,116,171,85,35,12
684,22,236,157,48,62,39,211,196,125
684,23,42,47,41,219,196,172,152,214
684,24,93,220,27,225,54,252,193,139
684,25,15,6,134,206,227,250,29,82
684,26,24,21,149,41,110,51,86,208
684,27,162,172,107,196,56,122,39,87
684,28,205,5,98,43,9,94,62,7
684,29,250,5,48,87,93,8,58,132
684,30,68,179,142,205,197,22,89,186
684,31,109,205,116,218,117,94,4,171
684,32,119,192,186,161,96,134,90,107
684,33,93,238,183,86,215,129,21,245
684,34,96,207,180,82,101,86,196,1
684,35,160,153,57,108,145,151,27,76
684,36,222,70,23,181,98,120,208,83
684,37,31,182,58,229,175,39,250,185
684,38,151,64,148,70,92,128,71,176
684,39,186,38,69,217,190,189,238,11
685,0,38,193,54,53,244,44,30,176
685,1,140,122,117,62,105,201,217,103
685,2,106,154,127,173,220,54,102,99
685,3,91,128,35,34,210,250,26,233
685,4,144,120,213,58,245,6,159,205
685,5,42,239,220,5,185,51,73,72
685,6,65,118,208,133,206,97,137,193
685,7,54,15,221,210,214,109,134,236
685,8,239,113,114,244,199,160,253,144
685,9,113,203,171,88,49,116,105,183
685,10,240,215,231,22,96,210,129,11
685,11,57,181,88,41,196,28,51,42
685,12,4,175,41,0,102,76,189,117
685,13,227,34,10,49,2,216,206,141
685,14,222,41,223,29,114,31,97,233
685,15,196,39,0,107,29,100,120,56
685,16,37,223,218,205,245,141,94,23
685,17,132,93,145,81,121,53,2,83
685,18,20,68,30,186,121,215,200,217
685,19,152,218,138,178,51,170,94,225
685,20,144,110,7,49,178,199,114,255
685,21,134,246,100,214,85,217,171,229
685,22,236,62,178,48,95,222,51,60
685,23,42,82,181,41,47,214,172,26
685,24,139,190,187,200,27,217,48,193
685,25,250,162,242,227,231,15,156,146
685,26,222,233,114,110,212,43,223,236
685,27,39,139,107,196,53,120,0,100
685,28,205,94,223,169,37,248,175,204
685,29,48,93,145,53,2,5,8,83
685,30,68,142,186,42,166,22,29,205
685,31,238,186,94,218,117,248,171,243
685,32,68,96,107,64,186,42,199,38
685,33,190,245,232,21,13,238,99,73
685,34,196,180,207,116,186,82,101,96
685,35,153,108,160,151,57,145,76,202
685,36,23,181,70,98,8,176,188,217
685,37,31,182,7,97,58,115,75,190
685,38,151,71,148,92,5,230,228,255
685,39,2,69,38,217,189,154,78,146
686,0,107,82,181,106,83,99,147,236
686,1,242,128,124,73,19,132,200,86
686,2,255,188,238,106,49,154,133,80
686,3,219,92,121,169,178,227,131,147
686,4,254,79,255,245,199,224,74,49
686,5,147,174,159,185,42,29,79,97
686,6,208,137,65,193,118,166,40,164
686,7,54,195,221,101,15,47,134,71
686,8,24,244,114,125,95,144,237,146
686,9,151,49,85,217,171,183,100,118
686,10,228,68,62,210,22,6,196,71
686,11,64,181,27,57,253,168,171,96
686,12,102,175,16,189,138,191,0,117
686,13,164,227,10,28,141,168,216,135
686,14,213,238,222,46,12,180,236,165
686,15,196,39,29,107,243,120,100,0
686,16,14,205,223,37,9,188,245,44
686,17,132,26,93,81,145,121,65,53
686,18,68,20,55,186,30,215,159,121
686,19,237,51,218,170,152,233,243,168
686,20,110,7,49,144,199,219,201,114
686,21,217,134,246,151,171,156,85,214
686,22,228,68,222,48,178,62,236,39
686,23,181,64,47,27,195,214,69,93
686,24,193,106,48,225,139,42,190,165
686,25,164,250,242,141,162,156,176,138
686,26,238,21,24,43,110,233,114,35
686,27,122,116,196,107,243,100,195,210
686,28,14,205,185,223,2,149,94,98
686,29,26,48,65,190,8,83,93,101
686,30,68,55,142,186,29,166,159,77
686,31,237,94,186,238,150,211,243,171
686,32,42,224,68,64,107,197,199,206
686,33,179,201,156,16,217,245,21,13
686,34,196,49,217,213,144,236,211,247
686,35,210,224,56,202,244,108,214,227
686,36,255,23,24,129,157,239,208,35
686,37,50,7,82,219,14,158,98,97
686,38,146,47,230,34,76,32,100,79
686,39,85,177,10,13,114,203,62,116
687,0,24,109,151,4,155,124,199,76
687,1,241,226,236,22,182,85,83,233
687,2,58,3,221,77,5,234,118,182
687,3,177,167,30,112,243,11,159,199
687,4,243,77,134,75,192,54,186,223
687,5,236,183,147,251,115,62,2,0
687,6,149,180,49,56,82,185,213,42
687,7,196,167,30,32,14,28,210,126
687,8,159,110,220,144,114,246,105,178
687,9,49,8,85,97,100,134,87,218
687,10,228,222,178,9,95,6,242,213
687,11,181,85,59,164,69,93,66,91
687,12,210,187,16,19,175,165,201,124
687,13,230,176,28,34,89,185,253,241
687,14,238,46,213,236,222,43,131,55
687,15,196,0,122,150,56,100,2,47
687,16,14,205,37,190,169,223,44,2
687,17,93,108,121,103,25,81,53,48
687,18,68,20,250,184,108,14,30,186
687,19,85,51,186,19,254,194,94,170
687,20,110,159,49,178,144,209,106,7
687,21,171,193,214,134,98,58,97,85
687,22,228,222,48,133,86,191,129,242
687,23,181,85,47,93,214,69,228,82
687,24,193,187,175,4,190,48,165,167
687,25,230,242,250,176,195,138,156,89
687,26,43,236,21,208,62,222,24,63
687,27,39,139,122,44,195,107,210,198
687,28,14,13,205,190,2,223,98,94
687,29,48,93,8,153,188,114,83,190
687,30,142,68,250,186,29,166,90,63
687,31,51,218,241,128,171,85,63,211
687,32,22,76,68,107,146,48,64,18
687,33,75,6,11,56,95,55,143,119
687,34,72,175,94,240,101,204,236,64
687,35,2,5,191,94,185,187,85,153
687,36,67,23,125,142,176,98,122,171
687,37,126,43,115,16,186,61,195,60
687,38,255,93,163,119,223,5,96,35
687,39,122,146,165,179,47,6,223,91
688,0,233,85,93,49,165,11,69,22
688,1,236,203,81,16,133,92,169,57
688,2,101,65,2,191,84,149,173,118
688,3,236,148,14,55,134,188,216,42
688,4,122,119,254,105,172,228,20,65
688,5,61,183,236,147,69,114,2,18
688,6,90,49,149,56,180,200,172,6
688,7,196,101,14,109,79,167,28,131
688,8,159,110,7,103,49,184,35,114
688,9,217,49,85,151,97,182,14,9
688,10,62,228,222,183,6,95,178,61
688,11,69,181,66,247,207,180,155,18
688,12,187,106,16,19,175,124,4,189
688,13,176,2,34,200,156,10,227,28
688,14,238,46,136,236,222,43,8,39
688,15,196,243,2,36,0,39,120,47
688,16,37,14,223,149,205,2,131,13
688,17,93,65,236,121,114,53,34,145
688,18,20,30,68,214,180,215,199,102
688,19,51,233,152,94,170,171,186,44
688,20,144,110,159,49,114,106,213,255
688,21,217,100,214,171,218,134,246,122
688,22,62,229,95,86,180,241,222,108
688,23,66,181,69,247,26,47,142,83
688,24,106,175,139,193,4,187,202,200
688,25,162,250,242,195,227,200,161,76
688,26,233,43,236,54,222,212,62,100
688,27,139,107,36,137,196,92,198,82
688,28,13,142,205,94,148,223,45,220
688,29,2,48,81,65,83,53,145,34
688,30,142,200,166,100,30,29,34,147
688,31,94,186,128,147,51,152,170,225
688,32,96,68,186,122,215,64,124,42
688,33,11,119,55,245,151,29,58,215
688,34,180,196,236,8,204,101,144,142
688,35,153,227,181,66,64,104,137,210
688,36,166,8,64,143,75,127,105,230
688,37,77,115,165,130,76,118,218,42
688,38,93,140,255,91,6,206,159,196
688,39,9,86,68,225,241,47,146,114
689,0,135,59,83,108,79,61,177,88
689,1,143,182,152,192,238,78,70,140
689,2,89,8,36,101,62,251,173,65
689,3,106,250,110,29,85,129,210,254
689,4,254,171,202,150,172,72,7,248
689,5,87,51,250,185,220,29,166,146
689,6,107,160,255,180,28,87,221,141
689,7,164,230,90,206,134,72,156,183
689,8,37,144,95,206,251,166,250,93
689,9,152,183,69,112,147,62,171,17
689,10,88,228,174,231,69,195,254,240
689,11,39,57,246,88,34,56,183,177
689,12,78,52,4,187,124,6,68,211
689,13,227,49,161,209,57,242,234,216
689,14,26,230,211,191,142,209,97,136
689,15,53,196,150,72,243,225,89,82
689,16,88,245,63,50,166,89,14,233
689,17,30,106,242,29,25,96,175,127
689,18,31,174,217,89,169,184,94,52
689,19,150,191,32,214,246,44,40,90
689,20,127,17,11,175,139,37,81,192
689,21,246,69,12,192,7,171,11,54
689,22,100,203,166,80,60,168,195,217
689,23,126,96,129,149,41,196,249,28
689,24,169,68,24,213,4,52,144,76
689,25,227,234,146,57,119,242,241,212
689,26,110,211,216,236,166,181,197,114
689,27,56,183,137,196,179,70,254,117
689,28,177,245,218,18,50,29,248,100
689,29,247,159,249,97,53,121,131,168
689,30,184,30,166,24,40,180,254,146
689,31,10,188,186,161,48,246,160,11
689,32,60,121,66,11,64,63,49,54
689,33,33,108,137,123,115,99,67,128
689,34,52,108,40,114,8,142,164,122
689,35,215,95,81,104,234,225,38,198
689,36,218,208,106,65,69,63,102,40
689,37,116,133,77,38,125,244,149,226
689,38,108,176,23,117,98,204,36,223
689,39,50,95,47,229,198,86,175,133
690,0,21,225,102,228,24,23,40,224
690,1,135,67,56,103,127,178,205,131
690,2,124,32,8,79,6,251,237,58
690,3,242,223,109,165,252,254,56,195
690,4,233,134,132,185,111,57,125,18
690,5,60,119,95,214,126,233,109,173
690,6,233,40,132,107,213,46,101,255
690,7,252,6,191,200,178,130,75,121
690,8,144,63,27,22,232,40,244,108
690,9,100,218,177,183,119,134,163,141
690,10,131,230,13,129,210,32,89,104
690,11,83,124,188,70,100,56,155,87
690,12,41,19,139,180,202,50,188,239
690,13,49,185,162,240,206,13,75,141
690,14,223,211,197,55,114,236,21,97
690,15,196,225,35,243,187,53,2,59
690,16,23,37,88,210,59,83,246,79
690,17,220,182,161,82,2,106,232,113
690,18,30,184,176,104,94,141,60,199
690,19,186,173,246,214,170,255,78,48
690,20,223,144,78,37,213,149,230,200
690,21,112,248,241,100,183,195,177,230
690,22,129,20,136,217,195,191,166,210
690,23,183,87,149,177,155,96,233,126
690,24,68,8,213,24,246,2,5,189
690,25,167,117,49,161,64,243,177,67
690,26,110,197,211,223,236,9,87,81
690,27,179,225,137,82,196,132,53,86
690,28,218,177,225,50,66,187,220,245
690,29,170,131,182,134,74,34,145,92
690,30,120,141,184,24,30,229,166,34
690,31,10,186,47,48,170,184,161,11
690,32,121,120,11,101,214,203,38,217
690,33,99,137,33,53,19,128,108,115
690,34,32,42,108,40,245,8,122,163
690,35,119,215,81,121,64,104,234,44
690,36,55,76,128,218,40,62,148,75
690,37,244,130,133,13,77,91,240,92
690,38,193,11,23,223,186,184,241,138
690,39,238,21,193,22,118,148,191,20
691,0,52,168,255,87,209,198,193,129
691,1,209,222,234,137,119,67,148,176
691,2,81,160,151,129,1,231,213,73
691,3,50,124,244,237,1,86,161,246
691,4,21,48,50,97,168,69,31,87
691,5,25,180,229,215,20,57,243,143
691,6,214,207,139,111,124,254,211,127
691,7,160,200,247,141,186,194,73,213
691,8,223,81,144,235,8,17,91,11
691,9,248,235,246,72,155,112,210,71
691,10,176,243,127,150,14,144,23,79
691,11,204,56,42,135,12,9,160,58
691,12,202,139,251,145,49,189,239,18
691,13,162,130,118,250,57,119,226,157
691,14,212,105,21,233,100,161,54,34
691,15,100,107,85,129,206,243,122,210
691,16,170,229,94,74,108,252,7,200
691,17,2,8,81,220,145,133,83,211
691,18,121,30,68,77,200,17,199,29
691,19,171,152,128,94,147,227,177,170
691,20,144,22,114,161,213,110,27,25
691,21,100,218,85,201,34,134,80,49
691,22,178,174,160,180,131,116,118,168
691,23,80,56,102,41,45,76,219,187
691,24,139,25,2,182,202,214,247,42
691,25,250,162,227,255,130,109,26,82
691,26,78,233,161,212,114,169,138,110
691,27,100,129,107,157,210,137,89,168
691,28,74,94,177,228,39,126,182,16
691,29,121,34,150,74,187,131,159,36
691,30,180,3,30,184,24,174,111,13
691,31,194,154,138,161,94,170,186,48
691,32,127,66,11,111,160,231,49,40
691,33,227,19,155,109,35,99,245,236
691,34,245,68,172,32,108,99,40,142
691,35,119,215,238,81,198,121,180,64
691,36,75,172,126,199,208,62,148,6
691,37,234,165,133,202,91,252,244,4
691,38,23,37,11,223,179,138,140,65
691,39,193,228,202,73,106,22,210,76
692,0,252,25,42,176,100,152,5,55
692,1,209,40,253,96,114,56,183,222
692,2,81,160,39,151,2,137,120,129
692,3,50,191,138,232,107,111,57,185
692,4,84,3,137,191,136,178,134,157
692,5,116,214,206,139,59,33,196,131
692,6,84,145,117,40,227,172,71,101
692,7,252,150,71,245,121,15,110,95
692,8,144,63,135,244,114,22,40,218
692,9,100,160,31,141,218,43,252,35
692,10,131,32,13,89,70,213,162,211
692,11,83,100,56,199,70,87,26,88
692,12,139,13,50,87,202,239,25,246
692,13,162,240,90,130,0,185,19,13
692,14,105,21,212,175,97,233,143,17
692,15,100,107,157,95,92,196,45,85
692,16,234,37,102,59,177,23,126,60
692,17,145,220,2,121,30,81,53,167
692,18,30,199,94,229,20,37,121,176
692,19,186,49,47,48,94,197,194,168
692,20,144,213,223,114,244,88,25,149
692,21,100,160,218,8,128,11,65,80
692,22,60,131,20,13,127,217,229,208
692,23,87,71,149,183,70,45,123,48
692,24,139,4,2,243,68,200,204,167
692,25,162,137,250,82,185,146,110,13
692,26,55,110,114,236,212,21,251,70
692,27,95,107,139,45,138,179,175,137
692,28,18,142,84,102,13,204,187,175
692,29,184,2,34,53,145,247,131,121
692,30,34,147,215,30,188,166,184,180
692,31,194,186,152,172,94,246,149,147
692,32,121,48,138,68,122,40,214,22
692,33,55,47,225,224,245,107,19,90
692,34,175,241,163,40,67,38,103,8
692,35,94,5,9,64,85,104,187,213
692,36,69,128,172,32,67,230,151,143
692,37,43,100,130,77,133,202,123,140
692,38,23,140,210,57,242,11,248,199
692,39,193,40,163,76,235,236,106,185
693,0,67,154,179,145,168,48,34,219
693,1,139,64,106,216,59,87,168,151
693,2,160,81,173,206,9,137,175,111
693,3,142,59,107,52,204,141,232,135
693,4,241,131,151,191,230,181,214,3
693,5,139,175,176,37,192,240,112,212
693,6,107,180,228,170,150,141,189,27
693,7,121,71,15,28,201,168,183,134
693,8,144,93,114,125,189,88,105,199
693,9,69,100,0,141,23,115,234,117
693,10,228,69,137,42,210,179,211,194
693,11,174,70,154,57,122,56,87,243
693,12,11,19,200,4,177,180,89,73
693,13,137,49,149,110,2,121,241,1
693,14,223,236,56,102,211,119,154,133
693,15,196,216,187,168,34,179,151,137
693,16,131,218,177,92,161,37,210,50
693,17,168,97,188,91,99,182,82,134
693,18,158,214,30,14,184,104,60,37
693,19,91,186,170,199,90,138,168,81
693,20,120,144,106,37,201,103,205,114
693,21,171,69,112,218,195,11,135,248
693,22,60,179,24,195,206,76,95,13
693,23,183,154,16,90,129,149,26,196
693,24,200,4,187,139,102,189,78,19
693,25,195,137,226,167,242,173,161,193
693,26,110,236,211,114,251,63,186,55
693,27,137,196,139,230,214,175,59,44
693,28,13,204,223,225,142,118,187,70
693,29,145,53,2,247,113,82,34,92
693,30,188,215,166,146,30,214,34,142
693,31,194,186,152,94,128,172,246,170
693,32,48,68,102,64,122,40,11,51
693,33,55,224,225,126,107,245,151,140
693,34,175,64,67,236,8,120,204,151
693,35,94,5,85,2,64,227,56,187
693,36,67,195,2,208,32,139,128,156
693,37,43,7,165,140,118,77,61,20
693,38,163,93,100,23,230,140,255,32
693,39,138,114,246,215,1,198,235,106
694,0,127,85,18,49,153,146,58,227
694,1,43,29,4,30,66,123,116,223
694,2,169,111,164,40,173,120,9,160
694,3,116,20,171,51,141,55,52,232
694,4,215,12,130,172,228,182,39,157
694,5,169,250,56,249,189,42,134,176
694,6,107,73,136,170,180,147,88,191
694,7,56,134,214,54,62,106,164,85
694,8,120,144,49,95,114,93,37,189
694,9,182,183,83,11,192,175,100,17
694,10,24,174,211,218,95,213,129,69
694,11,114,241,173,193,230,122,180,162
694,12,11,195,19,102,226,252,98,4
694,13,2,241,216,121,253,49,137,70
694,14,223,236,39,110,114,238,91,56
694,15,196,93,157,137,168,2,179,187
694,16,137,131,37,218,177,203,175,220
694,17,86,249,45,182,97,150,168,82
694,18,30,188,214,20,184,14,40,60
694,19,91,186,170,233,148,194,138,44
694,20,144,120,114,106,244,37,49,235
694,21,171,100,248,218,11,128,246,8
694,22,60,127,199,95,21,24,13,210
694,23,114,246,82,26,126,183,76,173
694,24,78,187,139,4,175,189,200,195
694,25,227,242,195,149,161,162,193,63
694,26,110,236,63,112,9,142,114,4
694,27,137,141,196,139,82,192,93,151
694,28,137,177,175,13,70,42,204,66
694,29,247,82,249,145,34,45,113,114
694,30,166,40,214,30,215,186,24,34
694,31,194,186,152,170,94,227,246,65
694,32,221,68,64,40,102,122,212,94
694,33,168,55,121,224,245,205,115,57
694,34,81,208,55,192,204,64,137,142
694,35,39,56,64,99,227,129,0,137
694,36,67,208,49,139,143,195,69,32
694,37,165,7,15,121,219,61,140,123
694,38,88,230,100,32,204,14,23,143
694,39,114,86,45,206,73,185,235,222
695,0,223,122,50,29,41,72,151,76
695,1,221,126,71,29,100,3,251,153
695,2,212,236,194,110,23,93,63,159
695,3,243,154,112,15,251,39,18,156
695,4,149,134,164,77,233,4,75,186
695,5,82,164,95,77,233,56,33,91
695,6,107,62,136,32,180,147,213,18
695,7,252,13,30,178,249,116,193,95
695,8,63,144,114,27,121,244,22,84
695,9,100,134,218,225,196,49,138,183
695,10,95,233,1,180,131,32,211,146
695,11,241,83,124,97,82,70,76,37
695,12,139,202,239,189,28,50,25,19
695,13,185,162,149,130,49,1,10,0
695,14,21,3,0,43,223,233,222,17
695,15,100,107,122,79,47,168,34,102
695,16,193,37,169,175,102,223,142,2
695,17,145,93,49,45,81,121,249,2
695,18,20,151,30,68,40,66,186,90
695,19,186,152,94,49,170,41,90,6
695,20,144,49,110,114,121,106,199,63
695,21,210,218,100,8,34,134,214,58
695,22,60,95,144,222,233,13,210,1
695,23,241,116,123,172,79,26,70,203
695,24,78,4,27,189,217,113,139,200
695,25,242,10,195,49,193,2,76,19
695,26,203,21,110,24,222,3,177,70
695,27,39,195,2,210,0,44,132,196
695,28,102,205,248,181,219,169,2,223
695,29,190,132,48,21,93,145,8,53
695,30,68,186,142,188,90,42,166,24
695,31,186,211,146,218,94,194,24,238
695,32,107,48,64,102,68,62,22,82
695,33,224,132,133,5,21,107,245,143
695,34,5,175,64,220,70,103,227,67
695,35,94,2,5,85,86,151,187,108
695,36,23,67,195,246,152,156,202,176
695,37,43,60,135,126,219,7,161,174
695,38,163,201,119,47,255,234,185,32
695,39,246,138,1,215,92,250,122,203
696,0,4,234,172,92,111,188,155,76
696,1,43,198,21,66,255,211,44,163
696,2,110,107,150,23,134,59,230,92
696,3,177,30,116,112,155,92,11,101
696,4,71,94,12,228,54,112,60,164
696,5,183,249,236,194,115,161,169,10
696,6,235,61,92,178,56,180,107,2
696,7,40,196,23,14,181,228,28,79
696,8,7,110,220,65,114,103,180,178
696,9,96,49,85,151,98,178,120,87
696,10,218,222,178,9,63,95,6,196
696,11,203,130,114,153,116,247,66,241
696,12,11,167,217,190,87,253,206,189
696,13,38,116,89,10,141,28,156,91
696,14,55,46,230,43,165,222,236,41
696,15,39,123,248,100,0,196,82,99
696,16,205,169,223,188,13,37,78,175
696,17,93,218,81,121,99,236,145,132
696,18,68,20,69,186,30,188,42,184
696,19,186,233,243,19,207,170,152,94
696,20,110,7,57,65,209,114,103,144
696,21,96,214,87,85,210,149,218,8
696,22,218,9,222,0,95,195,118,178
696,23,114,181,130,203,40,153,41,172
696,24,48,139,113,193,87,206,189,165
696,25,250,38,141,206,116,82,242,138
696,26,21,177,43,230,110,55,236,93
696,27,2,122,39,100,248,123,196,184
696,28,13,205,2,223,169,37,54,78
696,29,190,218,8,48,2,236,145,83
696,30,68,186,69,142,42,51,24,126
696,31,186,94,211,233,170,71,19,60
696,32,195,64,107,146,82,68,40,194
696,33,198,97,21,37,36,75,71,245
696,34,255,212,19,70,90,188,204,250
696,35,49,151,196,108,181,183,129,124
696,36,23,234,98,143,208,64,8,254
696,37,84,206,219,165,7,250,207,68
696,38,100,5,10,233,139,55,70,47
696,39,165,114,224,146,166,235,127,185
697,0,93,210,14,194,80,15,117,228
697,1,96,120,209,183,195,92,234,57
697,2,56,189,142,172,125,94,118,154
697,3,89,17,45,162,105,147,65,229
697,4,71,119,20,37,55,182,12,172
697,5,194,183,114,221,185,79,132,27
697,6,235,90,178,56,61,180,16,170
697,7,40,181,196,228,28,210,139,126
697,8,7,114,159,110,244,112,35,103
697,9,120,49,96,214,85,178,87,147
697,10,229,178,218,222,208,240,163,183
697,11,130,88,203,18,193,75,183,181
697,12,99,189,190,217,87,224,139,195
697,13,116,10,49,34,82,141,226,231
697,14,222,9,39,55,230,177,46,43
697,15,39,107,196,100,99,123,243,82
697,16,37,175,223,94,92,169,218,66
697,17,2,81,145,93,121,167,249,218
697,18,30,68,186,20,121,147,42,200
697,19,186,152,233,171,51,170,94,227
697,20,144,110,7,114,57,209,44,65
697,21,218,136,214,100,87,96,113,85
697,22,37,222,178,208,13,95,210,195
697,23,181,172,246,130,193,40,82,45
697,24,139,48,217,87,8,89,42,167
697,25,250,162,116,141,255,206,226,82
697,26,43,177,222,233,21,212,114,251
697,27,107,2,100,123,86,82,196,122
697,28,2,223,13,204,94,66,37,248
697,29,190,48,2,247,34,145,83,53
697,30,68,186,24,42,40,221,6,184
697,31,186,221,94,170,51,211,233,24
697,32,17,64,89,107,82,52,194,68
697,33,105,94,21,71,245,214,23,117
697,34,54,187,19,70,204,188,236,250
697,35,151,108,183,196,35,56,181,202
697,36,23,8,253,0,143,112,225,254
697,37,84,7,206,219,241,250,226,152
697,38,47,136,100,230,22,233,126,5
697,39,68,23,16,114,201,222,235,101
698,0,78,241,136,56,89,18,68,44
698,1,165,166,95,228,186,183,109,89
698,2,56,95,125,13,178,159,112,142
698,3,89,17,65,105,255,9,28,147
698,4,253,20,37,182,120,227,19,218
698,5,174,183,185,35,194,123,132,230
698,6,235,194,25,178,1,81,6,91
698,7,167,28,196,30,228,19,214,15
698,8,157,7,114,110,244,95,24,100
698,9,87,214,200,147,124,100,120,107
698,10,12,68,178,222,61,10,210,208
698,11,64,130,168,122,28,90,75,181
698,12,99,217,175,189,224,124,78,58
698,13,42,49,34,185,255,206,139,70
698,14,9,165,244,114,223,39,236,177
698,15,123,100,27,192,210,39,216,196
698,16,247,223,218,175,177,162,41,20
698,17,185,93,249,243,58,125,34,167
698,18,68,30,184,217,42,156,230,72
698,19,186,138,231,170,68,71,94,69
698,20,110,7,209,114,106,144,244,44
698,21,87,229,136,149,218,113,8,122
698,22,12,68,238,43,44,206,60,210
698,23,82,64,34,162,138,214,172,28
698,24,167,99,225,42,48,78,95,0
698,25,42,242,206,233,152,231,116,139
698,26,177,207,9,24,21,165,230,114
698,27,196,100,2,115,210,122,216,192
698,28,247,2,223,248,126,37,92,169
698,29,190,185,159,53,67,34,165,48
698,30,68,72,186,151,56,40,166,24
698,31,186,211,170,24,231,255,153,221
698,32,64,82,107,224,35,16,197,40
698,33,63,71,21,245,156,18,13,105
698,34,152,213,70,54,188,250,204,137
698,35,151,196,244,0,214,108,183,250
698,36,23,251,239,24,143,254,148,208
698,37,206,50,219,7,165,153,62,176
698,38,47,146,230,106,126,100,34,250
698,39,114,85,177,203,13,149,134,45
699,0,151,134,71,36,4,155,248,72
699,1,254,195,95,64,101,97,144,68
699,2,95,13,178,56,201,159,84,236
699,3,243,15,167,148,177,30,39,112
699,4,37,253,155,180,77,164,120,75
699,5,236,183,23,3,82,62,115,185
699,6,61,235,178,204,180,185,82,123
699,7,167,196,30,133,28,126,158,57
699,8,7,110,220,38,247,114,144,159
699,9,49,8,22,100,134,85,87,97
699,10,222,178,95,12,61,210,213,175
699,11,209,59,216,95,241,164,103,79
699,12,189,175,99,217,4,184,190,48
699,13,185,156,34,250,10,110,28,176
699,14,177,55,166,43,21,222,31,9
699,15,0,100,123,122,56,168,44,82
699,16,205,193,169,223,247,177,44,188
699,17,93,49,53,108,249,78,33,185
699,18,68,151,199,20,250,14,156,42
699,19,6,186,85,94,19,152,41,194
699,20,7,110,209,38,104,26,144,114
699,21,171,193,85,96,98,210,58,31
699,22,216,222,48,12,178,210,95,217
699,23,116,214,40,79,246,181,59,183
699,24,175,48,165,217,189,157,193,87
699,25,97,34,242,250,156,28,206,19
699,26,177,21,24,236,215,9,105,34
699,27,39,0,100,2,60,129,210,122
699,28,196,193,94,205,168,37,98,247
699,29,61,21,48,88,190,58,49,247
699,30,68,24,22,250,142,205,40,186
699,31,4,205,218,186,227,171,241,254
699,32,161,125,192,186,214,77,120,131
699,33,133,132,56,166,86,238,181,75
699,34,96,5,44,240,72,238,101,137
699,35,160,108,57,86,74,145,0,183
699,36,115,98,19,171,208,142,172,227
699,37,126,123,61,206,169,175,27,16
699,38,169,5,255,151,241,119,70,96
699,39,231,117,179,222,164,22,73,128
700,0,123,229,249,196,216,7,105,104
700,1,225,150,231,27,62,20,93,213
700,2,103,242,227,17,163,109,176,4
700,3,152,31,133,187,84,235,176,231
700,4,13,236,142,222,251,167,102,214
700,5,104,193,161,236,185,204,41,112
700,6,61,167,153,123,175,178,180,93
700,7,29,23,196,10,210,14,216,108
700,8,234,7,89,56,83,115,110,116
700,9,29,164,94,59,13,118,49,85
700,10,169,130,210,222,95,196,133,51
700,11,189,79,216,161,95,241,185,180
700,12,32,63,26,99,175,4,74,189
700,13,97,156,147,43,28,34,117,206
700,14,97,124,20,222,41,105,161,32
700,15,100,81,0,200,39,107,56,57
700,16,205,37,9,5,196,223,133,44
700,17,93,172,193,61,250,81,145,121
700,18,20,68,187,179,89,30,39,57
700,19,6,130,205,152,109,186,94,195
700,20,110,234,7,89,144,114,209,36
700,21,29,171,94,210,85,164,229,8
700,22,169,39,83,113,130,196,222,13
700,23,189,172,161,42,216,41,214,47
700,24,27,193,63,64,26,74,139,252
700,25,43,15,147,250,206,34,253,134
700,26,21,24,124,41,114,222,177,236
700,27,39,81,200,107,0,162,195,100
700,28,5,98,205,94,196,133,7,37
700,29,172,48,250,76,83,58,8,121
700,30,68,142,22,179,205,187,89,24
700,31,109,205,130,162,171,117,187,128
700,32,98,161,192,186,99,68,77,133
700,33,73,238,183,126,86,215,232,53
700,34,84,96,207,180,101,62,86,92
700,35,57,160,108,153,145,84,115,183
700,36,70,181,98,83,23,120,208,171
700,37,182,31,58,219,206,175,61,71
700,38,151,71,148,5,92,255,70,99
700,39,2,217,69,189,38,167,146,222
701,0,32,106,22,46,66,218,212,110
701,1,128,124,217,3,112,73,211,242
701,2,255,121,80,10,167,219,60,134
701,3,92,214,219,177,89,76,11,19
701,4,118,54,242,122,224,255,88,188
701,5,100,254,67,161,10,44,147,178
701,6,208,183,137,166,167,122,55,133
701,7,101,23,44,196,54,231,221,109
701,8,113,7,56,23,180,73,57,234
701,9,217,156,151,13,171,85,240,59
701,10,161,62,236,142,183,210,151,238
701,11,203,195,57,27,181,95,180,49
701,12,138,4,99,175,191,187,189,0
701,13,206,28,34,227,15,168,251,89
701,14,41,46,119,21,165,70,236,24
701,15,39,0,196,29,100,83,213,195
701,16,205,9,37,223,63,44,227,245
701,17,93,132,193,183,121,145,107,108
701,18,20,68,39,30,89,200,40,184
701,19,225,51,152,186,178,195,170,243
701,20,110,144,103,178,36,104,186,7
701,21,171,217,85,246,134,156,151,100
701,22,62,39,196,95,236,241,48,222
701,23,42,203,195,47,27,74,81,216
701,24,193,139,190,48,189,89,200,87
701,25,250,227,15,29,162,4,75,34
701,26,21,41,236,24,233,110,114,222
701,27,39,107,102,0,96,139,122,57
701,28,205,37,98,94,13,109,204,7
701,29,48,247,83,81,132,93,65,2
701,30,142,68,22,40,42,205,20,200
701,31,225,218,128,238,117,186,152,171
701,32,96,186,68,107,116,192,122,215
701,33,182,238,232,55,215,86,245,119
701,34,9,180,45,101,205,202,236,51
701,35,153,108,160,145,227,86,35,127
701,36,23,98,166,69,181,99,64,128
701,37,229,31,115,175,250,16,66,76
701,38,255,176,196,93,46,96,112,248
701,39,75,146,235,225,164,109,229,86
702,0,210,10,97,166,113,142,194,205
702,1,187,150,203,76,91,34,151,134
702,2,134,64,117,0,82,239,127,94
702,3,17,178,121,227,169,173,246,107
702,4,161,17,23,172,20,249,120,214
702,5,132,185,42,161,10,111,230,100
702,6,137,133,166,65,176,101,221,208
702,7,15,221,214,196,40,134,183,180
702,8,113,7,114,73,244,42,237,218
702,9,39,171,88,68,183,33,17,147
702,10,62,183,240,104,96,210,189,219
702,11,57,181,88,183,74,196,41,73
702,12,41,190,164,189,4,102,99,187
702,13,227,49,206,171,34,226,141,205
702,14,222,41,21,223,212,114,107,233
702,15,39,100,107,196,29,168,34,243
702,16,37,223,169,49,177,247,18,79
702,17,145,132,2,93,121,25,81,82
702,18,20,30,68,3,40,217,200,121
702,19,152,94,186,170,128,178,225,171
702,20,144,114,110,106,213,36,201,199
702,21,246,100,39,218,217,134,171,214
702,22,62,60,241,127,104,236,13,95
702,23,74,42,172,246,126,76,183,26
702,24,139,190,164,202,200,214,64,193
702,25,227,250,162,255,242,49,193,82
702,26,114,233,236,110,212,21,142,123
702,27,107,115,139,53,183,39,86,70
702,28,37,205,169,223,204,98,94,248
702,29,247,81,53,65,48,34,2,121
702,30,40,34,111,146,142,24,42,31
702,31,94,186,238,161,128,152,170,218
702,32,96,186,68,124,122,199,42,64
702,33,190,245,119,55,238,232,169,29
702,34,88,196,180,144,236,51,204,9
702,35,153,227,108,137,66,86,64,160
702,36,8,207,23,166,181,64,157,230
702,37,31,115,229,175,76,42,84,250
702,38,93,255,46,230,223,176,196,6
702,39,241,68,9,225,146,47,114,16
703,0,6,83,59,61,108,135,88,177
703,1,238,213,152,143,78,42,192,182
703,2,64,134,8,36,239,82,229,251
703,3,106,250,29,129,46,110,210,178
703,4,17,171,254,202,249,49,209,127
703,5,87,166,51,207,185,73,102,132
703,6,193,76,221,97,133,87,181,69
703,7,183,15,134,206,214,92,71,201
703,8,37,206,95,215,218,93,202,160
703,9,152,171,69,246,183,165,17,133
703,10,88,228,104,194,192,241,210,174
703,11,39,74,183,16,88,180,188,177
703,12,41,187,235,52,189,68,195,190
703,13,227,49,251,216,57,132,171,242
703,14,26,191,211,4,140,230,127,110
703,15,196,53,243,29,187,195,56,208
703,16,88,245,89,107,63,18,16,66
703,17,107,106,96,25,97,246,72,252
703,18,38,60,166,217,37,3,30,236
703,19,246,255,98,232,138,207,191,203
703,20,11,127,223,139,81,192,21,160
703,21,184,246,69,12,171,210,158,7
703,22,120,179,60,166,136,104,80,212
703,23,149,74,16,215,39,96,177,221
703,24,169,99,52,24,214,187,177,41
703,25,227,64,242,49,234,57,132,205
703,26,110,230,197,181,191,236,185,217
703,27,183,56,254,243,167,179,27,83
703,28,218,100,220,134,61,177,210,37
703,29,247,121,53,159,220,97,131,168
703,30,30,166,40,24,111,184,37,193
703,31,10,197,161,160,186,48,214,93
703,32,60,121,111,11,66,191,49,35
703,33,33,108,137,99,39,225,53,115
703,34,52,108,40,114,142,231,122,228
703,35,95,81,104,38,234,215,240,182
703,36,63,102,208,106,143,69,51,218
703,37,116,226,88,232,133,36,242,230
703,38,108,23,176,204,180,241,17,223
703,39,50,95,229,47,175,133,226,198
704,0,21,225,102,228,23,24,224,40
704,1,135,103,56,67,127,238,178,74
704,2,124,32,79,251,6,8,78,237
704,3,223,56,242,254,195,61,3,13
704,4,233,125,178,18,111,137,114,49
704,5,60,109,72,132,126,16,207,231
704,6,40,46,179,233,132,181,87,96
704,7,252,6,200,221,203,15,191,130
704,8,144,63,27,114,37,244,92,218
704,9,100,0,119,177,183,246,225,137
704,10,131,210,104,129,32,217,230,13
704,11,83,74,100,124,188,56,51,183
704,12,41,202,5,50,68,239,139,213
704,13,216,49,185,233,227,132,251,130
704,14,175,21,82,223,159,105,49,236
704,15,243,85,43,63,209,53,215,35
704,16,70,59,49,83,40,144,233,23
704,17,242,30,145,254,2,191,170,147
704,18,13,38,52,234,34,120,60,87
704,19,35,191,246,250,10,148,97,158
704,20,78,226,213,37,72,191,201,192
704,21,100,133,212,11,128,201,42,234
704,22,124,95,188,33,241,143,168,22
704,23,83,215,212,129,157,56,152,45
704,24,202,238,214,231,5,177,49,107
704,25,13,227,130,237,64,123,216,110
704,26,27,197,138,114,142,240,110,236
704,27,179,93,173,2,210,34,254,27
704,28,177,88,114,203,187,148,100,50
704,29,131,53,220,127,159,59,182,170
704,30,229,30,184,141,38,24,176,120
704,31,10,48,47,186,214,161,197,170
704,32,121,120,38,213,94,43,203,231
704,33,137,99,53,250,101,33,225,87
704,34,42,32,108,40,122,163,159,38
704,35,119,215,104,189,64,155,182,121
704,36,55,145,62,69,25,40,128,240
704,37,130,244,160,252,91,92,36,245
704,38,193,23,11,223,231,186,184,190
704,39,238,21,193,22,63,196,223,73
705,0,52,168,255,87,209,193,198,129
705,1,222,209,234,148,137,136,54,110
705,2,81,231,151,1,172,73,129,213
705,3,124,50,86,244,1,237,60,161
705,4,21,50,168,48,69,97,64,141
705,5,25,20,57,180,247,234,143,200
705,6,139,127,111,231,24,211,254,225
705,7,186,200,141,213,247,209,98,160
705,8,223,81,56,78,8,17,123,11
705,9,246,155,248,72,235,136,112,8
705,10,150,243,185,25,65,247,176,188
705,11,204,206,128,9,108,160,12,47
705,12,145,209,221,192,52,251,163,1
705,13,66,132,118,130,182,93,202,134
705,14,106,159,51,167,148,54,105,137
705,15,165,162,58,72,185,85,181,87
705,16,229,80,252,205,170,74,7,46
705,17,20,211,115,153,64,29,242,15
705,18,169,226,192,203,43,13,161,127
705,19,150,30,171,26,229,234,177,172
705,20,226,191,160,61,116,198,233,110
705,21,85,197,209,198,100,88,136,210
705,22,160,234,196,116,178,100,78,195
705,23,80,111,83,57,14,3,204,74
705,24,39,221,68,124,116,73,123,81
705,25,130,13,66,58,31,229,118,175
705,26,59,54,100,167,52,106,25,137
705,27,107,165,157,204,177,87,242,181
705,28,74,170,80,7,210,252,225,162
705,29,150,35,20,142,36,242,124,8
705,30,13,52,141,29,192,34,118,251
705,31,30,171,138,108,184,226,139,234
705,32,33,155,178,47,117,159,237,68
705,33,192,241,215,16,81,220,5,161
705,34,16,251,21,51,177,108,137,202
705,35,231,95,180,235,44,108,8,97
705,36,110,134,157,217,73,165,144,219
705,37,165,8,105,69,207,121,55,86
705,38,103,120,37,206,191,233,245,21
705,39,42,106,223,120,235,118,164,245
706,0,252,25,42,100,152,176,221,5
706,1,209,253,40,96,114,56,222,228
706,2,81,160,39,151,2,120,137,129
706,3,50,191,57,232,138,185,107,111
706,4,3,84,137,178,191,136,52,248
706,5,116,139,214,131,33,59,196,206
706,6,84,71,6,227,40,101,242,221
706,7,15,71,245,130,150,121,110,139
706,8,144,63,114,244,135,218,205,93
706,9,100,160,31,141,222,177,35,43
706,10,131,213,162,32,217,104,192,210
706,11,74,83,100,56,237,33,51,70
706,12,202,13,41,139,50,239,87,189
706,13,162,185,240,115,90,126,227,13
706,14,21,49,105,223,212,175,55,107
706,15,107,100,243,95,157,92,29,196
706,16,37,59,102,83,23,177,225,49
706,17,145,220,2,121,30,168,215,167
706,18,30,51,217,20,229,94,176,234
706,19,49,94,47,186,48,197,149,14
706,20,223,144,213,149,88,25,37,114
706,21,100,155,8,128,65,160,11,201
706,22,127,104,20,241,78,131,199,221
706,23,123,149,177,71,16,172,244,187
706,24,214,200,202,139,4,189,243,239
706,25,227,115,110,146,162,161,185,226
706,26,110,236,114,21,55,212,123,87
706,27,95,196,151,243,175,230,34,128
706,28,204,37,169,187,223,18,102,98
706,29,184,34,53,247,59,2,131,145
706,30,147,40,34,42,146,20,188,30
706,31,152,94,194,186,149,49,48,246
706,32,121,48,138,68,40,122,227,64
706,33,47,225,245,55,224,90,115,99
706,34,175,163,241,67,137,120,40,38
706,35,94,5,86,9,187,85,137,248
706,36,67,4,69,195,230,240,143,208
706,37,43,100,101,130,123,73,127,252
706,38,57,23,242,199,143,206,99,196
706,39,40,155,163,236,17,73,235,106
707,0,67,154,179,168,145,48,130,34
707,1,139,106,64,216,151,168,39,87
707,2,160,206,173,81,111,9,19,137
707,3,142,59,107,52,232,204,141,135
707,4,241,131,151,191,230,3,214,39
707,5,139,175,176,37,24,46,113,75
707,6,150,216,189,228,29,222,8,184
707,7,71,15,134,183,121,214,217,224
707,8,144,93,114,199,206,37,59,88
707,9,69,0,24,42,234,141,17,192
707,10,228,210,179,69,213,137,174,42
707,11,174,164,154,180,16,51,171,177
707,12,11,214,190,187,34,89,177,165
707,13,227,49,216,115,205,241,251,185
707,14,213,140,236,223,110,133,119,4
707,15,196,29,53,243,45,34,187,183
707,16,177,245,131,37,218,134,39,210
707,17,106,93,182,97,25,82,168,91
707,18,30,14,38,20,3,104,188,60
707,19,91,186,90,170,94,178,194,32
707,20,120,223,106,186,11,36,197,201
707,21,171,246,69,8,11,56,33,218
707,22,60,24,179,199,104,174,78,136
707,23,74,126,16,172,81,149,123,26
707,24,214,187,200,79,190,139,189,27
707,25,227,193,185,226,251,82,49,27
707,26,110,236,114,21,34,185,24,251
707,27,195,34,196,151,230,86,115,243
707,28,13,37,169,204,223,98,187,109
707,29,247,48,34,53,132,93,131,214
707,30,188,68,142,40,20,42,51,24
707,31,186,152,194,238,170,94,128,218
707,32,68,48,102,122,232,107,64,40
707,33,55,225,224,245,126,107,115,47
707,34,67,175,64,236,103,120,137,163
707,35,94,5,85,2,187,86,227,161
707,36,195,67,156,23,2,73,246,157
707,37,43,7,229,135,60,82,20,73
707,38,163,230,201,93,47,255,76,126
707,39,246,138,1,215,122,250,92,219
708,0,233,172,63,127,46,202,121,110
708,1,76,164,43,61,198,30,255,66
708,2,169,40,23,15,110,164,134,141
708,3,116,148,55,171,20,141,89,51
708,4,215,12,228,254,172,71,127,182
708,5,27,169,11,254,100,249,18,97
708,6,166,73,52,180,235,107,137,170
708,7,56,40,196,126,15,214,134,28
708,8,65,110,144,120,114,103,105,125
708,9,215,96,49,85,227,145,105,183
708,10,24,210,218,222,114,178,171,179
708,11,247,114,66,241,236,210,88,171
708,12,190,43,11,189,34,4,98,187
708,13,38,227,206,10,70,205,253,226
708,14,114,41,236,46,222,119,21,180
708,15,196,39,0,100,192,34,254,131
708,16,37,223,177,163,49,131,248,218
708,17,218,93,121,132,197,145,92,107
708,18,20,30,188,3,68,40,146,184
708,19,91,94,170,152,233,186,178,246
708,20,120,144,110,114,103,161,36,106
708,21,215,171,218,246,134,8,100,96
708,22,24,60,218,127,95,238,43,13
708,23,247,114,16,241,66,81,26,200
708,24,139,48,34,190,200,164,87,203
708,25,250,38,227,91,193,185,82,68
708,26,21,114,110,236,24,70,208,233
708,27,0,132,59,139,4,115,196,107
708,28,13,223,169,98,248,205,204,137
708,29,218,247,48,53,2,121,83,145
708,30,142,188,68,20,42,40,146,60
708,31,94,186,238,41,152,170,128,194
708,32,221,68,102,40,122,232,107,51
708,33,244,121,55,224,245,168,205,115
708,34,81,208,202,67,64,204,113,8
708,35,132,94,64,56,127,35,250,2
708,36,23,195,69,36,73,156,143,254
708,37,229,158,7,43,130,61,140,202
708,38,230,23,100,196,93,163,145,32
708,39,114,246,248,235,229,222,17,216
709,0,80,136,69,84,14,98,127,250
709,1,79,157,76,61,164,29,230,220
709,2,159,250,189,136,169,84,15,68
709,3,148,20,116,51,171,254,141,21
709,4,215,12,228,172,182,37,234,62
709,5,42,56,169,249,231,134,106,37
709,6,136,170,73,212,88,147,76,37
709,7,56,161,134,183,62,233,217,85
709,8,120,144,114,189,93,64,199,255
709,9,100,215,183,192,0,182,11,133
709,10,24,192,218,69,240,210,211,95
709,11,4,114,88,74,168,126,230,127
709,12,251,214,190,164,189,11,24,139
709,13,49,227,255,141,82,121,91,171
709,14,57,212,223,21,34,114,154,110
709,15,107,196,243,100,157,89,59,175
709,16,88,137,177,49,79,141,94,83
709,17,2,86,145,81,220,121,34,171
709,18,30,199,207,29,94,147,121,166
709,19,94,152,128,170,171,138,187,186
709,20,144,114,213,22,120,161,27,168
709,21,100,134,218,78,177,230,252,228
709,22,60,152,136,118,104,2,21,215
709,23,248,4,58,138,224,226,45,74
709,24,139,202,2,4,164,214,49,239
709,25,227,231,146,234,36,57,110,49
709,26,57,177,252,110,114,236,34,206
709,27,179,82,93,151,243,225,156,230
709,28,177,137,169,153,187,39,220,204
709,29,121,131,60,247,34,53,118,125
709,30,166,126,42,30,60,3,20,40
709,31,194,94,186,41,238,170,197,246
709,32,221,102,68,40,11,51,203,52
709,33,168,55,245,121,224,205,115,199
709,34,81,55,192,208,250,204,159,8
709,35,39,56,99,64,238,129,227,193
709,36,49,23,73,157,156,208,254,143
709,37,229,7,15,61,219,82,123,140
709,38,230,47,93,32,14,106,40,139
709,39,114,72,244,185,36,216,17,37
710,0,223,50,76,29,41,72,4,151
710,1,221,126,72,49,29,3,202,228
710,2,236,194,212,159,147,83,45,101
710,3,243,242,154,148,112,127,131,33
710,4,155,149,134,77,164,37,203,4
710,5,82,77,164,56,231,230,60,95
710,6,136,62,32,175,180,213,18,107
710,7,252,6,30,178,116,62,193,126
710,8,63,38,144,114,7,121,27,84
710,9,100,134,218,49,138,34,225,86
710,10,95,233,180,1,131,146,49,117
710,11,241,124,83,79,216,248,97,56
710,12,50,32,202,190,139,189,239,214
710,13,185,0,130,162,13,227,110,10
710,14,21,212,223,222,3,233,215,34
710,15,100,107,243,138,122,151,0,59
710,16,37,193,169,94,102,83,177,142
710,17,145,49,2,220,121,60,247,45
710,18,151,20,30,108,66,153,40,89
710,19,6,94,152,48,49,41,125,128
710,20,144,89,114,110,230,106,152,50
710,21,100,8,128,218,58,246,35,134
710,22,60,199,216,113,95,136,210,196
710,23,116,126,161,241,26,56,246,226
710,24,214,195,87,32,27,89,239,189
710,25,227,97,130,185,255,102,4,161
710,26,21,24,54,177,3,34,233,161
710,27,107,100,174,0,154,39,2,175
710,28,205,94,196,98,193,18,79,39
710,29,61,94,121,49,58,81,83,2
710,30,89,0,68,200,22,40,99,76
710,31,214,94,222,125,150,26,69,162
710,32,161,125,112,41,254,219,120,133
710,33,43,52,5,132,133,140,19,166
710,34,133,92,5,44,96,227,51,137
710,35,108,160,74,86,57,84,204,148
710,36,83,59,115,23,14,93,161,73
710,37,229,88,126,72,98,123,169,61
710,38,46,255,23,151,196,16,180,143
710,39,231,129,167,179,117,206,106,37
711,0,123,229,249,196,7,216,105,104
711,1,150,225,231,27,93,115,244,54
711,2,227,103,162,163,4,17,57,155
711,3,152,133,187,235,31,84,231,176
711,4,13,236,142,214,222,72,19,167
711,5,41,193,104,112,51,204,79,253
711,6,153,167,107,61,180,83,175,62
711,7,29,23,196,216,126,183,3,110
711,8,234,89,105,115,7,99,56,116
711,9,164,29,94,118,59,170,222,35
711,10,169,130,210,198,113,213,195,13
711,11,161,189,180,216,56,228,168,172
711,12,74,63,26,44,65,239,87,27
711,13,97,147,43,130,206,190,134,157
711,14,20,124,161,148,51,41,175,32
711,15,200,81,100,162,232,243,185,58
711,16,133,5,196,91,205,174,134,215
711,17,76,250,172,61,87,220,20,93
711,18,89,179,0,187,43,30,57,50
711,19,109,6,195,20,177,29,222,205
711,20,110,234,115,190,144,160,238,191
711,21,164,85,8,29,94,35,171,141
711,22,196,169,198,150,113,136,130,178
711,23,161,189,47,243,62,206,128,193
711,24,74,27,44,63,26,189,193,89
711,25,147,182,43,134,89,6,152,75
711,26,148,24,20,124,110,161,34,45
711,27,200,81,217,31,100,58,181,204
711,28,205,133,94,43,170,5,106,36
711,29,20,76,87,153,121,250,201,58
711,30,89,179,0,43,68,22,76,133
711,31,26,222,214,109,125,162,94,205
711,32,98,161,181,90,192,112,41,125
711,33,43,126,140,16,52,83,86,183
711,34,84,96,133,92,207,26,86,51
711,35,84,108,160,57,42,27,204,0
711,36,83,59,20,70,23,192,181,143
711,37,65,72,88,229,182,31,61,105
711,38,151,46,64,255,168,148,23,71
711,39,2,154,206,217,38,129,22,11
712,0,132,158,190,47,141,125,115,235
712,1,182,244,93,197,188,58,155,233
712,2,29,123,57,27,93,145,100,82
712,3,133,187,174,235,158,190,117,128
712,4,128,236,142,91,95,0,255,130
712,5,193,47,41,127,78,79,90,135
712,6,153,60,206,138,22,155,173,215
712,7,117,29,23,78,64,49,196,216
712,8,116,234,180,239,99,56,104,77
712,9,164,239,2,191,36,59,85,8
712,10,185,198,169,195,65,125,210,90
712,11,161,189,108,206,128,86,180,62
712,12,44,93,74,15,54,63,128,26
712,13,147,134,97,182,43,32,130,61
712,14,148,51,32,20,124,86,137,50
712,15,200,162,81,58,31,185,87,181
712,16,133,5,43,205,252,196,80,106
712,17,76,250,87,172,0,20,153,61
712,18,89,179,0,43,187,161,50,163
712,19,116,109,20,205,30,26,57,183
712,20,234,239,116,191,110,115,23,180
712,21,164,191,239,197,2,85,94,29
712,22,196,198,169,125,150,130,113,65
712,23,161,189,206,128,86,62,160,47
712,24,74,44,93,63,26,15,54,27
712,25,134,147,6,182,43,32,89,130
712,26,148,20,124,51,137,10,54,32
712,27,200,81,181,58,31,204,162,87
712,28,133,43,205,5,170,252,106,111
712,29,20,87,76,0,250,153,124,96
712,30,89,179,43,0,226,134,163,187
712,31,116,26,109,205,222,162,20,125
712,32,119,181,90,161,112,192,252,178
712,33,43,93,83,16,184,129,52,140
712,34,82,92,26,133,96,85,1,86
712,35,84,42,160,108,57,174,72,27
712,36,83,20,70,222,120,23,22,192
712,37,229,182,104,88,105,190,39,31
712,38,151,64,27,46,148,168,71,255
712,39,154,186,243,110,38,69,217,46
713,0,43,238,95,200,88,112,173,140
713,1,93,182,250,244,181,140,70,233
713,2,29,27,49,20,219,140,60,80
713,3,117,106,38,233,103,4,110,26
713,4,5,45,58,235,165,193,205,224
713,5,78,127,188,65,88,43,90,44
713,6,60,68,208,138,22,65,122,206
713,7,117,145,78,54,65,229,254,49
713,8,104,116,239,180,99,173,115,52
713,9,239,255,2,171,59,164,197,69
713,10,157,185,125,65,188,27,6,150
713,11,47,39,206,86,108,62,181,133
713,12,44,34,54,93,199,209,151,191
713,13,6,134,103,168,11,15,182,255
713,14,41,148,9,106,52,167,86,51
713,15,46,181,162,58,31,4,195,200
713,16,205,133,170,252,43,80,9,177
713,17,20,5,166,87,153,15,145,76
713,18,89,226,43,204,192,170,68,159
713,19,109,30,171,26,205,167,19,29
713,20,110,104,239,234,144,191,190,198
713,21,191,85,69,155,164,239,197,47
713,22,157,196,234,125,150,178,65,161
713,23,47,39,189,193,128,206,140,86
713,24,93,44,193,225,199,54,89,27
713,25,6,134,182,15,32,89,130,204
713,26,54,24,148,41,161,52,51,189
713,27,46,204,181,58,217,107,100,200
713,28,205,170,43,133,252,111,80,168
713,29,20,5,76,201,87,153,15,58
713,30,89,170,43,68,226,76,192,22
713,31,167,26,109,162,116,214,222,125
713,32,60,181,119,90,178,223,68,112
713,33,43,83,16,74,129,220,92,229
713,34,116,82,92,1,86,51,133,26
713,35,84,108,160,174,42,22,127,152
713,36,83,23,70,14,59,120,181,143
713,37,104,182,105,48,58,159,88,233
713,38,151,27,148,71,92,58,255,46
713,39,110,243,69,38,12,78,206,46
714,0,238,236,120,147,254,148,43,78
714,1,19,63,124,211,137,205,224,233
714,2,60,49,95,11,228,187,106,223
714,3,25,16,159,199,58,56,197,108
714,4,88,165,154,192,250,51,77,129
714,5,251,188,127,165,44,155,218,183
714,6,14,22,79,68,65,157,25,75
714,7,35,14,196,30,32,191,76,171
714,8,116,220,185,180,52,110,179,194
714,9,47,85,156,49,197,98,198,161
714,10,157,91,111,234,173,77,196,122
714,11,47,99,106,27,188,89,204,108
714,12,101,39,191,1,47,193,81,155
714,13,155,168,6,182,113,125,154,130
714,14,51,32,231,54,52,167,220,41
714,15,58,188,204,110,112,18,181,250
714,16,10,205,252,170,80,32,46,9
714,17,126,54,18,158,153,245,20,15
714,18,89,18,209,159,29,226,77,43
714,19,222,15,121,55,219,30,167,29
714,20,110,160,144,161,185,130,27,104
714,21,218,100,35,156,8,118,255,200
714,22,150,157,77,109,65,27,25,123
714,23,99,200,47,118,172,135,89,7
714,24,87,145,47,192,27,89,139,225
714,25,176,20,250,226,204,206,75,118
714,26,24,144,105,45,21,41,103,54
714,27,217,100,29,174,204,107,62,188
714,28,205,10,111,215,106,65,17,170
714,29,18,153,126,54,121,20,201,46
714,30,89,18,43,15,68,85,209,226
714,31,15,219,26,222,214,55,125,99
714,32,202,58,235,191,41,93,219,25
714,33,16,147,52,43,19,176,140,166
714,34,133,226,63,185,9,86,219,92
714,35,43,108,95,22,77,84,0,135
714,36,59,14,83,45,73,103,228,171
714,37,156,88,244,123,62,181,98,61
714,38,204,120,50,190,24,47,0,73
714,39,161,231,141,19,101,137,247,170
715,0,8,104,45,32,94,26,16,132
715,1,137,82,63,205,192,154,16,119
715,2,165,25,60,175,253,206,84,18
715,3,112,199,163,140,83,63,72,25
715,4,233,77,206,88,129,134,165,116
715,5,251,44,103,183,188,127,64,60
715,6,22,173,75,171,180,14,226,253
715,7,196,178,35,30,14,177,15,6
715,8,220,178,110,36,63,130,116,125
715,9,8,85,156,218,49,32,98,35
715,10,77,95,157,25,193,111,91,152
715,11,47,99,144,7,89,237,242,150
715,12,192,145,200,5,209,189,98,89
715,13,204,184,176,20,110,34,45,75
715,14,144,218,53,107,24,41,45,105
715,15,56,178,154,29,100,157,243,131
715,16,205,163,170,9,65,111,252,106
715,17,54,18,46,20,93,121,153,183
715,18,89,43,15,85,68,30,20,213
715,19,222,37,24,121,99,219,29,52
715,20,110,160,47,17,40,185,104,186
715,21,156,171,8,246,200,122,35,218
715,22,77,150,193,157,27,65,196,238
715,23,99,47,144,19,150,200,89,7
715,24,87,145,251,192,27,187,151,193
715,25,176,20,204,138,182,34,236,220
715,26,10,24,57,105,231,205,242,53
715,27,217,56,178,174,29,155,229,100
715,28,205,28,111,106,66,215,92,35
715,29,18,46,54,153,20,121,171,124
715,30,89,15,85,43,166,213,18,84
715,31,26,99,15,222,219,55,214,241
715,32,202,191,235,58,41,112,78,13
715,33,52,19,16,140,43,203,167,17
715,34,133,63,185,128,243,191,226,9
715,35,101,43,95,77,8,0,154,59
715,36,103,59,83,14,171,45,77,94
715,37,181,156,244,229,88,61,62,123
715,38,43,50,190,204,115,242,120,143
715,39,231,164,141,161,73,19,22,106
716,0,54,8,132,244,45,16,53,87
716,1,137,63,82,205,60,1,7,72
716,2,165,175,60,37,42,223,170,61
716,3,58,112,25,199,159,62,94,247
716,4,233,77,129,75,109,165,206,88
716,5,251,44,127,188,88,71,60,103
716,6,22,14,173,226,171,178,180,65
716,7,35,196,6,30,191,178,14,103
716,8,220,116,63,159,185,178,84,179
716,9,8,85,156,59,49,9,104,255
716,10,95,157,193,27,39,150,162,77
716,11,47,99,150,95,144,89,108,237
716,12,145,209,192,54,44,81,189,5
716,13,204,6,220,75,130,227,15,176
716,14,10,53,32,105,41,106,161,175
716,15,87,100,31,229,29,56,25,217
716,16,205,91,106,163,170,9,111,252
716,17,93,18,20,46,153,54,167,107
716,18,89,85,43,15,68,20,204,30
716,19,222,26,219,121,177,195,36,37
716,20,110,104,17,115,40,127,185,50
716,21,171,246,156,200,122,8,85,35
716,22,150,196,77,65,193,157,238,27
716,23,47,144,219,99,89,150,180,193
716,24,27,193,128,87,81,209,192,251
716,25,204,182,220,227,176,152,206,20
716,26,10,231,24,105,45,53,103,242
716,27,217,2,56,87,174,173,195,181
716,28,205,91,28,106,111,80,9,92
716,29,20,153,46,94,18,111,93,54
716,30,89,15,0,85,197,43,166,134
716,31,26,222,214,164,241,57,52,150
716,32,235,112,191,161,13,41,160,205
716,33,43,16,52,166,167,92,203,90
716,34,133,128,92,185,63,191,42,9
716,35,8,43,101,86,108,59,9,154
716,36,59,83,14,45,143,103,102,93
716,37,229,88,100,72,123,111,61,169
716,38,197,18,168,242,151,55,120,143
716,39,231,197,163,141,35,73,218,22
717,0,48,197,16,104,101,196,179,216
717,1,97,70,62,139,47,155,205,16
717,2,165,253,88,214,97,119,53,189
717,3,37,129,235,59,230,25,211,199
717,4,108,241,142,15,129,136,131,251
717,5,44,127,193,103,88,236,41,104
717,6,22,14,173,226,75,153,178,180
717,7,23,196,191,29,64,216,221,177
717,8,115,116,234,195,185,137,239,105
717,9,164,59,85,203,36,2,29,8
717,10,198,169,157,210,39,133,206,95
717,11,189,161,47,180,99,228,108,171
717,12,44,74,81,175,54,97,164,209
717,13,147,134,97,43,204,6,182,130
717,14,20,124,54,148,184,161,175,10
717,15,200,100,81,162,185,4,181,85
717,16,133,91,5,196,205,252,170,43
717,17,76,250,172,145,220,61,165,30
717,18,0,179,89,43,30,50,239,57
717,19,109,20,163,30,36,246,26,6
717,20,234,115,191,239,110,168,81,83
717,21,164,2,197,35,29,94,85,113
717,22,198,196,23,169,113,150,136,152
717,23,161,189,206,62,128,24,56,160
717,24,44,74,63,26,189,27,91,199
717,25,147,43,134,182,70,255,152,117
717,26,148,20,124,110,112,10,45,137
717,27,200,81,58,181,31,2,154,185
717,28,133,43,106,14,66,220,205,80
717,29,76,87,153,20,250,0,124,159
717,30,89,0,166,179,40,15,3,133
717,31,109,205,26,4,207,20,246,222
717,32,181,112,90,161,160,111,244,98
717,33,43,126,140,144,88,77,90,52
717,34,96,92,84,26,91,133,207,74
717,35,84,57,42,108,160,174,204,221
717,36,20,83,2,70,171,221,217,102
717,37,72,65,182,88,61,71,123,229
717,38,151,23,5,18,46,143,176,255
717,39,228,2,86,65,166,22,173,253
718,0,132,158,208,141,115,81,125,235
718,1,182,62,244,93,233,155,205,146
718,2,95,109,29,106,123,27,129,140
718,3,37,235,117,187,233,133,158,128
718,4,58,128,95,142,165,15,222,236
718,5,193,127,47,90,41,79,188,65
718,6,22,60,153,138,206,173,75,226
718,7,117,23,29,64,49,78,147,123
718,8,116,239,180,234,99,77,56,185
718,9,239,164,2,191,36,85,59,197
718,10,198,185,169,125,65,195,188,157
718,11,161,108,189,128,206,86,62,160
718,12,44,74,93,15,128,81,54,145
718,13,147,134,6,61,182,32,154,97
718,14,148,51,32,86,137,124,20,50
718,15,200,162,58,81,31,185,181,87
718,16,133,5,43,80,252,205,106,170
718,17,76,250,87,0,20,172,15,153
718,18,0,179,89,43,161,134,50,163
718,19,20,109,116,26,30,57,205,183
718,20,234,116,239,191,115,83,197,180
718,21,164,239,197,2,191,126,161,255
718,22,198,196,169,255,125,136,113,150
718,23,161,206,128,189,62,86,24,160
718,24,44,74,63,26,93,15,27,235
718,25,134,147,182,6,61,43,32,95
718,26,148,137,51,20,124,10,88,86
718,27,200,181,58,31,81,165,162,87
718,28,133,43,106,111,5,14,80,229
718,29,87,76,0,250,20,153,124,248
718,30,89,179,43,134,226,163,0,15
718,31,116,20,26,109,205,4,75,1
718,32,181,119,90,112,252,53,161,244
718,33,43,93,16,184,83,129,92,140
718,34,82,92,85,26,133,96,52,84
718,35,84,42,57,72,174,160,108,135
718,36,83,20,221,70,217,222,171,64
718,37,88,182,104,229,138,72,190,61
718,38,151,27,23,16,148,168,64,202
718,39,154,217,243,110,46,38,12,162
719,0,95,43,30,238,140,206,200,112
719,1,182,233,244,224,140,211,155,93
719,2,29,27,49,219,60,11,106,188
719,3,117,130,233,199,113,103,174,26
719,4,128,95,5,58,81,165,229,89
719,5,127,43,188,79,110,65,88,41
719,6,60,153,138,22,68,206,65,226
719,7,117,78,23,49,147,184,14,35
719,8,180,239,116,77,173,52,99,56
719,9,164,2,239,36,197,255,59,126
719,10,185,157,198,65,125,196,169,27
719,11,206,108,128,62,161,86,133,160
719,12,74,44,93,221,128,15,145,54
719,13,134,147,6,182,154,32,61,202
719,14,148,137,51,32,86,50,167,52
719,15,200,162,58,181,242,165,185,87
719,16,133,43,80,252,205,106,5,170
719,17,76,87,15,0,57,250,20,5
719,18,43,179,134,226,161,89,163,13
719,19,20,109,12,116,26,167,30,205
719,20,239,116,191,56,115,23,180,83
719,21,197,126,164,2,191,161,239,85
719,22,125,196,198,150,169,185,65,157
719,23,128,206,62,86,189,160,133,47
719,24,44,74,93,220,235,151,221,252
719,25,6,134,32,147,182,130,154,61
719,26,137,51,148,10,86,88,54,103
719,27,165,200,181,58,162,87,46,31
719,28,43,133,106,229,252,80,170,111
719,29,0,87,76,57,20,5,153,124
719,30,89,226,163,43,134,15,179,13
719,31,116,20,109,26,167,205,75,4
719,32,181,119,252,90,112,178,223,160
719,33,43,93,16,83,184,129,231,92
719,34,186,85,26,92,133,1,112,231
719,35,42,72,84,57,160,174,204,108
719,36,83,221,45,20,22,70,217,60
719,37,72,88,138,182,34,229,111,92
719,38,88,248,23,223,180,236,16,55
719,39,238,162,228,166,142,106,223,118
720,0,158,132,140,206,98,95,208,67
720,1,244,93,58,155,205,233,224,182
720,2,95,172,29,27,241,41,46,153
720,3,233,41,158,103,117,225,45,25
720,4,5,58,89,195,130,128,249,153
720,5,127,251,79,188,205,198,76,158
720,6,254,206,226,7,36,236,230,65
720,7,49,30,221,176,36,241,116,47
720,8,239,226,61,56,116,191,99,173
720,9,203,85,126,2,113,161,18,232
720,10,121,196,151,145,243,122,240,178
720,11,204,42,62,160,47,133,83,12
720,12,39,220,221,202,60,169,62,229
720,13,130,6,47,138,66,89,108,31
720,14,25,100,54,52,105,160,10,64
720,15,107,165,162,204,85,100,185,122
720,16,229,7,252,205,24,144,51,113
720,17,64,81,133,145,153,20,158,115
720,18,204,202,78,34,43,234,192,226
720,19,172,171,19,30,55,26,35,125
720,20,226,198,191,27,110,130,180,255
720,21,85,49,203,71,35,8,150,128
720,22,116,160,178,122,196,176,207,157
720,23,83,80,204,14,76,145,107,160
720,24,202,229,220,221,145,48,40,239
720,25,130,4,66,13,64,118,70,108
720,26,25,100,54,99,161,78,167,137
720,27,107,204,165,129,100,122,102,154
720,28,7,74,163,24,229,130,94,103
720,29,81,158,248,150,8,242,108,20
720,30,34,176,29,52,13,192,78,22
720,31,171,172,129,30,67,92,35,94
720,32,68,33,155,215,112,117,252,13
720,33,192,74,215,241,184,72,203,220
720,34,16,247,140,144,1,51,236,85
720,35,28,56,97,169,84,227,108,183
720,36,73,176,157,156,189,25,110,64
720,37,35,7,58,105,82,130,157,97
720,38,103,120,117,233,151,100,191,159
720,39,120,198,162,164,201,154,37,223
721,0,41,43,238,173,30,86,89,147
721,1,182,244,155,233,93,140,205,224
721,2,95,29,49,20,27,60,11,172
721,3,41,233,103,117,4,178,113,199
721,4,5,165,193,62,229,163,89,130
721,5,127,110,188,43,198,205,230,79
721,6,60,230,208,68,138,97,81,133
721,7,117,221,145,112,155,176,136,78
721,8,116,239,104,237,185,99,56,137
721,9,113,25,2,126,255,200,53,197
721,10,157,215,151,185,93,65,121,179
721,11,133,47,62,206,108,39,76,204
721,12,169,220,199,44,102,221,213,34
721,13,6,134,138,182,78,52,108,89
721,14,52,118,10,137,148,88,106,160
721,15,165,162,46,72,184,4,58,147
721,16,243,252,229,120,170,205,43,7
721,17,20,5,153,15,64,158,35,115
721,18,169,226,204,192,43,131,197,15
721,19,30,229,26,167,109,171,177,172
721,20,191,239,116,185,115,226,61,194
721,21,85,113,203,197,2,155,198,200
721,22,234,196,157,178,150,118,243,60
721,23,133,14,111,62,83,107,160,204
721,24,220,39,145,187,199,221,60,53
721,25,130,13,253,6,66,134,32,182
721,26,137,54,167,52,10,159,86,12
721,27,165,162,46,58,181,172,204,217
721,28,80,252,229,106,43,111,170,210
721,29,158,153,248,35,20,242,5,124
721,30,226,13,134,133,34,43,192,52
721,31,63,167,26,184,17,246,177,125
721,32,223,119,240,181,252,90,178,187
721,33,231,16,83,93,39,67,129,74
721,34,112,85,116,26,1,63,142,92
721,35,174,97,42,149,59,225,198,203
721,36,22,221,83,76,106,165,64,224
721,37,71,118,138,98,202,160,72,240
721,38,149,120,248,131,252,159,249,117
721,39,162,22,106,45,93,24,56,229
722,0,70,4,147,199,236,151,238,211
722,1,211,205,124,19,167,170,118,149
722,2,60,49,106,95,253,11,3,1
722,3,219,41,159,103,25,121,174,119
722,4,195,5,89,193,227,246,192,87
722,5,188,251,127,198,110,155,205,79
722,6,230,199,97,206,36,254,63,137
722,7,142,155,47,136,221,25,176,112
722,8,226,185,239,191,61,141,218,237
722,9,127,232,63,113,126,122,112,25
722,10,215,236,203,145,14,44,60,243
722,11,204,42,160,135,56,12,162,88
722,12,202,213,79,169,221,18,83,68
722,13,130,118,120,229,175,31,78,45
722,14,25,100,54,121,105,29,160,159
722,15,107,204,122,85,205,147,73,4
722,16,7,24,74,229,113,39,93,205
722,17,81,133,108,145,4,2,85,105
722,18,202,78,77,29,34,124,137,76
722,19,171,172,19,55,125,103,129,30
722,20,226,198,110,130,90,14,22,148
722,21,85,49,204,150,146,230,88,177
722,22,116,160,178,207,122,168,234,131
722,23,80,83,204,98,252,72,184,91
722,24,229,202,116,50,255,5,220,39
722,25,130,67,4,50,118,0,70,157
722,26,25,100,99,54,78,252,44,106
722,27,122,100,107,165,129,149,147,162
722,28,7,24,228,170,74,205,163,89
722,29,150,158,165,60,36,18,108,127
722,30,60,61,31,52,13,156,108,137
722,31,154,63,241,204,79,148,69,167
722,32,19,240,157,92,9,101,123,142
722,33,231,16,74,39,95,252,67,157
722,34,112,63,166,191,214,219,40,251
722,35,43,59,44,174,97,225,28,170
722,36,22,221,138,106,73,76,165,83
722,37,160,130,92,69,240,34,4,71
722,38,120,242,248,87,252,0,156,132
722,39,21,162,166,106,22,65,107,86
723,0,206,255,30,79,246,181,168,95
723,1,94,16,107,219,133,224,234,172
723,2,20,97,153,233,1,106,46,41
723,3,119,178,49,244,85,162,222,237
723,4,195,87,5,184,97,150,174,20
723,5,79,198,32,127,158,159,111,251
723,6,230,254,206,21,199,236,36,226
723,7,30,116,47,49,142,221,198,245
723,8,226,198,63,191,214,239,130,123
723,9,203,49,85,100,44,114,50,134
723,10,176,178,122,219,240,116,124,78
723,11,83,204,42,160,56,12,14,88
723,12,202,40,60,229,221,25,50,220
723,13,130,47,90,229,44,78,180,49
723,14,25,100,105,54,12,121,3,161
723,15,107,122,15,204,165,100,64,129
723,16,24,7,234,205,229,60,144,228
723,17,81,133,108,4,145,64,153,8
723,18,202,78,34,29,77,108,226,124
723,19,171,172,19,55,30,125,129,103
723,20,226,110,198,178,36,108,194,130
723,21,85,49,204,71,8,200,150,134
723,22,116,160,178,122,207,199,168,208
723,23,80,83,204,45,187,102,213,14
723,24,229,202,50,48,116,3,145,255
723,25,130,4,67,167,64,70,227,180
723,26,25,100,78,54,99,252,216,44
723,27,107,122,100,149,129,108,204,128
723,28,74,7,228,24,89,103,94,175
723,29,150,108,165,60,158,8,30,127
723,30,122,52,29,60,100,108,34,176
723,31,67,92,171,94,148,177,30,14
723,32,68,33,101,43,155,209,244,82
723,33,192,75,74,5,215,198,4,184
723,34,16,247,177,251,182,140,108,144
723,35,28,56,64,97,108,169,229,183
723,36,176,157,156,110,235,189,105,165
723,37,35,165,26,219,97,7,105,108
723,38,103,128,206,120,233,16,147,159
723,39,42,146,164,227,91,223,37,198
724,0,95,5,25,204,147,42,252,19
724,1,16,224,133,94,107,162,172,46
724,2,97,167,218,106,253,20,46,72
724,3,26,233,230,103,117,119,25,199
724,4,9,67,195,250,5,144,89,72
724,5,188,251,127,43,90,198,158,155
724,6,138,60,79,133,14,230,143,65
724,7,176,112,35,117,76,147,36,229
724,8,116,239,185,56,61,191,180,52
724,9,197,160,126,85,2,255,198,161
724,10,157,173,185,234,122,139,196,229
724,11,133,204,47,108,120,62,14,228
724,12,220,249,44,131,54,39,81,221
724,13,6,134,138,21,130,108,182,211
724,14,52,86,10,147,137,148,106,118
724,15,162,165,213,46,37,181,172,204
724,16,252,120,243,43,205,229,156,170
724,17,5,20,158,57,87,15,153,64
724,18,226,192,43,204,197,131,169,161
724,19,167,229,30,12,109,26,120,36
724,20,191,239,115,116,185,226,180,110
724,21,203,85,2,126,198,155,197,120
724,22,157,196,173,234,150,178,243,65
724,23,14,133,204,62,39,111,83,181
724,24,220,39,43,145,54,221,192,93
724,25,130,6,21,13,134,182,66,220
724,26,54,86,137,118,10,106,159,167
724,27,162,172,165,204,46,107,58,100
724,28,252,43,7,111,170,80,120,205
724,29,5,158,20,242,35,248,81,8
724,30,226,192,29,13,34,52,197,118
724,31,167,30,171,229,12,128,124,35
724,32,223,68,155,158,178,2,215,245
724,33,74,215,16,83,220,72,241,129
724,34,1,241,116,63,236,247,251,85
724,35,97,84,227,28,56,129,169,108
724,36,157,70,73,83,189,156,176,119
724,37,35,82,58,44,7,26,75,175
724,38,230,92,34,76,148,0,151,255
724,39,189,238,160,2,38,242,78,248
725,0,11,101,209,197,35,30,79,210
725,1,155,107,181,47,118,70,152,197
725,2,97,20,253,218,46,152,43,167
725,3,233,117,236,178,25,26,119,199
725,4,20,5,9,62,195,144,72,193
725,5,220,198,188,127,159,251,15,158
725,6,230,133,254,65,137,98,118,156
725,7,112,176,47,36,30,116,136,204
725,8,239,226,191,61,198,116,185,237
725,9,203,85,126,113,169,150,2,44
725,10,122,215,151,157,121,178,195,182
725,11,204,14,83,88,42,181,51,228
725,12,220,202,60,62,221,102,145,53
725,13,130,138,78,204,66,108,118,47
725,14,25,54,100,52,105,29,160,161
725,15,107,204,165,162,122,100,147,85
725,16,7,229,205,252,24,32,170,144
725,17,64,81,145,133,248,115,95,20
725,18,204,34,192,52,30,230,234,60
725,19,172,171,35,229,26,30,79,233
725,20,226,191,198,107,205,115,10,81
725,21,85,228,35,200,100,177,156,49
725,22,122,178,215,157,207,136,68,227
725,23,83,14,204,145,39,160,64,78
725,24,202,193,199,145,43,106,60,64
725,25,130,13,200,204,20,64,4,132
725,26,54,25,100,244,154,41,159,209
725,27,107,204,241,233,36,198,129,164
725,28,7,149,152,252,205,28,163,108
725,29,81,158,248,242,35,5,65,26
725,30,176,34,29,78,52,13,38,170
725,31,229,171,172,167,35,128,139,129
725,32,68,155,223,158,194,215,27,98
725,33,74,190,241,215,72,119,220,136
725,34,116,247,236,1,51,251,144,169
725,35,97,84,169,56,227,224,28,31
725,36,73,70,157,156,176,189,207,166
725,37,58,35,82,7,44,219,26,75
725,38,92,230,34,148,76,151,255,79
725,39,2,189,38,78,160,248,242,213
726,0,144,92,155,147,188,236,111,62
726,1,195,83,198,95,124,191,211,167
726,2,60,92,188,255,158,79,253,86
726,3,25,197,177,159,155,11,199,225
726,4,98,94,8,77,154,88,192,134
726,5,251,115,183,198,60,158,62,120
726,6,156,14,79,92,43,143,84,209
726,7,181,36,116,108,37,76,198,30
726,8,226,107,198,191,178,61,52,130
726,9,44,156,85,120,161,150,198,100
726,10,122,207,178,111,234,116,196,9
726,11,83,153,145,14,204,3,111,225
726,12,39,220,145,65,202,221,193,49
726,13,130,13,210,47,219,108,125,188
726,14,52,54,25,100,160,64,57,167
726,15,248,107,204,213,165,122,162,147
726,16,230,243,252,7,170,205,229,32
726,17,20,115,145,64,236,81,158,35
726,18,69,204,192,176,52,76,234,34
726,19,229,171,30,233,172,35,177,26
726,20,226,191,198,159,107,110,130,61
726,21,156,85,100,63,8,150,198,228
726,22,122,0,9,207,215,178,157,124
726,23,14,83,153,145,99,15,204,130
726,24,106,202,193,145,39,73,220,239
726,25,130,13,210,200,20,4,250,66
726,26,54,100,25,137,150,118,105,161
726,27,248,107,204,164,254,129,241,198
726,28,7,230,152,54,243,252,28,24
726,29,81,65,158,20,236,35,242,108
726,30,176,34,29,69,78,204,52,13
726,31,172,128,171,229,35,233,51,221
726,32,68,146,155,195,215,19,86,194
726,33,119,75,74,37,97,94,189,136
726,34,212,255,204,118,144,187,236,247
726,35,169,227,97,56,84,28,129,31
726,36,73,8,234,157,72,166,156,189
726,37,115,29,44,7,82,229,88,58
726,38,255,230,92,46,93,76,22,120
726,39,189,23,68,108,16,2,129,146
727,0,79,83,59,108,135,88,61,57
727,1,182,40,48,146,140,143,192,234
727,2,20,169,120,8,158,36,39,252
727,3,106,129,29,110,226,75,150,151
727,4,165,171,247,195,96,5,150,129
727,5,198,87,250,151,231,251,32,159
727,6,156,145,255,180,14,182,160,76
727,7,191,36,156,116,204,49,184,164
727,8,226,198,179,191,237,107,67,141
727,9,152,169,69,180,44,150,114,66
727,10,88,122,194,124,86,39,34,230
727,11,39,83,14,188,108,63,162,160
727,12,211,145,106,169,134,151,144,202
727,13,112,103,130,47,20,210,204,243
727,14,25,229,55,105,118,100,125,29
727,15,213,183,36,107,127,225,85,4
727,16,144,243,7,113,61,160,174,70
727,17,248,64,65,81,133,198,46,242
727,18,170,204,34,234,122,176,35,13
727,19,200,229,215,172,166,35,26,153
727,20,226,191,198,205,115,179,253,150
727,21,69,169,152,180,100,114,241,177
727,22,88,230,122,65,77,124,203,231
727,23,83,39,19,14,188,160,99,107
727,24,169,151,202,145,60,211,123,193
727,25,112,130,103,13,220,64,4,89
727,26,25,100,54,149,229,33,226,191
727,27,183,107,72,15,47,92,164,175
727,28,144,61,126,113,77,160,87,243
727,29,81,52,108,248,179,242,133,35
727,30,234,78,34,202,170,120,176,52
727,31,172,200,0,103,92,19,191,166
727,32,60,225,25,23,227,228,53,27
727,33,33,78,76,108,241,67,210,158
727,34,52,174,118,134,42,142,169,151
727,35,84,211,91,169,21,207,123,139
727,36,96,238,72,102,124,225,3,50
727,37,116,230,29,205,44,88,239,131
727,38,108,199,89,57,36,216,223,78
727,39,50,95,236,108,96,142,105,247
728,0,24,40,225,23,71,21,109,169
728,1,205,127,56,67,202,72,167,196
728,2,32,79,8,188,124,158,11,221
728,3,242,109,104,71,159,151,225,131
728,4,233,134,77,57,33,132,186,114
728,5,60,95,119,246,233,126,251,65
728,6,233,132,255,213,171,180,236,145
728,7,30,6,116,252,178,75,13,198
728,8,226,198,63,191,108,123,179,107
728,9,44,49,169,134,50,8,150,109
728,10,230,124,95,87,70,122,141,217
728,11,83,188,204,160,245,124,63,108
728,12,60,50,202,48,239,208,211,64
728,13,180,130,13,47,179,0,112,185
728,14,25,100,105,125,54,21,30,123
728,15,107,122,204,138,42,4,198,85
728,16,144,7,59,217,113,252,65,102
728,17,18,248,64,81,145,46,65,133
728,18,108,34,51,176,202,234,78,94
728,19,200,172,35,246,173,11,215,177
728,20,226,56,191,150,198,178,179,217
728,21,121,71,109,169,35,72,154,152
728,22,230,217,203,65,77,124,70,177
728,23,83,19,204,188,160,144,58,14
728,24,169,145,202,48,58,151,188,177
728,25,180,130,132,4,206,13,64,234
728,26,25,100,9,223,166,229,197,170
728,27,47,107,72,183,70,122,108,127
728,28,144,243,113,77,160,225,126,89
728,29,52,81,179,108,35,107,242,226
728,30,120,234,202,78,34,96,176,24
728,31,200,0,172,103,92,165,19,1
728,32,225,228,23,25,137,6,149,68
728,33,78,76,165,108,30,158,61,67
728,34,174,42,52,134,118,3,169,138
728,35,91,169,207,84,211,252,139,17
728,36,96,72,238,73,200,52,225,76
728,37,230,29,205,44,198,170,109,127
728,38,199,89,108,57,193,223,159,248
728,39,108,230,236,157,8,98,63,105
